fecha_despacho_efectivo,fecha_despacho_programado,despacho_confirmado,fecha_despacho_difiere_de_programado,distrito_nombre,producto_despachado,cantidad_despachada,unidad,cliente,placa_despacho,familia,familia_codigo,ambito,fecha_despacho_efectivo_hora
2026-09-12,2026-09-12,True,False,Cochabamba,GLP DISTRIB. 10 KILOS NAL,6000.0,L,FERRO GAS - BERTHA CAMACHO RICALDEZ DE FERRUFINO,4263-LRB,GLP,GLP,,
2026-09-12,2026-09-12,True,False,Cochabamba,GLP DISTRIB. 45 KILOS NAL,3600.0,L,DIST. GLP SOCIEDAD PETROLERA SANTA ELENA S.R.L.,4104-FLR,GLP,GLP,,
2026-09-12,2026-09-12,True,False,Cochabamba,GLP DISTRIB. 10 KILOS NAL,6000.0,L,DIST. GLP SOCIEDAD PETROLERA SANTA ELENA S.R.L.,1222-ICT,GLP,GLP,,
2026-09-12,2026-09-12,True,False,Cochabamba,GLP DISTRIB. 10 KILOS NAL,6000.0,L,"DIST.GLP""VILOMA GAS"" E.ARANDIA",1545-HTG,GLP,GLP,,
2026-09-12,2026-09-12,True,False,Cochabamba,GLP DISTRIB. 10 KILOS NAL,6000.0,L,"DIST. PROV. GLP ""ARANDIA GAS S.R.L.""",545 RFA,GLP,GLP,,
2026-09-12,2026-09-12,True,False,Cochabamba,GLP DISTRIB. 10 KILOS NAL,6000.0,L,"DIST. PROV.GLP ""SIPE SIPE GAS""",3103-ZPG,GLP,GLP,,
2026-09-12,2026-09-12,True,False,Cochabamba,GLP DISTRIB. 10 KILOS NAL,6000.0,L,"DIST. GLP ""DISBOGAS"" - JENNY PETRONA SALAMANCA VILLAFUERTE",1180-LXE,GLP,GLP,,
2026-09-12,2026-09-12,True,False,Cochabamba,GLP DISTRIB. 10 KILOS NAL,6000.0,L,"COOPERATIVA DE SERVICIOS DE DISTRIBUCION DE GAS LICUADO ""CANDELARIA"" R.L.",1395 FKG,GLP,GLP,,
2026-09-12,2026-09-12,True,False,Cochabamba,GLP DISTRIB. 10 KILOS NAL,6000.0,L,"DIST.GLP""NOE GAS""M.HINOJOSA R.",1488-FKC,GLP,GLP,,
2026-09-12,2026-09-12,True,False,Cochabamba,GLP DISTRIB. 10 KILOS NAL,6000.0,L,"DIST. PROV. GLP ""PREMIUN GAS"" - EDUARDO ZENTENO E.",823-SZB,GLP,GLP,,
2026-09-12,2026-09-12,True,False,Cochabamba,GLP DISTRIB. 10 KILOS NAL,6000.0,L,"DIST. GLP ""EDMUNDO GAS"" - EDMUNDO QUIROZ TAPIA",2316-FED,GLP,GLP,,
2026-09-12,2026-09-12,True,False,Cochabamba,GLP DISTRIB. 10 KILOS NAL,6000.0,L,"DIST. PROV. GLP ""COTA GAS"" - NELSON OLMOS",1717-RZX,GLP,GLP,,
2026-09-12,2026-09-12,True,False,Cochabamba,GLP DISTRIB. 10 KILOS NAL,6000.0,L,"DIST. GLP""SARCO GAS""M.FELIPEZ",1058-FGN,GLP,GLP,,
2026-09-12,2026-09-12,True,False,Cochabamba,GLP DISTRIB. 10 KILOS NAL,6000.0,L,"DIST. PROV. GLP ""COLOMI GAS""",851 FRG,GLP,GLP,,
2026-09-12,2026-09-12,True,False,Cochabamba,GLP DISTRIB. 10 KILOS NAL,6000.0,L,"DIST. GLP ""CAPI GAS"" - GONZALO SOLIZ GUTIERREZ",3471-CST,GLP,GLP,,
2026-09-12,2026-09-12,True,False,Cochabamba,GLP DISTRIB. 10 KILOS NAL,6000.0,L,"DIST. GLP ""ADRIAZOL GAS""",1724-PZE,GLP,GLP,,
2026-09-12,2026-09-12,True,False,Cochabamba,GLP DISTRIB. 10 KILOS NAL,6000.0,L,DIST. GLP NUESTRO GAS-JONSON RICHARD LIMA FLORERO,043-SKD,GLP,GLP,,
2026-09-12,2026-09-12,True,False,Cochabamba,GLP DISTRIB. 10 KILOS NAL,6000.0,L,A TODO GAS S.R.L.,489-PZH,GLP,GLP,,
2026-09-12,2026-09-12,True,False,Cochabamba,GLP DISTRIB. 10 KILOS NAL,6000.0,L,"DIST. GLP ""BIO GAS"" - ANA MARIA ROMERO DE TORRICO",620-FET,GLP,GLP,,
2026-09-12,2026-09-12,True,False,Cochabamba,GLP DISTRIB. 10 KILOS NAL,6000.0,L,"DIST. GLP ""EXTRA GAS"" - MARIO CORDOVA PINTO",410-BCK,GLP,GLP,,
2026-09-11,2026-09-11,True,False,Cochabamba,GLP DISTRIB. 10 KILOS NAL,6000.0,L,"DIST. PROV.GLP ""ESPERANZA GAS""",2294-ZGC,GLP,GLP,,
2026-09-11,2026-09-11,True,False,Cochabamba,GLP DISTRIB. 10 KILOS NAL,6000.0,L,ROSI GAS - ROXANA ESPINOZA PRADO,509-PFL,GLP,GLP,,
2026-09-11,2026-09-11,True,False,Cochabamba,GLP DISTRIB. 10 KILOS NAL,6000.0,L,FERRO GAS - BERTHA CAMACHO RICALDEZ DE FERRUFINO,4263-LRB,GLP,GLP,,
2026-09-11,2026-09-11,True,False,Cochabamba,DIESEL OIL NACIONAL EESS,10000.0,L,"EST. DE SERV. ""COMERCIALIZADORA QK S.R.L.""",1469-DIF,Diesel Oil Nacional,DIESEL_NACIONAL,,
2026-09-11,2026-09-11,True,False,Cochabamba,DIESEL OIL NACIONAL EESS,14000.0,L,TERMINAL DE BUSES COCHABAMBA S.A.,2043-SRX,Diesel Oil Nacional,DIESEL_NACIONAL,,
2026-09-11,2026-09-11,True,False,Cochabamba,DIESEL OIL NACIONAL EESS,24000.0,L,"EST. DE SERV. ""DISEL S.R.L. I""",3079 GRD,Diesel Oil Nacional,DIESEL_NACIONAL,,
2026-09-11,2026-09-11,True,False,Cochabamba,DIESEL OIL NACIONAL EESS,8000.0,L,"EST. DE SERV. ""NISSAN"" - SIMON FERRUFINO",2185-YCD,Diesel Oil Nacional,DIESEL_NACIONAL,,
2026-09-11,2026-09-11,True,False,Cochabamba,DIESEL OIL NACIONAL EESS,20000.0,L,"EST. DE SERV. ""PARAJE 24.7 SRL""",623-GGF,Diesel Oil Nacional,DIESEL_NACIONAL,,
2026-09-11,2026-09-11,True,False,Cochabamba,DIESEL OIL NACIONAL EESS,8000.0,L,"EST. DE SERV. ""SANTA MONICA"" S.R.L.",5710 ABA,Diesel Oil Nacional,DIESEL_NACIONAL,,
2026-09-11,2026-09-11,True,False,Cochabamba,DIESEL OIL NACIONAL EESS,11000.0,L,"EST. DE SERV. ""AEROPUERTO S.R.L.""",5710 ABA,Diesel Oil Nacional,DIESEL_NACIONAL,,
2026-09-11,2026-09-11,True,False,Cochabamba,DIESEL OIL NACIONAL EESS,18000.0,L,"EST. DE SERV. ""VILLA OBRAJES""",1057-RCA,Diesel Oil Nacional,DIESEL_NACIONAL,,
2026-09-11,2026-09-11,True,False,Cochabamba,DIESEL OIL NACIONAL EESS,18000.0,L,IMBRANJO S.R.L.,2337 IRB,Diesel Oil Nacional,DIESEL_NACIONAL,,
2026-09-11,2026-09-11,True,False,Cochabamba,DIESEL OIL NACIONAL EESS,24000.0,L,"EST. DE SERV. ""SAN JORGE CBBA S.R.L.""",1543-IXY,Diesel Oil Nacional,DIESEL_NACIONAL,,
2026-09-11,2026-09-11,True,False,Cochabamba,DIESEL OIL NACIONAL EESS,20000.0,L,"EST. DE SERV. ""SIPE SIPE S.R.L.""",4745-NHS,Diesel Oil Nacional,DIESEL_NACIONAL,,
2026-09-11,2026-09-11,True,False,Cochabamba,DIESEL OIL NACIONAL EESS,8000.0,L,"EST. DE SERV. ""SENOR SANTIAGO"" - E. DELGADILLO",2049-AXA,Diesel Oil Nacional,DIESEL_NACIONAL,,
2026-09-11,2026-09-11,True,False,Cochabamba,DIESEL OIL NACIONAL EESS,8000.0,L,"EST. DE SERV. ""MAX MAMANGUENO"" - E. MELGAREJO",945-CTP,Diesel Oil Nacional,DIESEL_NACIONAL,,
2026-09-11,2026-09-11,True,False,Cochabamba,DIESEL OIL NACIONAL EESS,5000.0,L,"EST. DE SERV. ""COCHABAMBA""",1442-GKB,Diesel Oil Nacional,DIESEL_NACIONAL,,
2026-09-11,2026-09-11,True,False,Cochabamba,DIESEL OIL NACIONAL EESS,10000.0,L,"EST. DE SERV. ""RIOJA""",2049-AXA,Diesel Oil Nacional,DIESEL_NACIONAL,,
2026-09-11,2026-09-11,True,False,Cochabamba,DIESEL OIL NACIONAL EESS,11000.0,L,"EST. DE SERV. ""SAN JUAN BAUTISTA S.R.L.""",390-PEA,Diesel Oil Nacional,DIESEL_NACIONAL,,
2026-09-11,2026-09-11,True,False,Cochabamba,DIESEL OIL NACIONAL EESS,11000.0,L,"EST. DE SERV. ""ISABEL CHAVEZ""",813-NDX,Diesel Oil Nacional,DIESEL_NACIONAL,,
2026-09-11,2026-09-11,True,False,Cochabamba,DIESEL OIL NACIONAL EESS,19000.0,L,ESTACION DE SERVICIO ANITA,2741-BFG,Diesel Oil Nacional,DIESEL_NACIONAL,,
2026-09-11,2026-09-11,True,False,Cochabamba,DIESEL OIL NACIONAL EESS,13000.0,L,"EST. DE SERV. ""COCHABAMBA S.R.L. SUC. 1""",1442-GKB,Diesel Oil Nacional,DIESEL_NACIONAL,,
2026-09-11,2026-09-11,True,False,Cochabamba,DIESEL OIL NACIONAL EESS,10000.0,L,"EST. DE SERV. ""CIRCUITO BOLIVIA S.A.""",390-PEA,Diesel Oil Nacional,DIESEL_NACIONAL,,
2026-09-11,2026-09-11,True,False,Cochabamba,DIESEL OIL NACIONAL EESS,22000.0,L,"EST. DE SERV. ""MONTERREY S.R.L.""",2559-XTU,Diesel Oil Nacional,DIESEL_NACIONAL,,
2026-09-11,2026-09-11,True,False,Cochabamba,DIESEL OIL NACIONAL EESS,26000.0,L,ESTACION DE SERVICIO LOS ALAMOS S.R.L.,5715 CHX,Diesel Oil Nacional,DIESEL_NACIONAL,,
2026-09-11,2026-09-11,True,False,Cochabamba,DIESEL OIL NACIONAL EESS,6000.0,L,"EST. DE SERV. ""TIQUIPAYA"" - VENICIA ALANEZ JIMENES",3785-SDC,Diesel Oil Nacional,DIESEL_NACIONAL,,
2026-09-11,2026-09-11,True,False,Cochabamba,DIESEL OIL NACIONAL EESS,6000.0,L,"EST. DE SERV. ""EL MANANTIAL SRL""",1036-RZH,Diesel Oil Nacional,DIESEL_NACIONAL,,
2026-09-11,2026-09-11,True,False,Cochabamba,DIESEL OIL NACIONAL EESS,20000.0,L,"EST. DE SERV. ""CHIMBOCO""",679-RCN,Diesel Oil Nacional,DIESEL_NACIONAL,,
2026-09-11,2026-09-11,True,False,Cochabamba,DIESEL OIL NACIONAL EESS,8000.0,L,"EST. DE SERV. ""EL CRISTO"" - CRISTIAN SABAG",2318-SZS,Diesel Oil Nacional,DIESEL_NACIONAL,,
2026-09-11,2026-09-11,True,False,Cochabamba,DIESEL OIL NACIONAL EESS,15000.0,L,ESTACION DE SERVICIO TICTI S.R.L.,3824-IAF,Diesel Oil Nacional,DIESEL_NACIONAL,,
2026-09-11,2026-09-11,True,False,Cochabamba,GLP DISTRIB. 10 KILOS NAL,6000.0,L,DIST. GLP SOCIEDAD PETROLERA SANTA ELENA S.R.L.,1222-ICT,GLP,GLP,,
2026-09-11,2026-09-11,True,False,Cochabamba,GLP DISTRIB. 10 KILOS NAL,6000.0,L,"DIST.GLP""VILOMA GAS"" E.ARANDIA",2926-PGF,GLP,GLP,,
2026-09-11,2026-09-11,True,False,Cochabamba,GLP DISTRIB. 10 KILOS NAL,6000.0,L,"DIST. GLP ""CAPI GAS"" - GONZALO SOLIZ GUTIERREZ",3471-CST,GLP,GLP,,
2026-09-11,2026-09-11,True,False,Cochabamba,GLP DISTRIB. 10 KILOS NAL,6000.0,L,"DIST. PROV. GLP ""ARANDIA GAS S.R.L.""",545 RFA,GLP,GLP,,
2026-09-11,2026-09-11,True,False,Cochabamba,GLP DISTRIB. 10 KILOS NAL,6000.0,L,DIST. GLP NUESTRO GAS-JONSON RICHARD LIMA FLORERO,2499-XPC,GLP,GLP,,
2026-09-11,2026-09-11,True,False,Cochabamba,GLP DISTRIB. 45 KILOS NAL,1800.0,L,DIST. GLP NUESTRO GAS-JONSON RICHARD LIMA FLORERO,1662-CGP,GLP,GLP,,
2026-09-11,2026-09-11,True,False,Cochabamba,GLP DISTRIB. 10 KILOS NAL,6000.0,L,A TODO GAS S.R.L.,085-PFB,GLP,GLP,,
2026-09-11,2026-09-11,True,False,Cochabamba,GLP DISTRIB. 10 KILOS NAL,6000.0,L,CBA GAS S.A.,3131 KLD,GLP,GLP,,
2026-09-11,2026-09-11,True,False,Cochabamba,GLP DISTRIB. 10 KILOS NAL,6000.0,L,"DIST. GLP ""BIO GAS"" - ANA MARIA ROMERO DE TORRICO",732-IHT,GLP,GLP,,
2026-09-11,2026-09-11,True,False,Cochabamba,GLP DISTRIB. 10 KILOS NAL,6000.0,L,"DIST. GLP""SARCO GAS""M.FELIPEZ",1058-FGN,GLP,GLP,,
2026-09-11,2026-09-11,True,False,Cochabamba,GLP DISTRIB. 45 KILOS NAL,3600.0,L,DIST. GLP SOCIEDAD PETROLERA SANTA ELENA S.R.L.,4104-FLR,GLP,GLP,,
2026-09-11,2026-09-11,True,False,Cochabamba,GLP DISTRIB. 10 KILOS NAL,6000.0,L,"DIST. GLP ""EDMUNDO GAS"" - EDMUNDO QUIROZ TAPIA",2316-FED,GLP,GLP,,
2026-09-11,2026-09-11,True,False,Cochabamba,GLP DISTRIB. 10 KILOS NAL,6000.0,L,"DIST.GLP""NOE GAS""M.HINOJOSA R.",1488-FKC,GLP,GLP,,
2026-09-11,2026-09-11,True,False,Cochabamba,GLP DISTRIB. 10 KILOS NAL,6000.0,L,"DIST. PROV.GLP ""SIPE SIPE GAS""",3103-ZPG,GLP,GLP,,
2026-09-11,2026-09-11,True,False,Cochabamba,GLP DISTRIB. 10 KILOS NAL,6000.0,L,"DIST. PROV. GLP ""PREMIUN GAS"" - EDUARDO ZENTENO E.",823-SZB,GLP,GLP,,
2026-09-11,2026-09-11,True,False,Cochabamba,GLP DISTRIB. 10 KILOS NAL,6000.0,L,"DIST. GLP ""EXTRA GAS"" - MARIO CORDOVA PINTO",1121-ZIT,GLP,GLP,,
2026-09-11,2026-09-11,True,False,Cochabamba,GLP DISTRIB. 10 KILOS NAL,6000.0,L,FAS GAS,1813-DZB,GLP,GLP,,
2026-09-11,2026-09-11,True,False,Cochabamba,GLP DISTRIB. 10 KILOS NAL,6000.0,L,"DIST. PROV. GLP ""VADIGAS""",936-ZPY,GLP,GLP,,
2026-09-11,2026-09-11,True,False,Cochabamba,GLP DISTRIB. 45 KILOS NAL,2250.0,L,CBA GAS S.A.,1190-EXH,GLP,GLP,,
2026-09-11,2026-09-11,True,False,Cochabamba,GLP DISTRIB. 10 KILOS NAL,6000.0,L,"DIST. GLP ""SANTIVANEZ GAS"" - JUVENAL ZENTENO ESPINOZA",1278-XGK,GLP,GLP,,
2026-09-11,2026-09-11,True,False,Cochabamba,GLP DISTRIB. 10 KILOS NAL,6000.0,L,"DIST. PROV. GLP ""COTA GAS"" - NELSON OLMOS",1717-RZX,GLP,GLP,,
2026-09-11,2026-09-11,True,False,Cochabamba,GLP DISTRIB. 10 KILOS NAL,6000.0,L,"DIST. GLP ""ADRIAZOL GAS""",1724-PZE,GLP,GLP,,
2026-09-11,2026-09-11,True,False,Cochabamba,GLP DISTRIB. 10 KILOS NAL,6000.0,L,"DIST. GLP ""DISBOGAS"" - JENNY PETRONA SALAMANCA VILLAFUERTE",1180-LXE,GLP,GLP,,
2026-09-11,2026-09-11,True,False,Cochabamba,GLP DISTRIB. 10 KILOS NAL,6000.0,L,"COOPERATIVA DE SERVICIOS DE DISTRIBUCION DE GAS LICUADO ""CANDELARIA"" R.L.",1395 FKG,GLP,GLP,,
2026-09-01,2026-09-01,True,False,Cochabamba,GASOLINA ESPECIAL + EESS,9000.0,L,CENTRO DE SERVICIOS VALLEPUNATA S.R.L.,813-NDX,Gasolina Especial +,GASOLINA_ESPECIAL_MAS,,
2026-09-01,2026-09-01,True,False,Cochabamba,DIESEL OIL NACIONAL EESS,6000.0,L,CENTRO DE SERVICIOS VALLEPUNATA S.R.L.,813-NDX,Diesel Oil Nacional,DIESEL_NACIONAL,,
2026-09-01,2026-09-01,True,False,Cochabamba,DIESEL OIL NACIONAL EESS,14000.0,L,"EST. DE SERV. ""PETROGAS S.R.L.""",3147-FHD,Diesel Oil Nacional,DIESEL_NACIONAL,,
2026-09-01,2026-09-01,True,False,Cochabamba,GASOLINA ESPECIAL + EESS,6000.0,L,"EST. DE SERV. ""PETROGAS S.R.L.""",4430-YZE,Gasolina Especial +,GASOLINA_ESPECIAL_MAS,,
2026-09-01,2026-09-01,True,False,Cochabamba,GASOLINA ESPECIAL + EESS,12000.0,L,"EST. DE SERV. ""AYACUCHO""",4430-YZE,Gasolina Especial +,GASOLINA_ESPECIAL_MAS,,
2026-09-01,2026-09-01,True,False,Cochabamba,GASOLINA ESPECIAL + EESS,14000.0,L,"EST. DE SERV. ""COCHABAMBA""",5715 CHX,Gasolina Especial +,GASOLINA_ESPECIAL_MAS,,
2026-09-01,2026-09-01,True,False,Cochabamba,GASOLINA ESPECIAL + EESS,12000.0,L,ESTACION DE SERVICIO CAPITAN VICTOR USTARIZ S.R.L.,6227-DDT,Gasolina Especial +,GASOLINA_ESPECIAL_MAS,,
2026-09-01,2026-09-01,True,False,Cochabamba,GASOLINA ESPECIAL + EESS,12000.0,L,"EST. DE SERV. ""COCHABAMBA S.R.L. SUC. 1""",4031-GBK,Gasolina Especial +,GASOLINA_ESPECIAL_MAS,,
2026-09-01,2026-09-01,True,False,Cochabamba,GASOLINA ESPECIAL + EESS,12000.0,L,"EST. DE SERV. ""COCHABAMBA S.R.L. SUC. 2""",6227-DDT,Gasolina Especial +,GASOLINA_ESPECIAL_MAS,,
2026-09-01,2026-09-01,True,False,Cochabamba,GASOLINA ESPECIAL + EESS,6000.0,L,"EST. DE SERV. ""LA PATRIA S.R.L.""",1815 SSN,Gasolina Especial +,GASOLINA_ESPECIAL_MAS,,
2026-09-01,2026-09-01,True,False,Cochabamba,DIESEL OIL NACIONAL EESS,6000.0,L,"EST. DE SERV. ""REFINERIA""- SIMON RODRIGO FERRUFINO",1815 SSN,Diesel Oil Nacional,DIESEL_NACIONAL,,
2026-09-01,2026-09-01,True,False,Cochabamba,GASOLINA ESPECIAL + EESS,6000.0,L,"EST. DE SERV. ""REFINERIA""- SIMON RODRIGO FERRUFINO",1815 SSN,Gasolina Especial +,GASOLINA_ESPECIAL_MAS,,
2026-09-01,2026-09-01,True,False,Cochabamba,GASOLINA ESPECIAL + EESS,6000.0,L,"EST. DE SERV. ""CITY TRUCK FH S.R.L.""",1250-ATC,Gasolina Especial +,GASOLINA_ESPECIAL_MAS,,
2026-09-01,2026-09-01,True,False,Cochabamba,GASOLINA ESPECIAL + EESS,10000.0,L,"EST. DE SERV. ""EPIZANA""",1011-KDU,Gasolina Especial +,GASOLINA_ESPECIAL_MAS,,
2026-09-01,2026-09-01,True,False,Cochabamba,DIESEL OIL NACIONAL EESS,10000.0,L,"EST. DE SERV. ""EPIZANA""",1011-KDU,Diesel Oil Nacional,DIESEL_NACIONAL,,
2026-09-01,2026-09-01,True,False,Cochabamba,DIESEL OIL NACIONAL EESS,10000.0,L,"EST. DE SERV. ""PARAJE 24.7 SRL SUC. 1""",623-GGF,Diesel Oil Nacional,DIESEL_NACIONAL,,
2026-09-01,2026-09-01,True,False,Cochabamba,GASOLINA ESPECIAL + EESS,10000.0,L,"EST. DE SERV. ""PARAJE 24.7 SRL SUC. 1""",623-GGF,Gasolina Especial +,GASOLINA_ESPECIAL_MAS,,
2026-09-01,2026-09-01,True,False,Cochabamba,DIESEL OIL NACIONAL EESS,22000.0,L,"EST. DE SERV. ""PARAJE 24.7 SRL""",1543-IXY,Diesel Oil Nacional,DIESEL_NACIONAL,,
2026-09-01,2026-09-01,True,False,Cochabamba,GASOLINA ESPECIAL + EESS,12000.0,L,"EST. DE SERV. ""PARAJE 24.7 SRL""",623-GGF,Gasolina Especial +,GASOLINA_ESPECIAL_MAS,,
2026-09-01,2026-09-01,True,False,Cochabamba,GASOLINA ESPECIAL + EESS,6000.0,L,COMERCIALIZADORA DE SERVICIOS LUBRISHOP S.R.L.,696 THG,Gasolina Especial +,GASOLINA_ESPECIAL_MAS,,
2026-09-01,2026-09-01,True,False,Cochabamba,DIESEL OIL NACIONAL EESS,6000.0,L,COMERCIALIZADORA DE SERVICIOS LUBRISHOP S.R.L.,696 THG,Diesel Oil Nacional,DIESEL_NACIONAL,,
2026-09-01,2026-09-01,True,False,Cochabamba,GASOLINA ESPECIAL + EESS,12000.0,L,ESTACIÓN DE SERVICIO FRANQUITO,2386-NXU,Gasolina Especial +,GASOLINA_ESPECIAL_MAS,,
2026-09-01,2026-09-01,True,False,Cochabamba,DIESEL OIL NACIONAL EESS,11000.0,L,ESTACIÓN DE SERVICIO FRANQUITO,2386-NXU,Diesel Oil Nacional,DIESEL_NACIONAL,,
2026-09-01,2026-09-01,True,False,Cochabamba,GLP DISTRIB. 10 KILOS NAL,6000.0,L,FERRO GAS - BERTHA CAMACHO RICALDEZ DE FERRUFINO,4263-LRB,GLP,GLP,,
2026-09-01,2026-09-01,True,False,Cochabamba,GASOLINA ESPECIAL + EESS,10000.0,L,"EST. DE SERV. ""PANAMERICANA"" SUCURSAL COCHABAMBA",390-PEA,Gasolina Especial +,GASOLINA_ESPECIAL_MAS,,
2026-09-01,2026-09-01,True,False,Cochabamba,GASOLINA ESPECIAL + EESS,6000.0,L,"EST. DE SERV. ""FORTALEZA ENERGY S.R.L.""",945-CTP,Gasolina Especial +,GASOLINA_ESPECIAL_MAS,,
2026-09-01,2026-09-01,True,False,Cochabamba,DIESEL OIL NACIONAL EESS,6000.0,L,"EST. DE SERV. ""FORTALEZA ENERGY S.R.L.""",945-CTP,Diesel Oil Nacional,DIESEL_NACIONAL,,
2026-09-01,2026-09-01,True,False,Cochabamba,DIESEL OIL NACIONAL EESS,6000.0,L,"EST. DE SERV. ""URKUPINA I""- ALBERTO OPORTO L.",1064-EBS,Diesel Oil Nacional,DIESEL_NACIONAL,,
2026-09-01,2026-09-01,True,False,Cochabamba,GASOLINA ESPECIAL + EESS,12000.0,L,"EST. DE SERV. ""URKUPINA I""- ALBERTO OPORTO L.",1469-DIF,Gasolina Especial +,GASOLINA_ESPECIAL_MAS,,
2026-09-01,2026-09-01,True,False,Cochabamba,GASOLINA ESPECIAL + EESS,10000.0,L,"EST. DE SERV. ""URKUPINA"" - ALBERTO OPORTO",2185-YCD,Gasolina Especial +,GASOLINA_ESPECIAL_MAS,,
2026-09-01,2026-09-01,True,False,Cochabamba,DIESEL OIL NACIONAL EESS,15000.0,L,"EST. DE SERV. ""URKUPINA"" - ALBERTO OPORTO",1064-EBS,Diesel Oil Nacional,DIESEL_NACIONAL,,
2026-09-01,2026-09-01,True,False,Cochabamba,GLP DISTRIB. 45 KILOS NAL,3600.0,L,DIST. GLP SOCIEDAD PETROLERA SANTA ELENA S.R.L.,4104-FLR,GLP,GLP,,
2026-09-01,2026-09-01,True,False,Cochabamba,GLP DISTRIB. 10 KILOS NAL,6000.0,L,DIST. GLP SOCIEDAD PETROLERA SANTA ELENA S.R.L.,1222-ICT,GLP,GLP,,
2026-09-01,2026-09-01,True,False,Cochabamba,GLP DISTRIB. 45 KILOS NAL,2250.0,L,CBA GAS S.A.,1190-EXH,GLP,GLP,,
2026-09-01,2026-09-01,True,False,Cochabamba,GLP DISTRIB. 10 KILOS NAL,6000.0,L,DIST. GLP NUESTRO GAS-JONSON RICHARD LIMA FLORERO,1125-ULI,GLP,GLP,,
2026-09-01,2026-09-01,True,False,Cochabamba,GASOLINA ESPECIAL + EESS,12000.0,L,"EST. DE SERV. ""20 DE DICIEMBRE""",1442-GKB,Gasolina Especial +,GASOLINA_ESPECIAL_MAS,,
2026-09-01,2026-09-01,True,False,Cochabamba,GASOLINA ESPECIAL + EESS,6000.0,L,KHORA ESTACION DE SERVICIO - MEDRANO ARNEZ JAIME,2337 IRB,Gasolina Especial +,GASOLINA_ESPECIAL_MAS,,
2026-09-01,2026-09-01,True,False,Cochabamba,DIESEL OIL NACIONAL EESS,12000.0,L,"EST. DE SERV. ""PAREDES VALLEJOS"" - JHONNY MILTON PAREDES VALLEJOS",4036-RHP,Diesel Oil Nacional,DIESEL_NACIONAL,,
2026-09-01,2026-09-01,True,False,Cochabamba,GASOLINA ESPECIAL + EESS,12000.0,L,PETROCEL S.R.L.,1442-GKB,Gasolina Especial +,GASOLINA_ESPECIAL_MAS,,
2026-09-01,2026-09-01,True,False,Cochabamba,GASOLINA ESPECIAL + EESS,12000.0,L,"EST. DE SERV. ""DORBIGNI""",5715 CHX,Gasolina Especial +,GASOLINA_ESPECIAL_MAS,,
2026-09-01,2026-09-01,True,False,Cochabamba,GASOLINA ESPECIAL + EESS,10000.0,L,"EST. DE SERV. ""PAREDES VALLEJOS"" - JHONNY MILTON PAREDES VALLEJOS",4036-RHP,Gasolina Especial +,GASOLINA_ESPECIAL_MAS,,
2026-09-01,2026-09-01,True,False,Cochabamba,GLP DISTRIB. 10 KILOS NAL,6000.0,L,A TODO GAS S.R.L.,552-LSP,GLP,GLP,,
2026-09-01,2026-09-01,True,False,Cochabamba,GLP DISTRIB. 10 KILOS NAL,6000.0,L,"DIST. GLP""SARCO GAS""M.FELIPEZ",693-DYG,GLP,GLP,,
2026-09-01,2026-09-01,True,False,Cochabamba,DIESEL OIL NACIONAL EESS,24000.0,L,"EST. DE SERV. ""EL VIAJERO SRL""",4119 RNN,Diesel Oil Nacional,DIESEL_NACIONAL,,
2026-09-01,2026-09-01,True,False,Cochabamba,GASOLINA ESPECIAL + EESS,10000.0,L,ESTAGAS S.R.L.,2437 CZU,Gasolina Especial +,GASOLINA_ESPECIAL_MAS,,
2026-09-01,2026-09-01,True,False,Cochabamba,GASOLINA ESPECIAL + EESS,8000.0,L,"EST. DE SERV. ""DISEL S.R.L. I""",1035-CBN,Gasolina Especial +,GASOLINA_ESPECIAL_MAS,,
2026-09-01,2026-09-01,True,False,Cochabamba,DIESEL OIL NACIONAL EESS,8000.0,L,"EST. DE SERV. ""DISEL S.R.L. I""",3079 GRD,Diesel Oil Nacional,DIESEL_NACIONAL,,
2026-09-01,2026-09-01,True,False,Cochabamba,GASOLINA ESPECIAL + EESS,8000.0,L,"EST. DE SERV. ""DISEL S.R.L.""",1035-CBN,Gasolina Especial +,GASOLINA_ESPECIAL_MAS,,
2026-09-01,2026-09-01,True,False,Cochabamba,DIESEL OIL NACIONAL EESS,4000.0,L,"EST. DE SERV. ""DISEL S.R.L.""",3079 GRD,Diesel Oil Nacional,DIESEL_NACIONAL,,
2026-09-01,2026-09-01,True,False,Cochabamba,GASOLINA ESPECIAL + EESS,12000.0,L,ESTACION DE SERVICIO OMEREQUE,4004-DTE,Gasolina Especial +,GASOLINA_ESPECIAL_MAS,,
2026-09-01,2026-09-01,True,False,Cochabamba,DIESEL OIL NACIONAL EESS,12000.0,L,ESTACION DE SERVICIO OMEREQUE,4004-DTE,Diesel Oil Nacional,DIESEL_NACIONAL,,
2026-09-01,2026-09-01,True,False,Cochabamba,DIESEL OIL NACIONAL EESS,20000.0,L,"EST. DE SERV. ""CHINATA S.R.L.""",2441-ZBD,Diesel Oil Nacional,DIESEL_NACIONAL,,
2026-09-01,2026-09-01,True,False,Cochabamba,GASOLINA ESPECIAL + EESS,10000.0,L,"EST. DE SERV. ""CHINATA S.R.L.""",2441-ZBD,Gasolina Especial +,GASOLINA_ESPECIAL_MAS,,
2026-09-01,2026-09-01,True,False,Cochabamba,DIESEL OIL NACIONAL EESS,8000.0,L,"EST. DE SERV. ""LOS ALPES""-BERTHA CAMACHO RICALDEZ",2441-ZBD,Diesel Oil Nacional,DIESEL_NACIONAL,,
2026-09-01,2026-09-01,True,False,Cochabamba,GASOLINA ESPECIAL + EESS,12000.0,L,"EST. DE SERV. ""LOS ALPES""-BERTHA CAMACHO RICALDEZ",2441-ZBD,Gasolina Especial +,GASOLINA_ESPECIAL_MAS,,
2026-09-01,2026-09-01,True,False,Cochabamba,DIESEL OIL NACIONAL EESS,8000.0,L,"EST. DE SERV. ""EQGAS"" S.R.L.",4151 PIA,Diesel Oil Nacional,DIESEL_NACIONAL,,
2026-09-01,2026-09-01,True,False,Cochabamba,GASOLINA ESPECIAL + EESS,8000.0,L,"EST. DE SERV. ""EQGAS"" S.R.L.",4151 PIA,Gasolina Especial +,GASOLINA_ESPECIAL_MAS,,
2026-09-01,2026-09-01,True,False,Cochabamba,GASOLINA ESPECIAL + EESS,6000.0,L,"EST. DE SERV. ""A.C.B. CARBURANTES SRL""",2026 - AAF,Gasolina Especial +,GASOLINA_ESPECIAL_MAS,,
2026-09-01,2026-09-01,True,False,Cochabamba,GASOLINA ESPECIAL + EESS,10000.0,L,"EST. DE SERV. ""A.C.B. CARBURANTES SRL""",2026 - AAF,Gasolina Especial +,GASOLINA_ESPECIAL_MAS,,
2026-09-01,2026-09-01,True,False,Cochabamba,DIESEL OIL NACIONAL EESS,32000.0,L,"EST. DE SERV. ""IQUIRCOLLO S.R.L.""",6429 RLK,Diesel Oil Nacional,DIESEL_NACIONAL,,
2026-09-01,2026-09-01,True,False,Cochabamba,GASOLINA ESPECIAL + EESS,10000.0,L,"EST. DE SERV. "" LAS PALMERAS S.R.L.""",2185-YCD,Gasolina Especial +,GASOLINA_ESPECIAL_MAS,,
2026-09-01,2026-09-01,True,False,Cochabamba,GASOLINA ESPECIAL + EESS,10000.0,L,ESTACION DE SERVICIO VIRGEN DE LAS ANGUSTIAS S.R.L.,1250-TDA,Gasolina Especial +,GASOLINA_ESPECIAL_MAS,,
2026-09-01,2026-09-01,True,False,Cochabamba,GASOLINA ESPECIAL + EESS,16000.0,L,"EST. DE SERV. ""IQUIRCOLLO S.R.L.""",813-NDX,Gasolina Especial +,GASOLINA_ESPECIAL_MAS,,
2026-09-01,2026-09-01,True,False,Cochabamba,GASOLINA ESPECIAL + EESS,8000.0,L,"EST. DE SERV. ""NISSAN"" - SIMON FERRUFINO",2185-YCD,Gasolina Especial +,GASOLINA_ESPECIAL_MAS,,
2026-09-01,2026-09-01,True,False,Cochabamba,DIESEL OIL NACIONAL EESS,6000.0,L,"EST. DE SERV. ""NISSAN"" - SIMON FERRUFINO",2185-YCD,Diesel Oil Nacional,DIESEL_NACIONAL,,
2026-09-01,2026-09-01,True,False,Cochabamba,GASOLINA ESPECIAL + EESS,14000.0,L,"EST. DE SERV. ""IQUIRCOLLO S.R.L. SUC. 1""",6429 RLK,Gasolina Especial +,GASOLINA_ESPECIAL_MAS,,
2026-09-01,2026-09-01,True,False,Cochabamba,GASOLINA ESPECIAL + EESS,12000.0,L,"EST. DE SERV. ""DELAASUNCION-AMERICA S.R.L.""",681 DLU,Gasolina Especial +,GASOLINA_ESPECIAL_MAS,,
2026-09-01,2026-09-01,True,False,Cochabamba,DIESEL OIL NACIONAL EESS,6000.0,L,"EST. DE SERV. ""GASNOR S.R.L.""",3147-FHD,Diesel Oil Nacional,DIESEL_NACIONAL,,
2026-09-01,2026-09-01,True,False,Cochabamba,DIESEL OIL NACIONAL EESS,8000.0,L,"EST. DE SERV. ""SAN JORGE CBBA S.R.L.""",623-GGF,Diesel Oil Nacional,DIESEL_NACIONAL,,
2026-09-01,2026-09-01,True,False,Cochabamba,DIESEL OIL NACIONAL EESS,24000.0,L,"EST. DE SERV. ""SAN JORGE CBBA S.R.L.""",1606-BYC,Diesel Oil Nacional,DIESEL_NACIONAL,,
2026-09-01,2026-09-01,True,False,Cochabamba,GASOLINA ESPECIAL + EESS,14000.0,L,"EST. DE SERV. ""SAN JORGE CBBA S.R.L.""",681 DLU,Gasolina Especial +,GASOLINA_ESPECIAL_MAS,,
2026-09-01,2026-09-01,True,False,Cochabamba,GASOLINA ESPECIAL + EESS,14000.0,L,"EST. DE SERV. ""SIPE SIPE S.R.L.""",681 DLU,Gasolina Especial +,GASOLINA_ESPECIAL_MAS,,
2026-09-01,2026-09-01,True,False,Cochabamba,DIESEL OIL NACIONAL EESS,12000.0,L,"EST. DE SERV. ""SIPE SIPE S.R.L.""",4745-NHS,Diesel Oil Nacional,DIESEL_NACIONAL,,
2026-09-01,2026-09-01,True,False,Cochabamba,DIESEL OIL NACIONAL EESS,20000.0,L,"EST. DE SERV. ""SIPE SIPE S.R.L.""",4745-NHS,Diesel Oil Nacional,DIESEL_NACIONAL,,
2026-09-01,2026-09-01,True,False,Cochabamba,GASOLINA ESPECIAL + EESS,8000.0,L,"EST. DE SERV. ""GASNOR S.R.L.""",4430-YZE,Gasolina Especial +,GASOLINA_ESPECIAL_MAS,,
2026-09-01,2026-09-01,True,False,Cochabamba,DIESEL OIL NACIONAL EESS,24000.0,L,"EST. DE SERV. ""MONTERREY S.R.L.""",2559-XTU,Diesel Oil Nacional,DIESEL_NACIONAL,,
2026-09-01,2026-09-01,True,False,Cochabamba,GASOLINA ESPECIAL + EESS,10000.0,L,"EST. DE SERV. ""MONTERREY S.R.L.""",2559-XTU,Gasolina Especial +,GASOLINA_ESPECIAL_MAS,,
2026-09-01,2026-09-01,True,False,Cochabamba,GASOLINA ESPECIAL + EESS,10000.0,L,"EST. DE SERV. ""DAYANA""",2386-NXU,Gasolina Especial +,GASOLINA_ESPECIAL_MAS,,
2026-09-01,2026-09-01,True,False,Cochabamba,GASOLINA ESPECIAL + EESS,14000.0,L,ESTACION DE SERVICIO LOS ALAMOS S.R.L.,6227-DDT,Gasolina Especial +,GASOLINA_ESPECIAL_MAS,,
2026-09-01,2026-09-01,True,False,Cochabamba,DIESEL OIL NACIONAL EESS,12000.0,L,"EST. DE SERV. ""DAYANA""",2386-NXU,Diesel Oil Nacional,DIESEL_NACIONAL,,
2026-09-01,2026-09-01,True,False,Cochabamba,DIESEL OIL NACIONAL EESS,8000.0,L,ESTACION DE SERVICIO LOS ALAMOS S.R.L.,5715 CHX,Diesel Oil Nacional,DIESEL_NACIONAL,,
2026-09-01,2026-09-01,True,False,Cochabamba,DIESEL OIL NACIONAL EESS,14000.0,L,"EST. DE SERV. ""CHULLPANI"" - TORRICO AGUILAR JOSE M",6341-CUR,Diesel Oil Nacional,DIESEL_NACIONAL,,
2026-09-01,2026-09-01,True,False,Cochabamba,GASOLINA ESPECIAL + EESS,18000.0,L,"EST. DE SERV. ""CHULLPANI"" - TORRICO AGUILAR JOSE M",6341-CUR,Gasolina Especial +,GASOLINA_ESPECIAL_MAS,,
2026-09-01,2026-09-01,True,False,Cochabamba,GASOLINA ESPECIAL + EESS,6000.0,L,"EST. DE SERV. ""MIZQUE"" - DIOGENES MONTENEGRO P.",957-LEL,Gasolina Especial +,GASOLINA_ESPECIAL_MAS,,
2026-09-01,2026-09-01,True,False,Cochabamba,DIESEL OIL NACIONAL EESS,6000.0,L,"EST. DE SERV. ""MIZQUE"" - DIOGENES MONTENEGRO P.",957-LEL,Diesel Oil Nacional,DIESEL_NACIONAL,,
2026-09-01,2026-09-01,True,False,Cochabamba,DIESEL OIL NACIONAL EESS,12000.0,L,"EST. DE SERV. ""TIRAQUE""",4418-LBY,Diesel Oil Nacional,DIESEL_NACIONAL,,
2026-09-01,2026-09-01,True,False,Cochabamba,DIESEL OIL NACIONAL EESS,24000.0,L,"EST. DE SERV. ""DISEL S.R.L. I""",3079 GRD,Diesel Oil Nacional,DIESEL_NACIONAL,,
2026-09-01,2026-09-01,True,False,Cochabamba,GASOLINA ESPECIAL + EESS,12000.0,L,"EST. DE SERV. ""TIRAQUE""",4418-LBY,Gasolina Especial +,GASOLINA_ESPECIAL_MAS,,
2026-09-01,2026-09-01,True,False,Cochabamba,GASOLINA ESPECIAL + EESS,16000.0,L,ESTACION DE SERVICIO ANITA,4707 EBF,Gasolina Especial +,GASOLINA_ESPECIAL_MAS,,
2026-09-01,2026-09-01,True,False,Cochabamba,GASOLINA ESPECIAL + EESS,10000.0,L,"EST. DE SERV. ""GUADELOUPE GROUP S.R.L.""",1469-DIF,Gasolina Especial +,GASOLINA_ESPECIAL_MAS,,
2026-09-01,2026-09-01,True,False,Cochabamba,DIESEL OIL NACIONAL EESS,24000.0,L,"EST. DE SERV. ""DISEL S.R.L.""",1035-CBN,Diesel Oil Nacional,DIESEL_NACIONAL,,
2026-09-01,2026-09-01,True,False,Cochabamba,GASOLINA ESPECIAL + EESS,12000.0,L,ESTACIÓN DE SERVICIO VALLESANTIVAÑEZ S.R.L.,5710 ABA,Gasolina Especial +,GASOLINA_ESPECIAL_MAS,,
2026-09-01,2026-09-01,True,False,Cochabamba,DIESEL OIL NACIONAL EESS,20000.0,L,ESTACION DE SERVICIO ANITA,2741-BFG,Diesel Oil Nacional,DIESEL_NACIONAL,,
2026-09-01,2026-09-01,True,False,Cochabamba,DIESEL OIL NACIONAL EESS,12000.0,L,ESTACIÓN DE SERVICIO VALLESANTIVAÑEZ S.R.L.,5710 ABA,Diesel Oil Nacional,DIESEL_NACIONAL,,
2026-09-01,2026-09-01,True,False,Cochabamba,GASOLINA ESPECIAL + EESS,10000.0,L,"EST. DE SERV. ""SANTA MONICA"" S.R.L.",2026 - AAF,Gasolina Especial +,GASOLINA_ESPECIAL_MAS,,
2026-09-01,2026-09-01,True,False,Cochabamba,DIESEL OIL NACIONAL EESS,8000.0,L,"EST. DE SERV. ""SANTA MONICA"" S.R.L.",5710 ABA,Diesel Oil Nacional,DIESEL_NACIONAL,,
2026-09-01,2026-09-01,True,False,Cochabamba,GASOLINA ESPECIAL + EESS,10000.0,L,"ESTACION DE SERVICIO ""LOS LAURELES"" - DIEGO M. DELGADILLO ANTEZANA",1179-NTT,Gasolina Especial +,GASOLINA_ESPECIAL_MAS,,
2026-09-01,2026-09-01,True,False,Cochabamba,GASOLINA ESPECIAL + EESS,10000.0,L,"EST. DE SERV. ""AEROPUERTO S.R.L.""",2026 - AAF,Gasolina Especial +,GASOLINA_ESPECIAL_MAS,,
2026-09-01,2026-09-01,True,False,Cochabamba,DIESEL OIL NACIONAL EESS,12000.0,L,"EST. DE SERV. ""AEROPUERTO S.R.L.""",5710 ABA,Diesel Oil Nacional,DIESEL_NACIONAL,,
2026-09-01,2026-09-01,True,False,Cochabamba,GASOLINA ESPECIAL + EESS,10000.0,L,"EST. DE SERV. ""SENOR SANTIAGO SUC. 1"" - E. DELGADILLO",1179-NTT,Gasolina Especial +,GASOLINA_ESPECIAL_MAS,,
2026-09-01,2026-09-01,True,False,Cochabamba,GASOLINA ESPECIAL + EESS,10000.0,L,"EST. DE SERV. ""SENOR SANTIAGO"" - E. DELGADILLO",2437 CZU,Gasolina Especial +,GASOLINA_ESPECIAL_MAS,,
2026-09-01,2026-09-01,True,False,Cochabamba,DIESEL OIL NACIONAL EESS,8000.0,L,"EST. DE SERV. ""SENOR SANTIAGO"" - E. DELGADILLO",2043-SRX,Diesel Oil Nacional,DIESEL_NACIONAL,,
2026-09-01,2026-09-01,True,False,Cochabamba,GASOLINA ESPECIAL + EESS,4000.0,L,"EST. DE SERV. ""CIRCUITO BOLIVIA S.A.""",390-PEA,Gasolina Especial +,GASOLINA_ESPECIAL_MAS,,
2026-09-01,2026-09-01,True,False,Cochabamba,GASOLINA ESPECIAL + EESS,10000.0,L,"EST. DE SERV. ""C.G.C. SRL""",686-BCG,Gasolina Especial +,GASOLINA_ESPECIAL_MAS,,
2026-09-01,2026-09-01,True,False,Cochabamba,DIESEL OIL NACIONAL EESS,8000.0,L,"EST. DE SERV. ""CIRCUITO BOLIVIA S.A.""",390-PEA,Diesel Oil Nacional,DIESEL_NACIONAL,,
2026-09-01,2026-09-01,True,False,Cochabamba,DIESEL OIL NACIONAL EESS,28000.0,L,"EST. DE SERV. ""C.G.C. SRL""",2086-CDR,Diesel Oil Nacional,DIESEL_NACIONAL,,
2026-09-01,2026-09-01,True,False,Cochabamba,GASOLINA ESPECIAL + EESS,10000.0,L,"EST. DE SERV. ""CIRCUITO BOLIVIA S.A.""",390-PEA,Gasolina Especial +,GASOLINA_ESPECIAL_MAS,,
2026-09-01,2026-09-01,True,False,Cochabamba,GASOLINA ESPECIAL + EESS,12000.0,L,ESTACION DE SERVICIO PAPU S.R.L.,4207-GHL,Gasolina Especial +,GASOLINA_ESPECIAL_MAS,,
2026-09-01,2026-09-01,True,False,Cochabamba,GASOLINA ESPECIAL + EESS,3000.0,L,FEDEX CHACO,1198 ILI,Gasolina Especial +,GASOLINA_ESPECIAL_MAS,,
2026-09-01,2026-09-01,True,False,Cochabamba,DIESEL OIL NACIONAL EESS,10000.0,L,"EST. DE SERV. ""COMERCIALIZADORA QK S.R.L.""",1469-DIF,Diesel Oil Nacional,DIESEL_NACIONAL,,
2026-09-01,2026-09-01,True,False,Cochabamba,DIESEL OIL NACIONAL EESS,12000.0,L,ESTACION DE SERVICIO PAPU S.R.L.,4207-GHL,Diesel Oil Nacional,DIESEL_NACIONAL,,
2026-09-01,2026-09-01,True,False,Cochabamba,GASOLINA ESPECIAL + EESS,14000.0,L,ESTACION DE SERVICIO BEIJING S.R.L.,2043-SRX,Gasolina Especial +,GASOLINA_ESPECIAL_MAS,,
2026-09-01,2026-09-01,True,False,Cochabamba,GASOLINA ESPECIAL + EESS,10000.0,L,"EST. DE SERV. ""EL CRISTO"" - CRISTIAN SABAG",2318-SZS,Gasolina Especial +,GASOLINA_ESPECIAL_MAS,,
2026-09-01,2026-09-01,True,False,Cochabamba,GASOLINA ESPECIAL + EESS,10000.0,L,"EST. DE SERV. ""COMERCIALIZADORA QK S.R.L.""",1469-DIF,Gasolina Especial +,GASOLINA_ESPECIAL_MAS,,
2026-09-01,2026-09-01,True,False,Cochabamba,DIESEL OIL NACIONAL EESS,14000.0,L,TERMINAL DE BUSES COCHABAMBA S.A.,2049-AXA,Diesel Oil Nacional,DIESEL_NACIONAL,,
2026-09-01,2026-09-01,True,False,Cochabamba,DIESEL OIL NACIONAL EESS,14000.0,L,ESTACION DE SERVICIO BEIJING S.R.L.,2043-SRX,Diesel Oil Nacional,DIESEL_NACIONAL,,
2026-09-01,2026-09-01,True,False,Cochabamba,GASOLINA ESPECIAL + EESS,10000.0,L,TERMINAL DE BUSES COCHABAMBA S.A.,2049-AXA,Gasolina Especial +,GASOLINA_ESPECIAL_MAS,,
2026-09-01,2026-09-01,True,False,Cochabamba,GASOLINA ESPECIAL + EESS,8000.0,L,"EST. DE SERV. ""RIOJA""",2049-AXA,Gasolina Especial +,GASOLINA_ESPECIAL_MAS,,
2026-09-01,2026-09-01,True,False,Cochabamba,GASOLINA ESPECIAL + EESS,4000.0,L,"EST. DE SERV. ""CITY TRUCK FH S.R.L.""",1250-ATC,Gasolina Especial +,GASOLINA_ESPECIAL_MAS,,
2026-09-01,2026-09-01,True,False,Cochabamba,DIESEL OIL NACIONAL EESS,10000.0,L,"EST. DE SERV. ""RIOJA""",2049-AXA,Diesel Oil Nacional,DIESEL_NACIONAL,,
2026-09-01,2026-09-01,True,False,Cochabamba,DIESEL OIL NACIONAL EESS,18000.0,L,"EST. DE SERV. ""CITY TRUCK FH S.R.L.""",1250-ATC,Diesel Oil Nacional,DIESEL_NACIONAL,,
2026-09-01,2026-09-01,True,False,Cochabamba,GASOLINA ESPECIAL + EESS,10000.0,L,"EST. DE SERV. ""LORETO"" SUC. 1",1198 ILI,Gasolina Especial +,GASOLINA_ESPECIAL_MAS,,
2026-09-01,2026-09-01,True,False,Cochabamba,GASOLINA ESPECIAL + EESS,18000.0,L,"EST. DE SERV. ""EL CRISTO"" - CRISTIAN SABAG",2318-SZS,Gasolina Especial +,GASOLINA_ESPECIAL_MAS,,
2026-09-01,2026-09-01,True,False,Cochabamba,GASOLINA ESPECIAL + EESS,18000.0,L,"EST. DE SERV. ""PORTALEZ S.R.L.""",686-BCG,Gasolina Especial +,GASOLINA_ESPECIAL_MAS,,
2026-09-01,2026-09-01,True,False,Cochabamba,DIESEL OIL NACIONAL EESS,14000.0,L,"EST. DE SERV. ""LORETO"" SUC. 1",1198 ILI,Diesel Oil Nacional,DIESEL_NACIONAL,,
2026-09-01,2026-09-01,True,False,Cochabamba,DIESEL OIL NACIONAL EESS,8000.0,L,"EST. DE SERV. ""EL CRISTO"" - CRISTIAN SABAG",2318-SZS,Diesel Oil Nacional,DIESEL_NACIONAL,,
2026-09-01,2026-09-01,True,False,Cochabamba,DIESEL OIL NACIONAL EESS,8000.0,L,"EST. DE SERV. ""MAX MAMANGUENO"" - E. MELGAREJO",945-CTP,Diesel Oil Nacional,DIESEL_NACIONAL,,
2026-09-01,2026-09-01,True,False,Cochabamba,GASOLINA ESPECIAL + EESS,6000.0,L,"EST. DE SERV. ""MAX MAMANGUENO"" - E. MELGAREJO",945-CTP,Gasolina Especial +,GASOLINA_ESPECIAL_MAS,,
2026-09-01,2026-09-01,True,False,Cochabamba,DIESEL OIL NACIONAL EESS,10000.0,L,"EST. DE SERV. ""ISABEL CHAVEZ""",813-NDX,Diesel Oil Nacional,DIESEL_NACIONAL,,
2026-09-01,2026-09-01,True,False,Cochabamba,GASOLINA ESPECIAL + EESS,16000.0,L,"EST. DE SERV. ""ARANJUEZ""",2437 CZU,Gasolina Especial +,GASOLINA_ESPECIAL_MAS,,
2026-09-01,2026-09-01,True,False,Cochabamba,GASOLINA ESPECIAL + EESS,10000.0,L,"EST. DE SERV. ""ISABEL CHAVEZ""",813-NDX,Gasolina Especial +,GASOLINA_ESPECIAL_MAS,,
2026-09-01,2026-09-01,True,False,Cochabamba,GASOLINA ESPECIAL + EESS,12000.0,L,ESTACION DE SERVICIO TICTI S.R.L.,3824-IAF,Gasolina Especial +,GASOLINA_ESPECIAL_MAS,,
2026-09-01,2026-09-01,True,False,Cochabamba,GASOLINA ESPECIAL + EESS,12000.0,L,"EST. DE SERV. ""ARISPE""",2819-SFR,Gasolina Especial +,GASOLINA_ESPECIAL_MAS,,
2026-09-01,2026-09-01,True,False,Cochabamba,DIESEL OIL NACIONAL EESS,12000.0,L,"EST. DE SERV. ""ARISPE""",2819-SFR,Diesel Oil Nacional,DIESEL_NACIONAL,,
2026-09-01,2026-09-01,True,False,Cochabamba,GASOLINA ESPECIAL + EESS,8000.0,L,IMBRANJO S.R.L.,2337 IRB,Gasolina Especial +,GASOLINA_ESPECIAL_MAS,,
2026-09-01,2026-09-01,True,False,Cochabamba,GASOLINA ESPECIAL + EESS,10000.0,L,"EST. DE SERV. ""EL MANANTIAL SUC. 1""",1036-RZH,Gasolina Especial +,GASOLINA_ESPECIAL_MAS,,
2026-09-01,2026-09-01,True,False,Cochabamba,GASOLINA ESPECIAL + EESS,6000.0,L,IMBRANJO S.R.L.,2337 IRB,Gasolina Especial +,GASOLINA_ESPECIAL_MAS,,
2026-09-01,2026-09-01,True,False,Cochabamba,DIESEL OIL NACIONAL EESS,20000.0,L,IMBRANJO S.R.L.,2337 IRB,Diesel Oil Nacional,DIESEL_NACIONAL,,
2026-09-01,2026-09-01,True,False,Cochabamba,DIESEL OIL NACIONAL EESS,3000.0,L,"EST. DE SERV. ""CHIMBOCO""",679-RCN,Diesel Oil Nacional,DIESEL_NACIONAL,,
2026-09-01,2026-09-01,True,False,Cochabamba,GASOLINA ESPECIAL + EESS,14000.0,L,"EST. DE SERV. ""CHIMBOCO""",679-RCN,Gasolina Especial +,GASOLINA_ESPECIAL_MAS,,
2026-09-01,2026-09-01,True,False,Cochabamba,DIESEL OIL NACIONAL EESS,15000.0,L,ESTACION DE SERVICIO TICTI S.R.L.,3824-IAF,Diesel Oil Nacional,DIESEL_NACIONAL,,
2026-09-01,2026-09-01,True,False,Cochabamba,DIESEL OIL NACIONAL EESS,19000.0,L,"EST. DE SERV. ""CHIMBOCO""",679-RCN,Diesel Oil Nacional,DIESEL_NACIONAL,,
2026-09-01,2026-09-01,True,False,Cochabamba,GASOLINA ESPECIAL + EESS,6000.0,L,ESTACION DE SERVICIO HIPODROMO S.R.L.,2437 CZU,Gasolina Especial +,GASOLINA_ESPECIAL_MAS,,
2026-09-01,2026-09-01,True,False,Cochabamba,GASOLINA ESPECIAL + EESS,10000.0,L,"EST. DE SERV. ""EL MANANTIAL SRL""",1036-RZH,Gasolina Especial +,GASOLINA_ESPECIAL_MAS,,
2026-09-01,2026-09-01,True,False,Cochabamba,GASOLINA ESPECIAL + EESS,10000.0,L,"EST. DE SERV. ""VILLA OBRAJES""",1057-RCA,Gasolina Especial +,GASOLINA_ESPECIAL_MAS,,
2026-09-01,2026-09-01,True,False,Cochabamba,DIESEL OIL NACIONAL EESS,17000.0,L,"EST. DE SERV. ""TRANS SACABA S.A. II""",5258 - YSB,Diesel Oil Nacional,DIESEL_NACIONAL,,
2026-09-01,2026-09-01,True,False,Cochabamba,DIESEL OIL NACIONAL EESS,12000.0,L,"EST. DE SERV. ""SAN JUAN BAUTISTA S.R.L.""",696 THG,Diesel Oil Nacional,DIESEL_NACIONAL,,
2026-09-01,2026-09-01,True,False,Cochabamba,GASOLINA ESPECIAL + EESS,10000.0,L,"EST. DE SERV. ""TRANS SACABA S.A. II""",5258 - YSB,Gasolina Especial +,GASOLINA_ESPECIAL_MAS,,
2026-09-01,2026-09-01,True,False,Cochabamba,GASOLINA ESPECIAL + EESS,12000.0,L,"EST. DE SERV. ""SAN JUAN BAUTISTA S.R.L.""",696 THG,Gasolina Especial +,GASOLINA_ESPECIAL_MAS,,
2026-09-01,2026-09-01,True,False,Cochabamba,GASOLINA ESPECIAL + EESS,12000.0,L,"EST. DE SERV. ""EL MANANTIAL SUC. 2""",1036-RZH,Gasolina Especial +,GASOLINA_ESPECIAL_MAS,,
2026-09-01,2026-09-01,True,False,Cochabamba,DIESEL OIL NACIONAL EESS,14000.0,L,"EST. DE SERV. ""TRANS SACABA S.A.""",5258 - YSB,Diesel Oil Nacional,DIESEL_NACIONAL,,
2026-09-01,2026-09-01,True,False,Cochabamba,DIESEL OIL NACIONAL EESS,6000.0,L,"EST. DE SERV. ""EL MANANTIAL SRL""",1036-RZH,Diesel Oil Nacional,DIESEL_NACIONAL,,
2026-09-01,2026-09-01,True,False,Cochabamba,DIESEL OIL NACIONAL EESS,20000.0,L,"EST. DE SERV. ""VILLA OBRAJES""",1057-RCA,Diesel Oil Nacional,DIESEL_NACIONAL,,
2026-09-01,2026-09-01,True,False,Cochabamba,DIESEL OIL NACIONAL EESS,8000.0,L,ESTACION DE SERVICIO LOS LIBERTADORES S.R.L.,952-ZHP,Diesel Oil Nacional,DIESEL_NACIONAL,,
2026-09-01,2026-09-01,True,False,Cochabamba,GASOLINA ESPECIAL + EESS,10000.0,L,ESTACION DE SERVICIO LOS LIBERTADORES S.R.L.,952-ZHP,Gasolina Especial +,GASOLINA_ESPECIAL_MAS,,
2026-09-01,2026-09-01,True,False,Cochabamba,GLP DISTRIB. 10 KILOS NAL,6000.0,L,"DIST. PROV. GLP ""COLOMI GAS""",851 FRG,GLP,GLP,,
2026-09-01,2026-09-01,True,False,Cochabamba,GLP DISTRIB. 10 KILOS NAL,6000.0,L,"DIST. GLP ""EDMUNDO GAS"" - EDMUNDO QUIROZ TAPIA",2316-FED,GLP,GLP,,
2026-09-01,2026-09-01,True,False,Cochabamba,DIESEL OIL NACIONAL EESS,6000.0,L,"EST. DE SERV. ""TIQUIPAYA"" - VENICIA ALANEZ JIMENES",3785-SDC,Diesel Oil Nacional,DIESEL_NACIONAL,,
2026-09-01,2026-09-01,True,False,Cochabamba,GASOLINA ESPECIAL + EESS,6000.0,L,"EST. DE SERV. ""TIQUIPAYA"" - VENICIA ALANEZ JIMENES",3785-SDC,Gasolina Especial +,GASOLINA_ESPECIAL_MAS,,
2026-09-01,2026-09-01,True,False,Cochabamba,GLP DISTRIB. 10 KILOS NAL,6000.0,L,"DIST. PROV. GLP ""COTA GAS"" - NELSON OLMOS",1717-RZX,GLP,GLP,,
2026-09-01,2026-09-01,True,False,Cochabamba,GLP DISTRIB. 10 KILOS NAL,6000.0,L,"DIST.GLP""NOE GAS""M.HINOJOSA R.",1488-FKC,GLP,GLP,,
2026-09-01,2026-09-01,True,False,Cochabamba,GLP DISTRIB. 10 KILOS NAL,6000.0,L,"DIST. GLP ""DISBOGAS"" - JENNY PETRONA SALAMANCA VILLAFUERTE",1180-LXE,GLP,GLP,,
2026-09-01,2026-09-01,True,False,Cochabamba,GLP DISTRIB. 10 KILOS NAL,6000.0,L,"DIST. PROV.GLP ""SIPE SIPE GAS""",818-HER,GLP,GLP,,
2026-09-01,2026-09-01,True,False,Cochabamba,DIESEL OIL NACIONAL EESS,28000.0,L,"EST. DE SERV. ""PAROTANI""",4022-ELR,Diesel Oil Nacional,DIESEL_NACIONAL,,
2026-09-01,2026-09-01,True,False,Cochabamba,GLP DISTRIB. 10 KILOS NAL,6000.0,L,"COOPERATIVA DE SERVICIOS DE DISTRIBUCION DE GAS LICUADO ""CANDELARIA"" R.L.",1395 FKG,GLP,GLP,,
2026-09-01,2026-09-01,True,False,Cochabamba,DIESEL OIL NACIONAL EESS,22000.0,L,"EST. DE SERV. ""SUTICOLLO""",4036-RHP,Diesel Oil Nacional,DIESEL_NACIONAL,,
2026-09-01,2026-09-01,True,False,Cochabamba,DIESEL OIL NACIONAL EESS,14000.0,L,"EST. DE SERV. ""COCHABAMBA S.R.L. SUC. 1""",1442-GKB,Diesel Oil Nacional,DIESEL_NACIONAL,,
2026-09-01,2026-09-01,True,False,Cochabamba,DIESEL OIL NACIONAL EESS,24000.0,L,ESTACION DE SERVICIO LOS ALAMOS S.R.L.,6227-DDT,Diesel Oil Nacional,DIESEL_NACIONAL,,
2026-09-01,2026-09-01,True,False,Cochabamba,DIESEL OIL NACIONAL EESS,26000.0,L,"EST. DE SERV. ""COCHABAMBA""",5715 CHX,Diesel Oil Nacional,DIESEL_NACIONAL,,
2026-09-01,2026-09-01,True,False,Cochabamba,DIESEL OIL NACIONAL EESS,6000.0,L,"EST. DE SERV. ""COCHABAMBA""",1442-GKB,Diesel Oil Nacional,DIESEL_NACIONAL,,
2026-09-01,2026-09-01,True,False,Cochabamba,GLP DISTRIB. 10 KILOS NAL,6000.0,L,"DIST. PROV. GLP ""ARANDIA GAS S.R.L.""",545 RFA,GLP,GLP,,
2026-09-01,2026-09-01,True,False,Cochabamba,GLP DISTRIB. 10 KILOS NAL,6000.0,L,"DIST. GLP ""CAPI GAS"" - GONZALO SOLIZ GUTIERREZ",3471 CST,GLP,GLP,,
2026-09-01,2026-09-01,True,False,Cochabamba,GLP DISTRIB. 10 KILOS NAL,6000.0,L,"DIST. GLP ""ADRIAZOL GAS""",1724-PZE,GLP,GLP,,
2026-09-01,2026-09-01,True,False,Cochabamba,GLP DISTRIB. 10 KILOS NAL,6000.0,L,"DIST.GLP""VILOMA GAS"" E.ARANDIA",1545-HTG,GLP,GLP,,
2026-09-01,2026-09-01,True,False,Cochabamba,GLP DISTRIB. 10 KILOS NAL,6000.0,L,"DIST. GLP ""EXTRA GAS"" - MARIO CORDOVA PINTO",1121-ZIT,GLP,GLP,,
2026-09-01,2026-09-01,True,False,Cochabamba,GLP DISTRIB. 10 KILOS NAL,6000.0,L,CBA GAS S.A.,1765-LGG,GLP,GLP,,
2026-09-01,2026-09-01,True,False,Cochabamba,GLP DISTRIB. 10 KILOS NAL,6000.0,L,"DIST. GLP ""BIO GAS"" - ANA MARIA ROMERO DE TORRICO",732-IHT,GLP,GLP,,
2026-09-01,2026-09-01,True,False,Cochabamba,GLP DISTRIB. 10 KILOS NAL,6000.0,L,"DIST. GLP ""SANTIVANEZ GAS"" - JUVENAL ZENTENO ESPINOZA",1278-XGK,GLP,GLP,,
2026-09-01,2026-09-01,True,False,Cochabamba,GLP DISTRIB. 10 KILOS NAL,6000.0,L,"DIST. PROV. GLP ""PREMIUN GAS"" - EDUARDO ZENTENO E.",823-SZB,GLP,GLP,,
2026-09-15,2026-09-15,True,False,Cochabamba,GLP DISTRIB. 10 KILOS NAL,6000.0,L,"DIST. GLP ""EDMUNDO GAS"" - EDMUNDO QUIROZ TAPIA",2316-FED,GLP,GLP,,
2026-09-15,2026-09-15,True,False,Cochabamba,GLP DISTRIB. 10 KILOS NAL,6000.0,L,"DIST. PROV. GLP ""COTA GAS"" - NELSON OLMOS",1717-RZX,GLP,GLP,,
2026-09-15,2026-09-15,True,False,Cochabamba,GLP DISTRIB. 10 KILOS NAL,6000.0,L,"DIST. GLP ""ADRIAZOL GAS""",1724-PZE,GLP,GLP,,
2026-09-15,2026-09-15,True,False,Cochabamba,GLP DISTRIB. 10 KILOS NAL,6000.0,L,"DIST. GLP ""SANTIVANEZ GAS"" - JUVENAL ZENTENO ESPINOZA",1278-XGK,GLP,GLP,,
2026-09-15,2026-09-15,True,False,Cochabamba,GLP DISTRIB. 10 KILOS NAL,6000.0,L,"DIST.GLP""VILOMA GAS"" E.ARANDIA",1545-HTG,GLP,GLP,,
2026-09-15,2026-09-15,True,False,Cochabamba,GLP DISTRIB. 10 KILOS NAL,6000.0,L,DIST. GLP SOCIEDAD PETROLERA SANTA ELENA S.R.L.,2343-KNT,GLP,GLP,,
2026-09-15,2026-09-15,True,False,Cochabamba,GLP DISTRIB. 10 KILOS NAL,6000.0,L,"DIST. GLP ""DISBOGAS"" - JENNY PETRONA SALAMANCA VILLAFUERTE",1180-LXE,GLP,GLP,,
2026-09-15,2026-09-15,True,False,Cochabamba,GLP DISTRIB. 10 KILOS NAL,6000.0,L,"COOPERATIVA DE SERVICIOS DE DISTRIBUCION DE GAS LICUADO ""CANDELARIA"" R.L.",1395 FKG,GLP,GLP,,
2026-09-15,2026-09-15,True,False,Cochabamba,GLP DISTRIB. 10 KILOS NAL,6000.0,L,A TODO GAS S.R.L.,085-PFB,GLP,GLP,,
2026-09-15,2026-09-15,True,False,Cochabamba,GLP DISTRIB. 10 KILOS NAL,6000.0,L,DIST. GLP NUESTRO GAS-JONSON RICHARD LIMA FLORERO,2499-XPC,GLP,GLP,,
2026-09-15,2026-09-15,True,False,Cochabamba,GLP DISTRIB. 10 KILOS NAL,6000.0,L,"DIST. PROV. GLP ""ARANDIA GAS S.R.L.""",545 RFA,GLP,GLP,,
2026-09-15,2026-09-15,True,False,Cochabamba,GLP DISTRIB. 10 KILOS NAL,6000.0,L,"DIST. GLP ""CAPI GAS"" - GONZALO SOLIZ GUTIERREZ",3471 CST,GLP,GLP,,
2026-09-15,2026-09-15,True,False,Cochabamba,GLP DISTRIB. 10 KILOS NAL,6000.0,L,"DIST. PROV. GLP ""COLOMI GAS""",851 FRG,GLP,GLP,,
2026-09-15,2026-09-15,True,False,Cochabamba,GLP DISTRIB. 10 KILOS NAL,6000.0,L,"DIST. GLP ""BIO GAS"" - ANA MARIA ROMERO DE TORRICO",620-FET,GLP,GLP,,
2026-09-15,2026-09-15,True,False,Cochabamba,GLP DISTRIB. 10 KILOS NAL,6000.0,L,"DIST. GLP ""EXTRA GAS"" - MARIO CORDOVA PINTO",685 ZNG,GLP,GLP,,
2026-09-15,2026-09-15,True,False,Cochabamba,GASOLINA ESPECIAL + EESS,10000.0,L,"EST. DE SERV. ""CHINATA S.R.L.""",2441-ZBD,Gasolina Especial +,GASOLINA_ESPECIAL_MAS,,
2026-09-15,2026-09-15,True,False,Cochabamba,GASOLINA ESPECIAL + EESS,6000.0,L,COMERCIALIZADORA DE SERVICIOS LUBRISHOP S.R.L.,696 THG,Gasolina Especial +,GASOLINA_ESPECIAL_MAS,,
2026-09-15,2026-09-15,True,False,Cochabamba,GASOLINA ESPECIAL + EESS,10000.0,L,"EST. DE SERV. ""PARAJE 24.7 SRL SUC. 1""",4745-NHS,Gasolina Especial +,GASOLINA_ESPECIAL_MAS,,
2026-09-15,2026-09-15,True,False,Cochabamba,GASOLINA ESPECIAL + EESS,12000.0,L,"EST. DE SERV. ""PARAJE 24.7 SRL""",4745-NHS,Gasolina Especial +,GASOLINA_ESPECIAL_MAS,,
2026-09-15,2026-09-15,True,False,Cochabamba,GASOLINA ESPECIAL + EESS,3000.0,L,FEDEX CHACO,1198 ILI,Gasolina Especial +,GASOLINA_ESPECIAL_MAS,,
2026-09-15,2026-09-15,True,False,Cochabamba,GASOLINA ESPECIAL + EESS,10000.0,L,"EST. DE SERV. "" LAS PALMERAS S.R.L.""",2185-YCD,Gasolina Especial +,GASOLINA_ESPECIAL_MAS,,
2026-09-15,2026-09-15,True,False,Cochabamba,GASOLINA ESPECIAL + EESS,10000.0,L,"EST. DE SERV. ""TRANS SACABA S.A. II""",5258 - YSB,Gasolina Especial +,GASOLINA_ESPECIAL_MAS,,
2026-09-15,2026-09-15,True,False,Cochabamba,GASOLINA ESPECIAL + EESS,6000.0,L,"EST. DE SERV. ""LA PATRIA S.R.L.""",1815 SSN,Gasolina Especial +,GASOLINA_ESPECIAL_MAS,,
2026-09-15,2026-09-15,True,False,Cochabamba,GASOLINA ESPECIAL + EESS,6000.0,L,"EST. DE SERV. ""REFINERIA""- SIMON RODRIGO FERRUFINO",2185-YCD,Gasolina Especial +,GASOLINA_ESPECIAL_MAS,,
2026-09-15,2026-09-15,True,False,Cochabamba,GASOLINA ESPECIAL + EESS,12000.0,L,"EST. DE SERV. ""LOS ALPES""-BERTHA CAMACHO RICALDEZ",2441-ZBD,Gasolina Especial +,GASOLINA_ESPECIAL_MAS,,
2026-09-15,2026-09-15,True,False,Cochabamba,GASOLINA ESPECIAL + EESS,8000.0,L,"EST. DE SERV. ""NISSAN"" - SIMON FERRUFINO",2185-YCD,Gasolina Especial +,GASOLINA_ESPECIAL_MAS,,
2026-09-15,2026-09-15,True,False,Cochabamba,GASOLINA ESPECIAL + EESS,12000.0,L,"EST. DE SERV. ""SAN JUAN BAUTISTA S.R.L.""",696 THG,Gasolina Especial +,GASOLINA_ESPECIAL_MAS,,
2026-09-15,2026-09-15,True,False,Cochabamba,GASOLINA ESPECIAL + EESS,12000.0,L,"EST. DE SERV. ""DELAASUNCION-AMERICA S.R.L.""",1543-IXY,Gasolina Especial +,GASOLINA_ESPECIAL_MAS,,
2026-09-15,2026-09-15,True,False,Cochabamba,GASOLINA ESPECIAL + EESS,14000.0,L,"EST. DE SERV. ""SAN JORGE CBBA S.R.L.""",623-GGF,Gasolina Especial +,GASOLINA_ESPECIAL_MAS,,
2026-09-15,2026-09-15,True,False,Cochabamba,GASOLINA ESPECIAL + EESS,14000.0,L,"EST. DE SERV. ""SIPE SIPE S.R.L.""",681 DLU,Gasolina Especial +,GASOLINA_ESPECIAL_MAS,,
2026-09-15,2026-09-15,True,False,Cochabamba,GASOLINA ESPECIAL + EESS,16000.0,L,"EST. DE SERV. ""IQUIRCOLLO S.R.L.""",6429 RLK,Gasolina Especial +,GASOLINA_ESPECIAL_MAS,,
2026-09-15,2026-09-15,True,False,Cochabamba,GASOLINA ESPECIAL + EESS,10000.0,L,ESTAGAS S.R.L.,2437 CZU,Gasolina Especial +,GASOLINA_ESPECIAL_MAS,,
2026-09-15,2026-09-15,True,False,Cochabamba,GASOLINA ESPECIAL + EESS,14000.0,L,"EST. DE SERV. ""IQUIRCOLLO S.R.L. SUC. 1""",6429 RLK,Gasolina Especial +,GASOLINA_ESPECIAL_MAS,,
2026-09-15,2026-09-15,True,False,Cochabamba,GASOLINA ESPECIAL + EESS,12000.0,L,ESTACION DE SERVICIO TICTI S.R.L.,3824-IAF,Gasolina Especial +,GASOLINA_ESPECIAL_MAS,,
2026-09-15,2026-09-15,True,False,Cochabamba,GASOLINA ESPECIAL + EESS,16000.0,L,"EST. DE SERV. ""EL CRISTO"" - CRISTIAN SABAG",2318-SZS,Gasolina Especial +,GASOLINA_ESPECIAL_MAS,,
2026-09-15,2026-09-15,True,False,Cochabamba,GASOLINA ESPECIAL + EESS,10000.0,L,"EST. DE SERV. ""GUADELOUPE GROUP S.R.L.""",1469-DIF,Gasolina Especial +,GASOLINA_ESPECIAL_MAS,,
2026-09-15,2026-09-15,True,False,Cochabamba,GASOLINA ESPECIAL + EESS,6000.0,L,IMBRANJO S.R.L.,2337 IRB,Gasolina Especial +,GASOLINA_ESPECIAL_MAS,,
2026-09-15,2026-09-15,True,False,Cochabamba,GASOLINA ESPECIAL + EESS,8000.0,L,IMBRANJO S.R.L.,2337 IRB,Gasolina Especial +,GASOLINA_ESPECIAL_MAS,,
2026-09-15,2026-09-15,True,False,Cochabamba,GASOLINA ESPECIAL + EESS,10000.0,L,"EST. DE SERV. ""COMERCIALIZADORA QK S.R.L.""",1469-DIF,Gasolina Especial +,GASOLINA_ESPECIAL_MAS,,
2026-09-15,2026-09-15,True,False,Cochabamba,GASOLINA ESPECIAL + EESS,4000.0,L,"EST. DE SERV. ""A.C.B. CARBURANTES SRL""",2026 - AAF,Gasolina Especial +,GASOLINA_ESPECIAL_MAS,,
2026-09-15,2026-09-15,True,False,Cochabamba,GASOLINA ESPECIAL + EESS,12000.0,L,"EST. DE SERV. ""A.C.B. CARBURANTES SRL""",2026 - AAF,Gasolina Especial +,GASOLINA_ESPECIAL_MAS,,
2026-09-15,2026-09-15,True,False,Cochabamba,GASOLINA ESPECIAL + EESS,16000.0,L,ESTACION DE SERVICIO ANITA,2741-BFG,Gasolina Especial +,GASOLINA_ESPECIAL_MAS,,
2026-09-15,2026-09-15,True,False,Cochabamba,GASOLINA ESPECIAL + EESS,18000.0,L,"EST. DE SERV. ""PORTALEZ S.R.L.""",686-BCG,Gasolina Especial +,GASOLINA_ESPECIAL_MAS,,
2026-09-15,2026-09-15,True,False,Cochabamba,GASOLINA ESPECIAL + EESS,10000.0,L,"EST. DE SERV. ""C.G.C. SRL""",686-BCG,Gasolina Especial +,GASOLINA_ESPECIAL_MAS,,
2026-09-15,2026-09-15,True,False,Cochabamba,GASOLINA ESPECIAL + EESS,12000.0,L,PETROCEL S.R.L.,1442-GKB,Gasolina Especial +,GASOLINA_ESPECIAL_MAS,,
2026-09-15,2026-09-15,True,False,Cochabamba,GASOLINA ESPECIAL + EESS,12000.0,L,"EST. DE SERV. ""20 DE DICIEMBRE""",1442-GKB,Gasolina Especial +,GASOLINA_ESPECIAL_MAS,,
2026-09-15,2026-09-15,True,False,Cochabamba,GASOLINA ESPECIAL + EESS,12000.0,L,"EST. DE SERV. ""DORBIGNI""",6227-DDT,Gasolina Especial +,GASOLINA_ESPECIAL_MAS,,
2026-09-15,2026-09-15,True,False,Cochabamba,GASOLINA ESPECIAL + EESS,12000.0,L,"EST. DE SERV. ""URKUPINA I""- ALBERTO OPORTO L.",1064-EBS,Gasolina Especial +,GASOLINA_ESPECIAL_MAS,,
2026-09-15,2026-09-15,True,False,Cochabamba,GASOLINA ESPECIAL + EESS,10000.0,L,"EST. DE SERV. ""URKUPINA"" - ALBERTO OPORTO",1064-EBS,Gasolina Especial +,GASOLINA_ESPECIAL_MAS,,
2026-09-15,2026-09-15,True,False,Cochabamba,GASOLINA ESPECIAL + EESS,12000.0,L,"EST. DE SERV. ""ISABEL CHAVEZ""",813-NDX,Gasolina Especial +,GASOLINA_ESPECIAL_MAS,,
2026-09-15,2026-09-15,True,False,Cochabamba,GASOLINA ESPECIAL + EESS,6000.0,L,"EST. DE SERV. ""MAX MAMANGUENO"" - E. MELGAREJO",945-CTP,Gasolina Especial +,GASOLINA_ESPECIAL_MAS,,
2026-09-15,2026-09-15,True,False,Cochabamba,GASOLINA ESPECIAL + EESS,10000.0,L,"EST. DE SERV. ""MONTERREY S.R.L.""",2559-XTU,Gasolina Especial +,GASOLINA_ESPECIAL_MAS,,
2026-09-15,2026-09-15,True,False,Cochabamba,GASOLINA ESPECIAL + EESS,4000.0,L,"EST. DE SERV. ""CITY TRUCK FH S.R.L.""",1250-ATC,Gasolina Especial +,GASOLINA_ESPECIAL_MAS,,
2026-09-15,2026-09-15,True,False,Cochabamba,GASOLINA ESPECIAL + EESS,12000.0,L,"EST. DE SERV. ""COCHABAMBA S.R.L. SUC. 1""",5715 CHX,Gasolina Especial +,GASOLINA_ESPECIAL_MAS,,
2026-09-15,2026-09-15,True,False,Cochabamba,GASOLINA ESPECIAL + EESS,6000.0,L,"EST. DE SERV. ""PETROGAS S.R.L.""",3147-FHD,Gasolina Especial +,GASOLINA_ESPECIAL_MAS,,
2026-09-15,2026-09-15,True,False,Cochabamba,GASOLINA ESPECIAL + EESS,6000.0,L,"EST. DE SERV. ""CITY TRUCK FH S.R.L.""",1250-ATC,Gasolina Especial +,GASOLINA_ESPECIAL_MAS,,
2026-09-15,2026-09-15,True,False,Cochabamba,GASOLINA ESPECIAL + EESS,12000.0,L,"EST. DE SERV. ""COCHABAMBA S.R.L. SUC. 2""",6227-DDT,Gasolina Especial +,GASOLINA_ESPECIAL_MAS,,
2026-09-15,2026-09-15,True,False,Cochabamba,GASOLINA ESPECIAL + EESS,14000.0,L,"EST. DE SERV. ""COCHABAMBA""",5715 CHX,Gasolina Especial +,GASOLINA_ESPECIAL_MAS,,
2026-09-15,2026-09-15,True,False,Cochabamba,GASOLINA ESPECIAL + EESS,10000.0,L,"EST. DE SERV. ""PANAMERICANA"" SUCURSAL COCHABAMBA",4119 RNN,Gasolina Especial +,GASOLINA_ESPECIAL_MAS,,
2026-09-15,2026-09-15,True,False,Cochabamba,GASOLINA ESPECIAL + EESS,12000.0,L,"EST. DE SERV. ""EL MANANTIAL SUC. 2""",1036-RZH,Gasolina Especial +,GASOLINA_ESPECIAL_MAS,,
2026-09-15,2026-09-15,True,False,Cochabamba,GASOLINA ESPECIAL + EESS,10000.0,L,"EST. DE SERV. ""EL MANANTIAL SUC. 1""",1036-RZH,Gasolina Especial +,GASOLINA_ESPECIAL_MAS,,
2026-09-15,2026-09-15,True,False,Cochabamba,GASOLINA ESPECIAL + EESS,12000.0,L,"EST. DE SERV. ""AYACUCHO""",4430-YZE,Gasolina Especial +,GASOLINA_ESPECIAL_MAS,,
2026-09-15,2026-09-15,True,False,Cochabamba,GASOLINA ESPECIAL + EESS,14000.0,L,ESTACION DE SERVICIO LOS ALAMOS S.R.L.,6227-DDT,Gasolina Especial +,GASOLINA_ESPECIAL_MAS,,
2026-09-15,2026-09-15,True,False,Cochabamba,GASOLINA ESPECIAL + EESS,10000.0,L,"ESTACION DE SERVICIO ""LOS LAURELES"" - DIEGO M. DELGADILLO ANTEZANA",1179-NTT,Gasolina Especial +,GASOLINA_ESPECIAL_MAS,,
2026-09-15,2026-09-15,True,False,Cochabamba,GASOLINA ESPECIAL + EESS,10000.0,L,"EST. DE SERV. ""SENOR SANTIAGO SUC. 1"" - E. DELGADILLO",1179-NTT,Gasolina Especial +,GASOLINA_ESPECIAL_MAS,,
2026-09-15,2026-09-15,True,False,Cochabamba,GASOLINA ESPECIAL + EESS,6000.0,L,"EST. DE SERV. ""FORTALEZA ENERGY S.R.L.""",945-CTP,Gasolina Especial +,GASOLINA_ESPECIAL_MAS,,
2026-09-15,2026-09-15,True,False,Cochabamba,GASOLINA ESPECIAL + EESS,10000.0,L,"EST. DE SERV. ""AEROPUERTO S.R.L.""",2026 - AAF,Gasolina Especial +,GASOLINA_ESPECIAL_MAS,,
2026-09-15,2026-09-15,True,False,Cochabamba,GASOLINA ESPECIAL + EESS,10000.0,L,"EST. DE SERV. ""SANTA MONICA"" S.R.L.",5710 ABA,Gasolina Especial +,GASOLINA_ESPECIAL_MAS,,
2026-09-15,2026-09-15,True,False,Cochabamba,GASOLINA ESPECIAL + EESS,8000.0,L,"EST. DE SERV. ""DISEL S.R.L.""",1035-CBN,Gasolina Especial +,GASOLINA_ESPECIAL_MAS,,
2026-09-15,2026-09-15,True,False,Cochabamba,GASOLINA ESPECIAL + EESS,8000.0,L,"EST. DE SERV. ""DISEL S.R.L. I""",3079 GRD,Gasolina Especial +,GASOLINA_ESPECIAL_MAS,,
2026-09-15,2026-09-15,True,False,Cochabamba,GASOLINA ESPECIAL + EESS,6000.0,L,KHORA ESTACION DE SERVICIO - MEDRANO ARNEZ JAIME,2337 IRB,Gasolina Especial +,GASOLINA_ESPECIAL_MAS,,
2026-09-15,2026-09-15,True,False,Cochabamba,GASOLINA ESPECIAL + EESS,16000.0,L,"EST. DE SERV. ""ARANJUEZ""",2049-AXA,Gasolina Especial +,GASOLINA_ESPECIAL_MAS,,
2026-09-15,2026-09-15,True,False,Cochabamba,GASOLINA ESPECIAL + EESS,14000.0,L,ESTACION DE SERVICIO BEIJING S.R.L.,2043-SRX,Gasolina Especial +,GASOLINA_ESPECIAL_MAS,,
2026-09-15,2026-09-15,True,False,Cochabamba,GASOLINA ESPECIAL + EESS,10000.0,L,ESTACION DE SERVICIO VIRGEN DE LAS ANGUSTIAS S.R.L.,1250-TDA,Gasolina Especial +,GASOLINA_ESPECIAL_MAS,,
2026-09-15,2026-09-15,True,False,Cochabamba,GASOLINA ESPECIAL + EESS,6000.0,L,ESTACION DE SERVICIO HIPODROMO S.R.L.,2049-AXA,Gasolina Especial +,GASOLINA_ESPECIAL_MAS,,
2026-09-15,2026-09-15,True,False,Cochabamba,GASOLINA ESPECIAL + EESS,10000.0,L,TERMINAL DE BUSES COCHABAMBA S.A.,2049-AXA,Gasolina Especial +,GASOLINA_ESPECIAL_MAS,,
2026-09-15,2026-09-15,True,False,Cochabamba,GASOLINA ESPECIAL + EESS,8000.0,L,"EST. DE SERV. ""RIOJA""",2049-AXA,Gasolina Especial +,GASOLINA_ESPECIAL_MAS,,
2026-09-15,2026-09-15,True,False,Cochabamba,GASOLINA ESPECIAL + EESS,10000.0,L,"EST. DE SERV. ""LORETO"" SUC. 1",1198 ILI,Gasolina Especial +,GASOLINA_ESPECIAL_MAS,,
2026-09-15,2026-09-14,True,True,Cochabamba,GASOLINA ESPECIAL + EESS,4000.0,L,"EST. DE SERV. ""FORTALEZA ENERGY S.R.L.""",945-CTP,Gasolina Especial +,GASOLINA_ESPECIAL_MAS,,
2026-09-15,2026-09-14,True,True,Cochabamba,GASOLINA ESPECIAL + EESS,5000.0,L,"EST. DE SERV. ""GASNOR S.R.L.""",3147-FHD,Gasolina Especial +,GASOLINA_ESPECIAL_MAS,,
2026-09-15,2026-09-15,True,False,Cochabamba,GLP DISTRIB. 10 KILOS NAL,6000.0,L,CBA GAS S.A.,1765-LGG,GLP,GLP,,
2026-09-15,2026-09-15,True,False,Cochabamba,GLP DISTRIB. 10 KILOS NAL,6000.0,L,FERRO GAS - BERTHA CAMACHO RICALDEZ DE FERRUFINO,4263-LRB,GLP,GLP,,
2026-09-15,2026-09-15,True,False,Cochabamba,GLP DISTRIB. 10 KILOS NAL,6000.0,L,"DIST. GLP""SARCO GAS""M.FELIPEZ",1058-FGN,GLP,GLP,,
2026-09-15,2026-09-15,True,False,Cochabamba,GLP DISTRIB. 45 KILOS NAL,2250.0,L,CBA GAS S.A.,1190-EXH,GLP,GLP,,
2026-09-15,2026-09-15,True,False,Cochabamba,GLP DISTRIB. 10 KILOS NAL,6000.0,L,"DIST.GLP""NOE GAS""M.HINOJOSA R.",1488-FKC,GLP,GLP,,
2026-09-15,2026-09-12,True,True,Cochabamba,GASOLINA ESPECIAL + EESS,6000.0,L,"EST. DE SERV. ""PETROGAS S.R.L.""",3147-FHD,Gasolina Especial +,GASOLINA_ESPECIAL_MAS,,
2026-09-15,2026-09-15,True,False,Cochabamba,GLP DISTRIB. 45 KILOS NAL,1800.0,L,DIST. GLP NUESTRO GAS-JONSON RICHARD LIMA FLORERO,1662-CGP,GLP,GLP,,
2026-09-15,2026-09-15,True,False,Cochabamba,GLP DISTRIB. 10 KILOS NAL,6000.0,L,"DIST. PROV.GLP ""SIPE SIPE GAS""",3103-ZPG,GLP,GLP,,
2026-09-15,2026-09-15,True,False,Cochabamba,GLP DISTRIB. 10 KILOS NAL,6000.0,L,"DIST. PROV. GLP ""PREMIUN GAS"" - EDUARDO ZENTENO E.",823-SZB,GLP,GLP,,
2026-09-16,2026-09-16,True,False,Cochabamba,GLP DISTRIB. 10 KILOS NAL,6000.0,L,DIST. GLP SOCIEDAD PETROLERA SANTA ELENA S.R.L.,1222-ICT,GLP,GLP,,
2026-09-16,2026-09-16,True,False,Cochabamba,GLP DISTRIB. 10 KILOS NAL,6000.0,L,FERRO GAS - BERTHA CAMACHO RICALDEZ DE FERRUFINO,1404-FYF,GLP,GLP,,
2026-09-16,2026-09-16,True,False,Cochabamba,GLP DISTRIB. 45 KILOS NAL,3600.0,L,DIST. GLP SOCIEDAD PETROLERA SANTA ELENA S.R.L.,4104-FLR,GLP,GLP,,
2026-09-16,2026-09-16,True,False,Cochabamba,GLP DISTRIB. 10 KILOS NAL,6000.0,L,"DIST. GLP ""DISBOGAS"" - JENNY PETRONA SALAMANCA VILLAFUERTE",1180-LXE,GLP,GLP,,
2026-09-16,2026-09-16,True,False,Cochabamba,GLP DISTRIB. 10 KILOS NAL,6000.0,L,"DIST. PROV. GLP ""COTA GAS"" - NELSON OLMOS",1717-RZX,GLP,GLP,,
2026-09-16,2026-09-16,True,False,Cochabamba,GLP DISTRIB. 10 KILOS NAL,6000.0,L,"DIST. GLP ""ADRIAZOL GAS""",1724-PZE,GLP,GLP,,
2026-09-16,2026-09-16,True,False,Cochabamba,GLP DISTRIB. 10 KILOS NAL,6000.0,L,"DIST.GLP""NOE GAS""M.HINOJOSA R.",1488-FKC,GLP,GLP,,
2026-09-16,2026-09-16,True,False,Cochabamba,GLP DISTRIB. 10 KILOS NAL,6000.0,L,CBA GAS S.A.,3131 KLD,GLP,GLP,,
2026-09-16,2026-09-16,True,False,Cochabamba,GLP DISTRIB. 10 KILOS NAL,6000.0,L,DIST. GLP NUESTRO GAS-JONSON RICHARD LIMA FLORERO,043-SKD,GLP,GLP,,
2026-09-16,2026-09-16,True,False,Cochabamba,GLP DISTRIB. 10 KILOS NAL,6000.0,L,"DIST. GLP""SARCO GAS""M.FELIPEZ",1058-FGN,GLP,GLP,,
2026-09-16,2026-09-16,True,False,Cochabamba,GLP DISTRIB. 10 KILOS NAL,6000.0,L,"DIST. GLP ""BIO GAS"" - ANA MARIA ROMERO DE TORRICO",732-IHT,GLP,GLP,,
2026-09-16,2026-09-16,True,False,Cochabamba,GLP DISTRIB. 10 KILOS NAL,6000.0,L,"DIST. GLP ""EXTRA GAS"" - MARIO CORDOVA PINTO",1121-ZIT,GLP,GLP,,
2026-09-16,2026-09-16,True,False,Cochabamba,GLP DISTRIB. 10 KILOS NAL,6000.0,L,"DIST. PROV.GLP ""SIPE SIPE GAS""",818-HER,GLP,GLP,,
2026-09-16,2026-09-16,True,False,Cochabamba,GLP DISTRIB. 10 KILOS NAL,6000.0,L,"DIST. PROV. GLP ""PREMIUN GAS"" - EDUARDO ZENTENO E.",823-SZB,GLP,GLP,,
2026-09-16,2026-09-16,True,False,Cochabamba,GLP DISTRIB. 10 KILOS NAL,6000.0,L,"DIST.GLP""VILOMA GAS"" E.ARANDIA",1545-HTG,GLP,GLP,,
2026-09-16,2026-09-16,True,False,Cochabamba,GLP DISTRIB. 10 KILOS NAL,6000.0,L,"DIST. PROV. GLP ""ARANDIA GAS S.R.L.""",545 RFA,GLP,GLP,,
2026-09-16,2026-09-16,True,False,Cochabamba,GLP DISTRIB. 10 KILOS NAL,6000.0,L,"DIST. GLP ""EDMUNDO GAS"" - EDMUNDO QUIROZ TAPIA",2316-FED,GLP,GLP,,
2026-09-16,2026-09-16,True,False,Cochabamba,GLP DISTRIB. 10 KILOS NAL,6000.0,L,"COOPERATIVA DE SERVICIOS DE DISTRIBUCION DE GAS LICUADO ""CANDELARIA"" R.L.",1395 FKG,GLP,GLP,,
2026-09-16,2026-09-16,True,False,Cochabamba,GLP DISTRIB. 10 KILOS NAL,6000.0,L,A TODO GAS S.R.L.,085-PFB,GLP,GLP,,
2026-09-16,2026-09-16,True,False,Cochabamba,GASOLINA ESPECIAL + EESS,12000.0,L,"EST. DE SERV. ""ADRIAN""",4151 PIA,Gasolina Especial +,GASOLINA_ESPECIAL_MAS,,
2026-09-16,2026-09-16,True,False,Cochabamba,GASOLINA ESPECIAL + EESS,8000.0,L,"EST. DE SERV. ""EQGAS"" S.R.L.",4151 PIA,Gasolina Especial +,GASOLINA_ESPECIAL_MAS,,
2026-09-16,2026-09-16,True,False,Cochabamba,GASOLINA ESPECIAL + EESS,8000.0,L,"EST. DE SERV. ""SURTIDOR CAMPERO""",1443-CAT,Gasolina Especial +,GASOLINA_ESPECIAL_MAS,,
2026-09-16,2026-09-16,True,False,Cochabamba,GASOLINA ESPECIAL + EESS,18000.0,L,"EST. DE SERV. ""CHULLPANI"" - TORRICO AGUILAR JOSE M",6341-CUR,Gasolina Especial +,GASOLINA_ESPECIAL_MAS,,
2026-09-16,2026-09-16,True,False,Cochabamba,GASOLINA ESPECIAL + EESS,12000.0,L,"ESTACION DE SERVICIO ""POJO""",5722-CGC,Gasolina Especial +,GASOLINA_ESPECIAL_MAS,,
2026-09-16,2026-09-16,True,False,Cochabamba,GASOLINA ESPECIAL + EESS,12000.0,L,"EST. DE SERV. ""SUTICOLLO""",4036-RHP,Gasolina Especial +,GASOLINA_ESPECIAL_MAS,,
2026-09-16,2026-09-16,True,False,Cochabamba,DIESEL OIL NACIONAL EESS,28000.0,L,"EST. DE SERV. ""PAROTANI""",4022-ELR,Diesel Oil Nacional,DIESEL_NACIONAL,,
2026-09-16,2026-09-16,True,False,Cochabamba,GASOLINA ESPECIAL + EESS,12000.0,L,"EST. DE SERV. ""DAYANA""",1250-TDA,Gasolina Especial +,GASOLINA_ESPECIAL_MAS,,
2026-09-16,2026-09-16,True,False,Cochabamba,GASOLINA ESPECIAL + EESS,12000.0,L,"EST. DE SERV. ""PARAJE 24.7 SRL""",1606-BYC,Gasolina Especial +,GASOLINA_ESPECIAL_MAS,,
2026-09-16,2026-09-16,True,False,Cochabamba,GASOLINA ESPECIAL + EESS,10000.0,L,"EST. DE SERV. ""PARAJE 24.7 SRL SUC. 1""",1606-BYC,Gasolina Especial +,GASOLINA_ESPECIAL_MAS,,
2026-09-16,2026-09-16,True,False,Cochabamba,GASOLINA ESPECIAL + EESS,6000.0,L,"EST. DE SERV. ""LA PATRIA S.R.L.""",1815 SSN,Gasolina Especial +,GASOLINA_ESPECIAL_MAS,,
2026-09-16,2026-09-16,True,False,Cochabamba,DIESEL OIL NACIONAL EESS,6000.0,L,"EST. DE SERV. ""REFINERIA""- SIMON RODRIGO FERRUFINO",2185-YCD,Diesel Oil Nacional,DIESEL_NACIONAL,,
2026-09-16,2026-09-16,True,False,Cochabamba,GASOLINA ESPECIAL + EESS,6000.0,L,"EST. DE SERV. ""REFINERIA""- SIMON RODRIGO FERRUFINO",1815 SSN,Gasolina Especial +,GASOLINA_ESPECIAL_MAS,,
2026-09-16,2026-09-16,True,False,Cochabamba,GASOLINA ESPECIAL + EESS,3000.0,L,FEDEX CHACO,1198 ILI,Gasolina Especial +,GASOLINA_ESPECIAL_MAS,,
2026-09-16,2026-09-16,True,False,Cochabamba,GASOLINA ESPECIAL + EESS,12000.0,L,"EST. DE SERV. ""ISABEL CHAVEZ""",1198 ILI,Gasolina Especial +,GASOLINA_ESPECIAL_MAS,,
2026-09-16,2026-09-16,True,False,Cochabamba,GASOLINA ESPECIAL + EESS,10000.0,L,"EST. DE SERV. ""CHINATA S.R.L.""",2441-ZBD,Gasolina Especial +,GASOLINA_ESPECIAL_MAS,,
2026-09-16,2026-09-16,True,False,Cochabamba,GASOLINA ESPECIAL + EESS,12000.0,L,ESTACION DE SERVICIO TICTI S.R.L.,3824-IAF,Gasolina Especial +,GASOLINA_ESPECIAL_MAS,,
2026-09-16,2026-09-16,True,False,Cochabamba,DIESEL OIL NACIONAL EESS,16000.0,L,ESTACION DE SERVICIO TICTI S.R.L.,3824-IAF,Diesel Oil Nacional,DIESEL_NACIONAL,,
2026-09-16,2026-09-16,True,False,Cochabamba,GASOLINA ESPECIAL + EESS,12000.0,L,"EST. DE SERV. ""LOS ALPES""-BERTHA CAMACHO RICALDEZ",2441-ZBD,Gasolina Especial +,GASOLINA_ESPECIAL_MAS,,
2026-09-16,2026-09-16,True,False,Cochabamba,GASOLINA ESPECIAL + EESS,12000.0,L,"EST. DE SERV. ""URKUPINA I""- ALBERTO OPORTO L.",3127-GTL,Gasolina Especial +,GASOLINA_ESPECIAL_MAS,,
2026-09-16,2026-09-16,True,False,Cochabamba,DIESEL OIL NACIONAL EESS,6000.0,L,"EST. DE SERV. ""URKUPINA I""- ALBERTO OPORTO L.",1064-EBS,Diesel Oil Nacional,DIESEL_NACIONAL,,
2026-09-16,2026-09-16,True,False,Cochabamba,GASOLINA ESPECIAL + EESS,10000.0,L,"EST. DE SERV. ""URKUPINA"" - ALBERTO OPORTO",3127-GTL,Gasolina Especial +,GASOLINA_ESPECIAL_MAS,,
2026-09-16,2026-09-16,True,False,Cochabamba,GASOLINA ESPECIAL + EESS,10000.0,L,"EST. DE SERV. "" LAS PALMERAS S.R.L.""",1815 SSN,Gasolina Especial +,GASOLINA_ESPECIAL_MAS,,
2026-09-16,2026-09-16,True,False,Cochabamba,GASOLINA ESPECIAL + EESS,4000.0,L,"EST. DE SERV. ""A.C.B. CARBURANTES SRL""",2026 - AAF,Gasolina Especial +,GASOLINA_ESPECIAL_MAS,,
2026-09-16,2026-09-16,True,False,Cochabamba,GASOLINA ESPECIAL + EESS,12000.0,L,"EST. DE SERV. ""A.C.B. CARBURANTES SRL""",2026 - AAF,Gasolina Especial +,GASOLINA_ESPECIAL_MAS,,
2026-09-16,2026-09-16,True,False,Cochabamba,GASOLINA ESPECIAL + EESS,10000.0,L,"EST. DE SERV. ""ITAPAYA"" - ALBERTO AMURRIO F.",3875 YBR,Gasolina Especial +,GASOLINA_ESPECIAL_MAS,,
2026-09-16,2026-09-16,True,False,Cochabamba,GASOLINA ESPECIAL + EESS,8000.0,L,"EST. DE SERV. ""GASNOR S.R.L.""",3147-FHD,Gasolina Especial +,GASOLINA_ESPECIAL_MAS,,
2026-09-16,2026-09-16,True,False,Cochabamba,GASOLINA ESPECIAL + EESS,8000.0,L,IMBRANJO S.R.L.,2337 IRB,Gasolina Especial +,GASOLINA_ESPECIAL_MAS,,
2026-09-16,2026-09-16,True,False,Cochabamba,GASOLINA ESPECIAL + EESS,6000.0,L,IMBRANJO S.R.L.,2337 IRB,Gasolina Especial +,GASOLINA_ESPECIAL_MAS,,
2026-09-16,2026-09-16,True,False,Cochabamba,GASOLINA ESPECIAL + EESS,10000.0,L,"EST. DE SERV. ""VILLA OBRAJES""",1057-RCA,Gasolina Especial +,GASOLINA_ESPECIAL_MAS,,
2026-09-16,2026-09-16,True,False,Cochabamba,DIESEL OIL NACIONAL EESS,20000.0,L,"EST. DE SERV. ""VILLA OBRAJES""",1057-RCA,Diesel Oil Nacional,DIESEL_NACIONAL,,
2026-09-16,2026-09-16,True,False,Cochabamba,GASOLINA ESPECIAL + EESS,10000.0,L,"EST. DE SERV. ""GUADELOUPE GROUP S.R.L.""",1469-DIF,Gasolina Especial +,GASOLINA_ESPECIAL_MAS,,
2026-09-16,2026-09-16,True,False,Cochabamba,GASOLINA ESPECIAL + EESS,12000.0,L,"EST. DE SERV. ""AYACUCHO""",4430-YZE,Gasolina Especial +,GASOLINA_ESPECIAL_MAS,,
2026-09-16,2026-09-16,True,False,Cochabamba,GASOLINA ESPECIAL + EESS,10000.0,L,"EST. DE SERV. ""COMERCIALIZADORA QK S.R.L.""",1469-DIF,Gasolina Especial +,GASOLINA_ESPECIAL_MAS,,
2026-09-16,2026-09-16,True,False,Cochabamba,GASOLINA ESPECIAL + EESS,6000.0,L,KHORA ESTACION DE SERVICIO - MEDRANO ARNEZ JAIME,2337 IRB,Gasolina Especial +,GASOLINA_ESPECIAL_MAS,,
2026-09-16,2026-09-16,True,False,Cochabamba,DIESEL OIL NACIONAL EESS,11000.0,L,"EST. DE SERV. ""24 DE SEPTIEMBRE S.R.L.""",4430-YZE,Diesel Oil Nacional,DIESEL_NACIONAL,,
2026-09-16,2026-09-16,True,False,Cochabamba,GASOLINA ESPECIAL + EESS,12000.0,L,"EST. DE SERV. ""24 DE SEPTIEMBRE S.R.L.""",4430-YZE,Gasolina Especial +,GASOLINA_ESPECIAL_MAS,,
2026-09-16,2026-09-16,True,False,Cochabamba,GASOLINA ESPECIAL + EESS,5000.0,L,"EST. DE SERV. ""PETROGAS S.R.L.""",3147-FHD,Gasolina Especial +,GASOLINA_ESPECIAL_MAS,,
2026-09-16,2026-09-16,True,False,Cochabamba,GASOLINA ESPECIAL + EESS,10000.0,L,"EST. DE SERV. ""SANTA MONICA"" S.R.L.",2026 - AAF,Gasolina Especial +,GASOLINA_ESPECIAL_MAS,,
2026-09-16,2026-09-16,True,False,Cochabamba,GASOLINA ESPECIAL + EESS,10000.0,L,"EST. DE SERV. ""AEROPUERTO S.R.L.""",2026 - AAF,Gasolina Especial +,GASOLINA_ESPECIAL_MAS,,
2026-09-16,2026-09-16,True,False,Cochabamba,GASOLINA ESPECIAL + EESS,10000.0,L,"EST. DE SERV. ""CITY TRUCK FH S.R.L.""",1250-ATC,Gasolina Especial +,GASOLINA_ESPECIAL_MAS,,
2026-09-16,2026-09-16,True,False,Cochabamba,DIESEL OIL NACIONAL EESS,17000.0,L,"EST. DE SERV. ""CITY TRUCK FH S.R.L.""",1250-ATC,Diesel Oil Nacional,DIESEL_NACIONAL,,
2026-09-16,2026-09-16,True,False,Cochabamba,GASOLINA ESPECIAL + EESS,12000.0,L,"EST. DE SERV. ""SAN JUAN BAUTISTA S.R.L.""",696 THG,Gasolina Especial +,GASOLINA_ESPECIAL_MAS,,
2026-09-16,2026-09-16,True,False,Cochabamba,GASOLINA ESPECIAL + EESS,8000.0,L,"EST. DE SERV. ""DISEL S.R.L.""",1035-CBN,Gasolina Especial +,GASOLINA_ESPECIAL_MAS,,
2026-09-16,2026-09-16,True,False,Cochabamba,GASOLINA ESPECIAL + EESS,10000.0,L,TERMINAL DE BUSES COCHABAMBA S.A.,2049-AXA,Gasolina Especial +,GASOLINA_ESPECIAL_MAS,,
2026-09-16,2026-09-16,True,False,Cochabamba,GASOLINA ESPECIAL + EESS,10000.0,L,"EST. DE SERV. ""MONTERREY S.R.L.""",2559-XTU,Gasolina Especial +,GASOLINA_ESPECIAL_MAS,,
2026-09-16,2026-09-16,True,False,Cochabamba,GASOLINA ESPECIAL + EESS,10000.0,L,"ESTACION DE SERVICIO ""LOS LAURELES"" - DIEGO M. DELGADILLO ANTEZANA",1179-NTT,Gasolina Especial +,GASOLINA_ESPECIAL_MAS,,
2026-09-16,2026-09-16,True,False,Cochabamba,GASOLINA ESPECIAL + EESS,10000.0,L,"EST. DE SERV. ""SENOR SANTIAGO SUC. 1"" - E. DELGADILLO",1179-NTT,Gasolina Especial +,GASOLINA_ESPECIAL_MAS,,
2026-09-16,2026-09-16,True,False,Cochabamba,DIESEL OIL NACIONAL EESS,8000.0,L,"EST. DE SERV. ""NISSAN"" - SIMON FERRUFINO",2185-YCD,Diesel Oil Nacional,DIESEL_NACIONAL,,
2026-09-16,2026-09-16,True,False,Cochabamba,GASOLINA ESPECIAL + EESS,8000.0,L,"EST. DE SERV. ""NISSAN"" - SIMON FERRUFINO",1815 SSN,Gasolina Especial +,GASOLINA_ESPECIAL_MAS,,
2026-09-16,2026-09-16,True,False,Cochabamba,GASOLINA ESPECIAL + EESS,14000.0,L,ESTACION DE SERVICIO LOS ALAMOS S.R.L.,4031-GBK,Gasolina Especial +,GASOLINA_ESPECIAL_MAS,,
2026-09-16,2026-09-16,True,False,Cochabamba,GASOLINA ESPECIAL + EESS,12000.0,L,"EST. DE SERV. ""COCHABAMBA S.R.L. SUC. 1""",5715 CHX,Gasolina Especial +,GASOLINA_ESPECIAL_MAS,,
2026-09-16,2026-09-16,True,False,Cochabamba,GASOLINA ESPECIAL + EESS,12000.0,L,"EST. DE SERV. ""COCHABAMBA S.R.L. SUC. 2""",4031-GBK,Gasolina Especial +,GASOLINA_ESPECIAL_MAS,,
2026-09-16,2026-09-16,True,False,Cochabamba,GASOLINA ESPECIAL + EESS,10000.0,L,ESTAGAS S.R.L.,2049-AXA,Gasolina Especial +,GASOLINA_ESPECIAL_MAS,,
2026-09-16,2026-09-16,True,False,Cochabamba,GASOLINA ESPECIAL + EESS,14000.0,L,"EST. DE SERV. ""CHIMBOCO""",679-RCN,Gasolina Especial +,GASOLINA_ESPECIAL_MAS,,
2026-09-16,2026-09-16,True,False,Cochabamba,GASOLINA ESPECIAL + EESS,14000.0,L,"EST. DE SERV. ""COCHABAMBA""",5715 CHX,Gasolina Especial +,GASOLINA_ESPECIAL_MAS,,
2026-09-16,2026-09-16,True,False,Cochabamba,GASOLINA ESPECIAL + EESS,12000.0,L,"EST. DE SERV. ""DORBIGNI""",4031-GBK,Gasolina Especial +,GASOLINA_ESPECIAL_MAS,,
2026-09-16,2026-09-16,True,False,Cochabamba,GASOLINA ESPECIAL + EESS,12000.0,L,"EST. DE SERV. ""20 DE DICIEMBRE""",1442-GKB,Gasolina Especial +,GASOLINA_ESPECIAL_MAS,,
2026-09-16,2026-09-16,True,False,Cochabamba,GASOLINA ESPECIAL + EESS,12000.0,L,PETROCEL S.R.L.,1442-GKB,Gasolina Especial +,GASOLINA_ESPECIAL_MAS,,
2026-09-16,2026-09-16,True,False,Cochabamba,GASOLINA ESPECIAL + EESS,10000.0,L,"EST. DE SERV. ""SENOR SANTIAGO"" - E. DELGADILLO",2043-SRX,Gasolina Especial +,GASOLINA_ESPECIAL_MAS,,
2026-09-16,2026-09-16,True,False,Cochabamba,DIESEL OIL NACIONAL EESS,12000.0,L,"EST. DE SERV. ""SURTIDOR CAMPERO""",1443-CAT,Diesel Oil Nacional,DIESEL_NACIONAL,,
2026-09-16,2026-09-16,True,False,Cochabamba,DIESEL OIL NACIONAL EESS,14000.0,L,"EST. DE SERV. ""CHULLPANI"" - TORRICO AGUILAR JOSE M",6341-CUR,Diesel Oil Nacional,DIESEL_NACIONAL,,
2026-09-16,2026-09-16,True,False,Cochabamba,GASOLINA ESPECIAL + EESS,12000.0,L,ESTACION DE SERVICIO VIRGEN DE LAS ANGUSTIAS S.R.L.,1250-TDA,Gasolina Especial +,GASOLINA_ESPECIAL_MAS,,
2026-09-16,2026-09-16,True,False,Cochabamba,GASOLINA ESPECIAL + EESS,18000.0,L,"EST. DE SERV. ""PORTALEZ S.R.L.""",686-BCG,Gasolina Especial +,GASOLINA_ESPECIAL_MAS,,
2026-09-16,2026-09-16,True,False,Cochabamba,GASOLINA ESPECIAL + EESS,10000.0,L,"EST. DE SERV. ""PANAMERICANA"" SUCURSAL COCHABAMBA",390-PEA,Gasolina Especial +,GASOLINA_ESPECIAL_MAS,,
2026-09-16,2026-09-16,True,False,Cochabamba,DIESEL OIL NACIONAL EESS,10000.0,L,ESTACION DE SERVICIO LOS LIBERTADORES S.R.L.,952-ZHP,Diesel Oil Nacional,DIESEL_NACIONAL,,
2026-09-16,2026-09-16,True,False,Cochabamba,GASOLINA ESPECIAL + EESS,10000.0,L,"EST. DE SERV. ""C.G.C. SRL""",686-BCG,Gasolina Especial +,GASOLINA_ESPECIAL_MAS,,
2026-09-16,2026-09-16,True,False,Cochabamba,GASOLINA ESPECIAL + EESS,16000.0,L,"EST. DE SERV. ""EL CRISTO"" - CRISTIAN SABAG",2318-SZS,Gasolina Especial +,GASOLINA_ESPECIAL_MAS,,
2026-09-16,2026-09-16,True,False,Cochabamba,GASOLINA ESPECIAL + EESS,16000.0,L,ESTACION DE SERVICIO ANITA,4821 ERB,Gasolina Especial +,GASOLINA_ESPECIAL_MAS,,
2026-09-16,2026-09-16,True,False,Cochabamba,GASOLINA ESPECIAL + EESS,12000.0,L,"EST. DE SERV. ""DELAASUNCION-AMERICA S.R.L.""",681 DLU,Gasolina Especial +,GASOLINA_ESPECIAL_MAS,,
2026-09-16,2026-09-16,True,False,Cochabamba,GASOLINA ESPECIAL + EESS,8000.0,L,"EST. DE SERV. ""LA MERCED S.R.L.""",686-BCG,Gasolina Especial +,GASOLINA_ESPECIAL_MAS,,
2026-09-16,2026-09-16,True,False,Cochabamba,GASOLINA ESPECIAL + EESS,6000.0,L,ESTACION DE SERVICIO HIPODROMO S.R.L.,2437 CZU,Gasolina Especial +,GASOLINA_ESPECIAL_MAS,,
2026-09-16,2026-09-16,True,False,Cochabamba,DIESEL OIL NACIONAL EESS,20000.0,L,ESTACION DE SERVICIO ANITA,2741-BFG,Diesel Oil Nacional,DIESEL_NACIONAL,,
2026-09-16,2026-09-16,True,False,Cochabamba,GASOLINA ESPECIAL + EESS,14000.0,L,"EST. DE SERV. ""SIPE SIPE S.R.L.""",4745-NHS,Gasolina Especial +,GASOLINA_ESPECIAL_MAS,,
2026-09-16,2026-09-16,True,False,Cochabamba,DIESEL OIL NACIONAL EESS,6000.0,L,"EST. DE SERV. ""TIQUIPAYA"" - VENICIA ALANEZ JIMENES",3785-SDC,Diesel Oil Nacional,DIESEL_NACIONAL,,
2026-09-16,2026-09-16,True,False,Cochabamba,GASOLINA ESPECIAL + EESS,6000.0,L,"EST. DE SERV. ""TIQUIPAYA"" - VENICIA ALANEZ JIMENES",3785-SDC,Gasolina Especial +,GASOLINA_ESPECIAL_MAS,,
2026-09-16,2026-09-16,True,False,Cochabamba,GASOLINA ESPECIAL + EESS,14000.0,L,"EST. DE SERV. ""SAN JORGE CBBA S.R.L.""",4745-NHS,Gasolina Especial +,GASOLINA_ESPECIAL_MAS,,
2026-09-16,2026-09-16,True,False,Cochabamba,GASOLINA ESPECIAL + EESS,10000.0,L,"EST. DE SERV. ""TRANS SACABA S.A. II""",5258 - YSB,Gasolina Especial +,GASOLINA_ESPECIAL_MAS,,
2026-09-16,2026-09-16,True,False,Cochabamba,DIESEL OIL NACIONAL EESS,15000.0,L,ESTACION DE SERVICIO COODPE S.R.L.,1442-UGC,Diesel Oil Nacional,DIESEL_NACIONAL,,
2026-09-16,2026-09-16,True,False,Cochabamba,GASOLINA ESPECIAL + EESS,12000.0,L,"EST. DE SERV. ""EL MANANTIAL SUC. 2""",1036-RZH,Gasolina Especial +,GASOLINA_ESPECIAL_MAS,,
2026-09-16,2026-09-16,True,False,Cochabamba,GASOLINA ESPECIAL + EESS,10000.0,L,"EST. DE SERV. ""EL MANANTIAL SUC. 1""",1036-RZH,Gasolina Especial +,GASOLINA_ESPECIAL_MAS,,
2026-09-16,2026-09-16,True,False,Cochabamba,DIESEL OIL NACIONAL EESS,12000.0,L,"ESTACION DE SERVICIO ""POJO""",5722-CGC,Diesel Oil Nacional,DIESEL_NACIONAL,,
2026-09-16,2026-09-16,True,False,Cochabamba,GASOLINA ESPECIAL + EESS,10000.0,L,"EST. DE SERV. ""EL MANANTIAL SRL""",1036-RZH,Gasolina Especial +,GASOLINA_ESPECIAL_MAS,,
2026-09-16,2026-09-16,True,False,Cochabamba,GASOLINA ESPECIAL + EESS,10000.0,L,CENTRO DE SERVICIOS VALLEPUNATA S.R.L.,813-NDX,Gasolina Especial +,GASOLINA_ESPECIAL_MAS,,
2026-09-16,2026-09-16,True,False,Cochabamba,GASOLINA ESPECIAL + EESS,16000.0,L,"EST. DE SERV. ""IQUIRCOLLO S.R.L.""",6429 RLK,Gasolina Especial +,GASOLINA_ESPECIAL_MAS,,
2026-09-16,2026-09-16,True,False,Cochabamba,GASOLINA ESPECIAL + EESS,14000.0,L,"EST. DE SERV. ""IQUIRCOLLO S.R.L. SUC. 1""",6429 RLK,Gasolina Especial +,GASOLINA_ESPECIAL_MAS,,
2026-09-16,2026-09-16,True,False,Cochabamba,GASOLINA ESPECIAL + EESS,8000.0,L,"EST. DE SERV. ""RIOJA""",2437 CZU,Gasolina Especial +,GASOLINA_ESPECIAL_MAS,,
2026-09-16,2026-09-16,True,False,Cochabamba,GASOLINA ESPECIAL + EESS,14000.0,L,ESTACION DE SERVICIO BEIJING S.R.L.,2043-SRX,Gasolina Especial +,GASOLINA_ESPECIAL_MAS,,
2026-09-16,2026-09-16,True,False,Cochabamba,GASOLINA ESPECIAL + EESS,4000.0,L,"EST. DE SERV. ""CIRCUITO BOLIVIA S.A.""",390-PEA,Gasolina Especial +,GASOLINA_ESPECIAL_MAS,,
2026-09-16,2026-09-16,True,False,Cochabamba,GASOLINA ESPECIAL + EESS,10000.0,L,"EST. DE SERV. ""CIRCUITO BOLIVIA S.A.""",390-PEA,Gasolina Especial +,GASOLINA_ESPECIAL_MAS,,
2026-09-16,2026-09-16,True,False,Cochabamba,GASOLINA ESPECIAL + EESS,16000.0,L,"EST. DE SERV. ""ARANJUEZ""",2437 CZU,Gasolina Especial +,GASOLINA_ESPECIAL_MAS,,
2026-09-16,2026-09-16,True,False,Cochabamba,GASOLINA ESPECIAL + EESS,12000.0,L,"EST. DE SERV. ""LORETO"" SUC. 1",1198 ILI,Gasolina Especial +,GASOLINA_ESPECIAL_MAS,,
2026-09-16,2026-09-16,True,False,Cochabamba,DIESEL OIL NACIONAL EESS,14000.0,L,"EST. DE SERV. ""LORETO"" SUC. 1",1198 ILI,Diesel Oil Nacional,DIESEL_NACIONAL,,
2026-09-16,2026-09-15,True,True,Cochabamba,DIESEL OIL NACIONAL EESS,11000.0,L,"EST. DE SERV. ""INVERSIONES VALLESUR S.A.""",4151 PIA,Diesel Oil Nacional,DIESEL_NACIONAL,,
2026-09-16,2026-09-15,True,True,Cochabamba,GASOLINA ESPECIAL + EESS,12000.0,L,ESTACIÓN DE SERVICIO FRANQUITO,2386-NXU,Gasolina Especial +,GASOLINA_ESPECIAL_MAS,,
2026-09-16,2026-09-15,True,True,Cochabamba,DIESEL OIL NACIONAL EESS,12000.0,L,ESTACIÓN DE SERVICIO FRANQUITO,2386-NXU,Diesel Oil Nacional,DIESEL_NACIONAL,,
2026-09-16,2026-09-15,True,True,Cochabamba,DIESEL OIL NACIONAL EESS,11000.0,L,ESTACION DE SERVICIO OMEREQUE,4004-DTE,Diesel Oil Nacional,DIESEL_NACIONAL,,
2026-09-16,2026-09-15,True,True,Cochabamba,GASOLINA ESPECIAL + EESS,12000.0,L,ESTACION DE SERVICIO OMEREQUE,4004-DTE,Gasolina Especial +,GASOLINA_ESPECIAL_MAS,,
2026-09-16,2026-09-15,True,True,Cochabamba,DIESEL OIL NACIONAL EESS,6000.0,L,"EST. DE SERV. ""FORTALEZA ENERGY S.R.L.""",945-CTP,Diesel Oil Nacional,DIESEL_NACIONAL,,
2026-09-16,2026-09-15,True,True,Cochabamba,DIESEL OIL NACIONAL EESS,7000.0,L,"EST. DE SERV. ""MAX MAMANGUENO"" - E. MELGAREJO",945-CTP,Diesel Oil Nacional,DIESEL_NACIONAL,,
2026-09-16,2026-09-15,True,True,Cochabamba,DIESEL OIL NACIONAL EESS,18000.0,L,"EST. DE SERV. ""CHINATA S.R.L.""",2441-ZBD,Diesel Oil Nacional,DIESEL_NACIONAL,,
2026-09-16,2026-09-15,True,True,Cochabamba,DIESEL OIL NACIONAL EESS,11000.0,L,"EST. DE SERV. ""PAREDES VALLEJOS"" - JHONNY MILTON PAREDES VALLEJOS",4036-RHP,Diesel Oil Nacional,DIESEL_NACIONAL,,
2026-09-16,2026-09-15,True,True,Cochabamba,GASOLINA ESPECIAL + EESS,10000.0,L,"EST. DE SERV. ""EPIZANA""",1011-KDU,Gasolina Especial +,GASOLINA_ESPECIAL_MAS,,
2026-09-16,2026-09-15,True,True,Cochabamba,DIESEL OIL NACIONAL EESS,12000.0,L,"EST. DE SERV. ""EPIZANA""",1011-KDU,Diesel Oil Nacional,DIESEL_NACIONAL,,
2026-09-16,2026-09-15,True,True,Cochabamba,DIESEL OIL NACIONAL EESS,20000.0,L,"EST. DE SERV. ""SUTICOLLO""",4036-RHP,Diesel Oil Nacional,DIESEL_NACIONAL,,
2026-09-16,2026-09-15,True,True,Cochabamba,GASOLINA ESPECIAL + EESS,10000.0,L,"EST. DE SERV. ""PAREDES VALLEJOS"" - JHONNY MILTON PAREDES VALLEJOS",4036-RHP,Gasolina Especial +,GASOLINA_ESPECIAL_MAS,,
2026-09-16,2026-09-15,True,True,Cochabamba,DIESEL OIL NACIONAL EESS,12000.0,L,"EST. DE SERV. ""DAYANA""",2386-NXU,Diesel Oil Nacional,DIESEL_NACIONAL,,
2026-09-16,2026-09-15,True,True,Cochabamba,DIESEL OIL NACIONAL EESS,8000.0,L,COMERCIALIZADORA DE SERVICIOS LUBRISHOP S.R.L.,696 THG,Diesel Oil Nacional,DIESEL_NACIONAL,,
2026-09-16,2026-09-15,True,True,Cochabamba,DIESEL OIL NACIONAL EESS,9000.0,L,"EST. DE SERV. ""PARAJE 24.7 SRL SUC. 1""",1543-IXY,Diesel Oil Nacional,DIESEL_NACIONAL,,
2026-09-16,2026-09-15,True,True,Cochabamba,DIESEL OIL NACIONAL EESS,11000.0,L,"EST. DE SERV. ""ITAPAYA"" - ALBERTO AMURRIO F.",3875 YBR,Diesel Oil Nacional,DIESEL_NACIONAL,,
2026-09-16,2026-09-15,True,True,Cochabamba,DIESEL OIL NACIONAL EESS,15000.0,L,"EST. DE SERV. ""TRANS SACABA S.A. II""",5258 - YSB,Diesel Oil Nacional,DIESEL_NACIONAL,,
2026-09-16,2026-09-15,True,True,Cochabamba,DIESEL OIL NACIONAL EESS,13000.0,L,"EST. DE SERV. ""TRANS SACABA S.A.""",5258 - YSB,Diesel Oil Nacional,DIESEL_NACIONAL,,
2026-09-16,2026-09-15,True,True,Cochabamba,DIESEL OIL NACIONAL EESS,25000.0,L,"EST. DE SERV. ""PAROTANI""",4022-ELR,Diesel Oil Nacional,DIESEL_NACIONAL,,
2026-09-16,2026-09-15,True,True,Cochabamba,DIESEL OIL NACIONAL EESS,6000.0,L,"EST. DE SERV. ""REFINERIA""- SIMON RODRIGO FERRUFINO",1815 SSN,Diesel Oil Nacional,DIESEL_NACIONAL,,
2026-09-16,2026-09-15,True,True,Cochabamba,DIESEL OIL NACIONAL EESS,7000.0,L,"EST. DE SERV. ""LOS ALPES""-BERTHA CAMACHO RICALDEZ",2441-ZBD,Diesel Oil Nacional,DIESEL_NACIONAL,,
2026-09-16,2026-09-15,True,True,Cochabamba,DIESEL OIL NACIONAL EESS,22000.0,L,"EST. DE SERV. ""EL VIAJERO SRL""",4119 RNN,Diesel Oil Nacional,DIESEL_NACIONAL,,
2026-09-16,2026-09-15,True,True,Cochabamba,DIESEL OIL NACIONAL EESS,6000.0,L,"EST. DE SERV. ""NISSAN"" - SIMON FERRUFINO",1815 SSN,Diesel Oil Nacional,DIESEL_NACIONAL,,
2026-09-16,2026-09-15,True,True,Cochabamba,DIESEL OIL NACIONAL EESS,11000.0,L,"EST. DE SERV. ""SAN JUAN BAUTISTA S.R.L.""",696 THG,Diesel Oil Nacional,DIESEL_NACIONAL,,
2026-09-16,2026-09-15,True,True,Cochabamba,DIESEL OIL NACIONAL EESS,24000.0,L,"EST. DE SERV. ""SAN JORGE CBBA S.R.L.""",623-GGF,Diesel Oil Nacional,DIESEL_NACIONAL,,
2026-09-16,2026-09-15,True,True,Cochabamba,DIESEL OIL NACIONAL EESS,3000.0,L,"EST. DE SERV. ""SAN JORGE CBBA S.R.L.""",1543-IXY,Diesel Oil Nacional,DIESEL_NACIONAL,,
2026-09-16,2026-09-15,True,True,Cochabamba,DIESEL OIL NACIONAL EESS,24000.0,L,"EST. DE SERV. ""SIPE SIPE S.R.L.""",681 DLU,Diesel Oil Nacional,DIESEL_NACIONAL,,
2026-09-16,2026-09-15,True,True,Cochabamba,DIESEL OIL NACIONAL EESS,5000.0,L,"EST. DE SERV. ""SIPE SIPE S.R.L.""",1543-IXY,Diesel Oil Nacional,DIESEL_NACIONAL,,
2026-09-16,2026-09-15,True,True,Cochabamba,DIESEL OIL NACIONAL EESS,20000.0,L,"EST. DE SERV. ""CHIMBOCO""",679-RCN,Diesel Oil Nacional,DIESEL_NACIONAL,,
2026-09-16,2026-09-15,True,True,Cochabamba,GASOLINA ESPECIAL + EESS,6000.0,L,"EST. DE SERV. ""MIZQUE"" - DIOGENES MONTENEGRO P.",957-LEL,Gasolina Especial +,GASOLINA_ESPECIAL_MAS,,
2026-09-16,2026-09-15,True,True,Cochabamba,DIESEL OIL NACIONAL EESS,6000.0,L,"EST. DE SERV. ""MIZQUE"" - DIOGENES MONTENEGRO P.",957-LEL,Diesel Oil Nacional,DIESEL_NACIONAL,,
2026-09-16,2026-09-15,True,True,Cochabamba,DIESEL OIL NACIONAL EESS,13000.0,L,"EST. DE SERV. ""LORETO"" SUC. 1",813-NDX,Diesel Oil Nacional,DIESEL_NACIONAL,,
2026-09-16,2026-09-15,True,True,Cochabamba,DIESEL OIL NACIONAL EESS,27000.0,L,"EST. DE SERV. ""IQUIRCOLLO S.R.L.""",6429 RLK,Diesel Oil Nacional,DIESEL_NACIONAL,,
2026-09-16,2026-09-15,True,True,Cochabamba,DIESEL OIL NACIONAL EESS,7000.0,L,"EST. DE SERV. ""SENOR SANTIAGO"" - E. DELGADILLO",2049-AXA,Diesel Oil Nacional,DIESEL_NACIONAL,,
2026-09-16,2026-09-15,True,True,Cochabamba,DIESEL OIL NACIONAL EESS,14000.0,L,ESTACION DE SERVICIO TICTI S.R.L.,3824-IAF,Diesel Oil Nacional,DIESEL_NACIONAL,,
2026-09-16,2026-09-15,True,True,Cochabamba,DIESEL OIL NACIONAL EESS,11000.0,L,"EST. DE SERV. ""ARISPE""",2819-SFR,Diesel Oil Nacional,DIESEL_NACIONAL,,
2026-09-16,2026-09-15,True,True,Cochabamba,GASOLINA ESPECIAL + EESS,12000.0,L,"EST. DE SERV. ""ARISPE""",2819-SFR,Gasolina Especial +,GASOLINA_ESPECIAL_MAS,,
2026-09-16,2026-09-15,True,True,Cochabamba,DIESEL OIL NACIONAL EESS,20000.0,L,"EST. DE SERV. ""PARAJE 24.7 SRL""",1606-BYC,Diesel Oil Nacional,DIESEL_NACIONAL,,
2026-09-16,2026-09-15,True,True,Cochabamba,DIESEL OIL NACIONAL EESS,12000.0,L,"EST. DE SERV. ""TIRAQUE""",1442-UGC,Diesel Oil Nacional,DIESEL_NACIONAL,,
2026-09-16,2026-09-15,True,True,Cochabamba,GASOLINA ESPECIAL + EESS,8000.0,L,"EST. DE SERV. ""TIRAQUE""",1442-UGC,Gasolina Especial +,GASOLINA_ESPECIAL_MAS,,
2026-09-16,2026-09-15,True,True,Cochabamba,DIESEL OIL NACIONAL EESS,7000.0,L,"EST. DE SERV. ""EL CRISTO"" - CRISTIAN SABAG",2318-SZS,Diesel Oil Nacional,DIESEL_NACIONAL,,
2026-09-16,2026-09-15,True,True,Cochabamba,DIESEL OIL NACIONAL EESS,18000.0,L,IMBRANJO S.R.L.,2337 IRB,Diesel Oil Nacional,DIESEL_NACIONAL,,
2026-09-16,2026-09-15,True,True,Cochabamba,DIESEL OIL NACIONAL EESS,9000.0,L,"EST. DE SERV. ""COMERCIALIZADORA QK S.R.L.""",1469-DIF,Diesel Oil Nacional,DIESEL_NACIONAL,,
2026-09-16,2026-09-15,True,True,Cochabamba,DIESEL OIL NACIONAL EESS,24000.0,L,"EST. DE SERV. ""DISEL S.R.L. I""",3079 GRD,Diesel Oil Nacional,DIESEL_NACIONAL,,
2026-09-16,2026-09-15,True,True,Cochabamba,DIESEL OIL NACIONAL EESS,3000.0,L,"EST. DE SERV. ""DISEL S.R.L.""",1035-CBN,Diesel Oil Nacional,DIESEL_NACIONAL,,
2026-09-16,2026-09-15,True,True,Cochabamba,DIESEL OIL NACIONAL EESS,22000.0,L,"EST. DE SERV. ""DISEL S.R.L.""",1035-CBN,Diesel Oil Nacional,DIESEL_NACIONAL,,
2026-09-16,2026-09-15,True,True,Cochabamba,DIESEL OIL NACIONAL EESS,8000.0,L,ESTACION DE SERVICIO LOS LIBERTADORES S.R.L.,952-ZHP,Diesel Oil Nacional,DIESEL_NACIONAL,,
2026-09-16,2026-09-15,True,True,Cochabamba,DIESEL OIL NACIONAL EESS,6000.0,L,CENTRO DE SERVICIOS VALLEPUNATA S.R.L.,1475-NDX,Diesel Oil Nacional,DIESEL_NACIONAL,,
2026-09-16,2026-09-15,True,True,Cochabamba,DIESEL OIL NACIONAL EESS,7000.0,L,"EST. DE SERV. ""CIRCUITO BOLIVIA S.A.""",390-PEA,Diesel Oil Nacional,DIESEL_NACIONAL,,
2026-09-16,2026-09-15,True,True,Cochabamba,DIESEL OIL NACIONAL EESS,6000.0,L,"EST. DE SERV. ""URKUPINA I""- ALBERTO OPORTO L.",3127-GTL,Diesel Oil Nacional,DIESEL_NACIONAL,,
2026-09-16,2026-09-15,True,True,Cochabamba,DIESEL OIL NACIONAL EESS,13000.0,L,"EST. DE SERV. ""CHULLPANI"" - TORRICO AGUILAR JOSE M",4707 EBF,Diesel Oil Nacional,DIESEL_NACIONAL,,
2026-09-16,2026-09-15,True,True,Cochabamba,DIESEL OIL NACIONAL EESS,6000.0,L,"EST. DE SERV. ""TIQUIPAYA"" - VENICIA ALANEZ JIMENES",3785-SDC,Diesel Oil Nacional,DIESEL_NACIONAL,,
2026-09-16,2026-09-15,True,True,Cochabamba,DIESEL OIL NACIONAL EESS,11000.0,L,ESTACION DE SERVICIO PAPU S.R.L.,4207-GHL,Diesel Oil Nacional,DIESEL_NACIONAL,,
2026-09-16,2026-09-15,True,True,Cochabamba,DIESEL OIL NACIONAL EESS,13000.0,L,TERMINAL DE BUSES COCHABAMBA S.A.,2437 CZU,Diesel Oil Nacional,DIESEL_NACIONAL,,
2026-09-16,2026-09-15,True,True,Cochabamba,DIESEL OIL NACIONAL EESS,9000.0,L,"EST. DE SERV. ""LA MERCED S.R.L.""",2086-CDR,Diesel Oil Nacional,DIESEL_NACIONAL,,
2026-09-16,2026-09-15,True,True,Cochabamba,DIESEL OIL NACIONAL EESS,18000.0,L,"EST. DE SERV. ""VILLA OBRAJES""",1057-RCA,Diesel Oil Nacional,DIESEL_NACIONAL,,
2026-09-16,2026-09-15,True,True,Cochabamba,DIESEL OIL NACIONAL EESS,18000.0,L,ESTACION DE SERVICIO ANITA,2741-BFG,Diesel Oil Nacional,DIESEL_NACIONAL,,
2026-09-16,2026-09-15,True,True,Cochabamba,DIESEL OIL NACIONAL EESS,25000.0,L,"EST. DE SERV. ""C.G.C. SRL""",2086-CDR,Diesel Oil Nacional,DIESEL_NACIONAL,,
2026-09-16,2026-09-15,True,True,Cochabamba,DIESEL OIL NACIONAL EESS,9000.0,L,"EST. DE SERV. ""ISABEL CHAVEZ""",813-NDX,Diesel Oil Nacional,DIESEL_NACIONAL,,
2026-09-16,2026-09-15,True,True,Cochabamba,DIESEL OIL NACIONAL EESS,13000.0,L,ESTACION DE SERVICIO BEIJING S.R.L.,2049-AXA,Diesel Oil Nacional,DIESEL_NACIONAL,,
2026-09-16,2026-09-15,True,True,Cochabamba,DIESEL OIL NACIONAL EESS,14000.0,L,"EST. DE SERV. ""URKUPINA"" - ALBERTO OPORTO",1064-EBS,Diesel Oil Nacional,DIESEL_NACIONAL,,
2026-09-16,2026-09-15,True,True,Cochabamba,DIESEL OIL NACIONAL EESS,3000.0,L,ESTACION DE SERVICIO LOS ALAMOS S.R.L.,4031-GBK,Diesel Oil Nacional,DIESEL_NACIONAL,,
2026-09-16,2026-09-15,True,True,Cochabamba,DIESEL OIL NACIONAL EESS,24000.0,L,ESTACION DE SERVICIO LOS ALAMOS S.R.L.,6227-DDT,Diesel Oil Nacional,DIESEL_NACIONAL,,
2026-09-16,2026-09-15,True,True,Cochabamba,DIESEL OIL NACIONAL EESS,12000.0,L,ESTACIÓN DE SERVICIO VALLESANTIVAÑEZ S.R.L.,5710 ABA,Diesel Oil Nacional,DIESEL_NACIONAL,,
2026-09-16,2026-09-15,True,True,Cochabamba,DIESEL OIL NACIONAL EESS,9000.0,L,"EST. DE SERV. ""RIOJA""",2437 CZU,Diesel Oil Nacional,DIESEL_NACIONAL,,
2026-09-16,2026-09-15,True,True,Cochabamba,DIESEL OIL NACIONAL EESS,22000.0,L,"EST. DE SERV. ""MONTERREY S.R.L.""",2559-XTU,Diesel Oil Nacional,DIESEL_NACIONAL,,
2026-09-16,2026-09-15,True,True,Cochabamba,DIESEL OIL NACIONAL EESS,7000.0,L,"EST. DE SERV. ""SANTA MONICA"" S.R.L.",5710 ABA,Diesel Oil Nacional,DIESEL_NACIONAL,,
2026-09-16,2026-09-15,True,True,Cochabamba,DIESEL OIL NACIONAL EESS,6000.0,L,"EST. DE SERV. ""GASNOR S.R.L.""",3147-FHD,Diesel Oil Nacional,DIESEL_NACIONAL,,
2026-09-16,2026-09-15,True,True,Cochabamba,GASOLINA ESPECIAL + EESS,8000.0,L,"EST. DE SERV. ""GASNOR S.R.L.""",3147-FHD,Gasolina Especial +,GASOLINA_ESPECIAL_MAS,,
2026-09-16,2026-09-15,True,True,Cochabamba,DIESEL OIL NACIONAL EESS,11000.0,L,"EST. DE SERV. ""AEROPUERTO S.R.L.""",5710 ABA,Diesel Oil Nacional,DIESEL_NACIONAL,,
2026-09-16,2026-09-15,True,True,Cochabamba,DIESEL OIL NACIONAL EESS,13000.0,L,"EST. DE SERV. ""PETROGAS S.R.L.""",3147-FHD,Diesel Oil Nacional,DIESEL_NACIONAL,,
2026-09-16,2026-09-15,True,True,Cochabamba,DIESEL OIL NACIONAL EESS,16000.0,L,"EST. DE SERV. ""CITY TRUCK FH S.R.L.""",1250-ATC,Diesel Oil Nacional,DIESEL_NACIONAL,,
2026-09-16,2026-09-15,True,True,Cochabamba,DIESEL OIL NACIONAL EESS,13000.0,L,"EST. DE SERV. ""COCHABAMBA S.R.L. SUC. 1""",1442-GKB,Diesel Oil Nacional,DIESEL_NACIONAL,,
2026-09-16,2026-09-15,True,True,Cochabamba,DIESEL OIL NACIONAL EESS,3000.0,L,"EST. DE SERV. ""COCHABAMBA""",1442-GKB,Diesel Oil Nacional,DIESEL_NACIONAL,,
2026-09-16,2026-09-15,True,True,Cochabamba,DIESEL OIL NACIONAL EESS,26000.0,L,"EST. DE SERV. ""COCHABAMBA""",5715 CHX,Diesel Oil Nacional,DIESEL_NACIONAL,,
2026-09-16,2026-09-15,True,True,Cochabamba,DIESEL OIL NACIONAL EESS,6000.0,L,"EST. DE SERV. ""EL MANANTIAL SRL""",1036-RZH,Diesel Oil Nacional,DIESEL_NACIONAL,,
2026-09-16,2026-09-15,True,True,Cochabamba,GASOLINA ESPECIAL + EESS,12000.0,L,ESTACION DE SERVICIO PAPU S.R.L.,4207-GHL,Gasolina Especial +,GASOLINA_ESPECIAL_MAS,,
2026-09-16,2026-09-15,True,True,Cochabamba,GASOLINA ESPECIAL + EESS,12000.0,L,ESTACIÓN DE SERVICIO VALLESANTIVAÑEZ S.R.L.,5710 ABA,Gasolina Especial +,GASOLINA_ESPECIAL_MAS,,
2026-09-16,2026-09-15,True,True,Cochabamba,GASOLINA ESPECIAL + EESS,10000.0,L,ESTACION DE SERVICIO LOS LIBERTADORES S.R.L.,952-ZHP,Gasolina Especial +,GASOLINA_ESPECIAL_MAS,,
2026-09-16,2026-09-14,True,True,Cochabamba,GASOLINA ESPECIAL + EESS,4000.0,L,"EST. DE SERV. ""MAX MAMANGUENO"" - E. MELGAREJO",945-CTP,Gasolina Especial +,GASOLINA_ESPECIAL_MAS,,
2026-09-17,2026-09-17,True,False,Cochabamba,GLP DISTRIB. 10 KILOS NAL,6000.0,L,PRONTO GAS - VIVIANA LESLY TORRICO TERRAZAS,619-FCG,GLP,GLP,,
2026-09-17,2026-09-17,True,False,Cochabamba,GLP DISTRIB. 10 KILOS NAL,6000.0,L,FAS GAS,1813-DZB,GLP,GLP,,
2026-09-17,2026-09-17,True,False,Cochabamba,GLP DISTRIB. 10 KILOS NAL,6000.0,L,ROSI GAS - ROXANA ESPINOZA PRADO,509-PFL,GLP,GLP,,
2026-09-17,2026-09-17,True,False,Cochabamba,GLP DISTRIB. 10 KILOS NAL,6000.0,L,"DIST. PROV. GLP ""VADIGAS""",936-ZPY,GLP,GLP,,
2026-09-17,2026-09-17,True,False,Cochabamba,GLP DISTRIB. 10 KILOS NAL,6000.0,L,"DISTRIBUIDORA DE GAS ""FAGUGAS S.R.L.""",2140-UNS,GLP,GLP,,
2026-09-17,2026-09-17,True,False,Cochabamba,GLP DISTRIB. 10 KILOS NAL,6000.0,L,"DIST. PROV. GLP ""SANTIAGO GAS""",828-GFF,GLP,GLP,,
2026-09-17,2026-09-17,True,False,Cochabamba,GASOLINA ESPECIAL + EESS,12000.0,L,"EST. DE SERV. ""DELAASUNCION-AMERICA S.R.L.""",681 DLU,Gasolina Especial +,GASOLINA_ESPECIAL_MAS,,
2026-09-17,2026-09-17,True,False,Cochabamba,GASOLINA ESPECIAL + EESS,6000.0,L,"EST. DE SERV. ""MAX MAMANGUENO"" - E. MELGAREJO",945-CTP,Gasolina Especial +,GASOLINA_ESPECIAL_MAS,,
2026-09-17,2026-09-17,True,False,Cochabamba,GASOLINA ESPECIAL + EESS,12000.0,L,"EST. DE SERV. ""DAYANA""",2386-NXU,Gasolina Especial +,GASOLINA_ESPECIAL_MAS,,
2026-09-17,2026-09-17,True,False,Cochabamba,GLP DISTRIB. 10 KILOS NAL,6000.0,L,DIST. GLP SOCIEDAD PETROLERA SANTA ELENA S.R.L.,2343-KNT,GLP,GLP,,
2026-09-17,2026-09-17,True,False,Cochabamba,GASOLINA ESPECIAL + EESS,6000.0,L,"EST. DE SERV. ""FORTALEZA ENERGY S.R.L.""",945-CTP,Gasolina Especial +,GASOLINA_ESPECIAL_MAS,,
2026-09-17,2026-09-17,True,False,Cochabamba,GLP DISTRIB. 10 KILOS NAL,3500.0,L,"AG. CANTONAL ""ANDY GAS"" - QUIROGA CLAURE IRMA",599 FNH,GLP,GLP,,
2026-09-17,2026-09-17,True,False,Cochabamba,GASOLINA ESPECIAL + EESS,10000.0,L,"EST. DE SERV. ""CHINATA S.R.L.""",2441-ZBD,Gasolina Especial +,GASOLINA_ESPECIAL_MAS,,
2026-09-17,2026-09-17,True,False,Cochabamba,GASOLINA ESPECIAL + EESS,12000.0,L,"EST. DE SERV. ""LOS ALPES""-BERTHA CAMACHO RICALDEZ",2441-ZBD,Gasolina Especial +,GASOLINA_ESPECIAL_MAS,,
2026-09-17,2026-09-17,True,False,Cochabamba,GLP DISTRIB. 10 KILOS NAL,6000.0,L,"DIST. GLP""SARCO GAS""M.FELIPEZ",1058-FGN,GLP,GLP,,
2026-09-17,2026-09-17,True,False,Cochabamba,GASOLINA ESPECIAL + EESS,10000.0,L,"EST. DE SERV. ""SANTA MONICA"" S.R.L.",2026 - AAF,Gasolina Especial +,GASOLINA_ESPECIAL_MAS,,
2026-09-17,2026-09-17,True,False,Cochabamba,GASOLINA ESPECIAL + EESS,10000.0,L,"EST. DE SERV. ""AEROPUERTO S.R.L.""",2026 - AAF,Gasolina Especial +,GASOLINA_ESPECIAL_MAS,,
2026-09-17,2026-09-17,True,False,Cochabamba,GLP DISTRIB. 10 KILOS NAL,3500.0,L,AG.CANTONAL MACHAJMARCA - N. QUIROZ,998-XZL,GLP,GLP,,
2026-09-17,2026-09-17,True,False,Cochabamba,GASOLINA ESPECIAL + EESS,3000.0,L,FEDEX CHACO,1198 ILI,Gasolina Especial +,GASOLINA_ESPECIAL_MAS,,
2026-09-17,2026-09-17,True,False,Cochabamba,GASOLINA ESPECIAL + EESS,8000.0,L,"EST. DE SERV. ""DISEL S.R.L. I""",3079 GRD,Gasolina Especial +,GASOLINA_ESPECIAL_MAS,,
2026-09-17,2026-09-17,True,False,Cochabamba,GASOLINA ESPECIAL + EESS,8000.0,L,"EST. DE SERV. ""DISEL S.R.L.""",3079 GRD,Gasolina Especial +,GASOLINA_ESPECIAL_MAS,,
2026-09-17,2026-09-17,True,False,Cochabamba,GASOLINA ESPECIAL + EESS,10000.0,L,ESTAGAS S.R.L.,2437 CZU,Gasolina Especial +,GASOLINA_ESPECIAL_MAS,,
2026-09-17,2026-09-17,True,False,Cochabamba,GASOLINA ESPECIAL + EESS,10000.0,L,"EST. DE SERV. "" LAS PALMERAS S.R.L.""",2185-YCD,Gasolina Especial +,GASOLINA_ESPECIAL_MAS,,
2026-09-17,2026-09-17,True,False,Cochabamba,GASOLINA ESPECIAL + EESS,8000.0,L,"EST. DE SERV. ""NISSAN"" - SIMON FERRUFINO",2185-YCD,Gasolina Especial +,GASOLINA_ESPECIAL_MAS,,
2026-09-17,2026-09-17,True,False,Cochabamba,GASOLINA ESPECIAL + EESS,6000.0,L,"EST. DE SERV. ""LA PATRIA S.R.L.""",1815 SSN,Gasolina Especial +,GASOLINA_ESPECIAL_MAS,,
2026-09-17,2026-09-17,True,False,Cochabamba,GASOLINA ESPECIAL + EESS,6000.0,L,"EST. DE SERV. ""REFINERIA""- SIMON RODRIGO FERRUFINO",1815 SSN,Gasolina Especial +,GASOLINA_ESPECIAL_MAS,,
2026-09-17,2026-09-17,True,False,Cochabamba,GASOLINA ESPECIAL + EESS,10000.0,L,"ESTACION DE SERVICIO ""LOS LAURELES"" - DIEGO M. DELGADILLO ANTEZANA",1179-NTT,Gasolina Especial +,GASOLINA_ESPECIAL_MAS,,
2026-09-17,2026-09-17,True,False,Cochabamba,GASOLINA ESPECIAL + EESS,10000.0,L,"EST. DE SERV. ""SENOR SANTIAGO SUC. 1"" - E. DELGADILLO",1179-NTT,Gasolina Especial +,GASOLINA_ESPECIAL_MAS,,
2026-09-17,2026-09-17,True,False,Cochabamba,GASOLINA ESPECIAL + EESS,10000.0,L,"EST. DE SERV. ""SENOR SANTIAGO"" - E. DELGADILLO",2437 CZU,Gasolina Especial +,GASOLINA_ESPECIAL_MAS,,
2026-09-17,2026-09-17,True,False,Cochabamba,GASOLINA ESPECIAL + EESS,6000.0,L,KHORA ESTACION DE SERVICIO - MEDRANO ARNEZ JAIME,2337 IRB,Gasolina Especial +,GASOLINA_ESPECIAL_MAS,,
2026-09-17,2026-09-17,True,False,Cochabamba,GASOLINA ESPECIAL + EESS,6000.0,L,IMBRANJO S.R.L.,2337 IRB,Gasolina Especial +,GASOLINA_ESPECIAL_MAS,,
2026-09-17,2026-09-17,True,False,Cochabamba,GASOLINA ESPECIAL + EESS,8000.0,L,IMBRANJO S.R.L.,2337 IRB,Gasolina Especial +,GASOLINA_ESPECIAL_MAS,,
2026-09-17,2026-09-17,True,False,Cochabamba,GASOLINA ESPECIAL + EESS,12000.0,L,"EST. DE SERV. ""ISABEL CHAVEZ""",813-NDX,Gasolina Especial +,GASOLINA_ESPECIAL_MAS,,
2026-09-17,2026-09-17,True,False,Cochabamba,GASOLINA ESPECIAL + EESS,18000.0,L,"EST. DE SERV. ""PORTALEZ S.R.L.""",686-BCG,Gasolina Especial +,GASOLINA_ESPECIAL_MAS,,
2026-09-17,2026-09-17,True,False,Cochabamba,GASOLINA ESPECIAL + EESS,16000.0,L,ESTACION DE SERVICIO ANITA,2741-BFG,Gasolina Especial +,GASOLINA_ESPECIAL_MAS,,
2026-09-17,2026-09-17,True,False,Cochabamba,GASOLINA ESPECIAL + EESS,14000.0,L,"EST. DE SERV. ""SAN JORGE CBBA S.R.L.""",681 DLU,Gasolina Especial +,GASOLINA_ESPECIAL_MAS,,
2026-09-17,2026-09-17,True,False,Cochabamba,GASOLINA ESPECIAL + EESS,6000.0,L,"EST. DE SERV. ""EL CRISTO"" - CRISTIAN SABAG",2318-SZS,Gasolina Especial +,GASOLINA_ESPECIAL_MAS,,
2026-09-17,2026-09-17,True,False,Cochabamba,GASOLINA ESPECIAL + EESS,18000.0,L,"EST. DE SERV. ""EL CRISTO"" - CRISTIAN SABAG",2318-SZS,Gasolina Especial +,GASOLINA_ESPECIAL_MAS,,
2026-09-17,2026-09-17,True,False,Cochabamba,GASOLINA ESPECIAL + EESS,10000.0,L,"EST. DE SERV. ""MONTERREY S.R.L.""",2559-XTU,Gasolina Especial +,GASOLINA_ESPECIAL_MAS,,
2026-09-17,2026-09-17,True,False,Cochabamba,GASOLINA ESPECIAL + EESS,14000.0,L,"EST. DE SERV. ""CIRCUITO BOLIVIA S.A.""",4119 RNN,Gasolina Especial +,GASOLINA_ESPECIAL_MAS,,
2026-09-17,2026-09-17,True,False,Cochabamba,GASOLINA ESPECIAL + EESS,10000.0,L,"EST. DE SERV. ""GUADELOUPE GROUP S.R.L.""",1469-DIF,Gasolina Especial +,GASOLINA_ESPECIAL_MAS,,
2026-09-17,2026-09-17,True,False,Cochabamba,GASOLINA ESPECIAL + EESS,10000.0,L,"EST. DE SERV. ""COMERCIALIZADORA QK S.R.L.""",1469-DIF,Gasolina Especial +,GASOLINA_ESPECIAL_MAS,,
2026-09-17,2026-09-17,True,False,Cochabamba,GASOLINA ESPECIAL + EESS,4000.0,L,"EST. DE SERV. ""A.C.B. CARBURANTES SRL""",2026 - AAF,Gasolina Especial +,GASOLINA_ESPECIAL_MAS,,
2026-09-17,2026-09-17,True,False,Cochabamba,GASOLINA ESPECIAL + EESS,12000.0,L,"EST. DE SERV. ""A.C.B. CARBURANTES SRL""",2026 - AAF,Gasolina Especial +,GASOLINA_ESPECIAL_MAS,,
2026-09-17,2026-09-17,True,False,Cochabamba,GASOLINA ESPECIAL + EESS,12000.0,L,"EST. DE SERV. ""SAN JUAN BAUTISTA S.R.L.""",696 THG,Gasolina Especial +,GASOLINA_ESPECIAL_MAS,,
2026-09-17,2026-09-17,True,False,Cochabamba,GASOLINA ESPECIAL + EESS,6000.0,L,"EST. DE SERV. ""TIQUIPAYA"" - VENICIA ALANEZ JIMENES",3785-SDC,Gasolina Especial +,GASOLINA_ESPECIAL_MAS,,
2026-09-17,2026-09-17,True,False,Cochabamba,GASOLINA ESPECIAL + EESS,10000.0,L,"EST. DE SERV. ""PANAMERICANA"" SUCURSAL COCHABAMBA",390-PEA,Gasolina Especial +,GASOLINA_ESPECIAL_MAS,,
2026-09-17,2026-09-17,True,False,Cochabamba,GASOLINA ESPECIAL + EESS,8000.0,L,"EST. DE SERV. ""GASNOR S.R.L.""",3147-FHD,Gasolina Especial +,GASOLINA_ESPECIAL_MAS,,
2026-09-17,2026-09-17,True,False,Cochabamba,GASOLINA ESPECIAL + EESS,14000.0,L,ESTACION DE SERVICIO LOS ALAMOS S.R.L.,5715 CHX,Gasolina Especial +,GASOLINA_ESPECIAL_MAS,,
2026-09-17,2026-09-17,True,False,Cochabamba,GASOLINA ESPECIAL + EESS,12000.0,L,"EST. DE SERV. ""AYACUCHO""",4430-YZE,Gasolina Especial +,GASOLINA_ESPECIAL_MAS,,
2026-09-17,2026-09-17,True,False,Cochabamba,GASOLINA ESPECIAL + EESS,12000.0,L,ESTACION DE SERVICIO CAPITAN VICTOR USTARIZ S.R.L.,5715 CHX,Gasolina Especial +,GASOLINA_ESPECIAL_MAS,,
2026-09-17,2026-09-17,True,False,Cochabamba,GASOLINA ESPECIAL + EESS,6000.0,L,"EST. DE SERV. ""PETROGAS S.R.L.""",3147-FHD,Gasolina Especial +,GASOLINA_ESPECIAL_MAS,,
2026-09-17,2026-09-17,True,False,Cochabamba,GASOLINA ESPECIAL + EESS,12000.0,L,"EST. DE SERV. ""COCHABAMBA S.R.L. SUC. 1""",6227-DDT,Gasolina Especial +,GASOLINA_ESPECIAL_MAS,,
2026-09-17,2026-09-17,True,False,Cochabamba,GASOLINA ESPECIAL + EESS,12000.0,L,"EST. DE SERV. ""DORBIGNI""",5715 CHX,Gasolina Especial +,GASOLINA_ESPECIAL_MAS,,
2026-09-17,2026-09-17,True,False,Cochabamba,GASOLINA ESPECIAL + EESS,12000.0,L,PETROCEL S.R.L.,1442-GKB,Gasolina Especial +,GASOLINA_ESPECIAL_MAS,,
2026-09-17,2026-09-17,True,False,Cochabamba,GASOLINA ESPECIAL + EESS,10000.0,L,TERMINAL DE BUSES COCHABAMBA S.A.,2437 CZU,Gasolina Especial +,GASOLINA_ESPECIAL_MAS,,
2026-09-17,2026-09-17,True,False,Cochabamba,GASOLINA ESPECIAL + EESS,12000.0,L,"EST. DE SERV. ""COCHABAMBA S.R.L. SUC. 2""",6227-DDT,Gasolina Especial +,GASOLINA_ESPECIAL_MAS,,
2026-09-17,2026-09-17,True,False,Cochabamba,GASOLINA ESPECIAL + EESS,12000.0,L,"EST. DE SERV. ""PARAJE 24.7 SRL""",1543-IXY,Gasolina Especial +,GASOLINA_ESPECIAL_MAS,,
2026-09-17,2026-09-17,True,False,Cochabamba,GASOLINA ESPECIAL + EESS,12000.0,L,"EST. DE SERV. ""20 DE DICIEMBRE""",1442-GKB,Gasolina Especial +,GASOLINA_ESPECIAL_MAS,,
2026-09-17,2026-09-17,True,False,Cochabamba,GASOLINA ESPECIAL + EESS,14000.0,L,"EST. DE SERV. ""COCHABAMBA""",5715 CHX,Gasolina Especial +,GASOLINA_ESPECIAL_MAS,,
2026-09-17,2026-09-17,True,False,Cochabamba,GASOLINA ESPECIAL + EESS,10000.0,L,"EST. DE SERV. ""PARAJE 24.7 SRL SUC. 1""",1543-IXY,Gasolina Especial +,GASOLINA_ESPECIAL_MAS,,
2026-09-17,2026-09-17,True,False,Cochabamba,GASOLINA ESPECIAL + EESS,8000.0,L,"EST. DE SERV. ""RIOJA""",2049-AXA,Gasolina Especial +,GASOLINA_ESPECIAL_MAS,,
2026-09-17,2026-09-17,True,False,Cochabamba,GASOLINA ESPECIAL + EESS,6000.0,L,ESTACION DE SERVICIO HIPODROMO S.R.L.,2043-SRX,Gasolina Especial +,GASOLINA_ESPECIAL_MAS,,
2026-09-17,2026-09-17,True,False,Cochabamba,GASOLINA ESPECIAL + EESS,10000.0,L,"EST. DE SERV. ""CITY TRUCK FH S.R.L.""",1250-ATC,Gasolina Especial +,GASOLINA_ESPECIAL_MAS,,
2026-09-17,2026-09-17,True,False,Cochabamba,GASOLINA ESPECIAL + EESS,10000.0,L,"EST. DE SERV. ""TRANS SACABA S.A. II""",5258 - YSB,Gasolina Especial +,GASOLINA_ESPECIAL_MAS,,
2026-09-17,2026-09-17,True,False,Cochabamba,GASOLINA ESPECIAL + EESS,12000.0,L,ESTACION DE SERVICIO TICTI S.R.L.,3824-IAF,Gasolina Especial +,GASOLINA_ESPECIAL_MAS,,
2026-09-17,2026-09-17,True,False,Cochabamba,GASOLINA ESPECIAL + EESS,12000.0,L,"EST. DE SERV. ""EL MANANTIAL SUC. 2""",1036-RZH,Gasolina Especial +,GASOLINA_ESPECIAL_MAS,,
2026-09-17,2026-09-17,True,False,Cochabamba,GASOLINA ESPECIAL + EESS,10000.0,L,"EST. DE SERV. ""VILLA OBRAJES""",1057-RCA,Gasolina Especial +,GASOLINA_ESPECIAL_MAS,,
2026-09-17,2026-09-17,True,False,Cochabamba,GASOLINA ESPECIAL + EESS,10000.0,L,"EST. DE SERV. ""EL MANANTIAL SRL""",1036-RZH,Gasolina Especial +,GASOLINA_ESPECIAL_MAS,,
2026-09-17,2026-09-17,True,False,Cochabamba,GASOLINA ESPECIAL + EESS,16000.0,L,"EST. DE SERV. ""ARANJUEZ""",2049-AXA,Gasolina Especial +,GASOLINA_ESPECIAL_MAS,,
2026-09-17,2026-09-17,True,False,Cochabamba,GASOLINA ESPECIAL + EESS,14000.0,L,"EST. DE SERV. ""IQUIRCOLLO S.R.L. SUC. 1""",6429 RLK,Gasolina Especial +,GASOLINA_ESPECIAL_MAS,,
2026-09-17,2026-09-17,True,False,Cochabamba,GASOLINA ESPECIAL + EESS,14000.0,L,ESTACION DE SERVICIO BEIJING S.R.L.,2043-SRX,Gasolina Especial +,GASOLINA_ESPECIAL_MAS,,
2026-09-17,2026-09-17,True,False,Cochabamba,GASOLINA ESPECIAL + EESS,16000.0,L,"EST. DE SERV. ""IQUIRCOLLO S.R.L.""",6429 RLK,Gasolina Especial +,GASOLINA_ESPECIAL_MAS,,
2026-09-17,2026-09-17,True,False,Cochabamba,GASOLINA ESPECIAL + EESS,10000.0,L,"EST. DE SERV. ""LORETO"" SUC. 1",1198 ILI,Gasolina Especial +,GASOLINA_ESPECIAL_MAS,,
2026-09-17,2026-09-17,True,False,Cochabamba,GLP DISTRIB. 10 KILOS NAL,6000.0,L,CBA GAS S.A.,3131 KLD,GLP,GLP,,
2026-09-17,2026-09-17,True,False,Cochabamba,GLP DISTRIB. 10 KILOS NAL,6000.0,L,FERRO GAS - BERTHA CAMACHO RICALDEZ DE FERRUFINO,1404-FYF,GLP,GLP,,
2026-09-17,2026-09-17,True,False,Cochabamba,GLP DISTRIB. 10 KILOS NAL,6000.0,L,"DIST.GLP""VILOMA GAS"" E.ARANDIA",2926-PGF,GLP,GLP,,
2026-09-17,2026-09-17,True,False,Cochabamba,GLP DISTRIB. 10 KILOS NAL,6000.0,L,"DIST. GLP ""BIO GAS"" - ANA MARIA ROMERO DE TORRICO",732-IHT,GLP,GLP,,
2026-09-17,2026-09-17,True,False,Cochabamba,GLP DISTRIB. 10 KILOS NAL,6000.0,L,DIST. GLP NUESTRO GAS-JONSON RICHARD LIMA FLORERO,1125-ULI,GLP,GLP,,
2026-09-17,2026-09-17,True,False,Cochabamba,GLP DISTRIB. 45 KILOS NAL,1800.0,L,DIST. GLP NUESTRO GAS-JONSON RICHARD LIMA FLORERO,1662-CGP,GLP,GLP,,
2026-09-17,2026-09-17,True,False,Cochabamba,GLP DISTRIB. 45 KILOS NAL,2250.0,L,CBA GAS S.A.,1190-EXH,GLP,GLP,,
2026-09-17,2026-09-17,True,False,Cochabamba,GLP DISTRIB. 10 KILOS NAL,6000.0,L,A TODO GAS S.R.L.,552-LSP,GLP,GLP,,
2026-09-17,2026-09-16,True,True,Cochabamba,GASOLINA ESPECIAL + EESS,10000.0,L,"EST. DE SERV. ""EPIZANA""",1011-KDU,Gasolina Especial +,GASOLINA_ESPECIAL_MAS,,
2026-09-17,2026-09-17,True,False,Cochabamba,GLP DISTRIB. 10 KILOS NAL,6000.0,L,"DIST. GLP ""EXTRA GAS"" - MARIO CORDOVA PINTO",410-BCK,GLP,GLP,,
2026-09-17,2026-09-16,True,True,Cochabamba,DIESEL OIL NACIONAL EESS,12000.0,L,"EST. DE SERV. ""EPIZANA""",1011-KDU,Diesel Oil Nacional,DIESEL_NACIONAL,,
2026-09-17,2026-09-16,True,True,Cochabamba,DIESEL OIL NACIONAL EESS,22000.0,L,"EST. DE SERV. ""SUTICOLLO""",4036-RHP,Diesel Oil Nacional,DIESEL_NACIONAL,,
2026-09-17,2026-09-16,True,True,Cochabamba,DIESEL OIL NACIONAL EESS,8000.0,L,"EST. DE SERV. ""MAX MAMANGUENO"" - E. MELGAREJO",945-CTP,Diesel Oil Nacional,DIESEL_NACIONAL,,
2026-09-17,2026-09-16,True,True,Cochabamba,DIESEL OIL NACIONAL EESS,11000.0,L,"EST. DE SERV. ""ADRIAN""",4151 PIA,Diesel Oil Nacional,DIESEL_NACIONAL,,
2026-09-17,2026-09-16,True,True,Cochabamba,DIESEL OIL NACIONAL EESS,22000.0,L,"EST. DE SERV. ""PARAJE 24.7 SRL""",1606-BYC,Diesel Oil Nacional,DIESEL_NACIONAL,,
2026-09-17,2026-09-16,True,True,Cochabamba,DIESEL OIL NACIONAL EESS,20000.0,L,"EST. DE SERV. ""CHINATA S.R.L.""",2441-ZBD,Diesel Oil Nacional,DIESEL_NACIONAL,,
2026-09-17,2026-09-16,True,True,Cochabamba,DIESEL OIL NACIONAL EESS,8000.0,L,"EST. DE SERV. ""LOS ALPES""-BERTHA CAMACHO RICALDEZ",2441-ZBD,Diesel Oil Nacional,DIESEL_NACIONAL,,
2026-09-17,2026-09-16,True,True,Cochabamba,DIESEL OIL NACIONAL EESS,8000.0,L,"EST. DE SERV. ""EQGAS"" S.R.L.",4151 PIA,Diesel Oil Nacional,DIESEL_NACIONAL,,
2026-09-17,2026-09-16,True,True,Cochabamba,DIESEL OIL NACIONAL EESS,6000.0,L,"EST. DE SERV. ""GASNOR S.R.L.""",3147-FHD,Diesel Oil Nacional,DIESEL_NACIONAL,,
2026-09-17,2026-09-16,True,True,Cochabamba,DIESEL OIL NACIONAL EESS,6000.0,L,"EST. DE SERV. ""FORTALEZA ENERGY S.R.L.""",945-CTP,Diesel Oil Nacional,DIESEL_NACIONAL,,
2026-09-17,2026-09-16,True,True,Cochabamba,DIESEL OIL NACIONAL EESS,14000.0,L,"EST. DE SERV. ""PETROGAS S.R.L.""",3147-FHD,Diesel Oil Nacional,DIESEL_NACIONAL,,
2026-09-17,2026-09-16,True,True,Cochabamba,DIESEL OIL NACIONAL EESS,8000.0,L,"EST. DE SERV. ""DISEL S.R.L. I""",3127-GTL,Diesel Oil Nacional,DIESEL_NACIONAL,,
2026-09-17,2026-09-16,True,True,Cochabamba,GASOLINA ESPECIAL + EESS,8000.0,L,"EST. DE SERV. ""DISEL S.R.L. I""",3127-GTL,Gasolina Especial +,GASOLINA_ESPECIAL_MAS,,
2026-09-17,2026-09-16,True,True,Cochabamba,DIESEL OIL NACIONAL EESS,4000.0,L,"EST. DE SERV. ""DISEL S.R.L.""",3127-GTL,Diesel Oil Nacional,DIESEL_NACIONAL,,
2026-09-17,2026-09-16,True,True,Cochabamba,DIESEL OIL NACIONAL EESS,24000.0,L,"EST. DE SERV. ""DISEL S.R.L.""",1035-CBN,Diesel Oil Nacional,DIESEL_NACIONAL,,
2026-09-17,2026-09-16,True,True,Cochabamba,DIESEL OIL NACIONAL EESS,6000.0,L,COMERCIALIZADORA DE SERVICIOS LUBRISHOP S.R.L.,696 THG,Diesel Oil Nacional,DIESEL_NACIONAL,,
2026-09-17,2026-09-16,True,True,Cochabamba,DIESEL OIL NACIONAL EESS,6000.0,L,ESTACION DE SERVICIO LOS ALAMOS S.R.L.,1442-GKB,Diesel Oil Nacional,DIESEL_NACIONAL,,
2026-09-17,2026-09-16,True,True,Cochabamba,GASOLINA ESPECIAL + EESS,12000.0,L,ESTACION DE SERVICIO CAPITAN VICTOR USTARIZ S.R.L.,4031-GBK,Gasolina Especial +,GASOLINA_ESPECIAL_MAS,,
2026-09-17,2026-09-16,True,True,Cochabamba,DIESEL OIL NACIONAL EESS,12000.0,L,"EST. DE SERV. ""COCHABAMBA S.R.L. SUC. 1""",1442-GKB,Diesel Oil Nacional,DIESEL_NACIONAL,,
2026-09-17,2026-09-16,True,True,Cochabamba,DIESEL OIL NACIONAL EESS,19000.0,L,"EST. DE SERV. ""CHIMBOCO""",679-RCN,Diesel Oil Nacional,DIESEL_NACIONAL,,
2026-09-17,2026-09-16,True,True,Cochabamba,DIESEL OIL NACIONAL EESS,8000.0,L,"EST. DE SERV. ""COCHABAMBA""",4031-GBK,Diesel Oil Nacional,DIESEL_NACIONAL,,
2026-09-17,2026-09-16,True,True,Cochabamba,DIESEL OIL NACIONAL EESS,8000.0,L,"EST. DE SERV. ""EL CRISTO"" - CRISTIAN SABAG",2040 LSS,Diesel Oil Nacional,DIESEL_NACIONAL,,
2026-09-17,2026-09-16,True,True,Cochabamba,GASOLINA ESPECIAL + EESS,12000.0,L,"EST. DE SERV. ""EL CRISTO"" - CRISTIAN SABAG",2040 LSS,Gasolina Especial +,GASOLINA_ESPECIAL_MAS,,
2026-09-17,2026-09-16,True,True,Cochabamba,DIESEL OIL NACIONAL EESS,24000.0,L,"EST. DE SERV. ""SAN JORGE CBBA S.R.L.""",623-GGF,Diesel Oil Nacional,DIESEL_NACIONAL,,
2026-09-17,2026-09-16,True,True,Cochabamba,DIESEL OIL NACIONAL EESS,18000.0,L,"EST. DE SERV. ""TRANS SACABA S.A. II""",5258 - YSB,Diesel Oil Nacional,DIESEL_NACIONAL,,
2026-09-17,2026-09-16,True,True,Cochabamba,DIESEL OIL NACIONAL EESS,14000.0,L,"EST. DE SERV. ""TRANS SACABA S.A.""",5258 - YSB,Diesel Oil Nacional,DIESEL_NACIONAL,,
2026-09-17,2026-09-16,True,True,Cochabamba,DIESEL OIL NACIONAL EESS,32000.0,L,"EST. DE SERV. ""IQUIRCOLLO S.R.L.""",6429 RLK,Diesel Oil Nacional,DIESEL_NACIONAL,,
2026-09-17,2026-09-17,True,False,Cochabamba,GLP DISTRIB. 10 KILOS NAL,6000.0,L,"DIST.GLP""NOE GAS""M.HINOJOSA R.",1488-FKC,GLP,GLP,,
2026-09-17,2026-09-17,True,False,Cochabamba,GLP DISTRIB. 10 KILOS NAL,6000.0,L,"DIST. PROV.GLP ""SIPE SIPE GAS""",3103-ZPG,GLP,GLP,,
2026-09-17,2026-09-17,True,False,Cochabamba,GLP DISTRIB. 45 KILOS NAL,3600.0,L,DIST. GLP SOCIEDAD PETROLERA SANTA ELENA S.R.L.,4104-FLR,GLP,GLP,,
2026-09-17,2026-09-17,True,False,Cochabamba,GLP DISTRIB. 10 KILOS NAL,6000.0,L,"DIST. PROV. GLP ""ARANDIA GAS S.R.L.""",545 RFA,GLP,GLP,,
2026-09-17,2026-09-16,True,True,Cochabamba,GLP DISTRIB. 10 KILOS NAL,6000.0,L,FERRO GAS - BERTHA CAMACHO RICALDEZ DE FERRUFINO,4263-LRB,GLP,GLP,,
2026-09-17,2026-09-17,True,False,Cochabamba,GLP DISTRIB. 10 KILOS NAL,6000.0,L,"DIST. PROV. GLP ""PREMIUN GAS"" - EDUARDO ZENTENO E.",823-SZB,GLP,GLP,,
2026-09-17,2026-09-17,True,False,Cochabamba,GLP DISTRIB. 10 KILOS NAL,6000.0,L,"DIST. GLP ""DISBOGAS"" - JENNY PETRONA SALAMANCA VILLAFUERTE",1180-LXE,GLP,GLP,,
2026-09-17,2026-09-17,True,False,Cochabamba,GLP DISTRIB. 10 KILOS NAL,6000.0,L,"COOPERATIVA DE SERVICIOS DE DISTRIBUCION DE GAS LICUADO ""CANDELARIA"" R.L.",1395 FKG,GLP,GLP,,
2026-09-17,2026-09-17,True,False,Cochabamba,GLP DISTRIB. 10 KILOS NAL,6000.0,L,"DIST. GLP ""EDMUNDO GAS"" - EDMUNDO QUIROZ TAPIA",2316-FED,GLP,GLP,,
2026-09-17,2026-09-17,True,False,Cochabamba,GLP DISTRIB. 10 KILOS NAL,6000.0,L,"DIST. PROV. GLP ""COTA GAS"" - NELSON OLMOS",1717-RZX,GLP,GLP,,
2026-09-17,2026-09-16,True,True,Cochabamba,GLP DISTRIB. 10 KILOS NAL,6000.0,L,DIST. GLP SOCIEDAD PETROLERA SANTA ELENA S.R.L.,1222-ICT,GLP,GLP,,
2026-09-17,2026-09-17,True,False,Cochabamba,GLP DISTRIB. 10 KILOS NAL,6000.0,L,"DIST. GLP ""ADRIAZOL GAS""",1724-PZE,GLP,GLP,,
2026-09-17,2026-09-16,True,True,Cochabamba,GLP DISTRIB. 10 KILOS NAL,6000.0,L,"DIST. GLP ""CAPI GAS"" - GONZALO SOLIZ GUTIERREZ",3471 CST,GLP,GLP,,
2026-09-17,2026-09-16,True,True,Cochabamba,GLP DISTRIB. 10 KILOS NAL,6000.0,L,"DIST. GLP""SARCO GAS""M.FELIPEZ",693-DYG,GLP,GLP,,
2026-09-16,2026-09-16,True,False,Cochabamba,GLP DISTRIB. 10 KILOS NAL,6000.0,L,ROSI GAS - ROXANA ESPINOZA PRADO,509-PFL,GLP,GLP,,
2026-09-16,2026-09-16,True,False,Cochabamba,GLP DISTRIB. 10 KILOS NAL,6000.0,L,"DIST. PROV. GLP ""COLOMI GAS""",851 FRG,GLP,GLP,,
2026-09-18,2026-09-18,True,False,Cochabamba,GLP DISTRIB. 10 KILOS NAL,6000.0,L,DIST. GLP SOCIEDAD PETROLERA SANTA ELENA S.R.L.,1222-ICT,GLP,GLP,,
2026-09-18,2026-09-18,True,False,Cochabamba,GLP DISTRIB. 10 KILOS NAL,6000.0,L,"DIST. PROV.GLP ""SIPE SIPE GAS""",3103-ZPG,GLP,GLP,,
2026-09-18,2026-09-18,True,False,Cochabamba,GLP DISTRIB. 10 KILOS NAL,6000.0,L,"DIST. PROV. GLP ""PREMIUN GAS"" - EDUARDO ZENTENO E.",823-SZB,GLP,GLP,,
2026-09-18,2026-09-18,True,False,Cochabamba,GLP DISTRIB. 10 KILOS NAL,6000.0,L,"DIST.GLP""NOE GAS""M.HINOJOSA R.",1910-AIE,GLP,GLP,,
2026-09-18,2026-09-18,True,False,Cochabamba,GLP DISTRIB. 10 KILOS NAL,6000.0,L,"DIST. GLP ""DISBOGAS"" - JENNY PETRONA SALAMANCA VILLAFUERTE",1180-LXE,GLP,GLP,,
2026-09-18,2026-09-18,True,False,Cochabamba,GLP DISTRIB. 10 KILOS NAL,6000.0,L,"DIST. GLP ""EDMUNDO GAS"" - EDMUNDO QUIROZ TAPIA",2316-FED,GLP,GLP,,
2026-09-18,2026-09-18,True,False,Cochabamba,GLP DISTRIB. 10 KILOS NAL,6000.0,L,"DIST. PROV. GLP ""COTA GAS"" - NELSON OLMOS",1717-RZX,GLP,GLP,,
2026-09-18,2026-09-18,True,False,Cochabamba,GLP DISTRIB. 10 KILOS NAL,6000.0,L,"DIST. GLP""SARCO GAS""M.FELIPEZ",693-DYG,GLP,GLP,,
2026-09-18,2026-09-18,True,False,Cochabamba,GLP DISTRIB. 10 KILOS NAL,6000.0,L,DIST. GLP NUESTRO GAS-JONSON RICHARD LIMA FLORERO,2499-XPC,GLP,GLP,,
2026-09-18,2026-09-17,True,True,Cochabamba,GASOLINA ESPECIAL + EESS,10000.0,L,"EST. DE SERV. ""SURTIDOR CAMPERO""",1443-CAT,Gasolina Especial +,GASOLINA_ESPECIAL_MAS,,
2026-09-18,2026-09-18,True,False,Cochabamba,GLP DISTRIB. 10 KILOS NAL,6000.0,L,"DIST. PROV. GLP ""ARANDIA GAS S.R.L.""",545 RFA,GLP,GLP,,
2026-09-18,2026-09-18,True,False,Cochabamba,GLP DISTRIB. 10 KILOS NAL,6000.0,L,CBA GAS S.A.,1765-LGG,GLP,GLP,,
2026-09-18,2026-09-18,True,False,Cochabamba,GLP DISTRIB. 10 KILOS NAL,6000.0,L,"COOPERATIVA DE SERVICIOS DE DISTRIBUCION DE GAS LICUADO ""CANDELARIA"" R.L.",1395 FKG,GLP,GLP,,
2026-09-18,2026-09-18,True,False,Cochabamba,GLP DISTRIB. 10 KILOS NAL,6000.0,L,"DIST. GLP ""CAPI GAS"" - GONZALO SOLIZ GUTIERREZ",3471-CST,GLP,GLP,,
2026-09-18,2026-09-18,True,False,Cochabamba,GLP DISTRIB. 10 KILOS NAL,6000.0,L,"DIST. GLP ""ADRIAZOL GAS""",1724-PZE,GLP,GLP,,
2026-09-18,2026-09-18,True,False,Cochabamba,GLP DISTRIB. 10 KILOS NAL,6000.0,L,"DIST. GLP ""EXTRA GAS"" - MARIO CORDOVA PINTO",685 ZNG,GLP,GLP,,
2026-09-18,2026-09-18,True,False,Cochabamba,GLP DISTRIB. 10 KILOS NAL,6000.0,L,FERRO GAS - BERTHA CAMACHO RICALDEZ DE FERRUFINO,4263-LRB,GLP,GLP,,
2026-09-18,2026-09-18,True,False,Cochabamba,GLP DISTRIB. 10 KILOS NAL,6000.0,L,ROSI GAS - ROXANA ESPINOZA PRADO,509-PFL,GLP,GLP,,
2026-09-18,2026-09-18,True,False,Cochabamba,GLP DISTRIB. 10 KILOS NAL,6000.0,L,FAS GAS,1813-DZB,GLP,GLP,,
2026-09-18,2026-09-18,True,False,Cochabamba,GLP DISTRIB. 10 KILOS NAL,6000.0,L,"DIST. PROV.GLP ""ESPERANZA GAS""",2294-ZGC,GLP,GLP,,
2026-09-18,2026-09-18,True,False,Cochabamba,GLP DISTRIB. 10 KILOS NAL,6000.0,L,"DISTRIBUIDORA DE GAS ""FAGUGAS S.R.L.""",2140-UNS,GLP,GLP,,
2026-09-18,2026-09-18,True,False,Cochabamba,GLP DISTRIB. 45 KILOS NAL,1800.0,L,DIST. GLP NUESTRO GAS-JONSON RICHARD LIMA FLORERO,1662-CGP,GLP,GLP,,
2026-09-18,2026-09-18,True,False,Cochabamba,GLP DISTRIB. 10 KILOS NAL,6000.0,L,"DIST. GLP ""BIO GAS"" - ANA MARIA ROMERO DE TORRICO",620-FET,GLP,GLP,,
2026-09-18,2026-09-18,True,False,Cochabamba,GASOLINA ESPECIAL + EESS,10000.0,L,CENTRO DE SERVICIOS VALLEPUNATA S.R.L.,813-NDX,Gasolina Especial +,GASOLINA_ESPECIAL_MAS,,
2026-09-18,2026-09-18,True,False,Cochabamba,GASOLINA ESPECIAL + EESS,12000.0,L,"EST. DE SERV. ""PAROTANI""",4022-ELR,Gasolina Especial +,GASOLINA_ESPECIAL_MAS,,
2026-09-18,2026-09-18,True,False,Cochabamba,GASOLINA ESPECIAL + EESS,12000.0,L,ESTACION DE SERVICIO COODPE S.R.L.,4418-LBY,Gasolina Especial +,GASOLINA_ESPECIAL_MAS,,
2026-09-18,2026-09-18,True,False,Cochabamba,GASOLINA ESPECIAL + EESS,12000.0,L,ESTACION DE SERVICIO VIRGEN DE LAS ANGUSTIAS S.R.L.,1250-TDA,Gasolina Especial +,GASOLINA_ESPECIAL_MAS,,
2026-09-18,2026-09-18,True,False,Cochabamba,GLP DISTRIB. 10 KILOS NAL,6000.0,L,"DIST.GLP""VILOMA GAS"" E.ARANDIA",2926-PGF,GLP,GLP,,
2026-09-18,2026-09-17,True,True,Cochabamba,DIESEL OIL NACIONAL EESS,20000.0,L,"EST. DE SERV. ""CHINATA S.R.L.""",2441-ZBD,Diesel Oil Nacional,DIESEL_NACIONAL,,
2026-09-18,2026-09-17,True,True,Cochabamba,DIESEL OIL NACIONAL EESS,8000.0,L,"EST. DE SERV. ""LOS ALPES""-BERTHA CAMACHO RICALDEZ",2441-ZBD,Diesel Oil Nacional,DIESEL_NACIONAL,,
2026-09-18,2026-09-18,True,False,Cochabamba,GLP DISTRIB. 10 KILOS NAL,6000.0,L,A TODO GAS S.R.L.,489-PZH,GLP,GLP,,
2026-09-18,2026-09-17,True,True,Cochabamba,DIESEL OIL NACIONAL EESS,8000.0,L,"EST. DE SERV. ""DISEL S.R.L. I""",3079 GRD,Diesel Oil Nacional,DIESEL_NACIONAL,,
2026-09-18,2026-09-17,True,True,Cochabamba,DIESEL OIL NACIONAL EESS,24000.0,L,"EST. DE SERV. ""DISEL S.R.L. I""",3079 GRD,Diesel Oil Nacional,DIESEL_NACIONAL,,
2026-09-18,2026-09-17,True,True,Cochabamba,DIESEL OIL NACIONAL EESS,4000.0,L,"EST. DE SERV. ""DISEL S.R.L.""",1035-CBN,Diesel Oil Nacional,DIESEL_NACIONAL,,
2026-09-18,2026-09-17,True,True,Cochabamba,DIESEL OIL NACIONAL EESS,24000.0,L,"EST. DE SERV. ""DISEL S.R.L.""",1035-CBN,Diesel Oil Nacional,DIESEL_NACIONAL,,
2026-09-18,2026-09-18,True,False,Cochabamba,GLP DISTRIB. 10 KILOS NAL,6000.0,L,"DIST. PROV. GLP ""COLOMI GAS""",851 FRG,GLP,GLP,,
2026-09-18,2026-09-17,True,True,Cochabamba,DIESEL OIL NACIONAL EESS,6000.0,L,"EST. DE SERV. ""FORTALEZA ENERGY S.R.L.""",945-CTP,Diesel Oil Nacional,DIESEL_NACIONAL,,
2026-09-18,2026-09-17,True,True,Cochabamba,DIESEL OIL NACIONAL EESS,6000.0,L,"EST. DE SERV. ""SAN JORGE CBBA S.R.L.""",1543-IXY,Diesel Oil Nacional,DIESEL_NACIONAL,,
2026-09-18,2026-09-17,True,True,Cochabamba,DIESEL OIL NACIONAL EESS,6000.0,L,COMERCIALIZADORA DE SERVICIOS LUBRISHOP S.R.L.,696 THG,Diesel Oil Nacional,DIESEL_NACIONAL,,
2026-09-18,2026-09-17,True,True,Cochabamba,DIESEL OIL NACIONAL EESS,24000.0,L,"EST. DE SERV. ""SAN JORGE CBBA S.R.L.""",1606-BYC,Diesel Oil Nacional,DIESEL_NACIONAL,,
2026-09-18,2026-09-17,True,True,Cochabamba,DIESEL OIL NACIONAL EESS,22000.0,L,"EST. DE SERV. ""SUTICOLLO""",4036-RHP,Diesel Oil Nacional,DIESEL_NACIONAL,,
2026-09-18,2026-09-17,True,True,Cochabamba,DIESEL OIL NACIONAL EESS,20000.0,L,IMBRANJO S.R.L.,2337 IRB,Diesel Oil Nacional,DIESEL_NACIONAL,,
2026-09-18,2026-09-17,True,True,Cochabamba,DIESEL OIL NACIONAL EESS,10000.0,L,"EST. DE SERV. ""PARAJE 24.7 SRL SUC. 1""",1543-IXY,Diesel Oil Nacional,DIESEL_NACIONAL,,
2026-09-18,2026-09-17,True,True,Cochabamba,DIESEL OIL NACIONAL EESS,22000.0,L,"EST. DE SERV. ""PARAJE 24.7 SRL""",623-GGF,Diesel Oil Nacional,DIESEL_NACIONAL,,
2026-09-18,2026-09-17,True,True,Cochabamba,DIESEL OIL NACIONAL EESS,10000.0,L,"EST. DE SERV. ""LA MERCED S.R.L.""",686-BCG,Diesel Oil Nacional,DIESEL_NACIONAL,,
2026-09-18,2026-09-17,True,True,Cochabamba,DIESEL OIL NACIONAL EESS,12000.0,L,"EST. DE SERV. ""INVERSIONES VALLESUR S.A.""",4151 PIA,Diesel Oil Nacional,DIESEL_NACIONAL,,
2026-09-18,2026-09-17,True,True,Cochabamba,GASOLINA ESPECIAL + EESS,12000.0,L,ESTACIÓN DE SERVICIO FRANQUITO,2386-NXU,Gasolina Especial +,GASOLINA_ESPECIAL_MAS,,
2026-09-18,2026-09-17,True,True,Cochabamba,DIESEL OIL NACIONAL EESS,6000.0,L,ESTACION DE SERVICIO LOS ALAMOS S.R.L.,1442-GKB,Diesel Oil Nacional,DIESEL_NACIONAL,,
2026-09-18,2026-09-17,True,True,Cochabamba,DIESEL OIL NACIONAL EESS,12000.0,L,ESTACIÓN DE SERVICIO FRANQUITO,2386-NXU,Diesel Oil Nacional,DIESEL_NACIONAL,,
2026-09-18,2026-09-17,True,True,Cochabamba,DIESEL OIL NACIONAL EESS,24000.0,L,ESTACION DE SERVICIO LOS ALAMOS S.R.L.,6227-DDT,Diesel Oil Nacional,DIESEL_NACIONAL,,
2026-09-18,2026-09-17,True,True,Cochabamba,DIESEL OIL NACIONAL EESS,14000.0,L,ESTACION DE SERVICIO BEIJING S.R.L.,2437 CZU,Diesel Oil Nacional,DIESEL_NACIONAL,,
2026-09-18,2026-09-17,True,True,Cochabamba,DIESEL OIL NACIONAL EESS,17000.0,L,"EST. DE SERV. ""TRANS SACABA S.A. II""",5258 - YSB,Diesel Oil Nacional,DIESEL_NACIONAL,,
2026-09-18,2026-09-17,True,True,Cochabamba,DIESEL OIL NACIONAL EESS,14000.0,L,"EST. DE SERV. ""TRANS SACABA S.A.""",5258 - YSB,Diesel Oil Nacional,DIESEL_NACIONAL,,
2026-09-18,2026-09-17,True,True,Cochabamba,DIESEL OIL NACIONAL EESS,6000.0,L,"EST. DE SERV. ""URKUPINA I""- ALBERTO OPORTO L.",1469-DIF,Diesel Oil Nacional,DIESEL_NACIONAL,,
2026-09-18,2026-09-17,True,True,Cochabamba,DIESEL OIL NACIONAL EESS,8000.0,L,"EST. DE SERV. ""EL CRISTO"" - CRISTIAN SABAG",2318-SZS,Diesel Oil Nacional,DIESEL_NACIONAL,,
2026-09-18,2026-09-17,True,True,Cochabamba,DIESEL OIL NACIONAL EESS,12000.0,L,ESTACIÓN DE SERVICIO VALLESANTIVAÑEZ S.R.L.,5710 ABA,Diesel Oil Nacional,DIESEL_NACIONAL,,
2026-09-18,2026-09-17,True,True,Cochabamba,GASOLINA ESPECIAL + EESS,10000.0,L,"EST. DE SERV. ""EPIZANA""",1011-KDU,Gasolina Especial +,GASOLINA_ESPECIAL_MAS,,
2026-09-18,2026-09-17,True,True,Cochabamba,DIESEL OIL NACIONAL EESS,12000.0,L,"EST. DE SERV. ""EPIZANA""",1011-KDU,Diesel Oil Nacional,DIESEL_NACIONAL,,
2026-09-18,2026-09-17,True,True,Cochabamba,DIESEL OIL NACIONAL EESS,8000.0,L,"EST. DE SERV. ""MAX MAMANGUENO"" - E. MELGAREJO",945-CTP,Diesel Oil Nacional,DIESEL_NACIONAL,,
2026-09-18,2026-09-17,True,True,Cochabamba,DIESEL OIL NACIONAL EESS,12000.0,L,"EST. DE SERV. ""SAN JUAN BAUTISTA S.R.L.""",696 THG,Diesel Oil Nacional,DIESEL_NACIONAL,,
2026-09-18,2026-09-17,True,True,Cochabamba,DIESEL OIL NACIONAL EESS,12000.0,L,"EST. DE SERV. ""DAYANA""",3827 SEG,Diesel Oil Nacional,DIESEL_NACIONAL,,
2026-09-18,2026-09-17,True,True,Cochabamba,DIESEL OIL NACIONAL EESS,6000.0,L,"EST. DE SERV. ""COCHABAMBA""",5715 CHX,Diesel Oil Nacional,DIESEL_NACIONAL,,
2026-09-18,2026-09-17,True,True,Cochabamba,DIESEL OIL NACIONAL EESS,6000.0,L,"EST. DE SERV. ""EL MANANTIAL SRL""",1036-RZH,Diesel Oil Nacional,DIESEL_NACIONAL,,
2026-09-18,2026-09-17,True,True,Cochabamba,DIESEL OIL NACIONAL EESS,26000.0,L,"EST. DE SERV. ""COCHABAMBA""",5715 CHX,Diesel Oil Nacional,DIESEL_NACIONAL,,
2026-09-18,2026-09-17,True,True,Cochabamba,DIESEL OIL NACIONAL EESS,32000.0,L,"EST. DE SERV. ""IQUIRCOLLO S.R.L.""",6429 RLK,Diesel Oil Nacional,DIESEL_NACIONAL,,
2026-09-18,2026-09-17,True,True,Cochabamba,DIESEL OIL NACIONAL EESS,14000.0,L,"EST. DE SERV. ""COCHABAMBA S.R.L. SUC. 1""",1442-GKB,Diesel Oil Nacional,DIESEL_NACIONAL,,
2026-09-18,2026-09-17,True,True,Cochabamba,DIESEL OIL NACIONAL EESS,3000.0,L,"EST. DE SERV. ""CHIMBOCO""",679-RCN,Diesel Oil Nacional,DIESEL_NACIONAL,,
2026-09-18,2026-09-17,True,True,Cochabamba,DIESEL OIL NACIONAL EESS,8000.0,L,"EST. DE SERV. ""EQGAS"" S.R.L.",4151 PIA,Diesel Oil Nacional,DIESEL_NACIONAL,,
2026-09-18,2026-09-17,True,True,Cochabamba,DIESEL OIL NACIONAL EESS,10000.0,L,"EST. DE SERV. ""COMERCIALIZADORA QK S.R.L.""",1469-DIF,Diesel Oil Nacional,DIESEL_NACIONAL,,
2026-09-18,2026-09-17,True,True,Cochabamba,GASOLINA ESPECIAL + EESS,12000.0,L,ESTACIÓN DE SERVICIO VALLESANTIVAÑEZ S.R.L.,5710 ABA,Gasolina Especial +,GASOLINA_ESPECIAL_MAS,,
2026-09-19,2026-09-19,True,False,Cochabamba,GLP DISTRIB. 45 KILOS NAL,3600.0,L,DIST. GLP SOCIEDAD PETROLERA SANTA ELENA S.R.L.,4104-FLR,GLP,GLP,,
2026-09-19,2026-09-19,True,False,Cochabamba,GLP DISTRIB. 10 KILOS NAL,6000.0,L,"DIST. GLP ""ADRIAZOL GAS""",1724-PZE,GLP,GLP,,
2026-09-19,2026-09-19,True,False,Cochabamba,GLP DISTRIB. 10 KILOS NAL,6000.0,L,"DIST.GLP""VILOMA GAS"" E.ARANDIA",1545-HTG,GLP,GLP,,
2026-09-19,2026-09-19,True,False,Cochabamba,GLP DISTRIB. 10 KILOS NAL,6000.0,L,DIST. GLP SOCIEDAD PETROLERA SANTA ELENA S.R.L.,2343-KNT,GLP,GLP,,
2026-09-19,2026-09-19,True,False,Cochabamba,GLP DISTRIB. 10 KILOS NAL,6000.0,L,"DIST. PROV. GLP ""COTA GAS"" - NELSON OLMOS",1717-RZX,GLP,GLP,,
2026-09-19,2026-09-19,True,False,Cochabamba,GLP DISTRIB. 10 KILOS NAL,6000.0,L,"DIST. GLP ""EDMUNDO GAS"" - EDMUNDO QUIROZ TAPIA",2316-FED,GLP,GLP,,
2026-09-19,2026-09-19,True,False,Cochabamba,GLP DISTRIB. 10 KILOS NAL,6000.0,L,"DIST.GLP""NOE GAS""M.HINOJOSA R.",1488-FKC,GLP,GLP,,
2026-09-19,2026-09-19,True,False,Cochabamba,GLP DISTRIB. 10 KILOS NAL,6000.0,L,"DIST. PROV. GLP ""PREMIUN GAS"" - EDUARDO ZENTENO E.",823-SZB,GLP,GLP,,
2026-09-19,2026-09-19,True,False,Cochabamba,GLP DISTRIB. 10 KILOS NAL,6000.0,L,"DIST. PROV.GLP ""SIPE SIPE GAS""",3103-ZPG,GLP,GLP,,
2026-09-19,2026-09-19,True,False,Cochabamba,GLP DISTRIB. 10 KILOS NAL,6000.0,L,"DIST. GLP ""DISBOGAS"" - JENNY PETRONA SALAMANCA VILLAFUERTE",1180-LXE,GLP,GLP,,
2026-09-19,2026-09-19,True,False,Cochabamba,GLP DISTRIB. 10 KILOS NAL,6000.0,L,"COOPERATIVA DE SERVICIOS DE DISTRIBUCION DE GAS LICUADO ""CANDELARIA"" R.L.",1395 FKG,GLP,GLP,,
2026-09-19,2026-09-19,True,False,Cochabamba,GLP DISTRIB. 10 KILOS NAL,6000.0,L,"DIST. GLP""SARCO GAS""M.FELIPEZ",1058-FGN,GLP,GLP,,
2026-09-19,2026-09-19,True,False,Cochabamba,GLP DISTRIB. 10 KILOS NAL,6000.0,L,DIST. GLP NUESTRO GAS-JONSON RICHARD LIMA FLORERO,1125-ULI,GLP,GLP,,
2026-09-19,2026-09-19,True,False,Cochabamba,GLP DISTRIB. 10 KILOS NAL,6000.0,L,A TODO GAS S.R.L.,085-PFB,GLP,GLP,,
2026-09-19,2026-09-19,True,False,Cochabamba,GLP DISTRIB. 10 KILOS NAL,6000.0,L,"DIST. GLP ""EXTRA GAS"" - MARIO CORDOVA PINTO",685 ZNG,GLP,GLP,,
2026-09-19,2026-09-19,True,False,Cochabamba,GLP DISTRIB. 45 KILOS NAL,2250.0,L,CBA GAS S.A.,1190-EXH,GLP,GLP,,
2026-09-19,2026-09-19,True,False,Cochabamba,GLP DISTRIB. 10 KILOS NAL,6000.0,L,"DIST. GLP ""BIO GAS"" - ANA MARIA ROMERO DE TORRICO",732-IHT,GLP,GLP,,
2026-09-19,2026-09-19,True,False,Cochabamba,DIESEL OIL IMPORTADO EESS,11000.0,L,ESTACION DE SERVICIO CAIGUAMI S.R.L. SUCURSAL 1,1669-FAI,Diesel Oil Importado,DIESEL_IMPORTADO,,
2026-09-19,2026-09-19,True,False,Cochabamba,DIESEL OIL IMPORTADO EESS,20000.0,L,ESTACION DE SERVICIO CAIGUAMI S.R.L.,2013-LFA,Diesel Oil Importado,DIESEL_IMPORTADO,,
2026-09-19,2026-09-19,True,False,Cochabamba,DIESEL OIL IMPORTADO EESS,20000.0,L,ENZO J. IRADY CESPEDES- E.S. EL CHANAR,1669-FAI,Diesel Oil Importado,DIESEL_IMPORTADO,,
2026-09-19,2026-09-19,True,False,Cochabamba,GASOLINA ESPECIAL EESS,9000.0,L,ESTACION DE SERVICIO CAIGUAMI S.R.L. SUCURSAL 1,1669-FAI,Gasolina Especial,GASOLINA_ESPECIAL,,
2026-09-19,2026-09-19,True,False,Cochabamba,GASOLINA ESPECIAL EESS,10000.0,L,ESTACION DE SERVICIO CAIGUAMI S.R.L.,1993-HCL,Gasolina Especial,GASOLINA_ESPECIAL,,
2026-09-19,2026-09-18,True,True,Cochabamba,GASOLINA ESPECIAL + EESS,6000.0,L,"EST. DE SERV. ""FORTALEZA ENERGY S.R.L.""",945-CTP,Gasolina Especial +,GASOLINA_ESPECIAL_MAS,,
2026-09-19,2026-09-19,True,False,Cochabamba,GLP DISTRIB. 10 KILOS NAL,6000.0,L,FERRO GAS - BERTHA CAMACHO RICALDEZ DE FERRUFINO,1404-FYF,GLP,GLP,,
2026-09-19,2026-09-19,True,False,Cochabamba,GLP DISTRIB. 10 KILOS NAL,6000.0,L,"DIST. PROV. GLP ""COLOMI GAS""",851 FRG,GLP,GLP,,
2026-09-19,2026-09-19,True,False,Cochabamba,GLP DISTRIB. 10 KILOS NAL,6000.0,L,"DIST. PROV. GLP ""ARANDIA GAS S.R.L.""",545 RFA,GLP,GLP,,
2026-09-18,2026-09-18,True,False,Cochabamba,GASOLINA ESPECIAL + EESS,6000.0,L,"EST. DE SERV. ""FORTALEZA ENERGY S.R.L.""",945-CTP,Gasolina Especial +,GASOLINA_ESPECIAL_MAS,,2026-09-18T20:36:21.960000+00:00
2026-09-17,2026-09-17,True,False,Cochabamba,GASOLINA ESPECIAL + EESS,10000.0,L,"EST. DE SERV. ""SURTIDOR CAMPERO""",1443-CAT,Gasolina Especial +,GASOLINA_ESPECIAL_MAS,,2026-09-17T19:04:05.743000+00:00
2026-09-20,2026-09-20,True,False,Cochabamba,GASOLINA ESPECIAL + EESS,4000.0,L,"EST. DE SERV. ""URKUPINA I""- ALBERTO OPORTO L.",1064-EBS,Gasolina Especial +,GASOLINA_ESPECIAL_MAS,,2026-09-20T16:09:54.433000+00:00
2026-09-20,2026-09-20,True,False,Cochabamba,GASOLINA ESPECIAL + EESS,4000.0,L,"EST. DE SERV. ""PETROGAS S.R.L.""",4430-YZE,Gasolina Especial +,GASOLINA_ESPECIAL_MAS,,2026-09-20T16:04:55.820000+00:00
2026-09-20,2026-09-20,True,False,Cochabamba,GASOLINA ESPECIAL + EESS,4000.0,L,"EST. DE SERV. ""NISSAN"" - SIMON FERRUFINO",2185-YCD,Gasolina Especial +,GASOLINA_ESPECIAL_MAS,,2026-09-20T16:00:18.743000+00:00
2026-09-20,2026-09-20,True,False,Cochabamba,GASOLINA ESPECIAL + EESS,4000.0,L,"EST. DE SERV. "" LAS PALMERAS S.R.L.""",2185-YCD,Gasolina Especial +,GASOLINA_ESPECIAL_MAS,,2026-09-20T16:00:18.743000+00:00
2026-09-20,2026-09-20,True,False,Cochabamba,GASOLINA ESPECIAL + EESS,4000.0,L,"EST. DE SERV. ""SIPE SIPE S.R.L.""",1543-IXY,Gasolina Especial +,GASOLINA_ESPECIAL_MAS,,2026-09-20T15:51:15.683000+00:00
2026-09-20,2026-09-20,True,False,Cochabamba,GASOLINA ESPECIAL + EESS,4000.0,L,"EST. DE SERV. ""SAN JORGE CBBA S.R.L.""",1543-IXY,Gasolina Especial +,GASOLINA_ESPECIAL_MAS,,2026-09-20T15:51:15.683000+00:00
2026-09-20,2026-09-20,True,False,Cochabamba,GASOLINA ESPECIAL + EESS,4000.0,L,TERMINAL DE BUSES COCHABAMBA S.A.,2437-CZU,Gasolina Especial +,GASOLINA_ESPECIAL_MAS,,2026-09-20T15:46:16.327000+00:00
2026-09-20,2026-09-20,True,False,Cochabamba,GASOLINA ESPECIAL + EESS,4000.0,L,ESTACION DE SERVICIO HIPODROMO S.R.L.,2437-CZU,Gasolina Especial +,GASOLINA_ESPECIAL_MAS,,2026-09-20T15:46:16.327000+00:00
2026-09-20,2026-09-20,True,False,Cochabamba,GASOLINA ESPECIAL + EESS,4000.0,L,"EST. DE SERV. ""PANAMERICANA"" SUCURSAL COCHABAMBA",4119-RNN,Gasolina Especial +,GASOLINA_ESPECIAL_MAS,,2026-09-20T15:39:31.180000+00:00
2026-09-20,2026-09-20,True,False,Cochabamba,GASOLINA ESPECIAL + EESS,4000.0,L,"EST. DE SERV. ""IQUIRCOLLO S.R.L. SUC. 1""",4119-RNN,Gasolina Especial +,GASOLINA_ESPECIAL_MAS,,2026-09-20T15:39:31.180000+00:00
2026-09-20,2026-09-20,True,False,Cochabamba,GASOLINA ESPECIAL + EESS,4000.0,L,"EST. DE SERV. ""DORBIGNI""",4031-GBK,Gasolina Especial +,GASOLINA_ESPECIAL_MAS,,2026-09-20T15:31:40.353000+00:00
2026-09-20,2026-09-20,True,False,Cochabamba,GASOLINA ESPECIAL + EESS,4000.0,L,"EST. DE SERV. ""MAX MAMANGUENO"" - E. MELGAREJO",2026-AAF,Gasolina Especial +,GASOLINA_ESPECIAL_MAS,,2026-09-20T15:24:09.510000+00:00
2026-09-20,2026-09-20,True,False,Cochabamba,GASOLINA ESPECIAL + EESS,4000.0,L,"EST. DE SERV. ""LOS ALPES""-BERTHA CAMACHO RICALDEZ",2441-ZBD,Gasolina Especial +,GASOLINA_ESPECIAL_MAS,,2026-09-20T15:16:26.220000+00:00
2026-09-20,2026-09-20,True,False,Cochabamba,GASOLINA ESPECIAL + EESS,4000.0,L,"EST. DE SERV. ""LA PATRIA S.R.L.""",1815-SSN,Gasolina Especial +,GASOLINA_ESPECIAL_MAS,,2026-09-20T14:58:54.143000+00:00
2026-09-20,2026-09-20,True,False,Cochabamba,GASOLINA ESPECIAL + EESS,4000.0,L,"EST. DE SERV. ""REFINERIA""- SIMON RODRIGO FERRUFINO",1815-SSN,Gasolina Especial +,GASOLINA_ESPECIAL_MAS,,2026-09-20T14:58:54.143000+00:00
2026-09-20,2026-09-20,True,False,Cochabamba,GASOLINA ESPECIAL + EESS,4000.0,L,ESTACION DE SERVICIO TICTI S.R.L.,3824-IAF,Gasolina Especial +,GASOLINA_ESPECIAL_MAS,,2026-09-20T14:54:44.023000+00:00
2026-09-20,2026-09-20,True,False,Cochabamba,GASOLINA ESPECIAL + EESS,4000.0,L,"EST. DE SERV. ""PAROTANI""",4022-ELR,Gasolina Especial +,GASOLINA_ESPECIAL_MAS,,2026-09-20T14:53:58.750000+00:00
2026-09-20,2026-09-20,True,False,Cochabamba,GASOLINA ESPECIAL + EESS,4000.0,L,KHORA ESTACION DE SERVICIO - MEDRANO ARNEZ JAIME,2337-IRB,Gasolina Especial +,GASOLINA_ESPECIAL_MAS,,2026-09-20T14:51:33.097000+00:00
2026-09-20,2026-09-20,True,False,Cochabamba,GASOLINA ESPECIAL + EESS,4000.0,L,IMBRANJO S.R.L.,2337-IRB,Gasolina Especial +,GASOLINA_ESPECIAL_MAS,,2026-09-20T14:51:33.097000+00:00
2026-09-20,2026-09-20,True,False,Cochabamba,GASOLINA ESPECIAL + EESS,4000.0,L,"ESTACION DE SERVICIO ""LOS LAURELES"" - DIEGO M. DELGADILLO ANTEZANA",1179-NTT,Gasolina Especial +,GASOLINA_ESPECIAL_MAS,,2026-09-20T14:48:25.593000+00:00
2026-09-20,2026-09-20,True,False,Cochabamba,GASOLINA ESPECIAL + EESS,4000.0,L,"EST. DE SERV. ""SENOR SANTIAGO SUC. 1"" - E. DELGADILLO",1179-NTT,Gasolina Especial +,GASOLINA_ESPECIAL_MAS,,2026-09-20T14:48:25.593000+00:00
2026-09-20,2026-09-20,True,False,Cochabamba,GASOLINA ESPECIAL + EESS,4000.0,L,"EST. DE SERV. ""GASNOR S.R.L.""",4430-YZE,Gasolina Especial +,GASOLINA_ESPECIAL_MAS,,2026-09-20T14:45:47.153000+00:00
2026-09-20,2026-09-20,True,False,Cochabamba,GASOLINA ESPECIAL + EESS,4000.0,L,"EST. DE SERV. ""GUADELOUPE GROUP S.R.L.""",1469-DIF,Gasolina Especial +,GASOLINA_ESPECIAL_MAS,,2026-09-20T14:43:40.757000+00:00
2026-09-20,2026-09-20,True,False,Cochabamba,GASOLINA ESPECIAL + EESS,4000.0,L,"EST. DE SERV. ""FORTALEZA ENERGY S.R.L.""",945-CTP,Gasolina Especial +,GASOLINA_ESPECIAL_MAS,,2026-09-20T14:37:48.280000+00:00
2026-09-20,2026-09-20,True,False,Cochabamba,GASOLINA ESPECIAL + EESS,4000.0,L,"EST. DE SERV. ""PARAJE 24.7 SRL""",4745-NHS,Gasolina Especial +,GASOLINA_ESPECIAL_MAS,,2026-09-20T14:33:13.827000+00:00
2026-09-20,2026-09-20,True,False,Cochabamba,GASOLINA ESPECIAL + EESS,4000.0,L,"EST. DE SERV. ""PARAJE 24.7 SRL SUC. 1""",4745-NHS,Gasolina Especial +,GASOLINA_ESPECIAL_MAS,,2026-09-20T14:33:13.827000+00:00
2026-09-20,2026-09-20,True,False,Cochabamba,GASOLINA ESPECIAL + EESS,4000.0,L,"EST. DE SERV. ""EL MANANTIAL SUC. 2""",1036-RZH,Gasolina Especial +,GASOLINA_ESPECIAL_MAS,,2026-09-20T14:30:22.640000+00:00
2026-09-20,2026-09-20,True,False,Cochabamba,GASOLINA ESPECIAL + EESS,4000.0,L,"EST. DE SERV. ""EL MANANTIAL SUC. 1""",1036-RZH,Gasolina Especial +,GASOLINA_ESPECIAL_MAS,,2026-09-20T14:30:22.640000+00:00
2026-09-20,2026-09-20,True,False,Cochabamba,GASOLINA ESPECIAL + EESS,4000.0,L,"EST. DE SERV. ""EL MANANTIAL SRL""",1036-RZH,Gasolina Especial +,GASOLINA_ESPECIAL_MAS,,2026-09-20T14:30:22.640000+00:00
2026-09-20,2026-09-20,True,False,Cochabamba,GASOLINA ESPECIAL + EESS,4000.0,L,"EST. DE SERV. ""TRANS SACABA S.A. II""",5258-YSB,Gasolina Especial +,GASOLINA_ESPECIAL_MAS,,2026-09-20T14:27:20.760000+00:00
2026-09-20,2026-09-20,True,False,Cochabamba,GASOLINA ESPECIAL + EESS,4000.0,L,"EST. DE SERV. ""MONTERREY S.R.L.""",2559-XTU,Gasolina Especial +,GASOLINA_ESPECIAL_MAS,,2026-09-20T14:25:00.887000+00:00
2026-09-20,2026-09-20,True,False,Cochabamba,GASOLINA ESPECIAL + EESS,4000.0,L,"EST. DE SERV. ""DISEL S.R.L. I""",3079-GRD,Gasolina Especial +,GASOLINA_ESPECIAL_MAS,,2026-09-20T14:18:05.087000+00:00
2026-09-20,2026-09-20,True,False,Cochabamba,GASOLINA ESPECIAL + EESS,4000.0,L,"EST. DE SERV. ""LORETO"" SUC. 1",813-NDX,Gasolina Especial +,GASOLINA_ESPECIAL_MAS,,2026-09-20T14:15:51.720000+00:00
2026-09-20,2026-09-20,True,False,Cochabamba,GASOLINA ESPECIAL + EESS,4000.0,L,"EST. DE SERV. ""ISABEL CHAVEZ""",813-NDX,Gasolina Especial +,GASOLINA_ESPECIAL_MAS,,2026-09-20T14:15:51.720000+00:00
2026-09-20,2026-09-20,True,False,Cochabamba,GASOLINA ESPECIAL + EESS,4000.0,L,ESTACION DE SERVICIO LOS ALAMOS S.R.L.,6227-DDT,Gasolina Especial +,GASOLINA_ESPECIAL_MAS,,2026-09-20T14:11:51.617000+00:00
2026-09-20,2026-09-20,True,False,Cochabamba,GASOLINA ESPECIAL + EESS,4000.0,L,"EST. DE SERV. ""TIQUIPAYA"" - VENICIA ALANEZ JIMENES",3785-SDC,Gasolina Especial +,GASOLINA_ESPECIAL_MAS,,2026-09-20T14:10:41.577000+00:00
2026-09-20,2026-09-20,True,False,Cochabamba,GASOLINA ESPECIAL + EESS,4000.0,L,PETROCEL S.R.L.,1442-GKB,Gasolina Especial +,GASOLINA_ESPECIAL_MAS,,2026-09-20T14:09:16.997000+00:00
2026-09-20,2026-09-20,True,False,Cochabamba,GASOLINA ESPECIAL + EESS,4000.0,L,ESTACION DE SERVICIO CAPITAN VICTOR USTARIZ S.R.L.,1442-GKB,Gasolina Especial +,GASOLINA_ESPECIAL_MAS,,2026-09-20T14:09:16.997000+00:00
2026-09-20,2026-09-20,True,False,Cochabamba,GASOLINA ESPECIAL + EESS,4000.0,L,"EST. DE SERV. ""SENOR SANTIAGO"" - E. DELGADILLO",2049-AXA,Gasolina Especial +,GASOLINA_ESPECIAL_MAS,,2026-09-20T13:57:49.917000+00:00
2026-09-20,2026-09-20,True,False,Cochabamba,GASOLINA ESPECIAL + EESS,4000.0,L,"EST. DE SERV. ""SUTICOLLO""",4036-RHP,Gasolina Especial +,GASOLINA_ESPECIAL_MAS,,2026-09-20T13:54:41.397000+00:00
2026-09-20,2026-09-20,True,False,Cochabamba,GASOLINA ESPECIAL + EESS,4000.0,L,"EST. DE SERV. ""PORTALEZ S.R.L.""",686-BCG,Gasolina Especial +,GASOLINA_ESPECIAL_MAS,,2026-09-20T13:47:09.113000+00:00
2026-09-20,2026-09-20,True,False,Cochabamba,GASOLINA ESPECIAL + EESS,4000.0,L,"EST. DE SERV. ""URKUPINA"" - ALBERTO OPORTO",1064-EBS,Gasolina Especial +,GASOLINA_ESPECIAL_MAS,,2026-09-20T13:19:19.150000+00:00
2026-09-20,2026-09-20,True,False,Cochabamba,GASOLINA ESPECIAL + EESS,4000.0,L,"EST. DE SERV. ""IQUIRCOLLO S.R.L.""",6429-RLK,Gasolina Especial +,GASOLINA_ESPECIAL_MAS,,2026-09-20T13:09:59.367000+00:00
2026-09-20,2026-09-20,True,False,Cochabamba,GASOLINA ESPECIAL + EESS,4000.0,L,"EST. DE SERV. ""RIOJA""",2437-CZU,Gasolina Especial +,GASOLINA_ESPECIAL_MAS,,2026-09-20T13:01:30.790000+00:00
2026-09-20,2026-09-20,True,False,Cochabamba,GASOLINA ESPECIAL + EESS,4000.0,L,ESTAGAS S.R.L.,2437-CZU,Gasolina Especial +,GASOLINA_ESPECIAL_MAS,,2026-09-20T13:01:30.790000+00:00
2026-09-20,2026-09-20,True,False,Cochabamba,GASOLINA ESPECIAL + EESS,4000.0,L,"EST. DE SERV. ""DELAASUNCION-AMERICA S.R.L.""",2040-LSS,Gasolina Especial +,GASOLINA_ESPECIAL_MAS,,2026-09-20T12:54:16.820000+00:00
2026-09-20,2026-09-20,True,False,Cochabamba,GASOLINA ESPECIAL + EESS,4000.0,L,"EST. DE SERV. ""EL CRISTO"" - CRISTIAN SABAG",2040-LSS,Gasolina Especial +,GASOLINA_ESPECIAL_MAS,,2026-09-20T12:54:16.820000+00:00
2026-09-20,2026-09-20,True,False,Cochabamba,GASOLINA ESPECIAL + EESS,4000.0,L,"EST. DE SERV. ""SAN JUAN BAUTISTA S.R.L.""",696-THG,Gasolina Especial +,GASOLINA_ESPECIAL_MAS,,2026-09-20T12:38:58.393000+00:00
2026-09-20,2026-09-20,True,False,Cochabamba,GASOLINA ESPECIAL + EESS,4000.0,L,"EST. DE SERV. ""VILLA OBRAJES""",1057-RCA,Gasolina Especial +,GASOLINA_ESPECIAL_MAS,,2026-09-20T12:33:58.767000+00:00
2026-09-20,2026-09-20,True,False,Cochabamba,GASOLINA ESPECIAL + EESS,4000.0,L,"EST. DE SERV. ""AYACUCHO""",4430-YZE,Gasolina Especial +,GASOLINA_ESPECIAL_MAS,,2026-09-20T16:04:55.820000+00:00
2026-09-20,2026-09-20,True,False,Cochabamba,GASOLINA ESPECIAL + EESS,4000.0,L,COMERCIALIZADORA DE SERVICIOS LUBRISHOP S.R.L.,696-THG,Gasolina Especial +,GASOLINA_ESPECIAL_MAS,,2026-09-20T15:55:56.397000+00:00
2026-09-20,2026-09-20,True,False,Cochabamba,GASOLINA ESPECIAL + EESS,4000.0,L,"EST. DE SERV. ""COCHABAMBA S.R.L. SUC. 2""",4031-GBK,Gasolina Especial +,GASOLINA_ESPECIAL_MAS,,2026-09-20T15:31:40.353000+00:00
2026-09-20,2026-09-20,True,False,Cochabamba,GASOLINA ESPECIAL + EESS,4000.0,L,"EST. DE SERV. ""DAYANA""",3827-SEG,Gasolina Especial +,GASOLINA_ESPECIAL_MAS,,2026-09-20T15:30:19.930000+00:00
2026-09-20,2026-09-20,True,False,Cochabamba,GASOLINA ESPECIAL + EESS,4000.0,L,"EST. DE SERV. ""CHINATA S.R.L.""",2441-ZBD,Gasolina Especial +,GASOLINA_ESPECIAL_MAS,,2026-09-20T15:16:26.220000+00:00
2026-09-20,2026-09-20,True,False,Cochabamba,GASOLINA ESPECIAL + EESS,4000.0,L,ESTACION DE SERVICIO ANITA,2741-BFG,Gasolina Especial +,GASOLINA_ESPECIAL_MAS,,2026-09-20T15:04:18.567000+00:00
2026-09-20,2026-09-20,True,False,Cochabamba,GASOLINA ESPECIAL + EESS,4000.0,L,"EST. DE SERV. ""COMERCIALIZADORA QK S.R.L.""",1469-DIF,Gasolina Especial +,GASOLINA_ESPECIAL_MAS,,2026-09-20T14:43:40.757000+00:00
2026-09-20,2026-09-20,True,False,Cochabamba,GASOLINA ESPECIAL + EESS,4000.0,L,"EST. DE SERV. ""DISEL S.R.L.""",1035-CBN,Gasolina Especial +,GASOLINA_ESPECIAL_MAS,,2026-09-20T14:21:59.107000+00:00
2026-09-20,2026-09-20,True,False,Cochabamba,GASOLINA ESPECIAL + EESS,4000.0,L,"EST. DE SERV. ""COCHABAMBA S.R.L. SUC. 1""",6227-DDT,Gasolina Especial +,GASOLINA_ESPECIAL_MAS,,2026-09-20T14:11:51.617000+00:00
2026-09-20,2026-09-20,True,False,Cochabamba,GASOLINA ESPECIAL + EESS,4000.0,L,"EST. DE SERV. ""ARANJUEZ""",2049-AXA,Gasolina Especial +,GASOLINA_ESPECIAL_MAS,,2026-09-20T13:57:49.917000+00:00
2026-09-20,2026-09-20,True,False,Cochabamba,GASOLINA ESPECIAL + EESS,4000.0,L,"EST. DE SERV. ""COCHABAMBA""",5715-CHX,Gasolina Especial +,GASOLINA_ESPECIAL_MAS,,2026-09-20T13:50:14.993000+00:00
2026-09-20,2026-09-20,True,False,Cochabamba,GASOLINA ESPECIAL + EESS,4000.0,L,"EST. DE SERV. ""C.G.C. SRL""",686-BCG,Gasolina Especial +,GASOLINA_ESPECIAL_MAS,,2026-09-20T13:47:09.113000+00:00
2026-09-20,2026-09-20,True,False,Cochabamba,GASOLINA ESPECIAL + EESS,4000.0,L,"EST. DE SERV. ""CHIMBOCO""",679-RCN,Gasolina Especial +,GASOLINA_ESPECIAL_MAS,,2026-09-20T13:27:48.813000+00:00
2026-09-20,2026-09-20,True,False,Cochabamba,GASOLINA ESPECIAL + EESS,4000.0,L,"EST. DE SERV. ""CITY TRUCK FH S.R.L.""",1250-ATC,Gasolina Especial +,GASOLINA_ESPECIAL_MAS,,2026-09-20T12:40:40.833000+00:00
2026-09-20,2026-09-20,True,False,Cochabamba,GASOLINA ESPECIAL + EESS,4000.0,L,"EST. DE SERV. ""CIRCUITO BOLIVIA S.A.""",4119-RNN,Gasolina Especial +,GASOLINA_ESPECIAL_MAS,,2026-09-20T12:35:58.470000+00:00
2026-09-20,2026-09-20,True,False,Cochabamba,GASOLINA ESPECIAL + EESS,4000.0,L,"EST. DE SERV. ""A.C.B. CARBURANTES SRL""",2026-AAF,Gasolina Especial +,GASOLINA_ESPECIAL_MAS,,2026-09-20T15:24:09.510000+00:00
2026-09-20,2026-09-20,True,False,Cochabamba,GASOLINA ESPECIAL + EESS,4000.0,L,"EST. DE SERV. ""20 DE DICIEMBRE""",1442-GKB,Gasolina Especial +,GASOLINA_ESPECIAL_MAS,,2026-09-20T14:09:16.997000+00:00
2026-09-20,2026-09-20,True,False,Cochabamba,DIESEL OIL NACIONAL EESS,6000.0,L,"EST. DE SERV. ""TRANS SACABA S.A.""",5258-YSB,Diesel Oil Nacional,DIESEL_NACIONAL,,2026-09-20T16:23:56.530000+00:00
2026-09-20,2026-09-20,True,False,Cochabamba,DIESEL OIL NACIONAL EESS,6000.0,L,"EST. DE SERV. ""URKUPINA I""- ALBERTO OPORTO L.",1064-EBS,Diesel Oil Nacional,DIESEL_NACIONAL,,2026-09-20T16:09:54.433000+00:00
2026-09-20,2026-09-20,True,False,Cochabamba,DIESEL OIL NACIONAL EESS,6000.0,L,"EST. DE SERV. ""NISSAN"" - SIMON FERRUFINO",2185-YCD,Diesel Oil Nacional,DIESEL_NACIONAL,,2026-09-20T16:00:18.743000+00:00
2026-09-20,2026-09-20,True,False,Cochabamba,DIESEL OIL NACIONAL EESS,6000.0,L,COMERCIALIZADORA DE SERVICIOS LUBRISHOP S.R.L.,696-THG,Diesel Oil Nacional,DIESEL_NACIONAL,,2026-09-20T15:55:56.397000+00:00
2026-09-20,2026-09-20,True,False,Cochabamba,DIESEL OIL NACIONAL EESS,6000.0,L,"EST. DE SERV. ""SAN JORGE CBBA S.R.L.""",1543-IXY,Diesel Oil Nacional,DIESEL_NACIONAL,,2026-09-20T15:51:15.683000+00:00
2026-09-20,2026-09-20,True,False,Cochabamba,DIESEL OIL NACIONAL EESS,6000.0,L,"EST. DE SERV. ""EL VIAJERO SRL""",4119-RNN,Diesel Oil Nacional,DIESEL_NACIONAL,,2026-09-20T15:39:31.180000+00:00
2026-09-20,2026-09-20,True,False,Cochabamba,DIESEL OIL NACIONAL EESS,6000.0,L,"EST. DE SERV. ""MAX MAMANGUENO"" - E. MELGAREJO",2026-AAF,Diesel Oil Nacional,DIESEL_NACIONAL,,2026-09-20T15:24:09.510000+00:00
2026-09-20,2026-09-20,True,False,Cochabamba,DIESEL OIL NACIONAL EESS,6000.0,L,"EST. DE SERV. ""LOS ALPES""-BERTHA CAMACHO RICALDEZ",2441-ZBD,Diesel Oil Nacional,DIESEL_NACIONAL,,2026-09-20T15:16:26.220000+00:00
2026-09-20,2026-09-20,True,False,Cochabamba,DIESEL OIL NACIONAL EESS,6000.0,L,"EST. DE SERV. ""CHINATA S.R.L.""",2441-ZBD,Diesel Oil Nacional,DIESEL_NACIONAL,,2026-09-20T15:16:26.220000+00:00
2026-09-20,2026-09-20,True,False,Cochabamba,DIESEL OIL NACIONAL EESS,6000.0,L,ESTACION DE SERVICIO ANITA,2741-BFG,Diesel Oil Nacional,DIESEL_NACIONAL,,2026-09-20T15:04:18.567000+00:00
2026-09-20,2026-09-20,True,False,Cochabamba,DIESEL OIL NACIONAL EESS,6000.0,L,ESTACION DE SERVICIO TICTI S.R.L.,3824-IAF,Diesel Oil Nacional,DIESEL_NACIONAL,,2026-09-20T14:54:44.023000+00:00
2026-09-20,2026-09-20,True,False,Cochabamba,DIESEL OIL NACIONAL EESS,6000.0,L,IMBRANJO S.R.L.,2337-IRB,Diesel Oil Nacional,DIESEL_NACIONAL,,2026-09-20T14:51:33.097000+00:00
2026-09-20,2026-09-20,True,False,Cochabamba,DIESEL OIL NACIONAL EESS,6000.0,L,"EST. DE SERV. ""COMERCIALIZADORA QK S.R.L.""",1469-DIF,Diesel Oil Nacional,DIESEL_NACIONAL,,2026-09-20T14:43:40.757000+00:00
2026-09-20,2026-09-20,True,False,Cochabamba,DIESEL OIL NACIONAL EESS,6000.0,L,"EST. DE SERV. ""SIPE SIPE S.R.L.""",681-DLU,Diesel Oil Nacional,DIESEL_NACIONAL,,2026-09-20T14:39:31.360000+00:00
2026-09-20,2026-09-20,True,False,Cochabamba,DIESEL OIL NACIONAL EESS,6000.0,L,"EST. DE SERV. ""FORTALEZA ENERGY S.R.L.""",945-CTP,Diesel Oil Nacional,DIESEL_NACIONAL,,2026-09-20T14:37:48.280000+00:00
2026-09-20,2026-09-20,True,False,Cochabamba,DIESEL OIL NACIONAL EESS,6000.0,L,"EST. DE SERV. ""TRANS SACABA S.A. II""",5258-YSB,Diesel Oil Nacional,DIESEL_NACIONAL,,2026-09-20T14:27:20.760000+00:00
2026-09-20,2026-09-20,True,False,Cochabamba,DIESEL OIL NACIONAL EESS,6000.0,L,"EST. DE SERV. ""MONTERREY S.R.L.""",2559-XTU,Diesel Oil Nacional,DIESEL_NACIONAL,,2026-09-20T14:25:00.887000+00:00
2026-09-20,2026-09-20,True,False,Cochabamba,DIESEL OIL NACIONAL EESS,6000.0,L,"EST. DE SERV. ""DISEL S.R.L. I""",1035-CBN,Diesel Oil Nacional,DIESEL_NACIONAL,,2026-09-20T14:21:59.107000+00:00
2026-09-20,2026-09-20,True,False,Cochabamba,DIESEL OIL NACIONAL EESS,6000.0,L,"EST. DE SERV. ""DISEL S.R.L.""",1035-CBN,Diesel Oil Nacional,DIESEL_NACIONAL,,2026-09-20T14:21:59.107000+00:00
2026-09-20,2026-09-20,True,False,Cochabamba,DIESEL OIL NACIONAL EESS,6000.0,L,"EST. DE SERV. ""COCHABAMBA S.R.L. SUC. 1""",6227-DDT,Diesel Oil Nacional,DIESEL_NACIONAL,,2026-09-20T14:11:51.617000+00:00
2026-09-20,2026-09-20,True,False,Cochabamba,DIESEL OIL NACIONAL EESS,6000.0,L,"EST. DE SERV. ""TIQUIPAYA"" - VENICIA ALANEZ JIMENES",3785-SDC,Diesel Oil Nacional,DIESEL_NACIONAL,,2026-09-20T14:10:41.577000+00:00
2026-09-20,2026-09-20,True,False,Cochabamba,DIESEL OIL NACIONAL EESS,6000.0,L,"EST. DE SERV. ""SENOR SANTIAGO"" - E. DELGADILLO",2049-AXA,Diesel Oil Nacional,DIESEL_NACIONAL,,2026-09-20T13:57:49.917000+00:00
2026-09-20,2026-09-20,True,False,Cochabamba,DIESEL OIL NACIONAL EESS,6000.0,L,"EST. DE SERV. ""SUTICOLLO""",4036-RHP,Diesel Oil Nacional,DIESEL_NACIONAL,,2026-09-20T13:54:41.397000+00:00
2026-09-20,2026-09-20,True,False,Cochabamba,DIESEL OIL NACIONAL EESS,6000.0,L,ESTACION DE SERVICIO LOS ALAMOS S.R.L.,5715-CHX,Diesel Oil Nacional,DIESEL_NACIONAL,,2026-09-20T13:50:14.993000+00:00
2026-09-20,2026-09-20,True,False,Cochabamba,DIESEL OIL NACIONAL EESS,6000.0,L,"EST. DE SERV. ""COCHABAMBA""",5715-CHX,Diesel Oil Nacional,DIESEL_NACIONAL,,2026-09-20T13:50:14.993000+00:00
2026-09-20,2026-09-20,True,False,Cochabamba,DIESEL OIL NACIONAL EESS,6000.0,L,"EST. DE SERV. ""CHIMBOCO""",679-RCN,Diesel Oil Nacional,DIESEL_NACIONAL,,2026-09-20T13:27:48.813000+00:00
2026-09-20,2026-09-20,True,False,Cochabamba,DIESEL OIL NACIONAL EESS,6000.0,L,"EST. DE SERV. ""URKUPINA"" - ALBERTO OPORTO",1064-EBS,Diesel Oil Nacional,DIESEL_NACIONAL,,2026-09-20T13:19:19.150000+00:00
2026-09-20,2026-09-20,True,False,Cochabamba,DIESEL OIL NACIONAL EESS,6000.0,L,"EST. DE SERV. ""IQUIRCOLLO S.R.L.""",6429-RLK,Diesel Oil Nacional,DIESEL_NACIONAL,,2026-09-20T13:09:59.367000+00:00
2026-09-20,2026-09-20,True,False,Cochabamba,DIESEL OIL NACIONAL EESS,6000.0,L,"EST. DE SERV. ""RIOJA""",2437-CZU,Diesel Oil Nacional,DIESEL_NACIONAL,,2026-09-20T13:01:30.790000+00:00
2026-09-20,2026-09-20,True,False,Cochabamba,DIESEL OIL NACIONAL EESS,6000.0,L,"EST. DE SERV. ""EL CRISTO"" - CRISTIAN SABAG",2040-LSS,Diesel Oil Nacional,DIESEL_NACIONAL,,2026-09-20T12:54:16.820000+00:00
2026-09-20,2026-09-20,True,False,Cochabamba,DIESEL OIL NACIONAL EESS,6000.0,L,"EST. DE SERV. ""C.G.C. SRL""",2086-CDR,Diesel Oil Nacional,DIESEL_NACIONAL,,2026-09-20T12:49:36.673000+00:00
2026-09-20,2026-09-20,True,False,Cochabamba,DIESEL OIL NACIONAL EESS,6000.0,L,"EST. DE SERV. ""CITY TRUCK FH S.R.L.""",1250-ATC,Diesel Oil Nacional,DIESEL_NACIONAL,,2026-09-20T12:40:40.833000+00:00
2026-09-20,2026-09-20,True,False,Cochabamba,DIESEL OIL NACIONAL EESS,6000.0,L,"EST. DE SERV. ""SAN JUAN BAUTISTA S.R.L.""",696-THG,Diesel Oil Nacional,DIESEL_NACIONAL,,2026-09-20T12:38:58.393000+00:00
2026-09-20,2026-09-20,True,False,Cochabamba,DIESEL OIL NACIONAL EESS,6000.0,L,"EST. DE SERV. ""CIRCUITO BOLIVIA S.A.""",4119-RNN,Diesel Oil Nacional,DIESEL_NACIONAL,,2026-09-20T12:35:58.470000+00:00
2026-09-20,2026-09-20,True,False,Cochabamba,DIESEL OIL NACIONAL EESS,6000.0,L,"EST. DE SERV. ""VILLA OBRAJES""",1057-RCA,Diesel Oil Nacional,DIESEL_NACIONAL,,2026-09-20T12:33:58.767000+00:00
2026-09-21,2026-09-21,True,False,Cochabamba,GLP DISTRIB. 45 KILOS NAL,1800.0,L,DIST. GLP NUESTRO GAS-JONSON RICHARD LIMA FLORERO,1662-CGP,GLP,GLP,,
2026-09-21,2026-09-21,True,False,Cochabamba,GLP DISTRIB. 10 KILOS NAL,6000.0,L,DIST. GLP SOCIEDAD PETROLERA SANTA ELENA S.R.L.,2343-KNT,GLP,GLP,,
2026-09-21,2026-09-21,True,False,Cochabamba,GLP DISTRIB. 10 KILOS NAL,6000.0,L,"DIST. GLP ""DISBOGAS"" - JENNY PETRONA SALAMANCA VILLAFUERTE",1180-LXE,GLP,GLP,,
2026-09-21,2026-09-21,True,False,Cochabamba,GLP DISTRIB. 10 KILOS NAL,6000.0,L,"COOPERATIVA DE SERVICIOS DE DISTRIBUCION DE GAS LICUADO ""CANDELARIA"" R.L.",1395 FKG,GLP,GLP,,
2026-09-21,2026-09-21,True,False,Cochabamba,GLP DISTRIB. 10 KILOS NAL,6000.0,L,"DIST. GLP ""EDMUNDO GAS"" - EDMUNDO QUIROZ TAPIA",2316-FED,GLP,GLP,,
2026-09-21,2026-09-21,True,False,Cochabamba,GLP DISTRIB. 10 KILOS NAL,6000.0,L,"DIST. PROV. GLP ""COTA GAS"" - NELSON OLMOS",1717-RZX,GLP,GLP,,
2026-09-21,2026-09-21,True,False,Cochabamba,GLP DISTRIB. 10 KILOS NAL,6000.0,L,"DIST. GLP ""BIO GAS"" - ANA MARIA ROMERO DE TORRICO",732-IHT,GLP,GLP,,
2026-09-21,2026-09-21,True,False,Cochabamba,GLP DISTRIB. 10 KILOS NAL,6000.0,L,"DIST. GLP ""ADRIAZOL GAS""",1724-PZE,GLP,GLP,,
2026-09-21,2026-09-21,True,False,Cochabamba,GLP DISTRIB. 10 KILOS NAL,6000.0,L,"DIST.GLP""VILOMA GAS"" E.ARANDIA",2926-PGF,GLP,GLP,,
2026-09-21,2026-09-21,True,False,Cochabamba,GLP DISTRIB. 10 KILOS NAL,6000.0,L,A TODO GAS S.R.L.,085-PFB,GLP,GLP,,
2026-09-21,2026-09-21,True,False,Cochabamba,GLP DISTRIB. 10 KILOS NAL,6000.0,L,CBA GAS S.A.,3131 KLD,GLP,GLP,,
2026-09-21,2026-09-21,True,False,Cochabamba,GLP DISTRIB. 10 KILOS NAL,6000.0,L,"DIST. PROV. GLP ""ARANDIA GAS S.R.L.""",545 RFA,GLP,GLP,,
2026-09-21,2026-09-21,True,False,Cochabamba,GLP DISTRIB. 10 KILOS NAL,6000.0,L,"DIST. PROV.GLP ""SIPE SIPE GAS""",818-HER,GLP,GLP,,
2026-09-21,2026-09-21,True,False,Cochabamba,GLP DISTRIB. 10 KILOS NAL,6000.0,L,"DIST. GLP""SARCO GAS""M.FELIPEZ",1058-FGN,GLP,GLP,,
2026-09-21,2026-09-21,True,False,Cochabamba,GLP DISTRIB. 10 KILOS NAL,6000.0,L,"DIST. GLP ""EXTRA GAS"" - MARIO CORDOVA PINTO",685 ZNG,GLP,GLP,,
2026-09-21,2026-09-21,True,False,Cochabamba,DIESEL OIL NACIONAL EESS,24000.0,L,"EST. DE SERV. ""SAN JORGE CBBA S.R.L.""",623-GGF,Diesel Oil Nacional,DIESEL_NACIONAL,,2026-09-21T20:51:26.853000+00:00
2026-09-21,2026-09-21,True,False,Cochabamba,DIESEL OIL NACIONAL EESS,16000.0,L,SURTIDOR DE GASOLINA Y DIESEL COLOMI,4745-NHS,Diesel Oil Nacional,DIESEL_NACIONAL,,2026-09-21T20:26:12.327000+00:00
2026-09-21,2026-09-21,True,False,Cochabamba,GASOLINA ESPECIAL + EESS,14000.0,L,SURTIDOR DE GASOLINA Y DIESEL COLOMI,4745-NHS,Gasolina Especial +,GASOLINA_ESPECIAL_MAS,,2026-09-21T20:26:12.327000+00:00
2026-09-21,2026-09-21,True,False,Cochabamba,GASOLINA ESPECIAL + EESS,12000.0,L,"EST. DE SERV. ""ARANI"" - ZULMA ROJAS",2318-SZS,Gasolina Especial +,GASOLINA_ESPECIAL_MAS,,2026-09-21T20:04:34.850000+00:00
2026-09-21,2026-09-21,True,False,Cochabamba,GASOLINA ESPECIAL + EESS,10000.0,L,"EST. DE SERV. ""URKUPINA"" - ALBERTO OPORTO",1064-EBS,Gasolina Especial +,GASOLINA_ESPECIAL_MAS,,2026-09-21T20:01:52.823000+00:00
2026-09-21,2026-09-21,True,False,Cochabamba,GASOLINA ESPECIAL + EESS,12000.0,L,"EST. DE SERV. ""URKUPINA I""- ALBERTO OPORTO L.",1469-DIF,Gasolina Especial +,GASOLINA_ESPECIAL_MAS,,2026-09-21T19:58:57.127000+00:00
2026-09-21,2026-09-21,True,False,Cochabamba,GASOLINA ESPECIAL + EESS,12000.0,L,"EST. DE SERV. ""24 DE SEPTIEMBRE S.R.L.""",4430-YZE,Gasolina Especial +,GASOLINA_ESPECIAL_MAS,,2026-09-21T19:53:05.523000+00:00
2026-09-21,2026-09-21,True,False,Cochabamba,GASOLINA ESPECIAL + EESS,6000.0,L,"EST. DE SERV. ""CHIMBOCO""",679-RCN,Gasolina Especial +,GASOLINA_ESPECIAL_MAS,,2026-09-21T19:46:59.217000+00:00
2026-09-21,2026-09-21,True,False,Cochabamba,GASOLINA ESPECIAL + EESS,8000.0,L,"EST. DE SERV. ""LA MERCED S.R.L.""",686-BCG,Gasolina Especial +,GASOLINA_ESPECIAL_MAS,,2026-09-21T19:41:51.017000+00:00
2026-09-21,2026-09-21,True,False,Cochabamba,GASOLINA ESPECIAL + EESS,12000.0,L,"EST. DE SERV. ""ADRIAN""",4151-PIA,Gasolina Especial +,GASOLINA_ESPECIAL_MAS,,2026-09-21T19:32:03.140000+00:00
2026-09-21,2026-09-21,True,False,Cochabamba,GASOLINA ESPECIAL + EESS,10000.0,L,"EST. DE SERV. ""C.G.C. SRL""",2086-CDR,Gasolina Especial +,GASOLINA_ESPECIAL_MAS,,2026-09-21T19:29:09.557000+00:00
2026-09-21,2026-09-21,True,False,Cochabamba,GASOLINA ESPECIAL + EESS,12000.0,L,"EST. DE SERV. ""LOS ALPES""-BERTHA CAMACHO RICALDEZ",2441-ZBD,Gasolina Especial +,GASOLINA_ESPECIAL_MAS,,2026-09-21T19:04:54.197000+00:00
2026-09-21,2026-09-21,True,False,Cochabamba,GASOLINA ESPECIAL + EESS,10000.0,L,"EST. DE SERV. ""CHINATA S.R.L.""",2441-ZBD,Gasolina Especial +,GASOLINA_ESPECIAL_MAS,,2026-09-21T19:04:54.197000+00:00
2026-09-21,2026-09-21,True,False,Cochabamba,GASOLINA ESPECIAL + EESS,12000.0,L,ESTACION DE SERVICIO COODPE S.R.L.,4418-LBY,Gasolina Especial +,GASOLINA_ESPECIAL_MAS,,2026-09-21T18:51:43.417000+00:00
2026-09-21,2026-09-21,True,False,Cochabamba,DIESEL OIL NACIONAL EESS,6000.0,L,"EST. DE SERV. ""ITAPAYA"" - ALBERTO AMURRIO F.",3875-YBR,Diesel Oil Nacional,DIESEL_NACIONAL,,2026-09-21T17:14:12.530000+00:00
2026-09-21,2026-09-21,True,False,Cochabamba,DIESEL OIL NACIONAL EESS,12000.0,L,"EST. DE SERV. ""EPIZANA""",3827-SEG,Diesel Oil Nacional,DIESEL_NACIONAL,,2026-09-21T17:03:24.517000+00:00
2026-09-21,2026-09-21,True,False,Cochabamba,DIESEL OIL NACIONAL EESS,12000.0,L,"ESTACION DE SERVICIO ""POJO""",5722-CGC,Diesel Oil Nacional,DIESEL_NACIONAL,,2026-09-21T16:52:27.683000+00:00
2026-09-21,2026-09-21,True,False,Cochabamba,DIESEL OIL NACIONAL EESS,19000.0,L,"EST. DE SERV. ""URKUPINA"" - ALBERTO OPORTO",1064-EBS,Diesel Oil Nacional,DIESEL_NACIONAL,,2026-09-21T16:47:53.987000+00:00
2026-09-21,2026-09-21,True,False,Cochabamba,DIESEL OIL NACIONAL EESS,8000.0,L,"EST. DE SERV. ""EL CRISTO"" - CRISTIAN SABAG",2318-SZS,Diesel Oil Nacional,DIESEL_NACIONAL,,2026-09-21T16:43:33.497000+00:00
2026-09-21,2026-09-21,True,False,Cochabamba,DIESEL OIL NACIONAL EESS,8000.0,L,ESTACION DE SERVICIO ANITA,2741-BFG,Diesel Oil Nacional,DIESEL_NACIONAL,,2026-09-21T16:33:10.617000+00:00
2026-09-21,2026-09-21,True,False,Cochabamba,DIESEL OIL NACIONAL EESS,15000.0,L,"EST. DE SERV. ""SUTICOLLO""",4036-RHP,Diesel Oil Nacional,DIESEL_NACIONAL,,2026-09-21T16:20:12.967000+00:00
2026-09-21,2026-09-21,True,False,Cochabamba,DIESEL OIL NACIONAL EESS,30000.0,L,"EST. DE SERV. ""IQUIRCOLLO S.R.L.""",6429-RLK,Diesel Oil Nacional,DIESEL_NACIONAL,,2026-09-21T16:12:10.237000+00:00
2026-09-21,2026-09-21,True,False,Cochabamba,DIESEL OIL NACIONAL EESS,24000.0,L,"EST. DE SERV. ""SIPE SIPE S.R.L.""",1606-BYC,Diesel Oil Nacional,DIESEL_NACIONAL,,2026-09-21T16:08:57.767000+00:00
2026-09-21,2026-09-21,True,False,Cochabamba,GASOLINA ESPECIAL + EESS,12000.0,L,"EST. DE SERV. ""DAYANA""",2386-NXU,Gasolina Especial +,GASOLINA_ESPECIAL_MAS,,2026-09-21T15:50:56.370000+00:00
2026-09-21,2026-09-21,True,False,Cochabamba,GASOLINA ESPECIAL + EESS,10000.0,L,CENTRO DE SERVICIOS VALLEPUNATA S.R.L.,813-NDX,Gasolina Especial +,GASOLINA_ESPECIAL_MAS,,2026-09-21T15:48:28.483000+00:00
2026-09-21,2026-09-21,True,False,Cochabamba,GASOLINA ESPECIAL + EESS,8000.0,L,"EST. DE SERV. ""NISSAN"" - SIMON FERRUFINO",2185-YCD,Gasolina Especial +,GASOLINA_ESPECIAL_MAS,,2026-09-21T15:46:35.627000+00:00
2026-09-21,2026-09-21,True,False,Cochabamba,GASOLINA ESPECIAL + EESS,10000.0,L,"EST. DE SERV. "" LAS PALMERAS S.R.L.""",2185-YCD,Gasolina Especial +,GASOLINA_ESPECIAL_MAS,,2026-09-21T15:46:35.627000+00:00
2026-09-21,2026-09-21,True,False,Cochabamba,GASOLINA ESPECIAL + EESS,6000.0,L,ESTACION DE SERVICIO HIPODROMO S.R.L.,2043-SRX,Gasolina Especial +,GASOLINA_ESPECIAL_MAS,,2026-09-21T15:44:42.200000+00:00
2026-09-21,2026-09-21,True,False,Cochabamba,GASOLINA ESPECIAL + EESS,14000.0,L,"EST. DE SERV. ""SIPE SIPE S.R.L.""",4745-NHS,Gasolina Especial +,GASOLINA_ESPECIAL_MAS,,2026-09-21T15:33:31.220000+00:00
2026-09-21,2026-09-21,True,False,Cochabamba,GASOLINA ESPECIAL + EESS,16000.0,L,"EST. DE SERV. ""SAN JORGE CBBA S.R.L.""",4745-NHS,Gasolina Especial +,GASOLINA_ESPECIAL_MAS,,2026-09-21T15:33:31.220000+00:00
2026-09-21,2026-09-21,True,False,Cochabamba,GASOLINA ESPECIAL + EESS,10000.0,L,ESTACION DE SERVICIO LOS LIBERTADORES S.R.L.,952-ZHP,Gasolina Especial +,GASOLINA_ESPECIAL_MAS,,2026-09-21T15:31:01.500000+00:00
2026-09-21,2026-09-21,True,False,Cochabamba,GASOLINA ESPECIAL + EESS,10000.0,L,"EST. DE SERV. ""VILLA OBRAJES""",1057-RCA,Gasolina Especial +,GASOLINA_ESPECIAL_MAS,,2026-09-21T15:29:25.580000+00:00
2026-09-21,2026-09-21,True,False,Cochabamba,GASOLINA ESPECIAL + EESS,8000.0,L,"EST. DE SERV. ""MAX MAMANGUENO"" - E. MELGAREJO",945-CTP,Gasolina Especial +,GASOLINA_ESPECIAL_MAS,,2026-09-21T15:28:11.717000+00:00
2026-09-21,2026-09-21,True,False,Cochabamba,GASOLINA ESPECIAL + EESS,6000.0,L,"EST. DE SERV. ""FORTALEZA ENERGY S.R.L.""",945-CTP,Gasolina Especial +,GASOLINA_ESPECIAL_MAS,,2026-09-21T15:28:11.717000+00:00
2026-09-21,2026-09-21,True,False,Cochabamba,GASOLINA ESPECIAL + EESS,12000.0,L,"EST. DE SERV. ""PARAJE 24.7 SRL""",1543-IXY,Gasolina Especial +,GASOLINA_ESPECIAL_MAS,,2026-09-21T15:21:30.020000+00:00
2026-09-21,2026-09-21,True,False,Cochabamba,GASOLINA ESPECIAL + EESS,10000.0,L,"EST. DE SERV. ""PARAJE 24.7 SRL SUC. 1""",1543-IXY,Gasolina Especial +,GASOLINA_ESPECIAL_MAS,,2026-09-21T15:21:30.020000+00:00
2026-09-21,2026-09-21,True,False,Cochabamba,GASOLINA ESPECIAL + EESS,10000.0,L,TERMINAL DE BUSES COCHABAMBA S.A.,2049-AXA,Gasolina Especial +,GASOLINA_ESPECIAL_MAS,,2026-09-21T15:16:45.737000+00:00
2026-09-21,2026-09-21,True,False,Cochabamba,GASOLINA ESPECIAL + EESS,10000.0,L,ESTAGAS S.R.L.,2049-AXA,Gasolina Especial +,GASOLINA_ESPECIAL_MAS,,2026-09-21T15:16:45.737000+00:00
2026-09-21,2026-09-21,True,False,Cochabamba,GASOLINA ESPECIAL + EESS,10000.0,L,"EST. DE SERV. ""PANAMERICANA"" SUCURSAL COCHABAMBA",390-PEA,Gasolina Especial +,GASOLINA_ESPECIAL_MAS,,2026-09-21T15:12:18.530000+00:00
2026-09-21,2026-09-21,True,False,Cochabamba,GASOLINA ESPECIAL + EESS,18000.0,L,"EST. DE SERV. ""PORTALEZ S.R.L.""",686-BCG,Gasolina Especial +,GASOLINA_ESPECIAL_MAS,,2026-09-21T15:07:39.057000+00:00
2026-09-21,2026-09-21,True,False,Cochabamba,GASOLINA ESPECIAL + EESS,10000.0,L,"EST. DE SERV. ""SENOR SANTIAGO SUC. 1"" - E. DELGADILLO",1179-NTT,Gasolina Especial +,GASOLINA_ESPECIAL_MAS,,2026-09-21T15:01:32.913000+00:00
2026-09-21,2026-09-21,True,False,Cochabamba,GASOLINA ESPECIAL + EESS,12000.0,L,ESTACION DE SERVICIO VIRGEN DE LAS ANGUSTIAS S.R.L.,1250-TDA,Gasolina Especial +,GASOLINA_ESPECIAL_MAS,,2026-09-21T14:56:43.593000+00:00
2026-09-21,2026-09-21,True,False,Cochabamba,GASOLINA ESPECIAL + EESS,12000.0,L,ESTACION DE SERVICIO TICTI S.R.L.,3824-IAF,Gasolina Especial +,GASOLINA_ESPECIAL_MAS,,2026-09-21T14:48:10.060000+00:00
2026-09-21,2026-09-21,True,False,Cochabamba,GASOLINA ESPECIAL + EESS,7000.0,L,"EST. DE SERV. ""PETROGAS S.R.L.""",3147-FHD,Gasolina Especial +,GASOLINA_ESPECIAL_MAS,,2026-09-21T14:43:36.260000+00:00
2026-09-21,2026-09-21,True,False,Cochabamba,GASOLINA ESPECIAL + EESS,8000.0,L,"EST. DE SERV. ""GASNOR S.R.L.""",3147-FHD,Gasolina Especial +,GASOLINA_ESPECIAL_MAS,,2026-09-21T14:43:36.260000+00:00
2026-09-21,2026-09-21,True,False,Cochabamba,GASOLINA ESPECIAL + EESS,12000.0,L,"EST. DE SERV. ""MIZQUE"" - DIOGENES MONTENEGRO P.",957-LEL,Gasolina Especial +,GASOLINA_ESPECIAL_MAS,,2026-09-21T14:33:45.207000+00:00
2026-09-21,2026-09-21,True,False,Cochabamba,GASOLINA ESPECIAL + EESS,14000.0,L,ESTACION DE SERVICIO LOS ALAMOS S.R.L.,1442-GKB,Gasolina Especial +,GASOLINA_ESPECIAL_MAS,,2026-09-21T10:33:32.513000+00:00
2026-09-21,2026-09-21,True,False,Cochabamba,GASOLINA ESPECIAL + EESS,10000.0,L,"EST. DE SERV. ""CITY TRUCK FH S.R.L.""",1250-ATC,Gasolina Especial +,GASOLINA_ESPECIAL_MAS,,2026-09-21T10:29:44.660000+00:00
2026-09-21,2026-09-21,True,False,Cochabamba,GASOLINA ESPECIAL + EESS,12000.0,L,"EST. DE SERV. ""ISABEL CHAVEZ""",813-NDX,Gasolina Especial +,GASOLINA_ESPECIAL_MAS,,2026-09-21T10:24:06.703000+00:00
2026-09-21,2026-09-21,True,False,Cochabamba,GASOLINA ESPECIAL + EESS,16000.0,L,"EST. DE SERV. ""ARANJUEZ""",2049-AXA,Gasolina Especial +,GASOLINA_ESPECIAL_MAS,,2026-09-21T10:20:34.013000+00:00
2026-09-21,2026-09-21,True,False,Cochabamba,GASOLINA ESPECIAL + EESS,4000.0,L,"EST. DE SERV. ""CIRCUITO BOLIVIA S.A.""",390-PEA,Gasolina Especial +,GASOLINA_ESPECIAL_MAS,,2026-09-21T10:06:25.357000+00:00
2026-09-21,2026-09-21,True,False,Cochabamba,GASOLINA ESPECIAL + EESS,10000.0,L,"EST. DE SERV. ""CIRCUITO BOLIVIA S.A.""",390-PEA,Gasolina Especial +,GASOLINA_ESPECIAL_MAS,,2026-09-21T10:06:25.357000+00:00
2026-09-21,2026-09-21,True,False,Cochabamba,DIESEL OIL NACIONAL EESS,8000.0,L,"EST. DE SERV. ""CHULLPANI"" - TORRICO AGUILAR JOSE M",6341-CUR,Diesel Oil Nacional,DIESEL_NACIONAL,,2026-09-21T16:39:45.270000+00:00
2026-09-21,2026-09-21,True,False,Cochabamba,DIESEL OIL NACIONAL EESS,8000.0,L,COMERCIALIZADORA DE SERVICIOS LUBRISHOP S.R.L.,696-THG,Diesel Oil Nacional,DIESEL_NACIONAL,,2026-09-21T16:07:43.620000+00:00
2026-09-21,2026-09-21,True,False,Cochabamba,DIESEL OIL NACIONAL EESS,14000.0,L,"EST. DE SERV. ""TRANS SACABA S.A. II""",5258-YSB,Diesel Oil Nacional,DIESEL_NACIONAL,,2026-09-21T16:01:07.667000+00:00
2026-09-21,2026-09-21,True,False,Cochabamba,DIESEL OIL NACIONAL EESS,15000.0,L,"EST. DE SERV. ""PAROTANI""",4022-ELR,Diesel Oil Nacional,DIESEL_NACIONAL,,2026-09-21T15:54:17.753000+00:00
2026-09-21,2026-09-21,True,False,Cochabamba,DIESEL OIL NACIONAL EESS,7000.0,L,"EST. DE SERV. ""ARANI"" - ZULMA ROJAS",2318-SZS,Diesel Oil Nacional,DIESEL_NACIONAL,,2026-09-21T20:04:34.850000+00:00
2026-09-21,2026-09-21,True,False,Cochabamba,DIESEL OIL NACIONAL EESS,6000.0,L,"EST. DE SERV. ""FORTALEZA ENERGY S.R.L.""",945-CTP,Diesel Oil Nacional,DIESEL_NACIONAL,,2026-09-21T20:00:32.060000+00:00
2026-09-21,2026-09-21,True,False,Cochabamba,DIESEL OIL NACIONAL EESS,10000.0,L,"EST. DE SERV. ""24 DE SEPTIEMBRE S.R.L.""",4430-YZE,Diesel Oil Nacional,DIESEL_NACIONAL,,2026-09-21T19:53:05.523000+00:00
2026-09-21,2026-09-21,True,False,Cochabamba,DIESEL OIL NACIONAL EESS,10000.0,L,"EST. DE SERV. ""CHIMBOCO""",679-RCN,Diesel Oil Nacional,DIESEL_NACIONAL,,2026-09-21T19:46:59.217000+00:00
2026-09-21,2026-09-21,True,False,Cochabamba,DIESEL OIL NACIONAL EESS,14000.0,L,"EST. DE SERV. ""LA MERCED S.R.L.""",686-BCG,Diesel Oil Nacional,DIESEL_NACIONAL,,2026-09-21T19:41:51.017000+00:00
2026-09-21,2026-09-21,True,False,Cochabamba,DIESEL OIL NACIONAL EESS,12000.0,L,"EST. DE SERV. ""DISEL S.R.L. I""",3079-GRD,Diesel Oil Nacional,DIESEL_NACIONAL,,2026-09-21T19:34:25.730000+00:00
2026-09-21,2026-09-21,True,False,Cochabamba,DIESEL OIL NACIONAL EESS,12000.0,L,"EST. DE SERV. ""DISEL S.R.L.""",3079-GRD,Diesel Oil Nacional,DIESEL_NACIONAL,,2026-09-21T19:34:25.730000+00:00
2026-09-21,2026-09-21,True,False,Cochabamba,DIESEL OIL NACIONAL EESS,5000.0,L,"EST. DE SERV. ""ADRIAN""",4151-PIA,Diesel Oil Nacional,DIESEL_NACIONAL,,2026-09-21T19:32:03.140000+00:00
2026-09-21,2026-09-21,True,False,Cochabamba,DIESEL OIL NACIONAL EESS,24000.0,L,"EST. DE SERV. ""C.G.C. SRL""",2086-CDR,Diesel Oil Nacional,DIESEL_NACIONAL,,2026-09-21T19:29:09.557000+00:00
2026-09-21,2026-09-21,True,False,Cochabamba,DIESEL OIL NACIONAL EESS,14000.0,L,"EST. DE SERV. ""SAN JUAN BAUTISTA S.R.L.""",696-THG,Diesel Oil Nacional,DIESEL_NACIONAL,,2026-09-21T19:23:50.737000+00:00
2026-09-21,2026-09-21,True,False,Cochabamba,DIESEL OIL NACIONAL EESS,6000.0,L,"EST. DE SERV. ""LOS ALPES""-BERTHA CAMACHO RICALDEZ",2441-ZBD,Diesel Oil Nacional,DIESEL_NACIONAL,,2026-09-21T19:04:54.197000+00:00
2026-09-21,2026-09-21,True,False,Cochabamba,DIESEL OIL NACIONAL EESS,8000.0,L,"EST. DE SERV. ""CHINATA S.R.L.""",2441-ZBD,Diesel Oil Nacional,DIESEL_NACIONAL,,2026-09-21T19:04:54.197000+00:00
2026-09-21,2026-09-21,True,False,Cochabamba,DIESEL OIL NACIONAL EESS,12000.0,L,"EST. DE SERV. ""PETROGAS S.R.L.""",3147-FHD,Diesel Oil Nacional,DIESEL_NACIONAL,,2026-09-21T18:56:15.637000+00:00
2026-09-21,2026-09-21,True,False,Cochabamba,DIESEL OIL NACIONAL EESS,5000.0,L,ESTACION DE SERVICIO COODPE S.R.L.,4418-LBY,Diesel Oil Nacional,DIESEL_NACIONAL,,2026-09-21T18:51:43.417000+00:00
2026-09-21,2026-09-21,True,False,Cochabamba,DIESEL OIL NACIONAL EESS,12000.0,L,IMBRANJO S.R.L.,2337-IRB,Diesel Oil Nacional,DIESEL_NACIONAL,,2026-09-21T18:45:46.693000+00:00
2026-09-21,2026-09-21,True,False,Cochabamba,DIESEL OIL NACIONAL EESS,12000.0,L,"EST. DE SERV. ""SENOR SANTIAGO"" - E. DELGADILLO",2437-CZU,Diesel Oil Nacional,DIESEL_NACIONAL,,2026-09-21T18:41:22.810000+00:00
2026-09-21,2026-09-21,True,False,Cochabamba,DIESEL OIL NACIONAL EESS,10000.0,L,"EST. DE SERV. ""RIOJA""",2437-CZU,Diesel Oil Nacional,DIESEL_NACIONAL,,2026-09-21T18:41:22.810000+00:00
2026-09-21,2026-09-21,True,False,Cochabamba,DIESEL OIL NACIONAL EESS,14000.0,L,"EST. DE SERV. ""AEROPUERTO S.R.L.""",5710-ABA,Diesel Oil Nacional,DIESEL_NACIONAL,,2026-09-21T18:36:27.797000+00:00
2026-09-21,2026-09-21,True,False,Cochabamba,DIESEL OIL NACIONAL EESS,8000.0,L,"EST. DE SERV. ""SURTIDOR CAMPERO""",1443-CAT,Diesel Oil Nacional,DIESEL_NACIONAL,,2026-09-21T17:20:36.133000+00:00
2026-09-21,2026-09-21,True,False,Cochabamba,GASOLINA ESPECIAL + EESS,6000.0,L,IMBRANJO S.R.L.,2337-IRB,Gasolina Especial +,GASOLINA_ESPECIAL_MAS,,2026-09-21T14:08:59.703000+00:00
2026-09-21,2026-09-21,True,False,Cochabamba,GASOLINA ESPECIAL + EESS,10000.0,L,"EST. DE SERV. ""SENOR SANTIAGO"" - E. DELGADILLO",2437-CZU,Gasolina Especial +,GASOLINA_ESPECIAL_MAS,,2026-09-21T14:02:11.103000+00:00
2026-09-21,2026-09-21,True,False,Cochabamba,GASOLINA ESPECIAL + EESS,10000.0,L,"EST. DE SERV. ""RIOJA""",2437-CZU,Gasolina Especial +,GASOLINA_ESPECIAL_MAS,,2026-09-21T14:02:11.103000+00:00
2026-09-21,2026-09-21,True,False,Cochabamba,GASOLINA ESPECIAL + EESS,6000.0,L,"EST. DE SERV. ""LA PATRIA S.R.L.""",1815-SSN,Gasolina Especial +,GASOLINA_ESPECIAL_MAS,,2026-09-21T13:54:28.210000+00:00
2026-09-21,2026-09-21,True,False,Cochabamba,GASOLINA ESPECIAL + EESS,8000.0,L,"EST. DE SERV. ""REFINERIA""- SIMON RODRIGO FERRUFINO",1815-SSN,Gasolina Especial +,GASOLINA_ESPECIAL_MAS,,2026-09-21T13:54:28.210000+00:00
2026-09-21,2026-09-21,True,False,Cochabamba,GASOLINA ESPECIAL + EESS,10000.0,L,"EST. DE SERV. ""SANTA MONICA"" S.R.L.",5710-ABA,Gasolina Especial +,GASOLINA_ESPECIAL_MAS,,2026-09-21T13:47:46.563000+00:00
2026-09-21,2026-09-21,True,False,Cochabamba,GASOLINA ESPECIAL + EESS,10000.0,L,"EST. DE SERV. ""AEROPUERTO S.R.L.""",5710-ABA,Gasolina Especial +,GASOLINA_ESPECIAL_MAS,,2026-09-21T13:47:46.563000+00:00
2026-09-21,2026-09-21,True,False,Cochabamba,GASOLINA ESPECIAL + EESS,8000.0,L,"EST. DE SERV. ""DISEL S.R.L. I""",3079-GRD,Gasolina Especial +,GASOLINA_ESPECIAL_MAS,,2026-09-21T13:43:04.903000+00:00
2026-09-21,2026-09-21,True,False,Cochabamba,GASOLINA ESPECIAL + EESS,8000.0,L,"EST. DE SERV. ""DISEL S.R.L.""",3079-GRD,Gasolina Especial +,GASOLINA_ESPECIAL_MAS,,2026-09-21T13:43:04.903000+00:00
2026-09-21,2026-09-21,True,False,Cochabamba,GASOLINA ESPECIAL + EESS,24000.0,L,"EST. DE SERV. ""EL CRISTO"" - CRISTIAN SABAG",2318-SZS,Gasolina Especial +,GASOLINA_ESPECIAL_MAS,,2026-09-21T13:36:42.263000+00:00
2026-09-21,2026-09-21,True,False,Cochabamba,GASOLINA ESPECIAL + EESS,16000.0,L,ESTACION DE SERVICIO ANITA,4821-ERB,Gasolina Especial +,GASOLINA_ESPECIAL_MAS,,2026-09-21T11:07:32.227000+00:00
2026-09-21,2026-09-21,True,False,Cochabamba,GASOLINA ESPECIAL + EESS,16000.0,L,"EST. DE SERV. ""IQUIRCOLLO S.R.L.""",6429-RLK,Gasolina Especial +,GASOLINA_ESPECIAL_MAS,,2026-09-21T11:03:23.780000+00:00
2026-09-21,2026-09-21,True,False,Cochabamba,GASOLINA ESPECIAL + EESS,14000.0,L,"EST. DE SERV. ""IQUIRCOLLO S.R.L. SUC. 1""",6429-RLK,Gasolina Especial +,GASOLINA_ESPECIAL_MAS,,2026-09-21T11:03:23.780000+00:00
2026-09-21,2026-09-21,True,False,Cochabamba,GASOLINA ESPECIAL + EESS,12000.0,L,"EST. DE SERV. ""EL MANANTIAL SUC. 2""",1036-RZH,Gasolina Especial +,GASOLINA_ESPECIAL_MAS,,2026-09-21T10:58:02.917000+00:00
2026-09-21,2026-09-21,True,False,Cochabamba,GASOLINA ESPECIAL + EESS,10000.0,L,"EST. DE SERV. ""EL MANANTIAL SUC. 1""",1036-RZH,Gasolina Especial +,GASOLINA_ESPECIAL_MAS,,2026-09-21T10:58:02.917000+00:00
2026-09-21,2026-09-21,True,False,Cochabamba,GASOLINA ESPECIAL + EESS,10000.0,L,"EST. DE SERV. ""LORETO"" SUC. 1",1198-ILI,Gasolina Especial +,GASOLINA_ESPECIAL_MAS,,2026-09-21T10:54:13.850000+00:00
2026-09-21,2026-09-21,True,False,Cochabamba,GASOLINA ESPECIAL + EESS,3000.0,L,FEDEX CHACO,1198-ILI,Gasolina Especial +,GASOLINA_ESPECIAL_MAS,,2026-09-21T10:54:13.850000+00:00
2026-09-21,2026-09-21,True,False,Cochabamba,GASOLINA ESPECIAL + EESS,12000.0,L,"EST. DE SERV. ""SAN JUAN BAUTISTA S.R.L.""",696-THG,Gasolina Especial +,GASOLINA_ESPECIAL_MAS,,2026-09-21T10:49:52.723000+00:00
2026-09-21,2026-09-21,True,False,Cochabamba,GASOLINA ESPECIAL + EESS,6000.0,L,"EST. DE SERV. ""TIQUIPAYA"" - VENICIA ALANEZ JIMENES",3785-SDC,Gasolina Especial +,GASOLINA_ESPECIAL_MAS,,2026-09-21T10:42:05.940000+00:00
2026-09-21,2026-09-21,True,False,Cochabamba,GASOLINA ESPECIAL + EESS,12000.0,L,"EST. DE SERV. ""COCHABAMBA S.R.L. SUC. 1""",5715-CHX,Gasolina Especial +,GASOLINA_ESPECIAL_MAS,,2026-09-21T10:37:20.023000+00:00
2026-09-21,2026-09-21,True,False,Cochabamba,GASOLINA ESPECIAL + EESS,14000.0,L,ESTACION DE SERVICIO BEIJING S.R.L.,2043-SRX,Gasolina Especial +,GASOLINA_ESPECIAL_MAS,,2026-09-21T10:35:23.220000+00:00
2026-09-21,2026-09-21,True,False,Cochabamba,GLP DISTRIB. 10 KILOS NAL,6000.0,L,"DIST. GLP ""CAPI GAS"" - GONZALO SOLIZ GUTIERREZ",3471-CST,GLP,GLP,,
2026-09-21,2026-09-21,True,False,Cochabamba,GLP DISTRIB. 10 KILOS NAL,6000.0,L,FERRO GAS - BERTHA CAMACHO RICALDEZ DE FERRUFINO,1404-FYF,GLP,GLP,,
2026-09-21,2026-09-21,True,False,Cochabamba,GLP DISTRIB. 10 KILOS NAL,6000.0,L,DIST. GLP NUESTRO GAS-JONSON RICHARD LIMA FLORERO,2499-XPC,GLP,GLP,,
2026-09-21,2026-09-21,True,False,Cochabamba,DIESEL OIL NACIONAL EESS,12000.0,L,ESTACION DE SERVICIO TICTI S.R.L.,3824-IAF,Diesel Oil Nacional,DIESEL_NACIONAL,,2026-09-21T14:48:10.060000+00:00
2026-09-21,2026-09-21,True,False,Cochabamba,DIESEL OIL NACIONAL EESS,5000.0,L,"EST. DE SERV. ""MIZQUE"" - DIOGENES MONTENEGRO P.",957-LEL,Diesel Oil Nacional,DIESEL_NACIONAL,,2026-09-21T14:33:45.207000+00:00
2026-09-21,2026-09-21,True,False,Cochabamba,GASOLINA ESPECIAL + EESS,12000.0,L,"EST. DE SERV. ""A.C.B. CARBURANTES SRL""",2026-AAF,Gasolina Especial +,GASOLINA_ESPECIAL_MAS,,2026-09-21T14:21:41.580000+00:00
2026-09-21,2026-09-21,True,False,Cochabamba,GASOLINA ESPECIAL + EESS,4000.0,L,"EST. DE SERV. ""A.C.B. CARBURANTES SRL""",2026-AAF,Gasolina Especial +,GASOLINA_ESPECIAL_MAS,,2026-09-21T14:21:41.580000+00:00
2026-09-21,2026-09-21,True,False,Cochabamba,GASOLINA ESPECIAL + EESS,10000.0,L,"EST. DE SERV. ""MONTERREY S.R.L.""",2559-XTU,Gasolina Especial +,GASOLINA_ESPECIAL_MAS,,2026-09-21T14:17:36.463000+00:00
2026-09-21,2026-09-21,True,False,Cochabamba,GASOLINA ESPECIAL + EESS,12000.0,L,"EST. DE SERV. ""AYACUCHO""",4430-YZE,Gasolina Especial +,GASOLINA_ESPECIAL_MAS,,2026-09-21T14:13:40.050000+00:00
2026-09-21,2026-09-21,True,False,Cochabamba,GASOLINA ESPECIAL + EESS,8000.0,L,KHORA ESTACION DE SERVICIO - MEDRANO ARNEZ JAIME,2337-IRB,Gasolina Especial +,GASOLINA_ESPECIAL_MAS,,2026-09-21T14:08:59.703000+00:00
2026-09-21,2026-09-21,True,False,Cochabamba,GASOLINA ESPECIAL + EESS,8000.0,L,IMBRANJO S.R.L.,2337-IRB,Gasolina Especial +,GASOLINA_ESPECIAL_MAS,,2026-09-21T14:08:59.703000+00:00
2026-09-21,2026-09-21,True,False,Cochabamba,DIESEL OIL NACIONAL EESS,13000.0,L,ESTACION DE SERVICIO LOS ALAMOS S.R.L.,5715-CHX,Diesel Oil Nacional,DIESEL_NACIONAL,,2026-09-21T13:13:08.933000+00:00
2026-09-21,2026-09-21,True,False,Cochabamba,DIESEL OIL NACIONAL EESS,12000.0,L,"EST. DE SERV. ""SIPE SIPE S.R.L.""",623-GGF,Diesel Oil Nacional,DIESEL_NACIONAL,,2026-09-21T12:45:42.720000+00:00
2026-09-21,2026-09-21,True,False,Cochabamba,DIESEL OIL NACIONAL EESS,11000.0,L,"EST. DE SERV. ""SAN JORGE CBBA S.R.L.""",623-GGF,Diesel Oil Nacional,DIESEL_NACIONAL,,2026-09-21T12:45:42.720000+00:00
2026-09-21,2026-09-21,True,False,Cochabamba,DIESEL OIL NACIONAL EESS,24000.0,L,ESTACION DE SERVICIO LOS ALAMOS S.R.L.,1442-GKB,Diesel Oil Nacional,DIESEL_NACIONAL,,2026-09-21T12:40:27.147000+00:00
2026-09-21,2026-09-21,True,False,Cochabamba,DIESEL OIL NACIONAL EESS,6000.0,L,"EST. DE SERV. ""LORETO"" SUC. 1",1198-ILI,Diesel Oil Nacional,DIESEL_NACIONAL,,2026-09-21T12:33:32.263000+00:00
2026-09-21,2026-09-21,True,False,Cochabamba,DIESEL OIL NACIONAL EESS,18000.0,L,"EST. DE SERV. ""COCHABAMBA S.R.L. SUC. 1""",6227-DDT,Diesel Oil Nacional,DIESEL_NACIONAL,,2026-09-21T12:22:38.410000+00:00
2026-09-21,2026-09-21,True,False,Cochabamba,DIESEL OIL NACIONAL EESS,24000.0,L,"EST. DE SERV. ""EL VIAJERO SRL""",4119-RNN,Diesel Oil Nacional,DIESEL_NACIONAL,,2026-09-21T11:53:12.013000+00:00
2026-09-21,2026-09-21,True,False,Cochabamba,DIESEL OIL NACIONAL EESS,16000.0,L,"EST. DE SERV. ""TRANS SACABA S.A.""",5258-YSB,Diesel Oil Nacional,DIESEL_NACIONAL,,2026-09-21T10:45:53.667000+00:00
2026-09-21,2026-09-21,True,False,Cochabamba,DIESEL OIL NACIONAL EESS,13000.0,L,"EST. DE SERV. ""COCHABAMBA""",5715-CHX,Diesel Oil Nacional,DIESEL_NACIONAL,,2026-09-21T10:37:20.023000+00:00
2026-09-21,2026-09-21,True,False,Cochabamba,DIESEL OIL NACIONAL EESS,24000.0,L,"EST. DE SERV. ""COCHABAMBA""",6227-DDT,Diesel Oil Nacional,DIESEL_NACIONAL,,2026-09-21T10:32:10.777000+00:00
2026-09-21,2026-09-21,True,False,Cochabamba,DIESEL OIL NACIONAL EESS,10000.0,L,"EST. DE SERV. ""CITY TRUCK FH S.R.L.""",1250-ATC,Diesel Oil Nacional,DIESEL_NACIONAL,,2026-09-21T10:29:44.660000+00:00
2026-09-21,2026-09-21,True,False,Cochabamba,DIESEL OIL NACIONAL EESS,20000.0,L,"EST. DE SERV. ""VILLA OBRAJES""",1057-RCA,Diesel Oil Nacional,DIESEL_NACIONAL,,2026-09-21T10:27:55.807000+00:00
2026-09-21,2026-09-21,True,False,Cochabamba,GASOLINA ESPECIAL + EESS,10000.0,L,"EST. DE SERV. ""SURTIDOR CAMPERO""",1443-CAT,Gasolina Especial +,GASOLINA_ESPECIAL_MAS,,2026-09-21T17:20:36.133000+00:00
2026-09-21,2026-09-21,True,False,Cochabamba,GASOLINA ESPECIAL + EESS,8000.0,L,"EST. DE SERV. ""ITAPAYA"" - ALBERTO AMURRIO F.",3875-YBR,Gasolina Especial +,GASOLINA_ESPECIAL_MAS,,2026-09-21T17:14:12.530000+00:00
2026-09-21,2026-09-21,True,False,Cochabamba,GASOLINA ESPECIAL + EESS,12000.0,L,"EST. DE SERV. ""EPIZANA""",3827-SEG,Gasolina Especial +,GASOLINA_ESPECIAL_MAS,,2026-09-21T17:03:24.517000+00:00
2026-09-21,2026-09-21,True,False,Cochabamba,DIESEL OIL NACIONAL EESS,6000.0,L,CENTRO DE SERVICIOS VALLEPUNATA S.R.L.,813-NDX,Diesel Oil Nacional,DIESEL_NACIONAL,,2026-09-21T15:48:28.483000+00:00
2026-09-21,2026-09-21,True,False,Cochabamba,DIESEL OIL NACIONAL EESS,11000.0,L,"EST. DE SERV. ""CHIMBOCO""",679-RCN,Diesel Oil Nacional,DIESEL_NACIONAL,,2026-09-21T15:35:46.780000+00:00
2026-09-21,2026-09-21,True,False,Cochabamba,DIESEL OIL NACIONAL EESS,13000.0,L,"EST. DE SERV. ""DISEL S.R.L. I""",1035-CBN,Diesel Oil Nacional,DIESEL_NACIONAL,,2026-09-21T15:33:37.467000+00:00
2026-09-21,2026-09-21,True,False,Cochabamba,DIESEL OIL NACIONAL EESS,6000.0,L,"EST. DE SERV. ""DISEL S.R.L.""",1035-CBN,Diesel Oil Nacional,DIESEL_NACIONAL,,2026-09-21T15:33:37.467000+00:00
2026-09-21,2026-09-21,True,False,Cochabamba,DIESEL OIL NACIONAL EESS,5000.0,L,"EST. DE SERV. ""CIRCUITO BOLIVIA S.A.""",390-PEA,Diesel Oil Nacional,DIESEL_NACIONAL,,2026-09-21T15:12:18.530000+00:00
2026-09-21,2026-09-21,True,False,Cochabamba,GLP DISTRIB. 45 KILOS NAL,3600.0,L,DIST. GLP SOCIEDAD PETROLERA SANTA ELENA S.R.L.,4104-FLR,GLP,GLP,,
2026-09-21,2026-09-21,True,False,Cochabamba,GLP DISTRIB. 10 KILOS NAL,6000.0,L,"DIST.GLP""NOE GAS""M.HINOJOSA R.",1488-FKC,GLP,GLP,,
2026-09-21,2026-09-21,True,False,Cochabamba,GLP DISTRIB. 10 KILOS NAL,6000.0,L,"DIST. PROV. GLP ""COLOMI GAS""",851 FRG,GLP,GLP,,
2026-09-21,2026-09-21,True,False,Cochabamba,GLP DISTRIB. 10 KILOS NAL,6000.0,L,"DIST. PROV. GLP ""PREMIUN GAS"" - EDUARDO ZENTENO E.",823-SZB,GLP,GLP,,
2026-09-21,2026-09-21,True,False,Cochabamba,GASOLINA ESPECIAL + EESS,12000.0,L,"EST. DE SERV. ""DELAASUNCION-AMERICA S.R.L.""",623-GGF,Gasolina Especial +,GASOLINA_ESPECIAL_MAS,,2026-09-21T17:44:58.383000+00:00
2026-09-21,2026-09-21,True,False,Cochabamba,GASOLINA ESPECIAL + EESS,10000.0,L,"ESTACION DE SERVICIO ""LOS LAURELES"" - DIEGO M. DELGADILLO ANTEZANA",1179-NTT,Gasolina Especial +,GASOLINA_ESPECIAL_MAS,,2026-09-21T17:27:06.287000+00:00
2026-09-21,2026-09-21,True,False,Cochabamba,GASOLINA ESPECIAL + EESS,12000.0,L,"ESTACION DE SERVICIO ""POJO""",5722-CGC,Gasolina Especial +,GASOLINA_ESPECIAL_MAS,,2026-09-21T16:52:27.683000+00:00
2026-09-21,2026-09-21,True,False,Cochabamba,GASOLINA ESPECIAL + EESS,12000.0,L,ESTACION DE SERVICIO CAPITAN VICTOR USTARIZ S.R.L.,5715-CHX,Gasolina Especial +,GASOLINA_ESPECIAL_MAS,,2026-09-21T16:49:20.790000+00:00
2026-09-21,2026-09-21,True,False,Cochabamba,GASOLINA ESPECIAL + EESS,14000.0,L,"EST. DE SERV. ""COCHABAMBA""",5715-CHX,Gasolina Especial +,GASOLINA_ESPECIAL_MAS,,2026-09-21T16:49:20.790000+00:00
2026-09-21,2026-09-21,True,False,Cochabamba,GASOLINA ESPECIAL + EESS,12000.0,L,PETROCEL S.R.L.,1442-GKB,Gasolina Especial +,GASOLINA_ESPECIAL_MAS,,2026-09-21T16:44:37.760000+00:00
2026-09-21,2026-09-21,True,False,Cochabamba,GASOLINA ESPECIAL + EESS,12000.0,L,"EST. DE SERV. ""20 DE DICIEMBRE""",1442-GKB,Gasolina Especial +,GASOLINA_ESPECIAL_MAS,,2026-09-21T16:44:37.760000+00:00
2026-09-21,2026-09-21,True,False,Cochabamba,GASOLINA ESPECIAL + EESS,4000.0,L,"EST. DE SERV. ""EL CRISTO"" - CRISTIAN SABAG",2318-SZS,Gasolina Especial +,GASOLINA_ESPECIAL_MAS,,2026-09-21T16:43:33.497000+00:00
2026-09-21,2026-09-21,True,False,Cochabamba,GASOLINA ESPECIAL + EESS,18000.0,L,"EST. DE SERV. ""CHULLPANI"" - TORRICO AGUILAR JOSE M",6341-CUR,Gasolina Especial +,GASOLINA_ESPECIAL_MAS,,2026-09-21T16:39:45.270000+00:00
2026-09-21,2026-09-21,True,False,Cochabamba,GASOLINA ESPECIAL + EESS,12000.0,L,"EST. DE SERV. ""DORBIGNI""",6227-DDT,Gasolina Especial +,GASOLINA_ESPECIAL_MAS,,2026-09-21T16:26:31.547000+00:00
2026-09-21,2026-09-21,True,False,Cochabamba,GASOLINA ESPECIAL + EESS,12000.0,L,"EST. DE SERV. ""COCHABAMBA S.R.L. SUC. 2""",6227-DDT,Gasolina Especial +,GASOLINA_ESPECIAL_MAS,,2026-09-21T16:26:31.547000+00:00
2026-09-21,2026-09-21,True,False,Cochabamba,GASOLINA ESPECIAL + EESS,12000.0,L,"EST. DE SERV. ""SUTICOLLO""",4036-RHP,Gasolina Especial +,GASOLINA_ESPECIAL_MAS,,2026-09-21T16:20:12.967000+00:00
2026-09-21,2026-09-21,True,False,Cochabamba,GASOLINA ESPECIAL + EESS,10000.0,L,"EST. DE SERV. ""GUADELOUPE GROUP S.R.L.""",1469-DIF,Gasolina Especial +,GASOLINA_ESPECIAL_MAS,,2026-09-21T16:15:43.547000+00:00
2026-09-21,2026-09-21,True,False,Cochabamba,GASOLINA ESPECIAL + EESS,10000.0,L,"EST. DE SERV. ""COMERCIALIZADORA QK S.R.L.""",1469-DIF,Gasolina Especial +,GASOLINA_ESPECIAL_MAS,,2026-09-21T16:15:43.547000+00:00
2026-09-21,2026-09-21,True,False,Cochabamba,GASOLINA ESPECIAL + EESS,6000.0,L,COMERCIALIZADORA DE SERVICIOS LUBRISHOP S.R.L.,696-THG,Gasolina Especial +,GASOLINA_ESPECIAL_MAS,,2026-09-21T16:07:43.620000+00:00
2026-09-21,2026-09-21,True,False,Cochabamba,GASOLINA ESPECIAL + EESS,10000.0,L,"EST. DE SERV. ""EL MANANTIAL SRL""",1036-RZH,Gasolina Especial +,GASOLINA_ESPECIAL_MAS,,2026-09-21T16:05:48.433000+00:00
2026-09-21,2026-09-21,True,False,Cochabamba,GASOLINA ESPECIAL + EESS,10000.0,L,"EST. DE SERV. ""TRANS SACABA S.A. II""",5258-YSB,Gasolina Especial +,GASOLINA_ESPECIAL_MAS,,2026-09-21T16:01:07.667000+00:00
2026-09-21,2026-09-21,True,False,Cochabamba,GASOLINA ESPECIAL + EESS,12000.0,L,"EST. DE SERV. ""PAROTANI""",4022-ELR,Gasolina Especial +,GASOLINA_ESPECIAL_MAS,,2026-09-21T15:54:17.753000+00:00
