fecha_despacho_efectivo,fecha_despacho_programado,despacho_confirmado,fecha_despacho_difiere_de_programado,distrito_nombre,producto_despachado,cantidad_despachada,unidad,cliente,placa_despacho,familia,familia_codigo,ambito,fecha_despacho_efectivo_hora,estacion
2026-09-14,2026-09-14,True,False,Distrito Comercial La Paz,DIESEL OIL IMPORTADO EESS,24000.0,L,EST. SERV. MARANATHA,2902-RYT,Diesel Oil Importado,DIESEL_IMPORTADO,,,
2026-09-14,2026-09-14,True,False,Distrito Comercial La Paz,DIESEL OIL IMPORTADO EESS,24000.0,L,EST. SERV. ILLIMANI S.R.L.,564-CNY,Diesel Oil Importado,DIESEL_IMPORTADO,,,
2026-09-14,2026-09-14,True,False,Distrito Comercial La Paz,GLP DISTRIB. 10 KILOS NAL,9000.0,L,SANDRA CALLIZAYA CH. - DIST. GLP OMASUYOS,566-PFF,GLP,GLP,,,
2026-09-14,2026-09-14,True,False,Distrito Comercial La Paz,DIESEL OIL IMPORTADO EESS,20000.0,L,EST. SERV. LOS ANDES SRL,5632-ZYE,Diesel Oil Importado,DIESEL_IMPORTADO,,,
2026-09-14,2026-09-14,True,False,Distrito Comercial La Paz,DIESEL OIL IMPORTADO EESS,24000.0,L,EST. SERV. APOSTOL SANTIAGO,1487-RYN,Diesel Oil Importado,DIESEL_IMPORTADO,,,
2026-09-14,2026-09-14,True,False,Distrito Comercial La Paz,DIESEL OIL IMPORTADO EESS,24000.0,L,ELSA CHIPANA H. - EST. SERV. ECOPETROL,4563-ZEN 1,Diesel Oil Importado,DIESEL_IMPORTADO,,,
2026-09-14,2026-09-14,True,False,Distrito Comercial La Paz,DIESEL OIL NACIONAL EESS,22000.0,L,EST. SERV. BATALLAS S.R.L. ESBA S.R.L.,629-DXB,Diesel Oil Nacional,DIESEL_NACIONAL,,,
2026-09-14,2026-09-14,True,False,Distrito Comercial La Paz,DIESEL OIL IMPORTADO EESS,24000.0,L,ESTACION DE SERVICIO CALUYO S.R.L.,2315-AFR,Diesel Oil Importado,DIESEL_IMPORTADO,,,
2026-09-14,2026-09-14,True,False,Distrito Comercial La Paz,DIESEL OIL IMPORTADO EESS,24000.0,L,EST. SERV. LAREDO SRL,419-LCF,Diesel Oil Importado,DIESEL_IMPORTADO,,,
2026-09-14,2026-09-14,True,False,Distrito Comercial La Paz,DIESEL OIL IMPORTADO EESS,12000.0,L,GREGORIO CUENTAS M. EST. SERV. DRAGON DE ORO,500-FYX,Diesel Oil Importado,DIESEL_IMPORTADO,,,
2026-09-14,2026-09-14,True,False,Distrito Comercial La Paz,DIESEL OIL IMPORTADO EESS,20000.0,L,EST. SERV. CUENTAS SAN PABLO II S.R.L.,1189-EHP,Diesel Oil Importado,DIESEL_IMPORTADO,,,
2026-09-14,2026-09-14,True,False,Distrito Comercial La Paz,DIESEL OIL IMPORTADO EESS,12000.0,L,EST. SERV. ESUR GHS LTDA.,908-YCP,Diesel Oil Importado,DIESEL_IMPORTADO,,,
2026-09-14,2026-09-14,True,False,Distrito Comercial La Paz,DIESEL OIL IMPORTADO EESS,24000.0,L,EST. SERV. QHANTATI SRL.,1600-HIP,Diesel Oil Importado,DIESEL_IMPORTADO,,,
2026-09-14,2026-09-14,True,False,Distrito Comercial La Paz,DIESEL OIL IMPORTADO EESS,24000.0,L,ZURSIL S.R.L. - E.S.T.,1156-PGH 1,Diesel Oil Importado,DIESEL_IMPORTADO,,,
2026-09-14,2026-09-14,True,False,Distrito Comercial La Paz,DIESEL OIL IMPORTADO EESS,20000.0,L,EST. SERV. EL PARAISO SRL.,3831-BFB,Diesel Oil Importado,DIESEL_IMPORTADO,,,
2026-09-14,2026-09-14,True,False,Distrito Comercial La Paz,DIESEL OIL IMPORTADO EESS,24000.0,L,EST. SERV. CANDELARIA,1062-UXD,Diesel Oil Importado,DIESEL_IMPORTADO,,,
2026-09-14,2026-09-14,True,False,Distrito Comercial La Paz,DIESEL OIL IMPORTADO EESS,12000.0,L,ESTACION DE SERVICIO TEJADA TRIANGULAR,1776-DNN,Diesel Oil Importado,DIESEL_IMPORTADO,,,
2026-09-14,2026-09-14,True,False,Distrito Comercial La Paz,DIESEL OIL IMPORTADO EESS,24000.0,L,EST. SERV. 6 DE MARZO,101-GEK,Diesel Oil Importado,DIESEL_IMPORTADO,,,
2026-09-14,2026-09-14,True,False,Distrito Comercial La Paz,DIESEL OIL IMPORTADO EESS,24000.0,L,ESTACIÓN DE SERVICIO ALIMARC INTER GAS BOLIVIA S.R.L.,1436-ZZG,Diesel Oil Importado,DIESEL_IMPORTADO,,,
2026-09-14,2026-09-14,True,False,Distrito Comercial La Paz,DIESEL OIL IMPORTADO EESS,24000.0,L,ESTACION DE SERVICIOS NIMAGASBOL S.R.L.,5028-SLK,Diesel Oil Importado,DIESEL_IMPORTADO,,,
2026-09-14,2026-09-14,True,False,Distrito Comercial La Paz,DIESEL OIL IMPORTADO EESS,35000.0,L,ESTACION DE SERVICIO SAN SEBASTIAN S.R.L.,2537-TEG,Diesel Oil Importado,DIESEL_IMPORTADO,,,
2026-09-14,2026-09-14,True,False,Distrito Comercial La Paz,DIESEL OIL IMPORTADO EESS,12000.0,L,EST. SERV. SURTIDORES UNITOURS LTDA.,3091-NHK,Diesel Oil Importado,DIESEL_IMPORTADO,,,
2026-09-14,2026-09-14,True,False,Distrito Comercial La Paz,GASOLINA ESPECIAL + (S/DSI),12000.0,L,EST. SERV. SALIDA LTDA,2701-TZH,Gasolina Especial +,GASOLINA_ESPECIAL_MAS,,,
2026-09-14,2026-09-14,True,False,Distrito Comercial La Paz,GASOLINA ESPECIAL + (S/DSI),24000.0,L,GAS SAN FELIPE S.R.L.,5602-HKS,Gasolina Especial +,GASOLINA_ESPECIAL_MAS,,,
2026-09-14,2026-09-14,True,False,Distrito Comercial La Paz,GASOLINA ESPECIAL + (S/DSI),18000.0,L,ESTACION DE SERVICIO ZOFRI S.R.L.,1397-CTU,Gasolina Especial +,GASOLINA_ESPECIAL_MAS,,,
2026-09-14,2026-09-14,True,False,Distrito Comercial La Paz,GASOLINA ESPECIAL + (S/DSI),18000.0,L,ELSA CHIPANA H. - EST. SERV. ECOPETROL,829-XPG,Gasolina Especial +,GASOLINA_ESPECIAL_MAS,,,
2026-09-14,2026-09-14,True,False,Distrito Comercial La Paz,GASOLINA ESPECIAL + (S/DSI),24000.0,L,EST. SERV. VOLCAN S.R.L.,3104-KDS,Gasolina Especial +,GASOLINA_ESPECIAL_MAS,,,
2026-09-14,2026-09-14,True,False,Distrito Comercial La Paz,GASOLINA ESPECIAL + (S/DSI),24000.0,L,ESTACION DE SERVICIO TERRAGAS LTDA,5361-TUF,Gasolina Especial +,GASOLINA_ESPECIAL_MAS,,,
2026-09-14,2026-09-14,True,False,Distrito Comercial La Paz,GASOLINA ESPECIAL + (S/DSI),24000.0,L,EST. SERV. PLAYA VERDE,1157-UUL,Gasolina Especial +,GASOLINA_ESPECIAL_MAS,,,
2026-09-14,2026-09-14,True,False,Distrito Comercial La Paz,GASOLINA ESPECIAL + (S/DSI),24000.0,L,ESTACION DE SERVICIO KANTUTA S.R.L.,557-XEF,Gasolina Especial +,GASOLINA_ESPECIAL_MAS,,,
2026-09-14,2026-09-14,True,False,Distrito Comercial La Paz,GASOLINA ESPECIAL + (S/DSI),18000.0,L,ESTACIÓN DE SERVICIO ALIMARC INTER GAS BOLIVIA S.R.L.,547-CKT,Gasolina Especial +,GASOLINA_ESPECIAL_MAS,,,
2026-09-14,2026-09-14,True,False,Distrito Comercial La Paz,GASOLINA ESPECIAL + (S/DSI),24000.0,L,EST. SERV. CRISTO AUTO GAS SRL.,2201-IRF,Gasolina Especial +,GASOLINA_ESPECIAL_MAS,,,
2026-09-14,2026-09-14,True,False,Distrito Comercial La Paz,GASOLINA ESPECIAL + (S/DSI),24000.0,L,EST. SERV. MOTORECO SRL.,1340-SPB,Gasolina Especial +,GASOLINA_ESPECIAL_MAS,,,
2026-09-14,2026-09-14,True,False,Distrito Comercial La Paz,GLP DISTRIB. 10 KILOS NAL,4500.0,L,DIST. GLP. DISANDES S.R.L.,2279-SPR,GLP,GLP,,,
2026-09-14,2026-09-14,True,False,Distrito Comercial La Paz,GLP DISTRIB. 10 KILOS NAL,6000.0,L,DIST. GLP. DISANDES S.R.L.,1814-GTY,GLP,GLP,,,
2026-09-14,2026-09-14,True,False,Distrito Comercial La Paz,GLP DISTRIB. 10 KILOS NAL,8750.0,L,DIST. GLP. LA CALZADA-SUD YUNGAS,5285-KDD,GLP,GLP,,,
2026-09-14,2026-09-14,True,False,Distrito Comercial La Paz,GLP DISTRIB. 45 KILOS NAL,1800.0,L,A.A.V.V. GAS S.R.L.,4994-PHC,GLP,GLP,,,
2026-09-14,2026-09-14,True,False,Distrito Comercial La Paz,GLP DISTRIB. 10 KILOS NAL,6750.0,L,A.A.V.V. GAS S.R.L.,538-NHU,GLP,GLP,,,
2026-09-14,2026-09-14,True,False,Distrito Comercial La Paz,GLP DISTRIB. 10 KILOS NAL,9000.0,L,DISTRIBUIDORA DE GLP SAN FRANCISCO -LUCIANO SILLO CONDORI S.R.L.,5352-HPC,GLP,GLP,,,
2026-09-14,2026-09-14,True,False,Distrito Comercial La Paz,GASOLINA ESPECIAL + (S/DSI),18000.0,L,ESTACION DE SERVICIO C. REDENTOR S.R.L.,306-ERY,Gasolina Especial +,GASOLINA_ESPECIAL_MAS,,,
2026-09-14,2026-09-14,True,False,Distrito Comercial La Paz,GLP DISTRIB. 45 KILOS NAL,2700.0,L,SAN JUDAS TADEO SOCIEDAD DE RESPONSABILIDAD LIMITADA,5609-PHF,GLP,GLP,,,
2026-09-14,2026-09-14,True,False,Distrito Comercial La Paz,GLP DISTRIB. 10 KILOS NAL,6900.0,L,SAN JUDAS TADEO SOCIEDAD DE RESPONSABILIDAD LIMITADA,104-SNC,GLP,GLP,,,
2026-09-14,2026-09-14,True,False,Distrito Comercial La Paz,GLP DISTRIB. 10 KILOS NAL,6630.0,L,SAN JUDAS TADEO SOCIEDAD DE RESPONSABILIDAD LIMITADA,091-FDH,GLP,GLP,,,
2026-09-14,2026-09-14,True,False,Distrito Comercial La Paz,GLP DISTRIB. 10 KILOS NAL,3000.0,L,DIST. GLP. VIAGAS,787-DSU,GLP,GLP,,,
2026-09-14,2026-09-14,True,False,Distrito Comercial La Paz,GLP DISTRIB. 10 KILOS NAL,6480.0,L,DIST. GLP. VIAGAS,162-ZAS,GLP,GLP,,,
2026-09-14,2026-09-14,True,False,Distrito Comercial La Paz,GLP DISTRIB. 10 KILOS NAL,6630.0,L,DIST. GLP. VIAGAS,302-TIF,GLP,GLP,,,
2026-09-14,2026-09-14,True,False,Distrito Comercial La Paz,GLP DISTRIB. 10 KILOS NAL,6210.0,L,DIST. GLP. VIAGAS,1255-KZB,GLP,GLP,,,
2026-09-14,2026-09-14,True,False,Distrito Comercial La Paz,GLP DISTRIB. 10 KILOS NAL,8840.0,L,"DISTRIBUIDORA DE G.L.P. ""TIPUANI"" S.R.L.",1268-ABG,GLP,GLP,,,
2026-09-14,2026-09-14,True,False,Distrito Comercial La Paz,GLP DISTRIB. 10 KILOS NAL,6750.0,L,DIST. GLP. SAMO S.A.,467-SRU,GLP,GLP,,,
2026-09-14,2026-09-14,True,False,Distrito Comercial La Paz,GLP DISTRIB. 10 KILOS NAL,6630.0,L,DIST. GLP. SAMO S.A.,480-CIT,GLP,GLP,,,
2026-09-14,2026-09-14,True,False,Distrito Comercial La Paz,GLP DISTRIB. 45 KILOS NAL,1800.0,L,DIST. GLP. ESMERALDA GAS SRL.,2821-LXX,GLP,GLP,,,
2026-09-14,2026-09-14,True,False,Distrito Comercial La Paz,GLP DISTRIB. 10 KILOS NAL,6750.0,L,DIST. GLP. ESMERALDA GAS SRL.,2124-NIL,GLP,GLP,,,
2026-09-14,2026-09-14,True,False,Distrito Comercial La Paz,GLP DISTRIB. 10 KILOS NAL,6210.0,L,DIST. GLP. ESMERALDA GAS SRL.,2375-SHN,GLP,GLP,,,
2026-09-14,2026-09-14,True,False,Distrito Comercial La Paz,GLP DISTRIB. 10 KILOS NAL,6900.0,L,DIST. GLP. SAMO S.A.,1311-BND,GLP,GLP,,,
2026-09-14,2026-09-14,True,False,Distrito Comercial La Paz,GLP DISTRIB. 10 KILOS NAL,6900.0,L,DIST. GLP. ESMERALDA GAS SRL.,924-ZFP,GLP,GLP,,,
2026-09-14,2026-09-14,True,False,Distrito Comercial La Paz,GLP DISTRIB. 10 KILOS NAL,5000.0,L,DIST. GLP HERMANAS DURAN AGUILAR - MARLENE F. DURAN AGUILAR,1335-SUB,GLP,GLP,,,
2026-09-14,2026-09-14,True,False,Distrito Comercial La Paz,GLP DISTRIB. 45 KILOS NAL,4500.0,L,DIST. GLP. SAMO S.A.,1311-BND,GLP,GLP,,,
2026-09-14,2026-09-14,True,False,Distrito Comercial La Paz,GLP DISTRIB. 10 KILOS NAL,3930.0,L,DIST. GLP. SOCIEDAD PETROLERA SANTA ELENA S.R.L. (SOPESE S.R.L.),065-KKN,GLP,GLP,,,
2026-09-14,2026-09-14,True,False,Distrito Comercial La Paz,GLP DISTRIB. 10 KILOS NAL,6090.0,L,DIST. GLP. SOCIEDAD PETROLERA SANTA ELENA S.R.L. (SOPESE S.R.L.),3592-GZF,GLP,GLP,,,
2026-09-14,2026-09-14,True,False,Distrito Comercial La Paz,GLP DISTRIB. 10 KILOS NAL,6210.0,L,DIST. GLP. SOCIEDAD PETROLERA SANTA ELENA S.R.L. (SOPESE S.R.L.),085-IKK,GLP,GLP,,,
2026-09-14,2026-09-14,True,False,Distrito Comercial La Paz,GLP DISTRIB. 10 KILOS NAL,6630.0,L,GMGRECO GAS SOCIEDAD DE RESPONSABILIDAD LIMITADA,921-NLX,GLP,GLP,,,
2026-09-14,2026-09-14,True,False,Distrito Comercial La Paz,GLP DISTRIB. 10 KILOS NAL,5940.0,L,GMGRECO GAS SOCIEDAD DE RESPONSABILIDAD LIMITADA,497-ILK,GLP,GLP,,,
2026-09-14,2026-09-14,True,False,Distrito Comercial La Paz,GLP DISTRIB. 10 KILOS NAL,3000.0,L,DIST. GLP. TRIPETROL S.R.L.,2331-EBS,GLP,GLP,,,
2026-09-14,2026-09-14,True,False,Distrito Comercial La Paz,GLP DISTRIB. 10 KILOS NAL,5700.0,L,DIST. GLP. TRIPETROL S.R.L.,1049-GCX,GLP,GLP,,,
2026-09-14,2026-09-14,True,False,Distrito Comercial La Paz,GLP DISTRIB. 10 KILOS NAL,5940.0,L,DIST. GLP. TRIPETROL S.R.L.,479-IPN,GLP,GLP,,,
2026-09-14,2026-09-14,True,False,Distrito Comercial La Paz,GLP DISTRIB. 10 KILOS NAL,6630.0,L,DIST. GLP. TRIPETROL S.R.L.,444-KPH,GLP,GLP,,,
2026-09-14,2026-09-14,True,False,Distrito Comercial La Paz,GLP DISTRIB. 10 KILOS NAL,6480.0,L,DIST. GLP. TRIPETROL S.R.L.,1049-GCX,GLP,GLP,,,
2026-09-14,2026-09-14,True,False,Distrito Comercial La Paz,GASOLINA ESPECIAL + (S/DSI),24000.0,L,ESTACION DE SERVICIO KORY INTI S.R.L.,3879-BHE,Gasolina Especial +,GASOLINA_ESPECIAL_MAS,,,
2026-09-14,2026-09-14,True,False,Distrito Comercial La Paz,GLP DISTRIB. 10 KILOS NAL,4620.0,L,DIST. GLP. TRIPETROL S.R.L.,479-IPN,GLP,GLP,,,
2026-09-14,2026-09-14,True,False,Distrito Comercial La Paz,GASOLINA ESPECIAL + (S/DSI),24000.0,L,EST. SERV. SOC. IND. COM. G.L.P.H. LTDA,671-SUX,Gasolina Especial +,GASOLINA_ESPECIAL_MAS,,,
2026-09-14,2026-09-14,True,False,Distrito Comercial La Paz,GASOLINA ESPECIAL + (S/DSI),24000.0,L,ELDA S. AGUILAR V. - EST. SERV. JUAN PABLO II,4457-NRI,Gasolina Especial +,GASOLINA_ESPECIAL_MAS,,,
2026-09-14,2026-09-14,True,False,Distrito Comercial La Paz,GLP DISTRIB. 45 KILOS NAL,1800.0,L,DIST. GLP. PROGAS S.R.L.,4067-YRP,GLP,GLP,,,
2026-09-14,2026-09-14,True,False,Distrito Comercial La Paz,GLP DISTRIB. 10 KILOS NAL,3120.0,L,DIST. GLP. PROGAS S.R.L.,066-ASF,GLP,GLP,,,
2026-09-14,2026-09-14,True,False,Distrito Comercial La Paz,GLP DISTRIB. 10 KILOS NAL,6360.0,L,DIST. GLP. PROGAS S.R.L.,932-TGG,GLP,GLP,,,
2026-09-14,2026-09-12,True,True,Distrito Comercial La Paz,DIESEL OIL NACIONAL EESS,20000.0,L,EST. SERV. ACHACACHI S.R.L.,542-PSF,Diesel Oil Nacional,DIESEL_NACIONAL,,,
2026-09-14,2026-09-14,True,False,Distrito Comercial La Paz,GASOLINA ESPECIAL + (S/DSI),24000.0,L,EST. SERV. CUENTAS SAN PABLO II S.R.L.,2097-PCX,Gasolina Especial +,GASOLINA_ESPECIAL_MAS,,,
2026-09-14,2026-09-14,True,False,Distrito Comercial La Paz,GASOLINA ESPECIAL + (S/DSI),24000.0,L,EST. SERV. GAS CENTRO S.R.L.,589-NAK,Gasolina Especial +,GASOLINA_ESPECIAL_MAS,,,
2026-09-14,2026-09-14,True,False,Distrito Comercial La Paz,GLP DISTRIB. 10 KILOS NAL,6630.0,L,DIST. GLP. PROGAS S.R.L.,303-CTB,GLP,GLP,,,
2026-09-14,2026-09-14,True,False,Distrito Comercial La Paz,GASOLINA ESPECIAL + (S/DSI),24000.0,L,EST. SERV. LUBRICAN SRL,2714-SNP,Gasolina Especial +,GASOLINA_ESPECIAL_MAS,,,
2026-09-14,2026-09-14,True,False,Distrito Comercial La Paz,GLP DISTRIB. 10 KILOS NAL,4500.0,L,DIST. GLP ANGELES,1463-SKT,GLP,GLP,,,
2026-09-14,2026-09-14,True,False,Distrito Comercial La Paz,GLP DISTRIB. 10 KILOS NAL,6000.0,L,GENARA CAPIA DE FERNANDEZ - DIST. GLP SEVERO FERNANDEZ CH.,2349-YBX,GLP,GLP,,,
2026-09-14,2026-09-14,True,False,Distrito Comercial La Paz,GLP DISTRIB. 10 KILOS NAL,9000.0,L,GENARA CAPIA DE FERNANDEZ - DIST. GLP SEVERO FERNANDEZ CH.,1598-DTN,GLP,GLP,,,
2026-09-14,2026-09-14,True,False,Distrito Comercial La Paz,GASOLINA ESPECIAL + (S/DSI),24000.0,L,EST. SERV. M&G CAMINO REAL,2801-XUD,Gasolina Especial +,GASOLINA_ESPECIAL_MAS,,,
2026-09-14,2026-09-14,True,False,Distrito Comercial La Paz,GASOLINA ESPECIAL + (S/DSI),24000.0,L,GRUPO EMPRESARIAL VIRGEN DE LOS ALAMOS S.R.L.,4831-ETU,Gasolina Especial +,GASOLINA_ESPECIAL_MAS,,,
2026-09-14,2026-09-14,True,False,Distrito Comercial La Paz,GASOLINA ESPECIAL + (S/DSI),24000.0,L,EST. SERV. TEXAS S.R.L.,1008-UIC,Gasolina Especial +,GASOLINA_ESPECIAL_MAS,,,
2026-09-14,2026-09-14,True,False,Distrito Comercial La Paz,GASOLINA ESPECIAL + (S/DSI),24000.0,L,GREGORIO CUENTAS M. EST. SERV. DRAGON DE ORO,500-FYX,Gasolina Especial +,GASOLINA_ESPECIAL_MAS,,,
2026-09-14,2026-09-14,True,False,Distrito Comercial La Paz,GASOLINA ESPECIAL + EESS,22000.0,L,MARIO ALVAREZ M. EST. SERV. ALVAPETROL,3061-LXN,Gasolina Especial +,GASOLINA_ESPECIAL_MAS,,,
2026-09-14,2026-09-14,True,False,Distrito Comercial La Paz,GASOLINA ESPECIAL + (S/DSI),18000.0,L,EST. SERV. LAREDO SRL,1600-HIP,Gasolina Especial +,GASOLINA_ESPECIAL_MAS,,,
2026-09-14,2026-09-14,True,False,Distrito Comercial La Paz,GASOLINA ESPECIAL + (S/DSI),24000.0,L,ESTACION DE SERVICIO SEÑOR DE MAYO S.R.L.,551-HEL,Gasolina Especial +,GASOLINA_ESPECIAL_MAS,,,
2026-09-14,2026-09-14,True,False,Distrito Comercial La Paz,GASOLINA ESPECIAL + (S/DSI),18000.0,L,ZURSIL S.R.L. - E.S.T.,1604-NBE,Gasolina Especial +,GASOLINA_ESPECIAL_MAS,,,
2026-09-14,2026-09-14,True,False,Distrito Comercial La Paz,GASOLINA ESPECIAL + (S/DSI),17500.0,L,ESTACION DE SERVICIO SAN SEBASTIAN S.R.L.,2537-TEG,Gasolina Especial +,GASOLINA_ESPECIAL_MAS,,,
2026-09-14,2026-09-14,True,False,Distrito Comercial La Paz,GLP DISTRIB. 10 KILOS NAL,9000.0,L,EMPRESA DISTRIBUIDORA DE GAS LICUADO GLP LOS NIETOS S.R.L,364-UHS,GLP,GLP,,,
2026-09-14,2026-09-14,True,False,Distrito Comercial La Paz,GASOLINA ESPECIAL + (S/DSI),24000.0,L,ESTACION DE SERVICIO CALUYO S.R.L.,2315-AFR,Gasolina Especial +,GASOLINA_ESPECIAL_MAS,,,
2026-09-14,2026-09-14,True,False,Distrito Comercial La Paz,GLP DISTRIB. 10 KILOS NAL,9000.0,L,DIST. GLP FLOR DEL NORTE S.R.L.,2926-PEY,GLP,GLP,,,
2026-09-14,2026-09-14,True,False,Distrito Comercial La Paz,GLP DISTRIB. 10 KILOS NAL,7500.0,L,DIST. GLP SORATA PERLA ANDINA S.R.L.,3158-DDF,GLP,GLP,,,
2026-09-14,2026-09-14,True,False,Distrito Comercial La Paz,GLP DISTRIB. 10 KILOS NAL,6000.0,L,AXEL GAS S.R.L.,1209-EYS,GLP,GLP,,,
2026-09-14,2026-09-14,True,False,Distrito Comercial La Paz,GLP DISTRIB. 10 KILOS NAL,8500.0,L,DIST. GLP. COPACABANA GAS LTDA.,1126-LYS,GLP,GLP,,,
2026-09-14,2026-09-14,True,False,Distrito Comercial La Paz,GLP DISTRIB. 10 KILOS NAL,6630.0,L,ISABEL DURAN DE ITURRI - DIST. GLP DURA GAS,659-INT,GLP,GLP,,,
2026-09-14,2026-09-14,True,False,Distrito Comercial La Paz,GLP DISTRIB. 10 KILOS NAL,6750.0,L,ISABEL DURAN DE ITURRI - DIST. GLP DURA GAS,699-BXF,GLP,GLP,,,
2026-09-14,2026-09-14,True,False,Distrito Comercial La Paz,GASOLINA ESPECIAL + (S/DSI),24000.0,L,EST. SERV. EL PARAISO SRL.,5352-FGB,Gasolina Especial +,GASOLINA_ESPECIAL_MAS,,,
2026-09-14,2026-09-14,True,False,Distrito Comercial La Paz,GASOLINA ESPECIAL + (S/DSI),24000.0,L,EST. SERV. YUPANQUI,3480-LTK,Gasolina Especial +,GASOLINA_ESPECIAL_MAS,,,
2026-09-14,2026-09-14,True,False,Distrito Comercial La Paz,GASOLINA ESPECIAL + (S/DSI),24000.0,L,EST. SERV. PEREZ ROCHA SRL.,4745-PTB,Gasolina Especial +,GASOLINA_ESPECIAL_MAS,,,
2026-09-14,2026-09-12,True,True,Distrito Comercial La Paz,GLP DISTRIB. 10 KILOS NAL,6630.0,L,DIST. GLP. SAMO S.A.,1182-IYA,GLP,GLP,,,
2026-09-14,2026-09-12,True,True,Distrito Comercial La Paz,GLP DISTRIB. 10 KILOS NAL,9000.0,L,DISTRIBUIDORA DE GLP SAN FRANCISCO -LUCIANO SILLO CONDORI S.R.L.,5720-CUY,GLP,GLP,,,
2026-09-14,2026-09-12,True,True,Distrito Comercial La Paz,GLP DISTRIB. 10 KILOS NAL,6750.0,L,SANDRA CALLIZAYA CH. - DIST. GLP APOLOBAMBA,1815-NPC,GLP,GLP,,,
2026-09-14,2026-09-12,True,True,Distrito Comercial La Paz,GLP DISTRIB. 10 KILOS NAL,6630.0,L,DIST. GLP. VIAGAS,302-TIF,GLP,GLP,,,
2026-09-14,2026-09-12,True,True,Distrito Comercial La Paz,GLP DISTRIB. 10 KILOS NAL,2280.0,L,DIST. GLP. SOCIEDAD PETROLERA SANTA ELENA S.R.L. (SOPESE S.R.L.),065-KKN,GLP,GLP,,,
2026-09-14,2026-09-12,True,True,Distrito Comercial La Paz,GLP DISTRIB. 10 KILOS NAL,6630.0,L,GMGRECO GAS SOCIEDAD DE RESPONSABILIDAD LIMITADA,921-NLX,GLP,GLP,,,
2026-09-14,2026-09-12,True,True,Distrito Comercial La Paz,GLP DISTRIB. 10 KILOS NAL,930.0,L,DIST. GLP. ESMERALDA GAS SRL.,2124-NIL,GLP,GLP,,,
2026-09-14,2026-09-12,True,True,Distrito Comercial La Paz,GLP DISTRIB. 10 KILOS NAL,6750.0,L,ISABEL DURAN DE ITURRI - DIST. GLP DURA GAS,699-BXF,GLP,GLP,,,
2026-09-14,2026-09-12,True,True,Distrito Comercial La Paz,GLP DISTRIB. 10 KILOS NAL,1320.0,L,DIST. GLP. TRIPETROL S.R.L.,479-IPN,GLP,GLP,,,
2026-09-14,2026-09-11,True,True,Distrito Comercial La Paz,GLP DISTRIB. 10 KILOS NAL,9000.0,L,DIST. GLP PALOS BLANCOS - SDENKA PEREZ LARICO,2298-CCB,GLP,GLP,,,
2026-09-14,2026-09-11,True,True,Distrito Comercial La Paz,GLP DISTRIB. 10 KILOS NAL,3000.0,L,DIST. GLP ANGELES,1463-SKT,GLP,GLP,,,
2026-09-14,2026-09-11,True,True,Distrito Comercial La Paz,GLP DISTRIB. 10 KILOS NAL,7000.0,L,DIST. GLP ANGELES,2750-CBU,GLP,GLP,,,
2026-09-14,2026-09-11,True,True,Distrito Comercial La Paz,GLP DISTRIB. 10 KILOS NAL,6000.0,L,DIST. GLP CALEMQ S.R.L.,1101-LRD,GLP,GLP,,,
2026-09-14,2026-09-11,True,True,Distrito Comercial La Paz,GLP DISTRIB. 10 KILOS NAL,2820.0,L,DIST. GLP. ESMERALDA GAS SRL.,2124-NIL,GLP,GLP,,,
2026-09-12,2026-09-12,True,False,Distrito Comercial La Paz,GLP DISTRIB. 10 KILOS NAL,9000.0,L,DIST. GLP FLOR DEL NORTE S.R.L.,1248-LFL,GLP,GLP,,,
2026-09-12,2026-09-12,True,False,Distrito Comercial La Paz,GLP DISTRIB. 10 KILOS NAL,8750.0,L,DIST. GLP. LA CALZADA-SUD YUNGAS,4214-PTK,GLP,GLP,,,
2026-09-12,2026-09-12,True,False,Distrito Comercial La Paz,GLP DISTRIB. 10 KILOS NAL,3000.0,L,DIST. GLP. VIAGAS,2042-ABX,GLP,GLP,,,
2026-09-12,2026-09-12,True,False,Distrito Comercial La Paz,GLP DISTRIB. 10 KILOS NAL,6480.0,L,DIST. GLP. VIAGAS,162-ZAS,GLP,GLP,,,
2026-09-12,2026-09-12,True,False,Distrito Comercial La Paz,GLP DISTRIB. 10 KILOS NAL,6210.0,L,DIST. GLP. VIAGAS,1255-KZB,GLP,GLP,,,
2026-09-12,2026-09-12,True,False,Distrito Comercial La Paz,GLP DISTRIB. 10 KILOS NAL,6630.0,L,DIST. GLP. SAMO S.A.,480-CIT,GLP,GLP,,,
2026-09-12,2026-09-12,True,False,Distrito Comercial La Paz,GLP DISTRIB. 10 KILOS NAL,6090.0,L,DIST. GLP. SOCIEDAD PETROLERA SANTA ELENA S.R.L. (SOPESE S.R.L.),414-BKB,GLP,GLP,,,
2026-09-12,2026-09-12,True,False,Distrito Comercial La Paz,GLP DISTRIB. 10 KILOS NAL,6210.0,L,DIST. GLP. SOCIEDAD PETROLERA SANTA ELENA S.R.L. (SOPESE S.R.L.),085-IKK,GLP,GLP,,,
2026-09-12,2026-09-12,True,False,Distrito Comercial La Paz,GLP DISTRIB. 45 KILOS NAL,2250.0,L,DIST. GLP. ESMERALDA GAS SRL.,2821-LXX,GLP,GLP,,,
2026-09-12,2026-09-12,True,False,Distrito Comercial La Paz,GLP DISTRIB. 10 KILOS NAL,6630.0,L,GMGRECO GAS SOCIEDAD DE RESPONSABILIDAD LIMITADA,2060-RYK,GLP,GLP,,,
2026-09-12,2026-09-12,True,False,Distrito Comercial La Paz,GLP DISTRIB. 10 KILOS NAL,6900.0,L,DIST. GLP. ESMERALDA GAS SRL.,924-ZFP,GLP,GLP,,,
2026-09-12,2026-09-12,True,False,Distrito Comercial La Paz,GLP DISTRIB. 10 KILOS NAL,6210.0,L,DIST. GLP. ESMERALDA GAS SRL.,801-NIK,GLP,GLP,,,
2026-09-12,2026-09-12,True,False,Distrito Comercial La Paz,GLP DISTRIB. 10 KILOS NAL,5940.0,L,GMGRECO GAS SOCIEDAD DE RESPONSABILIDAD LIMITADA,497-ILK,GLP,GLP,,,
2026-09-12,2026-09-12,True,False,Distrito Comercial La Paz,GLP DISTRIB. 10 KILOS NAL,6360.0,L,DIST. GLP. PROGAS S.R.L.,932-TGG,GLP,GLP,,,
2026-09-12,2026-09-12,True,False,Distrito Comercial La Paz,GLP DISTRIB. 10 KILOS NAL,6630.0,L,DIST. GLP. PROGAS S.R.L.,303-CTB,GLP,GLP,,,
2026-09-12,2026-09-12,True,False,Distrito Comercial La Paz,GLP DISTRIB. 10 KILOS NAL,6750.0,L,DIST. GLP. PROGAS S.R.L.,081-CEX,GLP,GLP,,,
2026-09-12,2026-09-12,True,False,Distrito Comercial La Paz,GLP DISTRIB. 10 KILOS NAL,3000.0,L,DIST. GLP HERMANAS DURAN AGUILAR - MARLENE F. DURAN AGUILAR,2515-XDN,GLP,GLP,,,
2026-09-12,2026-09-12,True,False,Distrito Comercial La Paz,GLP DISTRIB. 10 KILOS NAL,5000.0,L,DIST. GLP HERMANAS DURAN AGUILAR - MARLENE F. DURAN AGUILAR,1335-SUB,GLP,GLP,,,
2026-09-12,2026-09-12,True,False,Distrito Comercial La Paz,GLP DISTRIB. 10 KILOS NAL,6750.0,L,ISABEL DURAN DE ITURRI - DIST. GLP DURA GAS,791-PKT,GLP,GLP,,,
2026-09-12,2026-09-12,True,False,Distrito Comercial La Paz,GLP DISTRIB. 10 KILOS NAL,6900.0,L,SAN JUDAS TADEO SOCIEDAD DE RESPONSABILIDAD LIMITADA,795-CZG,GLP,GLP,,,
2026-09-12,2026-09-12,True,False,Distrito Comercial La Paz,GLP DISTRIB. 10 KILOS NAL,6630.0,L,DIST. GLP. TRIPETROL S.R.L.,444-KPH,GLP,GLP,,,
2026-09-12,2026-09-12,True,False,Distrito Comercial La Paz,GLP DISTRIB. 10 KILOS NAL,6750.0,L,A.A.V.V. GAS S.R.L.,129-BSR,GLP,GLP,,,
2026-09-12,2026-09-12,True,False,Distrito Comercial La Paz,GLP DISTRIB. 45 KILOS NAL,1800.0,L,A.A.V.V. GAS S.R.L.,4994-PHC,GLP,GLP,,,
2026-09-12,2026-09-12,True,False,Distrito Comercial La Paz,GLP DISTRIB. 10 KILOS NAL,5940.0,L,DIST. GLP. TRIPETROL S.R.L.,479-IPN,GLP,GLP,,,
2026-09-12,2026-09-11,True,True,Distrito Comercial La Paz,GLP DISTRIB. 10 KILOS NAL,8840.0,L,DIST. GLP. SAN MIGUEL,2285-KYH,GLP,GLP,,,
2026-09-12,2026-09-11,True,True,Distrito Comercial La Paz,GLP DISTRIB. 10 KILOS NAL,8500.0,L,DIST. GLP HERMANAS DURAN AGUILAR - MARLENE F. DURAN AGUILAR,2749-GEH,GLP,GLP,,,
2026-09-12,2026-09-11,True,True,Distrito Comercial La Paz,GLP DISTRIB. 45 KILOS NAL,2700.0,L,SAN JUDAS TADEO SOCIEDAD DE RESPONSABILIDAD LIMITADA,5609-PHF,GLP,GLP,,,
2026-09-12,2026-09-11,True,True,Distrito Comercial La Paz,GLP DISTRIB. 10 KILOS NAL,6630.0,L,GMGRECO GAS SOCIEDAD DE RESPONSABILIDAD LIMITADA,921-NLX,GLP,GLP,,,
2026-09-12,2026-09-10,True,True,Distrito Comercial La Paz,GLP DISTRIB. 10 KILOS NAL,9000.0,L,SANDRA CALLIZAYA CH. - DIST. GLP OMASUYOS,566-PFF,GLP,GLP,,,
2026-09-12,2026-09-12,True,False,Distrito Comercial La Paz,GLP DISTRIB. 10 KILOS NAL,6270.0,L,DIST. GLP. VIAGAS,302-TIF,GLP,GLP,,,
2026-09-12,2026-09-12,True,False,Distrito Comercial La Paz,GLP DISTRIB. 10 KILOS NAL,6750.0,L,DIST. GLP. SAMO S.A.,467-SRU,GLP,GLP,,,
2026-09-12,2026-09-12,True,False,Distrito Comercial La Paz,GLP DISTRIB. 45 KILOS NAL,4500.0,L,DIST. GLP. SAMO S.A.,1182-IYA,GLP,GLP,,,
2026-09-12,2026-09-12,True,False,Distrito Comercial La Paz,GLP DISTRIB. 10 KILOS NAL,6750.0,L,DIST. GLP. ESMERALDA GAS SRL.,2124-NIL,GLP,GLP,,,
2026-09-12,2026-09-12,True,False,Distrito Comercial La Paz,GLP DISTRIB. 45 KILOS NAL,1800.0,L,DIST. GLP. PROGAS S.R.L.,4067-YRP,GLP,GLP,,,
2026-09-12,2026-09-12,True,False,Distrito Comercial La Paz,GLP DISTRIB. 10 KILOS NAL,5940.0,L,DIST. GLP. PROGAS S.R.L.,066-ASF,GLP,GLP,,,
2026-09-12,2026-09-12,True,False,Distrito Comercial La Paz,GLP DISTRIB. 10 KILOS NAL,6630.0,L,ISABEL DURAN DE ITURRI - DIST. GLP DURA GAS,659-INT,GLP,GLP,,,
2026-09-12,2026-09-12,True,False,Distrito Comercial La Paz,GLP DISTRIB. 10 KILOS NAL,6630.0,L,SAN JUDAS TADEO SOCIEDAD DE RESPONSABILIDAD LIMITADA,091-FDH,GLP,GLP,,,
2026-09-12,2026-09-12,True,False,Distrito Comercial La Paz,GLP DISTRIB. 10 KILOS NAL,6480.0,L,DIST. GLP. TRIPETROL S.R.L.,1049-GCX,GLP,GLP,,,
2026-09-12,2026-09-11,True,True,Distrito Comercial La Paz,GLP DISTRIB. 10 KILOS NAL,6750.0,L,ISABEL DURAN DE ITURRI - DIST. GLP DURA GAS,699-BXF,GLP,GLP,,,
2026-09-12,2026-09-11,True,True,Distrito Comercial La Paz,GLP DISTRIB. 10 KILOS NAL,6900.0,L,SAN JUDAS TADEO SOCIEDAD DE RESPONSABILIDAD LIMITADA,104-SNC,GLP,GLP,,,
2026-09-12,2026-09-11,True,True,Distrito Comercial La Paz,GLP DISTRIB. 10 KILOS NAL,6750.0,L,A.A.V.V. GAS S.R.L.,538-NHU,GLP,GLP,,,
2026-09-11,2026-09-11,True,False,Distrito Comercial La Paz,GASOLINA ESPECIAL + (S/DSI),24000.0,L,EST. SERV. EMP. COM. HID. TUPAC KATARI S.R.L.,300-YKU,Gasolina Especial +,GASOLINA_ESPECIAL_MAS,,,
2026-09-11,2026-09-11,True,False,Distrito Comercial La Paz,DIESEL OIL IMPORTADO CF,18000.0,L,COOPERATIVA MINERA AURIFERA 24 DE JUNIO R.L.,2472-KPD,Diesel Oil Importado,DIESEL_IMPORTADO,,,
2026-09-11,2026-09-11,True,False,Distrito Comercial La Paz,DIESEL OIL IMPORTADO EESS,20000.0,L,EST. SERV. EMP. COM. HID. TUPAC KATARI S.R.L.,110-NBH,Diesel Oil Importado,DIESEL_IMPORTADO,,,
2026-09-11,2026-09-11,True,False,Distrito Comercial La Paz,DIESEL OIL IMPORTADO CF,19900.0,L,COOPERATIVA MINERA AURÍFERA LLUVIA DE ORO DE KEARA R.L.,191-TBS,Diesel Oil Importado,DIESEL_IMPORTADO,,,
2026-09-11,2026-09-11,True,False,Distrito Comercial La Paz,GASOLINA ESPECIAL + (S/DSI),20000.0,L,EST. SERV. ESUR GHS LTDA.,908-YCP,Gasolina Especial +,GASOLINA_ESPECIAL_MAS,,,
2026-09-11,2026-09-11,True,False,Distrito Comercial La Paz,DIESEL OIL IMPORTADO CF,19900.0,L,COOPERATIVA MINERA AURIFERA CARMEN DE SOCOSA R.L.,1634-EGB,Diesel Oil Importado,DIESEL_IMPORTADO,,,
2026-09-11,2026-09-11,True,False,Distrito Comercial La Paz,DIESEL OIL IMPORTADO CF,19900.0,L,COOPERATIVA MINERA AURÍFERA FLOR DE MAYO R.L.,2448-EFN,Diesel Oil Importado,DIESEL_IMPORTADO,,,
2026-09-11,2026-09-11,True,False,Distrito Comercial La Paz,GASOLINA ESPECIAL + EESS,22000.0,L,EST. SERV. FLOR DE CAÑA S.R.L.,1389-NLT,Gasolina Especial +,GASOLINA_ESPECIAL_MAS,,,
2026-09-11,2026-09-11,True,False,Distrito Comercial La Paz,DIESEL OIL NACIONAL EESS,22000.0,L,ESTACION DE SERVICIO SURTIDOR TUMUPASA S.R.L.,1089-SDH 1,Diesel Oil Nacional,DIESEL_NACIONAL,,,
2026-09-11,2026-09-11,True,False,Distrito Comercial La Paz,DIESEL OIL IMPORTADO CF,19900.0,L,GEOVANNA ROSEL LOPEZ PEREZ - EMPRESA MINERA ADEFI,1306-LRG,Diesel Oil Importado,DIESEL_IMPORTADO,,,
2026-09-11,2026-09-11,True,False,Distrito Comercial La Paz,DIESEL OIL IMPORTADO GRACO,24000.0,L,COOPERATIVA MINERA SAIGUANI R.L.,2562-IAX,Diesel Oil Importado,DIESEL_IMPORTADO,,,
2026-09-11,2026-09-11,True,False,Distrito Comercial La Paz,GASOLINA ESPECIAL + (S/DSI),20000.0,L,EST. SERV. ACB SAN JORGE,1853-KTP,Gasolina Especial +,GASOLINA_ESPECIAL_MAS,,,
2026-09-11,2026-09-11,True,False,Distrito Comercial La Paz,DIESEL OIL IMPORTADO EESS,24000.0,L,ELSA CHIPANA H. - EST. SERV. ECOPETROL,829-XPG,Diesel Oil Importado,DIESEL_IMPORTADO,,,
2026-09-11,2026-09-11,True,False,Distrito Comercial La Paz,GASOLINA ESPECIAL + EESS,22000.0,L,ESTACION DE SERVICIO HUANCANE Y TRANSPORTE S.R.L.,1768-PZN,Gasolina Especial +,GASOLINA_ESPECIAL_MAS,,,
2026-09-11,2026-09-11,True,False,Distrito Comercial La Paz,DIESEL OIL IMPORTADO CF,19900.0,L,COOPERATIVA MINERA AURIFERA PORVENIR NEVADO R.L.,2097-PCX,Diesel Oil Importado,DIESEL_IMPORTADO,,,
2026-09-11,2026-09-11,True,False,Distrito Comercial La Paz,DIESEL OIL NACIONAL EESS,22000.0,L,ESTACION DE SERVICIO HUANCANE Y TRANSPORTE S.R.L.,3158-CHU,Diesel Oil Nacional,DIESEL_NACIONAL,,,
2026-09-11,2026-09-11,True,False,Distrito Comercial La Paz,DIESEL OIL NACIONAL EESS,12000.0,L,EDEN CLEVER CARRILLO CONDORI-ESTACION DE SERVICIO EDENCCC,2546-YFS,Diesel Oil Nacional,DIESEL_NACIONAL,,,
2026-09-11,2026-09-11,True,False,Distrito Comercial La Paz,GASOLINA ESPECIAL + EESS,12000.0,L,EDEN CLEVER CARRILLO CONDORI-ESTACION DE SERVICIO EDENCCC,2546-YFS,Gasolina Especial +,GASOLINA_ESPECIAL_MAS,,,
2026-09-11,2026-09-11,True,False,Distrito Comercial La Paz,DIESEL OIL NACIONAL EESS,22000.0,L,EST. SERV. SAN MIGUEL-IVAN L.,336-YAB 1,Diesel Oil Nacional,DIESEL_NACIONAL,,,
2026-09-11,2026-09-11,True,False,Distrito Comercial La Paz,DIESEL OIL IMPORTADO EESS,24000.0,L,EST. SERV. CANDELARIA,1487-RYN,Diesel Oil Importado,DIESEL_IMPORTADO,,,
2026-09-11,2026-09-11,True,False,Distrito Comercial La Paz,DIESEL OIL NACIONAL EESS,22000.0,L,SILVIA TORREZ.- EST. SERV. TORREZ,080-RZK,Diesel Oil Nacional,DIESEL_NACIONAL,,,
2026-09-11,2026-09-11,True,False,Distrito Comercial La Paz,GASOLINA ESPECIAL + EESS,18000.0,L,ESTACION DE SERVICIO TOLAR S.R.L.,5632-ZYE,Gasolina Especial +,GASOLINA_ESPECIAL_MAS,,,
2026-09-11,2026-09-11,True,False,Distrito Comercial La Paz,DIESEL OIL IMPORTADO GRACO,24000.0,L,COOPERATIVA MINERA AURIFERA 22 DE JUNIO MILILI II R.L.,1480-GHX,Diesel Oil Importado,DIESEL_IMPORTADO,,,
2026-09-11,2026-09-11,True,False,Distrito Comercial La Paz,GASOLINA ESPECIAL + (S/DSI),12000.0,L,EST. SERV. CHUSAMARCA,3879-BHE,Gasolina Especial +,GASOLINA_ESPECIAL_MAS,,,
2026-09-11,2026-09-11,True,False,Distrito Comercial La Paz,GASOLINA ESPECIAL + (S/DSI),24000.0,L,EST. SERV. MOTORECO SRL.,1340-SPB,Gasolina Especial +,GASOLINA_ESPECIAL_MAS,,,
2026-09-11,2026-09-11,True,False,Distrito Comercial La Paz,GASOLINA ESPECIAL + EESS,22000.0,L,ESTACIÓN DE SERVICIO ESCOMA S.R.L.,563-DDH,Gasolina Especial +,GASOLINA_ESPECIAL_MAS,,,
2026-09-11,2026-09-11,True,False,Distrito Comercial La Paz,DIESEL OIL IMPORTADO EESS,18000.0,L,EST. SERV. GALAXIA S.R.L.,1166-RRA-2,Diesel Oil Importado,DIESEL_IMPORTADO,,,
2026-09-11,2026-09-11,True,False,Distrito Comercial La Paz,DIESEL OIL NACIONAL EESS,12000.0,L,RACING GAS S.R.L. (SUC-1),801-ZLE,Diesel Oil Nacional,DIESEL_NACIONAL,,,
2026-09-11,2026-09-11,True,False,Distrito Comercial La Paz,DIESEL OIL IMPORTADO EESS,12000.0,L,EST. SERV. BOLIVIA ZURSIL S.R.L.,801-ZRR,Diesel Oil Importado,DIESEL_IMPORTADO,,,
2026-09-11,2026-09-11,True,False,Distrito Comercial La Paz,GASOLINA ESPECIAL + EESS,12000.0,L,RACING GAS S.R.L. (SUC-1),801-ZLE,Gasolina Especial +,GASOLINA_ESPECIAL_MAS,,,
2026-09-11,2026-09-11,True,False,Distrito Comercial La Paz,GASOLINA ESPECIAL + (S/DSI),12000.0,L,EST. SERV. BOLIVIA ZURSIL S.R.L.,801-ZRR,Gasolina Especial +,GASOLINA_ESPECIAL_MAS,,,
2026-09-11,2026-09-11,True,False,Distrito Comercial La Paz,GASOLINA ESPECIAL + EESS,22000.0,L,ESTACION DE SERVICIOS YARA S.R.L.,564-CBH,Gasolina Especial +,GASOLINA_ESPECIAL_MAS,,,
2026-09-11,2026-09-11,True,False,Distrito Comercial La Paz,GASOLINA ESPECIAL + EESS,24000.0,L,OFELIA PLATA P. - EST. SERV. UMAMARCA,2339-UFY,Gasolina Especial +,GASOLINA_ESPECIAL_MAS,,,
2026-09-11,2026-09-11,True,False,Distrito Comercial La Paz,GASOLINA ESPECIAL + (S/DSI),12000.0,L,ESTACION DE SERVICIO KANTUTA S.R.L.,557-XEF,Gasolina Especial +,GASOLINA_ESPECIAL_MAS,,,
2026-09-11,2026-09-11,True,False,Distrito Comercial La Paz,DIESEL OIL IMPORTADO EESS,24000.0,L,ESTACION DE SERVICIOS NIMAGASBOL S.R.L.,5028-SLK,Diesel Oil Importado,DIESEL_IMPORTADO,,,
2026-09-11,2026-09-11,True,False,Distrito Comercial La Paz,DIESEL OIL IMPORTADO EESS,20000.0,L,EST. SERV. BASSAM LTDA,5352-EER,Diesel Oil Importado,DIESEL_IMPORTADO,,,
2026-09-11,2026-09-11,True,False,Distrito Comercial La Paz,GASOLINA ESPECIAL + (S/DSI),24000.0,L,ESTACION DE SERVICIO JACHA INTI S.R.L.,801-GSD 1,Gasolina Especial +,GASOLINA_ESPECIAL_MAS,,,
2026-09-11,2026-09-11,True,False,Distrito Comercial La Paz,DIESEL OIL IMPORTADO EESS,20000.0,L,GAS SAN FELIPE S.R.L.,5602-HKS,Diesel Oil Importado,DIESEL_IMPORTADO,,,
2026-09-11,2026-09-11,True,False,Distrito Comercial La Paz,GASOLINA ESPECIAL + EESS,36000.0,L,EST. SERV. PALOS BLANCOS,5229-ECH,Gasolina Especial +,GASOLINA_ESPECIAL_MAS,,,
2026-09-11,2026-09-11,True,False,Distrito Comercial La Paz,GASOLINA ESPECIAL + EESS,22000.0,L,EST. SERV. GUANAY,1434-RAF,Gasolina Especial +,GASOLINA_ESPECIAL_MAS,,,
2026-09-11,2026-09-11,True,False,Distrito Comercial La Paz,DIESEL OIL NACIONAL EESS,22000.0,L,EST. SERV. GUANAY,3613-ALF,Diesel Oil Nacional,DIESEL_NACIONAL,,,
2026-09-11,2026-09-11,True,False,Distrito Comercial La Paz,DIESEL OIL NACIONAL EESS,22000.0,L,ESTACION DE SERVICIO PARAISO TROPICAL,2532-UDH,Diesel Oil Nacional,DIESEL_NACIONAL,,,
2026-09-11,2026-09-11,True,False,Distrito Comercial La Paz,GASOLINA ESPECIAL + (S/DSI),24000.0,L,EST. SERV. ACB CALACOTO,839-EUS,Gasolina Especial +,GASOLINA_ESPECIAL_MAS,,,
2026-09-11,2026-09-11,True,False,Distrito Comercial La Paz,DIESEL OIL IMPORTADO EESS,24000.0,L,ESTACION DE SERVICIO FULL TANK S.R.L.,564-CDR 1,Diesel Oil Importado,DIESEL_IMPORTADO,,,
2026-09-11,2026-09-11,True,False,Distrito Comercial La Paz,GASOLINA ESPECIAL + EESS,22000.0,L,ESTACION DE SERVICIO MADAGASCAR S.R.L.,484-RYI,Gasolina Especial +,GASOLINA_ESPECIAL_MAS,,,
2026-09-11,2026-09-11,True,False,Distrito Comercial La Paz,DIESEL OIL NACIONAL EESS,22000.0,L,EST. SERV. ITURRALDE S.R.L.,323-KFT,Diesel Oil Nacional,DIESEL_NACIONAL,,,
2026-09-11,2026-09-11,True,False,Distrito Comercial La Paz,GASOLINA ESPECIAL + (S/DSI),12000.0,L,ESTACION DE SERVICIO LOS ROSALES,2345-IYN,Gasolina Especial +,GASOLINA_ESPECIAL_MAS,,,
2026-09-11,2026-09-11,True,False,Distrito Comercial La Paz,DIESEL OIL IMPORTADO EESS,12000.0,L,ESTACION DE SERVICIO CHALLAPAMPA S.R.L.,294-CZD,Diesel Oil Importado,DIESEL_IMPORTADO,,,
2026-09-11,2026-09-11,True,False,Distrito Comercial La Paz,GASOLINA ESPECIAL + (S/DSI),20000.0,L,EST. SERV. GALAXIA S.R.L.,670-XGC,Gasolina Especial +,GASOLINA_ESPECIAL_MAS,,,
2026-09-11,2026-09-11,True,False,Distrito Comercial La Paz,DIESEL OIL IMPORTADO EESS,12000.0,L,ESTACION DE SERVICIO LOS ROSALES,2345-IYN,Diesel Oil Importado,DIESEL_IMPORTADO,,,
2026-09-11,2026-09-11,True,False,Distrito Comercial La Paz,GASOLINA ESPECIAL + EESS,22000.0,L,EST. SERV. ITURRALDE S.R.L.,2551-RXA,Gasolina Especial +,GASOLINA_ESPECIAL_MAS,,,
2026-09-11,2026-09-11,True,False,Distrito Comercial La Paz,DIESEL OIL IMPORTADO EESS,24000.0,L,ESTACION DE SERVICIO C. REDENTOR S.R.L.,306-ERY,Diesel Oil Importado,DIESEL_IMPORTADO,,,
2026-09-11,2026-09-11,True,False,Distrito Comercial La Paz,GASOLINA ESPECIAL + EESS,22000.0,L,EST. SERV. ADALUZ PETROL,1183-LPL-1,Gasolina Especial +,GASOLINA_ESPECIAL_MAS,,,
2026-09-11,2026-09-11,True,False,Distrito Comercial La Paz,DIESEL OIL IMPORTADO EESS,24000.0,L,EST. SERV. MARANATHA,2902-RYT,Diesel Oil Importado,DIESEL_IMPORTADO,,,
2026-09-11,2026-09-11,True,False,Distrito Comercial La Paz,GASOLINA ESPECIAL + (S/DSI),24000.0,L,EST. SERV. JAIMES FREYRE,1118-KLR,Gasolina Especial +,GASOLINA_ESPECIAL_MAS,,,
2026-09-11,2026-09-11,True,False,Distrito Comercial La Paz,DIESEL OIL NACIONAL EESS,20000.0,L,CANIAX S.R.L.,4074-FNA,Diesel Oil Nacional,DIESEL_NACIONAL,,,
2026-09-11,2026-09-11,True,False,Distrito Comercial La Paz,GASOLINA ESPECIAL + (S/DSI),24000.0,L,EST. SERV. COSTANERA SRL.,551-NCI,Gasolina Especial +,GASOLINA_ESPECIAL_MAS,,,
2026-09-11,2026-09-11,True,False,Distrito Comercial La Paz,GASOLINA ESPECIAL + EESS,20000.0,L,EST. SERV. ACHACACHI S.R.L.,1604-NBE,Gasolina Especial +,GASOLINA_ESPECIAL_MAS,,,
2026-09-11,2026-09-11,True,False,Distrito Comercial La Paz,GASOLINA ESPECIAL + EESS,22000.0,L,CANIAX S.R.L.,2378-EIG,Gasolina Especial +,GASOLINA_ESPECIAL_MAS,,,
2026-09-11,2026-09-11,True,False,Distrito Comercial La Paz,DIESEL OIL IMPORTADO EESS,12000.0,L,ELDA S. AGUILAR V. - EST. SERV. JUAN PABLO II,4457-NRI,Diesel Oil Importado,DIESEL_IMPORTADO,,,
2026-09-11,2026-09-11,True,False,Distrito Comercial La Paz,GASOLINA ESPECIAL + EESS,24000.0,L,ESTACION DE SERVICIO PARAISO TROPICAL,3141-GCE,Gasolina Especial +,GASOLINA_ESPECIAL_MAS,,,
2026-09-11,2026-09-11,True,False,Distrito Comercial La Paz,GASOLINA ESPECIAL + (S/DSI),12000.0,L,ELDA S. AGUILAR V. - EST. SERV. JUAN PABLO II,4457-NRI,Gasolina Especial +,GASOLINA_ESPECIAL_MAS,,,
2026-09-11,2026-09-11,True,False,Distrito Comercial La Paz,DIESEL OIL NACIONAL EESS,22000.0,L,ESTACION DE SERVICIO ISSUCADELA S.R.L,1054-YSB,Diesel Oil Nacional,DIESEL_NACIONAL,,,
2026-09-11,2026-09-11,True,False,Distrito Comercial La Paz,DIESEL OIL IMPORTADO EESS,24000.0,L,ELDA S. AGUILAR V. - EST. SERV. JUAN PABLO II,1156-PGH 1,Diesel Oil Importado,DIESEL_IMPORTADO,,,
2026-09-11,2026-09-11,True,False,Distrito Comercial La Paz,GASOLINA ESPECIAL + (S/DSI),24000.0,L,EST. SERV. CARSUR S.R.L.,561-YKH,Gasolina Especial +,GASOLINA_ESPECIAL_MAS,,,
2026-09-11,2026-09-11,True,False,Distrito Comercial La Paz,GASOLINA ESPECIAL + EESS,24000.0,L,EST. SERV. PALOS BLANCOS,1222-TEK,Gasolina Especial +,GASOLINA_ESPECIAL_MAS,,,
2026-09-11,2026-09-11,True,False,Distrito Comercial La Paz,DIESEL OIL IMPORTADO EESS,20000.0,L,EST. SERV. M&G CAMINO REAL,2801-XUD,Diesel Oil Importado,DIESEL_IMPORTADO,,,
2026-09-11,2026-09-11,True,False,Distrito Comercial La Paz,DIESEL OIL IMPORTADO EESS,20000.0,L,EST. SERV. CHUSAMARCA,1401-ICT,Diesel Oil Importado,DIESEL_IMPORTADO,,,
2026-09-11,2026-09-11,True,False,Distrito Comercial La Paz,GASOLINA ESPECIAL + EESS,12000.0,L,ESTACIÓN DE SERVICIO KONANI S.R.L.,1552-PFH,Gasolina Especial +,GASOLINA_ESPECIAL_MAS,,,
2026-09-11,2026-09-11,True,False,Distrito Comercial La Paz,DIESEL OIL IMPORTADO EESS,12000.0,L,EST. SERV. VOLCAN S.R.L.,3104-KDS,Diesel Oil Importado,DIESEL_IMPORTADO,,,
2026-09-11,2026-09-11,True,False,Distrito Comercial La Paz,DIESEL OIL IMPORTADO EESS,24000.0,L,EDUARDO YUPANQUI Q.-EST. SERV. VENTILLA,1149-ZND,Diesel Oil Importado,DIESEL_IMPORTADO,,,
2026-09-11,2026-09-11,True,False,Distrito Comercial La Paz,DIESEL OIL IMPORTADO EESS,24000.0,L,ZURSIL S.R.L. - E.S.T.,542-PSF,Diesel Oil Importado,DIESEL_IMPORTADO,,,
2026-09-11,2026-09-11,True,False,Distrito Comercial La Paz,DIESEL OIL IMPORTADO EESS,12000.0,L,EST. SERV. GAS-MAY S.R.L.,1704-ESB,Diesel Oil Importado,DIESEL_IMPORTADO,,,
2026-09-11,2026-09-11,True,False,Distrito Comercial La Paz,GASOLINA ESPECIAL + (S/DSI),12000.0,L,EST. SERV. GAS-MAY S.R.L.,1704-ESB,Gasolina Especial +,GASOLINA_ESPECIAL_MAS,,,
2026-09-11,2026-09-11,True,False,Distrito Comercial La Paz,DIESEL OIL IMPORTADO EESS,24000.0,L,EST. SERV. ILLIMANI S.R.L.,564-CNY,Diesel Oil Importado,DIESEL_IMPORTADO,,,
2026-09-11,2026-09-11,True,False,Distrito Comercial La Paz,DIESEL OIL IMPORTADO EESS,18000.0,L,ESTACIÓN DE SERVICIO LAS ROSAS S.R.L.,3480-LTK,Diesel Oil Importado,DIESEL_IMPORTADO,,,
2026-09-11,2026-09-11,True,False,Distrito Comercial La Paz,DIESEL OIL IMPORTADO EESS,20000.0,L,EST. SERV. PEREZ ROCHA SRL.,3445-DKC,Diesel Oil Importado,DIESEL_IMPORTADO,,,
2026-09-11,2026-09-11,True,False,Distrito Comercial La Paz,GASOLINA ESPECIAL + (S/DSI),20000.0,L,EST. SERV. GAS CENTRO S.R.L.,4523-AZB,Gasolina Especial +,GASOLINA_ESPECIAL_MAS,,,
2026-09-11,2026-09-11,True,False,Distrito Comercial La Paz,DIESEL OIL IMPORTADO EESS,20000.0,L,ESTACION DE SERVICIO LOZA - MARCELINA AGUIRRE VDA. DE LOZA,581-YGU,Diesel Oil Importado,DIESEL_IMPORTADO,,,
2026-09-11,2026-09-11,True,False,Distrito Comercial La Paz,DIESEL OIL IMPORTADO EESS,20000.0,L,EST. SERV. EL PARAISO SRL.,5352-FGB,Diesel Oil Importado,DIESEL_IMPORTADO,,,
2026-09-11,2026-09-11,True,False,Distrito Comercial La Paz,DIESEL OIL IMPORTADO EESS,24000.0,L,ESTACION DE SERVICIO TERRAGAS LTDA,5361-TUF,Diesel Oil Importado,DIESEL_IMPORTADO,,,
2026-09-11,2026-09-11,True,False,Distrito Comercial La Paz,DIESEL OIL IMPORTADO EESS,12000.0,L,EST. SERV. ALTO LIMA S.R.L.,1555-ULK,Diesel Oil Importado,DIESEL_IMPORTADO,,,
2026-09-11,2026-09-11,True,False,Distrito Comercial La Paz,GASOLINA ESPECIAL + (S/DSI),12000.0,L,EST. SERV. ALTO LIMA S.R.L.,1555-ULK,Gasolina Especial +,GASOLINA_ESPECIAL_MAS,,,
2026-09-11,2026-09-11,True,False,Distrito Comercial La Paz,GASOLINA ESPECIAL + (S/DSI),24000.0,L,EST. SERV. SIEMPRE A FULL MIRAFLORES S.R.L. (SAF),1502-ZDB,Gasolina Especial +,GASOLINA_ESPECIAL_MAS,,,
2026-09-11,2026-09-11,True,False,Distrito Comercial La Paz,DIESEL OIL IMPORTADO EESS,24000.0,L,EST. SERV. VOLCAN S.R.L.,4228-PUN,Diesel Oil Importado,DIESEL_IMPORTADO,,,
2026-09-11,2026-09-11,True,False,Distrito Comercial La Paz,GASOLINA ESPECIAL + (S/DSI),24000.0,L,GAS SAN FELIPE S.R.L.,5602-HKS,Gasolina Especial +,GASOLINA_ESPECIAL_MAS,,,
2026-09-11,2026-09-11,True,False,Distrito Comercial La Paz,DIESEL OIL IMPORTADO EESS,24000.0,L,EST. SERV. SAN PABLO VILLA BOLIVAR S.R.L.,496-HSR,Diesel Oil Importado,DIESEL_IMPORTADO,,,
2026-09-11,2026-09-11,True,False,Distrito Comercial La Paz,DIESEL OIL IMPORTADO EESS,12000.0,L,ESTACION DE SERVICIO TEJADA TRIANGULAR,1776-DNN,Diesel Oil Importado,DIESEL_IMPORTADO,,,
2026-09-11,2026-09-11,True,False,Distrito Comercial La Paz,DIESEL OIL IMPORTADO EESS,12000.0,L,EST. SERV. SURTIDORES UNITOURS LTDA.,3091-NHK,Diesel Oil Importado,DIESEL_IMPORTADO,,,
2026-09-11,2026-09-11,True,False,Distrito Comercial La Paz,DIESEL OIL IMPORTADO EESS,24000.0,L,EST. SERV. APOSTOL SANTIAGO,1487-RYN,Diesel Oil Importado,DIESEL_IMPORTADO,,,
2026-09-11,2026-09-11,True,False,Distrito Comercial La Paz,DIESEL OIL IMPORTADO EESS,24000.0,L,EST. SERV. LAREDO SRL,1600-HIP,Diesel Oil Importado,DIESEL_IMPORTADO,,,
2026-09-11,2026-09-11,True,False,Distrito Comercial La Paz,GASOLINA ESPECIAL + (S/DSI),12000.0,L,EST. SERV. SALIDA LTDA,2701-TZH,Gasolina Especial +,GASOLINA_ESPECIAL_MAS,,,
2026-09-11,2026-09-11,True,False,Distrito Comercial La Paz,DIESEL OIL IMPORTADO EESS,12000.0,L,EST. SERV. SALIDA LTDA,2701-TZH,Diesel Oil Importado,DIESEL_IMPORTADO,,,
2026-09-11,2026-09-11,True,False,Distrito Comercial La Paz,DIESEL OIL IMPORTADO EESS,18000.0,L,EST. SERV. CRISTO AUTO GAS SRL.,2201-IRF,Diesel Oil Importado,DIESEL_IMPORTADO,,,
2026-09-11,2026-09-11,True,False,Distrito Comercial La Paz,DIESEL OIL IMPORTADO EESS,24000.0,L,ESTACION DE SERVICIO ZOFRI S.R.L.,1397-CTU,Diesel Oil Importado,DIESEL_IMPORTADO,,,
2026-09-11,2026-09-11,True,False,Distrito Comercial La Paz,DIESEL OIL IMPORTADO EESS,24000.0,L,EST. SERV. 6 DE MARZO,101-GEK,Diesel Oil Importado,DIESEL_IMPORTADO,,,
2026-09-11,2026-09-11,True,False,Distrito Comercial La Paz,DIESEL OIL IMPORTADO EESS,24000.0,L,EST. SERV. LUBRICAN SRL,667-TPB,Diesel Oil Importado,DIESEL_IMPORTADO,,,
2026-09-11,2026-09-11,True,False,Distrito Comercial La Paz,DIESEL OIL IMPORTADO EESS,24000.0,L,EST. SERV. QHANTATI SRL.,815-XSR,Diesel Oil Importado,DIESEL_IMPORTADO,,,
2026-09-11,2026-09-11,True,False,Distrito Comercial La Paz,DIESEL OIL IMPORTADO EESS,24000.0,L,ESTACIÓN DE SERVICIO ALIMARC INTER GAS BOLIVIA S.R.L.,547-CKT,Diesel Oil Importado,DIESEL_IMPORTADO,,,
2026-09-11,2026-09-11,True,False,Distrito Comercial La Paz,DIESEL OIL IMPORTADO EESS,12000.0,L,EST. SERV. TEXAS S.R.L.,1008-UIC,Diesel Oil Importado,DIESEL_IMPORTADO,,,
2026-09-11,2026-09-11,True,False,Distrito Comercial La Paz,DIESEL OIL IMPORTADO EESS,35000.0,L,ESTACION DE SERVICIO SAN SEBASTIAN S.R.L.,2537-TEG,Diesel Oil Importado,DIESEL_IMPORTADO,,,
2026-09-11,2026-09-11,True,False,Distrito Comercial La Paz,DIESEL OIL NACIONAL EESS,20000.0,L,MARIO ALVAREZ M. EST. SERV. ALVAPETROL,2308-SGE,Diesel Oil Nacional,DIESEL_NACIONAL,,,
2026-09-11,2026-09-11,True,False,Distrito Comercial La Paz,DIESEL OIL IMPORTADO EESS,13000.0,L,ESTACION DE SERVICIO SAN SEBASTIAN S.R.L.,2537-TEG,Diesel Oil Importado,DIESEL_IMPORTADO,,,
2026-09-11,2026-09-11,True,False,Distrito Comercial La Paz,DIESEL OIL IMPORTADO EESS,20000.0,L,EST. SERV. LOS ANDES SRL,5632-ZYE,Diesel Oil Importado,DIESEL_IMPORTADO,,,
2026-09-11,2026-09-11,True,False,Distrito Comercial La Paz,DIESEL OIL IMPORTADO EESS,12000.0,L,GREGORIO CUENTAS M. EST. SERV. DRAGON DE ORO,500-FYX,Diesel Oil Importado,DIESEL_IMPORTADO,,,
2026-09-11,2026-09-11,True,False,Distrito Comercial La Paz,DIESEL OIL IMPORTADO EESS,20000.0,L,EST. SERV. CUENTAS SAN PABLO II S.R.L.,1189-EHP,Diesel Oil Importado,DIESEL_IMPORTADO,,,
2026-09-11,2026-09-11,True,False,Distrito Comercial La Paz,DIESEL OIL NACIONAL EESS,12000.0,L,EST. SERV. BATALLAS S.R.L. ESBA S.R.L.,629-DXB,Diesel Oil Nacional,DIESEL_NACIONAL,,,
2026-09-11,2026-09-11,True,False,Distrito Comercial La Paz,DIESEL OIL IMPORTADO EESS,12000.0,L,DISTRIBUIDORA DE GASOLINA Y LUBRICANTES SAN PABLO S.R.L.,632-RIB,Diesel Oil Importado,DIESEL_IMPORTADO,,,
2026-09-11,2026-09-11,True,False,Distrito Comercial La Paz,GASOLINA ESPECIAL + (S/DSI),20000.0,L,EST. SERV. INTEROCEANICO,1444-FDT,Gasolina Especial +,GASOLINA_ESPECIAL_MAS,,,
2026-09-11,2026-09-10,True,True,Distrito Comercial La Paz,DIESEL OIL IMPORTADO CF,19900.0,L,THERRAFUENTE EMPRESA MINERA,4676-SSP,Diesel Oil Importado,DIESEL_IMPORTADO,,,
2026-09-11,2026-09-11,True,False,Distrito Comercial La Paz,GASOLINA ESPECIAL + EESS,22000.0,L,ESTACION DE SERVICIO ISSUCADELA S.R.L,396-SGP,Gasolina Especial +,GASOLINA_ESPECIAL_MAS,,,
2026-09-11,2026-09-11,True,False,Distrito Comercial La Paz,GASOLINA ESPECIAL + (S/DSI),24000.0,L,ESTACION DE SERVICIO KANTUTA S.R.L.,557-XEF,Gasolina Especial +,GASOLINA_ESPECIAL_MAS,,,
2026-09-11,2026-09-11,True,False,Distrito Comercial La Paz,GASOLINA ESPECIAL + (S/DSI),24000.0,L,EST. SERV. VOLCAN S.R.L.,3104-KDS,Gasolina Especial +,GASOLINA_ESPECIAL_MAS,,,
2026-09-11,2026-09-11,True,False,Distrito Comercial La Paz,GASOLINA ESPECIAL + (S/DSI),12000.0,L,ESTACIÓN DE SERVICIO ALIMARC INTER GAS BOLIVIA S.R.L.,547-CKT,Gasolina Especial +,GASOLINA_ESPECIAL_MAS,,,
2026-09-11,2026-09-10,True,True,Distrito Comercial La Paz,DIESEL OIL IMPORTADO CF,18000.0,L,EMPRESA MINERA GOLDEN PEARLS S.R.L.,641-HGL,Diesel Oil Importado,DIESEL_IMPORTADO,,,
2026-09-11,2026-09-11,True,False,Distrito Comercial La Paz,GASOLINA ESPECIAL + (S/DSI),24000.0,L,ESTACION DE SERVICIO KORY INTI S.R.L.,3879-BHE,Gasolina Especial +,GASOLINA_ESPECIAL_MAS,,,
2026-09-11,2026-09-11,True,False,Distrito Comercial La Paz,GASOLINA ESPECIAL + (S/DSI),24000.0,L,GRUPO EMPRESARIAL VIRGEN DE LOS ALAMOS S.R.L.,4831-ETU,Gasolina Especial +,GASOLINA_ESPECIAL_MAS,,,
2026-09-11,2026-09-11,True,False,Distrito Comercial La Paz,GASOLINA ESPECIAL + (S/DSI),12000.0,L,ESTACION DE SERVICIO CHALLAPAMPA S.R.L.,323-KEP,Gasolina Especial +,GASOLINA_ESPECIAL_MAS,,,
2026-09-11,2026-09-11,True,False,Distrito Comercial La Paz,GASOLINA ESPECIAL + (S/DSI),24000.0,L,EST. SERV. SOC. IND. COM. G.L.P.H. LTDA,671-SUX,Gasolina Especial +,GASOLINA_ESPECIAL_MAS,,,
2026-09-11,2026-09-11,True,False,Distrito Comercial La Paz,GASOLINA ESPECIAL + (S/DSI),18000.0,L,ZURSIL S.R.L. - E.S.T.,1604-NBE,Gasolina Especial +,GASOLINA_ESPECIAL_MAS,,,
2026-09-11,2026-09-11,True,False,Distrito Comercial La Paz,GASOLINA ESPECIAL + (S/DSI),20000.0,L,EST. SERV. TEXAS S.R.L.,1008-UIC,Gasolina Especial +,GASOLINA_ESPECIAL_MAS,,,
2026-09-11,2026-09-11,True,False,Distrito Comercial La Paz,GASOLINA ESPECIAL + (S/DSI),18000.0,L,EST. SERV. CANDELARIA,1062-UXD,Gasolina Especial +,GASOLINA_ESPECIAL_MAS,,,
2026-09-11,2026-09-11,True,False,Distrito Comercial La Paz,GASOLINA ESPECIAL + (S/DSI),24000.0,L,EST. SERV. PLAYA VERDE,1157-UUL,Gasolina Especial +,GASOLINA_ESPECIAL_MAS,,,
2026-09-11,2026-09-11,True,False,Distrito Comercial La Paz,GASOLINA ESPECIAL + (S/DSI),12000.0,L,EST. SERV. SURTIDORES UNITOURS LTDA.,3091-NHK,Gasolina Especial +,GASOLINA_ESPECIAL_MAS,,,
2026-09-11,2026-09-11,True,False,Distrito Comercial La Paz,GASOLINA ESPECIAL + (S/DSI),24000.0,L,DISTRIBUIDORA DE GASOLINA Y LUBRICANTES SAN PABLO S.R.L.,632-RIB,Gasolina Especial +,GASOLINA_ESPECIAL_MAS,,,
2026-09-11,2026-09-11,True,False,Distrito Comercial La Paz,GASOLINA ESPECIAL + (S/DSI),24000.0,L,ELDA S. AGUILAR V. - EST. SERV. JUAN PABLO II,4457-NRI,Gasolina Especial +,GASOLINA_ESPECIAL_MAS,,,
2026-09-11,2026-09-11,True,False,Distrito Comercial La Paz,GASOLINA ESPECIAL + (S/DSI),20000.0,L,ESTACION DE SERVICIO SEÑOR DE MAYO S.R.L.,1853-KTP,Gasolina Especial +,GASOLINA_ESPECIAL_MAS,,,
2026-09-11,2026-09-11,True,False,Distrito Comercial La Paz,GASOLINA ESPECIAL + (S/DSI),24000.0,L,EST. SERV. CUENTAS SAN PABLO II S.R.L.,2097-PCX,Gasolina Especial +,GASOLINA_ESPECIAL_MAS,,,
2026-09-11,2026-09-11,True,False,Distrito Comercial La Paz,GASOLINA ESPECIAL + (S/DSI),20000.0,L,ESTACION DE SERVICIO TEJADA TRIANGULAR,1776-DNN,Gasolina Especial +,GASOLINA_ESPECIAL_MAS,,,
2026-09-11,2026-09-11,True,False,Distrito Comercial La Paz,GASOLINA ESPECIAL + (S/DSI),20000.0,L,EST. SERV. SAN PABLO VILLA BOLIVAR S.R.L.,496-HSR,Gasolina Especial +,GASOLINA_ESPECIAL_MAS,,,
2026-09-11,2026-09-11,True,False,Distrito Comercial La Paz,GASOLINA ESPECIAL + (S/DSI),24000.0,L,EST. SERV. QHANTATI SRL.,1326-NDS,Gasolina Especial +,GASOLINA_ESPECIAL_MAS,,,
2026-09-11,2026-09-11,True,False,Distrito Comercial La Paz,GASOLINA ESPECIAL + (S/DSI),24000.0,L,EST. SERV. CRISTO AUTO GAS SRL.,2201-IRF,Gasolina Especial +,GASOLINA_ESPECIAL_MAS,,,
2026-09-11,2026-09-11,True,False,Distrito Comercial La Paz,GASOLINA ESPECIAL + (S/DSI),24000.0,L,EST. SERV. LUBRICAN SRL,2714-SNP,Gasolina Especial +,GASOLINA_ESPECIAL_MAS,,,
2026-09-11,2026-09-11,True,False,Distrito Comercial La Paz,GASOLINA ESPECIAL + (S/DSI),17500.0,L,ESTACION DE SERVICIO SAN SEBASTIAN S.R.L.,2537-TEG,Gasolina Especial +,GASOLINA_ESPECIAL_MAS,,,
2026-09-11,2026-09-11,True,False,Distrito Comercial La Paz,GASOLINA ESPECIAL + (S/DSI),20000.0,L,ESTACION DE SERVICIO CALUYO S.R.L.,2315-AFR,Gasolina Especial +,GASOLINA_ESPECIAL_MAS,,,
2026-09-11,2026-09-11,True,False,Distrito Comercial La Paz,GASOLINA ESPECIAL + (S/DSI),18000.0,L,EST. SERV. LAREDO SRL,1600-HIP,Gasolina Especial +,GASOLINA_ESPECIAL_MAS,,,
2026-09-11,2026-09-11,True,False,Distrito Comercial La Paz,GASOLINA ESPECIAL + (S/DSI),24000.0,L,EST. SERV. M&G CAMINO REAL,2801-XUD,Gasolina Especial +,GASOLINA_ESPECIAL_MAS,,,
2026-09-11,2026-09-10,True,True,Distrito Comercial La Paz,DIESEL OIL IMPORTADO CF,19800.0,L,COOPERATIVA MINERA AURIFERA MACHACAMARCA R.L.,564-CUS,Diesel Oil Importado,DIESEL_IMPORTADO,,,
2026-09-11,2026-09-10,True,True,Distrito Comercial La Paz,DIESEL OIL IMPORTADO CF,19900.0,L,COOPERATIVA MINERA AURIFERA ÑECOS YANALOMA R.L.,3127-HGD,Diesel Oil Importado,DIESEL_IMPORTADO,,,
2026-09-11,2026-09-11,True,False,Distrito Comercial La Paz,GASOLINA ESPECIAL + (S/DSI),24000.0,L,EST. SERV. EL PARAISO SRL.,3831-BFB,Gasolina Especial +,GASOLINA_ESPECIAL_MAS,,,
2026-09-11,2026-09-11,True,False,Distrito Comercial La Paz,GASOLINA ESPECIAL + (S/DSI),20000.0,L,EST. SERV. PEREZ ROCHA SRL.,323-KFT,Gasolina Especial +,GASOLINA_ESPECIAL_MAS,,,
2026-09-11,2026-09-11,True,False,Distrito Comercial La Paz,GASOLINA ESPECIAL + (S/DSI),20000.0,L,EST. SERV. ILLIMANI S.R.L.,564-CNY,Gasolina Especial +,GASOLINA_ESPECIAL_MAS,,,
2026-09-11,2026-09-11,True,False,Distrito Comercial La Paz,GASOLINA ESPECIAL + (S/DSI),18000.0,L,ESTACION DE SERVICIO C. REDENTOR S.R.L.,306-ERY,Gasolina Especial +,GASOLINA_ESPECIAL_MAS,,,
2026-09-11,2026-09-10,True,True,Distrito Comercial La Paz,DIESEL OIL IMPORTADO CF,19000.0,L,COOPERATIVA MINERA AURIFERA CHULLUMPINI R.L.,3437-PEB,Diesel Oil Importado,DIESEL_IMPORTADO,,,
2026-09-11,2026-09-11,True,False,Distrito Comercial La Paz,GASOLINA ESPECIAL + (S/DSI),24000.0,L,EST. SERV. CHASQUIPAMPA S.R.L.,3030-TPF,Gasolina Especial +,GASOLINA_ESPECIAL_MAS,,,
2026-09-11,2026-09-10,True,True,Distrito Comercial La Paz,DIESEL OIL NACIONAL EESS,22000.0,L,ESTACION DE SERVICIO TIAHUANACU S.R.L.,816-GIL,Diesel Oil Nacional,DIESEL_NACIONAL,,,
2026-09-11,2026-09-10,True,True,Distrito Comercial La Paz,DIESEL OIL IMPORTADO EESS,12000.0,L,EST. SERV. JAIMES FREYRE,328-LNP,Diesel Oil Importado,DIESEL_IMPORTADO,,,
2026-09-11,2026-09-10,True,True,Distrito Comercial La Paz,DIESEL OIL NACIONAL EESS,22000.0,L,EST. SERV. BALLIVIAN SANTA BARBARA,227-DDK,Diesel Oil Nacional,DIESEL_NACIONAL,,,
2026-09-11,2026-09-10,True,True,Distrito Comercial La Paz,GASOLINA ESPECIAL + (S/DSI),24000.0,L,EST. SERV. BASSAM LTDA,5197-SFT,Gasolina Especial +,GASOLINA_ESPECIAL_MAS,,,
2026-09-11,2026-09-09,True,True,Distrito Comercial La Paz,DIESEL OIL NACIONAL EESS,22000.0,L,ESTACION DE SERVICIO GERENCIA AYMARA S.R.L.,542-ELE,Diesel Oil Nacional,DIESEL_NACIONAL,,,
2026-09-11,2026-09-09,True,True,Distrito Comercial La Paz,DIESEL OIL IMPORTADO EESS,12000.0,L,EST. SERV. TEXAS S.R.L.,1008-UIC,Diesel Oil Importado,DIESEL_IMPORTADO,,,
2026-09-11,2026-09-11,True,False,Distrito Comercial La Paz,GASOLINA ESPECIAL + EESS,22000.0,L,MARIO ALVAREZ M. EST. SERV. ALVAPETROL,858-PSI,Gasolina Especial +,GASOLINA_ESPECIAL_MAS,,,
2026-09-11,2026-09-11,True,False,Distrito Comercial La Paz,DIESEL OIL IMPORTADO EESS,24000.0,L,ESTACION DE SERVICIO CALUYO S.R.L.,2315-AFR,Diesel Oil Importado,DIESEL_IMPORTADO,,,
2026-09-11,2026-09-11,True,False,Distrito Comercial La Paz,DIESEL OIL NACIONAL EESS,22000.0,L,ESTACION DE SERVICIO TOLAR S.R.L.,1148-NIX 1,Diesel Oil Nacional,DIESEL_NACIONAL,,,
2026-09-11,2026-09-11,True,False,Distrito Comercial La Paz,DIESEL OIL IMPORTADO EESS,12000.0,L,EST. SERV. CHALY,2514-AZU,Diesel Oil Importado,DIESEL_IMPORTADO,,,
2026-09-11,2026-09-11,True,False,Distrito Comercial La Paz,DIESEL OIL IMPORTADO EESS,20000.0,L,EST. SERV. INTEROCEANICO,6666-GAP,Diesel Oil Importado,DIESEL_IMPORTADO,,,
2026-09-11,2026-09-11,True,False,Distrito Comercial La Paz,DIESEL OIL IMPORTADO EESS,20000.0,L,ESTACION DE SERVICIO SEÑOR DE MAYO S.R.L.,551-HEL,Diesel Oil Importado,DIESEL_IMPORTADO,,,
2026-09-11,2026-09-11,True,False,Distrito Comercial La Paz,DIESEL OIL IMPORTADO EESS,24000.0,L,EST. SERV. PLAYA VERDE,1089-ZGC 1,Diesel Oil Importado,DIESEL_IMPORTADO,,,
2026-09-11,2026-09-11,True,False,Distrito Comercial La Paz,DIESEL OIL IMPORTADO EESS,20000.0,L,MARIA PATZI-EST. SERV. VARELA,2352-NHH,Diesel Oil Importado,DIESEL_IMPORTADO,,,
2026-09-11,2026-09-11,True,False,Distrito Comercial La Paz,GASOLINA ESPECIAL + (S/DSI),18000.0,L,ELSA CHIPANA H. - EST. SERV. ECOPETROL,4563-ZEN 1,Gasolina Especial +,GASOLINA_ESPECIAL_MAS,,,
2026-09-11,2026-09-11,True,False,Distrito Comercial La Paz,GASOLINA ESPECIAL + EESS,22000.0,L,EST. SERV. BATALLAS S.R.L. ESBA S.R.L.,629-DXB,Gasolina Especial +,GASOLINA_ESPECIAL_MAS,,,
2026-09-11,2026-09-11,True,False,Distrito Comercial La Paz,GASOLINA ESPECIAL + (S/DSI),20000.0,L,EST. SERV. YUPANQUI,3480-LTK,Gasolina Especial +,GASOLINA_ESPECIAL_MAS,,,
2026-09-11,2026-09-11,True,False,Distrito Comercial La Paz,GASOLINA ESPECIAL + (S/DSI),24000.0,L,ESTACION DE SERVICIO LOZA - MARCELINA AGUIRRE VDA. DE LOZA,581-YGU,Gasolina Especial +,GASOLINA_ESPECIAL_MAS,,,
2026-09-11,2026-09-11,True,False,Distrito Comercial La Paz,GASOLINA ESPECIAL + (S/DSI),24000.0,L,GREGORIO CUENTAS M. EST. SERV. DRAGON DE ORO,500-FYX,Gasolina Especial +,GASOLINA_ESPECIAL_MAS,,,
2026-09-11,2026-09-11,True,False,Distrito Comercial La Paz,GLP DISTRIB. 10 KILOS NAL,6630.0,L,DIST. GLP. PROGAS S.R.L.,303-CTB,GLP,GLP,,,
2026-09-11,2026-09-10,True,True,Distrito Comercial La Paz,GASOLINA ESPECIAL + (S/DSI),24000.0,L,EST. SERV. MOTORECO SRL.,1340-SPB,Gasolina Especial +,GASOLINA_ESPECIAL_MAS,,,
2026-09-11,2026-09-11,True,False,Distrito Comercial La Paz,GLP DISTRIB. 10 KILOS NAL,9000.0,L,DIST. GLP. PEREZ,1226-BKA,GLP,GLP,,,
2026-09-11,2026-09-11,True,False,Distrito Comercial La Paz,GLP DISTRIB. 10 KILOS NAL,5400.0,L,DIST. GLP. LA CALZADA-SUD YUNGAS,1628-ADH,GLP,GLP,,,
2026-09-11,2026-09-11,True,False,Distrito Comercial La Paz,GLP DISTRIB. 10 KILOS NAL,2040.0,L,DIST. GLP. VIAGAS,162-ZAS,GLP,GLP,,,
2026-09-11,2026-09-11,True,False,Distrito Comercial La Paz,GLP DISTRIB. 10 KILOS NAL,4440.0,L,DIST. GLP. VIAGAS,162-ZAS,GLP,GLP,,,
2026-09-11,2026-09-11,True,False,Distrito Comercial La Paz,GLP DISTRIB. 10 KILOS NAL,6480.0,L,DIST. GLP. VIAGAS,162-ZAS,GLP,GLP,,,
2026-09-11,2026-09-11,True,False,Distrito Comercial La Paz,GLP DISTRIB. 10 KILOS NAL,2700.0,L,DIST. GLP. VIAGAS,1334-BSR,GLP,GLP,,,
2026-09-11,2026-09-11,True,False,Distrito Comercial La Paz,GLP DISTRIB. 10 KILOS NAL,6630.0,L,DIST. GLP. VIAGAS,302-TIF,GLP,GLP,,,
2026-09-11,2026-09-11,True,False,Distrito Comercial La Paz,GLP DISTRIB. 10 KILOS NAL,6210.0,L,DIST. GLP. VIAGAS,1255-KZB,GLP,GLP,,,
2026-09-11,2026-09-11,True,False,Distrito Comercial La Paz,GLP DISTRIB. 10 KILOS NAL,8840.0,L,DISTRIBUIDORA DE GAS LICUADO ALEJANDRA S.R.L.,2812-KYX,GLP,GLP,,,
2026-09-11,2026-09-11,True,False,Distrito Comercial La Paz,GLP DISTRIB. 10 KILOS NAL,5250.0,L,DIST. GLP HERMANAS DURAN AGUILAR - MARLENE F. DURAN AGUILAR,1335-SUB,GLP,GLP,,,
2026-09-11,2026-09-11,True,False,Distrito Comercial La Paz,GLP DISTRIB. 10 KILOS NAL,6750.0,L,ISABEL DURAN DE ITURRI - DIST. GLP DURA GAS,791-PKT,GLP,GLP,,,
2026-09-11,2026-09-11,True,False,Distrito Comercial La Paz,GLP DISTRIB. 10 KILOS NAL,3450.0,L,DIST. GLP. PROGAS S.R.L.,066-ASF,GLP,GLP,,,
2026-09-11,2026-09-11,True,False,Distrito Comercial La Paz,GLP DISTRIB. 10 KILOS NAL,6360.0,L,DIST. GLP. PROGAS S.R.L.,932-TGG,GLP,GLP,,,
2026-09-11,2026-09-11,True,False,Distrito Comercial La Paz,GLP DISTRIB. 10 KILOS NAL,5000.0,L,DIST. GLP. SOCIEDAD PETROLERA SANTA ELENA S.R.L. (SOPESE S.R.L.),065-KKN,GLP,GLP,,,
2026-09-11,2026-09-11,True,False,Distrito Comercial La Paz,GLP DISTRIB. 10 KILOS NAL,6210.0,L,DIST. GLP. SOCIEDAD PETROLERA SANTA ELENA S.R.L. (SOPESE S.R.L.),085-IKK,GLP,GLP,,,
2026-09-11,2026-09-11,True,False,Distrito Comercial La Paz,GLP DISTRIB. 10 KILOS NAL,7500.0,L,DIST. GLP ANGELES,1463-SKT,GLP,GLP,,,
2026-09-11,2026-09-11,True,False,Distrito Comercial La Paz,GLP DISTRIB. 10 KILOS NAL,6000.0,L,DIST. GLP. SOCIEDAD PETROLERA SANTA ELENA S.R.L. (SOPESE S.R.L.),414-BKB,GLP,GLP,,,
2026-09-11,2026-09-11,True,False,Distrito Comercial La Paz,GLP DISTRIB. 10 KILOS NAL,9000.0,L,ALEXSUS GAS S.R.L.,2725-RIY,GLP,GLP,,,
2026-09-11,2026-09-11,True,False,Distrito Comercial La Paz,GLP DISTRIB. 10 KILOS NAL,6750.0,L,DIST. GLP. SAMO S.A.,467-SRU,GLP,GLP,,,
2026-09-11,2026-09-11,True,False,Distrito Comercial La Paz,GLP DISTRIB. 10 KILOS NAL,6630.0,L,DIST. GLP. SAMO S.A.,480-CIT,GLP,GLP,,,
2026-09-11,2026-09-11,True,False,Distrito Comercial La Paz,GLP DISTRIB. 10 KILOS NAL,6900.0,L,DIST. GLP. SAMO S.A.,1311-BND,GLP,GLP,,,
2026-09-11,2026-09-11,True,False,Distrito Comercial La Paz,GLP DISTRIB. 10 KILOS NAL,7500.0,L,DIST. GLP SORATA PERLA ANDINA S.R.L.,3158-DDF,GLP,GLP,,,
2026-09-11,2026-09-11,True,False,Distrito Comercial La Paz,GLP DISTRIB. 10 KILOS NAL,6900.0,L,SAN JUDAS TADEO SOCIEDAD DE RESPONSABILIDAD LIMITADA,795-CZG,GLP,GLP,,,
2026-09-11,2026-09-11,True,False,Distrito Comercial La Paz,GLP DISTRIB. 10 KILOS NAL,6630.0,L,SAN JUDAS TADEO SOCIEDAD DE RESPONSABILIDAD LIMITADA,091-FDH,GLP,GLP,,,
2026-09-11,2026-09-11,True,False,Distrito Comercial La Paz,GLP DISTRIB. 10 KILOS NAL,9000.0,L,DIST. GLP FLOR DEL NORTE S.R.L.,2926-PEY,GLP,GLP,,,
2026-09-11,2026-09-11,True,False,Distrito Comercial La Paz,GLP DISTRIB. 10 KILOS NAL,3330.0,L,DIST. GLP. TRIPETROL S.R.L.,444-KPH,GLP,GLP,,,
2026-09-11,2026-09-11,True,False,Distrito Comercial La Paz,GLP DISTRIB. 10 KILOS NAL,6480.0,L,DIST. GLP. TRIPETROL S.R.L.,1049-GCX,GLP,GLP,,,
2026-09-11,2026-09-11,True,False,Distrito Comercial La Paz,GLP DISTRIB. 10 KILOS NAL,6210.0,L,DIST. GLP. ESMERALDA GAS SRL.,801-NIK,GLP,GLP,,,
2026-09-11,2026-09-11,True,False,Distrito Comercial La Paz,GLP DISTRIB. 10 KILOS NAL,6630.0,L,DIST. GLP. TRIPETROL S.R.L.,1412-PIT,GLP,GLP,,,
2026-09-11,2026-09-11,True,False,Distrito Comercial La Paz,GLP DISTRIB. 10 KILOS NAL,6900.0,L,DIST. GLP. ESMERALDA GAS SRL.,924-ZFP,GLP,GLP,,,
2026-09-11,2026-09-11,True,False,Distrito Comercial La Paz,GLP DISTRIB. 10 KILOS NAL,6630.0,L,GMGRECO GAS SOCIEDAD DE RESPONSABILIDAD LIMITADA,2060-RYK,GLP,GLP,,,
2026-09-11,2026-09-11,True,False,Distrito Comercial La Paz,GLP DISTRIB. 10 KILOS NAL,6750.0,L,A.A.V.V. GAS S.R.L.,078-SCG,GLP,GLP,,,
2026-09-11,2026-09-11,True,False,Distrito Comercial La Paz,GLP DISTRIB. 10 KILOS NAL,5940.0,L,GMGRECO GAS SOCIEDAD DE RESPONSABILIDAD LIMITADA,497-ILK,GLP,GLP,,,
2026-09-11,2026-09-11,True,False,Distrito Comercial La Paz,GLP DISTRIB. 10 KILOS NAL,2500.0,L,DIST. GLP. TRIPETROL S.R.L.,1207-DCI,GLP,GLP,,,
2026-09-11,2026-09-10,True,True,Distrito Comercial La Paz,GLP DISTRIB. 10 KILOS NAL,9000.0,L,DISTRIBUIDORA DE GLP SAN FRANCISCO -LUCIANO SILLO CONDORI S.R.L.,4024-SAH,GLP,GLP,,,
2026-09-11,2026-09-10,True,True,Distrito Comercial La Paz,GLP DISTRIB. 10 KILOS NAL,6600.0,L,GMGRECO GAS SOCIEDAD DE RESPONSABILIDAD LIMITADA,921-NLX,GLP,GLP,,,
2026-09-11,2026-09-11,True,False,Distrito Comercial La Paz,GLP DISTRIB. 10 KILOS NAL,8750.0,L,DIST. GLP. LA CALZADA-SUD YUNGAS,1340-USK,GLP,GLP,,,
2026-09-11,2026-09-11,True,False,Distrito Comercial La Paz,GLP DISTRIB. 10 KILOS NAL,2000.0,L,DIST. GLP. TRIPETROL S.R.L.,444-KPH,GLP,GLP,,,
2026-09-11,2026-09-11,True,False,Distrito Comercial La Paz,GLP DISTRIB. 10 KILOS NAL,9000.0,L,EMPRESA DISTRIBUIDORA DE GAS LICUADO GLP LOS NIETOS S.R.L,1835-LSG,GLP,GLP,,,
2026-09-11,2026-09-11,True,False,Distrito Comercial La Paz,GLP DISTRIB. 10 KILOS NAL,6090.0,L,DIST. GLP. SOCIEDAD PETROLERA SANTA ELENA S.R.L. (SOPESE S.R.L.),414-BKB,GLP,GLP,,,
2026-09-11,2026-09-11,True,False,Distrito Comercial La Paz,GLP DISTRIB. 10 KILOS NAL,8840.0,L,"DISTRIBUIDORA DE G.L.P. ""TIPUANI"" S.R.L.",1782-TUA,GLP,GLP,,,
2026-09-11,2026-09-11,True,False,Distrito Comercial La Paz,GLP DISTRIB. 10 KILOS NAL,5940.0,L,DIST. GLP. TRIPETROL S.R.L.,479-IPN,GLP,GLP,,,
2026-09-11,2026-09-11,True,False,Distrito Comercial La Paz,GLP DISTRIB. 10 KILOS NAL,3000.0,L,DIST. GLP. TRIPETROL S.R.L.,2164-KYX,GLP,GLP,,,
2026-09-11,2026-09-11,True,False,Distrito Comercial La Paz,GLP DISTRIB. 45 KILOS NAL,2250.0,L,A.A.V.V. GAS S.R.L.,4994-PHC,GLP,GLP,,,
2026-09-11,2026-09-10,True,True,Distrito Comercial La Paz,GLP DISTRIB. 10 KILOS NAL,7000.0,L,DIST. GLP ANGELES,2750-CBU,GLP,GLP,,,
2026-09-11,2026-09-10,True,True,Distrito Comercial La Paz,GLP DISTRIB. 10 KILOS NAL,9000.0,L,ALEXSUS GAS S.R.L.,2128-SLK,GLP,GLP,,,
2026-09-11,2026-09-10,True,True,Distrito Comercial La Paz,GLP DISTRIB. 10 KILOS NAL,6000.0,L,DIST. GLP. DISANDES S.R.L.,1814-GTY,GLP,GLP,,,
2026-09-11,2026-09-11,True,False,Distrito Comercial La Paz,GLP DISTRIB. 10 KILOS NAL,6630.0,L,ISABEL DURAN DE ITURRI - DIST. GLP DURA GAS,659-INT,GLP,GLP,,,
2026-09-11,2026-09-11,True,False,Distrito Comercial La Paz,GLP DISTRIB. 45 KILOS NAL,1800.0,L,DIST. GLP. PROGAS S.R.L.,4067-YRP,GLP,GLP,,,
2026-09-11,2026-09-11,True,False,Distrito Comercial La Paz,GLP DISTRIB. 10 KILOS NAL,5940.0,L,DIST. GLP. PROGAS S.R.L.,066-ASF,GLP,GLP,,,
2026-09-11,2026-09-11,True,False,Distrito Comercial La Paz,GLP DISTRIB. 10 KILOS NAL,3500.0,L,DIST. GLP ANGELES,986-UIL,GLP,GLP,,,
2026-09-11,2026-09-11,True,False,Distrito Comercial La Paz,GLP DISTRIB. 10 KILOS NAL,5060.0,L,DIST. GLP. SOCIEDAD PETROLERA SANTA ELENA S.R.L. (SOPESE S.R.L.),085-IKK,GLP,GLP,,,
2026-09-11,2026-09-11,True,False,Distrito Comercial La Paz,GLP DISTRIB. 45 KILOS NAL,4500.0,L,DIST. GLP. SAMO S.A.,1182-IYA,GLP,GLP,,,
2026-09-11,2026-09-11,True,False,Distrito Comercial La Paz,GLP DISTRIB. 45 KILOS NAL,1800.0,L,DIST. GLP. ESMERALDA GAS SRL.,2821-LXX,GLP,GLP,,,
2026-09-11,2026-09-11,True,False,Distrito Comercial La Paz,GLP DISTRIB. 10 KILOS NAL,6750.0,L,DIST. GLP. ESMERALDA GAS SRL.,2124-NIL,GLP,GLP,,,
2026-09-11,2026-09-11,True,False,Distrito Comercial La Paz,GLP DISTRIB. 10 KILOS NAL,5040.0,L,DIST. GLP. TRIPETROL S.R.L.,1049-GCX,GLP,GLP,,,
2026-09-11,2026-09-10,True,True,Distrito Comercial La Paz,GLP DISTRIB. 10 KILOS NAL,6630.0,L,DIST. GLP. VIAGAS,302-TIF,GLP,GLP,,,
2026-09-11,2026-09-10,True,True,Distrito Comercial La Paz,GLP DISTRIB. 10 KILOS NAL,6210.0,L,DIST. GLP. VIAGAS,162-ZAS,GLP,GLP,,,
2026-09-11,2026-09-10,True,True,Distrito Comercial La Paz,GLP DISTRIB. 10 KILOS NAL,1150.0,L,DIST. GLP. SOCIEDAD PETROLERA SANTA ELENA S.R.L. (SOPESE S.R.L.),085-IKK,GLP,GLP,,,
2026-09-11,2026-09-10,True,True,Distrito Comercial La Paz,GLP DISTRIB. 10 KILOS NAL,1440.0,L,DIST. GLP. TRIPETROL S.R.L.,1049-GCX,GLP,GLP,,,
2026-09-11,2026-09-10,True,True,Distrito Comercial La Paz,GLP DISTRIB. 10 KILOS NAL,4440.0,L,DIST. GLP. SAMO S.A.,480-CIT,GLP,GLP,,,
2026-09-11,2026-09-10,True,True,Distrito Comercial La Paz,GLP DISTRIB. 10 KILOS NAL,6630.0,L,GMGRECO GAS SOCIEDAD DE RESPONSABILIDAD LIMITADA,921-NLX,GLP,GLP,,,
2026-09-10,2026-09-10,True,False,Distrito Comercial La Paz,DIESEL OIL IMPORTADO GRACO,24000.0,L,COMPLEJO INDUSTRIAL DE MADERA - COMINMA,2168-GGG,Diesel Oil Importado,DIESEL_IMPORTADO,,,
2026-09-10,2026-09-10,True,False,Distrito Comercial La Paz,DIESEL OIL IMPORTADO CF,19000.0,L,COOPERATIVA MINERA AURIFERA TATA SANTIAGO R.L.,487-RSX,Diesel Oil Importado,DIESEL_IMPORTADO,,,
2026-09-10,2026-09-10,True,False,Distrito Comercial La Paz,DIESEL OIL IMPORTADO CF,19900.0,L,COOPERATIVA MINERA FLOR DE LARECAJA R.L.,5308-PTR,Diesel Oil Importado,DIESEL_IMPORTADO,,,
2026-09-10,2026-09-10,True,False,Distrito Comercial La Paz,DIESEL OIL IMPORTADO CF,19900.0,L,COOPERATIVA MINERA AURIFERA SANIVARA R.L.,4679-LFC,Diesel Oil Importado,DIESEL_IMPORTADO,,,
2026-09-10,2026-09-10,True,False,Distrito Comercial La Paz,DIESEL OIL IMPORTADO GRACO,24000.0,L,COOPERATIVA MINERA SORATA R.L.,663-XNL 1,Diesel Oil Importado,DIESEL_IMPORTADO,,,
2026-09-10,2026-09-10,True,False,Distrito Comercial La Paz,DIESEL OIL IMPORTADO CF,19900.0,L,"COOPERATIVA MINERA ""ANGEL DE MOCOPATA"" R.L.",1341-GKL,Diesel Oil Importado,DIESEL_IMPORTADO,,,
2026-09-10,2026-09-10,True,False,Distrito Comercial La Paz,DIESEL OIL IMPORTADO CF,19900.0,L,COOPERATIVA MINERA AURIFERA COPACABANA UNION LOS AMIGOS R.L.,1820-FAL,Diesel Oil Importado,DIESEL_IMPORTADO,,,
2026-09-10,2026-09-10,True,False,Distrito Comercial La Paz,DIESEL OIL IMPORTADO CF,14000.0,L,COOPERATIVA MINERA AURIFERA RAYO ROJO R.L.,440-BIU,Diesel Oil Importado,DIESEL_IMPORTADO,,,
2026-09-10,2026-09-10,True,False,Distrito Comercial La Paz,DIESEL OIL IMPORTADO CF,19900.0,L,COOPERATIVA MINERA AURIFERA 15 DE AGOSTO R.L.,793-KPU,Diesel Oil Importado,DIESEL_IMPORTADO,,,
2026-09-10,2026-09-10,True,False,Distrito Comercial La Paz,DIESEL OIL IMPORTADO EESS,24000.0,L,GAS SAN FELIPE S.R.L.,5602-HKS,Diesel Oil Importado,DIESEL_IMPORTADO,,,
2026-09-10,2026-09-10,True,False,Distrito Comercial La Paz,DIESEL OIL NACIONAL EESS,22000.0,L,EST. SERV. V. COPACABANA - PEDRO IRIARTE M.,300-YKU,Diesel Oil Nacional,DIESEL_NACIONAL,,,
2026-09-10,2026-09-10,True,False,Distrito Comercial La Paz,DIESEL OIL IMPORTADO EESS,24000.0,L,ESTACION DE SERVICIO LOS ROSALES,2345-IYN,Diesel Oil Importado,DIESEL_IMPORTADO,,,
2026-09-10,2026-09-10,True,False,Distrito Comercial La Paz,DIESEL OIL NACIONAL EESS,22000.0,L,ESTACIÓN DE SERVICIO ESCOMA S.R.L.,563-DDH,Diesel Oil Nacional,DIESEL_NACIONAL,,,
2026-09-10,2026-09-10,True,False,Distrito Comercial La Paz,DIESEL OIL IMPORTADO EESS,22000.0,L,EFRAIN LOPEZ LUCANA,689-PAR,Diesel Oil Importado,DIESEL_IMPORTADO,,,
2026-09-10,2026-09-10,True,False,Distrito Comercial La Paz,GASOLINA ESPECIAL EESS,22000.0,L,EST. SERV. CARBURANTES SAN MIGUEL,3031-TBX,Gasolina Especial,GASOLINA_ESPECIAL,,,
2026-09-10,2026-09-10,True,False,Distrito Comercial La Paz,DIESEL OIL NACIONAL EESS,22000.0,L,ESTACION DE SERVICIO SAYHOGAS S.R.L.,1390-XRS,Diesel Oil Nacional,DIESEL_NACIONAL,,,
2026-09-10,2026-09-10,True,False,Distrito Comercial La Paz,GASOLINA ESPECIAL + EESS,24000.0,L,EST. SERV. GASOLCAMP S.R.L.,1819-AZC,Gasolina Especial +,GASOLINA_ESPECIAL_MAS,,,
2026-09-10,2026-09-10,True,False,Distrito Comercial La Paz,DIESEL OIL NACIONAL EESS,24000.0,L,EST. SERV. GASOLCAMP S.R.L.,563-HTK,Diesel Oil Nacional,DIESEL_NACIONAL,,,
2026-09-10,2026-09-10,True,False,Distrito Comercial La Paz,DIESEL OIL IMPORTADO EESS,24000.0,L,CHOROPAMPA S.R.L.,453-RNL,Diesel Oil Importado,DIESEL_IMPORTADO,,,
2026-09-10,2026-09-10,True,False,Distrito Comercial La Paz,GASOLINA ESPECIAL + (S/DSI),12000.0,L,EST. SERV. ACB SAN JORGE,1853-KTP,Gasolina Especial +,GASOLINA_ESPECIAL_MAS,,,
2026-09-10,2026-09-10,True,False,Distrito Comercial La Paz,GASOLINA ESPECIAL + (S/DSI),24000.0,L,EST. SERV. ACB CALACOTO,839-EUS,Gasolina Especial +,GASOLINA_ESPECIAL_MAS,,,
2026-09-10,2026-09-10,True,False,Distrito Comercial La Paz,GASOLINA ESPECIAL + (S/DSI),18000.0,L,ESTACION DE SERVICIO ZOFRI S.R.L.,1106-PCH,Gasolina Especial +,GASOLINA_ESPECIAL_MAS,,,
2026-09-10,2026-09-10,True,False,Distrito Comercial La Paz,DIESEL OIL IMPORTADO EESS,12000.0,L,EST. SERV. VOLCAN S.R.L.,2484-PUD,Diesel Oil Importado,DIESEL_IMPORTADO,,,
2026-09-10,2026-09-10,True,False,Distrito Comercial La Paz,DIESEL OIL IMPORTADO EESS,18000.0,L,EST. SERV. GALAXIA S.R.L.,1397-CTU,Diesel Oil Importado,DIESEL_IMPORTADO,,,
2026-09-10,2026-09-10,True,False,Distrito Comercial La Paz,DIESEL OIL NACIONAL EESS,22000.0,L,EST. SERV. FLOR DE CAÑA S.R.L.,2027-AHS,Diesel Oil Nacional,DIESEL_NACIONAL,,,
2026-09-10,2026-09-10,True,False,Distrito Comercial La Paz,GASOLINA ESPECIAL EESS,22000.0,L,GASOLINERA HUATAJATA S.R.L.,663-APT,Gasolina Especial,GASOLINA_ESPECIAL,,,
2026-09-10,2026-09-10,True,False,Distrito Comercial La Paz,GASOLINA ESPECIAL EESS,22000.0,L,ESTACION DE SERVICIO SURTIDOR TUMUPASA S.R.L.,3474-IEP,Gasolina Especial,GASOLINA_ESPECIAL,,,
2026-09-10,2026-09-10,True,False,Distrito Comercial La Paz,GASOLINA ESPECIAL EESS,22000.0,L,ESTACION DE SERVICIO COTA PATA S.R.L.,4244-CHC,Gasolina Especial,GASOLINA_ESPECIAL,,,
2026-09-10,2026-09-10,True,False,Distrito Comercial La Paz,DIESEL OIL IMPORTADO EESS,24000.0,L,ESTACION DE SERVICIO C. REDENTOR S.R.L.,2551-RXA,Diesel Oil Importado,DIESEL_IMPORTADO,,,
2026-09-10,2026-09-10,True,False,Distrito Comercial La Paz,GASOLINA ESPECIAL + (S/DSI),24000.0,L,ESTACION DE SERVICIO JACHA INTI S.R.L.,1203-BED,Gasolina Especial +,GASOLINA_ESPECIAL_MAS,,,
2026-09-10,2026-09-10,True,False,Distrito Comercial La Paz,GASOLINA ESPECIAL + (S/DSI),12000.0,L,ESTACION DE SERVICIO KANTUTA S.R.L.,557-XEF,Gasolina Especial +,GASOLINA_ESPECIAL_MAS,,,
2026-09-10,2026-09-10,True,False,Distrito Comercial La Paz,DIESEL OIL IMPORTADO EESS,20000.0,L,EST. SERV. EMP. COM. HID. TUPAC KATARI S.R.L.,110-NBH,Diesel Oil Importado,DIESEL_IMPORTADO,,,
2026-09-10,2026-09-10,True,False,Distrito Comercial La Paz,DIESEL OIL NACIONAL EESS,22000.0,L,EST. SERV. NETANEL,2902-CAH,Diesel Oil Nacional,DIESEL_NACIONAL,,,
2026-09-10,2026-09-10,True,False,Distrito Comercial La Paz,GASOLINA ESPECIAL EESS,22000.0,L,ESTACION DE SERVICIO TEOPONTE S.R.L.,2160-RXK,Gasolina Especial,GASOLINA_ESPECIAL,,,
2026-09-10,2026-09-10,True,False,Distrito Comercial La Paz,GASOLINA ESPECIAL + (S/DSI),12000.0,L,ESTACION DE SERVICIO C. REDENTOR S.R.L.,306-ERY,Gasolina Especial +,GASOLINA_ESPECIAL_MAS,,,
2026-09-10,2026-09-10,True,False,Distrito Comercial La Paz,GASOLINA ESPECIAL + (S/DSI),20000.0,L,EST. SERV. GAS CENTRO S.R.L.,589-NAK,Gasolina Especial +,GASOLINA_ESPECIAL_MAS,,,
2026-09-10,2026-09-10,True,False,Distrito Comercial La Paz,GASOLINA ESPECIAL + (S/DSI),12000.0,L,EST. SERV. CHUSAMARCA,3879-BHE,Gasolina Especial +,GASOLINA_ESPECIAL_MAS,,,
2026-09-10,2026-09-10,True,False,Distrito Comercial La Paz,DIESEL OIL NACIONAL EESS,22000.0,L,CLEMENTINA FANNY MAMANI MORALES - EST. SERV. LAHUACHACA Y DISTRIBUCION DE GLP,1401-ICT,Diesel Oil Nacional,DIESEL_NACIONAL,,,
2026-09-10,2026-09-10,True,False,Distrito Comercial La Paz,DIESEL OIL IMPORTADO EESS,20000.0,L,EST. SERV. CHUSAMARCA,1340-SPB,Diesel Oil Importado,DIESEL_IMPORTADO,,,
2026-09-10,2026-09-10,True,False,Distrito Comercial La Paz,DIESEL OIL IMPORTADO EESS,13000.0,L,ESTACION DE SERVICIO SAN SEBASTIAN S.R.L.,704-BCY,Diesel Oil Importado,DIESEL_IMPORTADO,,,
2026-09-10,2026-09-10,True,False,Distrito Comercial La Paz,DIESEL OIL IMPORTADO EESS,20000.0,L,"EMPRESA COMERCIALIZADORA, DISTRIBUIDORA DE SERVICIOS Y CARBURANTES ARUZCA MORALES S.R.L.",1922-DPE,Diesel Oil Importado,DIESEL_IMPORTADO,,,
2026-09-10,2026-09-10,True,False,Distrito Comercial La Paz,GASOLINA ESPECIAL + (S/DSI),24000.0,L,EST. SERV. JAIMES FREYRE,1118-KLR,Gasolina Especial +,GASOLINA_ESPECIAL_MAS,,,
2026-09-10,2026-09-10,True,False,Distrito Comercial La Paz,DIESEL OIL NACIONAL EESS,20000.0,L,EST. SERV. ACHACACHI S.R.L.,542-PSF,Diesel Oil Nacional,DIESEL_NACIONAL,,,
2026-09-10,2026-09-10,True,False,Distrito Comercial La Paz,DIESEL OIL IMPORTADO EESS,24000.0,L,ESTACION DE SERVICIO FULL TANK S.R.L.,5352-EER,Diesel Oil Importado,DIESEL_IMPORTADO,,,
2026-09-10,2026-09-10,True,False,Distrito Comercial La Paz,GASOLINA ESPECIAL + (S/DSI),12000.0,L,EST. SERV. RACING GAS S.R.L.,564-CGD,Gasolina Especial +,GASOLINA_ESPECIAL_MAS,,,
2026-09-10,2026-09-10,True,False,Distrito Comercial La Paz,DIESEL OIL IMPORTADO EESS,24000.0,L,ELDA S. AGUILAR V. - EST. SERV. JUAN PABLO II,4457-NRI,Diesel Oil Importado,DIESEL_IMPORTADO,,,
2026-09-10,2026-09-10,True,False,Distrito Comercial La Paz,DIESEL OIL IMPORTADO EESS,12000.0,L,EST. SERV. BOLIVIA ZURSIL S.R.L.,801-ZLE,Diesel Oil Importado,DIESEL_IMPORTADO,,,
2026-09-10,2026-09-10,True,False,Distrito Comercial La Paz,GASOLINA ESPECIAL + (S/DSI),12000.0,L,EST. SERV. BOLIVIA ZURSIL S.R.L.,128-EPD,Gasolina Especial +,GASOLINA_ESPECIAL_MAS,,,
2026-09-10,2026-09-10,True,False,Distrito Comercial La Paz,DIESEL OIL IMPORTADO EESS,18000.0,L,ESTACIÓN DE SERVICIO LAS ROSAS S.R.L.,328-LNP,Diesel Oil Importado,DIESEL_IMPORTADO,,,
2026-09-10,2026-09-10,True,False,Distrito Comercial La Paz,DIESEL OIL IMPORTADO EESS,24000.0,L,EST. SERV. LAREDO SRL,1600-HIP,Diesel Oil Importado,DIESEL_IMPORTADO,,,
2026-09-10,2026-09-10,True,False,Distrito Comercial La Paz,GASOLINA ESPECIAL + (S/DSI),20000.0,L,EST. SERV. ALTO LIMA S.R.L.,1555-ULK,Gasolina Especial +,GASOLINA_ESPECIAL_MAS,,,
2026-09-10,2026-09-10,True,False,Distrito Comercial La Paz,GASOLINA ESPECIAL + (S/DSI),12000.0,L,EST. SERV. YUPANQUI,3480-LTK,Gasolina Especial +,GASOLINA_ESPECIAL_MAS,,,
2026-09-10,2026-09-10,True,False,Distrito Comercial La Paz,DIESEL OIL IMPORTADO EESS,24000.0,L,ELSA CHIPANA H. - EST. SERV. ECOPETROL,829-XPG,Diesel Oil Importado,DIESEL_IMPORTADO,,,
2026-09-10,2026-09-10,True,False,Distrito Comercial La Paz,GASOLINA ESPECIAL EESS,22000.0,L,EST. SERV. LOZA DE ORO,2114-FLB,Gasolina Especial,GASOLINA_ESPECIAL,,,
2026-09-10,2026-09-10,True,False,Distrito Comercial La Paz,DIESEL OIL IMPORTADO EESS,12000.0,L,ESTACION DE SERVICIO CHALLAPAMPA S.R.L.,294-CZD,Diesel Oil Importado,DIESEL_IMPORTADO,,,
2026-09-10,2026-09-10,True,False,Distrito Comercial La Paz,GASOLINA ESPECIAL + (S/DSI),24000.0,L,EST. SERV. CHASQUIPAMPA S.R.L.,3030-TPF,Gasolina Especial +,GASOLINA_ESPECIAL_MAS,,,
2026-09-10,2026-09-10,True,False,Distrito Comercial La Paz,DIESEL OIL NACIONAL EESS,22000.0,L,ESTACION DE SERVICIO GASOLINERA CRUCE DE ORO S.R.L.,1426-ETI,Diesel Oil Nacional,DIESEL_NACIONAL,,,
2026-09-10,2026-09-10,True,False,Distrito Comercial La Paz,GASOLINA ESPECIAL + (S/DSI),24000.0,L,EST. SERV. EMP. COM. HID. TUPAC KATARI S.R.L.,374-NHY,Gasolina Especial +,GASOLINA_ESPECIAL_MAS,,,
2026-09-10,2026-09-10,True,False,Distrito Comercial La Paz,DIESEL OIL IMPORTADO EESS,24000.0,L,ESTACION DE SERVICIOS NIMAGASBOL S.R.L.,5028-SLK,Diesel Oil Importado,DIESEL_IMPORTADO,,,
2026-09-10,2026-09-10,True,False,Distrito Comercial La Paz,GASOLINA ESPECIAL + (S/DSI),20000.0,L,ESTACION DE SERVICIO TERRAGAS LTDA,5361-TUF,Gasolina Especial +,GASOLINA_ESPECIAL_MAS,,,
2026-09-10,2026-09-10,True,False,Distrito Comercial La Paz,GASOLINA ESPECIAL + (S/DSI),24000.0,L,ESTACION DE SERVICIO LOZA - MARCELINA AGUIRRE VDA. DE LOZA,581-YGU,Gasolina Especial +,GASOLINA_ESPECIAL_MAS,,,
2026-09-10,2026-09-10,True,False,Distrito Comercial La Paz,GASOLINA ESPECIAL + (S/DSI),20000.0,L,EST. SERV. TEXAS S.R.L.,1444-FDT,Gasolina Especial +,GASOLINA_ESPECIAL_MAS,,,
2026-09-10,2026-09-10,True,False,Distrito Comercial La Paz,GASOLINA ESPECIAL + (S/DSI),12000.0,L,EST. SERV. GAS-MAY S.R.L.,1704-ESB,Gasolina Especial +,GASOLINA_ESPECIAL_MAS,,,
2026-09-10,2026-09-10,True,False,Distrito Comercial La Paz,GASOLINA ESPECIAL + (S/DSI),24000.0,L,EST. SERV. M&G CAMINO REAL,2801-XUD,Gasolina Especial +,GASOLINA_ESPECIAL_MAS,,,
2026-09-10,2026-09-10,True,False,Distrito Comercial La Paz,GASOLINA ESPECIAL + (S/DSI),24000.0,L,EST. SERV. VOLCAN S.R.L.,3104-KDS,Gasolina Especial +,GASOLINA_ESPECIAL_MAS,,,
2026-09-10,2026-09-10,True,False,Distrito Comercial La Paz,GASOLINA ESPECIAL + (S/DSI),24000.0,L,EST. SERV. CARSUR S.R.L.,561-YKH,Gasolina Especial +,GASOLINA_ESPECIAL_MAS,,,
2026-09-10,2026-09-10,True,False,Distrito Comercial La Paz,DIESEL OIL NACIONAL EESS,22000.0,L,EST. SERV. ADALUZ PETROL,2538BZG(1),Diesel Oil Nacional,DIESEL_NACIONAL,,,
2026-09-10,2026-09-10,True,False,Distrito Comercial La Paz,GASOLINA ESPECIAL + (S/DSI),24000.0,L,EST. SERV. EL PARAISO SRL.,3831-BFB,Gasolina Especial +,GASOLINA_ESPECIAL_MAS,,,
2026-09-10,2026-09-10,True,False,Distrito Comercial La Paz,DIESEL OIL IMPORTADO EESS,24000.0,L,EST. SERV. ILLIMANI S.R.L.,564-CNY,Diesel Oil Importado,DIESEL_IMPORTADO,,,
2026-09-10,2026-09-10,True,False,Distrito Comercial La Paz,GASOLINA ESPECIAL + (S/DSI),18000.0,L,EST. SERV. CANDELARIA,1062-UXD,Gasolina Especial +,GASOLINA_ESPECIAL_MAS,,,
2026-09-10,2026-09-10,True,False,Distrito Comercial La Paz,DIESEL OIL IMPORTADO EESS,24000.0,L,EST. SERV. CANDELARIA,1487-RYN,Diesel Oil Importado,DIESEL_IMPORTADO,,,
2026-09-10,2026-09-10,True,False,Distrito Comercial La Paz,GASOLINA ESPECIAL + (S/DSI),24000.0,L,EST. SERV. MARANATHA,2902-RYT,Gasolina Especial +,GASOLINA_ESPECIAL_MAS,,,
2026-09-10,2026-09-10,True,False,Distrito Comercial La Paz,GASOLINA ESPECIAL + (S/DSI),24000.0,L,EST. SERV. PLAYA VERDE,1157-UUL,Gasolina Especial +,GASOLINA_ESPECIAL_MAS,,,
2026-09-10,2026-09-10,True,False,Distrito Comercial La Paz,GASOLINA ESPECIAL + (S/DSI),24000.0,L,EST. SERV. QHANTATI SRL.,1326-NDS,Gasolina Especial +,GASOLINA_ESPECIAL_MAS,,,
2026-09-10,2026-09-10,True,False,Distrito Comercial La Paz,GASOLINA ESPECIAL + (S/DSI),20000.0,L,ESTACION DE SERVICIO SEÑOR DE MAYO S.R.L.,551-HEL,Gasolina Especial +,GASOLINA_ESPECIAL_MAS,,,
2026-09-10,2026-09-10,True,False,Distrito Comercial La Paz,DIESEL OIL IMPORTADO EESS,20000.0,L,ESTACION DE SERVICIO SEÑOR DE MAYO S.R.L.,551-HEL,Diesel Oil Importado,DIESEL_IMPORTADO,,,
2026-09-10,2026-09-10,True,False,Distrito Comercial La Paz,GASOLINA ESPECIAL + (S/DSI),18000.0,L,ESTACIÓN DE SERVICIO ALIMARC INTER GAS BOLIVIA S.R.L.,547-CKT,Gasolina Especial +,GASOLINA_ESPECIAL_MAS,,,
2026-09-10,2026-09-10,True,False,Distrito Comercial La Paz,GASOLINA ESPECIAL + (S/DSI),24000.0,L,EST. SERV. CHALY,3614-LTY,Gasolina Especial +,GASOLINA_ESPECIAL_MAS,,,
2026-09-10,2026-09-10,True,False,Distrito Comercial La Paz,GASOLINA ESPECIAL + (S/DSI),20000.0,L,EST. SERV. SAN PABLO VILLA BOLIVAR S.R.L.,496-HSR,Gasolina Especial +,GASOLINA_ESPECIAL_MAS,,,
2026-09-10,2026-09-10,True,False,Distrito Comercial La Paz,GASOLINA ESPECIAL + (S/DSI),18000.0,L,EST. SERV. LAREDO SRL,1600-HIP,Gasolina Especial +,GASOLINA_ESPECIAL_MAS,,,
2026-09-10,2026-09-10,True,False,Distrito Comercial La Paz,GASOLINA ESPECIAL + (S/DSI),24000.0,L,EST. SERV. LUBRICAN SRL,2714-SNP,Gasolina Especial +,GASOLINA_ESPECIAL_MAS,,,
2026-09-10,2026-09-10,True,False,Distrito Comercial La Paz,GASOLINA ESPECIAL + (S/DSI),24000.0,L,GAS SAN FELIPE S.R.L.,5602-HKS,Gasolina Especial +,GASOLINA_ESPECIAL_MAS,,,
2026-09-10,2026-09-10,True,False,Distrito Comercial La Paz,GASOLINA ESPECIAL + (S/DSI),12000.0,L,GRUPO EMPRESARIAL VIRGEN DE LOS ALAMOS S.R.L.,4831-ETU,Gasolina Especial +,GASOLINA_ESPECIAL_MAS,,,
2026-09-10,2026-09-10,True,False,Distrito Comercial La Paz,DIESEL OIL IMPORTADO EESS,24000.0,L,ESTACION DE SERVICIO ZOFRI S.R.L.,1106-PCH,Diesel Oil Importado,DIESEL_IMPORTADO,,,
2026-09-10,2026-09-10,True,False,Distrito Comercial La Paz,GASOLINA ESPECIAL + (S/DSI),24000.0,L,EST. SERV. SOC. IND. COM. G.L.P.H. LTDA,671-SUX,Gasolina Especial +,GASOLINA_ESPECIAL_MAS,,,
2026-09-10,2026-09-10,True,False,Distrito Comercial La Paz,DIESEL OIL IMPORTADO EESS,18000.0,L,EST. SERV. SOC. IND. COM. G.L.P.H. LTDA,671-SUX,Diesel Oil Importado,DIESEL_IMPORTADO,,,
2026-09-10,2026-09-10,True,False,Distrito Comercial La Paz,GASOLINA ESPECIAL + (S/DSI),20000.0,L,EST. SERV. CRISTO AUTO GAS SRL.,2201-IRF,Gasolina Especial +,GASOLINA_ESPECIAL_MAS,,,
2026-09-10,2026-09-10,True,False,Distrito Comercial La Paz,GASOLINA ESPECIAL + (S/DSI),18000.0,L,ESTACION DE SERVICIO SAN SEBASTIAN S.R.L.,704-BCY,Gasolina Especial +,GASOLINA_ESPECIAL_MAS,,,
2026-09-10,2026-09-10,True,False,Distrito Comercial La Paz,GASOLINA ESPECIAL + (S/DSI),24000.0,L,GRUPO EMPRESARIAL VIRGEN DE LOS ALAMOS S.R.L.,4831-ETU,Gasolina Especial +,GASOLINA_ESPECIAL_MAS,,,
2026-09-10,2026-09-10,True,False,Distrito Comercial La Paz,DIESEL OIL IMPORTADO EESS,12000.0,L,GREGORIO CUENTAS M. EST. SERV. DRAGON DE ORO,500-FYX,Diesel Oil Importado,DIESEL_IMPORTADO,,,
2026-09-10,2026-09-10,True,False,Distrito Comercial La Paz,GASOLINA ESPECIAL + (S/DSI),20000.0,L,ESTACION DE SERVICIO TEJADA TRIANGULAR,1776-DNN,Gasolina Especial +,GASOLINA_ESPECIAL_MAS,,,
2026-09-10,2026-09-10,True,False,Distrito Comercial La Paz,GASOLINA ESPECIAL + (S/DSI),24000.0,L,DISTRIBUIDORA DE GASOLINA Y LUBRICANTES SAN PABLO S.R.L.,632-RIB,Gasolina Especial +,GASOLINA_ESPECIAL_MAS,,,
2026-09-10,2026-09-10,True,False,Distrito Comercial La Paz,DIESEL OIL IMPORTADO EESS,12000.0,L,ESTACION DE SERVICIO TERRAGAS LTDA,5361-TUF,Diesel Oil Importado,DIESEL_IMPORTADO,,,
2026-09-10,2026-09-10,True,False,Distrito Comercial La Paz,GASOLINA ESPECIAL + (S/DSI),12000.0,L,EST. SERV. SIEMPRE A FULL MIRAFLORES S.R.L. (SAF),1502-ZDB,Gasolina Especial +,GASOLINA_ESPECIAL_MAS,,,
2026-09-10,2026-09-10,True,False,Distrito Comercial La Paz,DIESEL OIL IMPORTADO EESS,20000.0,L,EST. SERV. CUENTAS SAN PABLO II S.R.L.,1189-EHP,Diesel Oil Importado,DIESEL_IMPORTADO,,,
2026-09-10,2026-09-10,True,False,Distrito Comercial La Paz,DIESEL OIL IMPORTADO EESS,24000.0,L,EST. SERV. 6 DE MARZO,101-GEK,Diesel Oil Importado,DIESEL_IMPORTADO,,,
2026-09-10,2026-09-10,True,False,Distrito Comercial La Paz,DIESEL OIL IMPORTADO EESS,35000.0,L,ESTACION DE SERVICIO SAN SEBASTIAN S.R.L.,2537-TEG,Diesel Oil Importado,DIESEL_IMPORTADO,,,
2026-09-10,2026-09-10,True,False,Distrito Comercial La Paz,DIESEL OIL IMPORTADO EESS,12000.0,L,EST. SERV. SIEMPRE A FULL MIRAFLORES S.R.L. (SAF),1502-ZDB,Diesel Oil Importado,DIESEL_IMPORTADO,,,
2026-09-10,2026-09-10,True,False,Distrito Comercial La Paz,DIESEL OIL IMPORTADO EESS,12000.0,L,ESTACION DE SERVICIO TEJADA TRIANGULAR,1776-DNN,Diesel Oil Importado,DIESEL_IMPORTADO,,,
2026-09-10,2026-09-10,True,False,Distrito Comercial La Paz,DIESEL OIL IMPORTADO EESS,12000.0,L,DISTRIBUIDORA DE GASOLINA Y LUBRICANTES SAN PABLO S.R.L.,632-RIB,Diesel Oil Importado,DIESEL_IMPORTADO,,,
2026-09-10,2026-09-10,True,False,Distrito Comercial La Paz,DIESEL OIL IMPORTADO EESS,20000.0,L,EST. SERV. M&G CAMINO REAL,2801-XUD,Diesel Oil Importado,DIESEL_IMPORTADO,,,
2026-09-10,2026-09-10,True,False,Distrito Comercial La Paz,DIESEL OIL IMPORTADO EESS,14000.0,L,EST. SERV. LOS ANDES SRL,5632-ZYE,Diesel Oil Importado,DIESEL_IMPORTADO,,,
2026-09-10,2026-09-10,True,False,Distrito Comercial La Paz,DIESEL OIL IMPORTADO EESS,12000.0,L,EST. SERV. SALIDA LTDA,2701-TZH,Diesel Oil Importado,DIESEL_IMPORTADO,,,
2026-09-10,2026-09-10,True,False,Distrito Comercial La Paz,DIESEL OIL IMPORTADO EESS,20000.0,L,EST. SERV. SAN PABLO VILLA BOLIVAR S.R.L.,496-HSR,Diesel Oil Importado,DIESEL_IMPORTADO,,,
2026-09-10,2026-09-10,True,False,Distrito Comercial La Paz,DIESEL OIL IMPORTADO EESS,20000.0,L,ESTACION DE SERVICIO CALUYO S.R.L.,2315-AFR,Diesel Oil Importado,DIESEL_IMPORTADO,,,
2026-09-10,2026-09-10,True,False,Distrito Comercial La Paz,DIESEL OIL IMPORTADO EESS,24000.0,L,ESTACIÓN DE SERVICIO ALIMARC INTER GAS BOLIVIA S.R.L.,547-CKT,Diesel Oil Importado,DIESEL_IMPORTADO,,,
2026-09-10,2026-09-09,True,True,Distrito Comercial La Paz,DIESEL OIL IMPORTADO CF,19900.0,L,COOPERATIVA MINERA AURIFERA COTANI CHULLPAMARCA R.L.,4560-SXF,Diesel Oil Importado,DIESEL_IMPORTADO,,,
2026-09-10,2026-09-09,True,True,Distrito Comercial La Paz,GASOLINA ESPECIAL + EESS,24000.0,L,OFELIA PLATA P. - EST. SERV. DARTAÑAN,915-XPL,Gasolina Especial +,GASOLINA_ESPECIAL_MAS,,,
2026-09-10,2026-09-09,True,True,Distrito Comercial La Paz,GASOLINA ESPECIAL EESS,22000.0,L,ESTACION DE SERVICIO ESPIGA DE ORO S.R.L.,3867-HFA,Gasolina Especial,GASOLINA_ESPECIAL,,,
2026-09-10,2026-09-09,True,True,Distrito Comercial La Paz,GASOLINA ESPECIAL + (S/DSI),20000.0,L,ESTACIÓN DE SERVICIO LAS ROSAS S.R.L.,101-GEK,Gasolina Especial +,GASOLINA_ESPECIAL_MAS,,,
2026-09-10,2026-09-09,True,True,Distrito Comercial La Paz,GASOLINA ESPECIAL + (S/DSI),6000.0,L,INTEGRACION Y PROGRESO COMUNITARIO S.R.L.,3137-FBS,Gasolina Especial +,GASOLINA_ESPECIAL_MAS,,,
2026-09-10,2026-09-09,True,True,Distrito Comercial La Paz,DIESEL OIL IMPORTADO EESS,5000.0,L,INTEGRACION Y PROGRESO COMUNITARIO S.R.L.,3137-FBS,Diesel Oil Importado,DIESEL_IMPORTADO,,,
2026-09-10,2026-09-09,True,True,Distrito Comercial La Paz,GASOLINA ESPECIAL + (S/DSI),24000.0,L,EST. SERV. COSTANERA SRL.,551-NCI,Gasolina Especial +,GASOLINA_ESPECIAL_MAS,,,
2026-09-10,2026-09-10,True,False,Distrito Comercial La Paz,GLP DISTRIB. 10 KILOS NAL,6750.0,L,DIST. GLP. PROGAS S.R.L.,081-CEX,GLP,GLP,,,
2026-09-10,2026-09-09,True,True,Distrito Comercial La Paz,DIESEL OIL IMPORTADO EESS,24000.0,L,NEW PETROL BOLIVIA SUCURSAL 2,3437-LBK,Diesel Oil Importado,DIESEL_IMPORTADO,,,
2026-09-10,2026-09-09,True,True,Distrito Comercial La Paz,GASOLINA ESPECIAL EESS,24000.0,L,NEW PETROL BOLIVIA SUCURSAL 2,2308-SGE,Gasolina Especial,GASOLINA_ESPECIAL,,,
2026-09-10,2026-09-09,True,True,Distrito Comercial La Paz,DIESEL OIL NACIONAL EESS,22000.0,L,FREDY LIMACHI CHALLCO - EST. SERV. DON LEO,562-XPD,Diesel Oil Nacional,DIESEL_NACIONAL,,,
2026-09-10,2026-09-10,True,False,Distrito Comercial La Paz,GLP DISTRIB. 10 KILOS NAL,6750.0,L,A.A.V.V. GAS S.R.L.,129-BSR,GLP,GLP,,,
2026-09-10,2026-09-10,True,False,Distrito Comercial La Paz,GLP DISTRIB. 10 KILOS NAL,6630.0,L,SAN JUDAS TADEO SOCIEDAD DE RESPONSABILIDAD LIMITADA,091-FDH,GLP,GLP,,,
2026-09-10,2026-09-09,True,True,Distrito Comercial La Paz,GASOLINA ESPECIAL EESS,30000.0,L,ESTACION DE SERVICIO TIAHUANACU S.R.L.,156-BDF,Gasolina Especial,GASOLINA_ESPECIAL,,,
2026-09-10,2026-09-10,True,False,Distrito Comercial La Paz,GLP DISTRIB. 10 KILOS NAL,6630.0,L,DIST. GLP. TRIPETROL S.R.L.,444-KPH,GLP,GLP,,,
2026-09-10,2026-09-10,True,False,Distrito Comercial La Paz,GLP DISTRIB. 10 KILOS NAL,6750.0,L,DIST. GLP. SAMO S.A.,467-SRU,GLP,GLP,,,
2026-09-10,2026-09-10,True,False,Distrito Comercial La Paz,GLP DISTRIB. 10 KILOS NAL,5940.0,L,GMGRECO GAS SOCIEDAD DE RESPONSABILIDAD LIMITADA,497-ILK,GLP,GLP,,,
2026-09-10,2026-09-10,True,False,Distrito Comercial La Paz,GLP DISTRIB. 10 KILOS NAL,5970.0,L,DIST. GLP. ESMERALDA GAS SRL.,924-ZFP,GLP,GLP,,,
2026-09-10,2026-09-10,True,False,Distrito Comercial La Paz,GLP DISTRIB. 10 KILOS NAL,6210.0,L,DIST. GLP. ESMERALDA GAS SRL.,801-NIK,GLP,GLP,,,
2026-09-10,2026-09-10,True,False,Distrito Comercial La Paz,GLP DISTRIB. 10 KILOS NAL,5000.0,L,GENARA CAPIA DE FERNANDEZ - DIST. GLP SEVERO FERNANDEZ CH.,1803-RES,GLP,GLP,,,
2026-09-10,2026-09-10,True,False,Distrito Comercial La Paz,GLP DISTRIB. 10 KILOS NAL,6630.0,L,ISABEL DURAN DE ITURRI - DIST. GLP DURA GAS,659-INT,GLP,GLP,,,
2026-09-10,2026-09-10,True,False,Distrito Comercial La Paz,GLP DISTRIB. 10 KILOS NAL,6750.0,L,ISABEL DURAN DE ITURRI - DIST. GLP DURA GAS,791-PKT,GLP,GLP,,,
2026-09-10,2026-09-09,True,True,Distrito Comercial La Paz,GASOLINA ESPECIAL + (S/DSI),24000.0,L,EST. SERV. BASSAM LTDA,5197-SFT,Gasolina Especial +,GASOLINA_ESPECIAL_MAS,,,
2026-09-10,2026-09-09,True,True,Distrito Comercial La Paz,DIESEL OIL NACIONAL EESS,22000.0,L,SANTA ROSA PERLA DEL BENI S.R.L.,2281-IEP,Diesel Oil Nacional,DIESEL_NACIONAL,,,
2026-09-10,2026-09-09,True,True,Distrito Comercial La Paz,GASOLINA ESPECIAL + (S/DSI),18000.0,L,EST. SERV. LOS ANDES SRL,5632-ZYE,Gasolina Especial +,GASOLINA_ESPECIAL_MAS,,,
2026-09-10,2026-09-09,True,True,Distrito Comercial La Paz,GLP DISTRIB. 10 KILOS NAL,8000.0,L,SANDRA CALLIZAYA CH. - DIST. GLP APOLOBAMBA,1815-NPC,GLP,GLP,,,
2026-09-10,2026-09-09,True,True,Distrito Comercial La Paz,GASOLINA ESPECIAL + (S/DSI),24000.0,L,EST. SERV. ACB CALACOTO,839-EUS,Gasolina Especial +,GASOLINA_ESPECIAL_MAS,,,
2026-09-10,2026-09-09,True,True,Distrito Comercial La Paz,GASOLINA ESPECIAL + (S/DSI),24000.0,L,MARIA PATZI-EST. SERV. VARELA,2352-NHH,Gasolina Especial +,GASOLINA_ESPECIAL_MAS,,,
2026-09-10,2026-09-09,True,True,Distrito Comercial La Paz,GASOLINA ESPECIAL + (S/DSI),24000.0,L,EST. SERV. SIEMPRE A FULL MIRAFLORES S.R.L. (SAF),1502-ZDB,Gasolina Especial +,GASOLINA_ESPECIAL_MAS,,,
2026-09-10,2026-09-08,True,True,Distrito Comercial La Paz,GASOLINA ESPECIAL EESS,22000.0,L,ESTACION DE SERVICIO MEJIA S.R.L.,1462-GCX,Gasolina Especial,GASOLINA_ESPECIAL,,,
2026-09-10,2026-09-08,True,True,Distrito Comercial La Paz,GLP DISTRIB. 10 KILOS NAL,7500.0,L,DISTRIBUIDORA DE GLP SAN FRANCISCO -LUCIANO SILLO CONDORI S.R.L.,5352-HPC,GLP,GLP,,,
2026-09-10,2026-09-10,True,False,Distrito Comercial La Paz,GLP DISTRIB. 10 KILOS NAL,9000.0,L,DIST. GLP. PEREZ,335-ENR,GLP,GLP,,,
2026-09-10,2026-09-10,True,False,Distrito Comercial La Paz,DIESEL OIL IMPORTADO EESS,18000.0,L,EST. SERV. EDUARDO YUPANQUI,1156-PGH 1,Diesel Oil Importado,DIESEL_IMPORTADO,,,
2026-09-10,2026-09-10,True,False,Distrito Comercial La Paz,DIESEL OIL IMPORTADO EESS,18000.0,L,EST. SERV. GAS-MAY S.R.L.,1704-ESB,Diesel Oil Importado,DIESEL_IMPORTADO,,,
2026-09-10,2026-09-10,True,False,Distrito Comercial La Paz,DIESEL OIL IMPORTADO EESS,20000.0,L,EST. SERV. EL PARAISO SRL.,5352-FGB,Diesel Oil Importado,DIESEL_IMPORTADO,,,
2026-09-10,2026-09-10,True,False,Distrito Comercial La Paz,GASOLINA ESPECIAL + (S/DSI),20000.0,L,EST. SERV. PEREZ ROCHA SRL.,4745-PTB,Gasolina Especial +,GASOLINA_ESPECIAL_MAS,,,
2026-09-10,2026-09-10,True,False,Distrito Comercial La Paz,DIESEL OIL IMPORTADO EESS,24000.0,L,EDUARDO YUPANQUI Q.-EST. SERV. VENTILLA,1149-ZND,Diesel Oil Importado,DIESEL_IMPORTADO,,,
2026-09-10,2026-09-10,True,False,Distrito Comercial La Paz,GASOLINA ESPECIAL + (S/DSI),18000.0,L,ZURSIL S.R.L. - E.S.T.,1604-NBE,Gasolina Especial +,GASOLINA_ESPECIAL_MAS,,,
2026-09-10,2026-09-10,True,False,Distrito Comercial La Paz,GASOLINA ESPECIAL + (S/DSI),20000.0,L,EST. SERV. SALIDA LTDA,2701-TZH,Gasolina Especial +,GASOLINA_ESPECIAL_MAS,,,
2026-09-10,2026-09-10,True,False,Distrito Comercial La Paz,GASOLINA ESPECIAL + (S/DSI),12000.0,L,ELSA CHIPANA H. - EST. SERV. ECOPETROL,3879-BHE,Gasolina Especial +,GASOLINA_ESPECIAL_MAS,,,
2026-09-10,2026-09-10,True,False,Distrito Comercial La Paz,DIESEL OIL IMPORTADO EESS,24000.0,L,EST. SERV. PLAYA VERDE,1089-ZGC 1,Diesel Oil Importado,DIESEL_IMPORTADO,,,
2026-09-10,2026-09-10,True,False,Distrito Comercial La Paz,DIESEL OIL IMPORTADO EESS,24000.0,L,EST. SERV. APOSTOL SANTIAGO,1487-RYN,Diesel Oil Importado,DIESEL_IMPORTADO,,,
2026-09-10,2026-09-10,True,False,Distrito Comercial La Paz,DIESEL OIL IMPORTADO EESS,24000.0,L,EST. SERV. QHANTATI SRL.,815-XSR,Diesel Oil Importado,DIESEL_IMPORTADO,,,
2026-09-10,2026-09-10,True,False,Distrito Comercial La Paz,GASOLINA ESPECIAL EESS,22000.0,L,EST. SERV. NETANEL,1519-LSH,Gasolina Especial,GASOLINA_ESPECIAL,,,
2026-09-10,2026-09-10,True,False,Distrito Comercial La Paz,GASOLINA ESPECIAL EESS,22000.0,L,EST. SERV. RIO MANIQUI - FATIMA FORERO B.,4505-RNF,Gasolina Especial,GASOLINA_ESPECIAL,,,
2026-09-10,2026-09-10,True,False,Distrito Comercial La Paz,GASOLINA ESPECIAL EESS,22000.0,L,ESTACION DE SERVICIO GASOLINERA CRUCE DE ORO S.R.L.,5753-FPA,Gasolina Especial,GASOLINA_ESPECIAL,,,
2026-09-10,2026-09-10,True,False,Distrito Comercial La Paz,DIESEL OIL IMPORTADO EESS,20000.0,L,EST. SERV. PEREZ ROCHA SRL.,323-KFT,Diesel Oil Importado,DIESEL_IMPORTADO,,,
2026-09-10,2026-09-10,True,False,Distrito Comercial La Paz,DIESEL OIL IMPORTADO EESS,24000.0,L,EST. SERV. VOLCAN S.R.L.,4228-PUN,Diesel Oil Importado,DIESEL_IMPORTADO,,,
2026-09-10,2026-09-10,True,False,Distrito Comercial La Paz,GASOLINA ESPECIAL + (S/DSI),20000.0,L,EST. SERV. ILLIMANI S.R.L.,564-CNY,Gasolina Especial +,GASOLINA_ESPECIAL_MAS,,,
2026-09-10,2026-09-10,True,False,Distrito Comercial La Paz,DIESEL OIL IMPORTADO EESS,24000.0,L,ZURSIL S.R.L. - E.S.T.,2522-IGY 1,Diesel Oil Importado,DIESEL_IMPORTADO,,,
2026-09-10,2026-09-10,True,False,Distrito Comercial La Paz,GASOLINA ESPECIAL + (S/DSI),12000.0,L,EST. SERV. SURTIDORES UNITOURS LTDA.,3091-NHK,Gasolina Especial +,GASOLINA_ESPECIAL_MAS,,,
2026-09-10,2026-09-10,True,False,Distrito Comercial La Paz,DIESEL OIL IMPORTADO EESS,12000.0,L,EST. SERV. SURTIDORES UNITOURS LTDA.,3091-NHK,Diesel Oil Importado,DIESEL_IMPORTADO,,,
2026-09-10,2026-09-10,True,False,Distrito Comercial La Paz,DIESEL OIL IMPORTADO EESS,20000.0,L,EST. SERV. INTEROCEANICO,6666-GAP,Diesel Oil Importado,DIESEL_IMPORTADO,,,
2026-09-10,2026-09-10,True,False,Distrito Comercial La Paz,DIESEL OIL NACIONAL EESS,22000.0,L,EST. SERV. LOZA DE ORO,2114-FLB,Diesel Oil Nacional,DIESEL_NACIONAL,,,
2026-09-10,2026-09-10,True,False,Distrito Comercial La Paz,DIESEL OIL IMPORTADO EESS,4000.0,L,MARIA PATZI-EST. SERV. VARELA,2352-NHH,Diesel Oil Importado,DIESEL_IMPORTADO,,,
2026-09-10,2026-09-10,True,False,Distrito Comercial La Paz,GASOLINA ESPECIAL + (S/DSI),24000.0,L,ELDA S. AGUILAR V. - EST. SERV. JUAN PABLO II,4457-NRI,Gasolina Especial +,GASOLINA_ESPECIAL_MAS,,,
2026-09-10,2026-09-10,True,False,Distrito Comercial La Paz,GASOLINA ESPECIAL + (S/DSI),20000.0,L,ESTACION DE SERVICIO CALUYO S.R.L.,2315-AFR,Gasolina Especial +,GASOLINA_ESPECIAL_MAS,,,
2026-09-10,2026-09-10,True,False,Distrito Comercial La Paz,GASOLINA ESPECIAL + (S/DSI),24000.0,L,ESTACION DE SERVICIO KANTUTA S.R.L.,557-XEF,Gasolina Especial +,GASOLINA_ESPECIAL_MAS,,,
2026-09-10,2026-09-10,True,False,Distrito Comercial La Paz,DIESEL OIL IMPORTADO EESS,20000.0,L,MARIA PATZI-EST. SERV. VARELA,2352-NHH,Diesel Oil Importado,DIESEL_IMPORTADO,,,
2026-09-10,2026-09-10,True,False,Distrito Comercial La Paz,GASOLINA ESPECIAL + (S/DSI),24000.0,L,GREGORIO CUENTAS M. EST. SERV. DRAGON DE ORO,500-FYX,Gasolina Especial +,GASOLINA_ESPECIAL_MAS,,,
2026-09-10,2026-09-10,True,False,Distrito Comercial La Paz,GASOLINA ESPECIAL + (S/DSI),24000.0,L,EST. SERV. CUENTAS SAN PABLO II S.R.L.,2538BZG(1),Gasolina Especial +,GASOLINA_ESPECIAL_MAS,,,
2026-09-10,2026-09-10,True,False,Distrito Comercial La Paz,GLP DISTRIB. 10 KILOS NAL,5500.0,L,DIST. GLP. DISANDES S.R.L.,2279-SPR,GLP,GLP,,,
2026-09-10,2026-09-10,True,False,Distrito Comercial La Paz,GLP DISTRIB. 10 KILOS NAL,6480.0,L,DIST. GLP. VIAGAS,162-ZAS,GLP,GLP,,,
2026-09-10,2026-09-10,True,False,Distrito Comercial La Paz,GLP DISTRIB. 10 KILOS NAL,6630.0,L,DIST. GLP. VIAGAS,302-TIF,GLP,GLP,,,
2026-09-10,2026-09-10,True,False,Distrito Comercial La Paz,GLP DISTRIB. 10 KILOS NAL,6210.0,L,DIST. GLP. VIAGAS,1255-KZB,GLP,GLP,,,
2026-09-10,2026-09-10,True,False,Distrito Comercial La Paz,GLP DISTRIB. 10 KILOS NAL,5520.0,L,DIST. GLP. PROGAS S.R.L.,066-ASF,GLP,GLP,,,
2026-09-10,2026-09-10,True,False,Distrito Comercial La Paz,GLP DISTRIB. 10 KILOS NAL,6360.0,L,DIST. GLP. PROGAS S.R.L.,932-TGG,GLP,GLP,,,
2026-09-10,2026-09-10,True,False,Distrito Comercial La Paz,GLP DISTRIB. 10 KILOS NAL,6630.0,L,DIST. GLP. PROGAS S.R.L.,303-CTB,GLP,GLP,,,
2026-09-10,2026-09-10,True,False,Distrito Comercial La Paz,GLP DISTRIB. 10 KILOS NAL,5000.0,L,DIST. GLP. SOCIEDAD PETROLERA SANTA ELENA S.R.L. (SOPESE S.R.L.),3592-GZF,GLP,GLP,,,
2026-09-10,2026-09-10,True,False,Distrito Comercial La Paz,GLP DISTRIB. 10 KILOS NAL,6090.0,L,DIST. GLP. SOCIEDAD PETROLERA SANTA ELENA S.R.L. (SOPESE S.R.L.),414-BKB,GLP,GLP,,,
2026-09-10,2026-09-10,True,False,Distrito Comercial La Paz,GLP DISTRIB. 10 KILOS NAL,6210.0,L,DIST. GLP. SOCIEDAD PETROLERA SANTA ELENA S.R.L. (SOPESE S.R.L.),085-IKK,GLP,GLP,,,
2026-09-10,2026-09-10,True,False,Distrito Comercial La Paz,GLP DISTRIB. 10 KILOS NAL,6900.0,L,SAN JUDAS TADEO SOCIEDAD DE RESPONSABILIDAD LIMITADA,795-CZG,GLP,GLP,,,
2026-09-10,2026-09-10,True,False,Distrito Comercial La Paz,GLP DISTRIB. 10 KILOS NAL,9200.0,L,DIST. GLP. COPACABANA GAS LTDA.,3621-ZLA,GLP,GLP,,,
2026-09-10,2026-09-10,True,False,Distrito Comercial La Paz,GLP DISTRIB. 10 KILOS NAL,6480.0,L,DIST. GLP. TRIPETROL S.R.L.,1049-GCX,GLP,GLP,,,
2026-09-10,2026-09-10,True,False,Distrito Comercial La Paz,GLP DISTRIB. 10 KILOS NAL,5940.0,L,DIST. GLP. TRIPETROL S.R.L.,479-IPN,GLP,GLP,,,
2026-09-10,2026-09-10,True,False,Distrito Comercial La Paz,GLP DISTRIB. 10 KILOS NAL,6630.0,L,DIST. GLP. SAMO S.A.,480-CIT,GLP,GLP,,,
2026-09-10,2026-09-10,True,False,Distrito Comercial La Paz,GLP DISTRIB. 10 KILOS NAL,6900.0,L,DIST. GLP. SAMO S.A.,1311-BND,GLP,GLP,,,
2026-09-10,2026-09-10,True,False,Distrito Comercial La Paz,GLP DISTRIB. 10 KILOS NAL,6630.0,L,GMGRECO GAS SOCIEDAD DE RESPONSABILIDAD LIMITADA,921-NLX,GLP,GLP,,,
2026-09-10,2026-09-10,True,False,Distrito Comercial La Paz,GLP DISTRIB. 10 KILOS NAL,9000.0,L,GENARA CAPIA DE FERNANDEZ - DIST. GLP SEVERO FERNANDEZ CH.,1598-DTN,GLP,GLP,,,
2026-09-10,2026-09-10,True,False,Distrito Comercial La Paz,GLP DISTRIB. 10 KILOS NAL,6750.0,L,DIST. GLP. ESMERALDA GAS SRL.,2124-NIL,GLP,GLP,,,
2026-09-10,2026-09-10,True,False,Distrito Comercial La Paz,GLP DISTRIB. 10 KILOS NAL,9000.0,L,DIST. GLP FLOR DEL NORTE S.R.L.,1248-LFL,GLP,GLP,,,
2026-09-10,2026-09-09,True,True,Distrito Comercial La Paz,GLP DISTRIB. 10 KILOS NAL,6000.0,L,GENARA CAPIA DE FERNANDEZ - DIST. GLP SEVERO FERNANDEZ CH.,998-BCA,GLP,GLP,,,
2026-09-10,2026-09-09,True,True,Distrito Comercial La Paz,GASOLINA ESPECIAL EESS,22000.0,L,EST. SERV. DESAGUADERO S.R.L.,5631-BBE,Gasolina Especial,GASOLINA_ESPECIAL,,,
2026-09-10,2026-09-08,True,True,Distrito Comercial La Paz,GLP DISTRIB. 10 KILOS NAL,6000.0,L,DIST. GLP CALEMQ S.R.L.,1021-ZXB,GLP,GLP,,,
2026-09-10,2026-09-08,True,True,Distrito Comercial La Paz,GLP DISTRIB. 10 KILOS NAL,9000.0,L,SANDRA CALLIZAYA CH. - DIST. GLP OMASUYOS,2154-HFF,GLP,GLP,,,
2026-09-10,2026-09-10,True,False,Distrito Comercial La Paz,GLP DISTRIB. 10 KILOS NAL,8840.0,L,DISTRIBUIDORA DE GAS LICUADO ALEJANDRA S.R.L.,2812-HKH,GLP,GLP,,,
2026-09-10,2026-09-10,True,False,Distrito Comercial La Paz,GLP DISTRIB. 45 KILOS NAL,1800.0,L,DIST. GLP. PROGAS S.R.L.,4067-YRP,GLP,GLP,,,
2026-09-10,2026-09-10,True,False,Distrito Comercial La Paz,GLP DISTRIB. 10 KILOS NAL,9000.0,L,DELTAFOOD S.R.L.,1555-FYD,GLP,GLP,,,
2026-09-10,2026-09-10,True,False,Distrito Comercial La Paz,GLP DISTRIB. 45 KILOS NAL,1800.0,L,A.A.V.V. GAS S.R.L.,4994-PHC,GLP,GLP,,,
2026-09-10,2026-09-10,True,False,Distrito Comercial La Paz,GLP DISTRIB. 45 KILOS NAL,2700.0,L,SAN JUDAS TADEO SOCIEDAD DE RESPONSABILIDAD LIMITADA,5609-PHF,GLP,GLP,,,
2026-09-10,2026-09-10,True,False,Distrito Comercial La Paz,GLP DISTRIB. 10 KILOS NAL,5310.0,L,DIST. GLP. TRIPETROL S.R.L.,1412-PIT,GLP,GLP,,,
2026-09-10,2026-09-10,True,False,Distrito Comercial La Paz,GLP DISTRIB. 10 KILOS NAL,5000.0,L,DIST. GLP ANGELES,861-DRR,GLP,GLP,,,
2026-09-10,2026-09-10,True,False,Distrito Comercial La Paz,GLP DISTRIB. 45 KILOS NAL,4500.0,L,DIST. GLP. SAMO S.A.,1182-IYA,GLP,GLP,,,
2026-09-10,2026-09-10,True,False,Distrito Comercial La Paz,GLP DISTRIB. 45 KILOS NAL,2250.0,L,DIST. GLP. ESMERALDA GAS SRL.,2821-LXX,GLP,GLP,,,
2026-09-10,2026-09-10,True,False,Distrito Comercial La Paz,GLP DISTRIB. 10 KILOS NAL,6900.0,L,DIST. GLP. ESMERALDA GAS SRL.,924-ZFP,GLP,GLP,,,
2026-09-10,2026-09-09,True,True,Distrito Comercial La Paz,GLP DISTRIB. 10 KILOS NAL,6630.0,L,DIST. GLP. VIAGAS,302-TIF,GLP,GLP,,,
2026-09-10,2026-09-09,True,True,Distrito Comercial La Paz,GLP DISTRIB. 10 KILOS NAL,9000.0,L,DIST. GLP FLOR DEL NORTE S.R.L.,2926-PEY,GLP,GLP,,,
2026-09-10,2026-09-09,True,True,Distrito Comercial La Paz,GLP DISTRIB. 10 KILOS NAL,1320.0,L,DIST. GLP. TRIPETROL S.R.L.,1412-PIT,GLP,GLP,,,
2026-09-10,2026-09-09,True,True,Distrito Comercial La Paz,GLP DISTRIB. 10 KILOS NAL,6630.0,L,GMGRECO GAS SOCIEDAD DE RESPONSABILIDAD LIMITADA,921-NLX,GLP,GLP,,,
2026-09-10,2026-09-09,True,True,Distrito Comercial La Paz,GLP DISTRIB. 10 KILOS NAL,3930.0,L,DIST. GLP. ESMERALDA GAS SRL.,801-NIK,GLP,GLP,,,
2026-09-10,2026-09-07,True,True,Distrito Comercial La Paz,GLP DISTRIB. 10 KILOS NAL,9000.0,L,DISTRIBUIDORA DE GLP SAN FRANCISCO -LUCIANO SILLO CONDORI S.R.L.,5720-CUY,GLP,GLP,,,
2026-09-09,2026-09-09,True,False,Distrito Comercial La Paz,DIESEL OIL IMPORTADO GRACO,24000.0,L,COOP. MIN. AURIFERA NUEVA ESPERANZA DOS R.L.,558-GRK,Diesel Oil Importado,DIESEL_IMPORTADO,,,
2026-09-09,2026-09-09,True,False,Distrito Comercial La Paz,DIESEL OIL IMPORTADO CF,19900.0,L,COOPERATIVA MINERA AURIFERA EL ENCUENTRO ATEN R.L.,1436-ZZG,Diesel Oil Importado,DIESEL_IMPORTADO,,,
2026-09-09,2026-09-09,True,False,Distrito Comercial La Paz,DIESEL OIL IMPORTADO CF,19900.0,L,COOPERATIVA MINERA AURIFERA FAMILIA R.L.,3028-HZI,Diesel Oil Importado,DIESEL_IMPORTADO,,,
2026-09-09,2026-09-09,True,False,Distrito Comercial La Paz,DIESEL OIL IMPORTADO GRACO,24000.0,L,CCB CONSTRUCCIONES LTDA,2546-YFS,Diesel Oil Importado,DIESEL_IMPORTADO,,,
2026-09-09,2026-09-09,True,False,Distrito Comercial La Paz,DIESEL OIL IMPORTADO GRACO,24000.0,L,COOPERATIVA MINERA AURIFERA LA FORTALEZA DE SAN VICENTE R.L.,564-CUS,Diesel Oil Importado,DIESEL_IMPORTADO,,,
2026-09-09,2026-09-09,True,False,Distrito Comercial La Paz,DIESEL OIL IMPORTADO CF,19900.0,L,COOPERATIVA MINERA AURIFERA AXAUTA R.L.,317-YZK,Diesel Oil Importado,DIESEL_IMPORTADO,,,
2026-09-09,2026-09-09,True,False,Distrito Comercial La Paz,DIESEL OIL IMPORTADO CF,19900.0,L,COOPERATIVA MINERA AURIFERA UNION MOKOTORO R.L.,2364-UGR,Diesel Oil Importado,DIESEL_IMPORTADO,,,
2026-09-09,2026-09-09,True,False,Distrito Comercial La Paz,GASOLINA ESPECIAL + CF,12000.0,L,SOCIEDAD INDUSTRIAL CONTINENTAL LIMITADA S.R.L.,2522-IGY 1,Gasolina Especial +,GASOLINA_ESPECIAL_MAS,,,
2026-09-09,2026-09-09,True,False,Distrito Comercial La Paz,DIESEL OIL IMPORTADO CF,19900.0,L,BACIANA FLORES AJAHUANA,665-ETE,Diesel Oil Importado,DIESEL_IMPORTADO,,,
2026-09-09,2026-09-09,True,False,Distrito Comercial La Paz,DIESEL OIL IMPORTADO GRACO,24000.0,L,COOPERATIVA MINERA MONTECARLO - SAN JUANITO R.L.,1339-DHL,Diesel Oil Importado,DIESEL_IMPORTADO,,,
2026-09-09,2026-09-09,True,False,Distrito Comercial La Paz,DIESEL OIL IMPORTADO EESS,12000.0,L,ESTACION DE SERVICIO LOS ROSALES,3480-LTK,Diesel Oil Importado,DIESEL_IMPORTADO,,,
2026-09-09,2026-09-09,True,False,Distrito Comercial La Paz,DIESEL OIL NACIONAL EESS,22000.0,L,EST. SERV. CARBURANTES SAN MIGUEL,1123SYU(1),Diesel Oil Nacional,DIESEL_NACIONAL,,,
2026-09-09,2026-09-09,True,False,Distrito Comercial La Paz,GASOLINA ESPECIAL + (S/DSI),24000.0,L,ESTACION DE SERVICIO LOS ROSALES,1106-PCH,Gasolina Especial +,GASOLINA_ESPECIAL_MAS,,,
2026-09-09,2026-09-09,True,False,Distrito Comercial La Paz,DIESEL OIL NACIONAL EESS,22000.0,L,ESTACION DE SERVICIO COTA PATA S.R.L.,2027-AHS,Diesel Oil Nacional,DIESEL_NACIONAL,,,
2026-09-09,2026-09-09,True,False,Distrito Comercial La Paz,DIESEL OIL NACIONAL EESS,22000.0,L,EST. SERV. CRUCE LURIBAY S.R.L.,375-YZN,Diesel Oil Nacional,DIESEL_NACIONAL,,,
2026-09-09,2026-09-09,True,False,Distrito Comercial La Paz,DIESEL OIL NACIONAL EESS,22000.0,L,ESTACION DE SERVICIO ESPIGA DE ORO S.R.L.,3039-RUC,Diesel Oil Nacional,DIESEL_NACIONAL,,,
2026-09-09,2026-09-09,True,False,Distrito Comercial La Paz,DIESEL OIL NACIONAL EESS,22000.0,L,GABY PACO CH. - EST. SERV. COLQUEPATA,4475-NCX-1,Diesel Oil Nacional,DIESEL_NACIONAL,,,
2026-09-09,2026-09-09,True,False,Distrito Comercial La Paz,DIESEL OIL IMPORTADO EESS,20000.0,L,EST. SERV. CHUSAMARCA,3879-BHE,Diesel Oil Importado,DIESEL_IMPORTADO,,,
2026-09-09,2026-09-09,True,False,Distrito Comercial La Paz,GASOLINA ESPECIAL + (S/DSI),12000.0,L,EST. SERV. MOTORECO SRL.,1340-SPB,Gasolina Especial +,GASOLINA_ESPECIAL_MAS,,,
2026-09-09,2026-09-09,True,False,Distrito Comercial La Paz,GASOLINA ESPECIAL EESS,22000.0,L,EFRAIN LOPEZ LUCANA,564-CRF,Gasolina Especial,GASOLINA_ESPECIAL,,,
2026-09-09,2026-09-09,True,False,Distrito Comercial La Paz,DIESEL OIL NACIONAL EESS,22000.0,L,IVAN MATIAS V. - EST. SERV. REYES MATIAS,1941-FKI,Diesel Oil Nacional,DIESEL_NACIONAL,,,
2026-09-09,2026-09-09,True,False,Distrito Comercial La Paz,GASOLINA ESPECIAL EESS,22000.0,L,IVAN MATIAS V. - EST. SERV. REYES MATIAS,1455-KYE-1,Gasolina Especial,GASOLINA_ESPECIAL,,,
2026-09-09,2026-09-09,True,False,Distrito Comercial La Paz,GASOLINA ESPECIAL EESS,22000.0,L,PATRICIA QUIROZ SIRPA - PUESTO DE VENTA PATTY,3787-PKR,Gasolina Especial,GASOLINA_ESPECIAL,,,
2026-09-09,2026-09-09,True,False,Distrito Comercial La Paz,GASOLINA ESPECIAL EESS,22000.0,L,ESTACION DE SERVICIOS YARA S.R.L.,478-KEA,Gasolina Especial,GASOLINA_ESPECIAL,,,
2026-09-09,2026-09-09,True,False,Distrito Comercial La Paz,DIESEL OIL NACIONAL EESS,22000.0,L,ESTACION DE SERVICIOS YARA S.R.L.,1408-ILP,Diesel Oil Nacional,DIESEL_NACIONAL,,,
2026-09-09,2026-09-09,True,False,Distrito Comercial La Paz,GASOLINA ESPECIAL + (S/DSI),12000.0,L,EST. SERV. BOLIVIA ZURSIL S.R.L.,801-ZLE,Gasolina Especial +,GASOLINA_ESPECIAL_MAS,,,
2026-09-09,2026-09-09,True,False,Distrito Comercial La Paz,DIESEL OIL IMPORTADO EESS,12000.0,L,EST. SERV. BOLIVIA ZURSIL S.R.L.,801-ZLE,Diesel Oil Importado,DIESEL_IMPORTADO,,,
2026-09-09,2026-09-09,True,False,Distrito Comercial La Paz,DIESEL OIL IMPORTADO EESS,24000.0,L,ELSA CHIPANA H. - EST. SERV. ECOPETROL,829-XPG,Diesel Oil Importado,DIESEL_IMPORTADO,,,
2026-09-09,2026-09-09,True,False,Distrito Comercial La Paz,DIESEL OIL IMPORTADO EESS,24000.0,L,GAS SAN FELIPE S.R.L.,5602-HKS,Diesel Oil Importado,DIESEL_IMPORTADO,,,
2026-09-09,2026-09-09,True,False,Distrito Comercial La Paz,DIESEL OIL IMPORTADO EESS,12000.0,L,EST. SERV. VOLCAN S.R.L.,704-BCY,Diesel Oil Importado,DIESEL_IMPORTADO,,,
2026-09-09,2026-09-09,True,False,Distrito Comercial La Paz,DIESEL OIL NACIONAL EESS,22000.0,L,SOCIEDAD PERLA ANDINA S.R.L.,1008-UIC,Diesel Oil Nacional,DIESEL_NACIONAL,,,
2026-09-09,2026-09-09,True,False,Distrito Comercial La Paz,DIESEL OIL IMPORTADO EESS,20000.0,L,EST. SERV. BASSAM LTDA,5352-EER,Diesel Oil Importado,DIESEL_IMPORTADO,,,
2026-09-09,2026-09-09,True,False,Distrito Comercial La Paz,DIESEL OIL NACIONAL EESS,22000.0,L,CANIAX S.R.L.,2378-EIG,Diesel Oil Nacional,DIESEL_NACIONAL,,,
2026-09-09,2026-09-09,True,False,Distrito Comercial La Paz,GASOLINA ESPECIAL + (S/DSI),24000.0,L,ESTACION DE SERVICIO JACHA INTI S.R.L.,1203-BED,Gasolina Especial +,GASOLINA_ESPECIAL_MAS,,,
2026-09-09,2026-09-09,True,False,Distrito Comercial La Paz,DIESEL OIL NACIONAL EESS,22000.0,L,EST. SERV. GUANAY,3613-ALF,Diesel Oil Nacional,DIESEL_NACIONAL,,,
2026-09-09,2026-09-09,True,False,Distrito Comercial La Paz,GASOLINA ESPECIAL EESS,22000.0,L,EST. SERV. GUANAY,1434-RAF,Gasolina Especial,GASOLINA_ESPECIAL,,,
2026-09-09,2026-09-09,True,False,Distrito Comercial La Paz,DIESEL OIL IMPORTADO EESS,12000.0,L,ESTACION DE SERVICIO CHALLAPAMPA S.R.L.,294-CZD,Diesel Oil Importado,DIESEL_IMPORTADO,,,
2026-09-09,2026-09-09,True,False,Distrito Comercial La Paz,DIESEL OIL NACIONAL EESS,22000.0,L,ESTACION DE SERVICIO TEOPONTE S.R.L.,2293-HYA,Diesel Oil Nacional,DIESEL_NACIONAL,,,
2026-09-09,2026-09-09,True,False,Distrito Comercial La Paz,DIESEL OIL IMPORTADO EESS,24000.0,L,ESTACION DE SERVICIO C. REDENTOR S.R.L.,323-KEP,Diesel Oil Importado,DIESEL_IMPORTADO,,,
2026-09-09,2026-09-09,True,False,Distrito Comercial La Paz,GASOLINA ESPECIAL EESS,20000.0,L,EST. SERV. ACHACACHI S.R.L.,1604-NBE,Gasolina Especial,GASOLINA_ESPECIAL,,,
2026-09-09,2026-09-09,True,False,Distrito Comercial La Paz,DIESEL OIL NACIONAL EESS,22000.0,L,EST. SERV. IRIARTE SAN BORJA,563-LNA,Diesel Oil Nacional,DIESEL_NACIONAL,,,
2026-09-09,2026-09-09,True,False,Distrito Comercial La Paz,GASOLINA ESPECIAL + (S/DSI),24000.0,L,EST. SERV. GALAXIA S.R.L.,1768-PZN,Gasolina Especial +,GASOLINA_ESPECIAL_MAS,,,
2026-09-09,2026-09-09,True,False,Distrito Comercial La Paz,DIESEL OIL IMPORTADO EESS,18000.0,L,EST. SERV. GALAXIA S.R.L.,3474-IEP,Diesel Oil Importado,DIESEL_IMPORTADO,,,
2026-09-09,2026-09-09,True,False,Distrito Comercial La Paz,GASOLINA ESPECIAL + (S/DSI),20000.0,L,EST. SERV. TEXAS S.R.L.,1008-UIC,Gasolina Especial +,GASOLINA_ESPECIAL_MAS,,,
2026-09-09,2026-09-09,True,False,Distrito Comercial La Paz,GASOLINA ESPECIAL EESS,24000.0,L,"EMPRESA COMERCIALIZADORA, DISTRIBUIDORA DE SERVICIOS Y CARBURANTES ARUZCA MORALES S.R.L.",2470-EAF,Gasolina Especial,GASOLINA_ESPECIAL,,,
2026-09-09,2026-09-09,True,False,Distrito Comercial La Paz,DIESEL OIL NACIONAL EESS,22000.0,L,ESTACION DE SERVICIO PARAISO TROPICAL,2532-UDH,Diesel Oil Nacional,DIESEL_NACIONAL,,,
2026-09-09,2026-09-09,True,False,Distrito Comercial La Paz,GASOLINA ESPECIAL + (S/DSI),12000.0,L,EST. SERV. EMP. COM. HID. TUPAC KATARI S.R.L.,110-NBH,Gasolina Especial +,GASOLINA_ESPECIAL_MAS,,,
2026-09-09,2026-09-09,True,False,Distrito Comercial La Paz,DIESEL OIL IMPORTADO EESS,24000.0,L,ESTACION DE SERVICIO FULL TANK S.R.L.,4244-CHC,Diesel Oil Importado,DIESEL_IMPORTADO,,,
2026-09-09,2026-09-09,True,False,Distrito Comercial La Paz,GASOLINA ESPECIAL EESS,22000.0,L,ESTACION DE SERVICIO MADAGASCAR S.R.L.,994-SUI,Gasolina Especial,GASOLINA_ESPECIAL,,,
2026-09-09,2026-09-09,True,False,Distrito Comercial La Paz,GASOLINA ESPECIAL EESS,22000.0,L,SILVIA TORREZ.- EST. SERV. TORREZ,378-NEY,Gasolina Especial,GASOLINA_ESPECIAL,,,
2026-09-09,2026-09-09,True,False,Distrito Comercial La Paz,DIESEL OIL IMPORTADO CF,19900.0,L,EMPRESA MINERA JOKOPAMPA S.R.L.,2195-DYH-1,Diesel Oil Importado,DIESEL_IMPORTADO,,,
2026-09-09,2026-09-09,True,False,Distrito Comercial La Paz,GASOLINA ESPECIAL EESS,22000.0,L,EST. SERV. PALOS BLANCOS,1222-TEK,Gasolina Especial,GASOLINA_ESPECIAL,,,
2026-09-09,2026-09-09,True,False,Distrito Comercial La Paz,DIESEL OIL IMPORTADO EESS,12000.0,L,EST. SERV. ESUR GHS LTDA.,908-YCP,Diesel Oil Importado,DIESEL_IMPORTADO,,,
2026-09-09,2026-09-09,True,False,Distrito Comercial La Paz,DIESEL OIL IMPORTADO EESS,12000.0,L,ELDA S. AGUILAR V. - EST. SERV. JUAN PABLO II,4457-NRI,Diesel Oil Importado,DIESEL_IMPORTADO,,,
2026-09-09,2026-09-09,True,False,Distrito Comercial La Paz,DIESEL OIL NACIONAL EESS,22000.0,L,PANAMERICANA INTERNACIONAL S.R.L. PAINTER S.R.L.,3860-KUF,Diesel Oil Nacional,DIESEL_NACIONAL,,,
2026-09-09,2026-09-09,True,False,Distrito Comercial La Paz,GASOLINA ESPECIAL EESS,12000.0,L,PANAMERICANA INTERNACIONAL S.R.L. PAINTER S.R.L.,3860-KUF,Gasolina Especial,GASOLINA_ESPECIAL,,,
2026-09-09,2026-09-09,True,False,Distrito Comercial La Paz,DIESEL OIL IMPORTADO EESS,20000.0,L,EST. SERV. M&G CAMINO REAL,2801-XUD,Diesel Oil Importado,DIESEL_IMPORTADO,,,
2026-09-09,2026-09-09,True,False,Distrito Comercial La Paz,DIESEL OIL IMPORTADO EESS,18000.0,L,ESTACIÓN DE SERVICIO LAS ROSAS S.R.L.,2855-DIA,Diesel Oil Importado,DIESEL_IMPORTADO,,,
2026-09-09,2026-09-09,True,False,Distrito Comercial La Paz,GASOLINA ESPECIAL + (S/DSI),12000.0,L,ESTACION DE SERVICIO KANTUTA S.R.L.,557-XEF,Gasolina Especial +,GASOLINA_ESPECIAL_MAS,,,
2026-09-09,2026-09-09,True,False,Distrito Comercial La Paz,DIESEL OIL NACIONAL EESS,22000.0,L,ESTACION DE SERVICIO ISSUCADELA S.R.L,5631-BAB,Diesel Oil Nacional,DIESEL_NACIONAL,,,
2026-09-09,2026-09-09,True,False,Distrito Comercial La Paz,DIESEL OIL NACIONAL EESS,22000.0,L,ESTACIÓN DE SERVICIO KONANI S.R.L.,1552-PFH,Diesel Oil Nacional,DIESEL_NACIONAL,,,
2026-09-09,2026-09-09,True,False,Distrito Comercial La Paz,GASOLINA ESPECIAL + (S/DSI),24000.0,L,EST. SERV. EMP. COM. HID. TUPAC KATARI S.R.L.,374-NHY,Gasolina Especial +,GASOLINA_ESPECIAL_MAS,,,
2026-09-09,2026-09-09,True,False,Distrito Comercial La Paz,GASOLINA ESPECIAL EESS,22000.0,L,EST. SERV. ADALUZ PETROL,1183-LPL-1,Gasolina Especial,GASOLINA_ESPECIAL,,,
2026-09-09,2026-09-09,True,False,Distrito Comercial La Paz,GASOLINA ESPECIAL + (S/DSI),18000.0,L,EST. SERV. GAS CENTRO S.R.L.,589-NAK,Gasolina Especial +,GASOLINA_ESPECIAL_MAS,,,
2026-09-09,2026-09-09,True,False,Distrito Comercial La Paz,GASOLINA ESPECIAL + (S/DSI),24000.0,L,EST. SERV. GAS-MAY S.R.L.,1704-ESB,Gasolina Especial +,GASOLINA_ESPECIAL_MAS,,,
2026-09-09,2026-09-09,True,False,Distrito Comercial La Paz,GASOLINA ESPECIAL EESS,22000.0,L,ESTACION DE SERVICIO ISSUCADELA S.R.L,5631-BBE,Gasolina Especial,GASOLINA_ESPECIAL,,,
2026-09-09,2026-09-09,True,False,Distrito Comercial La Paz,DIESEL OIL IMPORTADO EESS,24000.0,L,EST. SERV. APOSTOL SANTIAGO,1487-RYN,Diesel Oil Importado,DIESEL_IMPORTADO,,,
2026-09-09,2026-09-09,True,False,Distrito Comercial La Paz,DIESEL OIL IMPORTADO EESS,24000.0,L,ZURSIL S.R.L. - E.S.T.,1156-PGH 1,Diesel Oil Importado,DIESEL_IMPORTADO,,,
2026-09-09,2026-09-09,True,False,Distrito Comercial La Paz,GASOLINA ESPECIAL + (S/DSI),20000.0,L,EST. SERV. ACB SAN JORGE,1853-KTP,Gasolina Especial +,GASOLINA_ESPECIAL_MAS,,,
2026-09-09,2026-09-09,True,False,Distrito Comercial La Paz,GASOLINA ESPECIAL + (S/DSI),12000.0,L,EST. SERV. ACB CALACOTO,839-EUS,Gasolina Especial +,GASOLINA_ESPECIAL_MAS,,,
2026-09-09,2026-09-09,True,False,Distrito Comercial La Paz,DIESEL OIL IMPORTADO EESS,24000.0,L,EST. SERV. MARANATHA,2902-RYT,Diesel Oil Importado,DIESEL_IMPORTADO,,,
2026-09-09,2026-09-09,True,False,Distrito Comercial La Paz,GASOLINA ESPECIAL + (S/DSI),12000.0,L,EST. SERV. YUPANQUI,3480-LTK,Gasolina Especial +,GASOLINA_ESPECIAL_MAS,,,
2026-09-09,2026-09-09,True,False,Distrito Comercial La Paz,GASOLINA ESPECIAL + (S/DSI),12000.0,L,EST. SERV. SIEMPRE A FULL MIRAFLORES S.R.L. (SAF),1502-ZDB,Gasolina Especial +,GASOLINA_ESPECIAL_MAS,,,
2026-09-09,2026-09-09,True,False,Distrito Comercial La Paz,GASOLINA ESPECIAL + (S/DSI),24000.0,L,ESTACION DE SERVICIO LOZA - MARCELINA AGUIRRE VDA. DE LOZA,581-YGU,Gasolina Especial +,GASOLINA_ESPECIAL_MAS,,,
2026-09-09,2026-09-09,True,False,Distrito Comercial La Paz,GASOLINA ESPECIAL EESS,22000.0,L,CANIAX S.R.L.,4074-FNA,Gasolina Especial,GASOLINA_ESPECIAL,,,
2026-09-09,2026-09-09,True,False,Distrito Comercial La Paz,DIESEL OIL IMPORTADO EESS,24000.0,L,EDUARDO YUPANQUI Q.-EST. SERV. VENTILLA,1149-ZND,Diesel Oil Importado,DIESEL_IMPORTADO,,,
2026-09-09,2026-09-09,True,False,Distrito Comercial La Paz,GASOLINA ESPECIAL + (S/DSI),24000.0,L,EST. SERV. MOTORECO SRL.,1340-SPB,Gasolina Especial +,GASOLINA_ESPECIAL_MAS,,,
2026-09-09,2026-09-09,True,False,Distrito Comercial La Paz,GASOLINA ESPECIAL + (S/DSI),20000.0,L,EST. SERV. PEREZ ROCHA SRL.,4745-PTB,Gasolina Especial +,GASOLINA_ESPECIAL_MAS,,,
2026-09-09,2026-09-09,True,False,Distrito Comercial La Paz,DIESEL OIL IMPORTADO EESS,20000.0,L,EST. SERV. PEREZ ROCHA SRL.,3445-DKC,Diesel Oil Importado,DIESEL_IMPORTADO,,,
2026-09-09,2026-09-09,True,False,Distrito Comercial La Paz,DIESEL OIL IMPORTADO EESS,24000.0,L,EST. SERV. VOLCAN S.R.L.,3104-KDS,Diesel Oil Importado,DIESEL_IMPORTADO,,,
2026-09-09,2026-09-09,True,False,Distrito Comercial La Paz,GASOLINA ESPECIAL + (S/DSI),24000.0,L,EST. SERV. VOLCAN S.R.L.,4228-PUN,Gasolina Especial +,GASOLINA_ESPECIAL_MAS,,,
2026-09-09,2026-09-09,True,False,Distrito Comercial La Paz,DIESEL OIL IMPORTADO EESS,20000.0,L,EST. SERV. EL PARAISO SRL.,5352-FGB,Diesel Oil Importado,DIESEL_IMPORTADO,,,
2026-09-09,2026-09-09,True,False,Distrito Comercial La Paz,GASOLINA ESPECIAL + (S/DSI),24000.0,L,EST. SERV. EL PARAISO SRL.,3831-BFB,Gasolina Especial +,GASOLINA_ESPECIAL_MAS,,,
2026-09-09,2026-09-09,True,False,Distrito Comercial La Paz,DIESEL OIL IMPORTADO EESS,20000.0,L,EST. SERV. ILLIMANI S.R.L.,564-CNY,Diesel Oil Importado,DIESEL_IMPORTADO,,,
2026-09-09,2026-09-09,True,False,Distrito Comercial La Paz,GASOLINA ESPECIAL + (S/DSI),24000.0,L,EST. SERV. CHASQUIPAMPA S.R.L.,3030-TPF,Gasolina Especial +,GASOLINA_ESPECIAL_MAS,,,
2026-09-09,2026-09-09,True,False,Distrito Comercial La Paz,DIESEL OIL NACIONAL EESS,22000.0,L,MARIO ALVAREZ M. EST. SERV. ALVAPETROL,2152-APF-1,Diesel Oil Nacional,DIESEL_NACIONAL,,,
2026-09-09,2026-09-09,True,False,Distrito Comercial La Paz,DIESEL OIL IMPORTADO EESS,12000.0,L,EST. SERV. ALTO LIMA S.R.L.,1555-ULK,Diesel Oil Importado,DIESEL_IMPORTADO,,,
2026-09-09,2026-09-09,True,False,Distrito Comercial La Paz,GASOLINA ESPECIAL + (S/DSI),12000.0,L,EST. SERV. ALTO LIMA S.R.L.,1555-ULK,Gasolina Especial +,GASOLINA_ESPECIAL_MAS,,,
2026-09-09,2026-09-09,True,False,Distrito Comercial La Paz,GASOLINA ESPECIAL + (S/DSI),24000.0,L,EST. SERV. CARSUR S.R.L.,2484-PUD,Gasolina Especial +,GASOLINA_ESPECIAL_MAS,,,
2026-09-09,2026-09-09,True,False,Distrito Comercial La Paz,DIESEL OIL IMPORTADO EESS,24000.0,L,ELDA S. AGUILAR V. - EST. SERV. JUAN PABLO II,453-RNL,Diesel Oil Importado,DIESEL_IMPORTADO,,,
2026-09-09,2026-09-09,True,False,Distrito Comercial La Paz,DIESEL OIL IMPORTADO EESS,24000.0,L,EST. SERV. LAREDO SRL,3137-FBS,Diesel Oil Importado,DIESEL_IMPORTADO,,,
2026-09-09,2026-09-09,True,False,Distrito Comercial La Paz,DIESEL OIL IMPORTADO EESS,24000.0,L,EST. SERV. CHALY,2514-AZU,Diesel Oil Importado,DIESEL_IMPORTADO,,,
2026-09-09,2026-09-09,True,False,Distrito Comercial La Paz,DIESEL OIL IMPORTADO EESS,24000.0,L,EST. SERV. SAN PABLO VILLA BOLIVAR S.R.L.,496-HSR,Diesel Oil Importado,DIESEL_IMPORTADO,,,
2026-09-09,2026-09-09,True,False,Distrito Comercial La Paz,GASOLINA ESPECIAL + (S/DSI),12000.0,L,ESTACION DE SERVICIO ZOFRI S.R.L.,1397-CTU,Gasolina Especial +,GASOLINA_ESPECIAL_MAS,,,
2026-09-09,2026-09-09,True,False,Distrito Comercial La Paz,DIESEL OIL IMPORTADO EESS,24000.0,L,ESTACION DE SERVICIO ZOFRI S.R.L.,1106-PCH,Diesel Oil Importado,DIESEL_IMPORTADO,,,
2026-09-09,2026-09-09,True,False,Distrito Comercial La Paz,GASOLINA ESPECIAL + (S/DSI),24000.0,L,EST. SERV. LUBRICAN SRL,2714-SNP,Gasolina Especial +,GASOLINA_ESPECIAL_MAS,,,
2026-09-09,2026-09-09,True,False,Distrito Comercial La Paz,GASOLINA ESPECIAL + (S/DSI),18000.0,L,ZURSIL S.R.L. - E.S.T.,1604-NBE,Gasolina Especial +,GASOLINA_ESPECIAL_MAS,,,
2026-09-09,2026-09-09,True,False,Distrito Comercial La Paz,DIESEL OIL IMPORTADO EESS,24000.0,L,EST. SERV. CANDELARIA,1062-UXD,Diesel Oil Importado,DIESEL_IMPORTADO,,,
2026-09-09,2026-09-09,True,False,Distrito Comercial La Paz,DIESEL OIL IMPORTADO EESS,13000.0,L,ESTACION DE SERVICIO SAN SEBASTIAN S.R.L.,671-SUX,Diesel Oil Importado,DIESEL_IMPORTADO,,,
2026-09-09,2026-09-09,True,False,Distrito Comercial La Paz,DIESEL OIL IMPORTADO EESS,12000.0,L,DISTRIBUIDORA DE GASOLINA Y LUBRICANTES SAN PABLO S.R.L.,632-RIB,Diesel Oil Importado,DIESEL_IMPORTADO,,,
2026-09-09,2026-09-09,True,False,Distrito Comercial La Paz,DIESEL OIL IMPORTADO EESS,24000.0,L,ESTACION DE SERVICIO CALUYO S.R.L.,2315-AFR,Diesel Oil Importado,DIESEL_IMPORTADO,,,
2026-09-09,2026-09-09,True,False,Distrito Comercial La Paz,GASOLINA ESPECIAL + (S/DSI),24000.0,L,GAS SAN FELIPE S.R.L.,5602-HKS,Gasolina Especial +,GASOLINA_ESPECIAL_MAS,,,
2026-09-09,2026-09-09,True,False,Distrito Comercial La Paz,DIESEL OIL IMPORTADO EESS,12000.0,L,GREGORIO CUENTAS M. EST. SERV. DRAGON DE ORO,500-FYX,Diesel Oil Importado,DIESEL_IMPORTADO,,,
2026-09-09,2026-09-09,True,False,Distrito Comercial La Paz,DIESEL OIL IMPORTADO EESS,18000.0,L,EST. SERV. SALIDA LTDA,2701-TZH,Diesel Oil Importado,DIESEL_IMPORTADO,,,
2026-09-09,2026-09-09,True,False,Distrito Comercial La Paz,GASOLINA ESPECIAL + (S/DSI),24000.0,L,ESTACION DE SERVICIO KORY INTI S.R.L.,3879-BHE,Gasolina Especial +,GASOLINA_ESPECIAL_MAS,,,
2026-09-09,2026-09-09,True,False,Distrito Comercial La Paz,DIESEL OIL IMPORTADO EESS,24000.0,L,EST. SERV. 6 DE MARZO,101-GEK,Diesel Oil Importado,DIESEL_IMPORTADO,,,
2026-09-09,2026-09-09,True,False,Distrito Comercial La Paz,DIESEL OIL IMPORTADO EESS,24000.0,L,ESTACIÓN DE SERVICIO ALIMARC INTER GAS BOLIVIA S.R.L.,2902-RYT,Diesel Oil Importado,DIESEL_IMPORTADO,,,
2026-09-09,2026-09-09,True,False,Distrito Comercial La Paz,GASOLINA ESPECIAL + (S/DSI),18000.0,L,ELSA CHIPANA H. - EST. SERV. ECOPETROL,4563-ZEN 1,Gasolina Especial +,GASOLINA_ESPECIAL_MAS,,,
2026-09-09,2026-09-09,True,False,Distrito Comercial La Paz,DIESEL OIL IMPORTADO EESS,35000.0,L,ESTACION DE SERVICIO SAN SEBASTIAN S.R.L.,2537-TEG,Diesel Oil Importado,DIESEL_IMPORTADO,,,
2026-09-09,2026-09-09,True,False,Distrito Comercial La Paz,GASOLINA ESPECIAL + (S/DSI),24000.0,L,EST. SERV. QHANTATI SRL.,1326-NDS,Gasolina Especial +,GASOLINA_ESPECIAL_MAS,,,
2026-09-09,2026-09-09,True,False,Distrito Comercial La Paz,GASOLINA ESPECIAL + (S/DSI),24000.0,L,EST. SERV. CRISTO AUTO GAS SRL.,2201-IRF,Gasolina Especial +,GASOLINA_ESPECIAL_MAS,,,
2026-09-09,2026-09-09,True,False,Distrito Comercial La Paz,DIESEL OIL IMPORTADO EESS,24000.0,L,EST. SERV. QHANTATI SRL.,815-XSR,Diesel Oil Importado,DIESEL_IMPORTADO,,,
2026-09-09,2026-09-09,True,False,Distrito Comercial La Paz,GASOLINA ESPECIAL + (S/DSI),18000.0,L,ESTACION DE SERVICIOS NIMAGASBOL S.R.L.,5028-SLK,Gasolina Especial +,GASOLINA_ESPECIAL_MAS,,,
2026-09-09,2026-09-09,True,False,Distrito Comercial La Paz,DIESEL OIL IMPORTADO EESS,18000.0,L,EST. SERV. CRISTO AUTO GAS SRL.,2201-IRF,Diesel Oil Importado,DIESEL_IMPORTADO,,,
2026-09-09,2026-09-09,True,False,Distrito Comercial La Paz,DIESEL OIL IMPORTADO EESS,24000.0,L,ESTACION DE SERVICIOS NIMAGASBOL S.R.L.,328-LNP,Diesel Oil Importado,DIESEL_IMPORTADO,,,
2026-09-09,2026-09-09,True,False,Distrito Comercial La Paz,DIESEL OIL IMPORTADO EESS,20000.0,L,EST. SERV. LOS ANDES SRL,5632-ZYE,Diesel Oil Importado,DIESEL_IMPORTADO,,,
2026-09-09,2026-09-09,True,False,Distrito Comercial La Paz,GASOLINA ESPECIAL EESS,22000.0,L,MARIO ALVAREZ M. EST. SERV. ALVAPETROL,858-PSI,Gasolina Especial,GASOLINA_ESPECIAL,,,
2026-09-09,2026-09-09,True,False,Distrito Comercial La Paz,GASOLINA ESPECIAL + (S/DSI),24000.0,L,DISTRIBUIDORA DE GASOLINA Y LUBRICANTES SAN PABLO S.R.L.,632-RIB,Gasolina Especial +,GASOLINA_ESPECIAL_MAS,,,
2026-09-09,2026-09-09,True,False,Distrito Comercial La Paz,GASOLINA ESPECIAL + (S/DSI),24000.0,L,EST. SERV. CUENTAS SAN PABLO II S.R.L.,2538BZG(1),Gasolina Especial +,GASOLINA_ESPECIAL_MAS,,,
2026-09-09,2026-09-09,True,False,Distrito Comercial La Paz,DIESEL OIL IMPORTADO EESS,18000.0,L,EST. SERV. SURTIDORES UNITOURS LTDA.,3091-NHK,Diesel Oil Importado,DIESEL_IMPORTADO,,,
2026-09-09,2026-09-09,True,False,Distrito Comercial La Paz,DIESEL OIL IMPORTADO EESS,20000.0,L,ESTACION DE SERVICIO SEÑOR DE MAYO S.R.L.,551-HEL,Diesel Oil Importado,DIESEL_IMPORTADO,,,
2026-09-09,2026-09-09,True,False,Distrito Comercial La Paz,GASOLINA ESPECIAL EESS,24000.0,L,EST. SERV. PLAYA VERDE,1157-UUL,Gasolina Especial,GASOLINA_ESPECIAL,,,
2026-09-09,2026-09-09,True,False,Distrito Comercial La Paz,GASOLINA ESPECIAL + (S/DSI),20000.0,L,ESTACION DE SERVICIO SEÑOR DE MAYO S.R.L.,551-HEL,Gasolina Especial +,GASOLINA_ESPECIAL_MAS,,,
2026-09-09,2026-09-09,True,False,Distrito Comercial La Paz,GASOLINA ESPECIAL + (S/DSI),20000.0,L,EST. SERV. SOC. IND. COM. G.L.P.H. LTDA,671-SUX,Gasolina Especial +,GASOLINA_ESPECIAL_MAS,,,
2026-09-09,2026-09-09,True,False,Distrito Comercial La Paz,DIESEL OIL IMPORTADO EESS,20000.0,L,EST. SERV. INTEROCEANICO,6666-GAP,Diesel Oil Importado,DIESEL_IMPORTADO,,,
2026-09-09,2026-09-09,True,False,Distrito Comercial La Paz,GASOLINA ESPECIAL + (S/DSI),20000.0,L,EST. SERV. INTEROCEANICO,1444-FDT,Gasolina Especial +,GASOLINA_ESPECIAL_MAS,,,
2026-09-09,2026-09-09,True,False,Distrito Comercial La Paz,GASOLINA ESPECIAL + (S/DSI),18000.0,L,ESTACION DE SERVICIO SAN SEBASTIAN S.R.L.,2537-TEG,Gasolina Especial +,GASOLINA_ESPECIAL_MAS,,,
2026-09-09,2026-09-09,True,False,Distrito Comercial La Paz,GASOLINA ESPECIAL + (S/DSI),20000.0,L,EST. SERV. SAN PABLO VILLA BOLIVAR S.R.L.,496-HSR,Gasolina Especial +,GASOLINA_ESPECIAL_MAS,,,
2026-09-09,2026-09-09,True,False,Distrito Comercial La Paz,GASOLINA ESPECIAL + (S/DSI),20000.0,L,ESTACION DE SERVICIO CALUYO S.R.L.,2315-AFR,Gasolina Especial +,GASOLINA_ESPECIAL_MAS,,,
2026-09-09,2026-09-09,True,False,Distrito Comercial La Paz,DIESEL OIL IMPORTADO EESS,20000.0,L,MARIA PATZI-EST. SERV. VARELA,2352-NHH,Diesel Oil Importado,DIESEL_IMPORTADO,,,
2026-09-09,2026-09-09,True,False,Distrito Comercial La Paz,GASOLINA ESPECIAL + (S/DSI),18000.0,L,EST. SERV. CANDELARIA,1062-UXD,Gasolina Especial +,GASOLINA_ESPECIAL_MAS,,,
2026-09-09,2026-09-09,True,False,Distrito Comercial La Paz,GASOLINA ESPECIAL + (S/DSI),24000.0,L,ELDA S. AGUILAR V. - EST. SERV. JUAN PABLO II,4457-NRI,Gasolina Especial +,GASOLINA_ESPECIAL_MAS,,,
2026-09-09,2026-09-09,True,False,Distrito Comercial La Paz,GASOLINA ESPECIAL + (S/DSI),24000.0,L,EST. SERV. M&G CAMINO REAL,2801-XUD,Gasolina Especial +,GASOLINA_ESPECIAL_MAS,,,
2026-09-09,2026-09-09,True,False,Distrito Comercial La Paz,GASOLINA ESPECIAL + (S/DSI),18000.0,L,EST. SERV. LAREDO SRL,1600-HIP,Gasolina Especial +,GASOLINA_ESPECIAL_MAS,,,
2026-09-09,2026-09-09,True,False,Distrito Comercial La Paz,GASOLINA ESPECIAL + (S/DSI),12000.0,L,ESTACIÓN DE SERVICIO ALIMARC INTER GAS BOLIVIA S.R.L.,547-CKT,Gasolina Especial +,GASOLINA_ESPECIAL_MAS,,,
2026-09-09,2026-09-09,True,False,Distrito Comercial La Paz,GASOLINA ESPECIAL + (S/DSI),20000.0,L,ESTACION DE SERVICIO TEJADA TRIANGULAR,1776-DNN,Gasolina Especial +,GASOLINA_ESPECIAL_MAS,,,
2026-09-09,2026-09-09,True,False,Distrito Comercial La Paz,GASOLINA ESPECIAL + (S/DSI),24000.0,L,GREGORIO CUENTAS M. EST. SERV. DRAGON DE ORO,500-FYX,Gasolina Especial +,GASOLINA_ESPECIAL_MAS,,,
2026-09-09,2026-09-09,True,False,Distrito Comercial La Paz,GASOLINA ESPECIAL + (S/DSI),24000.0,L,ESTACION DE SERVICIO KANTUTA S.R.L.,557-XEF,Gasolina Especial +,GASOLINA_ESPECIAL_MAS,,,
2026-09-09,2026-09-09,True,False,Distrito Comercial La Paz,GASOLINA ESPECIAL + (S/DSI),24000.0,L,ESTACION DE SERVICIO TERRAGAS LTDA,3137-FBS,Gasolina Especial +,GASOLINA_ESPECIAL_MAS,,,
2026-09-09,2026-09-09,True,False,Distrito Comercial La Paz,GASOLINA ESPECIAL + (S/DSI),18000.0,L,EST. SERV. SALIDA LTDA,2701-TZH,Gasolina Especial +,GASOLINA_ESPECIAL_MAS,,,
2026-09-09,2026-09-09,True,False,Distrito Comercial La Paz,GASOLINA ESPECIAL + (S/DSI),24000.0,L,GRUPO EMPRESARIAL VIRGEN DE LOS ALAMOS S.R.L.,4831-ETU,Gasolina Especial +,GASOLINA_ESPECIAL_MAS,,,
2026-09-09,2026-09-08,True,True,Distrito Comercial La Paz,GASOLINA ESPECIAL + CF,4000.0,L,CORPORACION MINERA DE BOLIVIA - CORO CORO CD,489-GNT,Gasolina Especial +,GASOLINA_ESPECIAL_MAS,,,
2026-09-09,2026-09-09,True,False,Distrito Comercial La Paz,GLP DISTRIB. 10 KILOS NAL,4050.0,L,DIST. GLP. VIAGAS,162-ZAS,GLP,GLP,,,
2026-09-09,2026-09-08,True,True,Distrito Comercial La Paz,DIESEL OIL IMPORTADO GRACO,20000.0,L,CORPORACION MINERA DE BOLIVIA - CORO CORO,489-GNT,Diesel Oil Importado,DIESEL_IMPORTADO,,,
2026-09-09,2026-09-08,True,True,Distrito Comercial La Paz,DIESEL OIL IMPORTADO EESS,20000.0,L,ESTACIÓN DE SERVICIO LAS ROSAS S.R.L.,101-GEK,Diesel Oil Importado,DIESEL_IMPORTADO,,,
2026-09-09,2026-09-09,True,False,Distrito Comercial La Paz,GLP DISTRIB. 10 KILOS NAL,4320.0,L,DIST. GLP. PROGAS S.R.L.,066-ASF,GLP,GLP,,,
2026-09-09,2026-09-08,True,True,Distrito Comercial La Paz,GASOLINA ESPECIAL + (S/DSI),24000.0,L,EST. SERV. JAIMES FREYRE,1118-KLR,Gasolina Especial +,GASOLINA_ESPECIAL_MAS,,,
2026-09-09,2026-09-08,True,True,Distrito Comercial La Paz,GASOLINA ESPECIAL EESS,22000.0,L,ESTACION DE SERVICIO PARAISO TROPICAL,3141-GCE,Gasolina Especial,GASOLINA_ESPECIAL,,,
2026-09-09,2026-09-08,True,True,Distrito Comercial La Paz,DIESEL OIL IMPORTADO EESS,20000.0,L,EST. SERV. CHUSAMARCA,1401-ICT,Diesel Oil Importado,DIESEL_IMPORTADO,,,
2026-09-09,2026-09-09,True,False,Distrito Comercial La Paz,GLP DISTRIB. 10 KILOS NAL,6900.0,L,DIST. GLP. SAMO S.A.,1311-BND,GLP,GLP,,,
2026-09-09,2026-09-09,True,False,Distrito Comercial La Paz,GLP DISTRIB. 10 KILOS NAL,6900.0,L,SAN JUDAS TADEO SOCIEDAD DE RESPONSABILIDAD LIMITADA,795-CZG,GLP,GLP,,,
2026-09-09,2026-09-09,True,False,Distrito Comercial La Paz,GLP DISTRIB. 10 KILOS NAL,4170.0,L,GMGRECO GAS SOCIEDAD DE RESPONSABILIDAD LIMITADA,2060-RYK,GLP,GLP,,,
2026-09-09,2026-09-08,True,True,Distrito Comercial La Paz,GASOLINA ESPECIAL + (S/DSI),12000.0,L,EST. SERV. SIEMPRE A FULL MIRAFLORES S.R.L. (SAF),1502-ZDB,Gasolina Especial +,GASOLINA_ESPECIAL_MAS,,,
2026-09-09,2026-09-08,True,True,Distrito Comercial La Paz,DIESEL OIL NACIONAL EESS,32000.0,L,EST. SERV. PALOS BLANCOS,5229-ECH,Diesel Oil Nacional,DIESEL_NACIONAL,,,
2026-09-09,2026-09-08,True,True,Distrito Comercial La Paz,GLP DISTRIB. 10 KILOS NAL,9000.0,L,DISTRIBUIDORA DE GLP SAN FRANCISCO -LUCIANO SILLO CONDORI S.R.L.,4024-SAH,GLP,GLP,,,
2026-09-09,2026-09-08,True,True,Distrito Comercial La Paz,DIESEL OIL NACIONAL EESS,24000.0,L,EST. SERV. GASOLCAMP S.R.L.,2307-CNA,Diesel Oil Nacional,DIESEL_NACIONAL,,,
2026-09-09,2026-09-08,True,True,Distrito Comercial La Paz,DIESEL OIL IMPORTADO EESS,12000.0,L,EST. SERV. GAS-MAY S.R.L.,1704-ESB,Diesel Oil Importado,DIESEL_IMPORTADO,,,
2026-09-09,2026-09-07,True,True,Distrito Comercial La Paz,GASOLINA ESPECIAL EESS,22000.0,L,EST. SERV. SAN MIGUEL-IVAN L.,2444-KTY,Gasolina Especial,GASOLINA_ESPECIAL,,,
2026-09-09,2026-09-07,True,True,Distrito Comercial La Paz,GASOLINA ESPECIAL + (S/DSI),12000.0,L,EST. SERV. MOTORECO SRL.,1340-SPB,Gasolina Especial +,GASOLINA_ESPECIAL_MAS,,,
2026-09-09,2026-09-07,True,True,Distrito Comercial La Paz,DIESEL OIL NACIONAL EESS,22000.0,L,ESTACION DE SERVICIO MEJIA S.R.L.,812-TCN,Diesel Oil Nacional,DIESEL_NACIONAL,,,
2026-09-09,2026-09-07,True,True,Distrito Comercial La Paz,GLP DISTRIB. 10 KILOS NAL,9000.0,L,DIST. GLP PALOS BLANCOS - SDENKA PEREZ LARICO,3072-FSR,GLP,GLP,,,
2026-09-09,2026-09-09,True,False,Distrito Comercial La Paz,GLP DISTRIB. 10 KILOS NAL,7500.0,L,DIST. GLP SORATA PERLA ANDINA S.R.L.,3158-DDF,GLP,GLP,,,
2026-09-09,2026-09-09,True,False,Distrito Comercial La Paz,GASOLINA ESPECIAL + (S/DSI),18000.0,L,ESTACION DE SERVICIO C. REDENTOR S.R.L.,306-ERY,Gasolina Especial +,GASOLINA_ESPECIAL_MAS,,,
2026-09-09,2026-09-09,True,False,Distrito Comercial La Paz,GASOLINA ESPECIAL + (S/DSI),24000.0,L,EST. SERV. JAIMES FREYRE,1118-KLR,Gasolina Especial +,GASOLINA_ESPECIAL_MAS,,,
2026-09-09,2026-09-09,True,False,Distrito Comercial La Paz,GASOLINA ESPECIAL + (S/DSI),20000.0,L,EST. SERV. ILLIMANI S.R.L.,564-CNY,Gasolina Especial +,GASOLINA_ESPECIAL_MAS,,,
2026-09-09,2026-09-09,True,False,Distrito Comercial La Paz,DIESEL OIL NACIONAL EESS,22000.0,L,EST. SERV. DESAGUADERO S.R.L.,396-SGP,Diesel Oil Nacional,DIESEL_NACIONAL,,,
2026-09-09,2026-09-09,True,False,Distrito Comercial La Paz,DIESEL OIL IMPORTADO EESS,18000.0,L,ESTACION DE SERVICIO TEJADA TRIANGULAR,1776-DNN,Diesel Oil Importado,DIESEL_IMPORTADO,,,
2026-09-09,2026-09-09,True,False,Distrito Comercial La Paz,DIESEL OIL IMPORTADO EESS,24000.0,L,EST. SERV. PLAYA VERDE,1089-ZGC 1,Diesel Oil Importado,DIESEL_IMPORTADO,,,
2026-09-09,2026-09-09,True,False,Distrito Comercial La Paz,GLP DISTRIB. 10 KILOS NAL,5200.0,L,DIST. GLP. DISANDES S.R.L.,2279-SPR,GLP,GLP,,,
2026-09-09,2026-09-09,True,False,Distrito Comercial La Paz,GLP DISTRIB. 10 KILOS NAL,6000.0,L,DIST. GLP. DISANDES S.R.L.,1814-GTY,GLP,GLP,,,
2026-09-09,2026-09-09,True,False,Distrito Comercial La Paz,GLP DISTRIB. 10 KILOS NAL,6480.0,L,DIST. GLP. VIAGAS,162-ZAS,GLP,GLP,,,
2026-09-09,2026-09-09,True,False,Distrito Comercial La Paz,GLP DISTRIB. 10 KILOS NAL,6630.0,L,DIST. GLP. VIAGAS,302-TIF,GLP,GLP,,,
2026-09-09,2026-09-09,True,False,Distrito Comercial La Paz,GLP DISTRIB. 10 KILOS NAL,6210.0,L,DIST. GLP. VIAGAS,1255-KZB,GLP,GLP,,,
2026-09-09,2026-09-09,True,False,Distrito Comercial La Paz,GLP DISTRIB. 10 KILOS NAL,6750.0,L,DIST. GLP. PROGAS S.R.L.,081-CEX,GLP,GLP,,,
2026-09-09,2026-09-09,True,False,Distrito Comercial La Paz,GLP DISTRIB. 10 KILOS NAL,8840.0,L,DIST. GLP. SAN MIGUEL,1053-SBI,GLP,GLP,,,
2026-09-09,2026-09-09,True,False,Distrito Comercial La Paz,GLP DISTRIB. 10 KILOS NAL,6000.0,L,DIST. GLP. SOCIEDAD PETROLERA SANTA ELENA S.R.L. (SOPESE S.R.L.),3592-GZF,GLP,GLP,,,
2026-09-09,2026-09-09,True,False,Distrito Comercial La Paz,GLP DISTRIB. 10 KILOS NAL,5490.0,L,DIST. GLP. SOCIEDAD PETROLERA SANTA ELENA S.R.L. (SOPESE S.R.L.),065-KKN,GLP,GLP,,,
2026-09-09,2026-09-09,True,False,Distrito Comercial La Paz,GLP DISTRIB. 10 KILOS NAL,6090.0,L,DIST. GLP. SOCIEDAD PETROLERA SANTA ELENA S.R.L. (SOPESE S.R.L.),414-BKB,GLP,GLP,,,
2026-09-09,2026-09-09,True,False,Distrito Comercial La Paz,GLP DISTRIB. 10 KILOS NAL,6210.0,L,DIST. GLP. SOCIEDAD PETROLERA SANTA ELENA S.R.L. (SOPESE S.R.L.),085-IKK,GLP,GLP,,,
2026-09-09,2026-09-09,True,False,Distrito Comercial La Paz,GLP DISTRIB. 10 KILOS NAL,5940.0,L,DIST. GLP. PROGAS S.R.L.,066-ASF,GLP,GLP,,,
2026-09-09,2026-09-09,True,False,Distrito Comercial La Paz,GLP DISTRIB. 10 KILOS NAL,6360.0,L,DIST. GLP. PROGAS S.R.L.,932-TGG,GLP,GLP,,,
2026-09-09,2026-09-09,True,False,Distrito Comercial La Paz,GLP DISTRIB. 10 KILOS NAL,6630.0,L,DIST. GLP. PROGAS S.R.L.,303-CTB,GLP,GLP,,,
2026-09-09,2026-09-09,True,False,Distrito Comercial La Paz,GLP DISTRIB. 10 KILOS NAL,5000.0,L,DIST. GLP ANGELES,1463-SKT,GLP,GLP,,,
2026-09-09,2026-09-09,True,False,Distrito Comercial La Paz,GLP DISTRIB. 10 KILOS NAL,3500.0,L,DIST. GLP ANGELES,986-UIL,GLP,GLP,,,
2026-09-09,2026-09-09,True,False,Distrito Comercial La Paz,GLP DISTRIB. 10 KILOS NAL,3000.0,L,DIST. GLP. TRIPETROL S.R.L.,557-KAE,GLP,GLP,,,
2026-09-09,2026-09-09,True,False,Distrito Comercial La Paz,GLP DISTRIB. 10 KILOS NAL,6480.0,L,DIST. GLP. TRIPETROL S.R.L.,1049-GCX,GLP,GLP,,,
2026-09-09,2026-09-09,True,False,Distrito Comercial La Paz,GLP DISTRIB. 10 KILOS NAL,5940.0,L,DIST. GLP. TRIPETROL S.R.L.,479-IPN,GLP,GLP,,,
2026-09-09,2026-09-09,True,False,Distrito Comercial La Paz,GLP DISTRIB. 10 KILOS NAL,6630.0,L,DIST. GLP. TRIPETROL S.R.L.,444-KPH,GLP,GLP,,,
2026-09-09,2026-09-09,True,False,Distrito Comercial La Paz,GLP DISTRIB. 10 KILOS NAL,6630.0,L,DIST. GLP. SAMO S.A.,480-CIT,GLP,GLP,,,
2026-09-09,2026-09-09,True,False,Distrito Comercial La Paz,GLP DISTRIB. 10 KILOS NAL,6750.0,L,DIST. GLP. SAMO S.A.,467-SRU,GLP,GLP,,,
2026-09-09,2026-09-09,True,False,Distrito Comercial La Paz,GLP DISTRIB. 45 KILOS NAL,4500.0,L,DIST. GLP. SAMO S.A.,1182-IYA,GLP,GLP,,,
2026-09-09,2026-09-09,True,False,Distrito Comercial La Paz,GLP DISTRIB. 10 KILOS NAL,6630.0,L,ISABEL DURAN DE ITURRI - DIST. GLP DURA GAS,659-INT,GLP,GLP,,,
2026-09-09,2026-09-09,True,False,Distrito Comercial La Paz,GLP DISTRIB. 10 KILOS NAL,6750.0,L,A.A.V.V. GAS S.R.L.,078-SCG,GLP,GLP,,,
2026-09-09,2026-09-09,True,False,Distrito Comercial La Paz,GLP DISTRIB. 10 KILOS NAL,6750.0,L,ISABEL DURAN DE ITURRI - DIST. GLP DURA GAS,699-BXF,GLP,GLP,,,
2026-09-09,2026-09-09,True,False,Distrito Comercial La Paz,GLP DISTRIB. 45 KILOS NAL,2250.0,L,A.A.V.V. GAS S.R.L.,4994-PHC,GLP,GLP,,,
2026-09-09,2026-09-09,True,False,Distrito Comercial La Paz,GLP DISTRIB. 10 KILOS NAL,6630.0,L,SAN JUDAS TADEO SOCIEDAD DE RESPONSABILIDAD LIMITADA,091-FDH,GLP,GLP,,,
2026-09-09,2026-09-09,True,False,Distrito Comercial La Paz,GLP DISTRIB. 10 KILOS NAL,6630.0,L,GMGRECO GAS SOCIEDAD DE RESPONSABILIDAD LIMITADA,2060-RYK,GLP,GLP,,,
2026-09-09,2026-09-09,True,False,Distrito Comercial La Paz,GLP DISTRIB. 45 KILOS NAL,2700.0,L,SAN JUDAS TADEO SOCIEDAD DE RESPONSABILIDAD LIMITADA,5609-PHF,GLP,GLP,,,
2026-09-09,2026-09-09,True,False,Distrito Comercial La Paz,GLP DISTRIB. 45 KILOS NAL,1800.0,L,DIST. GLP. ESMERALDA GAS SRL.,2821-LXX,GLP,GLP,,,
2026-09-09,2026-09-09,True,False,Distrito Comercial La Paz,GLP DISTRIB. 10 KILOS NAL,6750.0,L,DIST. GLP. ESMERALDA GAS SRL.,2124-NIL,GLP,GLP,,,
2026-09-09,2026-09-09,True,False,Distrito Comercial La Paz,GLP DISTRIB. 10 KILOS NAL,6210.0,L,DIST. GLP. ESMERALDA GAS SRL.,2375-SHN,GLP,GLP,,,
2026-09-09,2026-09-09,True,False,Distrito Comercial La Paz,GLP DISTRIB. 10 KILOS NAL,5940.0,L,GMGRECO GAS SOCIEDAD DE RESPONSABILIDAD LIMITADA,497-ILK,GLP,GLP,,,
2026-09-09,2026-09-09,True,False,Distrito Comercial La Paz,GLP DISTRIB. 10 KILOS NAL,6900.0,L,DIST. GLP. ESMERALDA GAS SRL.,924-ZFP,GLP,GLP,,,
2026-09-09,2026-09-08,True,True,Distrito Comercial La Paz,GLP DISTRIB. 10 KILOS NAL,1500.0,L,DIST. GLP ANGELES,1463-SKT,GLP,GLP,,,
2026-09-09,2026-09-08,True,True,Distrito Comercial La Paz,GLP DISTRIB. 45 KILOS NAL,1800.0,L,DIST. GLP. PROGAS S.R.L.,4067-YRP,GLP,GLP,,,
2026-09-09,2026-09-08,True,True,Distrito Comercial La Paz,GLP DISTRIB. 10 KILOS NAL,6900.0,L,SAN JUDAS TADEO SOCIEDAD DE RESPONSABILIDAD LIMITADA,104-SNC,GLP,GLP,,,
2026-09-09,2026-09-08,True,True,Distrito Comercial La Paz,GLP DISTRIB. 10 KILOS NAL,5940.0,L,GMGRECO GAS SOCIEDAD DE RESPONSABILIDAD LIMITADA,497-ILK,GLP,GLP,,,
2026-09-09,2026-09-07,True,True,Distrito Comercial La Paz,GLP DISTRIB. 10 KILOS NAL,9000.0,L,SANDRA CALLIZAYA CH. - DIST. GLP OMASUYOS,566-PFF,GLP,GLP,,,
2026-09-09,2026-09-05,True,True,Distrito Comercial La Paz,GLP DISTRIB. 10 KILOS NAL,6000.0,L,DIST. GLP. SAMO S.A.,467-SRU,GLP,GLP,,,
2026-09-08,2026-09-08,True,False,Distrito Comercial La Paz,DIESEL OIL IMPORTADO EESS,20000.0,L,GAS SAN FELIPE S.R.L.,5602-HKS,Diesel Oil Importado,DIESEL_IMPORTADO,,,
2026-09-08,2026-09-08,True,False,Distrito Comercial La Paz,DIESEL OIL IMPORTADO CF,19900.0,L,COOPERATIVA MINERA AURÍFERA SANTA BARBARA DE COSÑIPATA R.L.,3047-YNG,Diesel Oil Importado,DIESEL_IMPORTADO,,,
2026-09-08,2026-09-08,True,False,Distrito Comercial La Paz,DIESEL OIL IMPORTADO CF,19900.0,L,EMPRESA MINERA WONDERSTONE S.R.L.,1147-BGR,Diesel Oil Importado,DIESEL_IMPORTADO,,,
2026-09-08,2026-09-08,True,False,Distrito Comercial La Paz,DIESEL OIL IMPORTADO GRACO,24000.0,L,COOPERATIVA MINERA AURÍFERA INDEPENDENCIA R.L.,2384-IDS 1,Diesel Oil Importado,DIESEL_IMPORTADO,,,
2026-09-08,2026-09-08,True,False,Distrito Comercial La Paz,DIESEL OIL IMPORTADO GRACO,24000.0,L,COOPERATIVA MINERA AURÍFERA LITORAL R.L.,2906-PTS,Diesel Oil Importado,DIESEL_IMPORTADO,,,
2026-09-08,2026-09-08,True,False,Distrito Comercial La Paz,DIESEL OIL IMPORTADO GRACO,24000.0,L,CENTRAL LOCAL DE COOPERATIVAS MINERAS CARACOLES R.L.,1547-NXN,Diesel Oil Importado,DIESEL_IMPORTADO,,,
2026-09-08,2026-09-08,True,False,Distrito Comercial La Paz,DIESEL OIL IMPORTADO CF,19900.0,L,COOPERATIVA MINERA AURIFERA OLLA DE ORO R.L.,670-XGC,Diesel Oil Importado,DIESEL_IMPORTADO,,,
2026-09-08,2026-09-08,True,False,Distrito Comercial La Paz,DIESEL OIL IMPORTADO CF,19900.0,L,COOP. MINERA AURIFERA 8 DE MARZO LA SALVADORA R.L.,1306-LRG,Diesel Oil Importado,DIESEL_IMPORTADO,,,
2026-09-08,2026-09-08,True,False,Distrito Comercial La Paz,DIESEL OIL IMPORTADO CF,19900.0,L,"COOPERATIVA MINERA AURIFERA ""HUACULLANI SEGUNDO"" R.L.",2448-EFN,Diesel Oil Importado,DIESEL_IMPORTADO,,,
2026-09-08,2026-09-08,True,False,Distrito Comercial La Paz,DIESEL OIL IMPORTADO CF,19900.0,L,COOPERATIVA MINERA AUR. SAN LUCAS R.L.,2534-CXN,Diesel Oil Importado,DIESEL_IMPORTADO,,,
2026-09-08,2026-09-08,True,False,Distrito Comercial La Paz,DIESEL OIL IMPORTADO CF,19900.0,L,COOPERATIVA MINERA AURÍFERA PUCANHUAYA R.L.,3437-PEB,Diesel Oil Importado,DIESEL_IMPORTADO,,,
2026-09-08,2026-09-08,True,False,Distrito Comercial La Paz,DIESEL OIL IMPORTADO CF,19900.0,L,COOPERATIVA MINERA AURIFERA 8 DE DICIEMBRE VILAQUE GRANDE R.L.,2735-LLN,Diesel Oil Importado,DIESEL_IMPORTADO,,,
2026-09-08,2026-09-08,True,False,Distrito Comercial La Paz,DIESEL OIL IMPORTADO CF,19900.0,L,COOPERATIVA MINERA AURIFERA 15 DE MAYO R.L.,2472-KPD,Diesel Oil Importado,DIESEL_IMPORTADO,,,
2026-09-08,2026-09-08,True,False,Distrito Comercial La Paz,DIESEL OIL IMPORTADO CF,19900.0,L,COOPERATIVA MINERA AURIFERA PAN DE AZUCARANI RL.,440-BIU,Diesel Oil Importado,DIESEL_IMPORTADO,,,
2026-09-08,2026-09-08,True,False,Distrito Comercial La Paz,DIESEL OIL IMPORTADO EESS,24000.0,L,ESTACION DE SERVICIO LOS ROSALES,2345-IYN,Diesel Oil Importado,DIESEL_IMPORTADO,,,
2026-09-08,2026-09-08,True,False,Distrito Comercial La Paz,GASOLINA ESPECIAL + (S/DSI),24000.0,L,ESTACION DE SERVICIO CHALLAPAMPA S.R.L.,294-CZD,Gasolina Especial +,GASOLINA_ESPECIAL_MAS,,,
2026-09-08,2026-09-08,True,False,Distrito Comercial La Paz,GASOLINA ESPECIAL EESS,22000.0,L,EST. SERV. FLOR DE CAÑA S.R.L.,801-GSD 1,Gasolina Especial,GASOLINA_ESPECIAL,,,
2026-09-08,2026-09-08,True,False,Distrito Comercial La Paz,GASOLINA ESPECIAL EESS,22000.0,L,EST. SERV. ITURRALDE S.R.L.,2022-IHG,Gasolina Especial,GASOLINA_ESPECIAL,,,
2026-09-08,2026-09-08,True,False,Distrito Comercial La Paz,GASOLINA ESPECIAL EESS,22000.0,L,ESTACION DE SERVICIO TEOPONTE S.R.L.,2160-RXK,Gasolina Especial,GASOLINA_ESPECIAL,,,
2026-09-08,2026-09-08,True,False,Distrito Comercial La Paz,GASOLINA ESPECIAL EESS,22000.0,L,SANTA ROSA PERLA DEL BENI S.R.L.,417-FKH,Gasolina Especial,GASOLINA_ESPECIAL,,,
2026-09-08,2026-09-08,True,False,Distrito Comercial La Paz,GASOLINA ESPECIAL EESS,22000.0,L,EST. SERV. IRIARTE SAN BORJA,1254-RSC,Gasolina Especial,GASOLINA_ESPECIAL,,,
2026-09-08,2026-09-08,True,False,Distrito Comercial La Paz,DIESEL OIL IMPORTADO EESS,12000.0,L,ESTACION DE SERVICIO CHALLAPAMPA S.R.L.,2293-HYA,Diesel Oil Importado,DIESEL_IMPORTADO,,,
2026-09-08,2026-09-08,True,False,Distrito Comercial La Paz,DIESEL OIL NACIONAL EESS,22000.0,L,EST. SERV. ITURRALDE S.R.L.,2488-EXH,Diesel Oil Nacional,DIESEL_NACIONAL,,,
2026-09-08,2026-09-08,True,False,Distrito Comercial La Paz,DIESEL OIL IMPORTADO EESS,24000.0,L,EST. SERV. ILLIMANI S.R.L.,564-CNY,Diesel Oil Importado,DIESEL_IMPORTADO,,,
2026-09-08,2026-09-08,True,False,Distrito Comercial La Paz,DIESEL OIL IMPORTADO EESS,24000.0,L,ESTACION DE SERVICIO C. REDENTOR S.R.L.,306-ERY,Diesel Oil Importado,DIESEL_IMPORTADO,,,
2026-09-08,2026-09-08,True,False,Distrito Comercial La Paz,GASOLINA ESPECIAL + (S/DSI),24000.0,L,EST. SERV. COSTANERA SRL.,551-NCI,Gasolina Especial +,GASOLINA_ESPECIAL_MAS,,,
2026-09-08,2026-09-08,True,False,Distrito Comercial La Paz,GASOLINA ESPECIAL + EESS,22000.0,L,EDEN CLEVER CARRILLO CONDORI-ESTACION DE SERVICIO EDENCCC,2546-YFS,Gasolina Especial +,GASOLINA_ESPECIAL_MAS,,,
2026-09-08,2026-09-08,True,False,Distrito Comercial La Paz,DIESEL OIL NACIONAL EESS,22000.0,L,ESTACION DE SERVICIO HUANCANE Y TRANSPORTE S.R.L.,1089-SDH 1,Diesel Oil Nacional,DIESEL_NACIONAL,,,
2026-09-08,2026-09-08,True,False,Distrito Comercial La Paz,DIESEL OIL NACIONAL EESS,22000.0,L,ESTACION DE SERVICIO SURTIDOR TUMUPASA S.R.L.,3441-LZN,Diesel Oil Nacional,DIESEL_NACIONAL,,,
2026-09-08,2026-09-08,True,False,Distrito Comercial La Paz,DIESEL OIL NACIONAL EESS,20000.0,L,GASOLINERA HUATAJATA S.R.L.,564-CDR 1,Diesel Oil Nacional,DIESEL_NACIONAL,,,
2026-09-08,2026-09-08,True,False,Distrito Comercial La Paz,DIESEL OIL NACIONAL EESS,20000.0,L,EST. SERV. UCHUMACHI,3766-RPX,Diesel Oil Nacional,DIESEL_NACIONAL,,,
2026-09-08,2026-09-08,True,False,Distrito Comercial La Paz,DIESEL OIL NACIONAL EESS,22000.0,L,EST. SERV. NETANEL,1148-NIX 1,Diesel Oil Nacional,DIESEL_NACIONAL,,,
2026-09-08,2026-09-08,True,False,Distrito Comercial La Paz,DIESEL OIL NACIONAL EESS,22000.0,L,ESTACION DE SERVICIO PETROMAPIRI S.R.L.,1460-UYE,Diesel Oil Nacional,DIESEL_NACIONAL,,,
2026-09-08,2026-09-08,True,False,Distrito Comercial La Paz,GASOLINA ESPECIAL EESS,22000.0,L,ESTACION DE SERVICIO PETROMAPIRI S.R.L.,1729-PDL,Gasolina Especial,GASOLINA_ESPECIAL,,,
2026-09-08,2026-09-08,True,False,Distrito Comercial La Paz,DIESEL OIL IMPORTADO EESS,18000.0,L,EST. SERV. GALAXIA S.R.L.,3474-IEP,Diesel Oil Importado,DIESEL_IMPORTADO,,,
2026-09-08,2026-09-08,True,False,Distrito Comercial La Paz,GASOLINA ESPECIAL + (S/DSI),24000.0,L,ESTACION DE SERVICIO JACHA INTI S.R.L.,4244-CHC,Gasolina Especial +,GASOLINA_ESPECIAL_MAS,,,
2026-09-08,2026-09-08,True,False,Distrito Comercial La Paz,GASOLINA ESPECIAL + (S/DSI),24000.0,L,EST. SERV. BASSAM LTDA,5197-SFT,Gasolina Especial +,GASOLINA_ESPECIAL_MAS,,,
2026-09-08,2026-09-08,True,False,Distrito Comercial La Paz,DIESEL OIL IMPORTADO EESS,24000.0,L,ELSA CHIPANA H. - EST. SERV. ECOPETROL,829-XPG,Diesel Oil Importado,DIESEL_IMPORTADO,,,
2026-09-08,2026-09-08,True,False,Distrito Comercial La Paz,DIESEL OIL IMPORTADO EESS,12000.0,L,EST. SERV. VOLCAN S.R.L.,704-BCY,Diesel Oil Importado,DIESEL_IMPORTADO,,,
2026-09-08,2026-09-08,True,False,Distrito Comercial La Paz,DIESEL OIL IMPORTADO EESS,24000.0,L,"EMPRESA COMERCIALIZADORA, DISTRIBUIDORA DE SERVICIOS Y CARBURANTES ARUZCA MORALES S.R.L.",1252-RLS,Diesel Oil Importado,DIESEL_IMPORTADO,,,
2026-09-08,2026-09-08,True,False,Distrito Comercial La Paz,DIESEL OIL NACIONAL EESS,22000.0,L,EST. SERV. BALLIVIAN,080-RZK,Diesel Oil Nacional,DIESEL_NACIONAL,,,
2026-09-08,2026-09-08,True,False,Distrito Comercial La Paz,GASOLINA ESPECIAL + (S/DSI),12000.0,L,EST. SERV. 6 DE MARZO,4523-AZB,Gasolina Especial +,GASOLINA_ESPECIAL_MAS,,,
2026-09-08,2026-09-08,True,False,Distrito Comercial La Paz,DIESEL OIL NACIONAL EESS,22000.0,L,ESTACION DE SERVICIO MADAGASCAR S.R.L.,484-RYI,Diesel Oil Nacional,DIESEL_NACIONAL,,,
2026-09-08,2026-09-08,True,False,Distrito Comercial La Paz,DIESEL OIL NACIONAL EESS,22000.0,L,EST. SERV. SAN MIGUEL-IVAN L.,336-YAB 1,Diesel Oil Nacional,DIESEL_NACIONAL,,,
2026-09-08,2026-09-08,True,False,Distrito Comercial La Paz,GLP DISTRIB. 10 KILOS NAL,3550.0,L,DIST. GLP. LA CALZADA-SUD YUNGAS,1628-ADH,GLP,GLP,,,
2026-09-08,2026-09-08,True,False,Distrito Comercial La Paz,DIESEL OIL IMPORTADO EESS,22000.0,L,MARIANA J. CAMACHO RAMIREZ - PUESTO DE VENTA MIMARBOZO,564-CTN,Diesel Oil Importado,DIESEL_IMPORTADO,,,
2026-09-08,2026-09-08,True,False,Distrito Comercial La Paz,GASOLINA ESPECIAL EESS,22000.0,L,MARIANA J. CAMACHO RAMIREZ - PUESTO DE VENTA MIMARBOZO,564-CPC,Gasolina Especial,GASOLINA_ESPECIAL,,,
2026-09-08,2026-09-08,True,False,Distrito Comercial La Paz,GASOLINA ESPECIAL EESS,12000.0,L,EST. SERV. BALLIVIAN SANTA BARBARA,106-LRY,Gasolina Especial,GASOLINA_ESPECIAL,,,
2026-09-08,2026-09-08,True,False,Distrito Comercial La Paz,GASOLINA ESPECIAL EESS,22000.0,L,EST. SERV. CARBURANTES SAN MIGUEL,1552-UYP-1,Gasolina Especial,GASOLINA_ESPECIAL,,,
2026-09-08,2026-09-08,True,False,Distrito Comercial La Paz,DIESEL OIL NACIONAL EESS,12000.0,L,EST. SERV. BALLIVIAN SANTA BARBARA,106-LRY,Diesel Oil Nacional,DIESEL_NACIONAL,,,
2026-09-08,2026-09-08,True,False,Distrito Comercial La Paz,DIESEL OIL IMPORTADO EESS,24000.0,L,ESTACION DE SERVICIO ZOFRI S.R.L.,1397-CTU,Diesel Oil Importado,DIESEL_IMPORTADO,,,
2026-09-08,2026-09-08,True,False,Distrito Comercial La Paz,DIESEL OIL IMPORTADO EESS,24000.0,L,CHOROPAMPA S.R.L.,3437-LBK,Diesel Oil Importado,DIESEL_IMPORTADO,,,
2026-09-08,2026-09-08,True,False,Distrito Comercial La Paz,DIESEL OIL NACIONAL EESS,22000.0,L,EST. SERV. RIO MANIQUI - FATIMA FORERO B.,306-ESC,Diesel Oil Nacional,DIESEL_NACIONAL,,,
2026-09-08,2026-09-08,True,False,Distrito Comercial La Paz,DIESEL OIL IMPORTADO EESS,24000.0,L,ESTACIÓN DE SERVICIO ALIMARC INTER GAS BOLIVIA S.R.L.,1436-ZZG,Diesel Oil Importado,DIESEL_IMPORTADO,,,
2026-09-08,2026-09-08,True,False,Distrito Comercial La Paz,GASOLINA ESPECIAL EESS,22000.0,L,RACING GAS S.R.L. (SUC-1),564-CBH,Gasolina Especial,GASOLINA_ESPECIAL,,,
2026-09-08,2026-09-08,True,False,Distrito Comercial La Paz,GASOLINA ESPECIAL + (S/DSI),24000.0,L,EST. SERV. RACING GAS S.R.L.,801-ZRR,Gasolina Especial +,GASOLINA_ESPECIAL_MAS,,,
2026-09-08,2026-09-08,True,False,Distrito Comercial La Paz,DIESEL OIL IMPORTADO EESS,12000.0,L,EST. SERV. BOLIVIA ZURSIL S.R.L.,801-ZLE,Diesel Oil Importado,DIESEL_IMPORTADO,,,
2026-09-08,2026-09-08,True,False,Distrito Comercial La Paz,GASOLINA ESPECIAL + (S/DSI),12000.0,L,EST. SERV. BOLIVIA ZURSIL S.R.L.,801-ZLE,Gasolina Especial +,GASOLINA_ESPECIAL_MAS,,,
2026-09-08,2026-09-08,True,False,Distrito Comercial La Paz,DIESEL OIL NACIONAL EESS,20000.0,L,EST. SERV. ACHACACHI S.R.L.,542-PSF,Diesel Oil Nacional,DIESEL_NACIONAL,,,
2026-09-08,2026-09-08,True,False,Distrito Comercial La Paz,GASOLINA ESPECIAL EESS,22000.0,L,ESTACION DE SERVICIO SAYHOGAS S.R.L.,1454-FLH,Gasolina Especial,GASOLINA_ESPECIAL,,,
2026-09-08,2026-09-08,True,False,Distrito Comercial La Paz,DIESEL OIL IMPORTADO EESS,24000.0,L,ELDA S. AGUILAR V. - EST. SERV. JUAN PABLO II,4457-NRI,Diesel Oil Importado,DIESEL_IMPORTADO,,,
2026-09-08,2026-09-08,True,False,Distrito Comercial La Paz,DIESEL OIL IMPORTADO EESS,24000.0,L,ESTACION DE SERVICIO FULL TANK S.R.L.,5352-EER,Diesel Oil Importado,DIESEL_IMPORTADO,,,
2026-09-08,2026-09-08,True,False,Distrito Comercial La Paz,DIESEL OIL IMPORTADO EESS,24000.0,L,EDUARDO YUPANQUI Q.-EST. SERV. VENTILLA,1149-ZND,Diesel Oil Importado,DIESEL_IMPORTADO,,,
2026-09-08,2026-09-08,True,False,Distrito Comercial La Paz,DIESEL OIL IMPORTADO EESS,24000.0,L,ESTACION DE SERVICIOS NIMAGASBOL S.R.L.,1444-FDT,Diesel Oil Importado,DIESEL_IMPORTADO,,,
2026-09-08,2026-09-08,True,False,Distrito Comercial La Paz,DIESEL OIL NACIONAL EESS,22000.0,L,ESTACION DE SERVICIO TOLAR S.R.L.,5632-ZYE,Diesel Oil Nacional,DIESEL_NACIONAL,,,
2026-09-08,2026-09-08,True,False,Distrito Comercial La Paz,GASOLINA ESPECIAL + (S/DSI),12000.0,L,EST. SERV. JAIMES FREYRE,1118-KLR,Gasolina Especial +,GASOLINA_ESPECIAL_MAS,,,
2026-09-08,2026-09-08,True,False,Distrito Comercial La Paz,DIESEL OIL IMPORTADO EESS,24000.0,L,EST. SERV. QHANTATI SRL.,2097-PCX,Diesel Oil Importado,DIESEL_IMPORTADO,,,
2026-09-08,2026-09-08,True,False,Distrito Comercial La Paz,DIESEL OIL IMPORTADO EESS,18000.0,L,EST. SERV. EDUARDO YUPANQUI,1156-PGH 1,Diesel Oil Importado,DIESEL_IMPORTADO,,,
2026-09-08,2026-09-08,True,False,Distrito Comercial La Paz,DIESEL OIL IMPORTADO EESS,20000.0,L,EST. SERV. LUBRICAN SRL,2714-SNP,Diesel Oil Importado,DIESEL_IMPORTADO,,,
2026-09-08,2026-09-08,True,False,Distrito Comercial La Paz,DIESEL OIL IMPORTADO EESS,24000.0,L,ZURSIL S.R.L. - E.S.T.,1604-NBE,Diesel Oil Importado,DIESEL_IMPORTADO,,,
2026-09-08,2026-09-08,True,False,Distrito Comercial La Paz,GASOLINA ESPECIAL EESS,22000.0,L,ESTACION DE SERVICIO GASOLINERA CRUCE DE ORO S.R.L.,1818-CZU,Gasolina Especial,GASOLINA_ESPECIAL,,,
2026-09-08,2026-09-08,True,False,Distrito Comercial La Paz,DIESEL OIL IMPORTADO EESS,20000.0,L,EST. SERV. M&G CAMINO REAL,2801-XUD,Diesel Oil Importado,DIESEL_IMPORTADO,,,
2026-09-08,2026-09-08,True,False,Distrito Comercial La Paz,DIESEL OIL IMPORTADO EESS,20000.0,L,EST. SERV. EMP. COM. HID. TUPAC KATARI S.R.L.,110-NBH,Diesel Oil Importado,DIESEL_IMPORTADO,,,
2026-09-08,2026-09-08,True,False,Distrito Comercial La Paz,DIESEL OIL IMPORTADO EESS,24000.0,L,EST. SERV. VOLCAN S.R.L.,1203-BED,Diesel Oil Importado,DIESEL_IMPORTADO,,,
2026-09-08,2026-09-08,True,False,Distrito Comercial La Paz,DIESEL OIL IMPORTADO EESS,13000.0,L,ESTACION DE SERVICIO SAN SEBASTIAN S.R.L.,2537-TEG,Diesel Oil Importado,DIESEL_IMPORTADO,,,
2026-09-08,2026-09-08,True,False,Distrito Comercial La Paz,DIESEL OIL IMPORTADO EESS,20000.0,L,EST. SERV. INTEROCEANICO,6666-GAP,Diesel Oil Importado,DIESEL_IMPORTADO,,,
2026-09-08,2026-09-08,True,False,Distrito Comercial La Paz,DIESEL OIL IMPORTADO EESS,24000.0,L,ESTACION DE SERVICIO TERRAGAS LTDA,5361-TUF,Diesel Oil Importado,DIESEL_IMPORTADO,,,
2026-09-08,2026-09-08,True,False,Distrito Comercial La Paz,DIESEL OIL IMPORTADO EESS,20000.0,L,ESTACION DE SERVICIO SEÑOR DE MAYO S.R.L.,551-HEL,Diesel Oil Importado,DIESEL_IMPORTADO,,,
2026-09-08,2026-09-08,True,False,Distrito Comercial La Paz,DIESEL OIL IMPORTADO EESS,20000.0,L,EST. SERV. CUENTAS SAN PABLO II S.R.L.,1189-EHP,Diesel Oil Importado,DIESEL_IMPORTADO,,,
2026-09-08,2026-09-08,True,False,Distrito Comercial La Paz,DIESEL OIL IMPORTADO EESS,12000.0,L,DISTRIBUIDORA DE GASOLINA Y LUBRICANTES SAN PABLO S.R.L.,632-RIB,Diesel Oil Importado,DIESEL_IMPORTADO,,,
2026-09-08,2026-09-08,True,False,Distrito Comercial La Paz,DIESEL OIL IMPORTADO EESS,12000.0,L,GREGORIO CUENTAS M. EST. SERV. DRAGON DE ORO,500-FYX,Diesel Oil Importado,DIESEL_IMPORTADO,,,
2026-09-08,2026-09-08,True,False,Distrito Comercial La Paz,DIESEL OIL IMPORTADO EESS,24000.0,L,EST. SERV. LAREDO SRL,3137-FBS,Diesel Oil Importado,DIESEL_IMPORTADO,,,
2026-09-08,2026-09-08,True,False,Distrito Comercial La Paz,DIESEL OIL IMPORTADO EESS,24000.0,L,ESTACION DE SERVICIO CALUYO S.R.L.,2315-AFR,Diesel Oil Importado,DIESEL_IMPORTADO,,,
2026-09-08,2026-09-08,True,False,Distrito Comercial La Paz,GASOLINA ESPECIAL + (S/DSI),24000.0,L,ESTACION DE SERVICIO KANTUTA S.R.L.,557-XEF,Gasolina Especial +,GASOLINA_ESPECIAL_MAS,,,
2026-09-08,2026-09-08,True,False,Distrito Comercial La Paz,DIESEL OIL IMPORTADO EESS,35000.0,L,ESTACION DE SERVICIO SAN SEBASTIAN S.R.L.,2537-TEG,Diesel Oil Importado,DIESEL_IMPORTADO,,,
2026-09-08,2026-09-08,True,False,Distrito Comercial La Paz,DIESEL OIL IMPORTADO EESS,24000.0,L,EST. SERV. SAN PABLO VILLA BOLIVAR S.R.L.,496-HSR,Diesel Oil Importado,DIESEL_IMPORTADO,,,
2026-09-08,2026-09-08,True,False,Distrito Comercial La Paz,DIESEL OIL IMPORTADO EESS,24000.0,L,EST. SERV. APOSTOL SANTIAGO,1487-RYN,Diesel Oil Importado,DIESEL_IMPORTADO,,,
2026-09-08,2026-09-08,True,False,Distrito Comercial La Paz,DIESEL OIL IMPORTADO EESS,18000.0,L,EST. SERV. SALIDA LTDA,2701-TZH,Diesel Oil Importado,DIESEL_IMPORTADO,,,
2026-09-08,2026-09-08,True,False,Distrito Comercial La Paz,DIESEL OIL IMPORTADO EESS,20000.0,L,MARIA PATZI-EST. SERV. VARELA,2352-NHH,Diesel Oil Importado,DIESEL_IMPORTADO,,,
2026-09-08,2026-09-08,True,False,Distrito Comercial La Paz,DIESEL OIL IMPORTADO EESS,24000.0,L,EST. SERV. PLAYA VERDE,1089-ZGC 1,Diesel Oil Importado,DIESEL_IMPORTADO,,,
2026-09-08,2026-09-08,True,False,Distrito Comercial La Paz,DIESEL OIL IMPORTADO EESS,24000.0,L,EST. SERV. 6 DE MARZO,101-GEK,Diesel Oil Importado,DIESEL_IMPORTADO,,,
2026-09-08,2026-09-08,True,False,Distrito Comercial La Paz,DIESEL OIL IMPORTADO EESS,20000.0,L,EST. SERV. PEREZ ROCHA SRL.,3445-DKC,Diesel Oil Importado,DIESEL_IMPORTADO,,,
2026-09-08,2026-09-08,True,False,Distrito Comercial La Paz,DIESEL OIL IMPORTADO EESS,20000.0,L,ESTACION DE SERVICIO LOZA - MARCELINA AGUIRRE VDA. DE LOZA,581-YGU,Diesel Oil Importado,DIESEL_IMPORTADO,,,
2026-09-08,2026-09-08,True,False,Distrito Comercial La Paz,DIESEL OIL IMPORTADO EESS,12000.0,L,ESTACION DE SERVICIO TEJADA TRIANGULAR,1776-DNN,Diesel Oil Importado,DIESEL_IMPORTADO,,,
2026-09-08,2026-09-08,True,False,Distrito Comercial La Paz,DIESEL OIL IMPORTADO EESS,18000.0,L,EST. SERV. CHASQUIPAMPA S.R.L.,3030-TPF,Diesel Oil Importado,DIESEL_IMPORTADO,,,
2026-09-08,2026-09-08,True,False,Distrito Comercial La Paz,DIESEL OIL IMPORTADO EESS,20000.0,L,EST. SERV. EL PARAISO SRL.,5352-FGB,Diesel Oil Importado,DIESEL_IMPORTADO,,,
2026-09-08,2026-09-08,True,False,Distrito Comercial La Paz,DIESEL OIL IMPORTADO EESS,24000.0,L,EST. SERV. CANDELARIA,1062-UXD,Diesel Oil Importado,DIESEL_IMPORTADO,,,
2026-09-08,2026-09-08,True,False,Distrito Comercial La Paz,GASOLINA ESPECIAL + (S/DSI),24000.0,L,EST. SERV. GAS-MAY S.R.L.,1704-ESB,Gasolina Especial +,GASOLINA_ESPECIAL_MAS,,,
2026-09-08,2026-09-08,True,False,Distrito Comercial La Paz,GLP DISTRIB. 10 KILOS NAL,940.0,L,DIST. GLP. TRIPETROL S.R.L.,444-KPH,GLP,GLP,,,
2026-09-08,2026-09-08,True,False,Distrito Comercial La Paz,GLP DISTRIB. 10 KILOS NAL,380.0,L,DIST. GLP. TRIPETROL S.R.L.,1412-PIT,GLP,GLP,,,
2026-09-08,2026-09-08,True,False,Distrito Comercial La Paz,GASOLINA ESPECIAL + (S/DSI),24000.0,L,EST. SERV. EMP. COM. HID. TUPAC KATARI S.R.L.,658-HPL,Gasolina Especial +,GASOLINA_ESPECIAL_MAS,,,
2026-09-08,2026-09-08,True,False,Distrito Comercial La Paz,GASOLINA ESPECIAL + (S/DSI),24000.0,L,GAS SAN FELIPE S.R.L.,5602-HKS,Gasolina Especial +,GASOLINA_ESPECIAL_MAS,,,
2026-09-08,2026-09-08,True,False,Distrito Comercial La Paz,GASOLINA ESPECIAL + (S/DSI),12000.0,L,EST. SERV. SURTIDORES UNITOURS LTDA.,3091-NHK,Gasolina Especial +,GASOLINA_ESPECIAL_MAS,,,
2026-09-08,2026-09-08,True,False,Distrito Comercial La Paz,GASOLINA ESPECIAL + (S/DSI),24000.0,L,EST. SERV. MARANATHA,2902-RYT,Gasolina Especial +,GASOLINA_ESPECIAL_MAS,,,
2026-09-08,2026-09-08,True,False,Distrito Comercial La Paz,GASOLINA ESPECIAL + (S/DSI),24000.0,L,EST. SERV. SIEMPRE A FULL MIRAFLORES S.R.L. (SAF),1502-ZDB,Gasolina Especial +,GASOLINA_ESPECIAL_MAS,,,
2026-09-08,2026-09-08,True,False,Distrito Comercial La Paz,GASOLINA ESPECIAL + (S/DSI),12000.0,L,ESTACIÓN DE SERVICIO ALIMARC INTER GAS BOLIVIA S.R.L.,328-LNP,Gasolina Especial +,GASOLINA_ESPECIAL_MAS,,,
2026-09-08,2026-09-07,True,True,Distrito Comercial La Paz,DIESEL OIL IMPORTADO EESS,24000.0,L,ESTACIÓN DE SERVICIO ALIMARC INTER GAS BOLIVIA S.R.L.,547-CKT,Diesel Oil Importado,DIESEL_IMPORTADO,,,
2026-09-08,2026-09-08,True,False,Distrito Comercial La Paz,GASOLINA ESPECIAL + (S/DSI),18000.0,L,ELSA CHIPANA H. - EST. SERV. ECOPETROL,4563-ZEN 1,Gasolina Especial +,GASOLINA_ESPECIAL_MAS,,,
2026-09-08,2026-09-08,True,False,Distrito Comercial La Paz,GASOLINA ESPECIAL EESS,22000.0,L,SOCIEDAD PERLA ANDINA S.R.L.,1008-UIC,Gasolina Especial,GASOLINA_ESPECIAL,,,
2026-09-08,2026-09-08,True,False,Distrito Comercial La Paz,GASOLINA ESPECIAL + (S/DSI),20000.0,L,EST. SERV. ACB SAN JORGE,1853-KTP,Gasolina Especial +,GASOLINA_ESPECIAL_MAS,,,
2026-09-08,2026-09-08,True,False,Distrito Comercial La Paz,GASOLINA ESPECIAL + (S/DSI),24000.0,L,EST. SERV. ACB CALACOTO,839-EUS,Gasolina Especial +,GASOLINA_ESPECIAL_MAS,,,
2026-09-08,2026-09-07,True,True,Distrito Comercial La Paz,DIESEL OIL NACIONAL EESS,24000.0,L,OFELIA PLATA P. - EST. SERV. UMAMARCA,2339-UFY,Diesel Oil Nacional,DIESEL_NACIONAL,,,
2026-09-08,2026-09-07,True,True,Distrito Comercial La Paz,DIESEL OIL IMPORTADO CF,19900.0,L,EMPRESA MINERA NARDED S.R.L.,227-DDK,Diesel Oil Importado,DIESEL_IMPORTADO,,,
2026-09-08,2026-09-08,True,False,Distrito Comercial La Paz,GASOLINA ESPECIAL + (S/DSI),12000.0,L,EST. SERV. YUPANQUI,3480-LTK,Gasolina Especial +,GASOLINA_ESPECIAL_MAS,,,
2026-09-08,2026-09-08,True,False,Distrito Comercial La Paz,GASOLINA ESPECIAL + (S/DSI),12000.0,L,ESTACION DE SERVICIO ZOFRI S.R.L.,1106-PCH,Gasolina Especial +,GASOLINA_ESPECIAL_MAS,,,
2026-09-08,2026-09-08,True,False,Distrito Comercial La Paz,GLP DISTRIB. 10 KILOS NAL,6500.0,L,DIST. GLP. DISANDES S.R.L.,1814-GTY,GLP,GLP,,,
2026-09-08,2026-09-08,True,False,Distrito Comercial La Paz,GASOLINA ESPECIAL + (S/DSI),24000.0,L,ESTACION DE SERVICIO LOZA - MARCELINA AGUIRRE VDA. DE LOZA,581-YGU,Gasolina Especial +,GASOLINA_ESPECIAL_MAS,,,
2026-09-08,2026-09-08,True,False,Distrito Comercial La Paz,GLP DISTRIB. 45 KILOS NAL,2250.0,L,DIST. GLP. SOCIEDAD PETROLERA SANTA ELENA S.R.L. (SOPESE S.R.L.),085-IKK,GLP,GLP,,,
2026-09-08,2026-09-08,True,False,Distrito Comercial La Paz,GLP DISTRIB. 10 KILOS NAL,6090.0,L,DIST. GLP. SOCIEDAD PETROLERA SANTA ELENA S.R.L. (SOPESE S.R.L.),414-BKB,GLP,GLP,,,
2026-09-08,2026-09-08,True,False,Distrito Comercial La Paz,GLP DISTRIB. 10 KILOS NAL,5490.0,L,DIST. GLP. SOCIEDAD PETROLERA SANTA ELENA S.R.L. (SOPESE S.R.L.),065-KKN,GLP,GLP,,,
2026-09-08,2026-09-08,True,False,Distrito Comercial La Paz,GLP DISTRIB. 10 KILOS NAL,6210.0,L,DIST. GLP. SOCIEDAD PETROLERA SANTA ELENA S.R.L. (SOPESE S.R.L.),091-FAX,GLP,GLP,,,
2026-09-08,2026-09-08,True,False,Distrito Comercial La Paz,GLP DISTRIB. 10 KILOS NAL,8840.0,L,DISTRIBUIDORA DE GAS LICUADO ALEJANDRA S.R.L.,2198-CGL,GLP,GLP,,,
2026-09-08,2026-09-08,True,False,Distrito Comercial La Paz,GASOLINA ESPECIAL + (S/DSI),24000.0,L,EST. SERV. EL PARAISO SRL.,3831-BFB,Gasolina Especial +,GASOLINA_ESPECIAL_MAS,,,
2026-09-08,2026-09-08,True,False,Distrito Comercial La Paz,GASOLINA ESPECIAL EESS,22000.0,L,CLEMENTINA FANNY MAMANI MORALES - EST. SERV. LAHUACHACA Y DISTRIBUCION DE GLP,1401-ICT,Gasolina Especial,GASOLINA_ESPECIAL,,,
2026-09-08,2026-09-08,True,False,Distrito Comercial La Paz,GASOLINA ESPECIAL + (S/DSI),12000.0,L,EST. SERV. CHUSAMARCA,3879-BHE,Gasolina Especial +,GASOLINA_ESPECIAL_MAS,,,
2026-09-08,2026-09-08,True,False,Distrito Comercial La Paz,GASOLINA ESPECIAL + (S/DSI),24000.0,L,EST. SERV. MOTORECO SRL.,1340-SPB,Gasolina Especial +,GASOLINA_ESPECIAL_MAS,,,
2026-09-08,2026-09-08,True,False,Distrito Comercial La Paz,GLP DISTRIB. 10 KILOS NAL,6000.0,L,ISABEL DURAN DE ITURRI - DIST. GLP DURA GAS,659-INT,GLP,GLP,,,
2026-09-08,2026-09-08,True,False,Distrito Comercial La Paz,GLP DISTRIB. 10 KILOS NAL,2870.0,L,DIST. GLP. VIAGAS,713-EZX,GLP,GLP,,,
2026-09-08,2026-09-08,True,False,Distrito Comercial La Paz,GASOLINA ESPECIAL + (S/DSI),12000.0,L,GRUPO EMPRESARIAL VIRGEN DE LOS ALAMOS S.R.L.,4831-ETU,Gasolina Especial +,GASOLINA_ESPECIAL_MAS,,,
2026-09-08,2026-09-08,True,False,Distrito Comercial La Paz,GLP DISTRIB. 10 KILOS NAL,4680.0,L,DIST. GLP. VIAGAS,162-ZAS,GLP,GLP,,,
2026-09-08,2026-09-07,True,True,Distrito Comercial La Paz,DIESEL OIL NACIONAL EESS,22000.0,L,SILVIA TORREZ.- EST. SERV. TORREZ,2049-GTA,Diesel Oil Nacional,DIESEL_NACIONAL,,,
2026-09-08,2026-09-08,True,False,Distrito Comercial La Paz,GLP DISTRIB. 10 KILOS NAL,6480.0,L,DIST. GLP. VIAGAS,162-ZAS,GLP,GLP,,,
2026-09-08,2026-09-08,True,False,Distrito Comercial La Paz,GLP DISTRIB. 10 KILOS NAL,6630.0,L,DIST. GLP. VIAGAS,302-TIF,GLP,GLP,,,
2026-09-08,2026-09-07,True,True,Distrito Comercial La Paz,GASOLINA ESPECIAL + (S/DSI),12000.0,L,EST. SERV. JAIMES FREYRE,1118-KLR,Gasolina Especial +,GASOLINA_ESPECIAL_MAS,,,
2026-09-08,2026-09-08,True,False,Distrito Comercial La Paz,GLP DISTRIB. 10 KILOS NAL,6210.0,L,DIST. GLP. VIAGAS,1255-KZB,GLP,GLP,,,
2026-09-08,2026-09-08,True,False,Distrito Comercial La Paz,GASOLINA ESPECIAL + (S/DSI),24000.0,L,GRUPO EMPRESARIAL VIRGEN DE LOS ALAMOS S.R.L.,4831-ETU,Gasolina Especial +,GASOLINA_ESPECIAL_MAS,,,
2026-09-08,2026-09-08,True,False,Distrito Comercial La Paz,GLP DISTRIB. 10 KILOS NAL,3500.0,L,DIST. GLP ANGELES,986-UIL,GLP,GLP,,,
2026-09-08,2026-09-08,True,False,Distrito Comercial La Paz,GLP DISTRIB. 10 KILOS NAL,7000.0,L,DIST. GLP ANGELES,2750-CBU,GLP,GLP,,,
2026-09-08,2026-09-08,True,False,Distrito Comercial La Paz,GASOLINA ESPECIAL + (S/DSI),24000.0,L,EST. SERV. LUBRICAN SRL,2714-SNP,Gasolina Especial +,GASOLINA_ESPECIAL_MAS,,,
2026-09-08,2026-09-07,True,True,Distrito Comercial La Paz,DIESEL OIL IMPORTADO EESS,20000.0,L,ESTACIÓN DE SERVICIO LAS ROSAS S.R.L.,4523-AZB,Diesel Oil Importado,DIESEL_IMPORTADO,,,
2026-09-08,2026-09-08,True,False,Distrito Comercial La Paz,GASOLINA ESPECIAL + (S/DSI),12000.0,L,EST. SERV. ALTO LIMA S.R.L.,1555-ULK,Gasolina Especial +,GASOLINA_ESPECIAL_MAS,,,
2026-09-08,2026-09-08,True,False,Distrito Comercial La Paz,GLP DISTRIB. 10 KILOS NAL,3570.0,L,SAN JUDAS TADEO SOCIEDAD DE RESPONSABILIDAD LIMITADA,091-FDH,GLP,GLP,,,
2026-09-08,2026-09-08,True,False,Distrito Comercial La Paz,GLP DISTRIB. 10 KILOS NAL,6900.0,L,SAN JUDAS TADEO SOCIEDAD DE RESPONSABILIDAD LIMITADA,795-CZG,GLP,GLP,,,
2026-09-08,2026-09-08,True,False,Distrito Comercial La Paz,GLP DISTRIB. 10 KILOS NAL,6630.0,L,SAN JUDAS TADEO SOCIEDAD DE RESPONSABILIDAD LIMITADA,091-FDH,GLP,GLP,,,
2026-09-08,2026-09-08,True,False,Distrito Comercial La Paz,GLP DISTRIB. 10 KILOS NAL,4260.0,L,DIST. GLP. PROGAS S.R.L.,066-ASF,GLP,GLP,,,
2026-09-08,2026-09-08,True,False,Distrito Comercial La Paz,GLP DISTRIB. 10 KILOS NAL,6750.0,L,A.A.V.V. GAS S.R.L.,078-SCG,GLP,GLP,,,
2026-09-08,2026-09-08,True,False,Distrito Comercial La Paz,GLP DISTRIB. 10 KILOS NAL,6360.0,L,DIST. GLP. PROGAS S.R.L.,932-TGG,GLP,GLP,,,
2026-09-08,2026-09-08,True,False,Distrito Comercial La Paz,GLP DISTRIB. 10 KILOS NAL,6750.0,L,DIST. GLP. PROGAS S.R.L.,081-CEX,GLP,GLP,,,
2026-09-08,2026-09-08,True,False,Distrito Comercial La Paz,GLP DISTRIB. 10 KILOS NAL,6630.0,L,DIST. GLP. PROGAS S.R.L.,303-CTB,GLP,GLP,,,
2026-09-08,2026-09-08,True,False,Distrito Comercial La Paz,GLP DISTRIB. 10 KILOS NAL,3750.0,L,A.A.V.V. GAS S.R.L.,538-NHU,GLP,GLP,,,
2026-09-08,2026-09-08,True,False,Distrito Comercial La Paz,GLP DISTRIB. 45 KILOS NAL,1800.0,L,A.A.V.V. GAS S.R.L.,4994-PHC,GLP,GLP,,,
2026-09-08,2026-09-08,True,False,Distrito Comercial La Paz,GLP DISTRIB. 10 KILOS NAL,6750.0,L,AXEL GAS S.R.L.,1209-EYS,GLP,GLP,,,
2026-09-08,2026-09-08,True,False,Distrito Comercial La Paz,GLP DISTRIB. 10 KILOS NAL,4800.0,L,GMGRECO GAS SOCIEDAD DE RESPONSABILIDAD LIMITADA,921-NLX,GLP,GLP,,,
2026-09-08,2026-09-08,True,False,Distrito Comercial La Paz,GLP DISTRIB. 10 KILOS NAL,6630.0,L,GMGRECO GAS SOCIEDAD DE RESPONSABILIDAD LIMITADA,921-NLX,GLP,GLP,,,
2026-09-08,2026-09-08,True,False,Distrito Comercial La Paz,GLP DISTRIB. 10 KILOS NAL,8500.0,L,DIST. GLP HERMANAS DURAN AGUILAR - MARLENE F. DURAN AGUILAR,2749-GEH,GLP,GLP,,,
2026-09-08,2026-09-07,True,True,Distrito Comercial La Paz,GLP DISTRIB. 10 KILOS NAL,1850.0,L,DIST. GLP. LA CALZADA-SUD YUNGAS,1628-ADH,GLP,GLP,,,
2026-09-08,2026-09-08,True,False,Distrito Comercial La Paz,GLP DISTRIB. 45 KILOS NAL,2250.0,L,DIST. GLP. ESMERALDA GAS SRL.,2821-LXX,GLP,GLP,,,
2026-09-08,2026-09-08,True,False,Distrito Comercial La Paz,GLP DISTRIB. 10 KILOS NAL,5280.0,L,DIST. GLP. ESMERALDA GAS SRL.,801-NIK,GLP,GLP,,,
2026-09-08,2026-09-08,True,False,Distrito Comercial La Paz,GLP DISTRIB. 10 KILOS NAL,6300.0,L,DIST. GLP. ESMERALDA GAS SRL.,924-ZFP,GLP,GLP,,,
2026-09-08,2026-09-08,True,False,Distrito Comercial La Paz,GLP DISTRIB. 10 KILOS NAL,6210.0,L,DIST. GLP. ESMERALDA GAS SRL.,2124-NIL,GLP,GLP,,,
2026-09-08,2026-09-08,True,False,Distrito Comercial La Paz,GLP DISTRIB. 10 KILOS NAL,6120.0,L,DIST. GLP. TRIPETROL S.R.L.,1049-GCX,GLP,GLP,,,
2026-09-08,2026-09-08,True,False,Distrito Comercial La Paz,GLP DISTRIB. 10 KILOS NAL,5940.0,L,DIST. GLP. TRIPETROL S.R.L.,479-IPN,GLP,GLP,,,
2026-09-08,2026-09-08,True,False,Distrito Comercial La Paz,GLP DISTRIB. 10 KILOS NAL,5690.0,L,DIST. GLP. TRIPETROL S.R.L.,444-KPH,GLP,GLP,,,
2026-09-08,2026-09-08,True,False,Distrito Comercial La Paz,GASOLINA ESPECIAL + (S/DSI),24000.0,L,EST. SERV. CRISTO AUTO GAS SRL.,2201-IRF,Gasolina Especial +,GASOLINA_ESPECIAL_MAS,,,
2026-09-08,2026-09-08,True,False,Distrito Comercial La Paz,GASOLINA ESPECIAL + (S/DSI),24000.0,L,GREGORIO CUENTAS M. EST. SERV. DRAGON DE ORO,500-FYX,Gasolina Especial +,GASOLINA_ESPECIAL_MAS,,,
2026-09-08,2026-09-08,True,False,Distrito Comercial La Paz,GLP DISTRIB. 10 KILOS NAL,6250.0,L,DIST. GLP. TRIPETROL S.R.L.,1412-PIT,GLP,GLP,,,
2026-09-08,2026-09-08,True,False,Distrito Comercial La Paz,GASOLINA ESPECIAL + (S/DSI),24000.0,L,EST. SERV. QHANTATI SRL.,1326-NDS,Gasolina Especial +,GASOLINA_ESPECIAL_MAS,,,
2026-09-08,2026-09-08,True,False,Distrito Comercial La Paz,GLP DISTRIB. 10 KILOS NAL,9000.0,L,EMPRESA DISTRIBUIDORA DE GAS LICUADO GLP LOS NIETOS S.R.L,1546-PCX,GLP,GLP,,,
2026-09-08,2026-09-08,True,False,Distrito Comercial La Paz,GLP DISTRIB. 10 KILOS NAL,9000.0,L,DIST. GLP FLOR DEL NORTE S.R.L.,1248-LFL,GLP,GLP,,,
2026-09-08,2026-09-08,True,False,Distrito Comercial La Paz,GLP DISTRIB. 10 KILOS NAL,9000.0,L,GENARA CAPIA DE FERNANDEZ - DIST. GLP SEVERO FERNANDEZ CH.,1227-SAP,GLP,GLP,,,
2026-09-08,2026-09-08,True,False,Distrito Comercial La Paz,GASOLINA ESPECIAL + (S/DSI),18000.0,L,ESTACION DE SERVICIO C. REDENTOR S.R.L.,306-ERY,Gasolina Especial +,GASOLINA_ESPECIAL_MAS,,,
2026-09-08,2026-09-08,True,False,Distrito Comercial La Paz,GASOLINA ESPECIAL + (S/DSI),20000.0,L,EST. SERV. PEREZ ROCHA SRL.,4745-PTB,Gasolina Especial +,GASOLINA_ESPECIAL_MAS,,,
2026-09-08,2026-09-08,True,False,Distrito Comercial La Paz,GASOLINA ESPECIAL + (S/DSI),24000.0,L,EST. SERV. VOLCAN S.R.L.,3104-KDS,Gasolina Especial +,GASOLINA_ESPECIAL_MAS,,,
2026-09-08,2026-09-08,True,False,Distrito Comercial La Paz,GASOLINA ESPECIAL + (S/DSI),20000.0,L,EST. SERV. ILLIMANI S.R.L.,564-CNY,Gasolina Especial +,GASOLINA_ESPECIAL_MAS,,,
2026-09-08,2026-09-08,True,False,Distrito Comercial La Paz,GASOLINA ESPECIAL + (S/DSI),24000.0,L,EST. SERV. CHASQUIPAMPA S.R.L.,3030-TPF,Gasolina Especial +,GASOLINA_ESPECIAL_MAS,,,
2026-09-08,2026-09-08,True,False,Distrito Comercial La Paz,GASOLINA ESPECIAL + (S/DSI),24000.0,L,EST. SERV. CARSUR S.R.L.,561-YKH,Gasolina Especial +,GASOLINA_ESPECIAL_MAS,,,
2026-09-08,2026-09-08,True,False,Distrito Comercial La Paz,GLP DISTRIB. 10 KILOS NAL,6630.0,L,DIST. GLP. SAMO S.A.,480-CIT,GLP,GLP,,,
2026-09-08,2026-09-08,True,False,Distrito Comercial La Paz,GLP DISTRIB. 10 KILOS NAL,6750.0,L,DIST. GLP. SAMO S.A.,467-SRU,GLP,GLP,,,
2026-09-08,2026-09-08,True,False,Distrito Comercial La Paz,GLP DISTRIB. 10 KILOS NAL,6900.0,L,DIST. GLP. SAMO S.A.,1311-BND,GLP,GLP,,,
2026-09-08,2026-09-08,True,False,Distrito Comercial La Paz,GLP DISTRIB. 45 KILOS NAL,4500.0,L,DIST. GLP. SAMO S.A.,1182-IYA,GLP,GLP,,,
2026-09-08,2026-09-07,True,True,Distrito Comercial La Paz,DIESEL OIL NACIONAL EESS,22000.0,L,IVAN MATIAS V. - EST. SERV. REYES MATIAS,5765-DEU,Diesel Oil Nacional,DIESEL_NACIONAL,,,
2026-09-08,2026-09-08,True,False,Distrito Comercial La Paz,GASOLINA ESPECIAL EESS,24000.0,L,ELDA S. AGUILAR V. - EST. SERV. JUAN PABLO II,4457-NRI,Gasolina Especial,GASOLINA_ESPECIAL,,,
2026-09-08,2026-09-08,True,False,Distrito Comercial La Paz,GASOLINA ESPECIAL + (S/DSI),18000.0,L,EST. SERV. CANDELARIA,1062-UXD,Gasolina Especial +,GASOLINA_ESPECIAL_MAS,,,
2026-09-08,2026-09-08,True,False,Distrito Comercial La Paz,GASOLINA ESPECIAL EESS,22000.0,L,EST. SERV. BATALLAS S.R.L. ESBA S.R.L.,629-DXB,Gasolina Especial,GASOLINA_ESPECIAL,,,
2026-09-08,2026-09-08,True,False,Distrito Comercial La Paz,GASOLINA ESPECIAL + (S/DSI),18000.0,L,EST. SERV. LAREDO SRL,3137-FBS,Gasolina Especial +,GASOLINA_ESPECIAL_MAS,,,
2026-09-08,2026-09-08,True,False,Distrito Comercial La Paz,GASOLINA ESPECIAL EESS,24000.0,L,EST. SERV. PLAYA VERDE,1157-UUL,Gasolina Especial,GASOLINA_ESPECIAL,,,
2026-09-08,2026-09-08,True,False,Distrito Comercial La Paz,GASOLINA ESPECIAL + (S/DSI),20000.0,L,ESTACION DE SERVICIO CALUYO S.R.L.,2315-AFR,Gasolina Especial +,GASOLINA_ESPECIAL_MAS,,,
2026-09-08,2026-09-08,True,False,Distrito Comercial La Paz,GASOLINA ESPECIAL + (S/DSI),18000.0,L,ZURSIL S.R.L. - E.S.T.,1604-NBE,Gasolina Especial +,GASOLINA_ESPECIAL_MAS,,,
2026-09-08,2026-09-08,True,False,Distrito Comercial La Paz,GASOLINA ESPECIAL + (S/DSI),20000.0,L,ESTACION DE SERVICIO SEÑOR DE MAYO S.R.L.,551-HEL,Gasolina Especial +,GASOLINA_ESPECIAL_MAS,,,
2026-09-08,2026-09-08,True,False,Distrito Comercial La Paz,GASOLINA ESPECIAL + (S/DSI),20000.0,L,EST. SERV. TEXAS S.R.L.,1008-UIC,Gasolina Especial +,GASOLINA_ESPECIAL_MAS,,,
2026-09-08,2026-09-08,True,False,Distrito Comercial La Paz,GASOLINA ESPECIAL EESS,24000.0,L,EST. SERV. CUENTAS SAN PABLO II S.R.L.,2538BZG(1),Gasolina Especial,GASOLINA_ESPECIAL,,,
2026-09-08,2026-09-08,True,False,Distrito Comercial La Paz,GASOLINA ESPECIAL + (S/DSI),24000.0,L,EST. SERV. CHALY,3614-LTY,Gasolina Especial +,GASOLINA_ESPECIAL_MAS,,,
2026-09-08,2026-09-08,True,False,Distrito Comercial La Paz,GASOLINA ESPECIAL + (S/DSI),20000.0,L,ESTACION DE SERVICIO TEJADA TRIANGULAR,1776-DNN,Gasolina Especial +,GASOLINA_ESPECIAL_MAS,,,
2026-09-08,2026-09-08,True,False,Distrito Comercial La Paz,GASOLINA ESPECIAL + (S/DSI),24000.0,L,EST. SERV. SOC. IND. COM. G.L.P.H. LTDA,671-SUX,Gasolina Especial +,GASOLINA_ESPECIAL_MAS,,,
2026-09-08,2026-09-08,True,False,Distrito Comercial La Paz,GASOLINA ESPECIAL + (S/DSI),24000.0,L,DISTRIBUIDORA DE GASOLINA Y LUBRICANTES SAN PABLO S.R.L.,632-RIB,Gasolina Especial +,GASOLINA_ESPECIAL_MAS,,,
2026-09-08,2026-09-08,True,False,Distrito Comercial La Paz,GASOLINA ESPECIAL + (S/DSI),20000.0,L,EST. SERV. SAN PABLO VILLA BOLIVAR S.R.L.,496-HSR,Gasolina Especial +,GASOLINA_ESPECIAL_MAS,,,
2026-09-08,2026-09-08,True,False,Distrito Comercial La Paz,GASOLINA ESPECIAL EESS,24000.0,L,EST. SERV. M&G CAMINO REAL,2801-XUD,Gasolina Especial,GASOLINA_ESPECIAL,,,
2026-09-08,2026-09-08,True,False,Distrito Comercial La Paz,GASOLINA ESPECIAL + (S/DSI),17500.0,L,ESTACION DE SERVICIO SAN SEBASTIAN S.R.L.,2537-TEG,Gasolina Especial +,GASOLINA_ESPECIAL_MAS,,,
2026-09-08,2026-09-08,True,False,Distrito Comercial La Paz,GASOLINA ESPECIAL + (S/DSI),24000.0,L,EST. SERV. SALIDA LTDA,2701-TZH,Gasolina Especial +,GASOLINA_ESPECIAL_MAS,,,
2026-09-08,2026-09-07,True,True,Distrito Comercial La Paz,GLP DISTRIB. 10 KILOS NAL,1150.0,L,DIST. GLP. LA CALZADA-SUD YUNGAS,4015-YNE,GLP,GLP,,,
2026-09-08,2026-09-07,True,True,Distrito Comercial La Paz,GASOLINA ESPECIAL EESS,22000.0,L,FREDY LIMACHI CHALLCO - EST. SERV. DON LEO,562-XPD,Gasolina Especial,GASOLINA_ESPECIAL,,,
2026-09-08,2026-09-07,True,True,Distrito Comercial La Paz,GLP DISTRIB. 10 KILOS NAL,6000.0,L,DIST. GLP CALEMQ S.R.L.,1021-ZXB,GLP,GLP,,,
2026-09-08,2026-09-07,True,True,Distrito Comercial La Paz,DIESEL OIL NACIONAL EESS,22000.0,L,CANIAX S.R.L.,4074-FNA,Diesel Oil Nacional,DIESEL_NACIONAL,,,
2026-09-08,2026-09-07,True,True,Distrito Comercial La Paz,GASOLINA ESPECIAL EESS,20000.0,L,ESTACION DE SERVICIO TOLAR S.R.L.,5632-ZYE,Gasolina Especial,GASOLINA_ESPECIAL,,,
2026-09-08,2026-09-07,True,True,Distrito Comercial La Paz,GASOLINA ESPECIAL EESS,24000.0,L,MARIA PATZI-EST. SERV. VARELA,2352-NHH,Gasolina Especial,GASOLINA_ESPECIAL,,,
2026-09-08,2026-09-07,True,True,Distrito Comercial La Paz,GLP DISTRIB. 10 KILOS NAL,9000.0,L,DIST. GLP. PEREZ,1226-BKA,GLP,GLP,,,
2026-09-08,2026-09-07,True,True,Distrito Comercial La Paz,GLP DISTRIB. 10 KILOS NAL,930.0,L,DIST. GLP. ESMERALDA GAS SRL.,801-NIK,GLP,GLP,,,
2026-09-08,2026-09-07,True,True,Distrito Comercial La Paz,GLP DISTRIB. 10 KILOS NAL,6000.0,L,DIST. GLP. VIAGAS,302-TIF,GLP,GLP,,,
2026-09-08,2026-09-07,True,True,Distrito Comercial La Paz,GLP DISTRIB. 10 KILOS NAL,6210.0,L,DIST. GLP. VIAGAS,1255-KZB,GLP,GLP,,,
2026-09-08,2026-09-07,True,True,Distrito Comercial La Paz,GLP DISTRIB. 10 KILOS NAL,6570.0,L,SAN JUDAS TADEO SOCIEDAD DE RESPONSABILIDAD LIMITADA,795-CZG,GLP,GLP,,,
2026-09-08,2026-09-07,True,True,Distrito Comercial La Paz,GLP DISTRIB. 10 KILOS NAL,6900.0,L,SAN JUDAS TADEO SOCIEDAD DE RESPONSABILIDAD LIMITADA,104-SNC,GLP,GLP,,,
2026-09-08,2026-09-07,True,True,Distrito Comercial La Paz,GLP DISTRIB. 45 KILOS NAL,2700.0,L,SAN JUDAS TADEO SOCIEDAD DE RESPONSABILIDAD LIMITADA,5609-PHF,GLP,GLP,,,
2026-09-08,2026-09-07,True,True,Distrito Comercial La Paz,GLP DISTRIB. 10 KILOS NAL,5940.0,L,GMGRECO GAS SOCIEDAD DE RESPONSABILIDAD LIMITADA,497-ILK,GLP,GLP,,,
2026-09-08,2026-09-07,True,True,Distrito Comercial La Paz,GLP DISTRIB. 10 KILOS NAL,6630.0,L,GMGRECO GAS SOCIEDAD DE RESPONSABILIDAD LIMITADA,2060-RYK,GLP,GLP,,,
2026-09-08,2026-09-07,True,True,Distrito Comercial La Paz,GLP DISTRIB. 10 KILOS NAL,6630.0,L,DIST. GLP. SAMO S.A.,1311-BND,GLP,GLP,,,
2026-09-08,2026-09-07,True,True,Distrito Comercial La Paz,GLP DISTRIB. 10 KILOS NAL,9000.0,L,DIST. GLP FLOR DEL NORTE S.R.L.,2926-PEY,GLP,GLP,,,
2026-09-08,2026-09-04,True,True,Distrito Comercial La Paz,GLP DISTRIB. 10 KILOS NAL,5150.0,L,DIST. GLP. LA CALZADA-SUD YUNGAS,4015-YNE,GLP,GLP,,,
2026-09-08,2026-09-05,True,True,Distrito Comercial La Paz,GLP DISTRIB. 10 KILOS NAL,6000.0,L,DIST. GLP. SAMO S.A.,480-CIT,GLP,GLP,,,
2026-09-07,2026-09-07,True,False,Distrito Comercial La Paz,DIESEL OIL IMPORTADO CF,19900.0,L,EMPRESA MINERA MINENZHA,2823-NPX,Diesel Oil Importado,DIESEL_IMPORTADO,,,
2026-09-07,2026-09-07,True,False,Distrito Comercial La Paz,GASOLINA ESPECIAL EESS,22000.0,L,ESTACION DE SERVICIOS YARA S.R.L.,564-CGD,Gasolina Especial,GASOLINA_ESPECIAL,,,
2026-09-07,2026-09-07,True,False,Distrito Comercial La Paz,GASOLINA ESPECIAL + (S/DSI),24000.0,L,EST. SERV. RACING GAS S.R.L.,801-ZRR,Gasolina Especial +,GASOLINA_ESPECIAL_MAS,,,
2026-09-07,2026-09-07,True,False,Distrito Comercial La Paz,DIESEL OIL NACIONAL EESS,22000.0,L,RACING GAS S.R.L. (SUC-1),527-KRU 1,Diesel Oil Nacional,DIESEL_NACIONAL,,,
2026-09-07,2026-09-07,True,False,Distrito Comercial La Paz,GASOLINA ESPECIAL + (S/DSI),12000.0,L,EST. SERV. BOLIVIA ZURSIL S.R.L.,801-ZLE,Gasolina Especial +,GASOLINA_ESPECIAL_MAS,,,
2026-09-07,2026-09-07,True,False,Distrito Comercial La Paz,DIESEL OIL IMPORTADO EESS,12000.0,L,EST. SERV. BOLIVIA ZURSIL S.R.L.,801-ZLE,Diesel Oil Importado,DIESEL_IMPORTADO,,,
2026-09-07,2026-09-07,True,False,Distrito Comercial La Paz,DIESEL OIL IMPORTADO GRACO,24000.0,L,COOPERATIVA MINERA AURIFERA CRUZ DEL SUR MINAS COLLO R.L.,558-GRK,Diesel Oil Importado,DIESEL_IMPORTADO,,,
2026-09-07,2026-09-07,True,False,Distrito Comercial La Paz,DIESEL OIL IMPORTADO CF,19900.0,L,"COOPERATIVA MINERA AURIFERA ""LURIACANI II EL ENCUENTRO"" R.L.",1922-DPE,Diesel Oil Importado,DIESEL_IMPORTADO,,,
2026-09-07,2026-09-07,True,False,Distrito Comercial La Paz,GASOLINA ESPECIAL + (S/DSI),24000.0,L,EST. SERV. COSTANERA SRL.,704-BCY,Gasolina Especial +,GASOLINA_ESPECIAL_MAS,,,
2026-09-07,2026-09-07,True,False,Distrito Comercial La Paz,DIESEL OIL IMPORTADO CF,19900.0,L,COOPERATIVA MINERA AURIFERA CICOTORO R.L.,783-NGL,Diesel Oil Importado,DIESEL_IMPORTADO,,,
2026-09-07,2026-09-07,True,False,Distrito Comercial La Paz,DIESEL OIL IMPORTADO CF,19900.0,L,COOP. MINERA AURIFERA SAN PABLO I R.L.,4678-XXA,Diesel Oil Importado,DIESEL_IMPORTADO,,,
2026-09-07,2026-09-07,True,False,Distrito Comercial La Paz,DIESEL OIL NACIONAL EESS,22000.0,L,EDEN CLEVER CARRILLO CONDORI-ESTACION DE SERVICIO EDENCCC,2546-YFS,Diesel Oil Nacional,DIESEL_NACIONAL,,,
2026-09-07,2026-09-07,True,False,Distrito Comercial La Paz,DIESEL OIL IMPORTADO GRACO,24000.0,L,EMPRESA CONSTRUCTORA NAVLA LTDA.,489-GNT,Diesel Oil Importado,DIESEL_IMPORTADO,,,
2026-09-07,2026-09-07,True,False,Distrito Comercial La Paz,DIESEL OIL IMPORTADO CF,19900.0,L,"COOP. MINERA AURIFERA ""19 DE MAYO CHILIZA"" R.L.",1213-HKS,Diesel Oil Importado,DIESEL_IMPORTADO,,,
2026-09-07,2026-09-07,True,False,Distrito Comercial La Paz,DIESEL OIL IMPORTADO CF,19900.0,L,COOPERATIVA MINERA AURIFERA AGUILAS DE ORO R.L.,2195-DYH-1,Diesel Oil Importado,DIESEL_IMPORTADO,,,
2026-09-07,2026-09-07,True,False,Distrito Comercial La Paz,DIESEL OIL IMPORTADO CF,19900.0,L,COOPERATIVA MINERA AURIFERA SANTIAGO DE CAMATA R.L.,1820-FAL,Diesel Oil Importado,DIESEL_IMPORTADO,,,
2026-09-07,2026-09-07,True,False,Distrito Comercial La Paz,DIESEL OIL IMPORTADO CF,19900.0,L,COOPERATIVA MINERA AURIFERA ENTRE RIOS DE TACACHACA R.L.,1016-TGK,Diesel Oil Importado,DIESEL_IMPORTADO,,,
2026-09-07,2026-09-07,True,False,Distrito Comercial La Paz,DIESEL OIL IMPORTADO CF,19900.0,L,COOP. MINERA AURIFERA UNION BOTOSHUARA R.L.,4679-LFC,Diesel Oil Importado,DIESEL_IMPORTADO,,,
2026-09-07,2026-09-07,True,False,Distrito Comercial La Paz,DIESEL OIL IMPORTADO EESS,20000.0,L,GAS SAN FELIPE S.R.L.,5602-HKS,Diesel Oil Importado,DIESEL_IMPORTADO,,,
2026-09-07,2026-09-07,True,False,Distrito Comercial La Paz,DIESEL OIL IMPORTADO EESS,18000.0,L,ESTACION DE SERVICIO LOS ROSALES,2345-IYN,Diesel Oil Importado,DIESEL_IMPORTADO,,,
2026-09-07,2026-09-07,True,False,Distrito Comercial La Paz,GASOLINA ESPECIAL + (S/DSI),24000.0,L,ESTACIÓN DE SERVICIO LAS ROSAS S.R.L.,101-GEK,Gasolina Especial +,GASOLINA_ESPECIAL_MAS,,,
2026-09-07,2026-09-07,True,False,Distrito Comercial La Paz,DIESEL OIL IMPORTADO EESS,24000.0,L,EST. SERV. MARANATHA,3135-UDX,Diesel Oil Importado,DIESEL_IMPORTADO,,,
2026-09-07,2026-09-07,True,False,Distrito Comercial La Paz,DIESEL OIL IMPORTADO EESS,22000.0,L,EFRAIN LOPEZ LUCANA,1854-FYF,Diesel Oil Importado,DIESEL_IMPORTADO,,,
2026-09-07,2026-09-07,True,False,Distrito Comercial La Paz,GASOLINA ESPECIAL + (S/DSI),12000.0,L,EST. SERV. EMP. COM. HID. TUPAC KATARI S.R.L.,110-NBH,Gasolina Especial +,GASOLINA_ESPECIAL_MAS,,,
2026-09-07,2026-09-07,True,False,Distrito Comercial La Paz,GASOLINA ESPECIAL + EESS,24000.0,L,OFELIA PLATA P. - EST. SERV. DARTAÑAN,1225-ZDP,Gasolina Especial +,GASOLINA_ESPECIAL_MAS,,,
2026-09-07,2026-09-07,True,False,Distrito Comercial La Paz,DIESEL OIL IMPORTADO EESS,24000.0,L,ESTACION DE SERVICIO C. REDENTOR S.R.L.,306-ERY,Diesel Oil Importado,DIESEL_IMPORTADO,,,
2026-09-07,2026-09-07,True,False,Distrito Comercial La Paz,DIESEL OIL NACIONAL EESS,22000.0,L,ESTACION DE SERVICIO ISSUCADELA S.R.L,2378-EIG,Diesel Oil Nacional,DIESEL_NACIONAL,,,
2026-09-07,2026-09-07,True,False,Distrito Comercial La Paz,DIESEL OIL IMPORTADO EESS,24000.0,L,ZURSIL S.R.L. - E.S.T.,665-ETE,Diesel Oil Importado,DIESEL_IMPORTADO,,,
2026-09-07,2026-09-07,True,False,Distrito Comercial La Paz,GASOLINA ESPECIAL + (S/DSI),24000.0,L,ESTACION DE SERVICIO JACHA INTI S.R.L.,1089-SDH 1,Gasolina Especial +,GASOLINA_ESPECIAL_MAS,,,
2026-09-07,2026-09-07,True,False,Distrito Comercial La Paz,GASOLINA ESPECIAL EESS,22000.0,L,ESTACION DE SERVICIO SURTIDOR TUMUPASA S.R.L.,3158-CHU,Gasolina Especial,GASOLINA_ESPECIAL,,,
2026-09-07,2026-09-07,True,False,Distrito Comercial La Paz,DIESEL OIL IMPORTADO EESS,18000.0,L,EST. SERV. GALAXIA S.R.L.,801-GSD 1,Diesel Oil Importado,DIESEL_IMPORTADO,,,
2026-09-07,2026-09-07,True,False,Distrito Comercial La Paz,DIESEL OIL IMPORTADO EESS,20000.0,L,EST. SERV. BASSAM LTDA,5352-EER,Diesel Oil Importado,DIESEL_IMPORTADO,,,
2026-09-07,2026-09-07,True,False,Distrito Comercial La Paz,GASOLINA ESPECIAL + (S/DSI),16000.0,L,EST. SERV. BASSAM LTDA,5197-SFT,Gasolina Especial +,GASOLINA_ESPECIAL_MAS,,,
2026-09-07,2026-09-07,True,False,Distrito Comercial La Paz,GASOLINA ESPECIAL + (S/DSI),20000.0,L,EST. SERV. BASSAM LTDA,5197-SFT,Gasolina Especial +,GASOLINA_ESPECIAL_MAS,,,
2026-09-07,2026-09-07,True,False,Distrito Comercial La Paz,GASOLINA ESPECIAL + (S/DSI),12000.0,L,ESTACION DE SERVICIO KANTUTA S.R.L.,557-XEF,Gasolina Especial +,GASOLINA_ESPECIAL_MAS,,,
2026-09-07,2026-09-07,True,False,Distrito Comercial La Paz,GASOLINA ESPECIAL + (S/DSI),12000.0,L,ESTACION DE SERVICIO LOS ROSALES,1502-ZDB,Gasolina Especial +,GASOLINA_ESPECIAL_MAS,,,
2026-09-07,2026-09-07,True,False,Distrito Comercial La Paz,DIESEL OIL IMPORTADO EESS,24000.0,L,ESTACION DE SERVICIO FULL TANK S.R.L.,4244-CHC,Diesel Oil Importado,DIESEL_IMPORTADO,,,
2026-09-07,2026-09-07,True,False,Distrito Comercial La Paz,GASOLINA ESPECIAL EESS,36000.0,L,EST. SERV. PALOS BLANCOS,5229-ECH,Gasolina Especial,GASOLINA_ESPECIAL,,,
2026-09-07,2026-09-07,True,False,Distrito Comercial La Paz,DIESEL OIL IMPORTADO EESS,24000.0,L,EST. SERV. CHUSAMARCA,3879-BHE,Diesel Oil Importado,DIESEL_IMPORTADO,,,
2026-09-07,2026-09-07,True,False,Distrito Comercial La Paz,DIESEL OIL IMPORTADO EESS,24000.0,L,EDUARDO YUPANQUI Q.-EST. SERV. VENTILLA,1149-ZND,Diesel Oil Importado,DIESEL_IMPORTADO,,,
2026-09-07,2026-09-07,True,False,Distrito Comercial La Paz,DIESEL OIL IMPORTADO EESS,12000.0,L,EST. SERV. ALTO LIMA S.R.L.,1555-ULK,Diesel Oil Importado,DIESEL_IMPORTADO,,,
2026-09-07,2026-09-07,True,False,Distrito Comercial La Paz,DIESEL OIL NACIONAL EESS,22000.0,L,ESTACION DE SERVICIO GASOLINERA CRUCE DE ORO S.R.L.,1377-SET,Diesel Oil Nacional,DIESEL_NACIONAL,,,
2026-09-07,2026-09-07,True,False,Distrito Comercial La Paz,DIESEL OIL IMPORTADO EESS,20000.0,L,EST. SERV. M&G CAMINO REAL,2801-XUD,Diesel Oil Importado,DIESEL_IMPORTADO,,,
2026-09-07,2026-09-07,True,False,Distrito Comercial La Paz,DIESEL OIL IMPORTADO EESS,12000.0,L,EST. SERV. ESUR GHS LTDA.,908-YCP,Diesel Oil Importado,DIESEL_IMPORTADO,,,
2026-09-07,2026-09-07,True,False,Distrito Comercial La Paz,GASOLINA ESPECIAL EESS,24000.0,L,EST. SERV. GALAXIA S.R.L.,564-CDR 1,Gasolina Especial,GASOLINA_ESPECIAL,,,
2026-09-07,2026-09-07,True,False,Distrito Comercial La Paz,DIESEL OIL NACIONAL EESS,22000.0,L,CLEMENTINA FANNY MAMANI MORALES - EST. SERV. LAHUACHACA Y DISTRIBUCION DE GLP,1401-ICT,Diesel Oil Nacional,DIESEL_NACIONAL,,,
2026-09-07,2026-09-07,True,False,Distrito Comercial La Paz,DIESEL OIL IMPORTADO EESS,12000.0,L,EST. SERV. GAS-MAY S.R.L.,1704-ESB,Diesel Oil Importado,DIESEL_IMPORTADO,,,
2026-09-07,2026-09-07,True,False,Distrito Comercial La Paz,GASOLINA ESPECIAL + (S/DSI),12000.0,L,EST. SERV. GAS-MAY S.R.L.,1704-ESB,Gasolina Especial +,GASOLINA_ESPECIAL_MAS,,,
2026-09-07,2026-09-07,True,False,Distrito Comercial La Paz,DIESEL OIL NACIONAL EESS,22000.0,L,ESTACION DE SERVICIO PARAISO TROPICAL,3141-GCE,Diesel Oil Nacional,DIESEL_NACIONAL,,,
2026-09-07,2026-09-07,True,False,Distrito Comercial La Paz,DIESEL OIL NACIONAL EESS,22000.0,L,PANAMERICANA INTERNACIONAL S.R.L. PAINTER S.R.L.,3860-KUF,Diesel Oil Nacional,DIESEL_NACIONAL,,,
2026-09-07,2026-09-07,True,False,Distrito Comercial La Paz,GASOLINA ESPECIAL EESS,12000.0,L,PANAMERICANA INTERNACIONAL S.R.L. PAINTER S.R.L.,3860-KUF,Gasolina Especial,GASOLINA_ESPECIAL,,,
2026-09-07,2026-09-07,True,False,Distrito Comercial La Paz,DIESEL OIL IMPORTADO EESS,12000.0,L,ESTACION DE SERVICIO CHALLAPAMPA S.R.L.,294-CZD,Diesel Oil Importado,DIESEL_IMPORTADO,,,
2026-09-07,2026-09-07,True,False,Distrito Comercial La Paz,GASOLINA ESPECIAL EESS,24000.0,L,EST. SERV. INTEROCEANICO,1444-FDT,Gasolina Especial,GASOLINA_ESPECIAL,,,
2026-09-07,2026-09-07,True,False,Distrito Comercial La Paz,DIESEL OIL NACIONAL EESS,22000.0,L,EST. SERV. ADALUZ PETROL,1183-LPL-1,Diesel Oil Nacional,DIESEL_NACIONAL,,,
2026-09-07,2026-09-07,True,False,Distrito Comercial La Paz,GASOLINA ESPECIAL + (S/DSI),12000.0,L,EST. SERV. SIEMPRE A FULL MIRAFLORES S.R.L. (SAF),1156-PGH 1,Gasolina Especial +,GASOLINA_ESPECIAL_MAS,,,
2026-09-07,2026-09-07,True,False,Distrito Comercial La Paz,DIESEL OIL IMPORTADO EESS,12000.0,L,EST. SERV. SIEMPRE A FULL MIRAFLORES S.R.L. (SAF),1156-PGH 1,Diesel Oil Importado,DIESEL_IMPORTADO,,,
2026-09-07,2026-09-07,True,False,Distrito Comercial La Paz,DIESEL OIL IMPORTADO EESS,20000.0,L,EST. SERV. LOS ANDES SRL,801-INT,Diesel Oil Importado,DIESEL_IMPORTADO,,,
2026-09-07,2026-09-07,True,False,Distrito Comercial La Paz,DIESEL OIL IMPORTADO EESS,24000.0,L,ELDA S. AGUILAR V. - EST. SERV. JUAN PABLO II,453-RNL,Diesel Oil Importado,DIESEL_IMPORTADO,,,
2026-09-07,2026-09-07,True,False,Distrito Comercial La Paz,DIESEL OIL IMPORTADO EESS,12000.0,L,GREGORIO CUENTAS M. EST. SERV. DRAGON DE ORO,500-FYX,Diesel Oil Importado,DIESEL_IMPORTADO,,,
2026-09-07,2026-09-07,True,False,Distrito Comercial La Paz,GASOLINA ESPECIAL + (S/DSI),18000.0,L,ESTACION DE SERVICIO FULL TANK S.R.L.,1786-XKK,Gasolina Especial +,GASOLINA_ESPECIAL_MAS,,,
2026-09-07,2026-09-07,True,False,Distrito Comercial La Paz,DIESEL OIL IMPORTADO EESS,24000.0,L,EST. SERV. LAREDO SRL,1819-AZC,Diesel Oil Importado,DIESEL_IMPORTADO,,,
2026-09-07,2026-09-07,True,False,Distrito Comercial La Paz,GASOLINA ESPECIAL + (S/DSI),24000.0,L,EST. SERV. JAIMES FREYRE,1118-KLR,Gasolina Especial +,GASOLINA_ESPECIAL_MAS,,,
2026-09-07,2026-09-07,True,False,Distrito Comercial La Paz,GASOLINA ESPECIAL EESS,20000.0,L,EST. SERV. ACHACACHI S.R.L.,1604-NBE,Gasolina Especial,GASOLINA_ESPECIAL,,,
2026-09-07,2026-09-07,True,False,Distrito Comercial La Paz,DIESEL OIL IMPORTADO EESS,24000.0,L,ESTACION DE SERVICIO ZOFRI S.R.L.,1106-PCH,Diesel Oil Importado,DIESEL_IMPORTADO,,,
2026-09-07,2026-09-07,True,False,Distrito Comercial La Paz,DIESEL OIL IMPORTADO EESS,24000.0,L,ELSA CHIPANA H. - EST. SERV. ECOPETROL,829-XPG,Diesel Oil Importado,DIESEL_IMPORTADO,,,
2026-09-07,2026-09-07,True,False,Distrito Comercial La Paz,DIESEL OIL NACIONAL EESS,22000.0,L,MARIO ALVAREZ M. EST. SERV. ALVAPETROL,1222-TEK,Diesel Oil Nacional,DIESEL_NACIONAL,,,
2026-09-07,2026-09-07,True,False,Distrito Comercial La Paz,GASOLINA ESPECIAL EESS,22000.0,L,EST. SERV. NETANEL,2902-CAH,Gasolina Especial,GASOLINA_ESPECIAL,,,
2026-09-07,2026-09-07,True,False,Distrito Comercial La Paz,DIESEL OIL IMPORTADO EESS,13000.0,L,ESTACION DE SERVICIO SAN SEBASTIAN S.R.L.,2537-TEG,Diesel Oil Importado,DIESEL_IMPORTADO,,,
2026-09-07,2026-09-07,True,False,Distrito Comercial La Paz,DIESEL OIL IMPORTADO EESS,24000.0,L,EST. SERV. QHANTATI SRL.,1326-NDS,Diesel Oil Importado,DIESEL_IMPORTADO,,,
2026-09-07,2026-09-07,True,False,Distrito Comercial La Paz,GASOLINA ESPECIAL + (S/DSI),24000.0,L,EST. SERV. EMP. COM. HID. TUPAC KATARI S.R.L.,658-HPL,Gasolina Especial +,GASOLINA_ESPECIAL_MAS,,,
2026-09-07,2026-09-07,True,False,Distrito Comercial La Paz,DIESEL OIL IMPORTADO EESS,24000.0,L,EST. SERV. PLAYA VERDE,1089-ZGC 1,Diesel Oil Importado,DIESEL_IMPORTADO,,,
2026-09-07,2026-09-07,True,False,Distrito Comercial La Paz,DIESEL OIL IMPORTADO EESS,12000.0,L,EST. SERV. SOC. IND. COM. G.L.P.H. LTDA,671-SUX,Diesel Oil Importado,DIESEL_IMPORTADO,,,
2026-09-07,2026-09-07,True,False,Distrito Comercial La Paz,DIESEL OIL IMPORTADO EESS,12000.0,L,ESTACION DE SERVICIO TEJADA TRIANGULAR,1776-DNN,Diesel Oil Importado,DIESEL_IMPORTADO,,,
2026-09-07,2026-09-07,True,False,Distrito Comercial La Paz,DIESEL OIL IMPORTADO EESS,24000.0,L,EST. SERV. INTEROCEANICO,6666-GAP,Diesel Oil Importado,DIESEL_IMPORTADO,,,
2026-09-07,2026-09-07,True,False,Distrito Comercial La Paz,DIESEL OIL IMPORTADO EESS,24000.0,L,ESTACIÓN DE SERVICIO ALIMARC INTER GAS BOLIVIA S.R.L.,547-CKT,Diesel Oil Importado,DIESEL_IMPORTADO,,,
2026-09-07,2026-09-07,True,False,Distrito Comercial La Paz,DIESEL OIL IMPORTADO EESS,24000.0,L,EST. SERV. SAN PABLO VILLA BOLIVAR S.R.L.,496-HSR,Diesel Oil Importado,DIESEL_IMPORTADO,,,
2026-09-07,2026-09-07,True,False,Distrito Comercial La Paz,DIESEL OIL IMPORTADO EESS,24000.0,L,EST. SERV. ILLIMANI S.R.L.,564-CNY,Diesel Oil Importado,DIESEL_IMPORTADO,,,
2026-09-07,2026-09-07,True,False,Distrito Comercial La Paz,GASOLINA ESPECIAL + (S/DSI),24000.0,L,ESTACION DE SERVICIO LOZA - MARCELINA AGUIRRE VDA. DE LOZA,581-YGU,Gasolina Especial +,GASOLINA_ESPECIAL_MAS,,,
2026-09-07,2026-09-07,True,False,Distrito Comercial La Paz,DIESEL OIL IMPORTADO EESS,24000.0,L,ESTACION DE SERVICIO SEÑOR DE MAYO S.R.L.,1634-EGB,Diesel Oil Importado,DIESEL_IMPORTADO,,,
2026-09-07,2026-09-07,True,False,Distrito Comercial La Paz,DIESEL OIL IMPORTADO EESS,12000.0,L,EST. SERV. VOLCAN S.R.L.,4228-PUN,Diesel Oil Importado,DIESEL_IMPORTADO,,,
2026-09-07,2026-09-07,True,False,Distrito Comercial La Paz,DIESEL OIL IMPORTADO EESS,24000.0,L,EST. SERV. PEREZ ROCHA SRL.,2488-EXH,Diesel Oil Importado,DIESEL_IMPORTADO,,,
2026-09-07,2026-09-07,True,False,Distrito Comercial La Paz,DIESEL OIL IMPORTADO EESS,12000.0,L,EST. SERV. TEXAS S.R.L.,1008-UIC,Diesel Oil Importado,DIESEL_IMPORTADO,,,
2026-09-07,2026-09-07,True,False,Distrito Comercial La Paz,DIESEL OIL IMPORTADO EESS,24000.0,L,EST. SERV. VOLCAN S.R.L.,3104-KDS,Diesel Oil Importado,DIESEL_IMPORTADO,,,
2026-09-07,2026-09-07,True,False,Distrito Comercial La Paz,DIESEL OIL IMPORTADO EESS,24000.0,L,EST. SERV. 6 DE MARZO,4523-AZB,Diesel Oil Importado,DIESEL_IMPORTADO,,,
2026-09-07,2026-09-07,True,False,Distrito Comercial La Paz,DIESEL OIL IMPORTADO EESS,24000.0,L,ESTACION DE SERVICIO CALUYO S.R.L.,2315-AFR,Diesel Oil Importado,DIESEL_IMPORTADO,,,
2026-09-07,2026-09-07,True,False,Distrito Comercial La Paz,DIESEL OIL NACIONAL EESS,22000.0,L,EST. SERV. BATALLAS S.R.L. ESBA S.R.L.,629-DXB,Diesel Oil Nacional,DIESEL_NACIONAL,,,
2026-09-07,2026-09-07,True,False,Distrito Comercial La Paz,DIESEL OIL IMPORTADO EESS,12000.0,L,EST. SERV. CHALY,2514-AZU,Diesel Oil Importado,DIESEL_IMPORTADO,,,
2026-09-07,2026-09-07,True,False,Distrito Comercial La Paz,DIESEL OIL IMPORTADO EESS,24000.0,L,EST. SERV. APOSTOL SANTIAGO,1487-RYN,Diesel Oil Importado,DIESEL_IMPORTADO,,,
2026-09-07,2026-09-07,True,False,Distrito Comercial La Paz,DIESEL OIL IMPORTADO EESS,12000.0,L,DISTRIBUIDORA DE GASOLINA Y LUBRICANTES SAN PABLO S.R.L.,632-RIB,Diesel Oil Importado,DIESEL_IMPORTADO,,,
2026-09-07,2026-09-07,True,False,Distrito Comercial La Paz,DIESEL OIL IMPORTADO EESS,35000.0,L,ESTACION DE SERVICIO SAN SEBASTIAN S.R.L.,2537-TEG,Diesel Oil Importado,DIESEL_IMPORTADO,,,
2026-09-07,2026-09-07,True,False,Distrito Comercial La Paz,DIESEL OIL IMPORTADO EESS,12000.0,L,EST. SERV. SURTIDORES UNITOURS LTDA.,3091-NHK,Diesel Oil Importado,DIESEL_IMPORTADO,,,
2026-09-07,2026-09-07,True,False,Distrito Comercial La Paz,DIESEL OIL IMPORTADO EESS,24000.0,L,MARIA PATZI-EST. SERV. VARELA,2352-NHH,Diesel Oil Importado,DIESEL_IMPORTADO,,,
2026-09-07,2026-09-07,True,False,Distrito Comercial La Paz,GASOLINA ESPECIAL + (S/DSI),24000.0,L,EST. SERV. ACB CALACOTO,839-EUS,Gasolina Especial +,GASOLINA_ESPECIAL_MAS,,,
2026-09-07,2026-09-07,True,False,Distrito Comercial La Paz,DIESEL OIL IMPORTADO EESS,20000.0,L,EST. SERV. EL PARAISO SRL.,5352-FGB,Diesel Oil Importado,DIESEL_IMPORTADO,,,
2026-09-07,2026-09-07,True,False,Distrito Comercial La Paz,DIESEL OIL IMPORTADO EESS,20000.0,L,EST. SERV. CUENTAS SAN PABLO II S.R.L.,1189-EHP,Diesel Oil Importado,DIESEL_IMPORTADO,,,
2026-09-07,2026-09-07,True,False,Distrito Comercial La Paz,DIESEL OIL IMPORTADO EESS,24000.0,L,ESTACION DE SERVICIOS NIMAGASBOL S.R.L.,5028-SLK,Diesel Oil Importado,DIESEL_IMPORTADO,,,
2026-09-07,2026-09-07,True,False,Distrito Comercial La Paz,GLP DISTRIB. 10 KILOS NAL,3520.0,L,DISTRIBUIDORA DE GLP SAN FRANCISCO -LUCIANO SILLO CONDORI S.R.L.,5720-CXC,GLP,GLP,,,
2026-09-07,2026-09-07,True,False,Distrito Comercial La Paz,GASOLINA ESPECIAL + (S/DSI),18000.0,L,ELSA CHIPANA H. - EST. SERV. ECOPETROL,4563-ZEN 1,Gasolina Especial +,GASOLINA_ESPECIAL_MAS,,,
2026-09-07,2026-09-07,True,False,Distrito Comercial La Paz,DIESEL OIL IMPORTADO EESS,24000.0,L,EST. SERV. CANDELARIA,1487-RYN,Diesel Oil Importado,DIESEL_IMPORTADO,,,
2026-09-07,2026-09-07,True,False,Distrito Comercial La Paz,GASOLINA ESPECIAL + (S/DSI),24000.0,L,EST. SERV. MOTORECO SRL.,1340-SPB,Gasolina Especial +,GASOLINA_ESPECIAL_MAS,,,
2026-09-07,2026-09-07,True,False,Distrito Comercial La Paz,GASOLINA ESPECIAL EESS,22000.0,L,ESTACION DE SERVICIO ISSUCADELA S.R.L,396-SGP,Gasolina Especial,GASOLINA_ESPECIAL,,,
2026-09-07,2026-09-07,True,False,Distrito Comercial La Paz,GASOLINA ESPECIAL EESS,22000.0,L,CANIAX S.R.L.,1054-YSB,Gasolina Especial,GASOLINA_ESPECIAL,,,
2026-09-07,2026-09-07,True,False,Distrito Comercial La Paz,GASOLINA ESPECIAL + (S/DSI),24000.0,L,GAS SAN FELIPE S.R.L.,5602-HKS,Gasolina Especial +,GASOLINA_ESPECIAL_MAS,,,
2026-09-07,2026-09-07,True,False,Distrito Comercial La Paz,GASOLINA ESPECIAL + (S/DSI),12000.0,L,EST. SERV. SALIDA LTDA,2701-TZH,Gasolina Especial +,GASOLINA_ESPECIAL_MAS,,,
2026-09-07,2026-09-07,True,False,Distrito Comercial La Paz,GASOLINA ESPECIAL + (S/DSI),24000.0,L,EST. SERV. SIEMPRE A FULL MIRAFLORES S.R.L. (SAF),1502-ZDB,Gasolina Especial +,GASOLINA_ESPECIAL_MAS,,,
2026-09-07,2026-09-07,True,False,Distrito Comercial La Paz,GASOLINA ESPECIAL + (S/DSI),20000.0,L,EST. SERV. ACB SAN JORGE,1853-KTP,Gasolina Especial +,GASOLINA_ESPECIAL_MAS,,,
2026-09-07,2026-09-07,True,False,Distrito Comercial La Paz,GASOLINA ESPECIAL + (S/DSI),24000.0,L,ESTACION DE SERVICIO KANTUTA S.R.L.,557-XEF,Gasolina Especial +,GASOLINA_ESPECIAL_MAS,,,
2026-09-07,2026-09-07,True,False,Distrito Comercial La Paz,GASOLINA ESPECIAL + (S/DSI),18000.0,L,ESTACION DE SERVICIOS NIMAGASBOL S.R.L.,5028-SLK,Gasolina Especial +,GASOLINA_ESPECIAL_MAS,,,
2026-09-07,2026-09-07,True,False,Distrito Comercial La Paz,GASOLINA ESPECIAL EESS,24000.0,L,EST. SERV. PLAYA VERDE,1157-UUL,Gasolina Especial,GASOLINA_ESPECIAL,,,
2026-09-07,2026-09-05,True,True,Distrito Comercial La Paz,DIESEL OIL IMPORTADO EESS,12000.0,L,EST. SERV. LAREDO SRL,3137-FBS,Diesel Oil Importado,DIESEL_IMPORTADO,,,
2026-09-07,2026-09-07,True,False,Distrito Comercial La Paz,GASOLINA ESPECIAL + (S/DSI),24000.0,L,EST. SERV. VOLCAN S.R.L.,4228-PUN,Gasolina Especial +,GASOLINA_ESPECIAL_MAS,,,
2026-09-07,2026-09-07,True,False,Distrito Comercial La Paz,GASOLINA ESPECIAL + (S/DSI),24000.0,L,ESTACION DE SERVICIO TERRAGAS LTDA,5361-TUF,Gasolina Especial +,GASOLINA_ESPECIAL_MAS,,,
2026-09-07,2026-09-07,True,False,Distrito Comercial La Paz,GASOLINA ESPECIAL + (S/DSI),24000.0,L,EST. SERV. CRISTO AUTO GAS SRL.,2201-IRF,Gasolina Especial +,GASOLINA_ESPECIAL_MAS,,,
2026-09-07,2026-09-07,True,False,Distrito Comercial La Paz,GASOLINA ESPECIAL + (S/DSI),24000.0,L,EST. SERV. YUPANQUI,3480-LTK,Gasolina Especial +,GASOLINA_ESPECIAL_MAS,,,
2026-09-07,2026-09-07,True,False,Distrito Comercial La Paz,GLP DISTRIB. 10 KILOS NAL,5200.0,L,DIST. GLP. DISANDES S.R.L.,2279-SPR,GLP,GLP,,,
2026-09-07,2026-09-07,True,False,Distrito Comercial La Paz,GLP DISTRIB. 10 KILOS NAL,6500.0,L,DIST. GLP. DISANDES S.R.L.,1814-GTY,GLP,GLP,,,
2026-09-07,2026-09-07,True,False,Distrito Comercial La Paz,GLP DISTRIB. 10 KILOS NAL,300.0,L,DIST. GLP. DISANDES S.R.L.,1814-GTY,GLP,GLP,,,
2026-09-07,2026-09-07,True,False,Distrito Comercial La Paz,GLP DISTRIB. 10 KILOS NAL,6000.0,L,DIST. GLP ANGELES,2750-CBU,GLP,GLP,,,
2026-09-07,2026-09-07,True,False,Distrito Comercial La Paz,GASOLINA ESPECIAL + (S/DSI),24000.0,L,EST. SERV. GAS CENTRO S.R.L.,589-NAK,Gasolina Especial +,GASOLINA_ESPECIAL_MAS,,,
2026-09-07,2026-09-07,True,False,Distrito Comercial La Paz,GASOLINA ESPECIAL EESS,24000.0,L,EST. SERV. PEREZ ROCHA SRL.,4745-PTB,Gasolina Especial,GASOLINA_ESPECIAL,,,
2026-09-07,2026-09-07,True,False,Distrito Comercial La Paz,GASOLINA ESPECIAL + (S/DSI),24000.0,L,EST. SERV. SURTIDORES UNITOURS LTDA.,3091-NHK,Gasolina Especial +,GASOLINA_ESPECIAL_MAS,,,
2026-09-07,2026-09-07,True,False,Distrito Comercial La Paz,GLP DISTRIB. 10 KILOS NAL,9000.0,L,DISTRIBUIDORA DE GLP SAN FRANCISCO -LUCIANO SILLO CONDORI S.R.L.,5352-HPC,GLP,GLP,,,
2026-09-07,2026-09-07,True,False,Distrito Comercial La Paz,GASOLINA ESPECIAL EESS,24000.0,L,EST. SERV. M&G CAMINO REAL,2801-XUD,Gasolina Especial,GASOLINA_ESPECIAL,,,
2026-09-07,2026-09-05,True,True,Distrito Comercial La Paz,GASOLINA ESPECIAL + EESS,20000.0,L,ESTACION DE SERVICIO HUANCANE Y TRANSPORTE S.R.L.,663-APT,Gasolina Especial +,GASOLINA_ESPECIAL_MAS,,,
2026-09-07,2026-09-05,True,True,Distrito Comercial La Paz,DIESEL OIL IMPORTADO EESS,12000.0,L,ELSA CHIPANA H. - EST. SERV. ECOPETROL,4563-ZEN 1,Diesel Oil Importado,DIESEL_IMPORTADO,,,
2026-09-07,2026-09-07,True,False,Distrito Comercial La Paz,GASOLINA ESPECIAL + (S/DSI),24000.0,L,EST. SERV. CARSUR S.R.L.,2484-PUD,Gasolina Especial +,GASOLINA_ESPECIAL_MAS,,,
2026-09-07,2026-09-07,True,False,Distrito Comercial La Paz,GLP DISTRIB. 45 KILOS NAL,1800.0,L,DIST. GLP. ESMERALDA GAS SRL.,2821-LXX,GLP,GLP,,,
2026-09-07,2026-09-07,True,False,Distrito Comercial La Paz,GLP DISTRIB. 10 KILOS NAL,6750.0,L,DIST. GLP. ESMERALDA GAS SRL.,2124-NIL,GLP,GLP,,,
2026-09-07,2026-09-07,True,False,Distrito Comercial La Paz,GLP DISTRIB. 10 KILOS NAL,6210.0,L,DIST. GLP. ESMERALDA GAS SRL.,2375-SHN,GLP,GLP,,,
2026-09-07,2026-09-07,True,False,Distrito Comercial La Paz,GLP DISTRIB. 10 KILOS NAL,6900.0,L,DIST. GLP. ESMERALDA GAS SRL.,924-ZFP,GLP,GLP,,,
2026-09-07,2026-09-07,True,False,Distrito Comercial La Paz,GASOLINA ESPECIAL EESS,22000.0,L,MARIO ALVAREZ M. EST. SERV. ALVAPETROL,3061-LXN,Gasolina Especial,GASOLINA_ESPECIAL,,,
2026-09-07,2026-09-07,True,False,Distrito Comercial La Paz,GLP DISTRIB. 10 KILOS NAL,6480.0,L,DIST. GLP. VIAGAS,162-ZAS,GLP,GLP,,,
2026-09-07,2026-09-07,True,False,Distrito Comercial La Paz,GLP DISTRIB. 10 KILOS NAL,6210.0,L,DIST. GLP. VIAGAS,1255-KZB,GLP,GLP,,,
2026-09-07,2026-09-07,True,False,Distrito Comercial La Paz,GLP DISTRIB. 10 KILOS NAL,2700.0,L,DIST. GLP. VIAGAS,3107-RGL,GLP,GLP,,,
2026-09-07,2026-09-07,True,False,Distrito Comercial La Paz,GLP DISTRIB. 10 KILOS NAL,6480.0,L,DIST. GLP. TRIPETROL S.R.L.,1049-GCX,GLP,GLP,,,
2026-09-07,2026-09-07,True,False,Distrito Comercial La Paz,GLP DISTRIB. 10 KILOS NAL,5940.0,L,DIST. GLP. TRIPETROL S.R.L.,479-IPN,GLP,GLP,,,
2026-09-07,2026-09-07,True,False,Distrito Comercial La Paz,GASOLINA ESPECIAL + (S/DSI),18000.0,L,ESTACION DE SERVICIO ZOFRI S.R.L.,1397-CTU,Gasolina Especial +,GASOLINA_ESPECIAL_MAS,,,
2026-09-07,2026-09-07,True,False,Distrito Comercial La Paz,GLP DISTRIB. 10 KILOS NAL,6630.0,L,DIST. GLP. TRIPETROL S.R.L.,444-KPH,GLP,GLP,,,
2026-09-07,2026-09-05,True,True,Distrito Comercial La Paz,DIESEL OIL NACIONAL EESS,20000.0,L,EST. SERV. ACHACACHI S.R.L.,542-PSF,Diesel Oil Nacional,DIESEL_NACIONAL,,,
2026-09-07,2026-09-05,True,True,Distrito Comercial La Paz,DIESEL OIL IMPORTADO EESS,12000.0,L,ESTACIÓN DE SERVICIO ALIMARC INTER GAS BOLIVIA S.R.L.,547-CKT,Diesel Oil Importado,DIESEL_IMPORTADO,,,
2026-09-07,2026-09-07,True,False,Distrito Comercial La Paz,GLP DISTRIB. 10 KILOS NAL,3000.0,L,DIST. GLP. TRIPETROL S.R.L.,1764-TDS,GLP,GLP,,,
2026-09-07,2026-09-07,True,False,Distrito Comercial La Paz,GASOLINA ESPECIAL + (S/DSI),12000.0,L,GRUPO EMPRESARIAL VIRGEN DE LOS ALAMOS S.R.L.,4831-ETU,Gasolina Especial +,GASOLINA_ESPECIAL_MAS,,,
2026-09-07,2026-09-07,True,False,Distrito Comercial La Paz,GLP DISTRIB. 10 KILOS NAL,3330.0,L,DIST. GLP. TRIPETROL S.R.L.,1833-FKL,GLP,GLP,,,
2026-09-07,2026-09-07,True,False,Distrito Comercial La Paz,GASOLINA ESPECIAL + (S/DSI),17500.0,L,ESTACION DE SERVICIO SAN SEBASTIAN S.R.L.,2537-TEG,Gasolina Especial +,GASOLINA_ESPECIAL_MAS,,,
2026-09-07,2026-09-07,True,False,Distrito Comercial La Paz,GLP DISTRIB. 10 KILOS NAL,6630.0,L,SAN JUDAS TADEO SOCIEDAD DE RESPONSABILIDAD LIMITADA,091-FDH,GLP,GLP,,,
2026-09-07,2026-09-07,True,False,Distrito Comercial La Paz,GLP DISTRIB. 10 KILOS NAL,6900.0,L,SAN JUDAS TADEO SOCIEDAD DE RESPONSABILIDAD LIMITADA,795-CZG,GLP,GLP,,,
2026-09-07,2026-09-07,True,False,Distrito Comercial La Paz,GLP DISTRIB. 10 KILOS NAL,3340.0,L,DIST. GLP. TRIPETROL S.R.L.,557-KAE,GLP,GLP,,,
2026-09-07,2026-09-07,True,False,Distrito Comercial La Paz,GASOLINA ESPECIAL + (S/DSI),20000.0,L,EST. SERV. ALTO LIMA S.R.L.,1555-ULK,Gasolina Especial +,GASOLINA_ESPECIAL_MAS,,,
2026-09-07,2026-09-07,True,False,Distrito Comercial La Paz,GLP DISTRIB. 10 KILOS NAL,6750.0,L,A.A.V.V. GAS S.R.L.,538-NHU,GLP,GLP,,,
2026-09-07,2026-09-07,True,False,Distrito Comercial La Paz,GASOLINA ESPECIAL + (S/DSI),24000.0,L,ESTACION DE SERVICIO CALUYO S.R.L.,1189-ZFC,Gasolina Especial +,GASOLINA_ESPECIAL_MAS,,,
2026-09-07,2026-09-07,True,False,Distrito Comercial La Paz,GASOLINA ESPECIAL + (S/DSI),24000.0,L,EST. SERV. TEXAS S.R.L.,1008-UIC,Gasolina Especial +,GASOLINA_ESPECIAL_MAS,,,
2026-09-07,2026-09-07,True,False,Distrito Comercial La Paz,GLP DISTRIB. 45 KILOS NAL,1800.0,L,A.A.V.V. GAS S.R.L.,4994-PHC,GLP,GLP,,,
2026-09-07,2026-09-07,True,False,Distrito Comercial La Paz,GASOLINA ESPECIAL + (S/DSI),24000.0,L,ESTACION DE SERVICIO KORY INTI S.R.L.,3879-BHE,Gasolina Especial +,GASOLINA_ESPECIAL_MAS,,,
2026-09-07,2026-09-07,True,False,Distrito Comercial La Paz,GASOLINA ESPECIAL + (S/DSI),24000.0,L,EST. SERV. EL PARAISO SRL.,3831-BFB,Gasolina Especial +,GASOLINA_ESPECIAL_MAS,,,
2026-09-07,2026-09-07,True,False,Distrito Comercial La Paz,GASOLINA ESPECIAL + (S/DSI),24000.0,L,EST. SERV. CHASQUIPAMPA S.R.L.,3030-TPF,Gasolina Especial +,GASOLINA_ESPECIAL_MAS,,,
2026-09-07,2026-09-07,True,False,Distrito Comercial La Paz,GASOLINA ESPECIAL + (S/DSI),24000.0,L,EST. SERV. QHANTATI SRL.,1326-NDS,Gasolina Especial +,GASOLINA_ESPECIAL_MAS,,,
2026-09-07,2026-09-07,True,False,Distrito Comercial La Paz,GASOLINA ESPECIAL + (S/DSI),24000.0,L,EST. SERV. ILLIMANI S.R.L.,564-CNY,Gasolina Especial +,GASOLINA_ESPECIAL_MAS,,,
2026-09-07,2026-09-07,True,False,Distrito Comercial La Paz,GASOLINA ESPECIAL + (S/DSI),24000.0,L,GREGORIO CUENTAS M. EST. SERV. DRAGON DE ORO,500-FYX,Gasolina Especial +,GASOLINA_ESPECIAL_MAS,,,
2026-09-07,2026-09-07,True,False,Distrito Comercial La Paz,GLP DISTRIB. 10 KILOS NAL,6630.0,L,GMGRECO GAS SOCIEDAD DE RESPONSABILIDAD LIMITADA,2060-RYK,GLP,GLP,,,
2026-09-07,2026-09-07,True,False,Distrito Comercial La Paz,GASOLINA ESPECIAL + (S/DSI),18000.0,L,ESTACION DE SERVICIO C. REDENTOR S.R.L.,306-ERY,Gasolina Especial +,GASOLINA_ESPECIAL_MAS,,,
2026-09-07,2026-09-07,True,False,Distrito Comercial La Paz,GASOLINA ESPECIAL + (S/DSI),24000.0,L,EST. SERV. SOC. IND. COM. G.L.P.H. LTDA,671-SUX,Gasolina Especial +,GASOLINA_ESPECIAL_MAS,,,
2026-09-07,2026-09-07,True,False,Distrito Comercial La Paz,GASOLINA ESPECIAL EESS,24000.0,L,ELDA S. AGUILAR V. - EST. SERV. JUAN PABLO II,4457-NRI,Gasolina Especial,GASOLINA_ESPECIAL,,,
2026-09-07,2026-09-05,True,True,Distrito Comercial La Paz,DIESEL OIL NACIONAL EESS,12000.0,L,EST. SERV. BALLIVIAN,1156-UCY,Diesel Oil Nacional,DIESEL_NACIONAL,,,
2026-09-07,2026-09-05,True,True,Distrito Comercial La Paz,GASOLINA ESPECIAL + EESS,12000.0,L,EST. SERV. BALLIVIAN,1156-UCY,Gasolina Especial +,GASOLINA_ESPECIAL_MAS,,,
2026-09-07,2026-09-07,True,False,Distrito Comercial La Paz,GASOLINA ESPECIAL + (S/DSI),24000.0,L,DISTRIBUIDORA DE GASOLINA Y LUBRICANTES SAN PABLO S.R.L.,632-RIB,Gasolina Especial +,GASOLINA_ESPECIAL_MAS,,,
2026-09-07,2026-09-07,True,False,Distrito Comercial La Paz,GLP DISTRIB. 10 KILOS NAL,6630.0,L,DIST. GLP. SAMO S.A.,480-CIT,GLP,GLP,,,
2026-09-07,2026-09-07,True,False,Distrito Comercial La Paz,GASOLINA ESPECIAL + (S/DSI),18000.0,L,EST. SERV. CANDELARIA,1062-UXD,Gasolina Especial +,GASOLINA_ESPECIAL_MAS,,,
2026-09-07,2026-09-07,True,False,Distrito Comercial La Paz,GLP DISTRIB. 10 KILOS NAL,6750.0,L,DIST. GLP. SAMO S.A.,467-SRU,GLP,GLP,,,
2026-09-07,2026-09-07,True,False,Distrito Comercial La Paz,GLP DISTRIB. 10 KILOS NAL,6900.0,L,DIST. GLP. SAMO S.A.,1311-BND,GLP,GLP,,,
2026-09-07,2026-09-07,True,False,Distrito Comercial La Paz,GLP DISTRIB. 45 KILOS NAL,4500.0,L,DIST. GLP. SAMO S.A.,1182-IYA,GLP,GLP,,,
2026-09-07,2026-09-07,True,False,Distrito Comercial La Paz,GLP DISTRIB. 45 KILOS NAL,1800.0,L,DIST. GLP. PROGAS S.R.L.,4067-YRP,GLP,GLP,,,
2026-09-07,2026-09-07,True,False,Distrito Comercial La Paz,GASOLINA ESPECIAL + (S/DSI),18000.0,L,ESTACIÓN DE SERVICIO ALIMARC INTER GAS BOLIVIA S.R.L.,547-CKT,Gasolina Especial +,GASOLINA_ESPECIAL_MAS,,,
2026-09-07,2026-09-07,True,False,Distrito Comercial La Paz,GLP DISTRIB. 10 KILOS NAL,5940.0,L,DIST. GLP. PROGAS S.R.L.,066-ASF,GLP,GLP,,,
2026-09-07,2026-09-07,True,False,Distrito Comercial La Paz,GASOLINA ESPECIAL EESS,24000.0,L,EST. SERV. CUENTAS SAN PABLO II S.R.L.,2538BZG(1),Gasolina Especial,GASOLINA_ESPECIAL,,,
2026-09-07,2026-09-07,True,False,Distrito Comercial La Paz,GLP DISTRIB. 10 KILOS NAL,6360.0,L,DIST. GLP. PROGAS S.R.L.,932-TGG,GLP,GLP,,,
2026-09-07,2026-09-07,True,False,Distrito Comercial La Paz,GASOLINA ESPECIAL + (S/DSI),24000.0,L,GRUPO EMPRESARIAL VIRGEN DE LOS ALAMOS S.R.L.,4831-ETU,Gasolina Especial +,GASOLINA_ESPECIAL_MAS,,,
2026-09-07,2026-09-07,True,False,Distrito Comercial La Paz,GLP DISTRIB. 10 KILOS NAL,6750.0,L,DIST. GLP. PROGAS S.R.L.,081-CEX,GLP,GLP,,,
2026-09-07,2026-09-07,True,False,Distrito Comercial La Paz,GASOLINA ESPECIAL + (S/DSI),24000.0,L,ESTACION DE SERVICIO TEJADA TRIANGULAR,1776-DNN,Gasolina Especial +,GASOLINA_ESPECIAL_MAS,,,
2026-09-07,2026-09-07,True,False,Distrito Comercial La Paz,GASOLINA ESPECIAL + (S/DSI),12000.0,L,EST. SERV. CHALY,2514-AZU,Gasolina Especial +,GASOLINA_ESPECIAL_MAS,,,
2026-09-07,2026-09-07,True,False,Distrito Comercial La Paz,GASOLINA ESPECIAL + (S/DSI),24000.0,L,EST. SERV. LUBRICAN SRL,2714-SNP,Gasolina Especial +,GASOLINA_ESPECIAL_MAS,,,
2026-09-07,2026-09-07,True,False,Distrito Comercial La Paz,GLP DISTRIB. 10 KILOS NAL,6630.0,L,DIST. GLP. PROGAS S.R.L.,303-CTB,GLP,GLP,,,
2026-09-07,2026-09-07,True,False,Distrito Comercial La Paz,GASOLINA ESPECIAL + (S/DSI),24000.0,L,EST. SERV. SAN PABLO VILLA BOLIVAR S.R.L.,496-HSR,Gasolina Especial +,GASOLINA_ESPECIAL_MAS,,,
2026-09-07,2026-09-07,True,False,Distrito Comercial La Paz,GLP DISTRIB. 10 KILOS NAL,6000.0,L,AXEL GAS S.R.L.,1209-EYS,GLP,GLP,,,
2026-09-07,2026-09-07,True,False,Distrito Comercial La Paz,GASOLINA ESPECIAL EESS,24000.0,L,ESTACION DE SERVICIO SEÑOR DE MAYO S.R.L.,551-HEL,Gasolina Especial,GASOLINA_ESPECIAL,,,
2026-09-07,2026-09-07,True,False,Distrito Comercial La Paz,GLP DISTRIB. 10 KILOS NAL,8500.0,L,DIST. GLP. COPACABANA GAS LTDA.,3621-ZLA,GLP,GLP,,,
2026-09-07,2026-09-07,True,False,Distrito Comercial La Paz,GASOLINA ESPECIAL + (S/DSI),18000.0,L,ZURSIL S.R.L. - E.S.T.,1604-NBE,Gasolina Especial +,GASOLINA_ESPECIAL_MAS,,,
2026-09-07,2026-09-07,True,False,Distrito Comercial La Paz,GLP DISTRIB. 10 KILOS NAL,6750.0,L,GENARA CAPIA DE FERNANDEZ - DIST. GLP SEVERO FERNANDEZ CH.,1803-RES,GLP,GLP,,,
2026-09-07,2026-09-07,True,False,Distrito Comercial La Paz,GASOLINA ESPECIAL + (S/DSI),18000.0,L,EST. SERV. LAREDO SRL,1000-PUE,Gasolina Especial +,GASOLINA_ESPECIAL_MAS,,,
2026-09-07,2026-09-07,True,False,Distrito Comercial La Paz,GLP DISTRIB. 10 KILOS NAL,9000.0,L,DIST. GLP FLOR DEL NORTE S.R.L.,1248-LFL,GLP,GLP,,,
2026-09-07,2026-09-07,True,False,Distrito Comercial La Paz,GLP DISTRIB. 10 KILOS NAL,3490.0,L,DIST. GLP. SOCIEDAD PETROLERA SANTA ELENA S.R.L. (SOPESE S.R.L.),091-FAX,GLP,GLP,,,
2026-09-07,2026-09-07,True,False,Distrito Comercial La Paz,GLP DISTRIB. 10 KILOS NAL,5000.0,L,DIST. GLP. SOCIEDAD PETROLERA SANTA ELENA S.R.L. (SOPESE S.R.L.),3592-GZF,GLP,GLP,,,
2026-09-07,2026-09-07,True,False,Distrito Comercial La Paz,GLP DISTRIB. 10 KILOS NAL,6090.0,L,DIST. GLP. SOCIEDAD PETROLERA SANTA ELENA S.R.L. (SOPESE S.R.L.),414-BKB,GLP,GLP,,,
2026-09-07,2026-09-07,True,False,Distrito Comercial La Paz,GLP DISTRIB. 10 KILOS NAL,9000.0,L,EMPRESA DISTRIBUIDORA DE GAS LICUADO GLP LOS NIETOS S.R.L,364-UHS,GLP,GLP,,,
2026-09-07,2026-09-07,True,False,Distrito Comercial La Paz,GLP DISTRIB. 10 KILOS NAL,6210.0,L,DIST. GLP. SOCIEDAD PETROLERA SANTA ELENA S.R.L. (SOPESE S.R.L.),085-IKK,GLP,GLP,,,
2026-09-07,2026-09-07,True,False,Distrito Comercial La Paz,GLP DISTRIB. 10 KILOS NAL,7500.0,L,DIST. GLP SORATA PERLA ANDINA S.R.L.,3158-DDF,GLP,GLP,,,
2026-09-07,2026-09-07,True,False,Distrito Comercial La Paz,GLP DISTRIB. 10 KILOS NAL,8840.0,L,DISTRIBUIDORA DE GAS LICUADO ALEJANDRA S.R.L.,2812-HKH,GLP,GLP,,,
2026-09-07,2026-09-07,True,False,Distrito Comercial La Paz,GLP DISTRIB. 10 KILOS NAL,8840.0,L,"DISTRIBUIDORA DE G.L.P. ""TIPUANI"" S.R.L.",1782-TUA,GLP,GLP,,,
2026-09-07,2026-09-07,True,False,Distrito Comercial La Paz,GLP DISTRIB. 10 KILOS NAL,6630.0,L,ISABEL DURAN DE ITURRI - DIST. GLP DURA GAS,659-INT,GLP,GLP,,,
2026-09-07,2026-09-07,True,False,Distrito Comercial La Paz,GLP DISTRIB. 10 KILOS NAL,6750.0,L,ISABEL DURAN DE ITURRI - DIST. GLP DURA GAS,820-EEB,GLP,GLP,,,
2026-09-07,2026-09-07,True,False,Distrito Comercial La Paz,GLP DISTRIB. 10 KILOS NAL,9000.0,L,ALEXSUS GAS S.R.L.,2725-RIY,GLP,GLP,,,
2026-09-07,2026-09-05,True,True,Distrito Comercial La Paz,DIESEL OIL IMPORTADO EESS,12000.0,L,EST. SERV. TEXAS S.R.L.,1008-UIC,Diesel Oil Importado,DIESEL_IMPORTADO,,,
2026-09-07,2026-09-05,True,True,Distrito Comercial La Paz,DIESEL OIL IMPORTADO EESS,18000.0,L,ESTACIÓN DE SERVICIO LAS ROSAS S.R.L.,101-GEK,Diesel Oil Importado,DIESEL_IMPORTADO,,,
2026-09-07,2026-09-05,True,True,Distrito Comercial La Paz,DIESEL OIL IMPORTADO EESS,12000.0,L,EST. SERV. 6 DE MARZO,101-GEK,Diesel Oil Importado,DIESEL_IMPORTADO,,,
2026-09-07,2026-09-05,True,True,Distrito Comercial La Paz,GASOLINA ESPECIAL + (S/DSI),20000.0,L,MARIA PATZI-EST. SERV. VARELA,2352-NHH,Gasolina Especial +,GASOLINA_ESPECIAL_MAS,,,
2026-09-07,2026-09-05,True,True,Distrito Comercial La Paz,GASOLINA ESPECIAL + (S/DSI),12000.0,L,EST. SERV. 6 DE MARZO,101-GEK,Gasolina Especial +,GASOLINA_ESPECIAL_MAS,,,
2026-09-07,2026-09-05,True,True,Distrito Comercial La Paz,GLP DISTRIB. 10 KILOS NAL,8000.0,L,SANDRA CALLIZAYA CH. - DIST. GLP APOLOBAMBA,1815-NPC,GLP,GLP,,,
2026-09-07,2026-09-05,True,True,Distrito Comercial La Paz,GLP DISTRIB. 10 KILOS NAL,6630.0,L,DIST. GLP. VIAGAS,302-TIF,GLP,GLP,,,
2026-09-07,2026-09-05,True,True,Distrito Comercial La Paz,GLP DISTRIB. 10 KILOS NAL,6210.0,L,DIST. GLP. VIAGAS,1255-KZB,GLP,GLP,,,
2026-09-07,2026-09-05,True,True,Distrito Comercial La Paz,GLP DISTRIB. 10 KILOS NAL,6750.0,L,DIST. GLP. PROGAS S.R.L.,081-CEX,GLP,GLP,,,
2026-09-07,2026-09-05,True,True,Distrito Comercial La Paz,GLP DISTRIB. 10 KILOS NAL,6630.0,L,DIST. GLP. PROGAS S.R.L.,303-CTB,GLP,GLP,,,
2026-09-07,2026-09-05,True,True,Distrito Comercial La Paz,GLP DISTRIB. 10 KILOS NAL,3000.0,L,DIST. GLP HERMANAS DURAN AGUILAR - MARLENE F. DURAN AGUILAR,2515-XDN,GLP,GLP,,,
2026-09-07,2026-09-05,True,True,Distrito Comercial La Paz,GLP DISTRIB. 10 KILOS NAL,5000.0,L,DIST. GLP HERMANAS DURAN AGUILAR - MARLENE F. DURAN AGUILAR,638-DUA,GLP,GLP,,,
2026-09-07,2026-09-04,True,True,Distrito Comercial La Paz,GLP DISTRIB. 10 KILOS NAL,8750.0,L,DIST. GLP. LA CALZADA-SUD YUNGAS,1340-USK,GLP,GLP,,,
2026-09-07,2026-09-05,True,True,Distrito Comercial La Paz,GLP DISTRIB. 10 KILOS NAL,6630.0,L,SAN JUDAS TADEO SOCIEDAD DE RESPONSABILIDAD LIMITADA,091-FDH,GLP,GLP,,,
2026-09-07,2026-09-05,True,True,Distrito Comercial La Paz,GLP DISTRIB. 10 KILOS NAL,6900.0,L,SAN JUDAS TADEO SOCIEDAD DE RESPONSABILIDAD LIMITADA,104-SNC,GLP,GLP,,,
2026-09-07,2026-09-05,True,True,Distrito Comercial La Paz,GLP DISTRIB. 10 KILOS NAL,6750.0,L,A.A.V.V. GAS S.R.L.,129-BSR,GLP,GLP,,,
2026-09-07,2026-09-05,True,True,Distrito Comercial La Paz,GLP DISTRIB. 10 KILOS NAL,6750.0,L,DIST. GLP. SAMO S.A.,467-SRU,GLP,GLP,,,
2026-09-07,2026-09-05,True,True,Distrito Comercial La Paz,GLP DISTRIB. 10 KILOS NAL,5940.0,L,GMGRECO GAS SOCIEDAD DE RESPONSABILIDAD LIMITADA,497-ILK,GLP,GLP,,,
2026-09-07,2026-09-05,True,True,Distrito Comercial La Paz,GLP DISTRIB. 10 KILOS NAL,6630.0,L,GMGRECO GAS SOCIEDAD DE RESPONSABILIDAD LIMITADA,921-NLX,GLP,GLP,,,
2026-09-07,2026-09-05,True,True,Distrito Comercial La Paz,GLP DISTRIB. 10 KILOS NAL,6900.0,L,DIST. GLP. SAMO S.A.,1311-BND,GLP,GLP,,,
2026-09-07,2026-09-04,True,True,Distrito Comercial La Paz,GASOLINA ESPECIAL EESS,22000.0,L,EST. SERV. CRUCE LURIBAY S.R.L.,375-YZN,Gasolina Especial,GASOLINA_ESPECIAL,,,
2026-09-07,2026-09-05,True,True,Distrito Comercial La Paz,GLP DISTRIB. 10 KILOS NAL,6750.0,L,ISABEL DURAN DE ITURRI - DIST. GLP DURA GAS,699-BXF,GLP,GLP,,,
2026-09-07,2026-09-05,True,True,Distrito Comercial La Paz,GLP DISTRIB. 10 KILOS NAL,3470.0,L,DIST. GLP. ESMERALDA GAS SRL.,2124-NIL,GLP,GLP,,,
2026-09-07,2026-09-04,True,True,Distrito Comercial La Paz,GLP DISTRIB. 10 KILOS NAL,6000.0,L,GENARA CAPIA DE FERNANDEZ - DIST. GLP SEVERO FERNANDEZ CH.,1598-DTN,GLP,GLP,,,
2026-09-07,2026-09-04,True,True,Distrito Comercial La Paz,GLP DISTRIB. 10 KILOS NAL,3500.0,L,DIST. GLP ANGELES,986-UIL,GLP,GLP,,,
2026-09-07,2026-09-03,True,True,Distrito Comercial La Paz,GASOLINA ESPECIAL + EESS,24000.0,L,OFELIA PLATA P. - EST. SERV. UMAMARCA,2339-UFY,Gasolina Especial +,GASOLINA_ESPECIAL_MAS,,,
2026-09-07,2026-09-04,True,True,Distrito Comercial La Paz,GLP DISTRIB. 10 KILOS NAL,6480.0,L,DIST. GLP. VIAGAS,162-ZAS,GLP,GLP,,,
2026-09-07,2026-09-04,True,True,Distrito Comercial La Paz,GLP DISTRIB. 10 KILOS NAL,6630.0,L,DIST. GLP. VIAGAS,302-TIF,GLP,GLP,,,
2026-09-07,2026-09-04,True,True,Distrito Comercial La Paz,GLP DISTRIB. 10 KILOS NAL,6630.0,L,DIST. GLP. PROGAS S.R.L.,303-CTB,GLP,GLP,,,
2026-09-07,2026-09-04,True,True,Distrito Comercial La Paz,GLP DISTRIB. 10 KILOS NAL,9000.0,L,DISTRIBUIDORA DE GLP SAN FRANCISCO -LUCIANO SILLO CONDORI S.R.L.,4024-SAH,GLP,GLP,,,
2026-09-07,2026-09-04,True,True,Distrito Comercial La Paz,GLP DISTRIB. 10 KILOS NAL,6630.0,L,DIST. GLP. SAMO S.A.,467-SRU,GLP,GLP,,,
2026-09-07,2026-09-04,True,True,Distrito Comercial La Paz,GLP DISTRIB. 10 KILOS NAL,5800.0,L,GMGRECO GAS SOCIEDAD DE RESPONSABILIDAD LIMITADA,2060-RYK,GLP,GLP,,,
2026-09-07,2026-09-04,True,True,Distrito Comercial La Paz,GLP DISTRIB. 10 KILOS NAL,5940.0,L,GMGRECO GAS SOCIEDAD DE RESPONSABILIDAD LIMITADA,497-ILK,GLP,GLP,,,
2026-09-07,2026-09-04,True,True,Distrito Comercial La Paz,GLP DISTRIB. 10 KILOS NAL,6630.0,L,GMGRECO GAS SOCIEDAD DE RESPONSABILIDAD LIMITADA,921-NLX,GLP,GLP,,,
2026-09-07,2026-09-04,True,True,Distrito Comercial La Paz,GLP DISTRIB. 10 KILOS NAL,6750.0,L,A.A.V.V. GAS S.R.L.,334-ZRI,GLP,GLP,,,
2026-09-07,2026-09-04,True,True,Distrito Comercial La Paz,GLP DISTRIB. 10 KILOS NAL,6900.0,L,SAN JUDAS TADEO SOCIEDAD DE RESPONSABILIDAD LIMITADA,795-CZG,GLP,GLP,,,
2026-09-07,2026-09-03,True,True,Distrito Comercial La Paz,GLP DISTRIB. 10 KILOS NAL,9000.0,L,SANDRA CALLIZAYA CH. - DIST. GLP OMASUYOS,566-PFF,GLP,GLP,,,
2026-09-07,2026-09-03,True,True,Distrito Comercial La Paz,GLP DISTRIB. 10 KILOS NAL,9000.0,L,DISTRIBUIDORA DE GLP SAN FRANCISCO -LUCIANO SILLO CONDORI S.R.L.,5720-CUY,GLP,GLP,,,
2026-09-05,2026-09-05,True,False,Distrito Comercial La Paz,GASOLINA ESPECIAL + (S/DSI),20000.0,L,EST. SERV. EMP. COM. HID. TUPAC KATARI S.R.L.,110-NBH,Gasolina Especial +,GASOLINA_ESPECIAL_MAS,,,
2026-09-05,2026-09-05,True,False,Distrito Comercial La Paz,DIESEL OIL NACIONAL EESS,24000.0,L,EST. SERV. GASOLCAMP S.R.L.,1415-KKX,Diesel Oil Nacional,DIESEL_NACIONAL,,,
2026-09-05,2026-09-05,True,False,Distrito Comercial La Paz,GASOLINA ESPECIAL + EESS,24000.0,L,OFELIA PLATA P. - EST. SERV. DARTAÑAN,373-TZR,Gasolina Especial +,GASOLINA_ESPECIAL_MAS,,,
2026-09-05,2026-09-05,True,False,Distrito Comercial La Paz,DIESEL OIL NACIONAL EESS,12000.0,L,FREDY LIMACHI CHALLCO - EST. SERV. DON LEO,829-XPG,Diesel Oil Nacional,DIESEL_NACIONAL,,,
2026-09-05,2026-09-05,True,False,Distrito Comercial La Paz,DIESEL OIL IMPORTADO EESS,24000.0,L,NEW PETROL BOLIVIA SUCURSAL 2,2307-CNA,Diesel Oil Importado,DIESEL_IMPORTADO,,,
2026-09-05,2026-09-05,True,False,Distrito Comercial La Paz,DIESEL OIL IMPORTADO EESS,24000.0,L,CHOROPAMPA S.R.L.,489-DAX,Diesel Oil Importado,DIESEL_IMPORTADO,,,
2026-09-05,2026-09-05,True,False,Distrito Comercial La Paz,DIESEL OIL NACIONAL EESS,12000.0,L,IVAN MATIAS V. - EST. SERV. REYES MATIAS,1392-KNS,Diesel Oil Nacional,DIESEL_NACIONAL,,,
2026-09-05,2026-09-05,True,False,Distrito Comercial La Paz,GASOLINA ESPECIAL + EESS,12000.0,L,IVAN MATIAS V. - EST. SERV. REYES MATIAS,1392-KNS,Gasolina Especial +,GASOLINA_ESPECIAL_MAS,,,
2026-09-05,2026-09-05,True,False,Distrito Comercial La Paz,GASOLINA ESPECIAL + (S/DSI),24000.0,L,EST. SERV. COSTANERA SRL.,581-YGU,Gasolina Especial +,GASOLINA_ESPECIAL_MAS,,,
2026-09-05,2026-09-05,True,False,Distrito Comercial La Paz,GASOLINA ESPECIAL + EESS,22000.0,L,EST. SERV. FLOR DE CAÑA S.R.L.,2027-AHS,Gasolina Especial +,GASOLINA_ESPECIAL_MAS,,,
2026-09-05,2026-09-05,True,False,Distrito Comercial La Paz,DIESEL OIL NACIONAL EESS,20000.0,L,EST. SERV. CARBURANTES SAN MIGUEL,3031-TBX,Diesel Oil Nacional,DIESEL_NACIONAL,,,
2026-09-05,2026-09-05,True,False,Distrito Comercial La Paz,GASOLINA ESPECIAL + EESS,12000.0,L,ESTACION DE SERVICIO ESPIGA DE ORO S.R.L.,3765-DRD,Gasolina Especial +,GASOLINA_ESPECIAL_MAS,,,
2026-09-05,2026-09-05,True,False,Distrito Comercial La Paz,DIESEL OIL NACIONAL EESS,12000.0,L,ESTACION DE SERVICIO ESPIGA DE ORO S.R.L.,3765-DRD,Diesel Oil Nacional,DIESEL_NACIONAL,,,
2026-09-05,2026-09-05,True,False,Distrito Comercial La Paz,DIESEL OIL IMPORTADO EESS,12000.0,L,ESTACION DE SERVICIO ZOFRI S.R.L.,1397-CTU,Diesel Oil Importado,DIESEL_IMPORTADO,,,
2026-09-05,2026-09-05,True,False,Distrito Comercial La Paz,DIESEL OIL IMPORTADO EESS,20000.0,L,EST. SERV. BASSAM LTDA,801-GSD 1,Diesel Oil Importado,DIESEL_IMPORTADO,,,
2026-09-05,2026-09-05,True,False,Distrito Comercial La Paz,GASOLINA ESPECIAL + (S/DSI),24000.0,L,EST. SERV. BASSAM LTDA,5352-EER,Gasolina Especial +,GASOLINA_ESPECIAL_MAS,,,
2026-09-05,2026-09-05,True,False,Distrito Comercial La Paz,GASOLINA ESPECIAL + (S/DSI),24000.0,L,ESTACION DE SERVICIO JACHA INTI S.R.L.,670-XGC,Gasolina Especial +,GASOLINA_ESPECIAL_MAS,,,
2026-09-05,2026-09-05,True,False,Distrito Comercial La Paz,DIESEL OIL IMPORTADO EESS,24000.0,L,EST. SERV. ILLIMANI S.R.L.,564-CNY,Diesel Oil Importado,DIESEL_IMPORTADO,,,
2026-09-05,2026-09-05,True,False,Distrito Comercial La Paz,DIESEL OIL NACIONAL EESS,20000.0,L,ESTACION DE SERVICIO GERENCIA AYMARA S.R.L.,311-DYG,Diesel Oil Nacional,DIESEL_NACIONAL,,,
2026-09-05,2026-09-05,True,False,Distrito Comercial La Paz,GASOLINA ESPECIAL + EESS,22000.0,L,ESTACION DE SERVICIO MEJIA S.R.L.,1462-GCX,Gasolina Especial +,GASOLINA_ESPECIAL_MAS,,,
2026-09-05,2026-09-05,True,False,Distrito Comercial La Paz,GASOLINA ESPECIAL + (S/DSI),22000.0,L,PATRICIA QUIROZ SIRPA - PUESTO DE VENTA PATTY,2295-NUP,Gasolina Especial +,GASOLINA_ESPECIAL_MAS,,,
2026-09-05,2026-09-05,True,False,Distrito Comercial La Paz,DIESEL OIL IMPORTADO EESS,24000.0,L,EST. SERV. LAREDO SRL,1000-PUE,Diesel Oil Importado,DIESEL_IMPORTADO,,,
2026-09-05,2026-09-05,True,False,Distrito Comercial La Paz,DIESEL OIL IMPORTADO EESS,24000.0,L,ESTACION DE SERVICIO LOS ROSALES,424-LDB,Diesel Oil Importado,DIESEL_IMPORTADO,,,
2026-09-05,2026-09-05,True,False,Distrito Comercial La Paz,DIESEL OIL NACIONAL EESS,20000.0,L,SILVIA TORREZ.- EST. SERV. TORREZ,080-RZK,Diesel Oil Nacional,DIESEL_NACIONAL,,,
2026-09-05,2026-09-05,True,False,Distrito Comercial La Paz,DIESEL OIL IMPORTADO EESS,12000.0,L,ESTACION DE SERVICIOS NIMAGASBOL S.R.L.,4560-SXF,Diesel Oil Importado,DIESEL_IMPORTADO,,,
2026-09-05,2026-09-05,True,False,Distrito Comercial La Paz,DIESEL OIL IMPORTADO EESS,12000.0,L,EST. SERV. ALTO LIMA S.R.L.,1555-ULK,Diesel Oil Importado,DIESEL_IMPORTADO,,,
2026-09-05,2026-09-05,True,False,Distrito Comercial La Paz,DIESEL OIL IMPORTADO EESS,20000.0,L,EST. SERV. GAS-MAY S.R.L.,3433-SYX,Diesel Oil Importado,DIESEL_IMPORTADO,,,
2026-09-05,2026-09-05,True,False,Distrito Comercial La Paz,DIESEL OIL IMPORTADO EESS,20000.0,L,EST. SERV. CHUSAMARCA,704-BCY,Diesel Oil Importado,DIESEL_IMPORTADO,,,
2026-09-05,2026-09-05,True,False,Distrito Comercial La Paz,GASOLINA ESPECIAL + (S/DSI),20000.0,L,EFRAIN LOPEZ LUCANA,564-CAE,Gasolina Especial +,GASOLINA_ESPECIAL_MAS,,,
2026-09-05,2026-09-05,True,False,Distrito Comercial La Paz,DIESEL OIL IMPORTADO EESS,12000.0,L,ESTACION DE SERVICIO C. REDENTOR S.R.L.,306-ERY,Diesel Oil Importado,DIESEL_IMPORTADO,,,
2026-09-05,2026-09-05,True,False,Distrito Comercial La Paz,DIESEL OIL NACIONAL EESS,12000.0,L,EST. SERV. IRIARTE SAN BORJA,330-PTX,Diesel Oil Nacional,DIESEL_NACIONAL,,,
2026-09-05,2026-09-05,True,False,Distrito Comercial La Paz,GASOLINA ESPECIAL + EESS,12000.0,L,EST. SERV. IRIARTE SAN BORJA,330-PTX,Gasolina Especial +,GASOLINA_ESPECIAL_MAS,,,
2026-09-05,2026-09-05,True,False,Distrito Comercial La Paz,DIESEL OIL NACIONAL EESS,12000.0,L,SANTA ROSA PERLA DEL BENI S.R.L.,4767-NUU,Diesel Oil Nacional,DIESEL_NACIONAL,,,
2026-09-05,2026-09-05,True,False,Distrito Comercial La Paz,GASOLINA ESPECIAL + EESS,12000.0,L,SANTA ROSA PERLA DEL BENI S.R.L.,4767-NUU,Gasolina Especial +,GASOLINA_ESPECIAL_MAS,,,
2026-09-05,2026-09-05,True,False,Distrito Comercial La Paz,DIESEL OIL IMPORTADO EESS,24000.0,L,ELDA S. AGUILAR V. - EST. SERV. JUAN PABLO II,4457-NRI,Diesel Oil Importado,DIESEL_IMPORTADO,,,
2026-09-05,2026-09-05,True,False,Distrito Comercial La Paz,GASOLINA ESPECIAL + (S/DSI),24000.0,L,EST. SERV. EMP. COM. HID. TUPAC KATARI S.R.L.,658-HPL,Gasolina Especial +,GASOLINA_ESPECIAL_MAS,,,
2026-09-05,2026-09-05,True,False,Distrito Comercial La Paz,DIESEL OIL NACIONAL EESS,20000.0,L,ESTACION DE SERVICIO TEOPONTE S.R.L.,323-KEP,Diesel Oil Nacional,DIESEL_NACIONAL,,,
2026-09-05,2026-09-05,True,False,Distrito Comercial La Paz,DIESEL OIL IMPORTADO EESS,12000.0,L,ESTACION DE SERVICIO CHALLAPAMPA S.R.L.,294-CZD,Diesel Oil Importado,DIESEL_IMPORTADO,,,
2026-09-05,2026-09-05,True,False,Distrito Comercial La Paz,DIESEL OIL NACIONAL EESS,20000.0,L,PANAMERICANA INTERNACIONAL S.R.L. PAINTER S.R.L.,5165-AKL,Diesel Oil Nacional,DIESEL_NACIONAL,,,
2026-09-05,2026-09-05,True,False,Distrito Comercial La Paz,DIESEL OIL NACIONAL EESS,20000.0,L,ESTACION DE SERVICIOS YARA S.R.L.,1408-ILP,Diesel Oil Nacional,DIESEL_NACIONAL,,,
2026-09-05,2026-09-05,True,False,Distrito Comercial La Paz,GASOLINA ESPECIAL + (S/DSI),24000.0,L,EST. SERV. RACING GAS S.R.L.,564-CGD,Gasolina Especial +,GASOLINA_ESPECIAL_MAS,,,
2026-09-05,2026-09-05,True,False,Distrito Comercial La Paz,GASOLINA ESPECIAL + (S/DSI),12000.0,L,EST. SERV. BOLIVIA ZURSIL S.R.L.,801-ZRR,Gasolina Especial +,GASOLINA_ESPECIAL_MAS,,,
2026-09-05,2026-09-05,True,False,Distrito Comercial La Paz,DIESEL OIL IMPORTADO EESS,12000.0,L,EST. SERV. BOLIVIA ZURSIL S.R.L.,801-ZRR,Diesel Oil Importado,DIESEL_IMPORTADO,,,
2026-09-05,2026-09-05,True,False,Distrito Comercial La Paz,DIESEL OIL IMPORTADO EESS,20000.0,L,EST. SERV. GALAXIA S.R.L.,564-CDR 1,Diesel Oil Importado,DIESEL_IMPORTADO,,,
2026-09-05,2026-09-05,True,False,Distrito Comercial La Paz,DIESEL OIL IMPORTADO EESS,24000.0,L,EST. SERV. PLAYA VERDE,1157-UUL,Diesel Oil Importado,DIESEL_IMPORTADO,,,
2026-09-05,2026-09-05,True,False,Distrito Comercial La Paz,DIESEL OIL IMPORTADO EESS,20000.0,L,ESTACION DE SERVICIO FULL TANK S.R.L.,1786-XKK,Diesel Oil Importado,DIESEL_IMPORTADO,,,
2026-09-05,2026-09-05,True,False,Distrito Comercial La Paz,DIESEL OIL IMPORTADO EESS,20000.0,L,EST. SERV. EL PARAISO SRL.,3831-BFB,Diesel Oil Importado,DIESEL_IMPORTADO,,,
2026-09-05,2026-09-05,True,False,Distrito Comercial La Paz,GASOLINA ESPECIAL + (S/DSI),20000.0,L,"EMPRESA COMERCIALIZADORA, DISTRIBUIDORA DE SERVICIOS Y CARBURANTES ARUZCA MORALES S.R.L.",3104-AEI,Gasolina Especial +,GASOLINA_ESPECIAL_MAS,,,
2026-09-05,2026-09-05,True,False,Distrito Comercial La Paz,DIESEL OIL IMPORTADO EESS,20000.0,L,"EMPRESA COMERCIALIZADORA, DISTRIBUIDORA DE SERVICIOS Y CARBURANTES ARUZCA MORALES S.R.L.",1233-KNC,Diesel Oil Importado,DIESEL_IMPORTADO,,,
2026-09-05,2026-09-05,True,False,Distrito Comercial La Paz,DIESEL OIL IMPORTADO EESS,18000.0,L,EST. SERV. EDUARDO YUPANQUI,1156-PGH 1,Diesel Oil Importado,DIESEL_IMPORTADO,,,
2026-09-05,2026-09-05,True,False,Distrito Comercial La Paz,DIESEL OIL IMPORTADO EESS,20000.0,L,EDUARDO YUPANQUI Q.-EST. SERV. VENTILLA,1149-ZND,Diesel Oil Importado,DIESEL_IMPORTADO,,,
2026-09-05,2026-09-05,True,False,Distrito Comercial La Paz,GASOLINA ESPECIAL + (S/DSI),24000.0,L,ESTACION DE SERVICIO LOS ROSALES,3115-TRK,Gasolina Especial +,GASOLINA_ESPECIAL_MAS,,,
2026-09-05,2026-09-05,True,False,Distrito Comercial La Paz,DIESEL OIL IMPORTADO EESS,12000.0,L,ZURSIL S.R.L. - E.S.T.,542-PSF,Diesel Oil Importado,DIESEL_IMPORTADO,,,
2026-09-05,2026-09-05,True,False,Distrito Comercial La Paz,GASOLINA ESPECIAL + EESS,22000.0,L,SILVIA TORREZ.- EST. SERV. TORREZ,378-NEY,Gasolina Especial +,GASOLINA_ESPECIAL_MAS,,,
2026-09-05,2026-09-05,True,False,Distrito Comercial La Paz,DIESEL OIL NACIONAL EESS,12000.0,L,EST. SERV. NETANEL,1519-LSH,Diesel Oil Nacional,DIESEL_NACIONAL,,,
2026-09-05,2026-09-05,True,False,Distrito Comercial La Paz,GASOLINA ESPECIAL + (S/DSI),12000.0,L,MARIANA J. CAMACHO RAMIREZ - PUESTO DE VENTA MIMARBOZO,1833-PPH,Gasolina Especial +,GASOLINA_ESPECIAL_MAS,,,
2026-09-05,2026-09-05,True,False,Distrito Comercial La Paz,DIESEL OIL IMPORTADO EESS,12000.0,L,MARIANA J. CAMACHO RAMIREZ - PUESTO DE VENTA MIMARBOZO,1833-PPH,Diesel Oil Importado,DIESEL_IMPORTADO,,,
2026-09-05,2026-09-05,True,False,Distrito Comercial La Paz,DIESEL OIL IMPORTADO EESS,24000.0,L,EST. SERV. CANDELARIA,2522-IGY 1,Diesel Oil Importado,DIESEL_IMPORTADO,,,
2026-09-05,2026-09-05,True,False,Distrito Comercial La Paz,DIESEL OIL IMPORTADO EESS,12000.0,L,EST. SERV. CANDELARIA,4831-ETU,Diesel Oil Importado,DIESEL_IMPORTADO,,,
2026-09-05,2026-09-05,True,False,Distrito Comercial La Paz,DIESEL OIL IMPORTADO EESS,24000.0,L,ELSA CHIPANA H. - EST. SERV. ECOPETROL,4563-ZEN 1,Diesel Oil Importado,DIESEL_IMPORTADO,,,
2026-09-05,2026-09-05,True,False,Distrito Comercial La Paz,DIESEL OIL IMPORTADO EESS,24000.0,L,ESTACIÓN DE SERVICIO ALIMARC INTER GAS BOLIVIA S.R.L.,547-CKT,Diesel Oil Importado,DIESEL_IMPORTADO,,,
2026-09-05,2026-09-05,True,False,Distrito Comercial La Paz,DIESEL OIL IMPORTADO EESS,20000.0,L,GAS SAN FELIPE S.R.L.,5602-HKS,Diesel Oil Importado,DIESEL_IMPORTADO,,,
2026-09-05,2026-09-05,True,False,Distrito Comercial La Paz,DIESEL OIL IMPORTADO EESS,12000.0,L,EST. SERV. ESUR GHS LTDA.,908-YCP,Diesel Oil Importado,DIESEL_IMPORTADO,,,
2026-09-05,2026-09-05,True,False,Distrito Comercial La Paz,GASOLINA ESPECIAL + EESS,12000.0,L,EST. SERV. NETANEL,1519-LSH,Gasolina Especial +,GASOLINA_ESPECIAL_MAS,,,
2026-09-05,2026-09-05,True,False,Distrito Comercial La Paz,DIESEL OIL NACIONAL EESS,12000.0,L,EST. SERV. RIO MANIQUI - FATIMA FORERO B.,306-ESC,Diesel Oil Nacional,DIESEL_NACIONAL,,,
2026-09-05,2026-09-05,True,False,Distrito Comercial La Paz,GASOLINA ESPECIAL + EESS,12000.0,L,EST. SERV. RIO MANIQUI - FATIMA FORERO B.,306-ESC,Gasolina Especial +,GASOLINA_ESPECIAL_MAS,,,
2026-09-05,2026-09-05,True,False,Distrito Comercial La Paz,DIESEL OIL NACIONAL EESS,20000.0,L,ESTACION DE SERVICIO GASOLINERA CRUCE DE ORO S.R.L.,5753-FPA,Diesel Oil Nacional,DIESEL_NACIONAL,,,
2026-09-05,2026-09-05,True,False,Distrito Comercial La Paz,GASOLINA ESPECIAL + (S/DSI),24000.0,L,EST. SERV. LUBRICAN SRL,2714-SNP,Gasolina Especial +,GASOLINA_ESPECIAL_MAS,,,
2026-09-05,2026-09-05,True,False,Distrito Comercial La Paz,DIESEL OIL IMPORTADO EESS,24000.0,L,ESTACION DE SERVICIOS NIMAGASBOL S.R.L.,946-TGF 1,Diesel Oil Importado,DIESEL_IMPORTADO,,,
2026-09-05,2026-09-05,True,False,Distrito Comercial La Paz,DIESEL OIL IMPORTADO EESS,20000.0,L,ESTACION DE SERVICIO SEÑOR DE MAYO S.R.L.,671-SUX,Diesel Oil Importado,DIESEL_IMPORTADO,,,
2026-09-05,2026-09-05,True,False,Distrito Comercial La Paz,GASOLINA ESPECIAL + (S/DSI),24000.0,L,EST. SERV. GAS-MAY S.R.L.,1704-ESB,Gasolina Especial +,GASOLINA_ESPECIAL_MAS,,,
2026-09-05,2026-09-05,True,False,Distrito Comercial La Paz,DIESEL OIL IMPORTADO EESS,12000.0,L,EST. SERV. LOS ANDES SRL,5632-ZYE,Diesel Oil Importado,DIESEL_IMPORTADO,,,
2026-09-05,2026-09-05,True,False,Distrito Comercial La Paz,DIESEL OIL IMPORTADO EESS,18000.0,L,EST. SERV. CHASQUIPAMPA S.R.L.,3030-TPF,Diesel Oil Importado,DIESEL_IMPORTADO,,,
2026-09-05,2026-09-05,True,False,Distrito Comercial La Paz,DIESEL OIL IMPORTADO EESS,20000.0,L,EST. SERV. INTEROCEANICO,422-XLT,Diesel Oil Importado,DIESEL_IMPORTADO,,,
2026-09-05,2026-09-05,True,False,Distrito Comercial La Paz,DIESEL OIL IMPORTADO EESS,24000.0,L,EST. SERV. QHANTATI SRL.,2097-PCX,Diesel Oil Importado,DIESEL_IMPORTADO,,,
2026-09-05,2026-09-05,True,False,Distrito Comercial La Paz,DIESEL OIL IMPORTADO EESS,24000.0,L,ESTACION DE SERVICIO C. REDENTOR S.R.L.,306-ERY,Diesel Oil Importado,DIESEL_IMPORTADO,,,
2026-09-05,2026-09-05,True,False,Distrito Comercial La Paz,DIESEL OIL IMPORTADO EESS,20000.0,L,EST. SERV. M&G CAMINO REAL,2801-XUD,Diesel Oil Importado,DIESEL_IMPORTADO,,,
2026-09-05,2026-09-05,True,False,Distrito Comercial La Paz,DIESEL OIL IMPORTADO EESS,20000.0,L,EST. SERV. PEREZ ROCHA SRL.,3445-DKC,Diesel Oil Importado,DIESEL_IMPORTADO,,,
2026-09-05,2026-09-05,True,False,Distrito Comercial La Paz,DIESEL OIL IMPORTADO EESS,20000.0,L,EST. SERV. CUENTAS SAN PABLO II S.R.L.,1189-EHP,Diesel Oil Importado,DIESEL_IMPORTADO,,,
2026-09-05,2026-09-05,True,False,Distrito Comercial La Paz,DIESEL OIL IMPORTADO EESS,24000.0,L,EST. SERV. APOSTOL SANTIAGO,1487-RYN,Diesel Oil Importado,DIESEL_IMPORTADO,,,
2026-09-05,2026-09-05,True,False,Distrito Comercial La Paz,DIESEL OIL IMPORTADO EESS,24000.0,L,EST. SERV. 6 DE MARZO,101-GEK,Diesel Oil Importado,DIESEL_IMPORTADO,,,
2026-09-05,2026-09-05,True,False,Distrito Comercial La Paz,DIESEL OIL IMPORTADO EESS,12000.0,L,DISTRIBUIDORA DE GASOLINA Y LUBRICANTES SAN PABLO S.R.L.,632-RIB,Diesel Oil Importado,DIESEL_IMPORTADO,,,
2026-09-05,2026-09-05,True,False,Distrito Comercial La Paz,DIESEL OIL IMPORTADO EESS,24000.0,L,EST. SERV. VOLCAN S.R.L.,4228-PUN,Diesel Oil Importado,DIESEL_IMPORTADO,,,
2026-09-05,2026-09-05,True,False,Distrito Comercial La Paz,DIESEL OIL IMPORTADO EESS,24000.0,L,ESTACION DE SERVICIO CALUYO S.R.L.,1189-ZFC,Diesel Oil Importado,DIESEL_IMPORTADO,,,
2026-09-05,2026-09-05,True,False,Distrito Comercial La Paz,DIESEL OIL IMPORTADO EESS,24000.0,L,ZURSIL S.R.L. - E.S.T.,1926-GHB,Diesel Oil Importado,DIESEL_IMPORTADO,,,
2026-09-05,2026-09-05,True,False,Distrito Comercial La Paz,DIESEL OIL IMPORTADO EESS,18000.0,L,ESTACION DE SERVICIO TEJADA TRIANGULAR,1776-DNN,Diesel Oil Importado,DIESEL_IMPORTADO,,,
2026-09-05,2026-09-05,True,False,Distrito Comercial La Paz,DIESEL OIL IMPORTADO EESS,12000.0,L,GREGORIO CUENTAS M. EST. SERV. DRAGON DE ORO,500-FYX,Diesel Oil Importado,DIESEL_IMPORTADO,,,
2026-09-05,2026-09-05,True,False,Distrito Comercial La Paz,DIESEL OIL IMPORTADO EESS,24000.0,L,ESTACION DE SERVICIO ZOFRI S.R.L.,1106-PCH,Diesel Oil Importado,DIESEL_IMPORTADO,,,
2026-09-05,2026-09-05,True,False,Distrito Comercial La Paz,DIESEL OIL IMPORTADO EESS,24000.0,L,EST. SERV. SAN PABLO VILLA BOLIVAR S.R.L.,496-HSR,Diesel Oil Importado,DIESEL_IMPORTADO,,,
2026-09-05,2026-09-05,True,False,Distrito Comercial La Paz,DIESEL OIL IMPORTADO EESS,20000.0,L,MARIA PATZI-EST. SERV. VARELA,2352-NHH,Diesel Oil Importado,DIESEL_IMPORTADO,,,
2026-09-05,2026-09-05,True,False,Distrito Comercial La Paz,GASOLINA ESPECIAL + (S/DSI),24000.0,L,ESTACION DE SERVICIO KANTUTA S.R.L.,557-XEF,Gasolina Especial +,GASOLINA_ESPECIAL_MAS,,,
2026-09-05,2026-09-05,True,False,Distrito Comercial La Paz,DIESEL OIL IMPORTADO EESS,35000.0,L,ESTACION DE SERVICIO SAN SEBASTIAN S.R.L.,2537-TEG,Diesel Oil Importado,DIESEL_IMPORTADO,,,
2026-09-05,2026-09-05,True,False,Distrito Comercial La Paz,GASOLINA ESPECIAL + (S/DSI),18000.0,L,EST. SERV. GALAXIA S.R.L.,5197-SFT,Gasolina Especial +,GASOLINA_ESPECIAL_MAS,,,
2026-09-05,2026-09-05,True,False,Distrito Comercial La Paz,GASOLINA ESPECIAL + (S/DSI),24000.0,L,EST. SERV. MARANATHA,3135-UDX,Gasolina Especial +,GASOLINA_ESPECIAL_MAS,,,
2026-09-05,2026-09-05,True,False,Distrito Comercial La Paz,GASOLINA ESPECIAL + (S/DSI),24000.0,L,EST. SERV. ACB CALACOTO,839-EUS,Gasolina Especial +,GASOLINA_ESPECIAL_MAS,,,
2026-09-05,2026-09-05,True,False,Distrito Comercial La Paz,GASOLINA ESPECIAL + (S/DSI),12000.0,L,ESTACION DE SERVICIO KANTUTA S.R.L.,1203-BED,Gasolina Especial +,GASOLINA_ESPECIAL_MAS,,,
2026-09-05,2026-09-05,True,False,Distrito Comercial La Paz,GASOLINA ESPECIAL + (S/DSI),18000.0,L,ESTACION DE SERVICIO ZOFRI S.R.L.,1397-CTU,Gasolina Especial +,GASOLINA_ESPECIAL_MAS,,,
2026-09-05,2026-09-05,True,False,Distrito Comercial La Paz,GASOLINA ESPECIAL + (S/DSI),12000.0,L,EST. SERV. CHUSAMARCA,3879-BHE,Gasolina Especial +,GASOLINA_ESPECIAL_MAS,,,
2026-09-05,2026-09-05,True,False,Distrito Comercial La Paz,GASOLINA ESPECIAL + (S/DSI),24000.0,L,NEW PETROL BOLIVIA SUCURSAL 2,2308-SGE,Gasolina Especial +,GASOLINA_ESPECIAL_MAS,,,
2026-09-05,2026-09-05,True,False,Distrito Comercial La Paz,GASOLINA ESPECIAL + EESS,20000.0,L,CLEMENTINA FANNY MAMANI MORALES - EST. SERV. LAHUACHACA Y DISTRIBUCION DE GLP,1401-ICT,Gasolina Especial +,GASOLINA_ESPECIAL_MAS,,,
2026-09-05,2026-09-05,True,False,Distrito Comercial La Paz,GASOLINA ESPECIAL + (S/DSI),24000.0,L,ESTACION DE SERVICIO LOZA - MARCELINA AGUIRRE VDA. DE LOZA,581-YGU,Gasolina Especial +,GASOLINA_ESPECIAL_MAS,,,
2026-09-05,2026-09-04,True,True,Distrito Comercial La Paz,DIESEL OIL IMPORTADO EESS,2000.0,L,EST. SERV. LOS ANDES SRL,5632-ZYE,Diesel Oil Importado,DIESEL_IMPORTADO,,,
2026-09-05,2026-09-05,True,False,Distrito Comercial La Paz,GASOLINA ESPECIAL + (S/DSI),24000.0,L,EST. SERV. CUENTAS SAN PABLO II S.R.L.,1156-PGH 1,Gasolina Especial +,GASOLINA_ESPECIAL_MAS,,,
2026-09-05,2026-09-05,True,False,Distrito Comercial La Paz,GASOLINA ESPECIAL + (S/DSI),24000.0,L,DISTRIBUIDORA DE GASOLINA Y LUBRICANTES SAN PABLO S.R.L.,632-RIB,Gasolina Especial +,GASOLINA_ESPECIAL_MAS,,,
2026-09-05,2026-09-05,True,False,Distrito Comercial La Paz,GASOLINA ESPECIAL + (S/DSI),24000.0,L,EST. SERV. INTEROCEANICO,1827-FCI,Gasolina Especial +,GASOLINA_ESPECIAL_MAS,,,
2026-09-05,2026-09-05,True,False,Distrito Comercial La Paz,GASOLINA ESPECIAL + (S/DSI),18000.0,L,ELSA CHIPANA H. - EST. SERV. ECOPETROL,829-XPG,Gasolina Especial +,GASOLINA_ESPECIAL_MAS,,,
2026-09-05,2026-09-05,True,False,Distrito Comercial La Paz,GASOLINA ESPECIAL + (S/DSI),24000.0,L,EST. SERV. CRISTO AUTO GAS SRL.,2201-IRF,Gasolina Especial +,GASOLINA_ESPECIAL_MAS,,,
2026-09-05,2026-09-05,True,False,Distrito Comercial La Paz,GASOLINA ESPECIAL + (S/DSI),12000.0,L,EST. SERV. MOTORECO SRL.,1340-SPB,Gasolina Especial +,GASOLINA_ESPECIAL_MAS,,,
2026-09-05,2026-09-05,True,False,Distrito Comercial La Paz,GASOLINA ESPECIAL + (S/DSI),24000.0,L,EST. SERV. VOLCAN S.R.L.,3104-KDS,Gasolina Especial +,GASOLINA_ESPECIAL_MAS,,,
2026-09-05,2026-09-05,True,False,Distrito Comercial La Paz,GASOLINA ESPECIAL + (S/DSI),12000.0,L,EST. SERV. CARSUR S.R.L.,2484-PUD,Gasolina Especial +,GASOLINA_ESPECIAL_MAS,,,
2026-09-05,2026-09-05,True,False,Distrito Comercial La Paz,GASOLINA ESPECIAL + (S/DSI),24000.0,L,EST. SERV. MOTORECO SRL.,1340-SPB,Gasolina Especial +,GASOLINA_ESPECIAL_MAS,,,
2026-09-05,2026-09-05,True,False,Distrito Comercial La Paz,GASOLINA ESPECIAL + (S/DSI),24000.0,L,EST. SERV. PLAYA VERDE,328-LNP,Gasolina Especial +,GASOLINA_ESPECIAL_MAS,,,
2026-09-05,2026-09-05,True,False,Distrito Comercial La Paz,GASOLINA ESPECIAL + (S/DSI),24000.0,L,GAS SAN FELIPE S.R.L.,5602-HKS,Gasolina Especial +,GASOLINA_ESPECIAL_MAS,,,
2026-09-05,2026-09-05,True,False,Distrito Comercial La Paz,GASOLINA ESPECIAL + (S/DSI),18000.0,L,EST. SERV. CANDELARIA,2522-IGY 1,Gasolina Especial +,GASOLINA_ESPECIAL_MAS,,,
2026-09-05,2026-09-05,True,False,Distrito Comercial La Paz,GASOLINA ESPECIAL + (S/DSI),24000.0,L,EST. SERV. CARSUR S.R.L.,561-YKH,Gasolina Especial +,GASOLINA_ESPECIAL_MAS,,,
2026-09-05,2026-09-05,True,False,Distrito Comercial La Paz,GASOLINA ESPECIAL + (S/DSI),24000.0,L,ESTACION DE SERVICIO SEÑOR DE MAYO S.R.L.,551-HEL,Gasolina Especial +,GASOLINA_ESPECIAL_MAS,,,
2026-09-05,2026-09-05,True,False,Distrito Comercial La Paz,GASOLINA ESPECIAL + (S/DSI),24000.0,L,ESTACION DE SERVICIO TERRAGAS LTDA,5361-TUF,Gasolina Especial +,GASOLINA_ESPECIAL_MAS,,,
2026-09-05,2026-09-05,True,False,Distrito Comercial La Paz,GASOLINA ESPECIAL + (S/DSI),24000.0,L,EST. SERV. TEXAS S.R.L.,1008-UIC,Gasolina Especial +,GASOLINA_ESPECIAL_MAS,,,
2026-09-05,2026-09-05,True,False,Distrito Comercial La Paz,GASOLINA ESPECIAL + (S/DSI),20000.0,L,EST. SERV. GAS CENTRO S.R.L.,589-NAK,Gasolina Especial +,GASOLINA_ESPECIAL_MAS,,,
2026-09-05,2026-09-05,True,False,Distrito Comercial La Paz,GASOLINA ESPECIAL + (S/DSI),12000.0,L,EST. SERV. CHALY,3614-LTY,Gasolina Especial +,GASOLINA_ESPECIAL_MAS,,,
2026-09-05,2026-09-05,True,False,Distrito Comercial La Paz,GASOLINA ESPECIAL + (S/DSI),12000.0,L,ESTACION DE SERVICIO KORY INTI S.R.L.,3879-BHE,Gasolina Especial +,GASOLINA_ESPECIAL_MAS,,,
2026-09-05,2026-09-05,True,False,Distrito Comercial La Paz,GASOLINA ESPECIAL + (S/DSI),18000.0,L,ZURSIL S.R.L. - E.S.T.,1604-NBE,Gasolina Especial +,GASOLINA_ESPECIAL_MAS,,,
2026-09-05,2026-09-05,True,False,Distrito Comercial La Paz,GASOLINA ESPECIAL + (S/DSI),24000.0,L,EST. SERV. QHANTATI SRL.,1326-NDS,Gasolina Especial +,GASOLINA_ESPECIAL_MAS,,,
2026-09-05,2026-09-05,True,False,Distrito Comercial La Paz,GASOLINA ESPECIAL + (S/DSI),24000.0,L,ELDA S. AGUILAR V. - EST. SERV. JUAN PABLO II,4457-NRI,Gasolina Especial +,GASOLINA_ESPECIAL_MAS,,,
2026-09-05,2026-09-05,True,False,Distrito Comercial La Paz,GASOLINA ESPECIAL + (S/DSI),17500.0,L,ESTACION DE SERVICIO SAN SEBASTIAN S.R.L.,2537-TEG,Gasolina Especial +,GASOLINA_ESPECIAL_MAS,,,
2026-09-05,2026-09-05,True,False,Distrito Comercial La Paz,GASOLINA ESPECIAL + (S/DSI),12000.0,L,EST. SERV. SIEMPRE A FULL MIRAFLORES S.R.L. (SAF),1502-ZDB,Gasolina Especial +,GASOLINA_ESPECIAL_MAS,,,
2026-09-05,2026-09-05,True,False,Distrito Comercial La Paz,GASOLINA ESPECIAL + (S/DSI),24000.0,L,GRUPO EMPRESARIAL VIRGEN DE LOS ALAMOS S.R.L.,4831-ETU,Gasolina Especial +,GASOLINA_ESPECIAL_MAS,,,
2026-09-05,2026-09-05,True,False,Distrito Comercial La Paz,GASOLINA ESPECIAL + (S/DSI),24000.0,L,EST. SERV. SOC. IND. COM. G.L.P.H. LTDA,671-SUX,Gasolina Especial +,GASOLINA_ESPECIAL_MAS,,,
2026-09-05,2026-09-05,True,False,Distrito Comercial La Paz,GASOLINA ESPECIAL + (S/DSI),18000.0,L,EST. SERV. LAREDO SRL,1225-ZDP,Gasolina Especial +,GASOLINA_ESPECIAL_MAS,,,
2026-09-05,2026-09-05,True,False,Distrito Comercial La Paz,GASOLINA ESPECIAL + (S/DSI),24000.0,L,ESTACION DE SERVICIO TEJADA TRIANGULAR,1776-DNN,Gasolina Especial +,GASOLINA_ESPECIAL_MAS,,,
2026-09-05,2026-09-04,True,True,Distrito Comercial La Paz,DIESEL OIL NACIONAL EESS,12000.0,L,SOCIEDAD PERLA ANDINA S.R.L.,1008-UIC,Diesel Oil Nacional,DIESEL_NACIONAL,,,
2026-09-05,2026-09-04,True,True,Distrito Comercial La Paz,GASOLINA ESPECIAL EESS,12000.0,L,SOCIEDAD PERLA ANDINA S.R.L.,1008-UIC,Gasolina Especial,GASOLINA_ESPECIAL,,,
2026-09-05,2026-09-05,True,False,Distrito Comercial La Paz,GASOLINA ESPECIAL + (S/DSI),24000.0,L,EST. SERV. M&G CAMINO REAL,2801-XUD,Gasolina Especial +,GASOLINA_ESPECIAL_MAS,,,
2026-09-05,2026-09-05,True,False,Distrito Comercial La Paz,GASOLINA ESPECIAL + (S/DSI),24000.0,L,EST. SERV. SIEMPRE A FULL MIRAFLORES S.R.L. (SAF),4683-SUG,Gasolina Especial +,GASOLINA_ESPECIAL_MAS,,,
2026-09-05,2026-09-05,True,False,Distrito Comercial La Paz,GASOLINA ESPECIAL + (S/DSI),12000.0,L,EST. SERV. SURTIDORES UNITOURS LTDA.,3091-NHK,Gasolina Especial +,GASOLINA_ESPECIAL_MAS,,,
2026-09-05,2026-09-05,True,False,Distrito Comercial La Paz,GASOLINA ESPECIAL + (S/DSI),20000.0,L,EST. SERV. SALIDA LTDA,2701-TZH,Gasolina Especial +,GASOLINA_ESPECIAL_MAS,,,
2026-09-05,2026-09-05,True,False,Distrito Comercial La Paz,GASOLINA ESPECIAL + (S/DSI),20000.0,L,ESTACION DE SERVICIO CALUYO S.R.L.,1189-ZFC,Gasolina Especial +,GASOLINA_ESPECIAL_MAS,,,
2026-09-05,2026-09-05,True,False,Distrito Comercial La Paz,GASOLINA ESPECIAL + (S/DSI),18000.0,L,ESTACIÓN DE SERVICIO ALIMARC INTER GAS BOLIVIA S.R.L.,547-CKT,Gasolina Especial +,GASOLINA_ESPECIAL_MAS,,,
2026-09-05,2026-09-05,True,False,Distrito Comercial La Paz,GASOLINA ESPECIAL + (S/DSI),24000.0,L,EST. SERV. SAN PABLO VILLA BOLIVAR S.R.L.,496-HSR,Gasolina Especial +,GASOLINA_ESPECIAL_MAS,,,
2026-09-05,2026-09-05,True,False,Distrito Comercial La Paz,GASOLINA ESPECIAL + (S/DSI),24000.0,L,GREGORIO CUENTAS M. EST. SERV. DRAGON DE ORO,500-FYX,Gasolina Especial +,GASOLINA_ESPECIAL_MAS,,,
2026-09-05,2026-09-05,True,False,Distrito Comercial La Paz,GASOLINA ESPECIAL + (S/DSI),24000.0,L,EST. SERV. JAIMES FREYRE,1118-KLR,Gasolina Especial +,GASOLINA_ESPECIAL_MAS,,,
2026-09-05,2026-09-05,True,False,Distrito Comercial La Paz,GASOLINA ESPECIAL + (S/DSI),20000.0,L,EST. SERV. ILLIMANI S.R.L.,564-CNY,Gasolina Especial +,GASOLINA_ESPECIAL_MAS,,,
2026-09-05,2026-09-05,True,False,Distrito Comercial La Paz,GASOLINA ESPECIAL + (S/DSI),20000.0,L,EST. SERV. YUPANQUI,3480-LTK,Gasolina Especial +,GASOLINA_ESPECIAL_MAS,,,
2026-09-05,2026-09-05,True,False,Distrito Comercial La Paz,GASOLINA ESPECIAL + (S/DSI),24000.0,L,EST. SERV. PEREZ ROCHA SRL.,4745-PTB,Gasolina Especial +,GASOLINA_ESPECIAL_MAS,,,
2026-09-05,2026-09-05,True,False,Distrito Comercial La Paz,GASOLINA ESPECIAL + (S/DSI),20000.0,L,EST. SERV. ALTO LIMA S.R.L.,1555-ULK,Gasolina Especial +,GASOLINA_ESPECIAL_MAS,,,
2026-09-05,2026-09-05,True,False,Distrito Comercial La Paz,GASOLINA ESPECIAL + (S/DSI),18000.0,L,ESTACION DE SERVICIO C. REDENTOR S.R.L.,306-ERY,Gasolina Especial +,GASOLINA_ESPECIAL_MAS,,,
2026-09-05,2026-09-05,True,False,Distrito Comercial La Paz,GASOLINA ESPECIAL + (S/DSI),24000.0,L,EST. SERV. EL PARAISO SRL.,5352-FGB,Gasolina Especial +,GASOLINA_ESPECIAL_MAS,,,
2026-09-05,2026-09-05,True,False,Distrito Comercial La Paz,GASOLINA ESPECIAL + (S/DSI),24000.0,L,EST. SERV. CHASQUIPAMPA S.R.L.,3030-TPF,Gasolina Especial +,GASOLINA_ESPECIAL_MAS,,,
2026-09-05,2026-09-05,True,False,Distrito Comercial La Paz,GLP DISTRIB. 10 KILOS NAL,3000.0,L,DIST. GLP. VIAGAS,787-DSU,GLP,GLP,,,
2026-09-05,2026-09-04,True,True,Distrito Comercial La Paz,DIESEL OIL IMPORTADO EESS,12000.0,L,EST. SERV. CANDELARIA,1487-RYN,Diesel Oil Importado,DIESEL_IMPORTADO,,,
2026-09-05,2026-09-05,True,False,Distrito Comercial La Paz,GLP DISTRIB. 10 KILOS NAL,6480.0,L,DIST. GLP. TRIPETROL S.R.L.,1049-GCX,GLP,GLP,,,
2026-09-05,2026-09-05,True,False,Distrito Comercial La Paz,GLP DISTRIB. 10 KILOS NAL,5940.0,L,DIST. GLP. TRIPETROL S.R.L.,479-IPN,GLP,GLP,,,
2026-09-05,2026-09-05,True,False,Distrito Comercial La Paz,GLP DISTRIB. 45 KILOS NAL,1800.0,L,DIST. GLP. PROGAS S.R.L.,4067-YRP,GLP,GLP,,,
2026-09-05,2026-09-04,True,True,Distrito Comercial La Paz,DIESEL OIL NACIONAL EESS,20000.0,L,EST. SERV. ITURRALDE S.R.L.,2337-CKC,Diesel Oil Nacional,DIESEL_NACIONAL,,,
2026-09-05,2026-09-05,True,False,Distrito Comercial La Paz,GLP DISTRIB. 10 KILOS NAL,2700.0,L,DIST. GLP. SOCIEDAD PETROLERA SANTA ELENA S.R.L. (SOPESE S.R.L.),085-IKK,GLP,GLP,,,
2026-09-05,2026-09-05,True,False,Distrito Comercial La Paz,GLP DISTRIB. 10 KILOS NAL,6090.0,L,DIST. GLP. SOCIEDAD PETROLERA SANTA ELENA S.R.L. (SOPESE S.R.L.),091-FAX,GLP,GLP,,,
2026-09-05,2026-09-05,True,False,Distrito Comercial La Paz,GLP DISTRIB. 10 KILOS NAL,6210.0,L,DIST. GLP. SOCIEDAD PETROLERA SANTA ELENA S.R.L. (SOPESE S.R.L.),065-KKN,GLP,GLP,,,
2026-09-05,2026-09-04,True,True,Distrito Comercial La Paz,DIESEL OIL NACIONAL EESS,22000.0,L,ESTACION DE SERVICIO MADAGASCAR S.R.L.,994-SUI,Diesel Oil Nacional,DIESEL_NACIONAL,,,
2026-09-05,2026-09-05,True,False,Distrito Comercial La Paz,GLP DISTRIB. 45 KILOS NAL,2700.0,L,SAN JUDAS TADEO SOCIEDAD DE RESPONSABILIDAD LIMITADA,5609-PHF,GLP,GLP,,,
2026-09-05,2026-09-05,True,False,Distrito Comercial La Paz,GLP DISTRIB. 10 KILOS NAL,6750.0,L,A.A.V.V. GAS S.R.L.,538-NHU,GLP,GLP,,,
2026-09-05,2026-09-05,True,False,Distrito Comercial La Paz,GLP DISTRIB. 45 KILOS NAL,1800.0,L,A.A.V.V. GAS S.R.L.,4994-PHC,GLP,GLP,,,
2026-09-05,2026-09-05,True,False,Distrito Comercial La Paz,GLP DISTRIB. 45 KILOS NAL,4500.0,L,DIST. GLP. SAMO S.A.,1182-IYA,GLP,GLP,,,
2026-09-05,2026-09-05,True,False,Distrito Comercial La Paz,GLP DISTRIB. 10 KILOS NAL,6630.0,L,ISABEL DURAN DE ITURRI - DIST. GLP DURA GAS,659-INT,GLP,GLP,,,
2026-09-05,2026-09-05,True,False,Distrito Comercial La Paz,GLP DISTRIB. 45 KILOS NAL,2250.0,L,DIST. GLP. ESMERALDA GAS SRL.,2821-LXX,GLP,GLP,,,
2026-09-05,2026-09-05,True,False,Distrito Comercial La Paz,GLP DISTRIB. 10 KILOS NAL,5730.0,L,DIST. GLP. ESMERALDA GAS SRL.,801-NIK,GLP,GLP,,,
2026-09-05,2026-09-05,True,False,Distrito Comercial La Paz,GLP DISTRIB. 10 KILOS NAL,5800.0,L,DIST. GLP. ESMERALDA GAS SRL.,924-ZFP,GLP,GLP,,,
2026-09-05,2026-09-04,True,True,Distrito Comercial La Paz,DIESEL OIL IMPORTADO EESS,20000.0,L,ESTACION DE SERVICIO LOZA - MARCELINA AGUIRRE VDA. DE LOZA,581-YGU,Diesel Oil Importado,DIESEL_IMPORTADO,,,
2026-09-05,2026-09-04,True,True,Distrito Comercial La Paz,DIESEL OIL NACIONAL EESS,12000.0,L,EST. SERV. BATALLAS S.R.L. ESBA S.R.L.,629-DXB,Diesel Oil Nacional,DIESEL_NACIONAL,,,
2026-09-05,2026-09-04,True,True,Distrito Comercial La Paz,DIESEL OIL IMPORTADO EESS,12000.0,L,EST. SERV. QHANTATI SRL.,2097-PCX,Diesel Oil Importado,DIESEL_IMPORTADO,,,
2026-09-05,2026-09-04,True,True,Distrito Comercial La Paz,GASOLINA ESPECIAL + (S/DSI),12000.0,L,EST. SERV. SIEMPRE A FULL MIRAFLORES S.R.L. (SAF),1502-ZDB,Gasolina Especial +,GASOLINA_ESPECIAL_MAS,,,
2026-09-05,2026-09-04,True,True,Distrito Comercial La Paz,GLP DISTRIB. 10 KILOS NAL,6000.0,L,DIST. GLP CALEMQ S.R.L.,1021-ZXB,GLP,GLP,,,
2026-09-05,2026-09-04,True,True,Distrito Comercial La Paz,GLP DISTRIB. 10 KILOS NAL,6000.0,L,GENARA CAPIA DE FERNANDEZ - DIST. GLP SEVERO FERNANDEZ CH.,1803-RES,GLP,GLP,,,
2026-09-05,2026-09-04,True,True,Distrito Comercial La Paz,GLP DISTRIB. 10 KILOS NAL,6000.0,L,DIST. GLP. DISANDES S.R.L.,1814-GTY,GLP,GLP,,,
2026-09-05,2026-09-04,True,True,Distrito Comercial La Paz,DIESEL OIL IMPORTADO EESS,18000.0,L,ESTACIÓN DE SERVICIO LAS ROSAS S.R.L.,4523-AZB,Diesel Oil Importado,DIESEL_IMPORTADO,,,
2026-09-05,2026-09-04,True,True,Distrito Comercial La Paz,GLP DISTRIB. 10 KILOS NAL,7000.0,L,DIST. GLP ANGELES,2750-CBU,GLP,GLP,,,
2026-09-05,2026-09-04,True,True,Distrito Comercial La Paz,GLP DISTRIB. 10 KILOS NAL,5400.0,L,DIST. GLP. LA CALZADA-SUD YUNGAS,1628-ADH,GLP,GLP,,,
2026-09-05,2026-09-04,True,True,Distrito Comercial La Paz,GLP DISTRIB. 10 KILOS NAL,8750.0,L,DIST. GLP. LA CALZADA-SUD YUNGAS,5285-KDD,GLP,GLP,,,
2026-09-05,2026-09-04,True,True,Distrito Comercial La Paz,GASOLINA ESPECIAL + (S/DSI),12000.0,L,EST. SERV. ACB CALACOTO,839-EUS,Gasolina Especial +,GASOLINA_ESPECIAL_MAS,,,
2026-09-05,2026-09-04,True,True,Distrito Comercial La Paz,GASOLINA ESPECIAL + (S/DSI),20000.0,L,EST. SERV. ACB SAN JORGE,1853-KTP,Gasolina Especial +,GASOLINA_ESPECIAL_MAS,,,
2026-09-05,2026-09-03,True,True,Distrito Comercial La Paz,DIESEL OIL NACIONAL EESS,24000.0,L,OFELIA PLATA P. - EST. SERV. UMAMARCA,1225-ZDP,Diesel Oil Nacional,DIESEL_NACIONAL,,,
2026-09-05,2026-09-03,True,True,Distrito Comercial La Paz,DIESEL OIL IMPORTADO CF,19900.0,L,EMPRESA MINERA NICORANI S.R.L.,2195-DYH-1,Diesel Oil Importado,DIESEL_IMPORTADO,,,
2026-09-05,2026-09-04,True,True,Distrito Comercial La Paz,GLP DISTRIB. 10 KILOS NAL,6480.0,L,DIST. GLP. VIAGAS,162-ZAS,GLP,GLP,,,
2026-09-05,2026-09-04,True,True,Distrito Comercial La Paz,GLP DISTRIB. 10 KILOS NAL,5160.0,L,DIST. GLP. VIAGAS,1255-KZB,GLP,GLP,,,
2026-09-05,2026-09-04,True,True,Distrito Comercial La Paz,GLP DISTRIB. 10 KILOS NAL,2680.0,L,DIST. GLP. SOCIEDAD PETROLERA SANTA ELENA S.R.L. (SOPESE S.R.L.),085-IKK,GLP,GLP,,,
2026-09-05,2026-09-04,True,True,Distrito Comercial La Paz,GLP DISTRIB. 10 KILOS NAL,3810.0,L,DIST. GLP. SOCIEDAD PETROLERA SANTA ELENA S.R.L. (SOPESE S.R.L.),085-IKK,GLP,GLP,,,
2026-09-05,2026-09-04,True,True,Distrito Comercial La Paz,GLP DISTRIB. 10 KILOS NAL,6090.0,L,DIST. GLP. SOCIEDAD PETROLERA SANTA ELENA S.R.L. (SOPESE S.R.L.),414-BKB,GLP,GLP,,,
2026-09-05,2026-09-04,True,True,Distrito Comercial La Paz,GLP DISTRIB. 10 KILOS NAL,6210.0,L,DIST. GLP. SOCIEDAD PETROLERA SANTA ELENA S.R.L. (SOPESE S.R.L.),091-FAX,GLP,GLP,,,
2026-09-05,2026-09-04,True,True,Distrito Comercial La Paz,GLP DISTRIB. 10 KILOS NAL,5140.0,L,DIST. GLP. ESMERALDA GAS SRL.,801-NIK,GLP,GLP,,,
2026-09-05,2026-09-04,True,True,Distrito Comercial La Paz,GLP DISTRIB. 10 KILOS NAL,6750.0,L,DIST. GLP. ESMERALDA GAS SRL.,2124-NIL,GLP,GLP,,,
2026-09-05,2026-09-04,True,True,Distrito Comercial La Paz,GLP DISTRIB. 10 KILOS NAL,6210.0,L,DIST. GLP. ESMERALDA GAS SRL.,2375-SHN,GLP,GLP,,,
2026-09-05,2026-09-04,True,True,Distrito Comercial La Paz,GLP DISTRIB. 10 KILOS NAL,7500.0,L,DIST. GLP ANGELES,1463-SKT,GLP,GLP,,,
2026-09-05,2026-09-04,True,True,Distrito Comercial La Paz,GLP DISTRIB. 10 KILOS NAL,5680.0,L,DIST. GLP. PROGAS S.R.L.,066-ASF,GLP,GLP,,,
2026-09-05,2026-09-04,True,True,Distrito Comercial La Paz,GLP DISTRIB. 10 KILOS NAL,5940.0,L,DIST. GLP. PROGAS S.R.L.,066-ASF,GLP,GLP,,,
2026-09-05,2026-09-04,True,True,Distrito Comercial La Paz,GLP DISTRIB. 10 KILOS NAL,6750.0,L,DIST. GLP. PROGAS S.R.L.,081-CEX,GLP,GLP,,,
2026-09-05,2026-09-03,True,True,Distrito Comercial La Paz,GASOLINA ESPECIAL + EESS,22000.0,L,FREDY LIMACHI CHALLCO - EST. SERV. DON LEO,562-XPD,Gasolina Especial +,GASOLINA_ESPECIAL_MAS,,,
2026-09-05,2026-09-04,True,True,Distrito Comercial La Paz,GLP DISTRIB. 10 KILOS NAL,6750.0,L,ISABEL DURAN DE ITURRI - DIST. GLP DURA GAS,699-BXF,GLP,GLP,,,
2026-09-05,2026-09-04,True,True,Distrito Comercial La Paz,GLP DISTRIB. 10 KILOS NAL,8840.0,L,DIST. GLP. SAN MIGUEL,2285-KYH,GLP,GLP,,,
2026-09-05,2026-09-04,True,True,Distrito Comercial La Paz,GLP DISTRIB. 10 KILOS NAL,8500.0,L,DIST. GLP HERMANAS DURAN AGUILAR - MARLENE F. DURAN AGUILAR,2749-GEH,GLP,GLP,,,
2026-09-05,2026-09-04,True,True,Distrito Comercial La Paz,GLP DISTRIB. 10 KILOS NAL,9000.0,L,DIST. GLP FLOR DEL NORTE S.R.L.,2926-PEY,GLP,GLP,,,
2026-09-05,2026-09-04,True,True,Distrito Comercial La Paz,GLP DISTRIB. 10 KILOS NAL,6630.0,L,DIST. GLP. TRIPETROL S.R.L.,444-KPH,GLP,GLP,,,
2026-09-05,2026-09-04,True,True,Distrito Comercial La Paz,GLP DISTRIB. 10 KILOS NAL,6480.0,L,DIST. GLP. TRIPETROL S.R.L.,1049-GCX,GLP,GLP,,,
2026-09-05,2026-09-04,True,True,Distrito Comercial La Paz,GLP DISTRIB. 10 KILOS NAL,6750.0,L,DIST. GLP. SAMO S.A.,467-SRU,GLP,GLP,,,
2026-09-05,2026-09-04,True,True,Distrito Comercial La Paz,GLP DISTRIB. 10 KILOS NAL,6900.0,L,DIST. GLP. SAMO S.A.,1311-BND,GLP,GLP,,,
2026-09-05,2026-09-04,True,True,Distrito Comercial La Paz,GLP DISTRIB. 10 KILOS NAL,6630.0,L,GMGRECO GAS SOCIEDAD DE RESPONSABILIDAD LIMITADA,2060-RYK,GLP,GLP,,,
2026-09-05,2026-09-04,True,True,Distrito Comercial La Paz,GLP DISTRIB. 10 KILOS NAL,6750.0,L,A.A.V.V. GAS S.R.L.,078-SCG,GLP,GLP,,,
2026-09-05,2026-09-04,True,True,Distrito Comercial La Paz,GLP DISTRIB. 10 KILOS NAL,6630.0,L,SAN JUDAS TADEO SOCIEDAD DE RESPONSABILIDAD LIMITADA,091-FDH,GLP,GLP,,,
2026-09-05,2026-09-03,True,True,Distrito Comercial La Paz,GLP DISTRIB. 10 KILOS NAL,4000.0,L,DIST. GLP CALEMQ S.R.L.,1101-LRD,GLP,GLP,,,
2026-09-05,2026-09-03,True,True,Distrito Comercial La Paz,GLP DISTRIB. 10 KILOS NAL,2000.0,L,DIST. GLP CALEMQ S.R.L.,1101-LRD,GLP,GLP,,,
2026-09-05,2026-09-03,True,True,Distrito Comercial La Paz,GLP DISTRIB. 10 KILOS NAL,6630.0,L,DIST. GLP. VIAGAS,302-TIF,GLP,GLP,,,
2026-09-05,2026-09-03,True,True,Distrito Comercial La Paz,GLP DISTRIB. 10 KILOS NAL,1050.0,L,DIST. GLP. VIAGAS,1255-KZB,GLP,GLP,,,
2026-09-05,2026-09-03,True,True,Distrito Comercial La Paz,GLP DISTRIB. 10 KILOS NAL,6210.0,L,DIST. GLP. VIAGAS,1255-KZB,GLP,GLP,,,
2026-09-05,2026-09-03,True,True,Distrito Comercial La Paz,GLP DISTRIB. 10 KILOS NAL,2400.0,L,DIST. GLP. SOCIEDAD PETROLERA SANTA ELENA S.R.L. (SOPESE S.R.L.),085-IKK,GLP,GLP,,,
2026-09-05,2026-09-03,True,True,Distrito Comercial La Paz,GLP DISTRIB. 10 KILOS NAL,5940.0,L,GMGRECO GAS SOCIEDAD DE RESPONSABILIDAD LIMITADA,497-ILK,GLP,GLP,,,
2026-09-05,2026-09-03,True,True,Distrito Comercial La Paz,GLP DISTRIB. 10 KILOS NAL,6630.0,L,GMGRECO GAS SOCIEDAD DE RESPONSABILIDAD LIMITADA,921-NLX,GLP,GLP,,,
2026-09-05,2026-09-03,True,True,Distrito Comercial La Paz,GLP DISTRIB. 10 KILOS NAL,6570.0,L,SAN JUDAS TADEO SOCIEDAD DE RESPONSABILIDAD LIMITADA,795-CZG,GLP,GLP,,,
2026-09-05,2026-09-03,True,True,Distrito Comercial La Paz,GLP DISTRIB. 10 KILOS NAL,6900.0,L,SAN JUDAS TADEO SOCIEDAD DE RESPONSABILIDAD LIMITADA,104-SNC,GLP,GLP,,,
2026-09-05,2026-09-03,True,True,Distrito Comercial La Paz,GLP DISTRIB. 10 KILOS NAL,6750.0,L,A.A.V.V. GAS S.R.L.,334-ZRI,GLP,GLP,,,
2026-09-05,2026-09-03,True,True,Distrito Comercial La Paz,GLP DISTRIB. 10 KILOS NAL,6630.0,L,DIST. GLP. SAMO S.A.,480-CIT,GLP,GLP,,,
2026-09-05,2026-09-03,True,True,Distrito Comercial La Paz,GLP DISTRIB. 10 KILOS NAL,6900.0,L,DIST. GLP. SAMO S.A.,1311-BND,GLP,GLP,,,
2026-09-05,2026-09-03,True,True,Distrito Comercial La Paz,GLP DISTRIB. 10 KILOS NAL,6630.0,L,DIST. GLP. PROGAS S.R.L.,303-CTB,GLP,GLP,,,
2026-09-05,2026-09-03,True,True,Distrito Comercial La Paz,GLP DISTRIB. 10 KILOS NAL,6750.0,L,DIST. GLP. PROGAS S.R.L.,081-CEX,GLP,GLP,,,
2026-09-05,2026-09-03,True,True,Distrito Comercial La Paz,GLP DISTRIB. 10 KILOS NAL,930.0,L,DIST. GLP. ESMERALDA GAS SRL.,801-NIK,GLP,GLP,,,
2026-09-05,2026-09-02,True,True,Distrito Comercial La Paz,GLP DISTRIB. 10 KILOS NAL,6750.0,L,ISABEL DURAN DE ITURRI - DIST. GLP DURA GAS,820-EEB,GLP,GLP,,,
2026-09-04,2026-09-04,True,False,Distrito Comercial La Paz,DIESEL OIL IMPORTADO EESS,12000.0,L,EST. SERV. LAREDO SRL,1225-ZDP,Diesel Oil Importado,DIESEL_IMPORTADO,,,
2026-09-04,2026-09-04,True,False,Distrito Comercial La Paz,DIESEL OIL IMPORTADO EESS,20000.0,L,EST. SERV. EMP. COM. HID. TUPAC KATARI S.R.L.,300-YKU,Diesel Oil Importado,DIESEL_IMPORTADO,,,
2026-09-04,2026-09-04,True,False,Distrito Comercial La Paz,GASOLINA ESPECIAL + (S/DSI),12000.0,L,ESTACION DE SERVICIOS NIMAGASBOL S.R.L.,5028-SLK,Gasolina Especial +,GASOLINA_ESPECIAL_MAS,,,
2026-09-04,2026-09-04,True,False,Distrito Comercial La Paz,DIESEL OIL IMPORTADO EESS,12000.0,L,ESTACION DE SERVICIOS NIMAGASBOL S.R.L.,5028-SLK,Diesel Oil Importado,DIESEL_IMPORTADO,,,
2026-09-04,2026-09-04,True,False,Distrito Comercial La Paz,DIESEL OIL IMPORTADO EESS,18000.0,L,ESTACION DE SERVICIO LOS ROSALES,4683-SUG,Diesel Oil Importado,DIESEL_IMPORTADO,,,
2026-09-04,2026-09-04,True,False,Distrito Comercial La Paz,GASOLINA ESPECIAL + (S/DSI),12000.0,L,EST. SERV. JAIMES FREYRE,1118-KLR,Gasolina Especial +,GASOLINA_ESPECIAL_MAS,,,
2026-09-04,2026-09-04,True,False,Distrito Comercial La Paz,DIESEL OIL NACIONAL EESS,20000.0,L,ESTACION DE SERVICIO PETROMAPIRI S.R.L.,689-PAR,Diesel Oil Nacional,DIESEL_NACIONAL,,,
2026-09-04,2026-09-04,True,False,Distrito Comercial La Paz,GASOLINA ESPECIAL EESS,22000.0,L,ESTACION DE SERVICIO PETROMAPIRI S.R.L.,563-DDH,Gasolina Especial,GASOLINA_ESPECIAL,,,
2026-09-04,2026-09-04,True,False,Distrito Comercial La Paz,DIESEL OIL NACIONAL EESS,20000.0,L,ESTACION DE SERVICIO HUANCANE Y TRANSPORTE S.R.L.,1768-PZN,Diesel Oil Nacional,DIESEL_NACIONAL,,,
2026-09-04,2026-09-04,True,False,Distrito Comercial La Paz,GASOLINA ESPECIAL EESS,12000.0,L,RACING GAS S.R.L. (SUC-1),478-KEA,Gasolina Especial,GASOLINA_ESPECIAL,,,
2026-09-04,2026-09-04,True,False,Distrito Comercial La Paz,GASOLINA ESPECIAL EESS,22000.0,L,ESTACION DE SERVICIO SAYHOGAS S.R.L.,1123SYU(1),Gasolina Especial,GASOLINA_ESPECIAL,,,
2026-09-04,2026-09-04,True,False,Distrito Comercial La Paz,DIESEL OIL NACIONAL EESS,12000.0,L,RACING GAS S.R.L. (SUC-1),478-KEA,Diesel Oil Nacional,DIESEL_NACIONAL,,,
2026-09-04,2026-09-04,True,False,Distrito Comercial La Paz,GASOLINA ESPECIAL EESS,22000.0,L,ESTACION DE SERVICIOS YARA S.R.L.,564-CBH,Gasolina Especial,GASOLINA_ESPECIAL,,,
2026-09-04,2026-09-04,True,False,Distrito Comercial La Paz,GASOLINA ESPECIAL + (S/DSI),12000.0,L,EST. SERV. BOLIVIA ZURSIL S.R.L.,801-ZRR,Gasolina Especial +,GASOLINA_ESPECIAL_MAS,,,
2026-09-04,2026-09-04,True,False,Distrito Comercial La Paz,GASOLINA ESPECIAL + (S/DSI),24000.0,L,EST. SERV. ACB CALACOTO,839-EUS,Gasolina Especial +,GASOLINA_ESPECIAL_MAS,,,
2026-09-04,2026-09-04,True,False,Distrito Comercial La Paz,DIESEL OIL IMPORTADO EESS,12000.0,L,EST. SERV. BOLIVIA ZURSIL S.R.L.,801-ZRR,Diesel Oil Importado,DIESEL_IMPORTADO,,,
2026-09-04,2026-09-04,True,False,Distrito Comercial La Paz,DIESEL OIL IMPORTADO EESS,20000.0,L,PATRICIA QUIROZ SIRPA - PUESTO DE VENTA PATTY,3787-PKR,Diesel Oil Importado,DIESEL_IMPORTADO,,,
2026-09-04,2026-09-04,True,False,Distrito Comercial La Paz,DIESEL OIL IMPORTADO EESS,20000.0,L,EST. SERV. CHUSAMARCA,3879-BHE,Diesel Oil Importado,DIESEL_IMPORTADO,,,
2026-09-04,2026-09-04,True,False,Distrito Comercial La Paz,DIESEL OIL NACIONAL EESS,22000.0,L,ESTACION DE SERVICIO PARAISO TROPICAL,2532-UDH,Diesel Oil Nacional,DIESEL_NACIONAL,,,
2026-09-04,2026-09-04,True,False,Distrito Comercial La Paz,DIESEL OIL NACIONAL EESS,12000.0,L,EDEN CLEVER CARRILLO CONDORI-ESTACION DE SERVICIO EDENCCC,2546-YFS,Diesel Oil Nacional,DIESEL_NACIONAL,,,
2026-09-04,2026-09-04,True,False,Distrito Comercial La Paz,DIESEL OIL IMPORTADO EESS,24000.0,L,ESTACION DE SERVICIO TERRAGAS LTDA,5361-TUF,Diesel Oil Importado,DIESEL_IMPORTADO,,,
2026-09-04,2026-09-04,True,False,Distrito Comercial La Paz,GASOLINA ESPECIAL + EESS,12000.0,L,EDEN CLEVER CARRILLO CONDORI-ESTACION DE SERVICIO EDENCCC,2546-YFS,Gasolina Especial +,GASOLINA_ESPECIAL_MAS,,,
2026-09-04,2026-09-04,True,False,Distrito Comercial La Paz,GASOLINA ESPECIAL EESS,22000.0,L,EST. SERV. BALLIVIAN SANTA BARBARA,106-LRY,Gasolina Especial,GASOLINA_ESPECIAL,,,
2026-09-04,2026-09-04,True,False,Distrito Comercial La Paz,DIESEL OIL IMPORTADO EESS,20000.0,L,EST. SERV. INTEROCEANICO,422-XLT,Diesel Oil Importado,DIESEL_IMPORTADO,,,
2026-09-04,2026-09-04,True,False,Distrito Comercial La Paz,GASOLINA ESPECIAL + (S/DSI),24000.0,L,ESTACION DE SERVICIO LOS ROSALES,328-LNP,Gasolina Especial +,GASOLINA_ESPECIAL_MAS,,,
2026-09-04,2026-09-04,True,False,Distrito Comercial La Paz,GASOLINA ESPECIAL EESS,24000.0,L,EST. SERV. PALOS BLANCOS,1222-TEK,Gasolina Especial,GASOLINA_ESPECIAL,,,
2026-09-04,2026-09-04,True,False,Distrito Comercial La Paz,GASOLINA ESPECIAL EESS,22000.0,L,EST. SERV. ITURRALDE S.R.L.,2551-RXA,Gasolina Especial,GASOLINA_ESPECIAL,,,
2026-09-04,2026-09-04,True,False,Distrito Comercial La Paz,DIESEL OIL IMPORTADO EESS,24000.0,L,EST. SERV. ILLIMANI S.R.L.,564-CNY,Diesel Oil Importado,DIESEL_IMPORTADO,,,
2026-09-04,2026-09-04,True,False,Distrito Comercial La Paz,GASOLINA ESPECIAL + (S/DSI),12000.0,L,ESTACION DE SERVICIO CHALLAPAMPA S.R.L.,330-PTX,Gasolina Especial +,GASOLINA_ESPECIAL_MAS,,,
2026-09-04,2026-09-04,True,False,Distrito Comercial La Paz,DIESEL OIL IMPORTADO EESS,12000.0,L,ESTACION DE SERVICIO C. REDENTOR S.R.L.,306-ERY,Diesel Oil Importado,DIESEL_IMPORTADO,,,
2026-09-04,2026-09-04,True,False,Distrito Comercial La Paz,DIESEL OIL IMPORTADO EESS,14000.0,L,ELSA CHIPANA H. - EST. SERV. ECOPETROL,4563-ZEN 1,Diesel Oil Importado,DIESEL_IMPORTADO,,,
2026-09-04,2026-09-04,True,False,Distrito Comercial La Paz,GASOLINA ESPECIAL EESS,12000.0,L,ELDA S. AGUILAR V. - EST. SERV. JUAN PABLO II,4457-NRI,Gasolina Especial,GASOLINA_ESPECIAL,,,
2026-09-04,2026-09-04,True,False,Distrito Comercial La Paz,GASOLINA ESPECIAL EESS,22000.0,L,ESTACION DE SERVICIO MADAGASCAR S.R.L.,484-RYI,Gasolina Especial,GASOLINA_ESPECIAL,,,
2026-09-04,2026-09-04,True,False,Distrito Comercial La Paz,GASOLINA ESPECIAL + (S/DSI),12000.0,L,ESTACION DE SERVICIO KANTUTA S.R.L.,557-XEF,Gasolina Especial +,GASOLINA_ESPECIAL_MAS,,,
2026-09-04,2026-09-04,True,False,Distrito Comercial La Paz,DIESEL OIL NACIONAL EESS,20000.0,L,ESTACION DE SERVICIO ISSUCADELA S.R.L,5631-BAB,Diesel Oil Nacional,DIESEL_NACIONAL,,,
2026-09-04,2026-09-04,True,False,Distrito Comercial La Paz,DIESEL OIL NACIONAL EESS,20000.0,L,ESTACION DE SERVICIO SURTIDOR TUMUPASA S.R.L.,1389-NLT,Diesel Oil Nacional,DIESEL_NACIONAL,,,
2026-09-04,2026-09-04,True,False,Distrito Comercial La Paz,GASOLINA ESPECIAL EESS,22000.0,L,EST. SERV. FLOR DE CAÑA S.R.L.,1089-SDH 1,Gasolina Especial,GASOLINA_ESPECIAL,,,
2026-09-04,2026-09-04,True,False,Distrito Comercial La Paz,DIESEL OIL IMPORTADO EESS,18000.0,L,EST. SERV. GALAXIA S.R.L.,801-GSD 1,Diesel Oil Importado,DIESEL_IMPORTADO,,,
2026-09-04,2026-09-04,True,False,Distrito Comercial La Paz,GASOLINA ESPECIAL + (S/DSI),24000.0,L,ESTACION DE SERVICIO JACHA INTI S.R.L.,663-APT,Gasolina Especial +,GASOLINA_ESPECIAL_MAS,,,
2026-09-04,2026-09-04,True,False,Distrito Comercial La Paz,DIESEL OIL IMPORTADO EESS,20000.0,L,EST. SERV. BASSAM LTDA,5197-SFT,Diesel Oil Importado,DIESEL_IMPORTADO,,,
2026-09-04,2026-09-04,True,False,Distrito Comercial La Paz,DIESEL OIL IMPORTADO EESS,12000.0,L,ESTACION DE SERVICIO ZOFRI S.R.L.,1397-CTU,Diesel Oil Importado,DIESEL_IMPORTADO,,,
2026-09-04,2026-09-04,True,False,Distrito Comercial La Paz,GASOLINA ESPECIAL + (S/DSI),24000.0,L,EST. SERV. BASSAM LTDA,5352-EER,Gasolina Especial +,GASOLINA_ESPECIAL_MAS,,,
2026-09-04,2026-09-04,True,False,Distrito Comercial La Paz,DIESEL OIL IMPORTADO EESS,20000.0,L,EDUARDO YUPANQUI Q.-EST. SERV. VENTILLA,1149-ZND,Diesel Oil Importado,DIESEL_IMPORTADO,,,
2026-09-04,2026-09-04,True,False,Distrito Comercial La Paz,DIESEL OIL IMPORTADO EESS,20000.0,L,ESTACION DE SERVICIO FULL TANK S.R.L.,391-SZU,Diesel Oil Importado,DIESEL_IMPORTADO,,,
2026-09-04,2026-09-04,True,False,Distrito Comercial La Paz,DIESEL OIL IMPORTADO EESS,12000.0,L,ZURSIL S.R.L. - E.S.T.,2522-IGY 1,Diesel Oil Importado,DIESEL_IMPORTADO,,,
2026-09-04,2026-09-04,True,False,Distrito Comercial La Paz,DIESEL OIL NACIONAL EESS,20000.0,L,CANIAX S.R.L.,396-SGP,Diesel Oil Nacional,DIESEL_NACIONAL,,,
2026-09-04,2026-09-04,True,False,Distrito Comercial La Paz,DIESEL OIL IMPORTADO EESS,20000.0,L,EST. SERV. M&G CAMINO REAL,2801-XUD,Diesel Oil Importado,DIESEL_IMPORTADO,,,
2026-09-04,2026-09-04,True,False,Distrito Comercial La Paz,DIESEL OIL IMPORTADO EESS,12000.0,L,EST. SERV. TEXAS S.R.L.,1008-UIC,Diesel Oil Importado,DIESEL_IMPORTADO,,,
2026-09-04,2026-09-04,True,False,Distrito Comercial La Paz,GASOLINA ESPECIAL + (S/DSI),24000.0,L,EST. SERV. COSTANERA SRL.,375-YZN,Gasolina Especial +,GASOLINA_ESPECIAL_MAS,,,
2026-09-04,2026-09-04,True,False,Distrito Comercial La Paz,DIESEL OIL IMPORTADO EESS,24000.0,L,EST. SERV. MARANATHA,3135-UDX,Diesel Oil Importado,DIESEL_IMPORTADO,,,
2026-09-04,2026-09-04,True,False,Distrito Comercial La Paz,DIESEL OIL IMPORTADO EESS,24000.0,L,ZURSIL S.R.L. - E.S.T.,542-PSF,Diesel Oil Importado,DIESEL_IMPORTADO,,,
2026-09-04,2026-09-04,True,False,Distrito Comercial La Paz,GASOLINA ESPECIAL + (S/DSI),12000.0,L,EST. SERV. ALTO LIMA S.R.L.,1555-ULK,Gasolina Especial +,GASOLINA_ESPECIAL_MAS,,,
2026-09-04,2026-09-04,True,False,Distrito Comercial La Paz,DIESEL OIL IMPORTADO EESS,24000.0,L,EST. SERV. QHANTATI SRL.,2097-PCX,Diesel Oil Importado,DIESEL_IMPORTADO,,,
2026-09-04,2026-09-04,True,False,Distrito Comercial La Paz,DIESEL OIL IMPORTADO EESS,12000.0,L,EST. SERV. ALTO LIMA S.R.L.,1555-ULK,Diesel Oil Importado,DIESEL_IMPORTADO,,,
2026-09-04,2026-09-04,True,False,Distrito Comercial La Paz,DIESEL OIL IMPORTADO EESS,20000.0,L,EST. SERV. CUENTAS SAN PABLO II S.R.L.,1156-PGH 1,Diesel Oil Importado,DIESEL_IMPORTADO,,,
2026-09-04,2026-09-04,True,False,Distrito Comercial La Paz,DIESEL OIL IMPORTADO EESS,24000.0,L,ESTACION DE SERVICIO ZOFRI S.R.L.,1106-PCH,Diesel Oil Importado,DIESEL_IMPORTADO,,,
2026-09-04,2026-09-04,True,False,Distrito Comercial La Paz,DIESEL OIL NACIONAL EESS,20000.0,L,MARIO ALVAREZ M. EST. SERV. ALVAPETROL,607-SUT,Diesel Oil Nacional,DIESEL_NACIONAL,,,
2026-09-04,2026-09-04,True,False,Distrito Comercial La Paz,GASOLINA ESPECIAL + (S/DSI),12000.0,L,EST. SERV. CHUSAMARCA,1401-ICT,Gasolina Especial +,GASOLINA_ESPECIAL_MAS,,,
2026-09-04,2026-09-04,True,False,Distrito Comercial La Paz,DIESEL OIL IMPORTADO EESS,12000.0,L,ESTACION DE SERVICIO CHALLAPAMPA S.R.L.,294-CZD,Diesel Oil Importado,DIESEL_IMPORTADO,,,
2026-09-04,2026-09-04,True,False,Distrito Comercial La Paz,DIESEL OIL IMPORTADO EESS,20000.0,L,EST. SERV. LOS ANDES SRL,5632-ZYE,Diesel Oil Importado,DIESEL_IMPORTADO,,,
2026-09-04,2026-09-04,True,False,Distrito Comercial La Paz,DIESEL OIL IMPORTADO EESS,24000.0,L,ELDA S. AGUILAR V. - EST. SERV. JUAN PABLO II,982-IUX,Diesel Oil Importado,DIESEL_IMPORTADO,,,
2026-09-04,2026-09-04,True,False,Distrito Comercial La Paz,GASOLINA ESPECIAL + (S/DSI),12000.0,L,EST. SERV. 6 DE MARZO,101-GEK,Gasolina Especial +,GASOLINA_ESPECIAL_MAS,,,
2026-09-04,2026-09-04,True,False,Distrito Comercial La Paz,DIESEL OIL IMPORTADO EESS,24000.0,L,ELSA CHIPANA H. - EST. SERV. ECOPETROL,4563-ZEN 1,Diesel Oil Importado,DIESEL_IMPORTADO,,,
2026-09-04,2026-09-04,True,False,Distrito Comercial La Paz,DIESEL OIL IMPORTADO EESS,20000.0,L,ESTACION DE SERVICIO SEÑOR DE MAYO S.R.L.,551-HEL,Diesel Oil Importado,DIESEL_IMPORTADO,,,
2026-09-04,2026-09-04,True,False,Distrito Comercial La Paz,DIESEL OIL IMPORTADO EESS,24000.0,L,EST. SERV. APOSTOL SANTIAGO,1487-RYN,Diesel Oil Importado,DIESEL_IMPORTADO,,,
2026-09-04,2026-09-04,True,False,Distrito Comercial La Paz,DIESEL OIL NACIONAL EESS,20000.0,L,ESTACION DE SERVICIO TOLAR S.R.L.,829-XPG,Diesel Oil Nacional,DIESEL_NACIONAL,,,
2026-09-04,2026-09-04,True,False,Distrito Comercial La Paz,DIESEL OIL IMPORTADO EESS,18000.0,L,EST. SERV. CRISTO AUTO GAS SRL.,2201-IRF,Diesel Oil Importado,DIESEL_IMPORTADO,,,
2026-09-04,2026-09-04,True,False,Distrito Comercial La Paz,DIESEL OIL IMPORTADO EESS,24000.0,L,EST. SERV. PLAYA VERDE,3480-LTK,Diesel Oil Importado,DIESEL_IMPORTADO,,,
2026-09-04,2026-09-04,True,False,Distrito Comercial La Paz,DIESEL OIL IMPORTADO EESS,12000.0,L,EST. SERV. CHALY,2514-AZU,Diesel Oil Importado,DIESEL_IMPORTADO,,,
2026-09-04,2026-09-04,True,False,Distrito Comercial La Paz,DIESEL OIL IMPORTADO EESS,12000.0,L,EST. SERV. SALIDA LTDA,2701-TZH,Diesel Oil Importado,DIESEL_IMPORTADO,,,
2026-09-04,2026-09-04,True,False,Distrito Comercial La Paz,DIESEL OIL IMPORTADO EESS,35000.0,L,ESTACION DE SERVICIO SAN SEBASTIAN S.R.L.,2537-TEG,Diesel Oil Importado,DIESEL_IMPORTADO,,,
2026-09-04,2026-09-04,True,False,Distrito Comercial La Paz,DIESEL OIL IMPORTADO EESS,12000.0,L,DISTRIBUIDORA DE GASOLINA Y LUBRICANTES SAN PABLO S.R.L.,632-RIB,Diesel Oil Importado,DIESEL_IMPORTADO,,,
2026-09-04,2026-09-04,True,False,Distrito Comercial La Paz,DIESEL OIL IMPORTADO EESS,12000.0,L,GREGORIO CUENTAS M. EST. SERV. DRAGON DE ORO,500-FYX,Diesel Oil Importado,DIESEL_IMPORTADO,,,
2026-09-04,2026-09-04,True,False,Distrito Comercial La Paz,DIESEL OIL IMPORTADO EESS,12000.0,L,EST. SERV. 6 DE MARZO,101-GEK,Diesel Oil Importado,DIESEL_IMPORTADO,,,
2026-09-04,2026-09-04,True,False,Distrito Comercial La Paz,DIESEL OIL IMPORTADO EESS,12000.0,L,ESTACIÓN DE SERVICIO ALIMARC INTER GAS BOLIVIA S.R.L.,547-CKT,Diesel Oil Importado,DIESEL_IMPORTADO,,,
2026-09-04,2026-09-04,True,False,Distrito Comercial La Paz,DIESEL OIL IMPORTADO EESS,24000.0,L,EST. SERV. VOLCAN S.R.L.,4228-PUN,Diesel Oil Importado,DIESEL_IMPORTADO,,,
2026-09-04,2026-09-04,True,False,Distrito Comercial La Paz,DIESEL OIL IMPORTADO EESS,24000.0,L,ESTACION DE SERVICIO CALUYO S.R.L.,1189-ZFC,Diesel Oil Importado,DIESEL_IMPORTADO,,,
2026-09-04,2026-09-04,True,False,Distrito Comercial La Paz,DIESEL OIL IMPORTADO EESS,20000.0,L,GAS SAN FELIPE S.R.L.,5602-HKS,Diesel Oil Importado,DIESEL_IMPORTADO,,,
2026-09-04,2026-09-04,True,False,Distrito Comercial La Paz,DIESEL OIL IMPORTADO EESS,24000.0,L,EST. SERV. SAN PABLO VILLA BOLIVAR S.R.L.,496-HSR,Diesel Oil Importado,DIESEL_IMPORTADO,,,
2026-09-04,2026-09-04,True,False,Distrito Comercial La Paz,DIESEL OIL IMPORTADO EESS,12000.0,L,EST. SERV. SURTIDORES UNITOURS LTDA.,3091-NHK,Diesel Oil Importado,DIESEL_IMPORTADO,,,
2026-09-04,2026-09-04,True,False,Distrito Comercial La Paz,DIESEL OIL IMPORTADO EESS,24000.0,L,EST. SERV. 6 DE MARZO,4523-AZB,Diesel Oil Importado,DIESEL_IMPORTADO,,,
2026-09-04,2026-09-04,True,False,Distrito Comercial La Paz,DIESEL OIL IMPORTADO EESS,24000.0,L,EST. SERV. LAREDO SRL,1225-ZDP,Diesel Oil Importado,DIESEL_IMPORTADO,,,
2026-09-04,2026-09-04,True,False,Distrito Comercial La Paz,DIESEL OIL IMPORTADO EESS,12000.0,L,ESTACION DE SERVICIO TEJADA TRIANGULAR,1776-DNN,Diesel Oil Importado,DIESEL_IMPORTADO,,,
2026-09-04,2026-09-04,True,False,Distrito Comercial La Paz,DIESEL OIL IMPORTADO EESS,24000.0,L,ESTACIÓN DE SERVICIO ALIMARC INTER GAS BOLIVIA S.R.L.,547-CKT,Diesel Oil Importado,DIESEL_IMPORTADO,,,
2026-09-04,2026-09-04,True,False,Distrito Comercial La Paz,DIESEL OIL IMPORTADO EESS,24000.0,L,ESTACION DE SERVICIOS NIMAGASBOL S.R.L.,5028-SLK,Diesel Oil Importado,DIESEL_IMPORTADO,,,
2026-09-04,2026-09-04,True,False,Distrito Comercial La Paz,DIESEL OIL IMPORTADO EESS,20000.0,L,EST. SERV. PEREZ ROCHA SRL.,3445-DKC,Diesel Oil Importado,DIESEL_IMPORTADO,,,
2026-09-04,2026-09-04,True,False,Distrito Comercial La Paz,DIESEL OIL IMPORTADO EESS,20000.0,L,MARIA PATZI-EST. SERV. VARELA,2352-NHH,Diesel Oil Importado,DIESEL_IMPORTADO,,,
2026-09-04,2026-09-04,True,False,Distrito Comercial La Paz,DIESEL OIL IMPORTADO EESS,24000.0,L,ESTACION DE SERVICIO C. REDENTOR S.R.L.,323-KBD,Diesel Oil Importado,DIESEL_IMPORTADO,,,
2026-09-04,2026-09-04,True,False,Distrito Comercial La Paz,DIESEL OIL IMPORTADO EESS,24000.0,L,EST. SERV. LUBRICAN SRL,2714-SNP,Diesel Oil Importado,DIESEL_IMPORTADO,,,
2026-09-04,2026-09-04,True,False,Distrito Comercial La Paz,DIESEL OIL IMPORTADO EESS,20000.0,L,EST. SERV. EL PARAISO SRL.,3831-BFB,Diesel Oil Importado,DIESEL_IMPORTADO,,,
2026-09-04,2026-09-04,True,False,Distrito Comercial La Paz,DIESEL OIL IMPORTADO EESS,24000.0,L,EST. SERV. CANDELARIA,1062-UXD,Diesel Oil Importado,DIESEL_IMPORTADO,,,
2026-09-04,2026-09-04,True,False,Distrito Comercial La Paz,GASOLINA ESPECIAL + (S/DSI),20000.0,L,EST. SERV. GAS CENTRO S.R.L.,300-ETB,Gasolina Especial +,GASOLINA_ESPECIAL_MAS,,,
2026-09-04,2026-09-04,True,False,Distrito Comercial La Paz,GASOLINA ESPECIAL + (S/DSI),12000.0,L,EST. SERV. GAS-MAY S.R.L.,1704-ESB,Gasolina Especial +,GASOLINA_ESPECIAL_MAS,,,
2026-09-04,2026-09-04,True,False,Distrito Comercial La Paz,DIESEL OIL IMPORTADO EESS,12000.0,L,EST. SERV. GAS-MAY S.R.L.,1704-ESB,Diesel Oil Importado,DIESEL_IMPORTADO,,,
2026-09-04,2026-09-04,True,False,Distrito Comercial La Paz,GASOLINA ESPECIAL + (S/DSI),24000.0,L,GAS SAN FELIPE S.R.L.,5602-HKS,Gasolina Especial +,GASOLINA_ESPECIAL_MAS,,,
2026-09-04,2026-09-04,True,False,Distrito Comercial La Paz,GASOLINA ESPECIAL + (S/DSI),24000.0,L,EST. SERV. EMP. COM. HID. TUPAC KATARI S.R.L.,658-HPL,Gasolina Especial +,GASOLINA_ESPECIAL_MAS,,,
2026-09-04,2026-09-04,True,False,Distrito Comercial La Paz,GASOLINA ESPECIAL + (S/DSI),20000.0,L,ESTACIÓN DE SERVICIO LAS ROSAS S.R.L.,101-GEK,Gasolina Especial +,GASOLINA_ESPECIAL_MAS,,,
2026-09-04,2026-09-04,True,False,Distrito Comercial La Paz,GASOLINA ESPECIAL + (S/DSI),20000.0,L,EST. SERV. GALAXIA S.R.L.,2027-AHS,Gasolina Especial +,GASOLINA_ESPECIAL_MAS,,,
2026-09-04,2026-09-04,True,False,Distrito Comercial La Paz,GASOLINA ESPECIAL EESS,22000.0,L,ESTACIÓN DE SERVICIO KONANI S.R.L.,1552-PFH,Gasolina Especial,GASOLINA_ESPECIAL,,,
2026-09-04,2026-09-04,True,False,Distrito Comercial La Paz,GASOLINA ESPECIAL + (S/DSI),24000.0,L,EST. SERV. JAIMES FREYRE,1118-KLR,Gasolina Especial +,GASOLINA_ESPECIAL_MAS,,,
2026-09-04,2026-09-04,True,False,Distrito Comercial La Paz,GASOLINA ESPECIAL + (S/DSI),24000.0,L,ESTACION DE SERVICIO KANTUTA S.R.L.,557-XEF,Gasolina Especial +,GASOLINA_ESPECIAL_MAS,,,
2026-09-04,2026-09-04,True,False,Distrito Comercial La Paz,GASOLINA ESPECIAL EESS,22000.0,L,EST. SERV. ADALUZ PETROL,1183-LPL-1,Gasolina Especial,GASOLINA_ESPECIAL,,,
2026-09-04,2026-09-04,True,False,Distrito Comercial La Paz,GASOLINA ESPECIAL + (S/DSI),24000.0,L,EST. SERV. MOTORECO SRL.,1340-SPB,Gasolina Especial +,GASOLINA_ESPECIAL_MAS,,,
2026-09-04,2026-09-04,True,False,Distrito Comercial La Paz,GASOLINA ESPECIAL + (S/DSI),24000.0,L,ESTACION DE SERVICIO LOZA - MARCELINA AGUIRRE VDA. DE LOZA,581-YGU,Gasolina Especial +,GASOLINA_ESPECIAL_MAS,,,
2026-09-04,2026-09-04,True,False,Distrito Comercial La Paz,GASOLINA ESPECIAL + (S/DSI),24000.0,L,EST. SERV. SIEMPRE A FULL MIRAFLORES S.R.L. (SAF),1502-ZDB,Gasolina Especial +,GASOLINA_ESPECIAL_MAS,,,
2026-09-04,2026-09-04,True,False,Distrito Comercial La Paz,GASOLINA ESPECIAL + (S/DSI),12000.0,L,EST. SERV. CARSUR S.R.L.,561-YKH,Gasolina Especial +,GASOLINA_ESPECIAL_MAS,,,
2026-09-04,2026-09-04,True,False,Distrito Comercial La Paz,GASOLINA ESPECIAL + (S/DSI),24000.0,L,EST. SERV. CARSUR S.R.L.,2484-PUD,Gasolina Especial +,GASOLINA_ESPECIAL_MAS,,,
2026-09-04,2026-09-04,True,False,Distrito Comercial La Paz,GASOLINA ESPECIAL + (S/DSI),20000.0,L,ESTACION DE SERVICIO SEÑOR DE MAYO S.R.L.,551-HEL,Gasolina Especial +,GASOLINA_ESPECIAL_MAS,,,
2026-09-04,2026-09-04,True,False,Distrito Comercial La Paz,GASOLINA ESPECIAL + (S/DSI),24000.0,L,GRUPO EMPRESARIAL VIRGEN DE LOS ALAMOS S.R.L.,839-EUS,Gasolina Especial +,GASOLINA_ESPECIAL_MAS,,,
2026-09-04,2026-09-04,True,False,Distrito Comercial La Paz,GASOLINA ESPECIAL + (S/DSI),12000.0,L,ESTACION DE SERVICIO ZOFRI S.R.L.,1397-CTU,Gasolina Especial +,GASOLINA_ESPECIAL_MAS,,,
2026-09-04,2026-09-04,True,False,Distrito Comercial La Paz,GASOLINA ESPECIAL + (S/DSI),12000.0,L,EST. SERV. SURTIDORES UNITOURS LTDA.,3091-NHK,Gasolina Especial +,GASOLINA_ESPECIAL_MAS,,,
2026-09-04,2026-09-04,True,False,Distrito Comercial La Paz,GASOLINA ESPECIAL + (S/DSI),18000.0,L,ELSA CHIPANA H. - EST. SERV. ECOPETROL,829-XPG,Gasolina Especial +,GASOLINA_ESPECIAL_MAS,,,
2026-09-04,2026-09-04,True,False,Distrito Comercial La Paz,GASOLINA ESPECIAL + (S/DSI),24000.0,L,EST. SERV. LUBRICAN SRL,2714-SNP,Gasolina Especial +,GASOLINA_ESPECIAL_MAS,,,
2026-09-04,2026-09-03,True,True,Distrito Comercial La Paz,GASOLINA ESPECIAL + (S/DSI),24000.0,L,EST. SERV. COSTANERA SRL.,551-NCI,Gasolina Especial +,GASOLINA_ESPECIAL_MAS,,,
2026-09-04,2026-09-04,True,False,Distrito Comercial La Paz,GASOLINA ESPECIAL EESS,22000.0,L,ESTACION DE SERVICIO ISSUCADELA S.R.L,1054-YSB,Gasolina Especial,GASOLINA_ESPECIAL,,,
2026-09-04,2026-09-04,True,False,Distrito Comercial La Paz,GASOLINA ESPECIAL + (S/DSI),24000.0,L,ESTACION DE SERVICIO KORY INTI S.R.L.,3879-BHE,Gasolina Especial +,GASOLINA_ESPECIAL_MAS,,,
2026-09-04,2026-09-04,True,False,Distrito Comercial La Paz,GASOLINA ESPECIAL EESS,24000.0,L,EST. SERV. PLAYA VERDE,1157-UUL,Gasolina Especial,GASOLINA_ESPECIAL,,,
2026-09-04,2026-09-04,True,False,Distrito Comercial La Paz,GASOLINA ESPECIAL + (S/DSI),20000.0,L,EST. SERV. YUPANQUI,3480-LTK,Gasolina Especial +,GASOLINA_ESPECIAL_MAS,,,
2026-09-04,2026-09-04,True,False,Distrito Comercial La Paz,GASOLINA ESPECIAL EESS,20000.0,L,EST. SERV. ACHACACHI S.R.L.,1604-NBE,Gasolina Especial,GASOLINA_ESPECIAL,,,
2026-09-04,2026-09-03,True,True,Distrito Comercial La Paz,DIESEL OIL IMPORTADO CF,19900.0,L,EMPRESA MINERA COTAPAMPA S.R.L.,3437-PEB,Diesel Oil Importado,DIESEL_IMPORTADO,,,
2026-09-04,2026-09-04,True,False,Distrito Comercial La Paz,GASOLINA ESPECIAL + (S/DSI),24000.0,L,EST. SERV. QHANTATI SRL.,2538BZG(1),Gasolina Especial +,GASOLINA_ESPECIAL_MAS,,,
2026-09-04,2026-09-03,True,True,Distrito Comercial La Paz,DIESEL OIL IMPORTADO CF,19900.0,L,EMPRESA MINERA KALAMSTA S.R.L.,079-LET,Diesel Oil Importado,DIESEL_IMPORTADO,,,
2026-09-04,2026-09-04,True,False,Distrito Comercial La Paz,GASOLINA ESPECIAL + (S/DSI),24000.0,L,EST. SERV. EL PARAISO SRL.,5352-FGB,Gasolina Especial +,GASOLINA_ESPECIAL_MAS,,,
2026-09-04,2026-09-04,True,False,Distrito Comercial La Paz,GASOLINA ESPECIAL + (S/DSI),24000.0,L,EST. SERV. VOLCAN S.R.L.,3104-KDS,Gasolina Especial +,GASOLINA_ESPECIAL_MAS,,,
2026-09-04,2026-09-03,True,True,Distrito Comercial La Paz,GASOLINA ESPECIAL + EESS,22000.0,L,ESTACION DE SERVICIO MEJIA S.R.L.,812-TCN,Gasolina Especial +,GASOLINA_ESPECIAL_MAS,,,
2026-09-04,2026-09-04,True,False,Distrito Comercial La Paz,GLP DISTRIB. 10 KILOS NAL,5000.0,L,DIST. GLP. SOCIEDAD PETROLERA SANTA ELENA S.R.L. (SOPESE S.R.L.),3592-GZF,GLP,GLP,,,
2026-09-04,2026-09-04,True,False,Distrito Comercial La Paz,GASOLINA ESPECIAL EESS,22000.0,L,CANIAX S.R.L.,2378-EIG,Gasolina Especial,GASOLINA_ESPECIAL,,,
2026-09-04,2026-09-04,True,False,Distrito Comercial La Paz,GLP DISTRIB. 10 KILOS NAL,8840.0,L,DISTRIBUIDORA DE GAS LICUADO ALEJANDRA S.R.L.,2812-KYX,GLP,GLP,,,
2026-09-04,2026-09-04,True,False,Distrito Comercial La Paz,GLP DISTRIB. 10 KILOS NAL,6210.0,L,DIST. GLP. SOCIEDAD PETROLERA SANTA ELENA S.R.L. (SOPESE S.R.L.),065-KKN,GLP,GLP,,,
2026-09-04,2026-09-04,True,False,Distrito Comercial La Paz,GASOLINA ESPECIAL EESS,22000.0,L,EST. SERV. BATALLAS S.R.L. ESBA S.R.L.,629-DXB,Gasolina Especial,GASOLINA_ESPECIAL,,,
2026-09-04,2026-09-04,True,False,Distrito Comercial La Paz,GLP DISTRIB. 45 KILOS NAL,1800.0,L,DIST. GLP. ESMERALDA GAS SRL.,2821-LXX,GLP,GLP,,,
2026-09-04,2026-09-04,True,False,Distrito Comercial La Paz,GASOLINA ESPECIAL EESS,24000.0,L,EST. SERV. CUENTAS SAN PABLO II S.R.L.,1189-EHP,Gasolina Especial,GASOLINA_ESPECIAL,,,
2026-09-04,2026-09-04,True,False,Distrito Comercial La Paz,GLP DISTRIB. 10 KILOS NAL,6900.0,L,DIST. GLP. ESMERALDA GAS SRL.,924-ZFP,GLP,GLP,,,
2026-09-04,2026-09-04,True,False,Distrito Comercial La Paz,GASOLINA ESPECIAL + (S/DSI),24000.0,L,DISTRIBUIDORA DE GASOLINA Y LUBRICANTES SAN PABLO S.R.L.,632-RIB,Gasolina Especial +,GASOLINA_ESPECIAL_MAS,,,
2026-09-04,2026-09-04,True,False,Distrito Comercial La Paz,GASOLINA ESPECIAL + (S/DSI),20000.0,L,EST. SERV. TEXAS S.R.L.,1008-UIC,Gasolina Especial +,GASOLINA_ESPECIAL_MAS,,,
2026-09-04,2026-09-04,True,False,Distrito Comercial La Paz,GASOLINA ESPECIAL EESS,24000.0,L,ELDA S. AGUILAR V. - EST. SERV. JUAN PABLO II,4457-NRI,Gasolina Especial,GASOLINA_ESPECIAL,,,
2026-09-04,2026-09-04,True,False,Distrito Comercial La Paz,GASOLINA ESPECIAL + (S/DSI),20000.0,L,ESTACION DE SERVICIO CALUYO S.R.L.,1189-ZFC,Gasolina Especial +,GASOLINA_ESPECIAL_MAS,,,
2026-09-04,2026-09-04,True,False,Distrito Comercial La Paz,GASOLINA ESPECIAL + (S/DSI),20000.0,L,ESTACION DE SERVICIO TEJADA TRIANGULAR,1776-DNN,Gasolina Especial +,GASOLINA_ESPECIAL_MAS,,,
2026-09-04,2026-09-04,True,False,Distrito Comercial La Paz,GASOLINA ESPECIAL + (S/DSI),24000.0,L,EST. SERV. SOC. IND. COM. G.L.P.H. LTDA,671-SUX,Gasolina Especial +,GASOLINA_ESPECIAL_MAS,,,
2026-09-04,2026-09-04,True,False,Distrito Comercial La Paz,GASOLINA ESPECIAL + (S/DSI),18000.0,L,ZURSIL S.R.L. - E.S.T.,542-PSF,Gasolina Especial +,GASOLINA_ESPECIAL_MAS,,,
2026-09-04,2026-09-03,True,True,Distrito Comercial La Paz,DIESEL OIL NACIONAL EESS,22000.0,L,ESTACION DE SERVICIO TIAHUANACU S.R.L.,627-YIR,Diesel Oil Nacional,DIESEL_NACIONAL,,,
2026-09-04,2026-09-04,True,False,Distrito Comercial La Paz,GASOLINA ESPECIAL + (S/DSI),20000.0,L,EST. SERV. SAN PABLO VILLA BOLIVAR S.R.L.,496-HSR,Gasolina Especial +,GASOLINA_ESPECIAL_MAS,,,
2026-09-04,2026-09-03,True,True,Distrito Comercial La Paz,DIESEL OIL NACIONAL EESS,22000.0,L,ESTACION DE SERVICIO MADIDI SAN BUENAVENTURA S.R.L.,3867-HFA,Diesel Oil Nacional,DIESEL_NACIONAL,,,
2026-09-04,2026-09-04,True,False,Distrito Comercial La Paz,GASOLINA ESPECIAL + (S/DSI),18000.0,L,ESTACION DE SERVICIO C. REDENTOR S.R.L.,306-ERY,Gasolina Especial +,GASOLINA_ESPECIAL_MAS,,,
2026-09-04,2026-09-04,True,False,Distrito Comercial La Paz,GASOLINA ESPECIAL + (S/DSI),24000.0,L,GREGORIO CUENTAS M. EST. SERV. DRAGON DE ORO,500-FYX,Gasolina Especial +,GASOLINA_ESPECIAL_MAS,,,
2026-09-04,2026-09-04,True,False,Distrito Comercial La Paz,GASOLINA ESPECIAL + (S/DSI),24000.0,L,EST. SERV. CHASQUIPAMPA S.R.L.,3030-TPF,Gasolina Especial +,GASOLINA_ESPECIAL_MAS,,,
2026-09-04,2026-09-04,True,False,Distrito Comercial La Paz,GASOLINA ESPECIAL + (S/DSI),20000.0,L,EST. SERV. LOS ANDES SRL,5632-ZYE,Gasolina Especial +,GASOLINA_ESPECIAL_MAS,,,
2026-09-04,2026-09-04,True,False,Distrito Comercial La Paz,GASOLINA ESPECIAL + (S/DSI),20000.0,L,EST. SERV. PEREZ ROCHA SRL.,4745-PTB,Gasolina Especial +,GASOLINA_ESPECIAL_MAS,,,
2026-09-04,2026-09-04,True,False,Distrito Comercial La Paz,GASOLINA ESPECIAL EESS,22000.0,L,MARIO ALVAREZ M. EST. SERV. ALVAPETROL,858-PSI,Gasolina Especial,GASOLINA_ESPECIAL,,,
2026-09-04,2026-09-04,True,False,Distrito Comercial La Paz,GASOLINA ESPECIAL + (S/DSI),20000.0,L,EST. SERV. ILLIMANI S.R.L.,564-CNY,Gasolina Especial +,GASOLINA_ESPECIAL_MAS,,,
2026-09-04,2026-09-04,True,False,Distrito Comercial La Paz,GASOLINA ESPECIAL + (S/DSI),24000.0,L,EST. SERV. CRISTO AUTO GAS SRL.,2201-IRF,Gasolina Especial +,GASOLINA_ESPECIAL_MAS,,,
2026-09-04,2026-09-04,True,False,Distrito Comercial La Paz,GASOLINA ESPECIAL + (S/DSI),18000.0,L,EST. SERV. LAREDO SRL,915-XPL,Gasolina Especial +,GASOLINA_ESPECIAL_MAS,,,
2026-09-04,2026-09-04,True,False,Distrito Comercial La Paz,GASOLINA ESPECIAL + (S/DSI),17500.0,L,ESTACION DE SERVICIO SAN SEBASTIAN S.R.L.,2537-TEG,Gasolina Especial +,GASOLINA_ESPECIAL_MAS,,,
2026-09-04,2026-09-04,True,False,Distrito Comercial La Paz,GASOLINA ESPECIAL + (S/DSI),20000.0,L,EST. SERV. SALIDA LTDA,2701-TZH,Gasolina Especial +,GASOLINA_ESPECIAL_MAS,,,
2026-09-04,2026-09-04,True,False,Distrito Comercial La Paz,GASOLINA ESPECIAL + (S/DSI),12000.0,L,ESTACIÓN DE SERVICIO ALIMARC INTER GAS BOLIVIA S.R.L.,547-CKT,Gasolina Especial +,GASOLINA_ESPECIAL_MAS,,,
2026-09-04,2026-09-04,True,False,Distrito Comercial La Paz,GASOLINA ESPECIAL + (S/DSI),18000.0,L,EST. SERV. CANDELARIA,1062-UXD,Gasolina Especial +,GASOLINA_ESPECIAL_MAS,,,
2026-09-04,2026-09-04,True,False,Distrito Comercial La Paz,GASOLINA ESPECIAL EESS,20000.0,L,MARIA PATZI-EST. SERV. VARELA,2352-NHH,Gasolina Especial,GASOLINA_ESPECIAL,,,
2026-09-04,2026-09-04,True,False,Distrito Comercial La Paz,GASOLINA ESPECIAL + (S/DSI),20000.0,L,EST. SERV. INTEROCEANICO,1444-FDT,Gasolina Especial +,GASOLINA_ESPECIAL_MAS,,,
2026-09-04,2026-09-04,True,False,Distrito Comercial La Paz,GASOLINA ESPECIAL EESS,24000.0,L,EST. SERV. M&G CAMINO REAL,2801-XUD,Gasolina Especial,GASOLINA_ESPECIAL,,,
2026-09-04,2026-09-04,True,False,Distrito Comercial La Paz,GLP DISTRIB. 45 KILOS NAL,1800.0,L,DIST. GLP. PROGAS S.R.L.,4067-YRP,GLP,GLP,,,
2026-09-04,2026-09-04,True,False,Distrito Comercial La Paz,GLP DISTRIB. 10 KILOS NAL,6750.0,L,AXEL GAS S.R.L.,1209-EYS,GLP,GLP,,,
2026-09-04,2026-09-03,True,True,Distrito Comercial La Paz,GASOLINA ESPECIAL + EESS,22000.0,L,ESTACION DE SERVICIO HUANCANE Y TRANSPORTE S.R.L.,3158-CHU,Gasolina Especial +,GASOLINA_ESPECIAL_MAS,,,
2026-09-04,2026-09-03,True,True,Distrito Comercial La Paz,DIESEL OIL NACIONAL EESS,22000.0,L,EST. SERV. CARRASCO S.R.L.,2152-APF-1,Diesel Oil Nacional,DIESEL_NACIONAL,,,
2026-09-04,2026-09-03,True,True,Distrito Comercial La Paz,GASOLINA ESPECIAL + EESS,22000.0,L,EST. SERV. CARRASCO S.R.L.,3596-EPL,Gasolina Especial +,GASOLINA_ESPECIAL_MAS,,,
2026-09-04,2026-09-04,True,False,Distrito Comercial La Paz,GLP DISTRIB. 10 KILOS NAL,8840.0,L,"DISTRIBUIDORA DE G.L.P. ""TIPUANI"" S.R.L.",1782-TUA,GLP,GLP,,,
2026-09-04,2026-09-04,True,False,Distrito Comercial La Paz,GLP DISTRIB. 10 KILOS NAL,9000.0,L,ALEXSUS GAS S.R.L.,1442-ACP,GLP,GLP,,,
2026-09-04,2026-09-04,True,False,Distrito Comercial La Paz,GLP DISTRIB. 10 KILOS NAL,3200.0,L,DIST. GLP. TRIPETROL S.R.L.,1764-TDS,GLP,GLP,,,
2026-09-04,2026-09-04,True,False,Distrito Comercial La Paz,GLP DISTRIB. 10 KILOS NAL,3000.0,L,DIST. GLP. TRIPETROL S.R.L.,1207-DCI,GLP,GLP,,,
2026-09-04,2026-09-04,True,False,Distrito Comercial La Paz,GLP DISTRIB. 10 KILOS NAL,7500.0,L,DIST. GLP SORATA PERLA ANDINA S.R.L.,3158-DDF,GLP,GLP,,,
2026-09-04,2026-09-04,True,False,Distrito Comercial La Paz,GLP DISTRIB. 10 KILOS NAL,2500.0,L,DIST. GLP. TRIPETROL S.R.L.,2331-EBS,GLP,GLP,,,
2026-09-04,2026-09-04,True,False,Distrito Comercial La Paz,GLP DISTRIB. 10 KILOS NAL,9000.0,L,DIST. GLP PALOS BLANCOS - SDENKA PEREZ LARICO,3072-FSR,GLP,GLP,,,
2026-09-04,2026-09-04,True,False,Distrito Comercial La Paz,GLP DISTRIB. 10 KILOS NAL,9000.0,L,DIST. GLP. PEREZ,335-ENR,GLP,GLP,,,
2026-09-04,2026-09-04,True,False,Distrito Comercial La Paz,GLP DISTRIB. 10 KILOS NAL,4620.0,L,DIST. GLP. TRIPETROL S.R.L.,479-IPN,GLP,GLP,,,
2026-09-04,2026-09-04,True,False,Distrito Comercial La Paz,GLP DISTRIB. 45 KILOS NAL,4500.0,L,DIST. GLP. SAMO S.A.,1182-IYA,GLP,GLP,,,
2026-09-04,2026-09-03,True,True,Distrito Comercial La Paz,DIESEL OIL IMPORTADO EESS,24000.0,L,CHOROPAMPA S.R.L.,2444-KTY,Diesel Oil Importado,DIESEL_IMPORTADO,,,
2026-09-04,2026-09-04,True,False,Distrito Comercial La Paz,GLP DISTRIB. 45 KILOS NAL,2250.0,L,A.A.V.V. GAS S.R.L.,4994-PHC,GLP,GLP,,,
2026-09-04,2026-09-04,True,False,Distrito Comercial La Paz,GLP DISTRIB. 45 KILOS NAL,2700.0,L,SAN JUDAS TADEO SOCIEDAD DE RESPONSABILIDAD LIMITADA,5609-PHF,GLP,GLP,,,
2026-09-04,2026-09-03,True,True,Distrito Comercial La Paz,GASOLINA ESPECIAL + (S/DSI),24000.0,L,ESTACION DE SERVICIO TERRAGAS LTDA,5361-TUF,Gasolina Especial +,GASOLINA_ESPECIAL_MAS,,,
2026-09-04,2026-09-03,True,True,Distrito Comercial La Paz,DIESEL OIL NACIONAL EESS,22000.0,L,EST. SERV. ADALUZ PETROL,2538BZG(1),Diesel Oil Nacional,DIESEL_NACIONAL,,,
2026-09-04,2026-09-03,True,True,Distrito Comercial La Paz,GLP DISTRIB. 10 KILOS NAL,1000.0,L,GENARA CAPIA DE FERNANDEZ - DIST. GLP SEVERO FERNANDEZ CH.,998-BCA,GLP,GLP,,,
2026-09-04,2026-09-03,True,True,Distrito Comercial La Paz,GLP DISTRIB. 10 KILOS NAL,9000.0,L,GENARA CAPIA DE FERNANDEZ - DIST. GLP SEVERO FERNANDEZ CH.,1803-RES,GLP,GLP,,,
2026-09-04,2026-09-03,True,True,Distrito Comercial La Paz,GASOLINA ESPECIAL + (S/DSI),12000.0,L,GRUPO EMPRESARIAL VIRGEN DE LOS ALAMOS S.R.L.,4831-ETU,Gasolina Especial +,GASOLINA_ESPECIAL_MAS,,,
2026-09-04,2026-09-03,True,True,Distrito Comercial La Paz,GLP DISTRIB. 10 KILOS NAL,6480.0,L,DIST. GLP. VIAGAS,162-ZAS,GLP,GLP,,,
2026-09-04,2026-09-03,True,True,Distrito Comercial La Paz,GLP DISTRIB. 10 KILOS NAL,6630.0,L,DIST. GLP. VIAGAS,302-TIF,GLP,GLP,,,
2026-09-04,2026-09-03,True,True,Distrito Comercial La Paz,GLP DISTRIB. 10 KILOS NAL,5200.0,L,DIST. GLP. DISANDES S.R.L.,2279-SPR,GLP,GLP,,,
2026-09-04,2026-09-03,True,True,Distrito Comercial La Paz,GLP DISTRIB. 10 KILOS NAL,6300.0,L,DIST. GLP. DISANDES S.R.L.,1814-GTY,GLP,GLP,,,
2026-09-04,2026-09-03,True,True,Distrito Comercial La Paz,GLP DISTRIB. 10 KILOS NAL,6090.0,L,DIST. GLP. SOCIEDAD PETROLERA SANTA ELENA S.R.L. (SOPESE S.R.L.),414-BKB,GLP,GLP,,,
2026-09-04,2026-09-03,True,True,Distrito Comercial La Paz,GLP DISTRIB. 10 KILOS NAL,6210.0,L,DIST. GLP. SOCIEDAD PETROLERA SANTA ELENA S.R.L. (SOPESE S.R.L.),065-KKN,GLP,GLP,,,
2026-09-04,2026-09-02,True,True,Distrito Comercial La Paz,GASOLINA ESPECIAL + EESS,24000.0,L,OFELIA PLATA P. - EST. SERV. DARTAÑAN,915-XPL,Gasolina Especial +,GASOLINA_ESPECIAL_MAS,,,
2026-09-04,2026-09-03,True,True,Distrito Comercial La Paz,GLP DISTRIB. 10 KILOS NAL,9000.0,L,DISTRIBUIDORA DE GLP SAN FRANCISCO -LUCIANO SILLO CONDORI S.R.L.,4024-SAH,GLP,GLP,,,
2026-09-04,2026-09-02,True,True,Distrito Comercial La Paz,GASOLINA ESPECIAL + (S/DSI),6000.0,L,INTEGRACION Y PROGRESO COMUNITARIO S.R.L.,3137-FBS,Gasolina Especial +,GASOLINA_ESPECIAL_MAS,,,
2026-09-04,2026-09-02,True,True,Distrito Comercial La Paz,DIESEL OIL IMPORTADO EESS,5000.0,L,INTEGRACION Y PROGRESO COMUNITARIO S.R.L.,3137-FBS,Diesel Oil Importado,DIESEL_IMPORTADO,,,
2026-09-04,2026-09-02,True,True,Distrito Comercial La Paz,DIESEL OIL NACIONAL EESS,24000.0,L,GABY PACO CH. - EST. SERV. COLQUEPATA,4475-NCX-1,Diesel Oil Nacional,DIESEL_NACIONAL,,,
2026-09-04,2026-09-03,True,True,Distrito Comercial La Paz,GLP DISTRIB. 10 KILOS NAL,9000.0,L,ALEXSUS GAS S.R.L.,2128-SLK,GLP,GLP,,,
2026-09-04,2026-09-03,True,True,Distrito Comercial La Paz,GLP DISTRIB. 10 KILOS NAL,6630.0,L,GMGRECO GAS SOCIEDAD DE RESPONSABILIDAD LIMITADA,921-NLX,GLP,GLP,,,
2026-09-04,2026-09-03,True,True,Distrito Comercial La Paz,GLP DISTRIB. 10 KILOS NAL,9000.0,L,DIST. GLP FLOR DEL NORTE S.R.L.,1248-LFL,GLP,GLP,,,
2026-09-04,2026-09-03,True,True,Distrito Comercial La Paz,GLP DISTRIB. 10 KILOS NAL,6000.0,L,DIST. GLP ANGELES,2750-CBU,GLP,GLP,,,
2026-09-04,2026-09-03,True,True,Distrito Comercial La Paz,GLP DISTRIB. 10 KILOS NAL,9000.0,L,DIST. GLP. PEREZ,1226-BKA,GLP,GLP,,,
2026-09-04,2026-09-03,True,True,Distrito Comercial La Paz,GLP DISTRIB. 10 KILOS NAL,6630.0,L,ISABEL DURAN DE ITURRI - DIST. GLP DURA GAS,659-INT,GLP,GLP,,,
2026-09-04,2026-09-03,True,True,Distrito Comercial La Paz,GLP DISTRIB. 10 KILOS NAL,6900.0,L,SAN JUDAS TADEO SOCIEDAD DE RESPONSABILIDAD LIMITADA,795-CZG,GLP,GLP,,,
2026-09-04,2026-09-03,True,True,Distrito Comercial La Paz,GLP DISTRIB. 10 KILOS NAL,6750.0,L,ISABEL DURAN DE ITURRI - DIST. GLP DURA GAS,699-BXF,GLP,GLP,,,
2026-09-04,2026-09-03,True,True,Distrito Comercial La Paz,GLP DISTRIB. 10 KILOS NAL,6630.0,L,SAN JUDAS TADEO SOCIEDAD DE RESPONSABILIDAD LIMITADA,091-FDH,GLP,GLP,,,
2026-09-04,2026-09-03,True,True,Distrito Comercial La Paz,GLP DISTRIB. 45 KILOS NAL,2700.0,L,SAN JUDAS TADEO SOCIEDAD DE RESPONSABILIDAD LIMITADA,5609-PHF,GLP,GLP,,,
2026-09-04,2026-09-03,True,True,Distrito Comercial La Paz,GLP DISTRIB. 10 KILOS NAL,6750.0,L,A.A.V.V. GAS S.R.L.,078-SCG,GLP,GLP,,,
2026-09-04,2026-09-03,True,True,Distrito Comercial La Paz,GLP DISTRIB. 45 KILOS NAL,1800.0,L,A.A.V.V. GAS S.R.L.,4994-PHC,GLP,GLP,,,
2026-09-04,2026-09-03,True,True,Distrito Comercial La Paz,GLP DISTRIB. 10 KILOS NAL,6630.0,L,DIST. GLP. SAMO S.A.,480-CIT,GLP,GLP,,,
2026-09-04,2026-09-03,True,True,Distrito Comercial La Paz,GLP DISTRIB. 10 KILOS NAL,6750.0,L,DIST. GLP. SAMO S.A.,467-SRU,GLP,GLP,,,
2026-09-04,2026-09-02,True,True,Distrito Comercial La Paz,GLP DISTRIB. 10 KILOS NAL,8750.0,L,DIST. GLP. LA CALZADA-SUD YUNGAS,4214-PTK,GLP,GLP,,,
2026-09-04,2026-09-03,True,True,Distrito Comercial La Paz,GLP DISTRIB. 10 KILOS NAL,5940.0,L,DIST. GLP. PROGAS S.R.L.,066-ASF,GLP,GLP,,,
2026-09-04,2026-09-03,True,True,Distrito Comercial La Paz,GLP DISTRIB. 10 KILOS NAL,6630.0,L,DIST. GLP. PROGAS S.R.L.,303-CTB,GLP,GLP,,,
2026-09-04,2026-09-03,True,True,Distrito Comercial La Paz,GLP DISTRIB. 10 KILOS NAL,8500.0,L,DIST. GLP. COPACABANA GAS LTDA.,1126-LYS,GLP,GLP,,,
2026-09-04,2026-09-03,True,True,Distrito Comercial La Paz,GLP DISTRIB. 45 KILOS NAL,2250.0,L,DIST. GLP. ESMERALDA GAS SRL.,2821-LXX,GLP,GLP,,,
2026-09-04,2026-09-03,True,True,Distrito Comercial La Paz,GLP DISTRIB. 10 KILOS NAL,6750.0,L,DIST. GLP. ESMERALDA GAS SRL.,2124-NIL,GLP,GLP,,,
2026-09-04,2026-09-03,True,True,Distrito Comercial La Paz,GLP DISTRIB. 10 KILOS NAL,6210.0,L,DIST. GLP. ESMERALDA GAS SRL.,2375-SHN,GLP,GLP,,,
2026-09-04,2026-09-03,True,True,Distrito Comercial La Paz,GLP DISTRIB. 10 KILOS NAL,1320.0,L,DIST. GLP. TRIPETROL S.R.L.,479-IPN,GLP,GLP,,,
2026-09-04,2026-09-03,True,True,Distrito Comercial La Paz,GLP DISTRIB. 10 KILOS NAL,6630.0,L,DIST. GLP. TRIPETROL S.R.L.,444-KPH,GLP,GLP,,,
2026-09-04,2026-09-03,True,True,Distrito Comercial La Paz,GLP DISTRIB. 10 KILOS NAL,6900.0,L,DIST. GLP. ESMERALDA GAS SRL.,924-ZFP,GLP,GLP,,,
2026-09-04,2026-09-03,True,True,Distrito Comercial La Paz,GLP DISTRIB. 10 KILOS NAL,6480.0,L,DIST. GLP. TRIPETROL S.R.L.,1049-GCX,GLP,GLP,,,
2026-09-04,2026-09-03,True,True,Distrito Comercial La Paz,GLP DISTRIB. 10 KILOS NAL,5940.0,L,DIST. GLP. TRIPETROL S.R.L.,479-IPN,GLP,GLP,,,
2026-09-04,2026-09-03,True,True,Distrito Comercial La Paz,GLP DISTRIB. 10 KILOS NAL,8840.0,L,DISTRIBUIDORA DE GAS LICUADO ALEJANDRA S.R.L.,2812-HKH,GLP,GLP,,,
2026-09-04,2026-09-02,True,True,Distrito Comercial La Paz,GLP DISTRIB. 10 KILOS NAL,9000.0,L,DIST. GLP PALOS BLANCOS - SDENKA PEREZ LARICO,2298-CCB,GLP,GLP,,,
2026-09-04,2026-09-02,True,True,Distrito Comercial La Paz,GLP DISTRIB. 10 KILOS NAL,3250.0,L,DIST. GLP. VIAGAS,162-ZAS,GLP,GLP,,,
2026-09-04,2026-09-02,True,True,Distrito Comercial La Paz,GLP DISTRIB. 10 KILOS NAL,9000.0,L,DISTRIBUIDORA DE GLP SAN FRANCISCO -LUCIANO SILLO CONDORI S.R.L.,5352-HPC,GLP,GLP,,,
2026-09-04,2026-09-02,True,True,Distrito Comercial La Paz,GLP DISTRIB. 10 KILOS NAL,6630.0,L,DIST. GLP. VIAGAS,302-TIF,GLP,GLP,,,
2026-09-04,2026-09-02,True,True,Distrito Comercial La Paz,GLP DISTRIB. 10 KILOS NAL,6210.0,L,DIST. GLP. VIAGAS,1255-KZB,GLP,GLP,,,
2026-09-04,2026-09-02,True,True,Distrito Comercial La Paz,GLP DISTRIB. 10 KILOS NAL,3500.0,L,DIST. GLP ANGELES,986-UIL,GLP,GLP,,,
2026-09-04,2026-09-02,True,True,Distrito Comercial La Paz,GLP DISTRIB. 10 KILOS NAL,6630.0,L,ISABEL DURAN DE ITURRI - DIST. GLP DURA GAS,659-INT,GLP,GLP,,,
2026-09-04,2026-09-02,True,True,Distrito Comercial La Paz,GLP DISTRIB. 10 KILOS NAL,6750.0,L,ISABEL DURAN DE ITURRI - DIST. GLP DURA GAS,791-PKT,GLP,GLP,,,
2026-09-04,2026-09-02,True,True,Distrito Comercial La Paz,GLP DISTRIB. 10 KILOS NAL,6750.0,L,A.A.V.V. GAS S.R.L.,129-BSR,GLP,GLP,,,
2026-09-04,2026-09-02,True,True,Distrito Comercial La Paz,GLP DISTRIB. 10 KILOS NAL,6900.0,L,SAN JUDAS TADEO SOCIEDAD DE RESPONSABILIDAD LIMITADA,104-SNC,GLP,GLP,,,
2026-09-04,2026-09-02,True,True,Distrito Comercial La Paz,GLP DISTRIB. 10 KILOS NAL,6630.0,L,SAN JUDAS TADEO SOCIEDAD DE RESPONSABILIDAD LIMITADA,091-FDH,GLP,GLP,,,
2026-09-04,2026-09-02,True,True,Distrito Comercial La Paz,GLP DISTRIB. 10 KILOS NAL,6750.0,L,DIST. GLP. ESMERALDA GAS SRL.,2124-NIL,GLP,GLP,,,
2026-09-04,2026-09-02,True,True,Distrito Comercial La Paz,GLP DISTRIB. 10 KILOS NAL,6210.0,L,DIST. GLP. ESMERALDA GAS SRL.,2375-SHN,GLP,GLP,,,
2026-09-04,2026-09-02,True,True,Distrito Comercial La Paz,GLP DISTRIB. 10 KILOS NAL,5940.0,L,GMGRECO GAS SOCIEDAD DE RESPONSABILIDAD LIMITADA,497-ILK,GLP,GLP,,,
2026-09-04,2026-09-02,True,True,Distrito Comercial La Paz,GLP DISTRIB. 10 KILOS NAL,6630.0,L,GMGRECO GAS SOCIEDAD DE RESPONSABILIDAD LIMITADA,2060-RYK,GLP,GLP,,,
2026-09-04,2026-09-02,True,True,Distrito Comercial La Paz,GLP DISTRIB. 10 KILOS NAL,6630.0,L,DIST. GLP. PROGAS S.R.L.,081-CEX,GLP,GLP,,,
2026-09-04,2026-09-02,True,True,Distrito Comercial La Paz,GLP DISTRIB. 10 KILOS NAL,3320.0,L,DIST. GLP. TRIPETROL S.R.L.,444-KPH,GLP,GLP,,,
2026-09-04,2026-09-02,True,True,Distrito Comercial La Paz,GLP DISTRIB. 10 KILOS NAL,6900.0,L,DIST. GLP. SAMO S.A.,1311-BND,GLP,GLP,,,
2026-09-04,2026-09-02,True,True,Distrito Comercial La Paz,GLP DISTRIB. 10 KILOS NAL,6630.0,L,DIST. GLP. SAMO S.A.,480-CIT,GLP,GLP,,,
2026-09-04,2026-09-02,True,True,Distrito Comercial La Paz,GLP DISTRIB. 10 KILOS NAL,6750.0,L,DIST. GLP. SAMO S.A.,467-SRU,GLP,GLP,,,
2026-09-04,2026-09-02,True,True,Distrito Comercial La Paz,GLP DISTRIB. 10 KILOS NAL,9000.0,L,DIST. GLP FLOR DEL NORTE S.R.L.,2926-PEY,GLP,GLP,,,
2026-09-04,2026-09-02,True,True,Distrito Comercial La Paz,GLP DISTRIB. 10 KILOS NAL,6750.0,L,SANDRA CALLIZAYA CH. - DIST. GLP APOLOBAMBA,1815-NPC,GLP,GLP,,,
2026-09-04,2026-09-01,True,True,Distrito Comercial La Paz,GLP DISTRIB. 10 KILOS NAL,9000.0,L,DISTRIBUIDORA DE GLP SAN FRANCISCO -LUCIANO SILLO CONDORI S.R.L.,5720-CUY,GLP,GLP,,,
2026-09-04,2026-09-01,True,True,Distrito Comercial La Paz,GLP DISTRIB. 10 KILOS NAL,9000.0,L,SANDRA CALLIZAYA CH. - DIST. GLP OMASUYOS,2154-HFF,GLP,GLP,,,
2026-09-04,2026-09-01,True,True,Distrito Comercial La Paz,GLP DISTRIB. 10 KILOS NAL,3230.0,L,DIST. GLP. VIAGAS,162-ZAS,GLP,GLP,,,
2026-09-04,2026-09-01,True,True,Distrito Comercial La Paz,GLP DISTRIB. 10 KILOS NAL,9000.0,L,GENARA CAPIA DE FERNANDEZ - DIST. GLP SEVERO FERNANDEZ CH.,1227-SAP,GLP,GLP,,,
2026-09-04,2026-09-01,True,True,Distrito Comercial La Paz,GLP DISTRIB. 10 KILOS NAL,6630.0,L,GMGRECO GAS SOCIEDAD DE RESPONSABILIDAD LIMITADA,921-NLX,GLP,GLP,,,
2026-09-04,2026-09-01,True,True,Distrito Comercial La Paz,GLP DISTRIB. 10 KILOS NAL,6630.0,L,DIST. GLP. PROGAS S.R.L.,303-CTB,GLP,GLP,,,
2026-09-03,2026-09-03,True,False,Distrito Comercial La Paz,DIESEL OIL IMPORTADO GRACO,24000.0,L,COOPERATIVA MINERA AURIFERA SAN JOSE DE CHALLANA R.L.,2137-AUT,Diesel Oil Importado,DIESEL_IMPORTADO,,,
2026-09-03,2026-09-03,True,False,Distrito Comercial La Paz,DIESEL OIL IMPORTADO CF,19900.0,L,SILVIA MARINA CUTIPA CONDEMAYTA - EMPRESA CONSTRUCTORA Y CONSULTORA RUANA,3047-YNG,Diesel Oil Importado,DIESEL_IMPORTADO,,,
2026-09-03,2026-09-03,True,False,Distrito Comercial La Paz,DIESEL OIL IMPORTADO CF,19900.0,L,JUSTO QUISBERT VILLCA - TRES DE FEBRERO,1147-BGR,Diesel Oil Importado,DIESEL_IMPORTADO,,,
2026-09-03,2026-09-03,True,False,Distrito Comercial La Paz,GASOLINA ESPECIAL + (S/DSI),18000.0,L,ESTACION DE SERVICIO ZOFRI S.R.L.,1444-FDT,Gasolina Especial +,GASOLINA_ESPECIAL_MAS,,,
2026-09-03,2026-09-03,True,False,Distrito Comercial La Paz,DIESEL OIL IMPORTADO CF,19900.0,L,EMPRESA MINERA EXPLORINGOLD S.R.L.,793-KPU,Diesel Oil Importado,DIESEL_IMPORTADO,,,
2026-09-03,2026-09-03,True,False,Distrito Comercial La Paz,DIESEL OIL IMPORTADO CF,19900.0,L,EMPRESA MINERA DUARBEN S.R.L.,1634-EGB,Diesel Oil Importado,DIESEL_IMPORTADO,,,
2026-09-03,2026-09-03,True,False,Distrito Comercial La Paz,DIESEL OIL IMPORTADO CF,19900.0,L,EMPRESA MINERA ZURICH S.R.L.,4814-UIL,Diesel Oil Importado,DIESEL_IMPORTADO,,,
2026-09-03,2026-09-03,True,False,Distrito Comercial La Paz,DIESEL OIL IMPORTADO GRACO,24000.0,L,COOPERATIVA MINERA SAIGUANI R.L.,2562-IAX,Diesel Oil Importado,DIESEL_IMPORTADO,,,
2026-09-03,2026-09-03,True,False,Distrito Comercial La Paz,DIESEL OIL IMPORTADO GRACO,24000.0,L,LT S.A. SUCURSAL BOLIVIA,2546-YFS,Diesel Oil Importado,DIESEL_IMPORTADO,,,
2026-09-03,2026-09-03,True,False,Distrito Comercial La Paz,DIESEL OIL NACIONAL EESS,22000.0,L,EST. SERV. NETANEL,1148-NIX 1,Diesel Oil Nacional,DIESEL_NACIONAL,,,
2026-09-03,2026-09-03,True,False,Distrito Comercial La Paz,GASOLINA ESPECIAL + EESS,22000.0,L,EST. SERV. NETANEL,2902-CAH,Gasolina Especial +,GASOLINA_ESPECIAL_MAS,,,
2026-09-03,2026-09-03,True,False,Distrito Comercial La Paz,DIESEL OIL NACIONAL EESS,22000.0,L,CLEMENTINA FANNY MAMANI MORALES - EST. SERV. LAHUACHACA Y DISTRIBUCION DE GLP,1401-ICT,Diesel Oil Nacional,DIESEL_NACIONAL,,,
2026-09-03,2026-09-03,True,False,Distrito Comercial La Paz,DIESEL OIL IMPORTADO EESS,20000.0,L,EFRAIN LOPEZ LUCANA,564-CRF,Diesel Oil Importado,DIESEL_IMPORTADO,,,
2026-09-03,2026-09-03,True,False,Distrito Comercial La Paz,DIESEL OIL NACIONAL EESS,22000.0,L,ESTACIÓN DE SERVICIO ESCOMA S.R.L.,689-PAR,Diesel Oil Nacional,DIESEL_NACIONAL,,,
2026-09-03,2026-09-03,True,False,Distrito Comercial La Paz,DIESEL OIL NACIONAL EESS,22000.0,L,EST. SERV. V. COPACABANA - PEDRO IRIARTE M.,300-YKU,Diesel Oil Nacional,DIESEL_NACIONAL,,,
2026-09-03,2026-09-03,True,False,Distrito Comercial La Paz,GASOLINA ESPECIAL + EESS,22000.0,L,SILVIA TORREZ.- EST. SERV. TORREZ,1819-AZC,Gasolina Especial +,GASOLINA_ESPECIAL_MAS,,,
2026-09-03,2026-09-03,True,False,Distrito Comercial La Paz,GASOLINA ESPECIAL + EESS,30000.0,L,ESTACION DE SERVICIO MADIDI SAN BUENAVENTURA S.R.L.,2512-ZDN,Gasolina Especial +,GASOLINA_ESPECIAL_MAS,,,
2026-09-03,2026-09-03,True,False,Distrito Comercial La Paz,DIESEL OIL IMPORTADO EESS,24000.0,L,EST. SERV. ILLIMANI S.R.L.,564-CNY,Diesel Oil Importado,DIESEL_IMPORTADO,,,
2026-09-03,2026-09-03,True,False,Distrito Comercial La Paz,DIESEL OIL IMPORTADO EESS,12000.0,L,EST. SERV. JAIMES FREYRE,665-ETE,Diesel Oil Importado,DIESEL_IMPORTADO,,,
2026-09-03,2026-09-03,True,False,Distrito Comercial La Paz,DIESEL OIL IMPORTADO EESS,24000.0,L,ESTACION DE SERVICIO LOS ROSALES,2345-IYN,Diesel Oil Importado,DIESEL_IMPORTADO,,,
2026-09-03,2026-09-03,True,False,Distrito Comercial La Paz,DIESEL OIL IMPORTADO CF,10000.0,L,NUR S.R.L.,328-LNP,Diesel Oil Importado,DIESEL_IMPORTADO,,,
2026-09-03,2026-09-03,True,False,Distrito Comercial La Paz,DIESEL OIL NACIONAL EESS,22000.0,L,SILVIA TORREZ.- EST. SERV. TORREZ,2049-GTA,Diesel Oil Nacional,DIESEL_NACIONAL,,,
2026-09-03,2026-09-03,True,False,Distrito Comercial La Paz,GASOLINA ESPECIAL + EESS,32000.0,L,EST. SERV. PALOS BLANCOS,5229-ECH,Gasolina Especial +,GASOLINA_ESPECIAL_MAS,,,
2026-09-03,2026-09-03,True,False,Distrito Comercial La Paz,GASOLINA ESPECIAL + (S/DSI),12000.0,L,ESTACION DE SERVICIO KANTUTA S.R.L.,557-XEF,Gasolina Especial +,GASOLINA_ESPECIAL_MAS,,,
2026-09-03,2026-09-03,True,False,Distrito Comercial La Paz,DIESEL OIL NACIONAL EESS,22000.0,L,EST. SERV. GUANAY,3613-ALF,Diesel Oil Nacional,DIESEL_NACIONAL,,,
2026-09-03,2026-09-03,True,False,Distrito Comercial La Paz,GASOLINA ESPECIAL + EESS,24000.0,L,EST. SERV. M&G CAMINO REAL,2801-XUD,Gasolina Especial +,GASOLINA_ESPECIAL_MAS,,,
2026-09-03,2026-09-03,True,False,Distrito Comercial La Paz,GASOLINA ESPECIAL + EESS,22000.0,L,EST. SERV. CARBURANTES SAN MIGUEL,1454-FLH,Gasolina Especial +,GASOLINA_ESPECIAL_MAS,,,
2026-09-03,2026-09-03,True,False,Distrito Comercial La Paz,DIESEL OIL NACIONAL EESS,22000.0,L,ESTACION DE SERVICIO SAYHOGAS S.R.L.,1390-XRS,Diesel Oil Nacional,DIESEL_NACIONAL,,,
2026-09-03,2026-09-03,True,False,Distrito Comercial La Paz,GASOLINA ESPECIAL + (S/DSI),24000.0,L,GAS SAN FELIPE S.R.L.,5602-HKS,Gasolina Especial +,GASOLINA_ESPECIAL_MAS,,,
2026-09-03,2026-09-03,True,False,Distrito Comercial La Paz,GASOLINA ESPECIAL + (S/DSI),24000.0,L,EST. SERV. EMP. COM. HID. TUPAC KATARI S.R.L.,658-HPL,Gasolina Especial +,GASOLINA_ESPECIAL_MAS,,,
2026-09-03,2026-09-03,True,False,Distrito Comercial La Paz,GASOLINA ESPECIAL + (S/DSI),24000.0,L,EST. SERV. JAIMES FREYRE,1118-KLR,Gasolina Especial +,GASOLINA_ESPECIAL_MAS,,,
2026-09-03,2026-09-03,True,False,Distrito Comercial La Paz,GASOLINA ESPECIAL + EESS,22000.0,L,EST. SERV. LOZA DE ORO,2114-FLB,Gasolina Especial +,GASOLINA_ESPECIAL_MAS,,,
2026-09-03,2026-09-03,True,False,Distrito Comercial La Paz,DIESEL OIL IMPORTADO EESS,12000.0,L,EST. SERV. BOLIVIA ZURSIL S.R.L.,801-ZRR,Diesel Oil Importado,DIESEL_IMPORTADO,,,
2026-09-03,2026-09-03,True,False,Distrito Comercial La Paz,GASOLINA ESPECIAL + (S/DSI),12000.0,L,EST. SERV. BOLIVIA ZURSIL S.R.L.,801-ZRR,Gasolina Especial +,GASOLINA_ESPECIAL_MAS,,,
2026-09-03,2026-09-03,True,False,Distrito Comercial La Paz,GASOLINA ESPECIAL + (S/DSI),12000.0,L,ESTACION DE SERVICIO C. REDENTOR S.R.L.,323-KBD,Gasolina Especial +,GASOLINA_ESPECIAL_MAS,,,
2026-09-03,2026-09-03,True,False,Distrito Comercial La Paz,GASOLINA ESPECIAL + (S/DSI),12000.0,L,EST. SERV. RACING GAS S.R.L.,478-KEA,Gasolina Especial +,GASOLINA_ESPECIAL_MAS,,,
2026-09-03,2026-09-03,True,False,Distrito Comercial La Paz,GASOLINA ESPECIAL + EESS,22000.0,L,ESTACION DE SERVICIO TEOPONTE S.R.L.,2022-IHG,Gasolina Especial +,GASOLINA_ESPECIAL_MAS,,,
2026-09-03,2026-09-03,True,False,Distrito Comercial La Paz,GASOLINA ESPECIAL + (S/DSI),20000.0,L,ESTACIÓN DE SERVICIO LAS ROSAS S.R.L.,1225-ZDP,Gasolina Especial +,GASOLINA_ESPECIAL_MAS,,,
2026-09-03,2026-09-03,True,False,Distrito Comercial La Paz,DIESEL OIL NACIONAL EESS,22000.0,L,EST. SERV. BALLIVIAN SANTA BARBARA,641-HGL,Diesel Oil Nacional,DIESEL_NACIONAL,,,
2026-09-03,2026-09-03,True,False,Distrito Comercial La Paz,GASOLINA ESPECIAL + EESS,22000.0,L,EST. SERV. GUANAY,1434-RAF,Gasolina Especial +,GASOLINA_ESPECIAL_MAS,,,
2026-09-03,2026-09-03,True,False,Distrito Comercial La Paz,DIESEL OIL IMPORTADO EESS,20000.0,L,"EMPRESA COMERCIALIZADORA, DISTRIBUIDORA DE SERVICIOS Y CARBURANTES ARUZCA MORALES S.R.L.",1922-DPE,Diesel Oil Importado,DIESEL_IMPORTADO,,,
2026-09-03,2026-09-03,True,False,Distrito Comercial La Paz,DIESEL OIL NACIONAL EESS,24000.0,L,EST. SERV. GASOLCAMP S.R.L.,3437-LBK,Diesel Oil Nacional,DIESEL_NACIONAL,,,
2026-09-03,2026-09-03,True,False,Distrito Comercial La Paz,DIESEL OIL IMPORTADO EESS,24000.0,L,EST. SERV. CANDELARIA,2522-IGY 1,Diesel Oil Importado,DIESEL_IMPORTADO,,,
2026-09-03,2026-09-03,True,False,Distrito Comercial La Paz,DIESEL OIL IMPORTADO EESS,24000.0,L,ELDA S. AGUILAR V. - EST. SERV. JUAN PABLO II,4457-NRI,Diesel Oil Importado,DIESEL_IMPORTADO,,,
2026-09-03,2026-09-03,True,False,Distrito Comercial La Paz,DIESEL OIL IMPORTADO CF,19900.0,L,EMPRESA MINERA KALAPAYA S.R.L.,2195-DYH-1,Diesel Oil Importado,DIESEL_IMPORTADO,,,
2026-09-03,2026-09-03,True,False,Distrito Comercial La Paz,GASOLINA ESPECIAL + EESS,24000.0,L,ESTACION DE SERVICIO PARAISO TROPICAL,3141-GCE,Gasolina Especial +,GASOLINA_ESPECIAL_MAS,,,
2026-09-03,2026-09-03,True,False,Distrito Comercial La Paz,DIESEL OIL IMPORTADO EESS,20000.0,L,EST. SERV. EMP. COM. HID. TUPAC KATARI S.R.L.,110-NBH,Diesel Oil Importado,DIESEL_IMPORTADO,,,
2026-09-03,2026-09-03,True,False,Distrito Comercial La Paz,DIESEL OIL IMPORTADO EESS,24000.0,L,ESTACION DE SERVICIO FULL TANK S.R.L.,5197-SFT,Diesel Oil Importado,DIESEL_IMPORTADO,,,
2026-09-03,2026-09-03,True,False,Distrito Comercial La Paz,GASOLINA ESPECIAL + EESS,22000.0,L,ESTACION DE SERVICIO COTA PATA S.R.L.,564-CDR 1,Gasolina Especial +,GASOLINA_ESPECIAL_MAS,,,
2026-09-03,2026-09-03,True,False,Distrito Comercial La Paz,GASOLINA ESPECIAL + EESS,22000.0,L,ESTACION DE SERVICIO GASOLINERA CRUCE DE ORO S.R.L.,1818-CZU,Gasolina Especial +,GASOLINA_ESPECIAL_MAS,,,
2026-09-03,2026-09-03,True,False,Distrito Comercial La Paz,DIESEL OIL NACIONAL EESS,22000.0,L,ESTACION DE SERVICIO GASOLINERA CRUCE DE ORO S.R.L.,1426-ETI,Diesel Oil Nacional,DIESEL_NACIONAL,,,
2026-09-03,2026-09-03,True,False,Distrito Comercial La Paz,GASOLINA ESPECIAL + EESS,22000.0,L,ESTACION DE SERVICIO ESPIGA DE ORO S.R.L.,3039-RUC,Gasolina Especial +,GASOLINA_ESPECIAL_MAS,,,
2026-09-03,2026-09-03,True,False,Distrito Comercial La Paz,GASOLINA ESPECIAL + (S/DSI),20000.0,L,EST. SERV. GAS CENTRO S.R.L.,589-NAK,Gasolina Especial +,GASOLINA_ESPECIAL_MAS,,,
2026-09-03,2026-09-03,True,False,Distrito Comercial La Paz,DIESEL OIL IMPORTADO EESS,20000.0,L,EST. SERV. CHUSAMARCA,704-BCY,Diesel Oil Importado,DIESEL_IMPORTADO,,,
2026-09-03,2026-09-03,True,False,Distrito Comercial La Paz,GASOLINA ESPECIAL + EESS,22000.0,L,GASOLINERA HUATAJATA S.R.L.,801-GSD 1,Gasolina Especial +,GASOLINA_ESPECIAL_MAS,,,
2026-09-03,2026-09-03,True,False,Distrito Comercial La Paz,GASOLINA ESPECIAL + EESS,22000.0,L,ESTACION DE SERVICIO SURTIDOR TUMUPASA S.R.L.,3441-LZN,Gasolina Especial +,GASOLINA_ESPECIAL_MAS,,,
2026-09-03,2026-09-03,True,False,Distrito Comercial La Paz,DIESEL OIL NACIONAL EESS,22000.0,L,EST. SERV. FLOR DE CAÑA S.R.L.,1389-NLT,Diesel Oil Nacional,DIESEL_NACIONAL,,,
2026-09-03,2026-09-03,True,False,Distrito Comercial La Paz,GASOLINA ESPECIAL + (S/DSI),24000.0,L,ESTACION DE SERVICIO JACHA INTI S.R.L.,3158-CHU,Gasolina Especial +,GASOLINA_ESPECIAL_MAS,,,
2026-09-03,2026-09-03,True,False,Distrito Comercial La Paz,GASOLINA ESPECIAL + (S/DSI),24000.0,L,EST. SERV. BASSAM LTDA,5352-EER,Gasolina Especial +,GASOLINA_ESPECIAL_MAS,,,
2026-09-03,2026-09-03,True,False,Distrito Comercial La Paz,DIESEL OIL IMPORTADO EESS,20000.0,L,MARIANA J. CAMACHO RAMIREZ - PUESTO DE VENTA MIMARBOZO,802-YPU,Diesel Oil Importado,DIESEL_IMPORTADO,,,
2026-09-03,2026-09-03,True,False,Distrito Comercial La Paz,DIESEL OIL IMPORTADO EESS,18000.0,L,EST. SERV. GALAXIA S.R.L.,1089-SDH 1,Diesel Oil Importado,DIESEL_IMPORTADO,,,
2026-09-03,2026-09-03,True,False,Distrito Comercial La Paz,DIESEL OIL NACIONAL EESS,20000.0,L,EST. SERV. ACHACACHI S.R.L.,542-PSF,Diesel Oil Nacional,DIESEL_NACIONAL,,,
2026-09-03,2026-09-03,True,False,Distrito Comercial La Paz,GASOLINA ESPECIAL + (S/DSI),24000.0,L,ESTACION DE SERVICIO KANTUTA S.R.L.,557-XEF,Gasolina Especial +,GASOLINA_ESPECIAL_MAS,,,
2026-09-03,2026-09-03,True,False,Distrito Comercial La Paz,DIESEL OIL IMPORTADO EESS,24000.0,L,EST. SERV. LAREDO SRL,2097-PCX,Diesel Oil Importado,DIESEL_IMPORTADO,,,
2026-09-03,2026-09-03,True,False,Distrito Comercial La Paz,GASOLINA ESPECIAL + (S/DSI),24000.0,L,EST. SERV. LUBRICAN SRL,2714-SNP,Gasolina Especial +,GASOLINA_ESPECIAL_MAS,,,
2026-09-03,2026-09-03,True,False,Distrito Comercial La Paz,GASOLINA ESPECIAL + EESS,20000.0,L,ESTACION DE SERVICIO TOLAR S.R.L.,839-EUS,Gasolina Especial +,GASOLINA_ESPECIAL_MAS,,,
2026-09-03,2026-09-03,True,False,Distrito Comercial La Paz,GASOLINA ESPECIAL + (S/DSI),12000.0,L,EST. SERV. CHUSAMARCA,1401-ICT,Gasolina Especial +,GASOLINA_ESPECIAL_MAS,,,
2026-09-03,2026-09-03,True,False,Distrito Comercial La Paz,GASOLINA ESPECIAL + EESS,22000.0,L,EST. SERV. RIO MANIQUI - FATIMA FORERO B.,4505-RNF,Gasolina Especial +,GASOLINA_ESPECIAL_MAS,,,
2026-09-03,2026-09-03,True,False,Distrito Comercial La Paz,DIESEL OIL IMPORTADO EESS,12000.0,L,EST. SERV. VOLCAN S.R.L.,3104-KDS,Diesel Oil Importado,DIESEL_IMPORTADO,,,
2026-09-03,2026-09-03,True,False,Distrito Comercial La Paz,DIESEL OIL IMPORTADO EESS,18000.0,L,EST. SERV. GAS-MAY S.R.L.,1704-ESB,Diesel Oil Importado,DIESEL_IMPORTADO,,,
2026-09-03,2026-09-03,True,False,Distrito Comercial La Paz,GASOLINA ESPECIAL + (S/DSI),20000.0,L,EST. SERV. ALTO LIMA S.R.L.,1555-ULK,Gasolina Especial +,GASOLINA_ESPECIAL_MAS,,,
2026-09-03,2026-09-03,True,False,Distrito Comercial La Paz,GASOLINA ESPECIAL + (S/DSI),12000.0,L,EST. SERV. GAS-MAY S.R.L.,1704-ESB,Gasolina Especial +,GASOLINA_ESPECIAL_MAS,,,
2026-09-03,2026-09-03,True,False,Distrito Comercial La Paz,GASOLINA ESPECIAL + (S/DSI),12000.0,L,EST. SERV. YUPANQUI,3480-LTK,Gasolina Especial +,GASOLINA_ESPECIAL_MAS,,,
2026-09-03,2026-09-03,True,False,Distrito Comercial La Paz,DIESEL OIL IMPORTADO EESS,24000.0,L,ESTACION DE SERVICIOS NIMAGASBOL S.R.L.,5028-SLK,Diesel Oil Importado,DIESEL_IMPORTADO,,,
2026-09-03,2026-09-03,True,False,Distrito Comercial La Paz,GASOLINA ESPECIAL + (S/DSI),24000.0,L,EST. SERV. MOTORECO SRL.,1340-SPB,Gasolina Especial +,GASOLINA_ESPECIAL_MAS,,,
2026-09-03,2026-09-03,True,False,Distrito Comercial La Paz,DIESEL OIL IMPORTADO EESS,12000.0,L,ESTACION DE SERVICIO CHALLAPAMPA S.R.L.,294-CZD,Diesel Oil Importado,DIESEL_IMPORTADO,,,
2026-09-03,2026-09-03,True,False,Distrito Comercial La Paz,GASOLINA ESPECIAL + (S/DSI),18000.0,L,EST. SERV. CANDELARIA,1062-UXD,Gasolina Especial +,GASOLINA_ESPECIAL_MAS,,,
2026-09-03,2026-09-03,True,False,Distrito Comercial La Paz,GASOLINA ESPECIAL + (S/DSI),24000.0,L,EST. SERV. CHASQUIPAMPA S.R.L.,3030-TPF,Gasolina Especial +,GASOLINA_ESPECIAL_MAS,,,
2026-09-03,2026-09-03,True,False,Distrito Comercial La Paz,GASOLINA ESPECIAL + (S/DSI),20000.0,L,EST. SERV. ACB SAN JORGE,1853-KTP,Gasolina Especial +,GASOLINA_ESPECIAL_MAS,,,
2026-09-03,2026-09-03,True,False,Distrito Comercial La Paz,GASOLINA ESPECIAL + (S/DSI),24000.0,L,EST. SERV. ACB CALACOTO,839-EUS,Gasolina Especial +,GASOLINA_ESPECIAL_MAS,,,
2026-09-03,2026-09-03,True,False,Distrito Comercial La Paz,GASOLINA ESPECIAL + (S/DSI),20000.0,L,EST. SERV. ILLIMANI S.R.L.,564-CNY,Gasolina Especial +,GASOLINA_ESPECIAL_MAS,,,
2026-09-03,2026-09-03,True,False,Distrito Comercial La Paz,DIESEL OIL IMPORTADO EESS,20000.0,L,ESTACION DE SERVICIO SEÑOR DE MAYO S.R.L.,551-HEL,Diesel Oil Importado,DIESEL_IMPORTADO,,,
2026-09-03,2026-09-03,True,False,Distrito Comercial La Paz,DIESEL OIL IMPORTADO EESS,12000.0,L,EST. SERV. SIEMPRE A FULL MIRAFLORES S.R.L. (SAF),1502-ZDB,Diesel Oil Importado,DIESEL_IMPORTADO,,,
2026-09-03,2026-09-03,True,False,Distrito Comercial La Paz,DIESEL OIL IMPORTADO EESS,20000.0,L,EST. SERV. EL PARAISO SRL.,3831-BFB,Diesel Oil Importado,DIESEL_IMPORTADO,,,
2026-09-03,2026-09-03,True,False,Distrito Comercial La Paz,GASOLINA ESPECIAL + (S/DSI),24000.0,L,EST. SERV. EL PARAISO SRL.,5352-FGB,Gasolina Especial +,GASOLINA_ESPECIAL_MAS,,,
2026-09-03,2026-09-03,True,False,Distrito Comercial La Paz,GASOLINA ESPECIAL + (S/DSI),12000.0,L,EST. SERV. SIEMPRE A FULL MIRAFLORES S.R.L. (SAF),1502-ZDB,Gasolina Especial +,GASOLINA_ESPECIAL_MAS,,,
2026-09-03,2026-09-03,True,False,Distrito Comercial La Paz,DIESEL OIL IMPORTADO EESS,24000.0,L,ESTACION DE SERVICIO C. REDENTOR S.R.L.,306-ERY,Diesel Oil Importado,DIESEL_IMPORTADO,,,
2026-09-03,2026-09-03,True,False,Distrito Comercial La Paz,GASOLINA ESPECIAL + (S/DSI),20000.0,L,EST. SERV. PEREZ ROCHA SRL.,4745-PTB,Gasolina Especial +,GASOLINA_ESPECIAL_MAS,,,
2026-09-03,2026-09-03,True,False,Distrito Comercial La Paz,DIESEL OIL IMPORTADO EESS,20000.0,L,GAS SAN FELIPE S.R.L.,5602-HKS,Diesel Oil Importado,DIESEL_IMPORTADO,,,
2026-09-03,2026-09-03,True,False,Distrito Comercial La Paz,GASOLINA ESPECIAL + (S/DSI),24000.0,L,EST. SERV. SIEMPRE A FULL MIRAFLORES S.R.L. (SAF),1156-PGH 1,Gasolina Especial +,GASOLINA_ESPECIAL_MAS,,,
2026-09-03,2026-09-03,True,False,Distrito Comercial La Paz,DIESEL OIL IMPORTADO EESS,20000.0,L,EST. SERV. PEREZ ROCHA SRL.,3445-DKC,Diesel Oil Importado,DIESEL_IMPORTADO,,,
2026-09-03,2026-09-03,True,False,Distrito Comercial La Paz,GASOLINA ESPECIAL + (S/DSI),24000.0,L,EST. SERV. CARSUR S.R.L.,561-YKH,Gasolina Especial +,GASOLINA_ESPECIAL_MAS,,,
2026-09-03,2026-09-03,True,False,Distrito Comercial La Paz,DIESEL OIL IMPORTADO EESS,24000.0,L,EDUARDO YUPANQUI Q.-EST. SERV. VENTILLA,1149-ZND,Diesel Oil Importado,DIESEL_IMPORTADO,,,
2026-09-03,2026-09-03,True,False,Distrito Comercial La Paz,DIESEL OIL IMPORTADO EESS,18000.0,L,EST. SERV. EDUARDO YUPANQUI,1156-PGH 1,Diesel Oil Importado,DIESEL_IMPORTADO,,,
2026-09-03,2026-09-03,True,False,Distrito Comercial La Paz,DIESEL OIL IMPORTADO EESS,18000.0,L,ESTACIÓN DE SERVICIO LAS ROSAS S.R.L.,4523-AZB,Diesel Oil Importado,DIESEL_IMPORTADO,,,
2026-09-03,2026-09-03,True,False,Distrito Comercial La Paz,GASOLINA ESPECIAL + (S/DSI),24000.0,L,GRUPO EMPRESARIAL VIRGEN DE LOS ALAMOS S.R.L.,4831-ETU,Gasolina Especial +,GASOLINA_ESPECIAL_MAS,,,
2026-09-03,2026-09-03,True,False,Distrito Comercial La Paz,GASOLINA ESPECIAL + (S/DSI),24000.0,L,EST. SERV. MARANATHA,3135-UDX,Gasolina Especial +,GASOLINA_ESPECIAL_MAS,,,
2026-09-03,2026-09-03,True,False,Distrito Comercial La Paz,GASOLINA ESPECIAL + (S/DSI),24000.0,L,EST. SERV. VOLCAN S.R.L.,1764-SYB,Gasolina Especial +,GASOLINA_ESPECIAL_MAS,,,
2026-09-03,2026-09-03,True,False,Distrito Comercial La Paz,DIESEL OIL IMPORTADO EESS,24000.0,L,EST. SERV. VOLCAN S.R.L.,3104-KDS,Diesel Oil Importado,DIESEL_IMPORTADO,,,
2026-09-03,2026-09-03,True,False,Distrito Comercial La Paz,GASOLINA ESPECIAL + (S/DSI),18000.0,L,EST. SERV. LAREDO SRL,2265-DPD,Gasolina Especial +,GASOLINA_ESPECIAL_MAS,,,
2026-09-03,2026-09-03,True,False,Distrito Comercial La Paz,DIESEL OIL IMPORTADO EESS,12000.0,L,ESTACION DE SERVICIO TERRAGAS LTDA,5361-TUF,Diesel Oil Importado,DIESEL_IMPORTADO,,,
2026-09-03,2026-09-03,True,False,Distrito Comercial La Paz,GASOLINA ESPECIAL + (S/DSI),12000.0,L,EST. SERV. 6 DE MARZO,101-GEK,Gasolina Especial +,GASOLINA_ESPECIAL_MAS,,,
2026-09-03,2026-09-03,True,False,Distrito Comercial La Paz,GASOLINA ESPECIAL + (S/DSI),24000.0,L,EST. SERV. CUENTAS SAN PABLO II S.R.L.,629-DXB,Gasolina Especial +,GASOLINA_ESPECIAL_MAS,,,
2026-09-03,2026-09-03,True,False,Distrito Comercial La Paz,DIESEL OIL IMPORTADO EESS,24000.0,L,ELSA CHIPANA H. - EST. SERV. ECOPETROL,829-XPG,Diesel Oil Importado,DIESEL_IMPORTADO,,,
2026-09-03,2026-09-03,True,False,Distrito Comercial La Paz,DIESEL OIL IMPORTADO EESS,20000.0,L,EST. SERV. M&G CAMINO REAL,2801-XUD,Diesel Oil Importado,DIESEL_IMPORTADO,,,
2026-09-03,2026-09-03,True,False,Distrito Comercial La Paz,DIESEL OIL NACIONAL EESS,22000.0,L,EST. SERV. LOZA DE ORO,2114-FLB,Diesel Oil Nacional,DIESEL_NACIONAL,,,
2026-09-03,2026-09-03,True,False,Distrito Comercial La Paz,GASOLINA ESPECIAL + (S/DSI),12000.0,L,ELSA CHIPANA H. - EST. SERV. ECOPETROL,829-XPG,Gasolina Especial +,GASOLINA_ESPECIAL_MAS,,,
2026-09-03,2026-09-03,True,False,Distrito Comercial La Paz,GASOLINA ESPECIAL + (S/DSI),18000.0,L,ZURSIL S.R.L. - E.S.T.,6469-YUN,Gasolina Especial +,GASOLINA_ESPECIAL_MAS,,,
2026-09-03,2026-09-03,True,False,Distrito Comercial La Paz,DIESEL OIL IMPORTADO EESS,24000.0,L,ZURSIL S.R.L. - E.S.T.,581-YGU,Diesel Oil Importado,DIESEL_IMPORTADO,,,
2026-09-03,2026-09-03,True,False,Distrito Comercial La Paz,GASOLINA ESPECIAL + (S/DSI),18000.0,L,ESTACIÓN DE SERVICIO ALIMARC INTER GAS BOLIVIA S.R.L.,547-CKT,Gasolina Especial +,GASOLINA_ESPECIAL_MAS,,,
2026-09-03,2026-09-03,True,False,Distrito Comercial La Paz,DIESEL OIL IMPORTADO EESS,12000.0,L,DISTRIBUIDORA DE GASOLINA Y LUBRICANTES SAN PABLO S.R.L.,632-RIB,Diesel Oil Importado,DIESEL_IMPORTADO,,,
2026-09-03,2026-09-03,True,False,Distrito Comercial La Paz,GASOLINA ESPECIAL + (S/DSI),24000.0,L,DISTRIBUIDORA DE GASOLINA Y LUBRICANTES SAN PABLO S.R.L.,632-RIB,Gasolina Especial +,GASOLINA_ESPECIAL_MAS,,,
2026-09-03,2026-09-03,True,False,Distrito Comercial La Paz,DIESEL OIL IMPORTADO EESS,20000.0,L,EST. SERV. CUENTAS SAN PABLO II S.R.L.,1189-EHP,Diesel Oil Importado,DIESEL_IMPORTADO,,,
2026-09-03,2026-09-03,True,False,Distrito Comercial La Paz,GASOLINA ESPECIAL + (S/DSI),20000.0,L,EST. SERV. CRISTO AUTO GAS SRL.,2201-IRF,Gasolina Especial +,GASOLINA_ESPECIAL_MAS,,,
2026-09-03,2026-09-03,True,False,Distrito Comercial La Paz,GASOLINA ESPECIAL + (S/DSI),24000.0,L,EST. SERV. PLAYA VERDE,1157-UUL,Gasolina Especial +,GASOLINA_ESPECIAL_MAS,,,
2026-09-03,2026-09-03,True,False,Distrito Comercial La Paz,DIESEL OIL IMPORTADO EESS,24000.0,L,ESTACIÓN DE SERVICIO ALIMARC INTER GAS BOLIVIA S.R.L.,328-LNP,Diesel Oil Importado,DIESEL_IMPORTADO,,,
2026-09-03,2026-09-03,True,False,Distrito Comercial La Paz,DIESEL OIL IMPORTADO EESS,24000.0,L,EST. SERV. QHANTATI SRL.,2097-PCX,Diesel Oil Importado,DIESEL_IMPORTADO,,,
2026-09-03,2026-09-03,True,False,Distrito Comercial La Paz,GASOLINA ESPECIAL + (S/DSI),24000.0,L,EST. SERV. QHANTATI SRL.,1326-NDS,Gasolina Especial +,GASOLINA_ESPECIAL_MAS,,,
2026-09-03,2026-09-03,True,False,Distrito Comercial La Paz,GASOLINA ESPECIAL + (S/DSI),24000.0,L,EST. SERV. CHALY,3614-LTY,Gasolina Especial +,GASOLINA_ESPECIAL_MAS,,,
2026-09-03,2026-09-03,True,False,Distrito Comercial La Paz,DIESEL OIL IMPORTADO EESS,24000.0,L,EST. SERV. PLAYA VERDE,2352-NHH,Diesel Oil Importado,DIESEL_IMPORTADO,,,
2026-09-03,2026-09-03,True,False,Distrito Comercial La Paz,GASOLINA ESPECIAL + (S/DSI),20000.0,L,ESTACION DE SERVICIO SEÑOR DE MAYO S.R.L.,551-HEL,Gasolina Especial +,GASOLINA_ESPECIAL_MAS,,,
2026-09-03,2026-09-03,True,False,Distrito Comercial La Paz,DIESEL OIL IMPORTADO EESS,24000.0,L,ESTACION DE SERVICIO ZOFRI S.R.L.,1106-PCH,Diesel Oil Importado,DIESEL_IMPORTADO,,,
2026-09-03,2026-09-03,True,False,Distrito Comercial La Paz,GASOLINA ESPECIAL + (S/DSI),20000.0,L,EST. SERV. SAN PABLO VILLA BOLIVAR S.R.L.,496-HSR,Gasolina Especial +,GASOLINA_ESPECIAL_MAS,,,
2026-09-03,2026-09-03,True,False,Distrito Comercial La Paz,DIESEL OIL IMPORTADO EESS,20000.0,L,EST. SERV. SAN PABLO VILLA BOLIVAR S.R.L.,496-HSR,Diesel Oil Importado,DIESEL_IMPORTADO,,,
2026-09-03,2026-09-03,True,False,Distrito Comercial La Paz,DIESEL OIL IMPORTADO EESS,12000.0,L,ESTACION DE SERVICIO TEJADA TRIANGULAR,1776-DNN,Diesel Oil Importado,DIESEL_IMPORTADO,,,
2026-09-03,2026-09-03,True,False,Distrito Comercial La Paz,GASOLINA ESPECIAL + (S/DSI),20000.0,L,ESTACION DE SERVICIO TEJADA TRIANGULAR,1776-DNN,Gasolina Especial +,GASOLINA_ESPECIAL_MAS,,,
2026-09-03,2026-09-03,True,False,Distrito Comercial La Paz,GASOLINA ESPECIAL + (S/DSI),20000.0,L,EST. SERV. TEXAS S.R.L.,1008-UIC,Gasolina Especial +,GASOLINA_ESPECIAL_MAS,,,
2026-09-03,2026-09-03,True,False,Distrito Comercial La Paz,DIESEL OIL IMPORTADO EESS,24000.0,L,EST. SERV. APOSTOL SANTIAGO,1487-RYN,Diesel Oil Importado,DIESEL_IMPORTADO,,,
2026-09-03,2026-09-03,True,False,Distrito Comercial La Paz,DIESEL OIL IMPORTADO EESS,35000.0,L,ESTACION DE SERVICIO SAN SEBASTIAN S.R.L.,2537-TEG,Diesel Oil Importado,DIESEL_IMPORTADO,,,
2026-09-03,2026-09-03,True,False,Distrito Comercial La Paz,DIESEL OIL IMPORTADO EESS,13000.0,L,ESTACION DE SERVICIO SAN SEBASTIAN S.R.L.,2537-TEG,Diesel Oil Importado,DIESEL_IMPORTADO,,,
2026-09-03,2026-09-03,True,False,Distrito Comercial La Paz,GASOLINA ESPECIAL + (S/DSI),17500.0,L,ESTACION DE SERVICIO SAN SEBASTIAN S.R.L.,2537-TEG,Gasolina Especial +,GASOLINA_ESPECIAL_MAS,,,
2026-09-03,2026-09-03,True,False,Distrito Comercial La Paz,DIESEL OIL IMPORTADO EESS,24000.0,L,EST. SERV. 6 DE MARZO,101-GEK,Diesel Oil Importado,DIESEL_IMPORTADO,,,
2026-09-03,2026-09-03,True,False,Distrito Comercial La Paz,GASOLINA ESPECIAL + (S/DSI),24000.0,L,GREGORIO CUENTAS M. EST. SERV. DRAGON DE ORO,500-FYX,Gasolina Especial +,GASOLINA_ESPECIAL_MAS,,,
2026-09-03,2026-09-03,True,False,Distrito Comercial La Paz,DIESEL OIL IMPORTADO EESS,12000.0,L,EST. SERV. SURTIDORES UNITOURS LTDA.,3091-NHK,Diesel Oil Importado,DIESEL_IMPORTADO,,,
2026-09-03,2026-09-03,True,False,Distrito Comercial La Paz,GASOLINA ESPECIAL + (S/DSI),20000.0,L,ESTACION DE SERVICIO CALUYO S.R.L.,1189-ZFC,Gasolina Especial +,GASOLINA_ESPECIAL_MAS,,,
2026-09-03,2026-09-03,True,False,Distrito Comercial La Paz,DIESEL OIL IMPORTADO EESS,20000.0,L,ESTACION DE SERVICIO CALUYO S.R.L.,1189-ZFC,Diesel Oil Importado,DIESEL_IMPORTADO,,,
2026-09-03,2026-09-03,True,False,Distrito Comercial La Paz,GASOLINA ESPECIAL + (S/DSI),12000.0,L,EST. SERV. SURTIDORES UNITOURS LTDA.,3091-NHK,Gasolina Especial +,GASOLINA_ESPECIAL_MAS,,,
2026-09-03,2026-09-03,True,False,Distrito Comercial La Paz,DIESEL OIL IMPORTADO EESS,12000.0,L,GREGORIO CUENTAS M. EST. SERV. DRAGON DE ORO,500-FYX,Diesel Oil Importado,DIESEL_IMPORTADO,,,
2026-09-03,2026-09-03,True,False,Distrito Comercial La Paz,DIESEL OIL IMPORTADO EESS,20000.0,L,MARIA PATZI-EST. SERV. VARELA,2352-NHH,Diesel Oil Importado,DIESEL_IMPORTADO,,,
2026-09-03,2026-09-03,True,False,Distrito Comercial La Paz,GASOLINA ESPECIAL + (S/DSI),20000.0,L,EST. SERV. SALIDA LTDA,2701-TZH,Gasolina Especial +,GASOLINA_ESPECIAL_MAS,,,
2026-09-03,2026-09-03,True,False,Distrito Comercial La Paz,DIESEL OIL IMPORTADO EESS,12000.0,L,EST. SERV. SALIDA LTDA,2701-TZH,Diesel Oil Importado,DIESEL_IMPORTADO,,,
2026-09-03,2026-09-03,True,False,Distrito Comercial La Paz,DIESEL OIL IMPORTADO EESS,18000.0,L,EST. SERV. SOC. IND. COM. G.L.P.H. LTDA,671-SUX,Diesel Oil Importado,DIESEL_IMPORTADO,,,
2026-09-03,2026-09-03,True,False,Distrito Comercial La Paz,GASOLINA ESPECIAL + (S/DSI),24000.0,L,EST. SERV. SOC. IND. COM. G.L.P.H. LTDA,671-SUX,Gasolina Especial +,GASOLINA_ESPECIAL_MAS,,,
2026-09-03,2026-09-03,True,False,Distrito Comercial La Paz,DIESEL OIL IMPORTADO EESS,20000.0,L,EST. SERV. INTEROCEANICO,1827-FCI,Diesel Oil Importado,DIESEL_IMPORTADO,,,
2026-09-03,2026-09-03,True,False,Distrito Comercial La Paz,GASOLINA ESPECIAL + (S/DSI),24000.0,L,ELDA S. AGUILAR V. - EST. SERV. JUAN PABLO II,4457-NRI,Gasolina Especial +,GASOLINA_ESPECIAL_MAS,,,
2026-09-03,2026-09-02,True,True,Distrito Comercial La Paz,DIESEL OIL IMPORTADO CF,19900.0,L,"EMPRESA MINERA ""EXTRACTORES DE SUEÑO"" S.R.L.",564-CHG,Diesel Oil Importado,DIESEL_IMPORTADO,,,
2026-09-03,2026-09-02,True,True,Distrito Comercial La Paz,DIESEL OIL IMPORTADO CF,19900.0,L,EMPRESA MINERA ARGATZ-GOLD S.R.L.,2560-TXE,Diesel Oil Importado,DIESEL_IMPORTADO,,,
2026-09-03,2026-09-02,True,True,Distrito Comercial La Paz,GASOLINA ESPECIAL + (S/DSI),12000.0,L,EST. SERV. ACB CALACOTO,839-EUS,Gasolina Especial +,GASOLINA_ESPECIAL_MAS,,,
2026-09-03,2026-09-02,True,True,Distrito Comercial La Paz,GASOLINA ESPECIAL + (S/DSI),12000.0,L,EST. SERV. 6 DE MARZO,101-GEK,Gasolina Especial +,GASOLINA_ESPECIAL_MAS,,,
2026-09-03,2026-09-02,True,True,Distrito Comercial La Paz,GASOLINA ESPECIAL EESS,30000.0,L,ESTACION DE SERVICIO TIAHUANACU S.R.L.,627-YIR,Gasolina Especial,GASOLINA_ESPECIAL,,,
2026-09-03,2026-09-02,True,True,Distrito Comercial La Paz,DIESEL OIL IMPORTADO GRACO,21818.0,L,ENTIDAD DESCENTRALIZADA MUNICIPAL DE MAQUINARIA Y EQUIPO,2538BZG(1),Diesel Oil Importado,DIESEL_IMPORTADO,,,
2026-09-03,2026-09-02,True,True,Distrito Comercial La Paz,DIESEL OIL NACIONAL EESS,24000.0,L,ESTACION DE SERVICIO GERENCIA AYMARA S.R.L.,297-GFF,Diesel Oil Nacional,DIESEL_NACIONAL,,,
2026-09-03,2026-09-02,True,True,Distrito Comercial La Paz,DIESEL OIL NACIONAL EESS,24000.0,L,IVAN MATIAS V. - EST. SERV. REYES MATIAS,1941-FKI,Diesel Oil Nacional,DIESEL_NACIONAL,,,
2026-09-03,2026-09-02,True,True,Distrito Comercial La Paz,DIESEL OIL NACIONAL EESS,24000.0,L,FREDY LIMACHI CHALLCO - EST. SERV. DON LEO,562-XPD,Diesel Oil Nacional,DIESEL_NACIONAL,,,
2026-09-03,2026-09-02,True,True,Distrito Comercial La Paz,DIESEL OIL NACIONAL EESS,24000.0,L,ESTACION DE SERVICIOS YARA S.R.L.,801-ZLE,Diesel Oil Nacional,DIESEL_NACIONAL,,,
2026-09-03,2026-09-02,True,True,Distrito Comercial La Paz,GASOLINA ESPECIAL EESS,22000.0,L,ESTACION DE SERVICIOS YARA S.R.L.,1408-ILP,Gasolina Especial,GASOLINA_ESPECIAL,,,
2026-09-03,2026-09-03,True,False,Distrito Comercial La Paz,GLP DISTRIB. 45 KILOS NAL,4500.0,L,DIST. GLP. SAMO S.A.,1182-IYA,GLP,GLP,,,
2026-09-03,2026-09-03,True,False,Distrito Comercial La Paz,GLP DISTRIB. 45 KILOS NAL,1800.0,L,DIST. GLP. PROGAS S.R.L.,4067-YRP,GLP,GLP,,,
2026-09-03,2026-09-02,True,True,Distrito Comercial La Paz,GASOLINA ESPECIAL EESS,22000.0,L,EST. SERV. DESAGUADERO S.R.L.,396-SGP,Gasolina Especial,GASOLINA_ESPECIAL,,,
2026-09-03,2026-09-02,True,True,Distrito Comercial La Paz,GASOLINA ESPECIAL EESS,24000.0,L,NEW PETROL BOLIVIA SUCURSAL 2,670-XGC,Gasolina Especial,GASOLINA_ESPECIAL,,,
2026-09-03,2026-09-02,True,True,Distrito Comercial La Paz,GLP DISTRIB. 10 KILOS NAL,6210.0,L,DIST. GLP. VIAGAS,1255-KZB,GLP,GLP,,,
2026-09-03,2026-09-02,True,True,Distrito Comercial La Paz,GLP DISTRIB. 10 KILOS NAL,5000.0,L,DIST. GLP ANGELES,1463-SKT,GLP,GLP,,,
2026-09-03,2026-09-02,True,True,Distrito Comercial La Paz,GLP DISTRIB. 10 KILOS NAL,3500.0,L,DIST. GLP ANGELES,626-PXI,GLP,GLP,,,
2026-09-03,2026-09-02,True,True,Distrito Comercial La Paz,GLP DISTRIB. 10 KILOS NAL,4620.0,L,DIST. GLP. LA CALZADA-SUD YUNGAS,713-ILR,GLP,GLP,,,
2026-09-03,2026-09-02,True,True,Distrito Comercial La Paz,GLP DISTRIB. 10 KILOS NAL,6000.0,L,DIST. GLP. SOCIEDAD PETROLERA SANTA ELENA S.R.L. (SOPESE S.R.L.),414-BKB,GLP,GLP,,,
2026-09-03,2026-09-02,True,True,Distrito Comercial La Paz,GLP DISTRIB. 10 KILOS NAL,5400.0,L,DIST. GLP. DISANDES S.R.L.,2279-SPR,GLP,GLP,,,
2026-09-03,2026-09-02,True,True,Distrito Comercial La Paz,GLP DISTRIB. 10 KILOS NAL,6090.0,L,DIST. GLP. SOCIEDAD PETROLERA SANTA ELENA S.R.L. (SOPESE S.R.L.),3592-GZF,GLP,GLP,,,
2026-09-03,2026-09-02,True,True,Distrito Comercial La Paz,GLP DISTRIB. 10 KILOS NAL,6600.0,L,DIST. GLP. DISANDES S.R.L.,1814-GTY,GLP,GLP,,,
2026-09-03,2026-09-01,True,True,Distrito Comercial La Paz,DIESEL OIL NACIONAL EESS,22000.0,L,EST. SERV. SAN MIGUEL-IVAN L.,2389-AEG,Diesel Oil Nacional,DIESEL_NACIONAL,,,
2026-09-03,2026-09-02,True,True,Distrito Comercial La Paz,GLP DISTRIB. 10 KILOS NAL,6750.0,L,ISABEL DURAN DE ITURRI - DIST. GLP DURA GAS,699-BXF,GLP,GLP,,,
2026-09-03,2026-09-02,True,True,Distrito Comercial La Paz,GLP DISTRIB. 10 KILOS NAL,6210.0,L,DIST. GLP. ESMERALDA GAS SRL.,801-NIK,GLP,GLP,,,
2026-09-03,2026-09-02,True,True,Distrito Comercial La Paz,GLP DISTRIB. 10 KILOS NAL,6630.0,L,GMGRECO GAS SOCIEDAD DE RESPONSABILIDAD LIMITADA,2060-RYK,GLP,GLP,,,
2026-09-03,2026-09-02,True,True,Distrito Comercial La Paz,GLP DISTRIB. 10 KILOS NAL,6630.0,L,DIST. GLP. TRIPETROL S.R.L.,1412-PIT,GLP,GLP,,,
2026-09-03,2026-09-01,True,True,Distrito Comercial La Paz,GLP DISTRIB. 10 KILOS NAL,1500.0,L,DIST. GLP ANGELES,1463-SKT,GLP,GLP,,,
2026-09-02,2026-09-02,True,False,Distrito Comercial La Paz,GASOLINA ESPECIAL EESS,22000.0,L,ESTACION DE SERVICIO GERENCIA AYMARA S.R.L.,1096-TDT,Gasolina Especial,GASOLINA_ESPECIAL,,,
2026-09-02,2026-09-02,True,False,Distrito Comercial La Paz,DIESEL OIL IMPORTADO EESS,24000.0,L,EST. SERV. MARANATHA,4560-SXF,Diesel Oil Importado,DIESEL_IMPORTADO,,,
2026-09-02,2026-09-02,True,False,Distrito Comercial La Paz,DIESEL OIL IMPORTADO EESS,24000.0,L,ESTACION DE SERVICIOS NIMAGASBOL S.R.L.,5028-SLK,Diesel Oil Importado,DIESEL_IMPORTADO,,,
2026-09-02,2026-09-02,True,False,Distrito Comercial La Paz,GASOLINA ESPECIAL EESS,24000.0,L,OFELIA PLATA P. - EST. SERV. UMAMARCA,1057-KKX,Gasolina Especial,GASOLINA_ESPECIAL,,,
2026-09-02,2026-09-02,True,False,Distrito Comercial La Paz,GASOLINA ESPECIAL EESS,22000.0,L,EFRAIN LOPEZ LUCANA,562-XTP,Gasolina Especial,GASOLINA_ESPECIAL,,,
2026-09-02,2026-09-02,True,False,Distrito Comercial La Paz,DIESEL OIL NACIONAL EESS,24000.0,L,EST. SERV. CARBURANTES SAN MIGUEL,3031-TBX,Diesel Oil Nacional,DIESEL_NACIONAL,,,
2026-09-02,2026-09-02,True,False,Distrito Comercial La Paz,GASOLINA ESPECIAL EESS,22000.0,L,"EMPRESA COMERCIALIZADORA, DISTRIBUIDORA DE SERVICIOS Y CARBURANTES ARUZCA MORALES S.R.L.",1233-KNC,Gasolina Especial,GASOLINA_ESPECIAL,,,
2026-09-02,2026-09-02,True,False,Distrito Comercial La Paz,GASOLINA ESPECIAL + (S/DSI),24000.0,L,EST. SERV. COSTANERA SRL.,391-SZU,Gasolina Especial +,GASOLINA_ESPECIAL_MAS,,,
2026-09-02,2026-09-02,True,False,Distrito Comercial La Paz,DIESEL OIL NACIONAL EESS,24000.0,L,EST. SERV. CRUCE LURIBAY S.R.L.,375-YZN,Diesel Oil Nacional,DIESEL_NACIONAL,,,
2026-09-02,2026-09-02,True,False,Distrito Comercial La Paz,GASOLINA ESPECIAL EESS,22000.0,L,PATRICIA QUIROZ SIRPA - PUESTO DE VENTA PATTY,2295-NUP,Gasolina Especial,GASOLINA_ESPECIAL,,,
2026-09-02,2026-09-02,True,False,Distrito Comercial La Paz,GASOLINA ESPECIAL EESS,22000.0,L,EST. SERV. BALLIVIAN,080-RZK,Gasolina Especial,GASOLINA_ESPECIAL,,,
2026-09-02,2026-09-02,True,False,Distrito Comercial La Paz,DIESEL OIL NACIONAL EESS,24000.0,L,ESTACION DE SERVICIO ESPIGA DE ORO S.R.L.,4475-NCX-1,Diesel Oil Nacional,DIESEL_NACIONAL,,,
2026-09-02,2026-09-02,True,False,Distrito Comercial La Paz,GASOLINA ESPECIAL EESS,22000.0,L,IVAN MATIAS V. - EST. SERV. REYES MATIAS,1455-KYE-1,Gasolina Especial,GASOLINA_ESPECIAL,,,
2026-09-02,2026-09-02,True,False,Distrito Comercial La Paz,DIESEL OIL IMPORTADO EESS,12000.0,L,ELDA S. AGUILAR V. - EST. SERV. JUAN PABLO II,4457-NRI,Diesel Oil Importado,DIESEL_IMPORTADO,,,
2026-09-02,2026-09-02,True,False,Distrito Comercial La Paz,DIESEL OIL IMPORTADO EESS,20000.0,L,EST. SERV. CHUSAMARCA,1149-ZND,Diesel Oil Importado,DIESEL_IMPORTADO,,,
2026-09-02,2026-09-02,True,False,Distrito Comercial La Paz,GASOLINA ESPECIAL + CF,10000.0,L,ASOCIACION DE TRANSPORTE LACUSTRE 21 DE SEPTIEMBRE DE SAN PEDRO DE TIQUINA,1519-LSH,Gasolina Especial +,GASOLINA_ESPECIAL_MAS,,,
2026-09-02,2026-09-02,True,False,Distrito Comercial La Paz,GASOLINA ESPECIAL + (S/DSI),12000.0,L,EST. SERV. BOLIVIA ZURSIL S.R.L.,801-ZRR,Gasolina Especial +,GASOLINA_ESPECIAL_MAS,,,
2026-09-02,2026-09-02,True,False,Distrito Comercial La Paz,DIESEL OIL IMPORTADO EESS,12000.0,L,EST. SERV. BOLIVIA ZURSIL S.R.L.,801-ZRR,Diesel Oil Importado,DIESEL_IMPORTADO,,,
2026-09-02,2026-09-02,True,False,Distrito Comercial La Paz,DIESEL OIL NACIONAL EESS,22000.0,L,CANIAX S.R.L.,1054-YSB,Diesel Oil Nacional,DIESEL_NACIONAL,,,
2026-09-02,2026-09-02,True,False,Distrito Comercial La Paz,GASOLINA ESPECIAL EESS,22000.0,L,ESTACION DE SERVICIO MADAGASCAR S.R.L.,994-SUI,Gasolina Especial,GASOLINA_ESPECIAL,,,
2026-09-02,2026-09-02,True,False,Distrito Comercial La Paz,GASOLINA ESPECIAL EESS,22000.0,L,ESTACION DE SERVICIO ISSUCADELA S.R.L,4074-FNA,Gasolina Especial,GASOLINA_ESPECIAL,,,
2026-09-02,2026-09-02,True,False,Distrito Comercial La Paz,DIESEL OIL NACIONAL EESS,24000.0,L,ESTACION DE SERVICIO ISSUCADELA S.R.L,5631-BAB,Diesel Oil Nacional,DIESEL_NACIONAL,,,
2026-09-02,2026-09-02,True,False,Distrito Comercial La Paz,GASOLINA ESPECIAL EESS,22000.0,L,CANIAX S.R.L.,2378-EIG,Gasolina Especial,GASOLINA_ESPECIAL,,,
2026-09-02,2026-09-02,True,False,Distrito Comercial La Paz,DIESEL OIL NACIONAL EESS,24000.0,L,EST. SERV. DESAGUADERO S.R.L.,396-SGP,Diesel Oil Nacional,DIESEL_NACIONAL,,,
2026-09-02,2026-09-02,True,False,Distrito Comercial La Paz,DIESEL OIL NACIONAL EESS,24000.0,L,ESTACION DE SERVICIO COTA PATA S.R.L.,1768-PZN,Diesel Oil Nacional,DIESEL_NACIONAL,,,
2026-09-02,2026-09-02,True,False,Distrito Comercial La Paz,GASOLINA ESPECIAL + (S/DSI),24000.0,L,ESTACION DE SERVICIO JACHA INTI S.R.L.,1389-NLT,Gasolina Especial +,GASOLINA_ESPECIAL_MAS,,,
2026-09-02,2026-09-02,True,False,Distrito Comercial La Paz,GASOLINA ESPECIAL + (S/DSI),24000.0,L,EST. SERV. BASSAM LTDA,2027-AHS,Gasolina Especial +,GASOLINA_ESPECIAL_MAS,,,
2026-09-02,2026-09-02,True,False,Distrito Comercial La Paz,DIESEL OIL IMPORTADO EESS,20000.0,L,EST. SERV. BASSAM LTDA,5352-EER,Diesel Oil Importado,DIESEL_IMPORTADO,,,
2026-09-02,2026-09-02,True,False,Distrito Comercial La Paz,GASOLINA ESPECIAL + (S/DSI),24000.0,L,ESTACION DE SERVICIO LOS ROSALES,2345-IYN,Gasolina Especial +,GASOLINA_ESPECIAL_MAS,,,
2026-09-02,2026-09-02,True,False,Distrito Comercial La Paz,GASOLINA ESPECIAL + (S/DSI),12000.0,L,ESTACION DE SERVICIO KANTUTA S.R.L.,557-XEF,Gasolina Especial +,GASOLINA_ESPECIAL_MAS,,,
2026-09-02,2026-09-02,True,False,Distrito Comercial La Paz,GASOLINA ESPECIAL + (S/DSI),24000.0,L,ESTACION DE SERVICIO KANTUTA S.R.L.,2265-DPD,Gasolina Especial +,GASOLINA_ESPECIAL_MAS,,,
2026-09-02,2026-09-02,True,False,Distrito Comercial La Paz,GASOLINA ESPECIAL EESS,22000.0,L,EST. SERV. PALOS BLANCOS,1222-TEK,Gasolina Especial,GASOLINA_ESPECIAL,,,
2026-09-02,2026-09-02,True,False,Distrito Comercial La Paz,GASOLINA ESPECIAL + (S/DSI),18000.0,L,ESTACION DE SERVICIO C. REDENTOR S.R.L.,323-KBD,Gasolina Especial +,GASOLINA_ESPECIAL_MAS,,,
2026-09-02,2026-09-02,True,False,Distrito Comercial La Paz,DIESEL OIL IMPORTADO EESS,12000.0,L,EST. SERV. ESUR GHS LTDA.,908-YCP,Diesel Oil Importado,DIESEL_IMPORTADO,,,
2026-09-02,2026-09-02,True,False,Distrito Comercial La Paz,DIESEL OIL NACIONAL EESS,24000.0,L,EST. SERV. IRIARTE SAN BORJA,323-KFT,Diesel Oil Nacional,DIESEL_NACIONAL,,,
2026-09-02,2026-09-02,True,False,Distrito Comercial La Paz,DIESEL OIL NACIONAL EESS,24000.0,L,SANTA ROSA PERLA DEL BENI S.R.L.,2281-IEP,Diesel Oil Nacional,DIESEL_NACIONAL,,,
2026-09-02,2026-09-02,True,False,Distrito Comercial La Paz,DIESEL OIL NACIONAL EESS,24000.0,L,ESTACION DE SERVICIO TEOPONTE S.R.L.,2293-HYA,Diesel Oil Nacional,DIESEL_NACIONAL,,,
2026-09-02,2026-09-02,True,False,Distrito Comercial La Paz,GASOLINA ESPECIAL + (S/DSI),24000.0,L,GAS SAN FELIPE S.R.L.,5602-HKS,Gasolina Especial +,GASOLINA_ESPECIAL_MAS,,,
2026-09-02,2026-09-02,True,False,Distrito Comercial La Paz,DIESEL OIL IMPORTADO EESS,24000.0,L,ESTACION DE SERVICIO C. REDENTOR S.R.L.,306-ERY,Diesel Oil Importado,DIESEL_IMPORTADO,,,
2026-09-02,2026-09-02,True,False,Distrito Comercial La Paz,GASOLINA ESPECIAL + (S/DSI),20000.0,L,ESTACION DE SERVICIO SEÑOR DE MAYO S.R.L.,551-HEL,Gasolina Especial +,GASOLINA_ESPECIAL_MAS,,,
2026-09-02,2026-09-02,True,False,Distrito Comercial La Paz,GASOLINA ESPECIAL + (S/DSI),24000.0,L,EST. SERV. EMP. COM. HID. TUPAC KATARI S.R.L.,658-HPL,Gasolina Especial +,GASOLINA_ESPECIAL_MAS,,,
2026-09-02,2026-09-02,True,False,Distrito Comercial La Paz,GASOLINA ESPECIAL + (S/DSI),12000.0,L,EST. SERV. EMP. COM. HID. TUPAC KATARI S.R.L.,110-NBH,Gasolina Especial +,GASOLINA_ESPECIAL_MAS,,,
2026-09-02,2026-09-02,True,False,Distrito Comercial La Paz,GASOLINA ESPECIAL EESS,20000.0,L,EST. SERV. ACHACACHI S.R.L.,1604-NBE,Gasolina Especial,GASOLINA_ESPECIAL,,,
2026-09-02,2026-09-02,True,False,Distrito Comercial La Paz,GASOLINA ESPECIAL + (S/DSI),20000.0,L,EST. SERV. PEREZ ROCHA SRL.,4745-PTB,Gasolina Especial +,GASOLINA_ESPECIAL_MAS,,,
2026-09-02,2026-09-02,True,False,Distrito Comercial La Paz,GASOLINA ESPECIAL + (S/DSI),12000.0,L,EST. SERV. ALTO LIMA S.R.L.,1555-ULK,Gasolina Especial +,GASOLINA_ESPECIAL_MAS,,,
2026-09-02,2026-09-02,True,False,Distrito Comercial La Paz,GASOLINA ESPECIAL + (S/DSI),20000.0,L,ESTACIÓN DE SERVICIO LAS ROSAS S.R.L.,4523-AZB,Gasolina Especial +,GASOLINA_ESPECIAL_MAS,,,
2026-09-02,2026-09-02,True,False,Distrito Comercial La Paz,GASOLINA ESPECIAL + (S/DSI),24000.0,L,EST. SERV. GALAXIA S.R.L.,663-APT,Gasolina Especial +,GASOLINA_ESPECIAL_MAS,,,
2026-09-02,2026-09-02,True,False,Distrito Comercial La Paz,GASOLINA ESPECIAL EESS,24000.0,L,EST. SERV. M&G CAMINO REAL,2801-XUD,Gasolina Especial,GASOLINA_ESPECIAL,,,
2026-09-02,2026-09-02,True,False,Distrito Comercial La Paz,DIESEL OIL NACIONAL EESS,24000.0,L,PANAMERICANA INTERNACIONAL S.R.L. PAINTER S.R.L.,5165-AKL,Diesel Oil Nacional,DIESEL_NACIONAL,,,
2026-09-02,2026-09-02,True,False,Distrito Comercial La Paz,DIESEL OIL IMPORTADO EESS,12000.0,L,EST. SERV. VOLCAN S.R.L.,4228-PUN,Diesel Oil Importado,DIESEL_IMPORTADO,,,
2026-09-02,2026-09-02,True,False,Distrito Comercial La Paz,GASOLINA ESPECIAL + (S/DSI),24000.0,L,EST. SERV. LUBRICAN SRL,2714-SNP,Gasolina Especial +,GASOLINA_ESPECIAL_MAS,,,
2026-09-02,2026-09-02,True,False,Distrito Comercial La Paz,DIESEL OIL IMPORTADO EESS,18000.0,L,ESTACION DE SERVICIO LOS ROSALES,2345-IYN,Diesel Oil Importado,DIESEL_IMPORTADO,,,
2026-09-02,2026-09-02,True,False,Distrito Comercial La Paz,GASOLINA ESPECIAL + (S/DSI),12000.0,L,ESTACION DE SERVICIO ZOFRI S.R.L.,1818-CZU,Gasolina Especial +,GASOLINA_ESPECIAL_MAS,,,
2026-09-02,2026-09-02,True,False,Distrito Comercial La Paz,GASOLINA ESPECIAL + (S/DSI),18000.0,L,EST. SERV. LOS ANDES SRL,5632-ZYE,Gasolina Especial +,GASOLINA_ESPECIAL_MAS,,,
2026-09-02,2026-09-02,True,False,Distrito Comercial La Paz,DIESEL OIL IMPORTADO EESS,24000.0,L,NEW PETROL BOLIVIA SUCURSAL 2,2307-CNA,Diesel Oil Importado,DIESEL_IMPORTADO,,,
2026-09-02,2026-09-02,True,False,Distrito Comercial La Paz,DIESEL OIL IMPORTADO EESS,18000.0,L,EST. SERV. GALAXIA S.R.L.,3441-LZN,Diesel Oil Importado,DIESEL_IMPORTADO,,,
2026-09-02,2026-09-02,True,False,Distrito Comercial La Paz,DIESEL OIL IMPORTADO EESS,24000.0,L,ESTACION DE SERVICIO FULL TANK S.R.L.,5197-SFT,Diesel Oil Importado,DIESEL_IMPORTADO,,,
2026-09-02,2026-09-02,True,False,Distrito Comercial La Paz,DIESEL OIL IMPORTADO EESS,24000.0,L,ELDA S. AGUILAR V. - EST. SERV. JUAN PABLO II,1853-KTP,Diesel Oil Importado,DIESEL_IMPORTADO,,,
2026-09-02,2026-09-02,True,False,Distrito Comercial La Paz,GASOLINA ESPECIAL + (S/DSI),24000.0,L,EST. SERV. VOLCAN S.R.L.,704-BCY,Gasolina Especial +,GASOLINA_ESPECIAL_MAS,,,
2026-09-02,2026-09-02,True,False,Distrito Comercial La Paz,GASOLINA ESPECIAL + (S/DSI),24000.0,L,ELDA S. AGUILAR V. - EST. SERV. JUAN PABLO II,4457-NRI,Gasolina Especial +,GASOLINA_ESPECIAL_MAS,,,
2026-09-02,2026-09-02,True,False,Distrito Comercial La Paz,GASOLINA ESPECIAL + (S/DSI),12000.0,L,EST. SERV. YUPANQUI,3480-LTK,Gasolina Especial +,GASOLINA_ESPECIAL_MAS,,,
2026-09-02,2026-09-02,True,False,Distrito Comercial La Paz,DIESEL OIL IMPORTADO EESS,18000.0,L,EST. SERV. SURTIDORES UNITOURS LTDA.,3091-NHK,Diesel Oil Importado,DIESEL_IMPORTADO,,,
2026-09-02,2026-09-02,True,False,Distrito Comercial La Paz,DIESEL OIL IMPORTADO EESS,24000.0,L,EST. SERV. CANDELARIA,2137-AUT,Diesel Oil Importado,DIESEL_IMPORTADO,,,
2026-09-02,2026-09-02,True,False,Distrito Comercial La Paz,GASOLINA ESPECIAL + (S/DSI),18000.0,L,EST. SERV. LAREDO SRL,3137-FBS,Gasolina Especial +,GASOLINA_ESPECIAL_MAS,,,
2026-09-02,2026-09-02,True,False,Distrito Comercial La Paz,GASOLINA ESPECIAL + (S/DSI),18000.0,L,EST. SERV. GAS CENTRO S.R.L.,589-NAK,Gasolina Especial +,GASOLINA_ESPECIAL_MAS,,,
2026-09-02,2026-09-02,True,False,Distrito Comercial La Paz,GASOLINA ESPECIAL + (S/DSI),20000.0,L,EST. SERV. ACB SAN JORGE,1853-KTP,Gasolina Especial +,GASOLINA_ESPECIAL_MAS,,,
2026-09-02,2026-09-02,True,False,Distrito Comercial La Paz,GASOLINA ESPECIAL + (S/DSI),24000.0,L,EST. SERV. ACB CALACOTO,839-EUS,Gasolina Especial +,GASOLINA_ESPECIAL_MAS,,,
2026-09-02,2026-09-02,True,False,Distrito Comercial La Paz,GASOLINA ESPECIAL + (S/DSI),24000.0,L,EST. SERV. CHASQUIPAMPA S.R.L.,3030-TPF,Gasolina Especial +,GASOLINA_ESPECIAL_MAS,,,
2026-09-02,2026-09-02,True,False,Distrito Comercial La Paz,GASOLINA ESPECIAL + (S/DSI),20000.0,L,EST. SERV. ILLIMANI S.R.L.,564-CNY,Gasolina Especial +,GASOLINA_ESPECIAL_MAS,,,
2026-09-02,2026-09-02,True,False,Distrito Comercial La Paz,GASOLINA ESPECIAL + (S/DSI),24000.0,L,GREGORIO CUENTAS M. EST. SERV. DRAGON DE ORO,500-FYX,Gasolina Especial +,GASOLINA_ESPECIAL_MAS,,,
2026-09-02,2026-09-02,True,False,Distrito Comercial La Paz,GASOLINA ESPECIAL + (S/DSI),24000.0,L,EST. SERV. CRISTO AUTO GAS SRL.,2201-IRF,Gasolina Especial +,GASOLINA_ESPECIAL_MAS,,,
2026-09-02,2026-09-02,True,False,Distrito Comercial La Paz,GASOLINA ESPECIAL + (S/DSI),24000.0,L,EST. SERV. CARSUR S.R.L.,2484-PUD,Gasolina Especial +,GASOLINA_ESPECIAL_MAS,,,
2026-09-02,2026-09-02,True,False,Distrito Comercial La Paz,GASOLINA ESPECIAL EESS,22000.0,L,EST. SERV. ADALUZ PETROL,1183-LPL-1,Gasolina Especial,GASOLINA_ESPECIAL,,,
2026-09-02,2026-09-02,True,False,Distrito Comercial La Paz,DIESEL OIL IMPORTADO EESS,24000.0,L,EST. SERV. VOLCAN S.R.L.,4228-PUN,Diesel Oil Importado,DIESEL_IMPORTADO,,,
2026-09-02,2026-09-02,True,False,Distrito Comercial La Paz,GASOLINA ESPECIAL + (S/DSI),24000.0,L,ESTACION DE SERVICIO KORY INTI S.R.L.,4563-ZEN 1,Gasolina Especial +,GASOLINA_ESPECIAL_MAS,,,
2026-09-02,2026-09-02,True,False,Distrito Comercial La Paz,GASOLINA ESPECIAL + (S/DSI),17500.0,L,ESTACION DE SERVICIO SAN SEBASTIAN S.R.L.,2537-TEG,Gasolina Especial +,GASOLINA_ESPECIAL_MAS,,,
2026-09-02,2026-09-02,True,False,Distrito Comercial La Paz,GASOLINA ESPECIAL + (S/DSI),24000.0,L,DISTRIBUIDORA DE GASOLINA Y LUBRICANTES SAN PABLO S.R.L.,632-RIB,Gasolina Especial +,GASOLINA_ESPECIAL_MAS,,,
2026-09-02,2026-09-02,True,False,Distrito Comercial La Paz,DIESEL OIL NACIONAL EESS,24000.0,L,ESTACION DE SERVICIO PARAISO TROPICAL,2532-UDH,Diesel Oil Nacional,DIESEL_NACIONAL,,,
2026-09-02,2026-09-02,True,False,Distrito Comercial La Paz,GASOLINA ESPECIAL + (S/DSI),20000.0,L,ESTACION DE SERVICIO CALUYO S.R.L.,1189-ZFC,Gasolina Especial +,GASOLINA_ESPECIAL_MAS,,,
2026-09-02,2026-09-02,True,False,Distrito Comercial La Paz,GASOLINA ESPECIAL + (S/DSI),20000.0,L,EST. SERV. SOC. IND. COM. G.L.P.H. LTDA,671-SUX,Gasolina Especial +,GASOLINA_ESPECIAL_MAS,,,
2026-09-02,2026-09-02,True,False,Distrito Comercial La Paz,GASOLINA ESPECIAL + (S/DSI),20000.0,L,EST. SERV. TEXAS S.R.L.,1008-UIC,Gasolina Especial +,GASOLINA_ESPECIAL_MAS,,,
2026-09-02,2026-09-02,True,False,Distrito Comercial La Paz,GASOLINA ESPECIAL EESS,24000.0,L,EST. SERV. CUENTAS SAN PABLO II S.R.L.,629-DXB,Gasolina Especial,GASOLINA_ESPECIAL,,,
2026-09-02,2026-09-02,True,False,Distrito Comercial La Paz,GASOLINA ESPECIAL + (S/DSI),18000.0,L,ELSA CHIPANA H. - EST. SERV. ECOPETROL,829-XPG,Gasolina Especial +,GASOLINA_ESPECIAL_MAS,,,
2026-09-02,2026-09-02,True,False,Distrito Comercial La Paz,GASOLINA ESPECIAL + (S/DSI),24000.0,L,EST. SERV. MOTORECO SRL.,1340-SPB,Gasolina Especial +,GASOLINA_ESPECIAL_MAS,,,
2026-09-02,2026-09-02,True,False,Distrito Comercial La Paz,GASOLINA ESPECIAL + (S/DSI),18000.0,L,EST. SERV. CANDELARIA,1062-UXD,Gasolina Especial +,GASOLINA_ESPECIAL_MAS,,,
2026-09-02,2026-09-02,True,False,Distrito Comercial La Paz,GASOLINA ESPECIAL + (S/DSI),12000.0,L,EST. SERV. SIEMPRE A FULL MIRAFLORES S.R.L. (SAF),1502-ZDB,Gasolina Especial +,GASOLINA_ESPECIAL_MAS,,,
2026-09-02,2026-09-02,True,False,Distrito Comercial La Paz,GASOLINA ESPECIAL + (S/DSI),18000.0,L,ZURSIL S.R.L. - E.S.T.,542-PSF,Gasolina Especial +,GASOLINA_ESPECIAL_MAS,,,
2026-09-02,2026-09-02,True,False,Distrito Comercial La Paz,GASOLINA ESPECIAL + (S/DSI),24000.0,L,ESTACION DE SERVICIO TERRAGAS LTDA,300-YKU,Gasolina Especial +,GASOLINA_ESPECIAL_MAS,,,
2026-09-02,2026-09-02,True,False,Distrito Comercial La Paz,GASOLINA ESPECIAL + (S/DSI),24000.0,L,EST. SERV. EL PARAISO SRL.,5352-FGB,Gasolina Especial +,GASOLINA_ESPECIAL_MAS,,,
2026-09-02,2026-09-02,True,False,Distrito Comercial La Paz,GASOLINA ESPECIAL + (S/DSI),24000.0,L,EST. SERV. SIEMPRE A FULL MIRAFLORES S.R.L. (SAF),4683-SUG,Gasolina Especial +,GASOLINA_ESPECIAL_MAS,,,
2026-09-02,2026-09-02,True,False,Distrito Comercial La Paz,GASOLINA ESPECIAL + (S/DSI),24000.0,L,EST. SERV. QHANTATI SRL.,2538BZG(1),Gasolina Especial +,GASOLINA_ESPECIAL_MAS,,,
2026-09-02,2026-09-02,True,False,Distrito Comercial La Paz,GASOLINA ESPECIAL EESS,24000.0,L,EST. SERV. PLAYA VERDE,1157-UUL,Gasolina Especial,GASOLINA_ESPECIAL,,,
2026-09-02,2026-09-02,True,False,Distrito Comercial La Paz,GASOLINA ESPECIAL + (S/DSI),24000.0,L,EST. SERV. JAIMES FREYRE,1118-KLR,Gasolina Especial +,GASOLINA_ESPECIAL_MAS,,,
2026-09-02,2026-09-02,True,False,Distrito Comercial La Paz,GASOLINA ESPECIAL + (S/DSI),12000.0,L,ESTACIÓN DE SERVICIO ALIMARC INTER GAS BOLIVIA S.R.L.,547-CKT,Gasolina Especial +,GASOLINA_ESPECIAL_MAS,,,
2026-09-02,2026-09-02,True,False,Distrito Comercial La Paz,GASOLINA ESPECIAL + (S/DSI),24000.0,L,EST. SERV. GAS-MAY S.R.L.,1704-ESB,Gasolina Especial +,GASOLINA_ESPECIAL_MAS,,,
2026-09-02,2026-09-02,True,False,Distrito Comercial La Paz,GASOLINA ESPECIAL + (S/DSI),20000.0,L,EST. SERV. SAN PABLO VILLA BOLIVAR S.R.L.,496-HSR,Gasolina Especial +,GASOLINA_ESPECIAL_MAS,,,
2026-09-02,2026-09-02,True,False,Distrito Comercial La Paz,GASOLINA ESPECIAL + (S/DSI),18000.0,L,EST. SERV. SALIDA LTDA,2701-TZH,Gasolina Especial +,GASOLINA_ESPECIAL_MAS,,,
2026-09-02,2026-09-02,True,False,Distrito Comercial La Paz,GASOLINA ESPECIAL EESS,22000.0,L,MARIO ALVAREZ M. EST. SERV. ALVAPETROL,858-PSI,Gasolina Especial,GASOLINA_ESPECIAL,,,
2026-09-02,2026-09-02,True,False,Distrito Comercial La Paz,GASOLINA ESPECIAL + (S/DSI),20000.0,L,ESTACION DE SERVICIO TEJADA TRIANGULAR,1776-DNN,Gasolina Especial +,GASOLINA_ESPECIAL_MAS,,,
2026-09-02,2026-09-02,True,False,Distrito Comercial La Paz,GASOLINA ESPECIAL + (S/DSI),20000.0,L,EST. SERV. INTEROCEANICO,1827-FCI,Gasolina Especial +,GASOLINA_ESPECIAL_MAS,,,
2026-09-02,2026-09-02,True,False,Distrito Comercial La Paz,GASOLINA ESPECIAL + (S/DSI),24000.0,L,GRUPO EMPRESARIAL VIRGEN DE LOS ALAMOS S.R.L.,1487-RYN,Gasolina Especial +,GASOLINA_ESPECIAL_MAS,,,
2026-09-02,2026-09-02,True,False,Distrito Comercial La Paz,GASOLINA ESPECIAL + (S/DSI),24000.0,L,MARIA PATZI-EST. SERV. VARELA,2352-NHH,Gasolina Especial +,GASOLINA_ESPECIAL_MAS,,,
2026-09-02,2026-09-02,True,False,Distrito Comercial La Paz,DIESEL OIL NACIONAL EESS,24000.0,L,ESTACIÓN DE SERVICIO KONANI S.R.L.,1552-PFH,Diesel Oil Nacional,DIESEL_NACIONAL,,,
2026-09-02,2026-09-02,True,False,Distrito Comercial La Paz,DIESEL OIL NACIONAL EESS,24000.0,L,MARIO ALVAREZ M. EST. SERV. ALVAPETROL,4679-LFC,Diesel Oil Nacional,DIESEL_NACIONAL,,,
2026-09-02,2026-09-02,True,False,Distrito Comercial La Paz,DIESEL OIL IMPORTADO EESS,24000.0,L,EST. SERV. PLAYA VERDE,2823-NPX,Diesel Oil Importado,DIESEL_IMPORTADO,,,
2026-09-02,2026-09-02,True,False,Distrito Comercial La Paz,DIESEL OIL IMPORTADO EESS,12000.0,L,EST. SERV. TEXAS S.R.L.,1008-UIC,Diesel Oil Importado,DIESEL_IMPORTADO,,,
2026-09-02,2026-09-02,True,False,Distrito Comercial La Paz,DIESEL OIL IMPORTADO EESS,12000.0,L,EST. SERV. CUENTAS SAN PABLO II S.R.L.,1189-EHP,Diesel Oil Importado,DIESEL_IMPORTADO,,,
2026-09-02,2026-09-02,True,False,Distrito Comercial La Paz,DIESEL OIL IMPORTADO EESS,24000.0,L,ELSA CHIPANA H. - EST. SERV. ECOPETROL,4563-ZEN 1,Diesel Oil Importado,DIESEL_IMPORTADO,,,
2026-09-02,2026-09-02,True,False,Distrito Comercial La Paz,DIESEL OIL IMPORTADO EESS,24000.0,L,EDUARDO YUPANQUI Q.-EST. SERV. VENTILLA,1149-ZND,Diesel Oil Importado,DIESEL_IMPORTADO,,,
2026-09-02,2026-09-02,True,False,Distrito Comercial La Paz,DIESEL OIL IMPORTADO EESS,20000.0,L,EST. SERV. PEREZ ROCHA SRL.,3445-DKC,Diesel Oil Importado,DIESEL_IMPORTADO,,,
2026-09-02,2026-09-02,True,False,Distrito Comercial La Paz,DIESEL OIL IMPORTADO EESS,24000.0,L,MARIA PATZI-EST. SERV. VARELA,2352-NHH,Diesel Oil Importado,DIESEL_IMPORTADO,,,
2026-09-02,2026-09-01,True,True,Distrito Comercial La Paz,DIESEL OIL IMPORTADO EESS,20000.0,L,EST. SERV. PEREZ ROCHA SRL.,330-PTX,Diesel Oil Importado,DIESEL_IMPORTADO,,,
2026-09-02,2026-09-02,True,False,Distrito Comercial La Paz,DIESEL OIL IMPORTADO EESS,12000.0,L,GREGORIO CUENTAS M. EST. SERV. DRAGON DE ORO,500-FYX,Diesel Oil Importado,DIESEL_IMPORTADO,,,
2026-09-02,2026-09-02,True,False,Distrito Comercial La Paz,DIESEL OIL IMPORTADO EESS,24000.0,L,ZURSIL S.R.L. - E.S.T.,542-PSF,Diesel Oil Importado,DIESEL_IMPORTADO,,,
2026-09-02,2026-09-02,True,False,Distrito Comercial La Paz,DIESEL OIL IMPORTADO EESS,20000.0,L,EST. SERV. ILLIMANI S.R.L.,564-CNY,Diesel Oil Importado,DIESEL_IMPORTADO,,,
2026-09-02,2026-09-02,True,False,Distrito Comercial La Paz,DIESEL OIL IMPORTADO EESS,20000.0,L,EST. SERV. M&G CAMINO REAL,2801-XUD,Diesel Oil Importado,DIESEL_IMPORTADO,,,
2026-09-02,2026-09-02,True,False,Distrito Comercial La Paz,DIESEL OIL IMPORTADO EESS,18000.0,L,ESTACIÓN DE SERVICIO LAS ROSAS S.R.L.,4523-AZB,Diesel Oil Importado,DIESEL_IMPORTADO,,,
2026-09-02,2026-09-02,True,False,Distrito Comercial La Paz,DIESEL OIL IMPORTADO EESS,24000.0,L,ESTACIÓN DE SERVICIO ALIMARC INTER GAS BOLIVIA S.R.L.,3480-LTK,Diesel Oil Importado,DIESEL_IMPORTADO,,,
2026-09-02,2026-09-02,True,False,Distrito Comercial La Paz,DIESEL OIL IMPORTADO EESS,20000.0,L,ESTACION DE SERVICIO SEÑOR DE MAYO S.R.L.,551-HEL,Diesel Oil Importado,DIESEL_IMPORTADO,,,
2026-09-02,2026-09-02,True,False,Distrito Comercial La Paz,GLP DISTRIB. 10 KILOS NAL,8840.0,L,DIST. GLP. SAN MIGUEL,1053-SBI,GLP,GLP,,,
2026-09-02,2026-09-02,True,False,Distrito Comercial La Paz,GLP DISTRIB. 10 KILOS NAL,6480.0,L,DIST. GLP. VIAGAS,162-ZAS,GLP,GLP,,,
2026-09-02,2026-09-02,True,False,Distrito Comercial La Paz,DIESEL OIL IMPORTADO EESS,24000.0,L,ESTACION DE SERVICIO CALUYO S.R.L.,1189-ZFC,Diesel Oil Importado,DIESEL_IMPORTADO,,,
2026-09-02,2026-09-02,True,False,Distrito Comercial La Paz,DIESEL OIL IMPORTADO EESS,12000.0,L,ESTACION DE SERVICIO CHALLAPAMPA S.R.L.,294-CZD,Diesel Oil Importado,DIESEL_IMPORTADO,,,
2026-09-02,2026-09-02,True,False,Distrito Comercial La Paz,DIESEL OIL IMPORTADO EESS,24000.0,L,EST. SERV. QHANTATI SRL.,2097-PCX,Diesel Oil Importado,DIESEL_IMPORTADO,,,
2026-09-02,2026-09-02,True,False,Distrito Comercial La Paz,DIESEL OIL IMPORTADO EESS,24000.0,L,EST. SERV. APOSTOL SANTIAGO,1487-RYN,Diesel Oil Importado,DIESEL_IMPORTADO,,,
2026-09-02,2026-09-02,True,False,Distrito Comercial La Paz,DIESEL OIL IMPORTADO EESS,12000.0,L,DISTRIBUIDORA DE GASOLINA Y LUBRICANTES SAN PABLO S.R.L.,632-RIB,Diesel Oil Importado,DIESEL_IMPORTADO,,,
2026-09-02,2026-09-02,True,False,Distrito Comercial La Paz,DIESEL OIL IMPORTADO EESS,20000.0,L,EST. SERV. LOS ANDES SRL,5632-ZYE,Diesel Oil Importado,DIESEL_IMPORTADO,,,
2026-09-02,2026-09-02,True,False,Distrito Comercial La Paz,DIESEL OIL IMPORTADO EESS,18000.0,L,EST. SERV. CRISTO AUTO GAS SRL.,2201-IRF,Diesel Oil Importado,DIESEL_IMPORTADO,,,
2026-09-02,2026-09-02,True,False,Distrito Comercial La Paz,DIESEL OIL IMPORTADO EESS,24000.0,L,ESTACION DE SERVICIO ZOFRI S.R.L.,994-SUI,Diesel Oil Importado,DIESEL_IMPORTADO,,,
2026-09-02,2026-09-02,True,False,Distrito Comercial La Paz,DIESEL OIL IMPORTADO EESS,18000.0,L,ESTACION DE SERVICIO TEJADA TRIANGULAR,1776-DNN,Diesel Oil Importado,DIESEL_IMPORTADO,,,
2026-09-02,2026-09-02,True,False,Distrito Comercial La Paz,DIESEL OIL IMPORTADO EESS,18000.0,L,EST. SERV. SALIDA LTDA,2701-TZH,Diesel Oil Importado,DIESEL_IMPORTADO,,,
2026-09-02,2026-09-02,True,False,Distrito Comercial La Paz,DIESEL OIL IMPORTADO EESS,12000.0,L,EST. SERV. ALTO LIMA S.R.L.,1555-ULK,Diesel Oil Importado,DIESEL_IMPORTADO,,,
2026-09-02,2026-09-02,True,False,Distrito Comercial La Paz,DIESEL OIL IMPORTADO EESS,24000.0,L,EST. SERV. CHALY,3614-LTY,Diesel Oil Importado,DIESEL_IMPORTADO,,,
2026-09-02,2026-09-02,True,False,Distrito Comercial La Paz,DIESEL OIL IMPORTADO EESS,24000.0,L,EST. SERV. SAN PABLO VILLA BOLIVAR S.R.L.,496-HSR,Diesel Oil Importado,DIESEL_IMPORTADO,,,
2026-09-02,2026-09-02,True,False,Distrito Comercial La Paz,DIESEL OIL IMPORTADO EESS,20000.0,L,EST. SERV. INTEROCEANICO,1827-FCI,Diesel Oil Importado,DIESEL_IMPORTADO,,,
2026-09-02,2026-09-02,True,False,Distrito Comercial La Paz,DIESEL OIL IMPORTADO EESS,20000.0,L,EST. SERV. EL PARAISO SRL.,3831-BFB,Diesel Oil Importado,DIESEL_IMPORTADO,,,
2026-09-02,2026-09-02,True,False,Distrito Comercial La Paz,DIESEL OIL IMPORTADO EESS,24000.0,L,EST. SERV. LAREDO SRL,3137-FBS,Diesel Oil Importado,DIESEL_IMPORTADO,,,
2026-09-02,2026-09-02,True,False,Distrito Comercial La Paz,DIESEL OIL IMPORTADO EESS,13000.0,L,ESTACION DE SERVICIO SAN SEBASTIAN S.R.L.,2537-TEG,Diesel Oil Importado,DIESEL_IMPORTADO,,,
2026-09-02,2026-09-02,True,False,Distrito Comercial La Paz,DIESEL OIL IMPORTADO EESS,20000.0,L,GAS SAN FELIPE S.R.L.,5602-HKS,Diesel Oil Importado,DIESEL_IMPORTADO,,,
2026-09-02,2026-09-02,True,False,Distrito Comercial La Paz,DIESEL OIL IMPORTADO EESS,24000.0,L,EST. SERV. 6 DE MARZO,101-GEK,Diesel Oil Importado,DIESEL_IMPORTADO,,,
2026-09-02,2026-09-02,True,False,Distrito Comercial La Paz,DIESEL OIL IMPORTADO EESS,35000.0,L,ESTACION DE SERVICIO SAN SEBASTIAN S.R.L.,2537-TEG,Diesel Oil Importado,DIESEL_IMPORTADO,,,
2026-09-02,2026-09-02,True,False,Distrito Comercial La Paz,GLP DISTRIB. 10 KILOS NAL,4490.0,L,DIST. GLP. SOCIEDAD PETROLERA SANTA ELENA S.R.L. (SOPESE S.R.L.),085-IKK,GLP,GLP,,,
2026-09-02,2026-09-02,True,False,Distrito Comercial La Paz,GLP DISTRIB. 10 KILOS NAL,6210.0,L,DIST. GLP. SOCIEDAD PETROLERA SANTA ELENA S.R.L. (SOPESE S.R.L.),091-FAX,GLP,GLP,,,
2026-09-02,2026-09-01,True,True,Distrito Comercial La Paz,GASOLINA ESPECIAL + (S/DSI),12000.0,L,ESTACION DE SERVICIO KANTUTA S.R.L.,557-XEF,Gasolina Especial +,GASOLINA_ESPECIAL_MAS,,,
2026-09-02,2026-09-01,True,True,Distrito Comercial La Paz,GASOLINA ESPECIAL + (S/DSI),12000.0,L,EST. SERV. SIEMPRE A FULL MIRAFLORES S.R.L. (SAF),1502-ZDB,Gasolina Especial +,GASOLINA_ESPECIAL_MAS,,,
2026-09-02,2026-09-02,True,False,Distrito Comercial La Paz,GLP DISTRIB. 10 KILOS NAL,6750.0,L,A.A.V.V. GAS S.R.L.,078-SCG,GLP,GLP,,,
2026-09-02,2026-09-02,True,False,Distrito Comercial La Paz,GLP DISTRIB. 10 KILOS NAL,7500.0,L,DIST. GLP SORATA PERLA ANDINA S.R.L.,3158-DDF,GLP,GLP,,,
2026-09-02,2026-09-02,True,False,Distrito Comercial La Paz,GLP DISTRIB. 45 KILOS NAL,2250.0,L,A.A.V.V. GAS S.R.L.,4994-PHC,GLP,GLP,,,
2026-09-02,2026-09-02,True,False,Distrito Comercial La Paz,GLP DISTRIB. 10 KILOS NAL,6900.0,L,SAN JUDAS TADEO SOCIEDAD DE RESPONSABILIDAD LIMITADA,795-CZG,GLP,GLP,,,
2026-09-02,2026-09-02,True,False,Distrito Comercial La Paz,GLP DISTRIB. 45 KILOS NAL,2700.0,L,SAN JUDAS TADEO SOCIEDAD DE RESPONSABILIDAD LIMITADA,5609-PHF,GLP,GLP,,,
2026-09-02,2026-09-02,True,False,Distrito Comercial La Paz,GLP DISTRIB. 45 KILOS NAL,1800.0,L,DIST. GLP. ESMERALDA GAS SRL.,2821-LXX,GLP,GLP,,,
2026-09-02,2026-09-02,True,False,Distrito Comercial La Paz,GLP DISTRIB. 10 KILOS NAL,6900.0,L,DIST. GLP. ESMERALDA GAS SRL.,924-ZFP,GLP,GLP,,,
2026-09-02,2026-09-02,True,False,Distrito Comercial La Paz,GLP DISTRIB. 10 KILOS NAL,2930.0,L,DIST. GLP. ESMERALDA GAS SRL.,2124-NIL,GLP,GLP,,,
2026-09-02,2026-09-02,True,False,Distrito Comercial La Paz,GLP DISTRIB. 45 KILOS NAL,1800.0,L,DIST. GLP. PROGAS S.R.L.,4067-YRP,GLP,GLP,,,
2026-09-02,2026-09-02,True,False,Distrito Comercial La Paz,GLP DISTRIB. 10 KILOS NAL,5940.0,L,DIST. GLP. PROGAS S.R.L.,066-ASF,GLP,GLP,,,
2026-09-02,2026-09-02,True,False,Distrito Comercial La Paz,GLP DISTRIB. 10 KILOS NAL,6360.0,L,DIST. GLP. PROGAS S.R.L.,932-TGG,GLP,GLP,,,
2026-09-02,2026-09-02,True,False,Distrito Comercial La Paz,GLP DISTRIB. 10 KILOS NAL,6630.0,L,DIST. GLP. PROGAS S.R.L.,081-CEX,GLP,GLP,,,
2026-09-02,2026-09-01,True,True,Distrito Comercial La Paz,DIESEL OIL NACIONAL EESS,24000.0,L,EST. SERV. GASOLCAMP S.R.L.,2741-NBE,Diesel Oil Nacional,DIESEL_NACIONAL,,,
2026-09-02,2026-09-01,True,True,Distrito Comercial La Paz,DIESEL OIL IMPORTADO EESS,24000.0,L,CHOROPAMPA S.R.L.,2444-KTY,Diesel Oil Importado,DIESEL_IMPORTADO,,,
2026-09-02,2026-09-02,True,False,Distrito Comercial La Paz,GLP DISTRIB. 10 KILOS NAL,6480.0,L,DIST. GLP. TRIPETROL S.R.L.,1049-GCX,GLP,GLP,,,
2026-09-02,2026-09-02,True,False,Distrito Comercial La Paz,GLP DISTRIB. 10 KILOS NAL,5940.0,L,DIST. GLP. TRIPETROL S.R.L.,479-IPN,GLP,GLP,,,
2026-09-02,2026-09-02,True,False,Distrito Comercial La Paz,GLP DISTRIB. 10 KILOS NAL,6630.0,L,DIST. GLP. TRIPETROL S.R.L.,444-KPH,GLP,GLP,,,
2026-09-02,2026-09-02,True,False,Distrito Comercial La Paz,GLP DISTRIB. 10 KILOS NAL,3000.0,L,DIST. GLP. TRIPETROL S.R.L.,1207-DCI,GLP,GLP,,,
2026-09-02,2026-09-02,True,False,Distrito Comercial La Paz,GLP DISTRIB. 10 KILOS NAL,6900.0,L,DIST. GLP. SAMO S.A.,1311-BND,GLP,GLP,,,
2026-09-02,2026-09-02,True,False,Distrito Comercial La Paz,GLP DISTRIB. 45 KILOS NAL,4500.0,L,DIST. GLP. SAMO S.A.,1182-IYA,GLP,GLP,,,
2026-09-02,2026-09-01,True,True,Distrito Comercial La Paz,GASOLINA ESPECIAL EESS,22000.0,L,EST. SERV. UCHUMACHI,3766-RPX,Gasolina Especial,GASOLINA_ESPECIAL,,,
2026-09-02,2026-09-01,True,True,Distrito Comercial La Paz,GLP DISTRIB. 10 KILOS NAL,6000.0,L,DIST. GLP CALEMQ S.R.L.,1021-ZXB,GLP,GLP,,,
2026-09-02,2026-09-01,True,True,Distrito Comercial La Paz,GASOLINA ESPECIAL EESS,22000.0,L,CLEMENTINA FANNY MAMANI MORALES - EST. SERV. LAHUACHACA Y DISTRIBUCION DE GLP,1401-ICT,Gasolina Especial,GASOLINA_ESPECIAL,,,
2026-09-02,2026-09-01,True,True,Distrito Comercial La Paz,DIESEL OIL IMPORTADO EESS,22000.0,L,MARIANA J. CAMACHO RAMIREZ - PUESTO DE VENTA MIMARBOZO,1528-CKF,Diesel Oil Importado,DIESEL_IMPORTADO,,,
2026-09-02,2026-09-01,True,True,Distrito Comercial La Paz,GASOLINA ESPECIAL + (S/DSI),12000.0,L,GRUPO EMPRESARIAL VIRGEN DE LOS ALAMOS S.R.L.,4831-ETU,Gasolina Especial +,GASOLINA_ESPECIAL_MAS,,,
2026-09-02,2026-09-01,True,True,Distrito Comercial La Paz,GASOLINA ESPECIAL EESS,20000.0,L,EST. SERV. BALLIVIAN SANTA BARBARA,641-HGL,Gasolina Especial,GASOLINA_ESPECIAL,,,
2026-09-02,2026-09-01,True,True,Distrito Comercial La Paz,GLP DISTRIB. 10 KILOS NAL,8750.0,L,DIST. GLP. LA CALZADA-SUD YUNGAS,1340-USK,GLP,GLP,,,
2026-09-02,2026-09-01,True,True,Distrito Comercial La Paz,GLP DISTRIB. 10 KILOS NAL,5400.0,L,DIST. GLP. LA CALZADA-SUD YUNGAS,1628-ADH,GLP,GLP,,,
2026-09-02,2026-09-01,True,True,Distrito Comercial La Paz,DIESEL OIL IMPORTADO EESS,12000.0,L,EST. SERV. LOS ANDES SRL,829-XPG,Diesel Oil Importado,DIESEL_IMPORTADO,,,
2026-09-02,2026-09-01,True,True,Distrito Comercial La Paz,GASOLINA ESPECIAL + (S/DSI),24000.0,L,EST. SERV. LUBRICAN SRL,667-TPB,Gasolina Especial +,GASOLINA_ESPECIAL_MAS,,,
2026-09-02,2026-09-01,True,True,Distrito Comercial La Paz,GLP DISTRIB. 10 KILOS NAL,3110.0,L,DIST. GLP. ESMERALDA GAS SRL.,2124-NIL,GLP,GLP,,,
2026-09-02,2026-09-01,True,True,Distrito Comercial La Paz,GLP DISTRIB. 10 KILOS NAL,6210.0,L,DIST. GLP. ESMERALDA GAS SRL.,2375-SHN,GLP,GLP,,,
2026-09-02,2026-09-01,True,True,Distrito Comercial La Paz,GLP DISTRIB. 10 KILOS NAL,6630.0,L,DIST. GLP. VIAGAS,302-TIF,GLP,GLP,,,
2026-09-02,2026-09-01,True,True,Distrito Comercial La Paz,GLP DISTRIB. 10 KILOS NAL,6210.0,L,DIST. GLP. VIAGAS,1255-KZB,GLP,GLP,,,
2026-09-02,2026-09-01,True,True,Distrito Comercial La Paz,GLP DISTRIB. 10 KILOS NAL,8500.0,L,DIST. GLP HERMANAS DURAN AGUILAR - MARLENE F. DURAN AGUILAR,2749-GEH,GLP,GLP,,,
2026-09-02,2026-09-01,True,True,Distrito Comercial La Paz,GLP DISTRIB. 10 KILOS NAL,5940.0,L,GMGRECO GAS SOCIEDAD DE RESPONSABILIDAD LIMITADA,497-ILK,GLP,GLP,,,
2026-09-02,2026-09-01,True,True,Distrito Comercial La Paz,GLP DISTRIB. 10 KILOS NAL,6630.0,L,GMGRECO GAS SOCIEDAD DE RESPONSABILIDAD LIMITADA,2060-RYK,GLP,GLP,,,
2026-09-02,2026-09-01,True,True,Distrito Comercial La Paz,GLP DISTRIB. 10 KILOS NAL,6630.0,L,DIST. GLP. PROGAS S.R.L.,303-CTB,GLP,GLP,,,
2026-09-02,2026-09-01,True,True,Distrito Comercial La Paz,GLP DISTRIB. 10 KILOS NAL,3770.0,L,DIST. GLP. TRIPETROL S.R.L.,1412-PIT,GLP,GLP,,,
2026-09-02,2026-09-01,True,True,Distrito Comercial La Paz,GLP DISTRIB. 10 KILOS NAL,6750.0,L,A.A.V.V. GAS S.R.L.,334-ZRI,GLP,GLP,,,
2026-09-02,2026-09-01,True,True,Distrito Comercial La Paz,GLP DISTRIB. 10 KILOS NAL,6630.0,L,SAN JUDAS TADEO SOCIEDAD DE RESPONSABILIDAD LIMITADA,091-FDH,GLP,GLP,,,
2026-09-02,2026-09-01,True,True,Distrito Comercial La Paz,GLP DISTRIB. 10 KILOS NAL,6900.0,L,SAN JUDAS TADEO SOCIEDAD DE RESPONSABILIDAD LIMITADA,104-SNC,GLP,GLP,,,
2026-09-02,2026-09-01,True,True,Distrito Comercial La Paz,GLP DISTRIB. 10 KILOS NAL,6630.0,L,DIST. GLP. SAMO S.A.,480-CIT,GLP,GLP,,,
2026-09-02,2026-09-01,True,True,Distrito Comercial La Paz,GLP DISTRIB. 10 KILOS NAL,6630.0,L,ISABEL DURAN DE ITURRI - DIST. GLP DURA GAS,659-INT,GLP,GLP,,,
2026-09-02,2026-09-01,True,True,Distrito Comercial La Paz,GLP DISTRIB. 10 KILOS NAL,6750.0,L,DIST. GLP. SAMO S.A.,467-SRU,GLP,GLP,,,
2026-09-02,2026-09-01,True,True,Distrito Comercial La Paz,GLP DISTRIB. 10 KILOS NAL,6750.0,L,ISABEL DURAN DE ITURRI - DIST. GLP DURA GAS,791-PKT,GLP,GLP,,,
2026-09-01,2026-09-01,True,False,Distrito Comercial La Paz,DIESEL OIL IMPORTADO CF,19900.0,L,EMPRESA MINERA SARGOLDBOL S.R.L.,079-LET,Diesel Oil Importado,DIESEL_IMPORTADO,,,
2026-09-01,2026-09-01,True,False,Distrito Comercial La Paz,GASOLINA ESPECIAL + (S/DSI),20000.0,L,EST. SERV. PEREZ ROCHA SRL.,4745-PTB,Gasolina Especial +,GASOLINA_ESPECIAL_MAS,,,
2026-09-01,2026-09-01,True,False,Distrito Comercial La Paz,DIESEL OIL IMPORTADO EESS,24000.0,L,ELDA S. AGUILAR V. - EST. SERV. JUAN PABLO II,4457-NRI,Diesel Oil Importado,DIESEL_IMPORTADO,,,
2026-09-01,2026-09-01,True,False,Distrito Comercial La Paz,GASOLINA ESPECIAL + (S/DSI),18000.0,L,ESTACIÓN DE SERVICIO LAS ROSAS S.R.L.,4523-AZB,Gasolina Especial +,GASOLINA_ESPECIAL_MAS,,,
2026-09-01,2026-09-01,True,False,Distrito Comercial La Paz,GASOLINA ESPECIAL EESS,22000.0,L,ESTACION DE SERVICIO MEJIA S.R.L.,1462-GCX,Gasolina Especial,GASOLINA_ESPECIAL,,,
2026-09-01,2026-09-01,True,False,Distrito Comercial La Paz,GASOLINA ESPECIAL + (S/DSI),24000.0,L,EST. SERV. MARANATHA,3135-UDX,Gasolina Especial +,GASOLINA_ESPECIAL_MAS,,,
2026-09-01,2026-09-01,True,False,Distrito Comercial La Paz,GASOLINA ESPECIAL + (S/DSI),24000.0,L,EST. SERV. EMP. COM. HID. TUPAC KATARI S.R.L.,2484-PUD,Gasolina Especial +,GASOLINA_ESPECIAL_MAS,,,
2026-09-01,2026-09-01,True,False,Distrito Comercial La Paz,DIESEL OIL NACIONAL EESS,22000.0,L,ESTACION DE SERVICIO HUANCANE Y TRANSPORTE S.R.L.,4244-CHC,Diesel Oil Nacional,DIESEL_NACIONAL,,,
2026-09-01,2026-09-01,True,False,Distrito Comercial La Paz,GASOLINA ESPECIAL + (S/DSI),12000.0,L,ESTACION DE SERVICIO ZOFRI S.R.L.,1106-PCH,Gasolina Especial +,GASOLINA_ESPECIAL_MAS,,,
2026-09-01,2026-09-01,True,False,Distrito Comercial La Paz,DIESEL OIL IMPORTADO EESS,24000.0,L,ESTACION DE SERVICIO LOS ROSALES,424-LDB,Diesel Oil Importado,DIESEL_IMPORTADO,,,
2026-09-01,2026-09-01,True,False,Distrito Comercial La Paz,GASOLINA ESPECIAL + (S/DSI),12000.0,L,ESTACION DE SERVICIO LOS ROSALES,2345-IYN,Gasolina Especial +,GASOLINA_ESPECIAL_MAS,,,
2026-09-01,2026-09-01,True,False,Distrito Comercial La Paz,GASOLINA ESPECIAL + (S/DSI),24000.0,L,EST. SERV. BASSAM LTDA,5197-SFT,Gasolina Especial +,GASOLINA_ESPECIAL_MAS,,,
2026-09-01,2026-09-01,True,False,Distrito Comercial La Paz,DIESEL OIL NACIONAL EESS,22000.0,L,EST. SERV. BALLIVIAN,378-NEY,Diesel Oil Nacional,DIESEL_NACIONAL,,,
2026-09-01,2026-09-01,True,False,Distrito Comercial La Paz,GASOLINA ESPECIAL + (S/DSI),24000.0,L,ESTACION DE SERVICIO JACHA INTI S.R.L.,1389-NLT,Gasolina Especial +,GASOLINA_ESPECIAL_MAS,,,
2026-09-01,2026-09-01,True,False,Distrito Comercial La Paz,DIESEL OIL NACIONAL EESS,22000.0,L,ESTACION DE SERVICIO SURTIDOR TUMUPASA S.R.L.,336-YAB 1,Diesel Oil Nacional,DIESEL_NACIONAL,,,
2026-09-01,2026-09-01,True,False,Distrito Comercial La Paz,DIESEL OIL NACIONAL EESS,20000.0,L,GASOLINERA HUATAJATA S.R.L.,801-GSD 1,Diesel Oil Nacional,DIESEL_NACIONAL,,,
2026-09-01,2026-09-01,True,False,Distrito Comercial La Paz,GASOLINA ESPECIAL + (S/DSI),24000.0,L,EST. SERV. SIEMPRE A FULL MIRAFLORES S.R.L. (SAF),1156-PGH 1,Gasolina Especial +,GASOLINA_ESPECIAL_MAS,,,
2026-09-01,2026-09-01,True,False,Distrito Comercial La Paz,GASOLINA ESPECIAL + (S/DSI),12000.0,L,EST. SERV. JAIMES FREYRE,4560-SXF,Gasolina Especial +,GASOLINA_ESPECIAL_MAS,,,
2026-09-01,2026-09-01,True,False,Distrito Comercial La Paz,DIESEL OIL IMPORTADO EESS,24000.0,L,"EMPRESA COMERCIALIZADORA, DISTRIBUIDORA DE SERVICIOS Y CARBURANTES ARUZCA MORALES S.R.L.",3104-AEI,Diesel Oil Importado,DIESEL_IMPORTADO,,,
2026-09-01,2026-09-01,True,False,Distrito Comercial La Paz,GASOLINA ESPECIAL EESS,22000.0,L,ESTACION DE SERVICIO TEOPONTE S.R.L.,323-KEP,Gasolina Especial,GASOLINA_ESPECIAL,,,
2026-09-01,2026-09-01,True,False,Distrito Comercial La Paz,GASOLINA ESPECIAL EESS,22000.0,L,SANTA ROSA PERLA DEL BENI S.R.L.,563-LNA,Gasolina Especial,GASOLINA_ESPECIAL,,,
2026-09-01,2026-09-01,True,False,Distrito Comercial La Paz,GASOLINA ESPECIAL EESS,22000.0,L,EST. SERV. IRIARTE SAN BORJA,1254-RSC,Gasolina Especial,GASOLINA_ESPECIAL,,,
2026-09-01,2026-09-01,True,False,Distrito Comercial La Paz,GASOLINA ESPECIAL EESS,22000.0,L,EST. SERV. ITURRALDE S.R.L.,417-FKH,Gasolina Especial,GASOLINA_ESPECIAL,,,
2026-09-01,2026-09-01,True,False,Distrito Comercial La Paz,DIESEL OIL NACIONAL EESS,22000.0,L,EST. SERV. ITURRALDE S.R.L.,2488-EXH,Diesel Oil Nacional,DIESEL_NACIONAL,,,
2026-09-01,2026-09-01,True,False,Distrito Comercial La Paz,GASOLINA ESPECIAL + (S/DSI),24000.0,L,ESTACION DE SERVICIO CHALLAPAMPA S.R.L.,323-KFT,Gasolina Especial +,GASOLINA_ESPECIAL_MAS,,,
2026-09-01,2026-09-01,True,False,Distrito Comercial La Paz,DIESEL OIL IMPORTADO EESS,12000.0,L,ESTACION DE SERVICIO CHALLAPAMPA S.R.L.,294-CZD,Diesel Oil Importado,DIESEL_IMPORTADO,,,
2026-09-01,2026-09-01,True,False,Distrito Comercial La Paz,GASOLINA ESPECIAL + (S/DSI),18000.0,L,ESTACION DE SERVICIO C. REDENTOR S.R.L.,306-ERY,Gasolina Especial +,GASOLINA_ESPECIAL_MAS,,,
2026-09-01,2026-09-01,True,False,Distrito Comercial La Paz,GASOLINA ESPECIAL + (S/DSI),20000.0,L,EST. SERV. ILLIMANI S.R.L.,564-CNY,Gasolina Especial +,GASOLINA_ESPECIAL_MAS,,,
2026-09-01,2026-09-01,True,False,Distrito Comercial La Paz,GASOLINA ESPECIAL + EESS,22000.0,L,EDEN CLEVER CARRILLO CONDORI-ESTACION DE SERVICIO EDENCCC,2546-YFS,Gasolina Especial +,GASOLINA_ESPECIAL_MAS,,,
2026-09-01,2026-09-01,True,False,Distrito Comercial La Paz,GASOLINA ESPECIAL EESS,22000.0,L,EST. SERV. CRUCE LURIBAY S.R.L.,375-YZN,Gasolina Especial,GASOLINA_ESPECIAL,,,
2026-09-01,2026-09-01,True,False,Distrito Comercial La Paz,GASOLINA ESPECIAL + (S/DSI),24000.0,L,EST. SERV. COSTANERA SRL.,551-NCI,Gasolina Especial +,GASOLINA_ESPECIAL_MAS,,,
2026-09-01,2026-09-01,True,False,Distrito Comercial La Paz,DIESEL OIL NACIONAL EESS,22000.0,L,ESTACION DE SERVICIO PETROMAPIRI S.R.L.,1729-PDL,Diesel Oil Nacional,DIESEL_NACIONAL,,,
2026-09-01,2026-09-01,True,False,Distrito Comercial La Paz,GASOLINA ESPECIAL EESS,22000.0,L,ESTACION DE SERVICIO PETROMAPIRI S.R.L.,1460-UYE,Gasolina Especial,GASOLINA_ESPECIAL,,,
2026-09-01,2026-09-01,True,False,Distrito Comercial La Paz,GASOLINA ESPECIAL EESS,22000.0,L,ESTACION DE SERVICIO SAYHOGAS S.R.L.,1552-UYP-1,Gasolina Especial,GASOLINA_ESPECIAL,,,
2026-09-01,2026-09-01,True,False,Distrito Comercial La Paz,GASOLINA ESPECIAL EESS,22000.0,L,EST. SERV. CARBURANTES SAN MIGUEL,1123SYU(1),Gasolina Especial,GASOLINA_ESPECIAL,,,
2026-09-01,2026-09-01,True,False,Distrito Comercial La Paz,GASOLINA ESPECIAL EESS,22000.0,L,RACING GAS S.R.L. (SUC-1),564-CGD,Gasolina Especial,GASOLINA_ESPECIAL,,,
2026-09-01,2026-09-01,True,False,Distrito Comercial La Paz,GASOLINA ESPECIAL + (S/DSI),22000.0,L,EST. SERV. RACING GAS S.R.L.,801-ZLE,Gasolina Especial +,GASOLINA_ESPECIAL_MAS,,,
2026-09-01,2026-09-01,True,False,Distrito Comercial La Paz,GASOLINA ESPECIAL + (S/DSI),18000.0,L,ESTACION DE SERVICIO FULL TANK S.R.L.,1166-RRA-2,Gasolina Especial +,GASOLINA_ESPECIAL_MAS,,,
2026-09-01,2026-09-01,True,False,Distrito Comercial La Paz,DIESEL OIL IMPORTADO EESS,24000.0,L,ESTACION DE SERVICIO FULL TANK S.R.L.,3441-LZN,Diesel Oil Importado,DIESEL_IMPORTADO,,,
2026-09-01,2026-09-01,True,False,Distrito Comercial La Paz,GASOLINA ESPECIAL + (S/DSI),24000.0,L,ESTACION DE SERVICIO KANTUTA S.R.L.,557-XEF,Gasolina Especial +,GASOLINA_ESPECIAL_MAS,,,
2026-09-01,2026-09-01,True,False,Distrito Comercial La Paz,GASOLINA ESPECIAL + (S/DSI),18000.0,L,EST. SERV. LAREDO SRL,3137-FBS,Gasolina Especial +,GASOLINA_ESPECIAL_MAS,,,
2026-09-01,2026-09-01,True,False,Distrito Comercial La Paz,GASOLINA ESPECIAL EESS,22000.0,L,EST. SERV. BATALLAS S.R.L. ESBA S.R.L.,629-DXB,Gasolina Especial,GASOLINA_ESPECIAL,,,
2026-09-01,2026-09-01,True,False,Distrito Comercial La Paz,GASOLINA ESPECIAL + (S/DSI),12000.0,L,EST. SERV. ALTO LIMA S.R.L.,1555-ULK,Gasolina Especial +,GASOLINA_ESPECIAL_MAS,,,
2026-09-01,2026-09-01,True,False,Distrito Comercial La Paz,GASOLINA ESPECIAL + (S/DSI),24000.0,L,EST. SERV. VOLCAN S.R.L.,1147-BGR,Gasolina Especial +,GASOLINA_ESPECIAL_MAS,,,
2026-09-01,2026-09-01,True,False,Distrito Comercial La Paz,DIESEL OIL NACIONAL EESS,22000.0,L,EST. SERV. CARRASCO S.R.L.,3596-EPL,Diesel Oil Nacional,DIESEL_NACIONAL,,,
2026-09-01,2026-09-01,True,False,Distrito Comercial La Paz,DIESEL OIL IMPORTADO EESS,12000.0,L,EST. SERV. VOLCAN S.R.L.,4228-PUN,Diesel Oil Importado,DIESEL_IMPORTADO,,,
2026-09-01,2026-09-01,True,False,Distrito Comercial La Paz,GASOLINA ESPECIAL + (S/DSI),24000.0,L,EST. SERV. CARSUR S.R.L.,561-YKH,Gasolina Especial +,GASOLINA_ESPECIAL_MAS,,,
2026-09-01,2026-09-01,True,False,Distrito Comercial La Paz,DIESEL OIL NACIONAL EESS,20000.0,L,EST. SERV. UCHUMACHI,3766-RPX,Diesel Oil Nacional,DIESEL_NACIONAL,,,
2026-09-01,2026-09-01,True,False,Distrito Comercial La Paz,DIESEL OIL NACIONAL EESS,22000.0,L,EST. SERV. NETANEL,2902-CAH,Diesel Oil Nacional,DIESEL_NACIONAL,,,
2026-09-01,2026-09-01,True,False,Distrito Comercial La Paz,DIESEL OIL NACIONAL EESS,20000.0,L,EST. SERV. ACHACACHI S.R.L.,542-PSF,Diesel Oil Nacional,DIESEL_NACIONAL,,,
2026-09-01,2026-09-01,True,False,Distrito Comercial La Paz,DIESEL OIL IMPORTADO EESS,20000.0,L,ESTACION DE SERVICIO LOZA - MARCELINA AGUIRRE VDA. DE LOZA,6469-YUN,Diesel Oil Importado,DIESEL_IMPORTADO,,,
2026-09-01,2026-09-01,True,False,Distrito Comercial La Paz,GASOLINA ESPECIAL + (S/DSI),12000.0,L,ESTACIÓN DE SERVICIO ALIMARC INTER GAS BOLIVIA S.R.L.,547-CKT,Gasolina Especial +,GASOLINA_ESPECIAL_MAS,,,
2026-09-01,2026-09-01,True,False,Distrito Comercial La Paz,DIESEL OIL IMPORTADO EESS,12000.0,L,EST. SERV. BOLIVIA ZURSIL S.R.L.,1408-ILP,Diesel Oil Importado,DIESEL_IMPORTADO,,,
2026-09-01,2026-09-01,True,False,Distrito Comercial La Paz,GASOLINA ESPECIAL + (S/DSI),12000.0,L,EST. SERV. BOLIVIA ZURSIL S.R.L.,1408-ILP,Gasolina Especial +,GASOLINA_ESPECIAL_MAS,,,
2026-09-01,2026-09-01,True,False,Distrito Comercial La Paz,DIESEL OIL NACIONAL EESS,22000.0,L,EST. SERV. RIO MANIQUI - FATIMA FORERO B.,2138-HAA,Diesel Oil Nacional,DIESEL_NACIONAL,,,
2026-09-01,2026-09-01,True,False,Distrito Comercial La Paz,GASOLINA ESPECIAL + (S/DSI),12000.0,L,EST. SERV. CHUSAMARCA,3879-BHE,Gasolina Especial +,GASOLINA_ESPECIAL_MAS,,,
2026-09-01,2026-09-01,True,False,Distrito Comercial La Paz,GASOLINA ESPECIAL EESS,24000.0,L,EST. SERV. M&G CAMINO REAL,2801-XUD,Gasolina Especial,GASOLINA_ESPECIAL,,,
2026-09-01,2026-09-01,True,False,Distrito Comercial La Paz,DIESEL OIL IMPORTADO EESS,18000.0,L,EST. SERV. GALAXIA S.R.L.,5352-EER,Diesel Oil Importado,DIESEL_IMPORTADO,,,
2026-09-01,2026-09-01,True,False,Distrito Comercial La Paz,GASOLINA ESPECIAL + (S/DSI),24000.0,L,EST. SERV. CHASQUIPAMPA S.R.L.,3030-TPF,Gasolina Especial +,GASOLINA_ESPECIAL_MAS,,,
2026-09-01,2026-09-01,True,False,Distrito Comercial La Paz,DIESEL OIL NACIONAL EESS,20000.0,L,EST. SERV. BALLIVIAN SANTA BARBARA,641-HGL,Diesel Oil Nacional,DIESEL_NACIONAL,,,
2026-09-01,2026-09-01,True,False,Distrito Comercial La Paz,GASOLINA ESPECIAL EESS,22000.0,L,MARIANA J. CAMACHO RAMIREZ - PUESTO DE VENTA MIMARBOZO,564-CPC,Gasolina Especial,GASOLINA_ESPECIAL,,,
2026-09-01,2026-09-01,True,False,Distrito Comercial La Paz,GASOLINA ESPECIAL EESS,24000.0,L,ESTACION DE SERVICIO PARAISO TROPICAL,3141-GCE,Gasolina Especial,GASOLINA_ESPECIAL,,,
2026-09-01,2026-09-01,True,False,Distrito Comercial La Paz,DIESEL OIL NACIONAL EESS,32000.0,L,EST. SERV. PALOS BLANCOS,4692-PKE,Diesel Oil Nacional,DIESEL_NACIONAL,,,
2026-09-01,2026-09-01,True,False,Distrito Comercial La Paz,GASOLINA ESPECIAL + (S/DSI),24000.0,L,EST. SERV. JAIMES FREYRE,1118-KLR,Gasolina Especial +,GASOLINA_ESPECIAL_MAS,,,
2026-09-01,2026-09-01,True,False,Distrito Comercial La Paz,GASOLINA ESPECIAL + (S/DSI),12000.0,L,EST. SERV. YUPANQUI,3480-LTK,Gasolina Especial +,GASOLINA_ESPECIAL_MAS,,,
2026-09-01,2026-09-01,True,False,Distrito Comercial La Paz,GASOLINA ESPECIAL + (S/DSI),24000.0,L,EST. SERV. GAS-MAY S.R.L.,1704-ESB,Gasolina Especial +,GASOLINA_ESPECIAL_MAS,,,
2026-09-01,2026-09-01,True,False,Distrito Comercial La Paz,DIESEL OIL NACIONAL EESS,22000.0,L,ESTACION DE SERVICIO MADAGASCAR S.R.L.,484-RYI,Diesel Oil Nacional,DIESEL_NACIONAL,,,
2026-09-01,2026-09-01,True,False,Distrito Comercial La Paz,DIESEL OIL IMPORTADO EESS,12000.0,L,EST. SERV. GAS-MAY S.R.L.,1704-ESB,Diesel Oil Importado,DIESEL_IMPORTADO,,,
2026-09-01,2026-09-01,True,False,Distrito Comercial La Paz,GASOLINA ESPECIAL EESS,22000.0,L,SOCIEDAD PERLA ANDINA S.R.L.,1008-UIC,Gasolina Especial,GASOLINA_ESPECIAL,,,
2026-09-01,2026-09-01,True,False,Distrito Comercial La Paz,GASOLINA ESPECIAL + (S/DSI),20000.0,L,ESTACION DE SERVICIO SEÑOR DE MAYO S.R.L.,551-HEL,Gasolina Especial +,GASOLINA_ESPECIAL_MAS,,,
2026-09-01,2026-09-01,True,False,Distrito Comercial La Paz,GASOLINA ESPECIAL EESS,22000.0,L,ESTACION DE SERVICIO GASOLINERA CRUCE DE ORO S.R.L.,1377-SET,Gasolina Especial,GASOLINA_ESPECIAL,,,
2026-09-01,2026-09-01,True,False,Distrito Comercial La Paz,GASOLINA ESPECIAL + (S/DSI),20000.0,L,EST. SERV. ACB SAN JORGE,1853-KTP,Gasolina Especial +,GASOLINA_ESPECIAL_MAS,,,
2026-09-01,2026-09-01,True,False,Distrito Comercial La Paz,GASOLINA ESPECIAL + (S/DSI),24000.0,L,EST. SERV. ACB CALACOTO,839-EUS,Gasolina Especial +,GASOLINA_ESPECIAL_MAS,,,
2026-09-01,2026-09-01,True,False,Distrito Comercial La Paz,DIESEL OIL IMPORTADO EESS,20000.0,L,EST. SERV. LUBRICAN SRL,2714-SNP,Diesel Oil Importado,DIESEL_IMPORTADO,,,
2026-09-01,2026-09-01,True,False,Distrito Comercial La Paz,GASOLINA ESPECIAL + (S/DSI),24000.0,L,EST. SERV. EL PARAISO SRL.,5352-FGB,Gasolina Especial +,GASOLINA_ESPECIAL_MAS,,,
2026-09-01,2026-09-01,True,False,Distrito Comercial La Paz,GASOLINA ESPECIAL + (S/DSI),24000.0,L,EST. SERV. MOTORECO SRL.,1340-SPB,Gasolina Especial +,GASOLINA_ESPECIAL_MAS,,,
2026-09-01,2026-09-01,True,False,Distrito Comercial La Paz,GASOLINA ESPECIAL + (S/DSI),24000.0,L,GAS SAN FELIPE S.R.L.,5602-HKS,Gasolina Especial +,GASOLINA_ESPECIAL_MAS,,,
2026-09-01,2026-09-01,True,False,Distrito Comercial La Paz,GLP DISTRIB. 10 KILOS NAL,6900.0,L,DIST. GLP. ESMERALDA GAS SRL.,924-ZFP,GLP,GLP,,,
2026-09-01,2026-09-01,True,False,Distrito Comercial La Paz,DIESEL OIL IMPORTADO EESS,24000.0,L,EST. SERV. CANDELARIA,1487-RYN,Diesel Oil Importado,DIESEL_IMPORTADO,,,
2026-09-01,2026-09-01,True,False,Distrito Comercial La Paz,GASOLINA ESPECIAL + (S/DSI),18000.0,L,EST. SERV. CANDELARIA,1062-UXD,Gasolina Especial +,GASOLINA_ESPECIAL_MAS,,,
2026-09-01,2026-09-01,True,False,Distrito Comercial La Paz,GASOLINA ESPECIAL + (S/DSI),18000.0,L,ZURSIL S.R.L. - E.S.T.,1604-NBE,Gasolina Especial +,GASOLINA_ESPECIAL_MAS,,,
2026-09-01,2026-09-01,True,False,Distrito Comercial La Paz,DIESEL OIL IMPORTADO EESS,20000.0,L,GAS SAN FELIPE S.R.L.,5602-HKS,Diesel Oil Importado,DIESEL_IMPORTADO,,,
2026-09-01,2026-09-01,True,False,Distrito Comercial La Paz,GASOLINA ESPECIAL EESS,24000.0,L,EST. SERV. CUENTAS SAN PABLO II S.R.L.,1189-EHP,Gasolina Especial,GASOLINA_ESPECIAL,,,
2026-09-01,2026-09-01,True,False,Distrito Comercial La Paz,GASOLINA ESPECIAL + (S/DSI),24000.0,L,DISTRIBUIDORA DE GASOLINA Y LUBRICANTES SAN PABLO S.R.L.,632-RIB,Gasolina Especial +,GASOLINA_ESPECIAL_MAS,,,
2026-09-01,2026-09-01,True,False,Distrito Comercial La Paz,GASOLINA ESPECIAL + (S/DSI),24000.0,L,EST. SERV. SALIDA LTDA,2701-TZH,Gasolina Especial +,GASOLINA_ESPECIAL_MAS,,,
2026-09-01,2026-09-01,True,False,Distrito Comercial La Paz,GASOLINA ESPECIAL + (S/DSI),24000.0,L,GREGORIO CUENTAS M. EST. SERV. DRAGON DE ORO,500-FYX,Gasolina Especial +,GASOLINA_ESPECIAL_MAS,,,
2026-09-01,2026-09-01,True,False,Distrito Comercial La Paz,DIESEL OIL IMPORTADO EESS,24000.0,L,EST. SERV. APOSTOL SANTIAGO,1487-RYN,Diesel Oil Importado,DIESEL_IMPORTADO,,,
2026-09-01,2026-09-01,True,False,Distrito Comercial La Paz,GASOLINA ESPECIAL + (S/DSI),24000.0,L,EST. SERV. CHALY,2514-AZU,Gasolina Especial +,GASOLINA_ESPECIAL_MAS,,,
2026-09-01,2026-09-01,True,False,Distrito Comercial La Paz,GASOLINA ESPECIAL + (S/DSI),24000.0,L,EST. SERV. CRISTO AUTO GAS SRL.,2201-IRF,Gasolina Especial +,GASOLINA_ESPECIAL_MAS,,,
2026-09-01,2026-09-01,True,False,Distrito Comercial La Paz,GASOLINA ESPECIAL + (S/DSI),20000.0,L,EST. SERV. SAN PABLO VILLA BOLIVAR S.R.L.,496-HSR,Gasolina Especial +,GASOLINA_ESPECIAL_MAS,,,
2026-09-01,2026-09-01,True,False,Distrito Comercial La Paz,GASOLINA ESPECIAL + (S/DSI),20000.0,L,ESTACION DE SERVICIO TEJADA TRIANGULAR,1776-DNN,Gasolina Especial +,GASOLINA_ESPECIAL_MAS,,,
2026-09-01,2026-09-01,True,False,Distrito Comercial La Paz,GASOLINA ESPECIAL + (S/DSI),20000.0,L,EST. SERV. INTEROCEANICO,1444-FDT,Gasolina Especial +,GASOLINA_ESPECIAL_MAS,,,
2026-09-01,2026-09-01,True,False,Distrito Comercial La Paz,GASOLINA ESPECIAL + (S/DSI),20000.0,L,EST. SERV. TEXAS S.R.L.,1008-UIC,Gasolina Especial +,GASOLINA_ESPECIAL_MAS,,,
2026-09-01,2026-09-01,True,False,Distrito Comercial La Paz,GASOLINA ESPECIAL + (S/DSI),24000.0,L,GRUPO EMPRESARIAL VIRGEN DE LOS ALAMOS S.R.L.,4831-ETU,Gasolina Especial +,GASOLINA_ESPECIAL_MAS,,,
2026-09-01,2026-09-01,True,False,Distrito Comercial La Paz,GASOLINA ESPECIAL + (S/DSI),20000.0,L,ESTACION DE SERVICIO CALUYO S.R.L.,1189-ZFC,Gasolina Especial +,GASOLINA_ESPECIAL_MAS,,,
2026-09-01,2026-09-01,True,False,Distrito Comercial La Paz,GASOLINA ESPECIAL + (S/DSI),18000.0,L,ELSA CHIPANA H. - EST. SERV. ECOPETROL,829-XPG,Gasolina Especial +,GASOLINA_ESPECIAL_MAS,,,
2026-09-01,2026-09-01,True,False,Distrito Comercial La Paz,GASOLINA ESPECIAL + (S/DSI),12000.0,L,EST. SERV. SURTIDORES UNITOURS LTDA.,3091-NHK,Gasolina Especial +,GASOLINA_ESPECIAL_MAS,,,
2026-09-01,2026-09-01,True,False,Distrito Comercial La Paz,GASOLINA ESPECIAL + (S/DSI),24000.0,L,EST. SERV. SOC. IND. COM. G.L.P.H. LTDA,671-SUX,Gasolina Especial +,GASOLINA_ESPECIAL_MAS,,,
2026-09-01,2026-09-01,True,False,Distrito Comercial La Paz,GASOLINA ESPECIAL + (S/DSI),17500.0,L,ESTACION DE SERVICIO SAN SEBASTIAN S.R.L.,2537-TEG,Gasolina Especial +,GASOLINA_ESPECIAL_MAS,,,
2026-09-01,2026-09-01,True,False,Distrito Comercial La Paz,GASOLINA ESPECIAL + (S/DSI),24000.0,L,EST. SERV. QHANTATI SRL.,1326-NDS,Gasolina Especial +,GASOLINA_ESPECIAL_MAS,,,
2026-09-01,2026-09-01,True,False,Distrito Comercial La Paz,GASOLINA ESPECIAL + (S/DSI),24000.0,L,ELDA S. AGUILAR V. - EST. SERV. JUAN PABLO II,4457-NRI,Gasolina Especial +,GASOLINA_ESPECIAL_MAS,,,
2026-09-01,2026-09-01,True,False,Distrito Comercial La Paz,DIESEL OIL IMPORTADO EESS,24000.0,L,ELSA CHIPANA H. - EST. SERV. ECOPETROL,4563-ZEN 1,Diesel Oil Importado,DIESEL_IMPORTADO,,,
2026-09-01,2026-09-01,True,False,Distrito Comercial La Paz,DIESEL OIL IMPORTADO EESS,20000.0,L,EST. SERV. EMP. COM. HID. TUPAC KATARI S.R.L.,300-YKU,Diesel Oil Importado,DIESEL_IMPORTADO,,,
2026-09-01,2026-09-01,True,False,Distrito Comercial La Paz,DIESEL OIL IMPORTADO EESS,24000.0,L,ESTACIÓN DE SERVICIO ALIMARC INTER GAS BOLIVIA S.R.L.,547-CKT,Diesel Oil Importado,DIESEL_IMPORTADO,,,
2026-09-01,2026-09-01,True,False,Distrito Comercial La Paz,DIESEL OIL IMPORTADO EESS,24000.0,L,ESTACION DE SERVICIO ZOFRI S.R.L.,994-SUI,Diesel Oil Importado,DIESEL_IMPORTADO,,,
2026-09-01,2026-09-01,True,False,Distrito Comercial La Paz,DIESEL OIL IMPORTADO EESS,20000.0,L,EST. SERV. CHUSAMARCA,1401-ICT,Diesel Oil Importado,DIESEL_IMPORTADO,,,
2026-09-01,2026-09-01,True,False,Distrito Comercial La Paz,DIESEL OIL IMPORTADO EESS,24000.0,L,EDUARDO YUPANQUI Q.-EST. SERV. VENTILLA,1149-ZND,Diesel Oil Importado,DIESEL_IMPORTADO,,,
2026-09-01,2026-09-01,True,False,Distrito Comercial La Paz,DIESEL OIL IMPORTADO EESS,20000.0,L,EST. SERV. CUENTAS SAN PABLO II S.R.L.,629-DXB,Diesel Oil Importado,DIESEL_IMPORTADO,,,
2026-09-01,2026-09-01,True,False,Distrito Comercial La Paz,DIESEL OIL IMPORTADO EESS,24000.0,L,ZURSIL S.R.L. - E.S.T.,1634-EGB,Diesel Oil Importado,DIESEL_IMPORTADO,,,
2026-09-01,2026-09-01,True,False,Distrito Comercial La Paz,DIESEL OIL IMPORTADO EESS,12000.0,L,DISTRIBUIDORA DE GASOLINA Y LUBRICANTES SAN PABLO S.R.L.,632-RIB,Diesel Oil Importado,DIESEL_IMPORTADO,,,
2026-09-01,2026-09-01,True,False,Distrito Comercial La Paz,DIESEL OIL IMPORTADO EESS,20000.0,L,ESTACIÓN DE SERVICIO LAS ROSAS S.R.L.,101-GEK,Diesel Oil Importado,DIESEL_IMPORTADO,,,
2026-09-01,2026-09-01,True,False,Distrito Comercial La Paz,DIESEL OIL IMPORTADO EESS,24000.0,L,EST. SERV. PLAYA VERDE,1157-UUL,Diesel Oil Importado,DIESEL_IMPORTADO,,,
2026-09-01,2026-09-01,True,False,Distrito Comercial La Paz,DIESEL OIL IMPORTADO EESS,13000.0,L,ESTACION DE SERVICIO SAN SEBASTIAN S.R.L.,2537-TEG,Diesel Oil Importado,DIESEL_IMPORTADO,,,
2026-09-01,2026-09-01,True,False,Distrito Comercial La Paz,DIESEL OIL IMPORTADO EESS,35000.0,L,ESTACION DE SERVICIO SAN SEBASTIAN S.R.L.,2537-TEG,Diesel Oil Importado,DIESEL_IMPORTADO,,,
2026-09-01,2026-09-01,True,False,Distrito Comercial La Paz,DIESEL OIL IMPORTADO EESS,24000.0,L,MARIA PATZI-EST. SERV. VARELA,2352-NHH,Diesel Oil Importado,DIESEL_IMPORTADO,,,
2026-09-01,2026-09-01,True,False,Distrito Comercial La Paz,DIESEL OIL IMPORTADO EESS,24000.0,L,ESTACION DE SERVICIOS NIMAGASBOL S.R.L.,328-LNP,Diesel Oil Importado,DIESEL_IMPORTADO,,,
2026-09-01,2026-09-01,True,False,Distrito Comercial La Paz,DIESEL OIL NACIONAL EESS,22000.0,L,ESTACION DE SERVICIO TOLAR S.R.L.,5632-ZYE,Diesel Oil Nacional,DIESEL_NACIONAL,,,
2026-09-01,2026-09-01,True,False,Distrito Comercial La Paz,DIESEL OIL IMPORTADO EESS,20000.0,L,ESTACION DE SERVICIO SEÑOR DE MAYO S.R.L.,551-HEL,Diesel Oil Importado,DIESEL_IMPORTADO,,,
2026-09-01,2026-09-01,True,False,Distrito Comercial La Paz,DIESEL OIL IMPORTADO EESS,24000.0,L,ESTACION DE SERVICIO CALUYO S.R.L.,1189-ZFC,Diesel Oil Importado,DIESEL_IMPORTADO,,,
2026-09-01,2026-09-01,True,False,Distrito Comercial La Paz,DIESEL OIL IMPORTADO EESS,18000.0,L,EST. SERV. EDUARDO YUPANQUI,1156-PGH 1,Diesel Oil Importado,DIESEL_IMPORTADO,,,
2026-09-01,2026-09-01,True,False,Distrito Comercial La Paz,DIESEL OIL IMPORTADO EESS,24000.0,L,ESTACION DE SERVICIO TERRAGAS LTDA,5361-TUF,Diesel Oil Importado,DIESEL_IMPORTADO,,,
2026-09-01,2026-09-01,True,False,Distrito Comercial La Paz,DIESEL OIL IMPORTADO EESS,12000.0,L,ESTACION DE SERVICIO TEJADA TRIANGULAR,1776-DNN,Diesel Oil Importado,DIESEL_IMPORTADO,,,
2026-09-01,2026-09-01,True,False,Distrito Comercial La Paz,DIESEL OIL IMPORTADO EESS,24000.0,L,EST. SERV. QHANTATI SRL.,1326-NDS,Diesel Oil Importado,DIESEL_IMPORTADO,,,
2026-09-01,2026-09-01,True,False,Distrito Comercial La Paz,DIESEL OIL IMPORTADO EESS,24000.0,L,EST. SERV. LAREDO SRL,4003-ADT,Diesel Oil Importado,DIESEL_IMPORTADO,,,
2026-09-01,2026-09-01,True,False,Distrito Comercial La Paz,DIESEL OIL IMPORTADO EESS,24000.0,L,EST. SERV. SAN PABLO VILLA BOLIVAR S.R.L.,496-HSR,Diesel Oil Importado,DIESEL_IMPORTADO,,,
2026-09-01,2026-09-01,True,False,Distrito Comercial La Paz,DIESEL OIL IMPORTADO EESS,20000.0,L,EST. SERV. M&G CAMINO REAL,2801-XUD,Diesel Oil Importado,DIESEL_IMPORTADO,,,
2026-09-01,2026-09-01,True,False,Distrito Comercial La Paz,DIESEL OIL IMPORTADO EESS,24000.0,L,EST. SERV. VOLCAN S.R.L.,4228-PUN,Diesel Oil Importado,DIESEL_IMPORTADO,,,
2026-09-01,2026-09-01,True,False,Distrito Comercial La Paz,DIESEL OIL IMPORTADO EESS,12000.0,L,GREGORIO CUENTAS M. EST. SERV. DRAGON DE ORO,500-FYX,Diesel Oil Importado,DIESEL_IMPORTADO,,,
2026-09-01,2026-09-01,True,False,Distrito Comercial La Paz,DIESEL OIL IMPORTADO EESS,20000.0,L,EST. SERV. INTEROCEANICO,1827-FCI,Diesel Oil Importado,DIESEL_IMPORTADO,,,
2026-09-01,2026-09-01,True,False,Distrito Comercial La Paz,DIESEL OIL IMPORTADO EESS,24000.0,L,EST. SERV. 6 DE MARZO,101-GEK,Diesel Oil Importado,DIESEL_IMPORTADO,,,
2026-09-01,2026-09-01,True,False,Distrito Comercial La Paz,DIESEL OIL IMPORTADO EESS,12000.0,L,EST. SERV. SALIDA LTDA,2701-TZH,Diesel Oil Importado,DIESEL_IMPORTADO,,,
2026-09-01,2026-09-01,True,False,Distrito Comercial La Paz,DIESEL OIL IMPORTADO EESS,24000.0,L,ESTACION DE SERVICIO C. REDENTOR S.R.L.,306-ERY,Diesel Oil Importado,DIESEL_IMPORTADO,,,
2026-09-01,2026-09-01,True,False,Distrito Comercial La Paz,DIESEL OIL IMPORTADO EESS,20000.0,L,EST. SERV. EL PARAISO SRL.,3831-BFB,Diesel Oil Importado,DIESEL_IMPORTADO,,,
2026-09-01,2026-09-01,True,False,Distrito Comercial La Paz,DIESEL OIL IMPORTADO EESS,24000.0,L,EST. SERV. ILLIMANI S.R.L.,564-CNY,Diesel Oil Importado,DIESEL_IMPORTADO,,,
2026-09-01,2026-09-01,True,False,Distrito Comercial La Paz,DIESEL OIL IMPORTADO EESS,18000.0,L,EST. SERV. CHASQUIPAMPA S.R.L.,3030-TPF,Diesel Oil Importado,DIESEL_IMPORTADO,,,
2026-09-01,2026-09-01,True,False,Distrito Comercial La Paz,GLP DISTRIB. 10 KILOS NAL,6480.0,L,DIST. GLP. VIAGAS,162-ZAS,GLP,GLP,,,
2026-09-01,2026-09-01,True,False,Distrito Comercial La Paz,GLP DISTRIB. 10 KILOS NAL,6630.0,L,DIST. GLP. VIAGAS,302-TIF,GLP,GLP,,,
2026-09-01,2026-09-01,True,False,Distrito Comercial La Paz,GLP DISTRIB. 10 KILOS NAL,6210.0,L,DIST. GLP. VIAGAS,1255-KZB,GLP,GLP,,,
2026-09-01,2026-09-01,True,False,Distrito Comercial La Paz,GLP DISTRIB. 10 KILOS NAL,8840.0,L,DISTRIBUIDORA DE GAS LICUADO ALEJANDRA S.R.L.,2198-CGL,GLP,GLP,,,
2026-09-01,2026-08-31,True,True,Distrito Comercial La Paz,GASOLINA ESPECIAL + (S/DSI),12000.0,L,EST. SERV. JAIMES FREYRE,4560-SXF,Gasolina Especial +,GASOLINA_ESPECIAL_MAS,,,
2026-09-01,2026-09-01,True,False,Distrito Comercial La Paz,GLP DISTRIB. 10 KILOS NAL,3500.0,L,DIST. GLP ANGELES,986-UIL,GLP,GLP,,,
2026-09-01,2026-09-01,True,False,Distrito Comercial La Paz,GLP DISTRIB. 10 KILOS NAL,7000.0,L,DIST. GLP ANGELES,2750-CBU,GLP,GLP,,,
2026-09-01,2026-09-01,True,False,Distrito Comercial La Paz,GLP DISTRIB. 10 KILOS NAL,6500.0,L,DIST. GLP. DISANDES S.R.L.,1814-GTY,GLP,GLP,,,
2026-09-01,2026-09-01,True,False,Distrito Comercial La Paz,GLP DISTRIB. 10 KILOS NAL,9000.0,L,DIST. GLP FLOR DEL NORTE S.R.L.,1248-LFL,GLP,GLP,,,
2026-09-01,2026-09-01,True,False,Distrito Comercial La Paz,GLP DISTRIB. 10 KILOS NAL,9000.0,L,EMPRESA DISTRIBUIDORA DE GAS LICUADO GLP LOS NIETOS S.R.L,1546-PCX,GLP,GLP,,,
2026-09-01,2026-09-01,True,False,Distrito Comercial La Paz,GLP DISTRIB. 10 KILOS NAL,5940.0,L,GMGRECO GAS SOCIEDAD DE RESPONSABILIDAD LIMITADA,497-ILK,GLP,GLP,,,
2026-09-01,2026-09-01,True,False,Distrito Comercial La Paz,GLP DISTRIB. 10 KILOS NAL,6630.0,L,GMGRECO GAS SOCIEDAD DE RESPONSABILIDAD LIMITADA,2060-RYK,GLP,GLP,,,
2026-09-01,2026-09-01,True,False,Distrito Comercial La Paz,GLP DISTRIB. 45 KILOS NAL,1800.0,L,DIST. GLP. PROGAS S.R.L.,4067-YRP,GLP,GLP,,,
2026-09-01,2026-09-01,True,False,Distrito Comercial La Paz,GLP DISTRIB. 10 KILOS NAL,3320.0,L,DIST. GLP. PROGAS S.R.L.,066-ASF,GLP,GLP,,,
2026-09-01,2026-09-01,True,False,Distrito Comercial La Paz,GLP DISTRIB. 10 KILOS NAL,5940.0,L,DIST. GLP. PROGAS S.R.L.,066-ASF,GLP,GLP,,,
2026-09-01,2026-09-01,True,False,Distrito Comercial La Paz,GLP DISTRIB. 10 KILOS NAL,6360.0,L,DIST. GLP. PROGAS S.R.L.,932-TGG,GLP,GLP,,,
2026-09-01,2026-09-01,True,False,Distrito Comercial La Paz,GLP DISTRIB. 10 KILOS NAL,6630.0,L,DIST. GLP. PROGAS S.R.L.,303-CTB,GLP,GLP,,,
2026-09-01,2026-08-31,True,True,Distrito Comercial La Paz,GASOLINA ESPECIAL + (S/DSI),24000.0,L,EST. SERV. MOTORECO SRL.,1340-SPB,Gasolina Especial +,GASOLINA_ESPECIAL_MAS,,,
2026-09-01,2026-09-01,True,False,Distrito Comercial La Paz,GLP DISTRIB. 10 KILOS NAL,5060.0,L,DIST. GLP. SOCIEDAD PETROLERA SANTA ELENA S.R.L. (SOPESE S.R.L.),085-IKK,GLP,GLP,,,
2026-09-01,2026-08-31,True,True,Distrito Comercial La Paz,DIESEL OIL NACIONAL EESS,22000.0,L,IVAN MATIAS V. - EST. SERV. REYES MATIAS,5765-DEU,Diesel Oil Nacional,DIESEL_NACIONAL,,,
2026-09-01,2026-09-01,True,False,Distrito Comercial La Paz,GLP DISTRIB. 10 KILOS NAL,6090.0,L,DIST. GLP. SOCIEDAD PETROLERA SANTA ELENA S.R.L. (SOPESE S.R.L.),414-BKB,GLP,GLP,,,
2026-09-01,2026-09-01,True,False,Distrito Comercial La Paz,GLP DISTRIB. 10 KILOS NAL,6210.0,L,DIST. GLP. SOCIEDAD PETROLERA SANTA ELENA S.R.L. (SOPESE S.R.L.),085-IKK,GLP,GLP,,,
2026-09-01,2026-09-01,True,False,Distrito Comercial La Paz,GLP DISTRIB. 45 KILOS NAL,2250.0,L,DIST. GLP. ESMERALDA GAS SRL.,2821-LXX,GLP,GLP,,,
2026-09-01,2026-09-01,True,False,Distrito Comercial La Paz,GLP DISTRIB. 10 KILOS NAL,6750.0,L,DIST. GLP. ESMERALDA GAS SRL.,2124-NIL,GLP,GLP,,,
2026-09-01,2026-09-01,True,False,Distrito Comercial La Paz,GLP DISTRIB. 10 KILOS NAL,6210.0,L,DIST. GLP. ESMERALDA GAS SRL.,2375-SHN,GLP,GLP,,,
2026-09-01,2026-09-01,True,False,Distrito Comercial La Paz,GLP DISTRIB. 10 KILOS NAL,6750.0,L,A.A.V.V. GAS S.R.L.,129-BSR,GLP,GLP,,,
2026-09-01,2026-09-01,True,False,Distrito Comercial La Paz,GLP DISTRIB. 10 KILOS NAL,6480.0,L,DIST. GLP. TRIPETROL S.R.L.,1049-GCX,GLP,GLP,,,
2026-09-01,2026-09-01,True,False,Distrito Comercial La Paz,GLP DISTRIB. 10 KILOS NAL,5940.0,L,DIST. GLP. TRIPETROL S.R.L.,479-IPN,GLP,GLP,,,
2026-09-01,2026-09-01,True,False,Distrito Comercial La Paz,GLP DISTRIB. 10 KILOS NAL,6630.0,L,DIST. GLP. TRIPETROL S.R.L.,444-KPH,GLP,GLP,,,
2026-09-01,2026-09-01,True,False,Distrito Comercial La Paz,GLP DISTRIB. 45 KILOS NAL,1800.0,L,A.A.V.V. GAS S.R.L.,4994-PHC,GLP,GLP,,,
2026-09-01,2026-09-01,True,False,Distrito Comercial La Paz,GLP DISTRIB. 10 KILOS NAL,6900.0,L,SAN JUDAS TADEO SOCIEDAD DE RESPONSABILIDAD LIMITADA,795-CZG,GLP,GLP,,,
2026-09-01,2026-09-01,True,False,Distrito Comercial La Paz,GLP DISTRIB. 10 KILOS NAL,6630.0,L,SAN JUDAS TADEO SOCIEDAD DE RESPONSABILIDAD LIMITADA,091-FDH,GLP,GLP,,,
2026-09-01,2026-09-01,True,False,Distrito Comercial La Paz,GLP DISTRIB. 10 KILOS NAL,6750.0,L,AXEL GAS S.R.L.,1209-EYS,GLP,GLP,,,
2026-09-01,2026-09-01,True,False,Distrito Comercial La Paz,GLP DISTRIB. 10 KILOS NAL,9200.0,L,DIST. GLP. COPACABANA GAS LTDA.,3621-ZLA,GLP,GLP,,,
2026-09-01,2026-09-01,True,False,Distrito Comercial La Paz,GLP DISTRIB. 10 KILOS NAL,6750.0,L,DIST. GLP. SAMO S.A.,467-SRU,GLP,GLP,,,
2026-09-01,2026-09-01,True,False,Distrito Comercial La Paz,GLP DISTRIB. 10 KILOS NAL,6900.0,L,DIST. GLP. SAMO S.A.,1311-BND,GLP,GLP,,,
2026-09-01,2026-09-01,True,False,Distrito Comercial La Paz,GLP DISTRIB. 10 KILOS NAL,6630.0,L,DIST. GLP. SAMO S.A.,480-CIT,GLP,GLP,,,
2026-09-01,2026-09-01,True,False,Distrito Comercial La Paz,GLP DISTRIB. 10 KILOS NAL,6750.0,L,ISABEL DURAN DE ITURRI - DIST. GLP DURA GAS,820-EEB,GLP,GLP,,,
2026-09-01,2026-09-01,True,False,Distrito Comercial La Paz,GLP DISTRIB. 10 KILOS NAL,6630.0,L,ISABEL DURAN DE ITURRI - DIST. GLP DURA GAS,659-INT,GLP,GLP,,,
2026-09-01,2026-09-01,True,False,Distrito Comercial La Paz,GLP DISTRIB. 45 KILOS NAL,4500.0,L,DIST. GLP. SAMO S.A.,1182-IYA,GLP,GLP,,,
2026-09-01,2026-08-31,True,True,Distrito Comercial La Paz,GASOLINA ESPECIAL + (S/DSI),20000.0,L,ESTACION DE SERVICIO LOZA - MARCELINA AGUIRRE VDA. DE LOZA,6469-YUN,Gasolina Especial +,GASOLINA_ESPECIAL_MAS,,,
2026-09-01,2026-08-31,True,True,Distrito Comercial La Paz,GASOLINA ESPECIAL EESS,12000.0,L,EST. SERV. BOLIVIA ZURSIL S.R.L.,801-ZRR,Gasolina Especial,GASOLINA_ESPECIAL,,,
2026-09-01,2026-08-31,True,True,Distrito Comercial La Paz,DIESEL OIL IMPORTADO EESS,12000.0,L,EST. SERV. BOLIVIA ZURSIL S.R.L.,801-ZRR,Diesel Oil Importado,DIESEL_IMPORTADO,,,
2026-09-01,2026-08-31,True,True,Distrito Comercial La Paz,GASOLINA ESPECIAL + (S/DSI),18000.0,L,ESTACION DE SERVICIOS NIMAGASBOL S.R.L.,3480-LTK,Gasolina Especial +,GASOLINA_ESPECIAL_MAS,,,
2026-09-01,2026-08-31,True,True,Distrito Comercial La Paz,GLP DISTRIB. 10 KILOS NAL,5940.0,L,GMGRECO GAS SOCIEDAD DE RESPONSABILIDAD LIMITADA,497-ILK,GLP,GLP,,,
2026-09-01,2026-08-31,True,True,Distrito Comercial La Paz,GLP DISTRIB. 10 KILOS NAL,6630.0,L,GMGRECO GAS SOCIEDAD DE RESPONSABILIDAD LIMITADA,921-NLX,GLP,GLP,,,
2026-09-01,2026-08-28,True,True,Distrito Comercial La Paz,DIESEL OIL IMPORTADO CF,18000.0,L,COOPERATIVA MINERA AURIFERA 15 DE AGOSTO R.L.,440-BIU,Diesel Oil Importado,DIESEL_IMPORTADO,,,
2026-09-15,2026-09-15,True,False,Distrito Comercial La Paz,GLP DISTRIB. 10 KILOS NAL,6210.0,L,DIST. GLP. VIAGAS,1255-KZB,GLP,GLP,,,
2026-09-15,2026-09-15,True,False,Distrito Comercial La Paz,GLP DISTRIB. 10 KILOS NAL,6750.0,L,A.A.V.V. GAS S.R.L.,538-NHU,GLP,GLP,,,
2026-09-15,2026-09-15,True,False,Distrito Comercial La Paz,GLP DISTRIB. 45 KILOS NAL,1800.0,L,A.A.V.V. GAS S.R.L.,4994-PHC,GLP,GLP,,,
2026-09-15,2026-09-15,True,False,Distrito Comercial La Paz,GLP DISTRIB. 10 KILOS NAL,6630.0,L,SAN JUDAS TADEO SOCIEDAD DE RESPONSABILIDAD LIMITADA,091-FDH,GLP,GLP,,,
2026-09-15,2026-09-15,True,False,Distrito Comercial La Paz,GLP DISTRIB. 10 KILOS NAL,6900.0,L,SAN JUDAS TADEO SOCIEDAD DE RESPONSABILIDAD LIMITADA,104-SNC,GLP,GLP,,,
2026-09-15,2026-09-15,True,False,Distrito Comercial La Paz,GLP DISTRIB. 45 KILOS NAL,2700.0,L,SAN JUDAS TADEO SOCIEDAD DE RESPONSABILIDAD LIMITADA,5609-PHF,GLP,GLP,,,
2026-09-15,2026-09-15,True,False,Distrito Comercial La Paz,GLP DISTRIB. 10 KILOS NAL,6210.0,L,DIST. GLP. SOCIEDAD PETROLERA SANTA ELENA S.R.L. (SOPESE S.R.L.),085-IKK,GLP,GLP,,,
2026-09-15,2026-09-15,True,False,Distrito Comercial La Paz,GLP DISTRIB. 10 KILOS NAL,6900.0,L,DIST. GLP. ESMERALDA GAS SRL.,924-ZFP,GLP,GLP,,,
2026-09-15,2026-09-15,True,False,Distrito Comercial La Paz,GLP DISTRIB. 45 KILOS NAL,1800.0,L,DIST. GLP. PROGAS S.R.L.,4067-YRP,GLP,GLP,,,
2026-09-15,2026-09-15,True,False,Distrito Comercial La Paz,GLP DISTRIB. 10 KILOS NAL,6210.0,L,DIST. GLP. ESMERALDA GAS SRL.,2375-SHN,GLP,GLP,,,
2026-09-15,2026-09-15,True,False,Distrito Comercial La Paz,GLP DISTRIB. 10 KILOS NAL,5940.0,L,DIST. GLP. PROGAS S.R.L.,066-ASF,GLP,GLP,,,
2026-09-15,2026-09-15,True,False,Distrito Comercial La Paz,GLP DISTRIB. 10 KILOS NAL,6360.0,L,DIST. GLP. PROGAS S.R.L.,932-TGG,GLP,GLP,,,
2026-09-15,2026-09-15,True,False,Distrito Comercial La Paz,GLP DISTRIB. 10 KILOS NAL,5940.0,L,GMGRECO GAS SOCIEDAD DE RESPONSABILIDAD LIMITADA,497-ILK,GLP,GLP,,,
2026-09-15,2026-09-15,True,False,Distrito Comercial La Paz,GLP DISTRIB. 10 KILOS NAL,6630.0,L,GMGRECO GAS SOCIEDAD DE RESPONSABILIDAD LIMITADA,2060-RYK,GLP,GLP,,,
2026-09-15,2026-09-15,True,False,Distrito Comercial La Paz,GLP DISTRIB. 10 KILOS NAL,3500.0,L,DIST. GLP ANGELES,986-UIL,GLP,GLP,,,
2026-09-15,2026-09-15,True,False,Distrito Comercial La Paz,GLP DISTRIB. 10 KILOS NAL,6630.0,L,DIST. GLP. TRIPETROL S.R.L.,444-KPH,GLP,GLP,,,
2026-09-15,2026-09-15,True,False,Distrito Comercial La Paz,GLP DISTRIB. 10 KILOS NAL,6630.0,L,DIST. GLP. SAMO S.A.,480-CIT,GLP,GLP,,,
2026-09-15,2026-09-15,True,False,Distrito Comercial La Paz,GLP DISTRIB. 45 KILOS NAL,4500.0,L,DIST. GLP. SAMO S.A.,1182-IYA,GLP,GLP,,,
2026-09-15,2026-09-15,True,False,Distrito Comercial La Paz,GLP DISTRIB. 10 KILOS NAL,6750.0,L,ISABEL DURAN DE ITURRI - DIST. GLP DURA GAS,699-BXF,GLP,GLP,,,
2026-09-15,2026-09-14,True,True,Distrito Comercial La Paz,GLP DISTRIB. 10 KILOS NAL,500.0,L,DIST. GLP. DISANDES S.R.L.,1814-GTY,GLP,GLP,,,
2026-09-15,2026-09-14,True,True,Distrito Comercial La Paz,GLP DISTRIB. 10 KILOS NAL,3990.0,L,DIST. GLP. VIAGAS,302-TIF,GLP,GLP,,,
2026-09-15,2026-09-14,True,True,Distrito Comercial La Paz,GLP DISTRIB. 10 KILOS NAL,8840.0,L,"DISTRIBUIDORA DE G.L.P. ""TIPUANI"" S.R.L.",1782-TUA,GLP,GLP,,,
2026-09-15,2026-09-14,True,True,Distrito Comercial La Paz,GLP DISTRIB. 10 KILOS NAL,6750.0,L,DIST. GLP. SAMO S.A.,467-SRU,GLP,GLP,,,
2026-09-15,2026-09-14,True,True,Distrito Comercial La Paz,GLP DISTRIB. 10 KILOS NAL,3180.0,L,DIST. GLP. ESMERALDA GAS SRL.,801-NIK,GLP,GLP,,,
2026-09-15,2026-09-14,True,True,Distrito Comercial La Paz,GLP DISTRIB. 10 KILOS NAL,4230.0,L,GMGRECO GAS SOCIEDAD DE RESPONSABILIDAD LIMITADA,921-NLX,GLP,GLP,,,
2026-09-15,2026-09-14,True,True,Distrito Comercial La Paz,GLP DISTRIB. 10 KILOS NAL,8840.0,L,DISTRIBUIDORA DE GAS LICUADO ALEJANDRA S.R.L.,2812-HKH,GLP,GLP,,,
2026-09-15,2026-09-15,True,False,Distrito Comercial La Paz,DIESEL OIL IMPORTADO CF,16500.0,L,"COOPERATIVA MINERA AURÍFERA ""HERMANDAD PUTINA"" R.L.",3437-PEB,Diesel Oil Importado,DIESEL_IMPORTADO,,,
2026-09-15,2026-09-15,True,False,Distrito Comercial La Paz,DIESEL OIL IMPORTADO GRACO,24000.0,L,COOPERATIVA MINERA AURIFERA UNIFICADA ANDINA R.L.,2071-TZN,Diesel Oil Importado,DIESEL_IMPORTADO,,,
2026-09-15,2026-09-15,True,False,Distrito Comercial La Paz,DIESEL OIL IMPORTADO EESS,24000.0,L,ESTACION DE SERVICIO LOS ROSALES,2345-IYN,Diesel Oil Importado,DIESEL_IMPORTADO,,,
2026-09-15,2026-09-15,True,False,Distrito Comercial La Paz,DIESEL OIL NACIONAL EESS,20000.0,L,GASOLINERA HUATAJATA S.R.L.,4244-CHC,Diesel Oil Nacional,DIESEL_NACIONAL,,,
2026-09-15,2026-09-15,True,False,Distrito Comercial La Paz,GASOLINA ESPECIAL EESS,22000.0,L,EST. SERV. FLOR DE CAÑA S.R.L.,1389-NLT,Gasolina Especial,GASOLINA_ESPECIAL,,,
2026-09-15,2026-09-15,True,False,Distrito Comercial La Paz,DIESEL OIL IMPORTADO EESS,22000.0,L,MARIANA J. CAMACHO RAMIREZ - PUESTO DE VENTA MIMARBOZO,1528-CKF,Diesel Oil Importado,DIESEL_IMPORTADO,,,
2026-09-15,2026-09-15,True,False,Distrito Comercial La Paz,GASOLINA ESPECIAL + (S/DSI),24000.0,L,EST. SERV. RACING GAS S.R.L.,128-EPD,Gasolina Especial +,GASOLINA_ESPECIAL_MAS,,,
2026-09-15,2026-09-15,True,False,Distrito Comercial La Paz,GASOLINA ESPECIAL + (S/DSI),12000.0,L,EST. SERV. BOLIVIA ZURSIL S.R.L.,801-ZRR,Gasolina Especial +,GASOLINA_ESPECIAL_MAS,,,
2026-09-15,2026-09-15,True,False,Distrito Comercial La Paz,DIESEL OIL IMPORTADO EESS,12000.0,L,EST. SERV. BOLIVIA ZURSIL S.R.L.,801-ZRR,Diesel Oil Importado,DIESEL_IMPORTADO,,,
2026-09-15,2026-09-15,True,False,Distrito Comercial La Paz,GASOLINA ESPECIAL + (S/DSI),24000.0,L,ESTACION DE SERVICIO JACHA INTI S.R.L.,1166-RRA-2,Gasolina Especial +,GASOLINA_ESPECIAL_MAS,,,
2026-09-15,2026-09-15,True,False,Distrito Comercial La Paz,GASOLINA ESPECIAL + (S/DSI),24000.0,L,EST. SERV. ACB CALACOTO,839-EUS,Gasolina Especial +,GASOLINA_ESPECIAL_MAS,,,
2026-09-15,2026-09-15,True,False,Distrito Comercial La Paz,DIESEL OIL IMPORTADO EESS,18000.0,L,EST. SERV. GALAXIA S.R.L.,5352-EER,Diesel Oil Importado,DIESEL_IMPORTADO,,,
2026-09-15,2026-09-15,True,False,Distrito Comercial La Paz,GASOLINA ESPECIAL + (S/DSI),24000.0,L,EST. SERV. ESUR GHS LTDA.,667-TPB,Gasolina Especial +,GASOLINA_ESPECIAL_MAS,,,
2026-09-15,2026-09-15,True,False,Distrito Comercial La Paz,DIESEL OIL IMPORTADO EESS,18000.0,L,EST. SERV. CHASQUIPAMPA S.R.L.,3030-TPF,Diesel Oil Importado,DIESEL_IMPORTADO,,,
2026-09-15,2026-09-15,True,False,Distrito Comercial La Paz,GASOLINA ESPECIAL + (S/DSI),20000.0,L,ESTACION DE SERVICIO CALUYO S.R.L.,2315-AFR,Gasolina Especial +,GASOLINA_ESPECIAL_MAS,,,
2026-09-15,2026-09-15,True,False,Distrito Comercial La Paz,GASOLINA ESPECIAL EESS,24000.0,L,ELDA S. AGUILAR V. - EST. SERV. JUAN PABLO II,4457-NRI,Gasolina Especial,GASOLINA_ESPECIAL,,,
2026-09-15,2026-09-15,True,False,Distrito Comercial La Paz,DIESEL OIL IMPORTADO EESS,20000.0,L,EST. SERV. M&G CAMINO REAL,2801-XUD,Diesel Oil Importado,DIESEL_IMPORTADO,,,
2026-09-15,2026-09-15,True,False,Distrito Comercial La Paz,GASOLINA ESPECIAL + (S/DSI),20000.0,L,EST. SERV. SALIDA LTDA,2701-TZH,Gasolina Especial +,GASOLINA_ESPECIAL_MAS,,,
2026-09-15,2026-09-15,True,False,Distrito Comercial La Paz,DIESEL OIL IMPORTADO EESS,12000.0,L,EST. SERV. SALIDA LTDA,2701-TZH,Diesel Oil Importado,DIESEL_IMPORTADO,,,
2026-09-15,2026-09-15,True,False,Distrito Comercial La Paz,GASOLINA ESPECIAL + (S/DSI),24000.0,L,GREGORIO CUENTAS M. EST. SERV. DRAGON DE ORO,500-FYX,Gasolina Especial +,GASOLINA_ESPECIAL_MAS,,,
2026-09-15,2026-09-15,True,False,Distrito Comercial La Paz,GASOLINA ESPECIAL EESS,24000.0,L,EST. SERV. M&G CAMINO REAL,2801-XUD,Gasolina Especial,GASOLINA_ESPECIAL,,,
2026-09-15,2026-09-15,True,False,Distrito Comercial La Paz,GASOLINA ESPECIAL + (S/DSI),20000.0,L,EST. SERV. TEXAS S.R.L.,1008-UIC,Gasolina Especial +,GASOLINA_ESPECIAL_MAS,,,
2026-09-15,2026-09-15,True,False,Distrito Comercial La Paz,DIESEL OIL IMPORTADO EESS,12000.0,L,GREGORIO CUENTAS M. EST. SERV. DRAGON DE ORO,500-FYX,Diesel Oil Importado,DIESEL_IMPORTADO,,,
2026-09-15,2026-09-15,True,False,Distrito Comercial La Paz,DIESEL OIL IMPORTADO EESS,24000.0,L,EST. SERV. SAN PABLO VILLA BOLIVAR S.R.L.,496-HSR,Diesel Oil Importado,DIESEL_IMPORTADO,,,
2026-09-15,2026-09-15,True,False,Distrito Comercial La Paz,GASOLINA ESPECIAL + (S/DSI),20000.0,L,EST. SERV. SAN PABLO VILLA BOLIVAR S.R.L.,496-HSR,Gasolina Especial +,GASOLINA_ESPECIAL_MAS,,,
2026-09-15,2026-09-15,True,False,Distrito Comercial La Paz,DIESEL OIL IMPORTADO EESS,12000.0,L,ESTACION DE SERVICIO TEJADA TRIANGULAR,1776-DNN,Diesel Oil Importado,DIESEL_IMPORTADO,,,
2026-09-15,2026-09-15,True,False,Distrito Comercial La Paz,DIESEL OIL IMPORTADO EESS,24000.0,L,EST. SERV. LAREDO SRL,419-LCF,Diesel Oil Importado,DIESEL_IMPORTADO,,,
2026-09-15,2026-09-15,True,False,Distrito Comercial La Paz,GASOLINA ESPECIAL + (S/DSI),20000.0,L,ESTACION DE SERVICIO TEJADA TRIANGULAR,1776-DNN,Gasolina Especial +,GASOLINA_ESPECIAL_MAS,,,
2026-09-15,2026-09-15,True,False,Distrito Comercial La Paz,GASOLINA ESPECIAL + (S/DSI),18000.0,L,EST. SERV. LAREDO SRL,419-LCF,Gasolina Especial +,GASOLINA_ESPECIAL_MAS,,,
2026-09-15,2026-09-15,True,False,Distrito Comercial La Paz,DIESEL OIL IMPORTADO EESS,24000.0,L,ESTACION DE SERVICIO TERRAGAS LTDA,5361-TUF,Diesel Oil Importado,DIESEL_IMPORTADO,,,
2026-09-15,2026-09-15,True,False,Distrito Comercial La Paz,GASOLINA ESPECIAL + (S/DSI),12000.0,L,GRUPO EMPRESARIAL VIRGEN DE LOS ALAMOS S.R.L.,4831-ETU,Gasolina Especial +,GASOLINA_ESPECIAL_MAS,,,
2026-09-15,2026-09-15,True,False,Distrito Comercial La Paz,GASOLINA ESPECIAL + (S/DSI),24000.0,L,GRUPO EMPRESARIAL VIRGEN DE LOS ALAMOS S.R.L.,4831-ETU,Gasolina Especial +,GASOLINA_ESPECIAL_MAS,,,
2026-09-15,2026-09-14,True,True,Distrito Comercial La Paz,DIESEL OIL NACIONAL EESS,24000.0,L,OFELIA PLATA P. - EST. SERV. UMAMARCA,4676-SSP,Diesel Oil Nacional,DIESEL_NACIONAL,,,
2026-09-15,2026-09-14,True,True,Distrito Comercial La Paz,GASOLINA ESPECIAL + EESS,16000.0,L,ESTACION DE SERVICIO TOLAR S.R.L.,5632-ZYE,Gasolina Especial +,GASOLINA_ESPECIAL_MAS,,,
2026-09-15,2026-09-14,True,True,Distrito Comercial La Paz,GASOLINA ESPECIAL + EESS,24000.0,L,OFELIA PLATA P. - EST. SERV. DARTAÑAN,1851-XTG,Gasolina Especial +,GASOLINA_ESPECIAL_MAS,,,
2026-09-15,2026-09-14,True,True,Distrito Comercial La Paz,DIESEL OIL IMPORTADO GRACO,8999.0,L,SINOHYDRO CORPORATION LIMITED - SUCURSAL BOLIVIA,1401-ICT,Diesel Oil Importado,DIESEL_IMPORTADO,,,
2026-09-15,2026-09-14,True,True,Distrito Comercial La Paz,DIESEL OIL IMPORTADO GRACO,15000.0,L,SINOHYDRO CORPORATION LIMITED - SUCURSAL BOLIVIA,1401-ICT,Diesel Oil Importado,DIESEL_IMPORTADO,,,
2026-09-15,2026-09-15,True,False,Distrito Comercial La Paz,GLP DISTRIB. 10 KILOS NAL,6480.0,L,DIST. GLP. VIAGAS,162-ZAS,GLP,GLP,,,
2026-09-15,2026-09-15,True,False,Distrito Comercial La Paz,GLP DISTRIB. 10 KILOS NAL,6630.0,L,DIST. GLP. VIAGAS,302-TIF,GLP,GLP,,,
2026-09-15,2026-09-14,True,True,Distrito Comercial La Paz,DIESEL OIL IMPORTADO GRACO,24000.0,L,COOP. MIN. AURIFERA TUPAC KATARI R.L.,1459-ZYE 1,Diesel Oil Importado,DIESEL_IMPORTADO,,,
2026-09-15,2026-09-14,True,True,Distrito Comercial La Paz,DIESEL OIL IMPORTADO CF,19900.0,L,EMPRESA MINING JHOANLIZCORDOVA S.R.L.,3437-NXB,Diesel Oil Importado,DIESEL_IMPORTADO,,,
2026-09-15,2026-09-15,True,False,Distrito Comercial La Paz,GLP DISTRIB. 10 KILOS NAL,8840.0,L,DISTRIBUIDORA DE GAS LICUADO ALEJANDRA S.R.L.,2198-CGL,GLP,GLP,,,
2026-09-15,2026-09-14,True,True,Distrito Comercial La Paz,GASOLINA ESPECIAL + (S/DSI),24000.0,L,EST. SERV. ACB CALACOTO,839-EUS,Gasolina Especial +,GASOLINA_ESPECIAL_MAS,,,
2026-09-15,2026-09-14,True,True,Distrito Comercial La Paz,DIESEL OIL IMPORTADO GRACO,24000.0,L,"COOPERATIVA MINERA AURIFERA ""6 DE ENERO"" R.L.",1228-PYS,Diesel Oil Importado,DIESEL_IMPORTADO,,,
2026-09-15,2026-09-14,True,True,Distrito Comercial La Paz,GASOLINA ESPECIAL + (S/DSI),24000.0,L,EST. SERV. JAIMES FREYRE,1118-KLR,Gasolina Especial +,GASOLINA_ESPECIAL_MAS,,,
2026-09-15,2026-09-15,True,False,Distrito Comercial La Paz,GLP DISTRIB. 10 KILOS NAL,6500.0,L,DIST. GLP. DISANDES S.R.L.,1814-GTY,GLP,GLP,,,
2026-09-15,2026-09-14,True,True,Distrito Comercial La Paz,GASOLINA ESPECIAL + EESS,24000.0,L,EST. SERV. GASOLCAMP S.R.L.,1819-AZC,Gasolina Especial +,GASOLINA_ESPECIAL_MAS,,,
2026-09-15,2026-09-15,True,False,Distrito Comercial La Paz,GLP DISTRIB. 10 KILOS NAL,6000.0,L,DIST. GLP CALEMQ S.R.L.,1021-ZXB,GLP,GLP,,,
2026-09-15,2026-09-15,True,False,Distrito Comercial La Paz,GLP DISTRIB. 10 KILOS NAL,9000.0,L,EMPRESA DISTRIBUIDORA DE GAS LICUADO GLP LOS NIETOS S.R.L,1546-PCX,GLP,GLP,,,
2026-09-15,2026-09-15,True,False,Distrito Comercial La Paz,GLP DISTRIB. 10 KILOS NAL,8500.0,L,DIST. GLP HERMANAS DURAN AGUILAR - MARLENE F. DURAN AGUILAR,2749-GEH,GLP,GLP,,,
2026-09-15,2026-09-15,True,False,Distrito Comercial La Paz,GLP DISTRIB. 10 KILOS NAL,6090.0,L,DIST. GLP. SOCIEDAD PETROLERA SANTA ELENA S.R.L. (SOPESE S.R.L.),3592-GZF,GLP,GLP,,,
2026-09-15,2026-09-15,True,False,Distrito Comercial La Paz,GLP DISTRIB. 10 KILOS NAL,4950.0,L,DIST. GLP. SOCIEDAD PETROLERA SANTA ELENA S.R.L. (SOPESE S.R.L.),085-IKK,GLP,GLP,,,
2026-09-15,2026-09-14,True,True,Distrito Comercial La Paz,DIESEL OIL NACIONAL EESS,22000.0,L,IVAN MATIAS V. - EST. SERV. REYES MATIAS,1392-KNS,Diesel Oil Nacional,DIESEL_NACIONAL,,,
2026-09-15,2026-09-14,True,True,Distrito Comercial La Paz,GASOLINA ESPECIAL + CF,8000.0,L,CERVECERIA BOLIVIANA NACIONAL S.A.,2714-SNP,Gasolina Especial +,GASOLINA_ESPECIAL_MAS,,,
2026-09-15,2026-09-15,True,False,Distrito Comercial La Paz,GLP DISTRIB. 45 KILOS NAL,2250.0,L,DIST. GLP. ESMERALDA GAS SRL.,2821-LXX,GLP,GLP,,,
2026-09-15,2026-09-15,True,False,Distrito Comercial La Paz,GLP DISTRIB. 10 KILOS NAL,4820.0,L,DIST. GLP. ESMERALDA GAS SRL.,801-NIK,GLP,GLP,,,
2026-09-15,2026-09-15,True,False,Distrito Comercial La Paz,GLP DISTRIB. 10 KILOS NAL,6750.0,L,DIST. GLP. ESMERALDA GAS SRL.,2124-NIL,GLP,GLP,,,
2026-09-15,2026-09-15,True,False,Distrito Comercial La Paz,GLP DISTRIB. 10 KILOS NAL,5450.0,L,DIST. GLP. PROGAS S.R.L.,066-ASF,GLP,GLP,,,
2026-09-15,2026-09-15,True,False,Distrito Comercial La Paz,GLP DISTRIB. 10 KILOS NAL,6630.0,L,DIST. GLP. PROGAS S.R.L.,303-CTB,GLP,GLP,,,
2026-09-15,2026-09-15,True,False,Distrito Comercial La Paz,GLP DISTRIB. 10 KILOS NAL,6750.0,L,AXEL GAS S.R.L.,1209-EYS,GLP,GLP,,,
2026-09-15,2026-09-15,True,False,Distrito Comercial La Paz,GLP DISTRIB. 10 KILOS NAL,9200.0,L,DIST. GLP. COPACABANA GAS LTDA.,3621-ZLA,GLP,GLP,,,
2026-09-15,2026-09-15,True,False,Distrito Comercial La Paz,GLP DISTRIB. 10 KILOS NAL,7000.0,L,DIST. GLP ANGELES,2750-CBU,GLP,GLP,,,
2026-09-15,2026-09-15,True,False,Distrito Comercial La Paz,GLP DISTRIB. 10 KILOS NAL,5060.0,L,DIST. GLP. TRIPETROL S.R.L.,479-IPN,GLP,GLP,,,
2026-09-15,2026-09-15,True,False,Distrito Comercial La Paz,GLP DISTRIB. 10 KILOS NAL,5400.0,L,DIST. GLP. LA CALZADA-SUD YUNGAS,1628-ADH,GLP,GLP,,,
2026-09-15,2026-09-14,True,True,Distrito Comercial La Paz,GASOLINA ESPECIAL + EESS,22000.0,L,ESTACION DE SERVICIO SURTIDOR TUMUPASA S.R.L.,801-GSD 1,Gasolina Especial +,GASOLINA_ESPECIAL_MAS,,,
2026-09-15,2026-09-15,True,False,Distrito Comercial La Paz,GLP DISTRIB. 10 KILOS NAL,6480.0,L,DIST. GLP. TRIPETROL S.R.L.,1049-GCX,GLP,GLP,,,
2026-09-15,2026-09-15,True,False,Distrito Comercial La Paz,GLP DISTRIB. 10 KILOS NAL,6750.0,L,DIST. GLP. SAMO S.A.,467-SRU,GLP,GLP,,,
2026-09-15,2026-09-15,True,False,Distrito Comercial La Paz,GLP DISTRIB. 10 KILOS NAL,5940.0,L,DIST. GLP. TRIPETROL S.R.L.,479-IPN,GLP,GLP,,,
2026-09-15,2026-09-15,True,False,Distrito Comercial La Paz,GLP DISTRIB. 10 KILOS NAL,6900.0,L,DIST. GLP. SAMO S.A.,1311-BND,GLP,GLP,,,
2026-09-15,2026-09-15,True,False,Distrito Comercial La Paz,GLP DISTRIB. 10 KILOS NAL,6630.0,L,ISABEL DURAN DE ITURRI - DIST. GLP DURA GAS,659-INT,GLP,GLP,,,
2026-09-15,2026-09-14,True,True,Distrito Comercial La Paz,GLP DISTRIB. 10 KILOS NAL,9000.0,L,DIST. GLP PALOS BLANCOS - SDENKA PEREZ LARICO,3072-FSR,GLP,GLP,,,
2026-09-15,2026-09-14,True,True,Distrito Comercial La Paz,GASOLINA ESPECIAL + (S/DSI),12000.0,L,EST. SERV. 6 DE MARZO,101-GEK,Gasolina Especial +,GASOLINA_ESPECIAL_MAS,,,
2026-09-15,2026-09-14,True,True,Distrito Comercial La Paz,GASOLINA ESPECIAL + (S/DSI),24000.0,L,ESTACIÓN DE SERVICIO LAS ROSAS S.R.L.,101-GEK,Gasolina Especial +,GASOLINA_ESPECIAL_MAS,,,
2026-09-15,2026-09-14,True,True,Distrito Comercial La Paz,DIESEL OIL IMPORTADO EESS,24000.0,L,ESTACION DE SERVICIO C. REDENTOR S.R.L.,306-ERY,Diesel Oil Importado,DIESEL_IMPORTADO,,,
2026-09-15,2026-09-14,True,True,Distrito Comercial La Paz,GLP DISTRIB. 10 KILOS NAL,9000.0,L,ALEXSUS GAS S.R.L.,1442-ACP,GLP,GLP,,,
2026-09-15,2026-09-14,True,True,Distrito Comercial La Paz,GLP DISTRIB. 10 KILOS NAL,1260.0,L,DIST. GLP. SOCIEDAD PETROLERA SANTA ELENA S.R.L. (SOPESE S.R.L.),085-IKK,GLP,GLP,,,
2026-09-15,2026-09-14,True,True,Distrito Comercial La Paz,GLP DISTRIB. 10 KILOS NAL,9000.0,L,DIST. GLP FLOR DEL NORTE S.R.L.,1248-LFL,GLP,GLP,,,
2026-09-15,2026-09-11,True,True,Distrito Comercial La Paz,GASOLINA ESPECIAL + (S/DSI),12000.0,L,EST. SERV. 6 DE MARZO,101-GEK,Gasolina Especial +,GASOLINA_ESPECIAL_MAS,,,
2026-09-15,2026-09-15,True,False,Distrito Comercial La Paz,DIESEL OIL NACIONAL EESS,12000.0,L,ELDA S. AGUILAR V. - EST. SERV. JUAN PABLO II,1089-ZGC 1,Diesel Oil Nacional,DIESEL_NACIONAL,,,
2026-09-15,2026-09-15,True,False,Distrito Comercial La Paz,DIESEL OIL NACIONAL EESS,22000.0,L,EST. SERV. SAN MIGUEL-IVAN L.,704-BCY,Diesel Oil Nacional,DIESEL_NACIONAL,,,
2026-09-15,2026-09-15,True,False,Distrito Comercial La Paz,DIESEL OIL IMPORTADO EESS,12000.0,L,EST. SERV. GAS-MAY S.R.L.,1704-ESB,Diesel Oil Importado,DIESEL_IMPORTADO,,,
2026-09-15,2026-09-15,True,False,Distrito Comercial La Paz,DIESEL OIL NACIONAL EESS,22000.0,L,ESTACION DE SERVICIO HUANCANE Y TRANSPORTE S.R.L.,564-CDR 1,Diesel Oil Nacional,DIESEL_NACIONAL,,,
2026-09-15,2026-09-15,True,False,Distrito Comercial La Paz,GASOLINA ESPECIAL EESS,22000.0,L,ESTACION DE SERVICIO MEJIA S.R.L.,1225-ZDP,Gasolina Especial,GASOLINA_ESPECIAL,,,
2026-09-15,2026-09-15,True,False,Distrito Comercial La Paz,GASOLINA ESPECIAL EESS,22000.0,L,MARIANA J. CAMACHO RAMIREZ - PUESTO DE VENTA MIMARBOZO,564-CPC,Gasolina Especial,GASOLINA_ESPECIAL,,,
2026-09-15,2026-09-15,True,False,Distrito Comercial La Paz,DIESEL OIL NACIONAL EESS,22000.0,L,ESTACION DE SERVICIO MADAGASCAR S.R.L.,484-RYI,Diesel Oil Nacional,DIESEL_NACIONAL,,,
2026-09-15,2026-09-15,True,False,Distrito Comercial La Paz,GASOLINA ESPECIAL + (S/DSI),24000.0,L,ESTACION DE SERVICIO CHALLAPAMPA S.R.L.,294-CZD,Gasolina Especial +,GASOLINA_ESPECIAL_MAS,,,
2026-09-15,2026-09-15,True,False,Distrito Comercial La Paz,GASOLINA ESPECIAL EESS,22000.0,L,RACING GAS S.R.L. (SUC-1),478-KEA,Gasolina Especial,GASOLINA_ESPECIAL,,,
2026-09-15,2026-09-15,True,False,Distrito Comercial La Paz,DIESEL OIL NACIONAL EESS,24000.0,L,EST. SERV. GASOLCAMP S.R.L.,453-RNL,Diesel Oil Nacional,DIESEL_NACIONAL,,,
2026-09-15,2026-09-15,True,False,Distrito Comercial La Paz,DIESEL OIL IMPORTADO EESS,20000.0,L,ESTACIÓN DE SERVICIO LAS ROSAS S.R.L.,2152-APF-1,Diesel Oil Importado,DIESEL_IMPORTADO,,,
2026-09-15,2026-09-15,True,False,Distrito Comercial La Paz,DIESEL OIL IMPORTADO EESS,24000.0,L,ESTACION DE SERVICIO FULL TANK S.R.L.,1768-PZN,Diesel Oil Importado,DIESEL_IMPORTADO,,,
2026-09-15,2026-09-15,True,False,Distrito Comercial La Paz,DIESEL OIL IMPORTADO EESS,20000.0,L,GAS SAN FELIPE S.R.L.,5602-HKS,Diesel Oil Importado,DIESEL_IMPORTADO,,,
2026-09-15,2026-09-15,True,False,Distrito Comercial La Paz,DIESEL OIL NACIONAL EESS,20000.0,L,EST. SERV. UCHUMACHI,3766-RPX,Diesel Oil Nacional,DIESEL_NACIONAL,,,
2026-09-15,2026-09-15,True,False,Distrito Comercial La Paz,GASOLINA ESPECIAL + (S/DSI),24000.0,L,EST. SERV. CARSUR S.R.L.,561-YKH,Gasolina Especial +,GASOLINA_ESPECIAL_MAS,,,
2026-09-15,2026-09-15,True,False,Distrito Comercial La Paz,DIESEL OIL NACIONAL EESS,24000.0,L,ELDA S. AGUILAR V. - EST. SERV. JUAN PABLO II,4457-NRI,Diesel Oil Nacional,DIESEL_NACIONAL,,,
2026-09-15,2026-09-15,True,False,Distrito Comercial La Paz,GASOLINA ESPECIAL + (S/DSI),12000.0,L,ESTACIÓN DE SERVICIO ALIMARC INTER GAS BOLIVIA S.R.L.,547-CKT,Gasolina Especial +,GASOLINA_ESPECIAL_MAS,,,
2026-09-15,2026-09-15,True,False,Distrito Comercial La Paz,GASOLINA ESPECIAL + (S/DSI),24000.0,L,EST. SERV. MOTORECO SRL.,1340-SPB,Gasolina Especial +,GASOLINA_ESPECIAL_MAS,,,
2026-09-15,2026-09-15,True,False,Distrito Comercial La Paz,DIESEL OIL IMPORTADO EESS,12000.0,L,EST. SERV. VOLCAN S.R.L.,4228-PUN,Diesel Oil Importado,DIESEL_IMPORTADO,,,
2026-09-15,2026-09-15,True,False,Distrito Comercial La Paz,GASOLINA ESPECIAL EESS,22000.0,L,ESTACION DE SERVICIO GASOLINERA CRUCE DE ORO S.R.L.,5753-FPA,Gasolina Especial,GASOLINA_ESPECIAL,,,
2026-09-15,2026-09-15,True,False,Distrito Comercial La Paz,GASOLINA ESPECIAL EESS,22000.0,L,EST. SERV. BATALLAS S.R.L. ESBA S.R.L.,629-DXB,Gasolina Especial,GASOLINA_ESPECIAL,,,
2026-09-15,2026-09-15,True,False,Distrito Comercial La Paz,DIESEL OIL IMPORTADO EESS,24000.0,L,"EMPRESA COMERCIALIZADORA, DISTRIBUIDORA DE SERVICIOS Y CARBURANTES ARUZCA MORALES S.R.L.",1233-KNC,Diesel Oil Importado,DIESEL_IMPORTADO,,,
2026-09-15,2026-09-15,True,False,Distrito Comercial La Paz,DIESEL OIL NACIONAL EESS,22000.0,L,EST. SERV. NETANEL,1148-NIX 1,Diesel Oil Nacional,DIESEL_NACIONAL,,,
2026-09-15,2026-09-15,True,False,Distrito Comercial La Paz,GASOLINA ESPECIAL + (S/DSI),24000.0,L,EST. SERV. BASSAM LTDA,2027-AHS,Gasolina Especial +,GASOLINA_ESPECIAL_MAS,,,
2026-09-15,2026-09-15,True,False,Distrito Comercial La Paz,GASOLINA ESPECIAL + CF,9900.0,L,ASOCIACION DE TRANSPORTE LACUSTRE 21 DE SEPTIEMBRE DE SAN PEDRO DE TIQUINA,1519-LSH,Gasolina Especial +,GASOLINA_ESPECIAL_MAS,,,
2026-09-15,2026-09-15,True,False,Distrito Comercial La Paz,GASOLINA ESPECIAL + (S/DSI),24000.0,L,EST. SERV. VOLCAN S.R.L.,3104-KDS,Gasolina Especial +,GASOLINA_ESPECIAL_MAS,,,
2026-09-15,2026-09-15,True,False,Distrito Comercial La Paz,GASOLINA ESPECIAL + (S/DSI),20000.0,L,EST. SERV. PEREZ ROCHA SRL.,1600-IUY,Gasolina Especial +,GASOLINA_ESPECIAL_MAS,,,
2026-09-15,2026-09-15,True,False,Distrito Comercial La Paz,DIESEL OIL IMPORTADO EESS,20000.0,L,EST. SERV. PEREZ ROCHA SRL.,4745-PTB,Diesel Oil Importado,DIESEL_IMPORTADO,,,
2026-09-15,2026-09-15,True,False,Distrito Comercial La Paz,DIESEL OIL IMPORTADO EESS,24000.0,L,EST. SERV. ILLIMANI S.R.L.,564-CNY,Diesel Oil Importado,DIESEL_IMPORTADO,,,
2026-09-15,2026-09-15,True,False,Distrito Comercial La Paz,GASOLINA ESPECIAL + (S/DSI),24000.0,L,ESTACION DE SERVICIO LOZA - MARCELINA AGUIRRE VDA. DE LOZA,581-YGU,Gasolina Especial +,GASOLINA_ESPECIAL_MAS,,,
2026-09-15,2026-09-15,True,False,Distrito Comercial La Paz,GASOLINA ESPECIAL + (S/DSI),12000.0,L,EST. SERV. YUPANQUI,3480-LTK,Gasolina Especial +,GASOLINA_ESPECIAL_MAS,,,
2026-09-15,2026-09-15,True,False,Distrito Comercial La Paz,GASOLINA ESPECIAL + (S/DSI),24000.0,L,EST. SERV. MARANATHA,3135-UDX,Gasolina Especial +,GASOLINA_ESPECIAL_MAS,,,
2026-09-15,2026-09-15,True,False,Distrito Comercial La Paz,GASOLINA ESPECIAL + (S/DSI),24000.0,L,DISTRIBUIDORA DE GASOLINA Y LUBRICANTES SAN PABLO S.R.L.,632-RIB,Gasolina Especial +,GASOLINA_ESPECIAL_MAS,,,
2026-09-15,2026-09-15,True,False,Distrito Comercial La Paz,GASOLINA ESPECIAL EESS,24000.0,L,EST. SERV. PLAYA VERDE,1157-UUL,Gasolina Especial,GASOLINA_ESPECIAL,,,
2026-09-15,2026-09-15,True,False,Distrito Comercial La Paz,GASOLINA ESPECIAL + (S/DSI),24000.0,L,EST. SERV. EMP. COM. HID. TUPAC KATARI S.R.L.,2484-PUD,Gasolina Especial +,GASOLINA_ESPECIAL_MAS,,,
2026-09-15,2026-09-15,True,False,Distrito Comercial La Paz,DIESEL OIL IMPORTADO EESS,24000.0,L,ESTACION DE SERVICIOS NIMAGASBOL S.R.L.,328-LNP,Diesel Oil Importado,DIESEL_IMPORTADO,,,
2026-09-15,2026-09-15,True,False,Distrito Comercial La Paz,GASOLINA ESPECIAL + (S/DSI),24000.0,L,EST. SERV. LUBRICAN SRL,2714-SNP,Gasolina Especial +,GASOLINA_ESPECIAL_MAS,,,
2026-09-15,2026-09-15,True,False,Distrito Comercial La Paz,GASOLINA ESPECIAL EESS,12000.0,L,EST. SERV. BALLIVIAN SANTA BARBARA,227-DDK,Gasolina Especial,GASOLINA_ESPECIAL,,,
2026-09-15,2026-09-15,True,False,Distrito Comercial La Paz,DIESEL OIL NACIONAL EESS,12000.0,L,EST. SERV. BALLIVIAN SANTA BARBARA,227-DDK,Diesel Oil Nacional,DIESEL_NACIONAL,,,
2026-09-15,2026-09-15,True,False,Distrito Comercial La Paz,GASOLINA ESPECIAL EESS,22000.0,L,SOCIEDAD PERLA ANDINA S.R.L.,1008-UIC,Gasolina Especial,GASOLINA_ESPECIAL,,,
2026-09-15,2026-09-15,True,False,Distrito Comercial La Paz,DIESEL OIL IMPORTADO EESS,18000.0,L,EST. SERV. EDUARDO YUPANQUI,1156-PGH 1,Diesel Oil Importado,DIESEL_IMPORTADO,,,
2026-09-15,2026-09-15,True,False,Distrito Comercial La Paz,GASOLINA ESPECIAL + (S/DSI),12000.0,L,EST. SERV. ALTO LIMA S.R.L.,1555-ULK,Gasolina Especial +,GASOLINA_ESPECIAL_MAS,,,
2026-09-15,2026-09-15,True,False,Distrito Comercial La Paz,GASOLINA ESPECIAL + (S/DSI),24000.0,L,EST. SERV. SIEMPRE A FULL MIRAFLORES S.R.L. (SAF),1502-ZDB,Gasolina Especial +,GASOLINA_ESPECIAL_MAS,,,
2026-09-15,2026-09-15,True,False,Distrito Comercial La Paz,GASOLINA ESPECIAL + (S/DSI),24000.0,L,EST. SERV. EL PARAISO SRL.,5352-FGB,Gasolina Especial +,GASOLINA_ESPECIAL_MAS,,,
2026-09-15,2026-09-15,True,False,Distrito Comercial La Paz,DIESEL OIL IMPORTADO EESS,24000.0,L,ELSA CHIPANA H. - EST. SERV. ECOPETROL,4563-ZEN 1,Diesel Oil Importado,DIESEL_IMPORTADO,,,
2026-09-15,2026-09-15,True,False,Distrito Comercial La Paz,DIESEL OIL IMPORTADO EESS,20000.0,L,ESTACION DE SERVICIO SEÑOR DE MAYO S.R.L.,551-HEL,Diesel Oil Importado,DIESEL_IMPORTADO,,,
2026-09-15,2026-09-15,True,False,Distrito Comercial La Paz,DIESEL OIL IMPORTADO EESS,24000.0,L,ESTACIÓN DE SERVICIO ALIMARC INTER GAS BOLIVIA S.R.L.,547-CKT,Diesel Oil Importado,DIESEL_IMPORTADO,,,
2026-09-15,2026-09-15,True,False,Distrito Comercial La Paz,GASOLINA ESPECIAL + (S/DSI),17500.0,L,ESTACION DE SERVICIO SAN SEBASTIAN S.R.L.,2537-TEG,Gasolina Especial +,GASOLINA_ESPECIAL_MAS,,,
2026-09-15,2026-09-15,True,False,Distrito Comercial La Paz,DIESEL OIL IMPORTADO EESS,13000.0,L,ESTACION DE SERVICIO SAN SEBASTIAN S.R.L.,2537-TEG,Diesel Oil Importado,DIESEL_IMPORTADO,,,
2026-09-15,2026-09-15,True,False,Distrito Comercial La Paz,DIESEL OIL IMPORTADO EESS,20000.0,L,MARIA PATZI-EST. SERV. VARELA,2352-NHH,Diesel Oil Importado,DIESEL_IMPORTADO,,,
2026-09-15,2026-09-15,True,False,Distrito Comercial La Paz,GASOLINA ESPECIAL + (S/DSI),20000.0,L,EST. SERV. ILLIMANI S.R.L.,564-CNY,Gasolina Especial +,GASOLINA_ESPECIAL_MAS,,,
2026-09-15,2026-09-15,True,False,Distrito Comercial La Paz,DIESEL OIL IMPORTADO EESS,20000.0,L,ESTACION DE SERVICIO LOZA - MARCELINA AGUIRRE VDA. DE LOZA,581-YGU,Diesel Oil Importado,DIESEL_IMPORTADO,,,
2026-09-15,2026-09-15,True,False,Distrito Comercial La Paz,DIESEL OIL IMPORTADO EESS,20000.0,L,EST. SERV. EL PARAISO SRL.,5352-FGB,Diesel Oil Importado,DIESEL_IMPORTADO,,,
2026-09-15,2026-09-15,True,False,Distrito Comercial La Paz,GASOLINA ESPECIAL + (S/DSI),24000.0,L,EST. SERV. JAIMES FREYRE,1118-KLR,Gasolina Especial +,GASOLINA_ESPECIAL_MAS,,,
2026-09-15,2026-09-15,True,False,Distrito Comercial La Paz,DIESEL OIL IMPORTADO EESS,24000.0,L,EST. SERV. CANDELARIA,629-DXB,Diesel Oil Importado,DIESEL_IMPORTADO,,,
2026-09-15,2026-09-15,True,False,Distrito Comercial La Paz,GASOLINA ESPECIAL + (S/DSI),18000.0,L,EST. SERV. CANDELARIA,1062-UXD,Gasolina Especial +,GASOLINA_ESPECIAL_MAS,,,
2026-09-15,2026-09-15,True,False,Distrito Comercial La Paz,DIESEL OIL IMPORTADO EESS,24000.0,L,EST. SERV. VOLCAN S.R.L.,4228-PUN,Diesel Oil Importado,DIESEL_IMPORTADO,,,
2026-09-15,2026-09-15,True,False,Distrito Comercial La Paz,DIESEL OIL IMPORTADO EESS,20000.0,L,EST. SERV. CUENTAS SAN PABLO II S.R.L.,1189-EHP,Diesel Oil Importado,DIESEL_IMPORTADO,,,
2026-09-15,2026-09-15,True,False,Distrito Comercial La Paz,DIESEL OIL IMPORTADO EESS,12000.0,L,DISTRIBUIDORA DE GASOLINA Y LUBRICANTES SAN PABLO S.R.L.,632-RIB,Diesel Oil Importado,DIESEL_IMPORTADO,,,
2026-09-15,2026-09-15,True,False,Distrito Comercial La Paz,DIESEL OIL IMPORTADO EESS,24000.0,L,EST. SERV. APOSTOL SANTIAGO,1487-RYN,Diesel Oil Importado,DIESEL_IMPORTADO,,,
2026-09-15,2026-09-15,True,False,Distrito Comercial La Paz,DIESEL OIL IMPORTADO EESS,24000.0,L,ZURSIL S.R.L. - E.S.T.,1604-NBE,Diesel Oil Importado,DIESEL_IMPORTADO,,,
2026-09-15,2026-09-15,True,False,Distrito Comercial La Paz,GASOLINA ESPECIAL + (S/DSI),18000.0,L,ELSA CHIPANA H. - EST. SERV. ECOPETROL,829-XPG,Gasolina Especial +,GASOLINA_ESPECIAL_MAS,,,
2026-09-15,2026-09-15,True,False,Distrito Comercial La Paz,DIESEL OIL IMPORTADO EESS,24000.0,L,EST. SERV. PLAYA VERDE,1089-ZGC 1,Diesel Oil Importado,DIESEL_IMPORTADO,,,
2026-09-15,2026-09-15,True,False,Distrito Comercial La Paz,DIESEL OIL NACIONAL EESS,22000.0,L,ESTACION DE SERVICIO TOLAR S.R.L.,5632-ZYE,Diesel Oil Nacional,DIESEL_NACIONAL,,,
2026-09-15,2026-09-15,True,False,Distrito Comercial La Paz,DIESEL OIL IMPORTADO EESS,24000.0,L,ESTACION DE SERVICIO ZOFRI S.R.L.,1397-CTU,Diesel Oil Importado,DIESEL_IMPORTADO,,,
2026-09-15,2026-09-15,True,False,Distrito Comercial La Paz,GASOLINA ESPECIAL + (S/DSI),24000.0,L,EST. SERV. QHANTATI SRL.,815-XSR,Gasolina Especial +,GASOLINA_ESPECIAL_MAS,,,
2026-09-15,2026-09-15,True,False,Distrito Comercial La Paz,DIESEL OIL IMPORTADO EESS,20000.0,L,EST. SERV. INTEROCEANICO,1444-FDT,Diesel Oil Importado,DIESEL_IMPORTADO,,,
2026-09-15,2026-09-15,True,False,Distrito Comercial La Paz,GASOLINA ESPECIAL + (S/DSI),12000.0,L,EST. SERV. ESUR GHS LTDA.,908-YCP,Gasolina Especial +,GASOLINA_ESPECIAL_MAS,,,
2026-09-15,2026-09-15,True,False,Distrito Comercial La Paz,GASOLINA ESPECIAL + (S/DSI),24000.0,L,EST. SERV. CRISTO AUTO GAS SRL.,2201-IRF,Gasolina Especial +,GASOLINA_ESPECIAL_MAS,,,
2026-09-15,2026-09-15,True,False,Distrito Comercial La Paz,DIESEL OIL IMPORTADO EESS,24000.0,L,EDUARDO YUPANQUI Q.-EST. SERV. VENTILLA,1149-ZND,Diesel Oil Importado,DIESEL_IMPORTADO,,,
2026-09-15,2026-09-15,True,False,Distrito Comercial La Paz,GASOLINA ESPECIAL + (S/DSI),18000.0,L,ESTACION DE SERVICIO C. REDENTOR S.R.L.,306-ERY,Gasolina Especial +,GASOLINA_ESPECIAL_MAS,,,
2026-09-15,2026-09-15,True,False,Distrito Comercial La Paz,GASOLINA ESPECIAL + (S/DSI),24000.0,L,EST. SERV. CHASQUIPAMPA S.R.L.,3030-TPF,Gasolina Especial +,GASOLINA_ESPECIAL_MAS,,,
2026-09-15,2026-09-15,True,False,Distrito Comercial La Paz,GASOLINA ESPECIAL + (S/DSI),12000.0,L,ESTACION DE SERVICIO ZOFRI S.R.L.,1397-CTU,Gasolina Especial +,GASOLINA_ESPECIAL_MAS,,,
2026-09-15,2026-09-15,True,False,Distrito Comercial La Paz,DIESEL OIL IMPORTADO EESS,24000.0,L,EST. SERV. 6 DE MARZO,328-LNP,Diesel Oil Importado,DIESEL_IMPORTADO,,,
2026-09-15,2026-09-15,True,False,Distrito Comercial La Paz,DIESEL OIL IMPORTADO EESS,35000.0,L,ESTACION DE SERVICIO SAN SEBASTIAN S.R.L.,2537-TEG,Diesel Oil Importado,DIESEL_IMPORTADO,,,
2026-09-15,2026-09-15,True,False,Distrito Comercial La Paz,GASOLINA ESPECIAL + (S/DSI),24000.0,L,ESTACION DE SERVICIO KANTUTA S.R.L.,557-XEF,Gasolina Especial +,GASOLINA_ESPECIAL_MAS,,,
2026-09-15,2026-09-15,True,False,Distrito Comercial La Paz,GASOLINA ESPECIAL + (S/DSI),24000.0,L,EST. SERV. GAS-MAY S.R.L.,1704-ESB,Gasolina Especial +,GASOLINA_ESPECIAL_MAS,,,
2026-09-15,2026-09-15,True,False,Distrito Comercial La Paz,GASOLINA ESPECIAL + (S/DSI),24000.0,L,EST. SERV. CHALY,3614-LTY,Gasolina Especial +,GASOLINA_ESPECIAL_MAS,,,
2026-09-15,2026-09-15,True,False,Distrito Comercial La Paz,GLP DISTRIB. 10 KILOS NAL,5360.0,L,DIST. GLP. VIAGAS,1255-KZB,GLP,GLP,,,
2026-09-15,2026-09-15,True,False,Distrito Comercial La Paz,GASOLINA ESPECIAL EESS,24000.0,L,EST. SERV. CUENTAS SAN PABLO II S.R.L.,2538BZG(1),Gasolina Especial,GASOLINA_ESPECIAL,,,
2026-09-15,2026-09-15,True,False,Distrito Comercial La Paz,DIESEL OIL IMPORTADO EESS,20000.0,L,EST. SERV. LUBRICAN SRL,2714-SNP,Diesel Oil Importado,DIESEL_IMPORTADO,,,
2026-09-15,2026-09-15,True,False,Distrito Comercial La Paz,DIESEL OIL IMPORTADO EESS,24000.0,L,ESTACION DE SERVICIO CALUYO S.R.L.,2315-AFR,Diesel Oil Importado,DIESEL_IMPORTADO,,,
2026-09-15,2026-09-15,True,False,Distrito Comercial La Paz,GASOLINA ESPECIAL EESS,22000.0,L,ESTACION DE SERVICIO PARAISO TROPICAL,1624-NCG,Gasolina Especial,GASOLINA_ESPECIAL,,,
2026-09-15,2026-09-15,True,False,Distrito Comercial La Paz,GASOLINA ESPECIAL + (S/DSI),12000.0,L,EST. SERV. CHUSAMARCA,3879-BHE,Gasolina Especial +,GASOLINA_ESPECIAL_MAS,,,
2026-09-15,2026-09-15,True,False,Distrito Comercial La Paz,DIESEL OIL NACIONAL EESS,22000.0,L,EST. SERV. RIO MANIQUI - FATIMA FORERO B.,4505-RNF,Diesel Oil Nacional,DIESEL_NACIONAL,,,
2026-09-15,2026-09-15,True,False,Distrito Comercial La Paz,DIESEL OIL NACIONAL EESS,20000.0,L,EST. SERV. ACHACACHI S.R.L.,542-PSF,Diesel Oil Nacional,DIESEL_NACIONAL,,,
2026-09-15,2026-09-15,True,False,Distrito Comercial La Paz,GASOLINA ESPECIAL + (S/DSI),18000.0,L,ZURSIL S.R.L. - E.S.T.,1604-NBE,Gasolina Especial +,GASOLINA_ESPECIAL_MAS,,,
2026-09-15,2026-09-15,True,False,Distrito Comercial La Paz,DIESEL OIL IMPORTADO EESS,24000.0,L,ESTACION DE SERVICIO C. REDENTOR S.R.L.,306-ERY,Diesel Oil Importado,DIESEL_IMPORTADO,,,
2026-09-15,2026-09-15,True,False,Distrito Comercial La Paz,GASOLINA ESPECIAL + (S/DSI),24000.0,L,GAS SAN FELIPE S.R.L.,5602-HKS,Gasolina Especial +,GASOLINA_ESPECIAL_MAS,,,
2026-09-15,2026-09-15,True,False,Distrito Comercial La Paz,GASOLINA ESPECIAL + (S/DSI),24000.0,L,EST. SERV. SOC. IND. COM. G.L.P.H. LTDA,671-SUX,Gasolina Especial +,GASOLINA_ESPECIAL_MAS,,,
2026-09-15,2026-09-15,True,False,Distrito Comercial La Paz,DIESEL OIL IMPORTADO EESS,24000.0,L,EST. SERV. QHANTATI SRL.,815-XSR,Diesel Oil Importado,DIESEL_IMPORTADO,,,
2026-09-15,2026-09-15,True,False,Distrito Comercial La Paz,GASOLINA ESPECIAL + (S/DSI),20000.0,L,ESTACION DE SERVICIO SEÑOR DE MAYO S.R.L.,551-HEL,Gasolina Especial +,GASOLINA_ESPECIAL_MAS,,,
2026-09-15,2026-09-15,True,False,Distrito Comercial La Paz,GASOLINA ESPECIAL + (S/DSI),20000.0,L,EST. SERV. INTEROCEANICO,1444-FDT,Gasolina Especial +,GASOLINA_ESPECIAL_MAS,,,
2026-09-16,2026-09-16,True,False,Distrito Comercial La Paz,DIESEL OIL IMPORTADO EESS,24000.0,L,EST. SERV. SAN PABLO VILLA BOLIVAR S.R.L.,496-HSR,Diesel Oil Importado,DIESEL_IMPORTADO,,,
2026-09-16,2026-09-16,True,False,Distrito Comercial La Paz,DIESEL OIL IMPORTADO EESS,18000.0,L,ESTACION DE SERVICIO TEJADA TRIANGULAR,1776-DNN,Diesel Oil Importado,DIESEL_IMPORTADO,,,
2026-09-16,2026-09-16,True,False,Distrito Comercial La Paz,DIESEL OIL IMPORTADO EESS,24000.0,L,ELSA CHIPANA H. - EST. SERV. ECOPETROL,4563-ZEN 1,Diesel Oil Importado,DIESEL_IMPORTADO,,,
2026-09-16,2026-09-16,True,False,Distrito Comercial La Paz,DIESEL OIL IMPORTADO EESS,18000.0,L,EST. SERV. CRISTO AUTO GAS SRL.,2201-IRF,Diesel Oil Importado,DIESEL_IMPORTADO,,,
2026-09-16,2026-09-16,True,False,Distrito Comercial La Paz,DIESEL OIL IMPORTADO EESS,24000.0,L,ESTACION DE SERVICIO CALUYO S.R.L.,1189-ZFC,Diesel Oil Importado,DIESEL_IMPORTADO,,,
2026-09-16,2026-09-16,True,False,Distrito Comercial La Paz,DIESEL OIL IMPORTADO EESS,24000.0,L,EST. SERV. LAREDO SRL,1600-HIP,Diesel Oil Importado,DIESEL_IMPORTADO,,,
2026-09-16,2026-09-16,True,False,Distrito Comercial La Paz,DIESEL OIL IMPORTADO EESS,20000.0,L,GAS SAN FELIPE S.R.L.,5602-HKS,Diesel Oil Importado,DIESEL_IMPORTADO,,,
2026-09-16,2026-09-16,True,False,Distrito Comercial La Paz,DIESEL OIL IMPORTADO EESS,18000.0,L,EST. SERV. SALIDA LTDA,2701-TZH,Diesel Oil Importado,DIESEL_IMPORTADO,,,
2026-09-16,2026-09-16,True,False,Distrito Comercial La Paz,DIESEL OIL IMPORTADO EESS,12000.0,L,GREGORIO CUENTAS M. EST. SERV. DRAGON DE ORO,500-FYX,Diesel Oil Importado,DIESEL_IMPORTADO,,,
2026-09-16,2026-09-16,True,False,Distrito Comercial La Paz,DIESEL OIL IMPORTADO EESS,20000.0,L,ESTACION DE SERVICIO SEÑOR DE MAYO S.R.L.,551-HEL,Diesel Oil Importado,DIESEL_IMPORTADO,,,
2026-09-16,2026-09-16,True,False,Distrito Comercial La Paz,DIESEL OIL IMPORTADO EESS,20000.0,L,EST. SERV. M&G CAMINO REAL,2801-XUD,Diesel Oil Importado,DIESEL_IMPORTADO,,,
2026-09-16,2026-09-16,True,False,Distrito Comercial La Paz,DIESEL OIL IMPORTADO EESS,35000.0,L,ESTACION DE SERVICIO SAN SEBASTIAN S.R.L.,2537-TEG,Diesel Oil Importado,DIESEL_IMPORTADO,,,
2026-09-16,2026-09-16,True,False,Distrito Comercial La Paz,GASOLINA ESPECIAL + (S/DSI),20000.0,L,EST. SERV. TEXAS S.R.L.,1008-UIC,Gasolina Especial +,GASOLINA_ESPECIAL_MAS,,,
2026-09-16,2026-09-16,True,False,Distrito Comercial La Paz,GASOLINA ESPECIAL + (S/DSI),24000.0,L,EST. SERV. M&G CAMINO REAL,2801-XUD,Gasolina Especial +,GASOLINA_ESPECIAL_MAS,,,
2026-09-16,2026-09-16,True,False,Distrito Comercial La Paz,GASOLINA ESPECIAL + (S/DSI),20000.0,L,EST. SERV. SAN PABLO VILLA BOLIVAR S.R.L.,496-HSR,Gasolina Especial +,GASOLINA_ESPECIAL_MAS,,,
2026-09-16,2026-09-15,True,True,Distrito Comercial La Paz,GASOLINA ESPECIAL + EESS,22000.0,L,EDEN CLEVER CARRILLO CONDORI-ESTACION DE SERVICIO EDENCCC,2546-YFS,Gasolina Especial +,GASOLINA_ESPECIAL_MAS,,,
2026-09-16,2026-09-16,True,False,Distrito Comercial La Paz,DIESEL OIL IMPORTADO EESS,20000.0,L,EST. SERV. BASSAM LTDA,2027-AHS,Diesel Oil Importado,DIESEL_IMPORTADO,,,
2026-09-16,2026-09-16,True,False,Distrito Comercial La Paz,DIESEL OIL IMPORTADO EESS,18000.0,L,EST. SERV. GALAXIA S.R.L.,1166-RRA-2,Diesel Oil Importado,DIESEL_IMPORTADO,,,
2026-09-16,2026-09-16,True,False,Distrito Comercial La Paz,DIESEL OIL NACIONAL EESS,22000.0,L,ESTACION DE SERVICIO GERENCIA AYMARA S.R.L.,1096-TDT,Diesel Oil Nacional,DIESEL_NACIONAL,,,
2026-09-16,2026-09-16,True,False,Distrito Comercial La Paz,DIESEL OIL NACIONAL EESS,22000.0,L,ESTACION DE SERVICIO ESPIGA DE ORO S.R.L.,4475-NCX-1,Diesel Oil Nacional,DIESEL_NACIONAL,,,
2026-09-16,2026-09-16,True,False,Distrito Comercial La Paz,GASOLINA ESPECIAL + (S/DSI),24000.0,L,EST. SERV. COSTANERA SRL.,375-YZN,Gasolina Especial +,GASOLINA_ESPECIAL_MAS,,,
2026-09-16,2026-09-16,True,False,Distrito Comercial La Paz,GASOLINA ESPECIAL + (S/DSI),18000.0,L,ELSA CHIPANA H. - EST. SERV. ECOPETROL,829-XPG,Gasolina Especial +,GASOLINA_ESPECIAL_MAS,,,
2026-09-16,2026-09-16,True,False,Distrito Comercial La Paz,DIESEL OIL NACIONAL EESS,22000.0,L,EST. SERV. CARBURANTES SAN MIGUEL,3031-TBX,Diesel Oil Nacional,DIESEL_NACIONAL,,,
2026-09-16,2026-09-16,True,False,Distrito Comercial La Paz,GASOLINA ESPECIAL + EESS,22000.0,L,ESTACION DE SERVICIO ISSUCADELA S.R.L,5631-BBE,Gasolina Especial +,GASOLINA_ESPECIAL_MAS,,,
2026-09-16,2026-09-16,True,False,Distrito Comercial La Paz,GASOLINA ESPECIAL + EESS,22000.0,L,EST. SERV. ADALUZ PETROL,1183-LPL-1,Gasolina Especial +,GASOLINA_ESPECIAL_MAS,,,
2026-09-16,2026-09-16,True,False,Distrito Comercial La Paz,GASOLINA ESPECIAL + (S/DSI),12000.0,L,EST. SERV. YUPANQUI,2823-NPX,Gasolina Especial +,GASOLINA_ESPECIAL_MAS,,,
2026-09-16,2026-09-16,True,False,Distrito Comercial La Paz,DIESEL OIL IMPORTADO EESS,24000.0,L,ZURSIL S.R.L. - E.S.T.,4683-SUG,Diesel Oil Importado,DIESEL_IMPORTADO,,,
2026-09-16,2026-09-16,True,False,Distrito Comercial La Paz,GASOLINA ESPECIAL + (S/DSI),24000.0,L,EST. SERV. PLAYA VERDE,1157-UUL,Gasolina Especial +,GASOLINA_ESPECIAL_MAS,,,
2026-09-16,2026-09-16,True,False,Distrito Comercial La Paz,DIESEL OIL IMPORTADO EESS,24000.0,L,EST. SERV. QHANTATI SRL.,815-XSR,Diesel Oil Importado,DIESEL_IMPORTADO,,,
2026-09-16,2026-09-16,True,False,Distrito Comercial La Paz,DIESEL OIL IMPORTADO EESS,20000.0,L,MARIA PATZI-EST. SERV. VARELA,2352-NHH,Diesel Oil Importado,DIESEL_IMPORTADO,,,
2026-09-16,2026-09-16,True,False,Distrito Comercial La Paz,GASOLINA ESPECIAL + EESS,22000.0,L,EST. SERV. DESAGUADERO S.R.L.,396-SGP,Gasolina Especial +,GASOLINA_ESPECIAL_MAS,,,
2026-09-16,2026-09-15,True,True,Distrito Comercial La Paz,GASOLINA ESPECIAL EESS,24000.0,L,OFELIA PLATA P. - EST. SERV. UMAMARCA,1057-KKX,Gasolina Especial,GASOLINA_ESPECIAL,,,
2026-09-16,2026-09-16,True,False,Distrito Comercial La Paz,GASOLINA ESPECIAL + (S/DSI),24000.0,L,DISTRIBUIDORA DE GASOLINA Y LUBRICANTES SAN PABLO S.R.L.,1189-EHP,Gasolina Especial +,GASOLINA_ESPECIAL_MAS,,,
2026-09-16,2026-09-16,True,False,Distrito Comercial La Paz,GASOLINA ESPECIAL + (S/DSI),17500.0,L,ESTACION DE SERVICIO SAN SEBASTIAN S.R.L.,2537-TEG,Gasolina Especial +,GASOLINA_ESPECIAL_MAS,,,
2026-09-16,2026-09-16,True,False,Distrito Comercial La Paz,GASOLINA ESPECIAL + (S/DSI),24000.0,L,EST. SERV. CRISTO AUTO GAS SRL.,2201-IRF,Gasolina Especial +,GASOLINA_ESPECIAL_MAS,,,
2026-09-16,2026-09-16,True,False,Distrito Comercial La Paz,GASOLINA ESPECIAL + EESS,22000.0,L,MARIO ALVAREZ M. EST. SERV. ALVAPETROL,858-PSI,Gasolina Especial +,GASOLINA_ESPECIAL_MAS,,,
2026-09-16,2026-09-16,True,False,Distrito Comercial La Paz,GASOLINA ESPECIAL + (S/DSI),20000.0,L,ESTACION DE SERVICIO CALUYO S.R.L.,1189-ZFC,Gasolina Especial +,GASOLINA_ESPECIAL_MAS,,,
2026-09-16,2026-09-16,True,False,Distrito Comercial La Paz,GASOLINA ESPECIAL + (S/DSI),20000.0,L,ESTACION DE SERVICIO TEJADA TRIANGULAR,1776-DNN,Gasolina Especial +,GASOLINA_ESPECIAL_MAS,,,
2026-09-16,2026-09-15,True,True,Distrito Comercial La Paz,GASOLINA ESPECIAL EESS,22000.0,L,EST. SERV. UCHUMACHI,3766-RPX,Gasolina Especial,GASOLINA_ESPECIAL,,,
2026-09-16,2026-09-15,True,True,Distrito Comercial La Paz,DIESEL OIL IMPORTADO EESS,24000.0,L,ESTACION DE SERVICIO C. REDENTOR S.R.L.,2281-IEP,Diesel Oil Importado,DIESEL_IMPORTADO,,,
2026-09-16,2026-09-15,True,True,Distrito Comercial La Paz,DIESEL OIL NACIONAL EESS,32000.0,L,EST. SERV. PALOS BLANCOS,5229-ECH,Diesel Oil Nacional,DIESEL_NACIONAL,,,
2026-09-16,2026-09-15,True,True,Distrito Comercial La Paz,DIESEL OIL IMPORTADO EESS,20000.0,L,EST. SERV. CHUSAMARCA,1401-ICT,Diesel Oil Importado,DIESEL_IMPORTADO,,,
2026-09-16,2026-09-16,True,False,Distrito Comercial La Paz,GASOLINA ESPECIAL + (S/DSI),24000.0,L,EST. SERV. JAIMES FREYRE,1118-KLR,Gasolina Especial +,GASOLINA_ESPECIAL_MAS,,,
2026-09-16,2026-09-16,True,False,Distrito Comercial La Paz,GASOLINA ESPECIAL + EESS,20000.0,L,EST. SERV. ACHACACHI S.R.L.,1604-NBE,Gasolina Especial +,GASOLINA_ESPECIAL_MAS,,,
2026-09-16,2026-09-16,True,False,Distrito Comercial La Paz,DIESEL OIL NACIONAL EESS,24000.0,L,ESTACION DE SERVICIO PARAISO TROPICAL,2532-UDH,Diesel Oil Nacional,DIESEL_NACIONAL,,,
2026-09-16,2026-09-16,True,False,Distrito Comercial La Paz,GASOLINA ESPECIAL + (S/DSI),24000.0,L,EST. SERV. CARSUR S.R.L.,561-YKH,Gasolina Especial +,GASOLINA_ESPECIAL_MAS,,,
2026-09-16,2026-09-16,True,False,Distrito Comercial La Paz,GASOLINA ESPECIAL + (S/DSI),24000.0,L,EST. SERV. GAS-MAY S.R.L.,1704-ESB,Gasolina Especial +,GASOLINA_ESPECIAL_MAS,,,
2026-09-16,2026-09-16,True,False,Distrito Comercial La Paz,DIESEL OIL IMPORTADO EESS,24000.0,L,EDUARDO YUPANQUI Q.-EST. SERV. VENTILLA,1149-ZND,Diesel Oil Importado,DIESEL_IMPORTADO,,,
2026-09-16,2026-09-16,True,False,Distrito Comercial La Paz,GASOLINA ESPECIAL + (S/DSI),18000.0,L,EST. SERV. SALIDA LTDA,2701-TZH,Gasolina Especial +,GASOLINA_ESPECIAL_MAS,,,
2026-09-16,2026-09-16,True,False,Distrito Comercial La Paz,GASOLINA ESPECIAL + (S/DSI),24000.0,L,GAS SAN FELIPE S.R.L.,5602-HKS,Gasolina Especial +,GASOLINA_ESPECIAL_MAS,,,
2026-09-16,2026-09-16,True,False,Distrito Comercial La Paz,GASOLINA ESPECIAL + (S/DSI),20000.0,L,ESTACION DE SERVICIO SEÑOR DE MAYO S.R.L.,551-HEL,Gasolina Especial +,GASOLINA_ESPECIAL_MAS,,,
2026-09-16,2026-09-16,True,False,Distrito Comercial La Paz,DIESEL OIL NACIONAL EESS,22000.0,L,ESTACION DE SERVICIO ISSUCADELA S.R.L,4074-FNA,Diesel Oil Nacional,DIESEL_NACIONAL,,,
2026-09-16,2026-09-16,True,False,Distrito Comercial La Paz,DIESEL OIL IMPORTADO EESS,18000.0,L,EST. SERV. VOLCAN S.R.L.,5274-GHT,Diesel Oil Importado,DIESEL_IMPORTADO,,,
2026-09-16,2026-09-16,True,False,Distrito Comercial La Paz,GASOLINA ESPECIAL + (S/DSI),24000.0,L,EST. SERV. EMP. COM. HID. TUPAC KATARI S.R.L.,374-NHY,Gasolina Especial +,GASOLINA_ESPECIAL_MAS,,,
2026-09-16,2026-09-16,True,False,Distrito Comercial La Paz,GASOLINA ESPECIAL + (S/DSI),24000.0,L,ESTACION DE SERVICIO LOZA - MARCELINA AGUIRRE VDA. DE LOZA,581-YGU,Gasolina Especial +,GASOLINA_ESPECIAL_MAS,,,
2026-09-16,2026-09-16,True,False,Distrito Comercial La Paz,DIESEL OIL IMPORTADO EESS,12000.0,L,EST. SERV. SIEMPRE A FULL MIRAFLORES S.R.L. (SAF),1156-PGH 1,Diesel Oil Importado,DIESEL_IMPORTADO,,,
2026-09-16,2026-09-16,True,False,Distrito Comercial La Paz,GASOLINA ESPECIAL + (S/DSI),24000.0,L,GREGORIO CUENTAS M. EST. SERV. DRAGON DE ORO,500-FYX,Gasolina Especial +,GASOLINA_ESPECIAL_MAS,,,
2026-09-16,2026-09-16,True,False,Distrito Comercial La Paz,DIESEL OIL IMPORTADO EESS,13000.0,L,ESTACION DE SERVICIO SAN SEBASTIAN S.R.L.,2537-TEG,Diesel Oil Importado,DIESEL_IMPORTADO,,,
2026-09-16,2026-09-16,True,False,Distrito Comercial La Paz,DIESEL OIL IMPORTADO EESS,24000.0,L,ESTACIÓN DE SERVICIO ALIMARC INTER GAS BOLIVIA S.R.L.,547-CKT,Diesel Oil Importado,DIESEL_IMPORTADO,,,
2026-09-16,2026-09-16,True,False,Distrito Comercial La Paz,DIESEL OIL NACIONAL EESS,22000.0,L,PANAMERICANA INTERNACIONAL S.R.L. PAINTER S.R.L.,5165-AKL,Diesel Oil Nacional,DIESEL_NACIONAL,,,
2026-09-16,2026-09-16,True,False,Distrito Comercial La Paz,DIESEL OIL IMPORTADO EESS,24000.0,L,ESTACION DE SERVICIOS NIMAGASBOL S.R.L.,5028-SLK,Diesel Oil Importado,DIESEL_IMPORTADO,,,
2026-09-16,2026-09-16,True,False,Distrito Comercial La Paz,DIESEL OIL IMPORTADO EESS,24000.0,L,ELDA S. AGUILAR V. - EST. SERV. JUAN PABLO II,1853-KTP,Diesel Oil Importado,DIESEL_IMPORTADO,,,
2026-09-16,2026-09-16,True,False,Distrito Comercial La Paz,DIESEL OIL IMPORTADO EESS,18000.0,L,ESTACIÓN DE SERVICIO LAS ROSAS S.R.L.,101-GEK,Diesel Oil Importado,DIESEL_IMPORTADO,,,
2026-09-16,2026-09-16,True,False,Distrito Comercial La Paz,DIESEL OIL IMPORTADO EESS,12000.0,L,EST. SERV. ESUR GHS LTDA.,908-YCP,Diesel Oil Importado,DIESEL_IMPORTADO,,,
2026-09-16,2026-09-16,True,False,Distrito Comercial La Paz,DIESEL OIL NACIONAL EESS,22000.0,L,ESTACIÓN DE SERVICIO KONANI S.R.L.,1552-PFH,Diesel Oil Nacional,DIESEL_NACIONAL,,,
2026-09-16,2026-09-16,True,False,Distrito Comercial La Paz,GASOLINA ESPECIAL + (S/DSI),20000.0,L,EST. SERV. PEREZ ROCHA SRL.,3445-DKC,Gasolina Especial +,GASOLINA_ESPECIAL_MAS,,,
2026-09-16,2026-09-16,True,False,Distrito Comercial La Paz,GASOLINA ESPECIAL + (S/DSI),24000.0,L,EST. SERV. CHASQUIPAMPA S.R.L.,3030-TPF,Gasolina Especial +,GASOLINA_ESPECIAL_MAS,,,
2026-09-16,2026-09-16,True,False,Distrito Comercial La Paz,GASOLINA ESPECIAL + (S/DSI),20000.0,L,EST. SERV. ILLIMANI S.R.L.,564-CNY,Gasolina Especial +,GASOLINA_ESPECIAL_MAS,,,
2026-09-16,2026-09-16,True,False,Distrito Comercial La Paz,GASOLINA ESPECIAL + (S/DSI),24000.0,L,EST. SERV. EL PARAISO SRL.,5352-FGB,Gasolina Especial +,GASOLINA_ESPECIAL_MAS,,,
2026-09-16,2026-09-16,True,False,Distrito Comercial La Paz,DIESEL OIL IMPORTADO EESS,24000.0,L,EST. SERV. APOSTOL SANTIAGO,1487-RYN,Diesel Oil Importado,DIESEL_IMPORTADO,,,
2026-09-16,2026-09-16,True,False,Distrito Comercial La Paz,GASOLINA ESPECIAL + (S/DSI),24000.0,L,EST. SERV. MOTORECO SRL.,1340-SPB,Gasolina Especial +,GASOLINA_ESPECIAL_MAS,,,
2026-09-16,2026-09-16,True,False,Distrito Comercial La Paz,DIESEL OIL IMPORTADO EESS,24000.0,L,EST. SERV. MARANATHA,3135-UDX,Diesel Oil Importado,DIESEL_IMPORTADO,,,
2026-09-16,2026-09-16,True,False,Distrito Comercial La Paz,DIESEL OIL IMPORTADO EESS,24000.0,L,EST. SERV. PLAYA VERDE,1089-ZGC 1,Diesel Oil Importado,DIESEL_IMPORTADO,,,
2026-09-16,2026-09-16,True,False,Distrito Comercial La Paz,DIESEL OIL IMPORTADO EESS,18000.0,L,EST. SERV. SURTIDORES UNITOURS LTDA.,3091-NHK,Diesel Oil Importado,DIESEL_IMPORTADO,,,
2026-09-16,2026-09-16,True,False,Distrito Comercial La Paz,GASOLINA ESPECIAL + (S/DSI),24000.0,L,ESTACION DE SERVICIO KORY INTI S.R.L.,3879-BHE,Gasolina Especial +,GASOLINA_ESPECIAL_MAS,,,
2026-09-16,2026-09-16,True,False,Distrito Comercial La Paz,GASOLINA ESPECIAL + (S/DSI),24000.0,L,ELDA S. AGUILAR V. - EST. SERV. JUAN PABLO II,4457-NRI,Gasolina Especial +,GASOLINA_ESPECIAL_MAS,,,
2026-09-16,2026-09-16,True,False,Distrito Comercial La Paz,GASOLINA ESPECIAL + (S/DSI),24000.0,L,EST. SERV. QHANTATI SRL.,815-XSR,Gasolina Especial +,GASOLINA_ESPECIAL_MAS,,,
2026-09-16,2026-09-16,True,False,Distrito Comercial La Paz,GASOLINA ESPECIAL + (S/DSI),22000.0,L,MARIA PATZI-EST. SERV. VARELA,2352-NHH,Gasolina Especial +,GASOLINA_ESPECIAL_MAS,,,
2026-09-16,2026-09-16,True,False,Distrito Comercial La Paz,GASOLINA ESPECIAL + (S/DSI),24000.0,L,EST. SERV. VOLCAN S.R.L.,3104-KDS,Gasolina Especial +,GASOLINA_ESPECIAL_MAS,,,
2026-09-16,2026-09-16,True,False,Distrito Comercial La Paz,GASOLINA ESPECIAL + (S/DSI),18000.0,L,EST. SERV. LAREDO SRL,419-LCF,Gasolina Especial +,GASOLINA_ESPECIAL_MAS,,,
2026-09-16,2026-09-16,True,False,Distrito Comercial La Paz,GASOLINA ESPECIAL + (S/DSI),18000.0,L,ZURSIL S.R.L. - E.S.T.,1604-NBE,Gasolina Especial +,GASOLINA_ESPECIAL_MAS,,,
2026-09-16,2026-09-16,True,False,Distrito Comercial La Paz,GASOLINA ESPECIAL + (S/DSI),24000.0,L,ESTACION DE SERVICIO KANTUTA S.R.L.,557-XEF,Gasolina Especial +,GASOLINA_ESPECIAL_MAS,,,
2026-09-16,2026-09-16,True,False,Distrito Comercial La Paz,GASOLINA ESPECIAL + (S/DSI),24000.0,L,GRUPO EMPRESARIAL VIRGEN DE LOS ALAMOS S.R.L.,4831-ETU,Gasolina Especial +,GASOLINA_ESPECIAL_MAS,,,
2026-09-16,2026-09-15,True,True,Distrito Comercial La Paz,DIESEL OIL IMPORTADO EESS,20000.0,L,EST. SERV. EMP. COM. HID. TUPAC KATARI S.R.L.,2484-PUD,Diesel Oil Importado,DIESEL_IMPORTADO,,,
2026-09-16,2026-09-16,True,False,Distrito Comercial La Paz,DIESEL OIL IMPORTADO EESS,20000.0,L,EST. SERV. LOS ANDES SRL,5632-ZYE,Diesel Oil Importado,DIESEL_IMPORTADO,,,
2026-09-16,2026-09-16,True,False,Distrito Comercial La Paz,DIESEL OIL IMPORTADO EESS,24000.0,L,ESTACION DE SERVICIO C. REDENTOR S.R.L.,306-ERY,Diesel Oil Importado,DIESEL_IMPORTADO,,,
2026-09-16,2026-09-16,True,False,Distrito Comercial La Paz,DIESEL OIL IMPORTADO EESS,20000.0,L,EST. SERV. EL PARAISO SRL.,3831-BFB,Diesel Oil Importado,DIESEL_IMPORTADO,,,
2026-09-16,2026-09-16,True,False,Distrito Comercial La Paz,DIESEL OIL IMPORTADO EESS,12000.0,L,DISTRIBUIDORA DE GASOLINA Y LUBRICANTES SAN PABLO S.R.L.,629-DXB,Diesel Oil Importado,DIESEL_IMPORTADO,,,
2026-09-16,2026-09-16,True,False,Distrito Comercial La Paz,GASOLINA ESPECIAL + (S/DSI),24000.0,L,EST. SERV. CUENTAS SAN PABLO II S.R.L.,1189-EHP,Gasolina Especial +,GASOLINA_ESPECIAL_MAS,,,
2026-09-16,2026-09-16,True,False,Distrito Comercial La Paz,DIESEL OIL NACIONAL EESS,22000.0,L,MARIO ALVAREZ M. EST. SERV. ALVAPETROL,3061-LXN,Diesel Oil Nacional,DIESEL_NACIONAL,,,
2026-09-16,2026-09-16,True,False,Distrito Comercial La Paz,DIESEL OIL IMPORTADO EESS,20000.0,L,EST. SERV. INTEROCEANICO,1326-NDS,Diesel Oil Importado,DIESEL_IMPORTADO,,,
2026-09-16,2026-09-16,True,False,Distrito Comercial La Paz,DIESEL OIL IMPORTADO EESS,24000.0,L,ESTACION DE SERVICIO ZOFRI S.R.L.,1397-CTU,Diesel Oil Importado,DIESEL_IMPORTADO,,,
2026-09-16,2026-09-16,True,False,Distrito Comercial La Paz,DIESEL OIL IMPORTADO EESS,24000.0,L,EST. SERV. CANDELARIA,1062-UXD,Diesel Oil Importado,DIESEL_IMPORTADO,,,
2026-09-16,2026-09-16,True,False,Distrito Comercial La Paz,DIESEL OIL IMPORTADO EESS,24000.0,L,EST. SERV. CHALY,2514-AZU,Diesel Oil Importado,DIESEL_IMPORTADO,,,
2026-09-16,2026-09-16,True,False,Distrito Comercial La Paz,DIESEL OIL IMPORTADO EESS,24000.0,L,EST. SERV. 6 DE MARZO,328-LNP,Diesel Oil Importado,DIESEL_IMPORTADO,,,
2026-09-17,2026-09-17,True,False,Distrito Comercial La Paz,GASOLINA ESPECIAL + (S/DSI),20000.0,L,EST. SERV. ILLIMANI S.R.L.,564-CNY,Gasolina Especial +,GASOLINA_ESPECIAL_MAS,,,
2026-09-17,2026-09-17,True,False,Distrito Comercial La Paz,GASOLINA ESPECIAL + (S/DSI),24000.0,L,EST. SERV. CHASQUIPAMPA S.R.L.,3030-TPF,Gasolina Especial +,GASOLINA_ESPECIAL_MAS,,,
2026-09-17,2026-09-17,True,False,Distrito Comercial La Paz,GASOLINA ESPECIAL + (S/DSI),20000.0,L,ESTACION DE SERVICIO SEÑOR DE MAYO S.R.L.,551-HEL,Gasolina Especial +,GASOLINA_ESPECIAL_MAS,,,
2026-09-17,2026-09-17,True,False,Distrito Comercial La Paz,GASOLINA ESPECIAL + (S/DSI),24000.0,L,EST. SERV. PLAYA VERDE,1157-UUL,Gasolina Especial +,GASOLINA_ESPECIAL_MAS,,,
2026-09-17,2026-09-17,True,False,Distrito Comercial La Paz,GASOLINA ESPECIAL + (S/DSI),20000.0,L,ESTACION DE SERVICIO TEJADA TRIANGULAR,1776-DNN,Gasolina Especial +,GASOLINA_ESPECIAL_MAS,,,
2026-09-17,2026-09-17,True,False,Distrito Comercial La Paz,GASOLINA ESPECIAL + (S/DSI),20000.0,L,EST. SERV. SAN PABLO VILLA BOLIVAR S.R.L.,496-HSR,Gasolina Especial +,GASOLINA_ESPECIAL_MAS,,,
2026-09-17,2026-09-17,True,False,Distrito Comercial La Paz,GASOLINA ESPECIAL + (S/DSI),24000.0,L,EST. SERV. CHALY,3614-LTY,Gasolina Especial +,GASOLINA_ESPECIAL_MAS,,,
2026-09-17,2026-09-17,True,False,Distrito Comercial La Paz,GASOLINA ESPECIAL + (S/DSI),18000.0,L,EST. SERV. CANDELARIA,4831-ETU,Gasolina Especial +,GASOLINA_ESPECIAL_MAS,,,
2026-09-17,2026-09-17,True,False,Distrito Comercial La Paz,GASOLINA ESPECIAL + (S/DSI),17500.0,L,ESTACION DE SERVICIO SAN SEBASTIAN S.R.L.,2537-TEG,Gasolina Especial +,GASOLINA_ESPECIAL_MAS,,,
2026-09-17,2026-09-17,True,False,Distrito Comercial La Paz,GASOLINA ESPECIAL + (S/DSI),20000.0,L,ESTACION DE SERVICIO CALUYO S.R.L.,1189-ZFC,Gasolina Especial +,GASOLINA_ESPECIAL_MAS,,,
2026-09-17,2026-09-17,True,False,Distrito Comercial La Paz,GASOLINA ESPECIAL + (S/DSI),20000.0,L,EST. SERV. TEXAS S.R.L.,1008-UIC,Gasolina Especial +,GASOLINA_ESPECIAL_MAS,,,
2026-09-17,2026-09-17,True,False,Distrito Comercial La Paz,GASOLINA ESPECIAL + (S/DSI),24000.0,L,EST. SERV. M&G CAMINO REAL,2801-XUD,Gasolina Especial +,GASOLINA_ESPECIAL_MAS,,,
2026-09-17,2026-09-16,True,True,Distrito Comercial La Paz,DIESEL OIL NACIONAL EESS,22000.0,L,EST. SERV. DESAGUADERO S.R.L.,396-SGP,Diesel Oil Nacional,DIESEL_NACIONAL,,,
2026-09-17,2026-09-17,True,False,Distrito Comercial La Paz,DIESEL OIL IMPORTADO EESS,24000.0,L,ESTACION DE SERVICIO ZOFRI S.R.L.,1106-PCH,Diesel Oil Importado,DIESEL_IMPORTADO,,,
2026-09-17,2026-09-17,True,False,Distrito Comercial La Paz,DIESEL OIL IMPORTADO EESS,24000.0,L,EST. SERV. LAREDO SRL,4003-ADT,Diesel Oil Importado,DIESEL_IMPORTADO,,,
2026-09-17,2026-09-17,True,False,Distrito Comercial La Paz,DIESEL OIL IMPORTADO EESS,20000.0,L,ESTACION DE SERVICIO SEÑOR DE MAYO S.R.L.,839-EUS,Diesel Oil Importado,DIESEL_IMPORTADO,,,
2026-09-17,2026-09-17,True,False,Distrito Comercial La Paz,DIESEL OIL IMPORTADO EESS,20000.0,L,MARIA PATZI-EST. SERV. VARELA,2352-NHH,Diesel Oil Importado,DIESEL_IMPORTADO,,,
2026-09-17,2026-09-17,True,False,Distrito Comercial La Paz,DIESEL OIL IMPORTADO EESS,24000.0,L,ELSA CHIPANA H. - EST. SERV. ECOPETROL,4563-ZEN 1,Diesel Oil Importado,DIESEL_IMPORTADO,,,
2026-09-17,2026-09-17,True,False,Distrito Comercial La Paz,DIESEL OIL IMPORTADO EESS,24000.0,L,ESTACION DE SERVICIOS NIMAGASBOL S.R.L.,5028-SLK,Diesel Oil Importado,DIESEL_IMPORTADO,,,
2026-09-17,2026-09-17,True,False,Distrito Comercial La Paz,DIESEL OIL IMPORTADO EESS,13000.0,L,ESTACION DE SERVICIO SAN SEBASTIAN S.R.L.,2537-TEG,Diesel Oil Importado,DIESEL_IMPORTADO,,,
2026-09-17,2026-09-17,True,False,Distrito Comercial La Paz,DIESEL OIL IMPORTADO EESS,14000.0,L,EST. SERV. LOS ANDES SRL,5632-ZYE,Diesel Oil Importado,DIESEL_IMPORTADO,,,
2026-09-17,2026-09-17,True,False,Distrito Comercial La Paz,DIESEL OIL IMPORTADO EESS,24000.0,L,EST. SERV. APOSTOL SANTIAGO,1487-RYN,Diesel Oil Importado,DIESEL_IMPORTADO,,,
2026-09-17,2026-09-17,True,False,Distrito Comercial La Paz,DIESEL OIL IMPORTADO EESS,12000.0,L,GREGORIO CUENTAS M. EST. SERV. DRAGON DE ORO,500-FYX,Diesel Oil Importado,DIESEL_IMPORTADO,,,
2026-09-17,2026-09-17,True,False,Distrito Comercial La Paz,DIESEL OIL IMPORTADO EESS,18000.0,L,EST. SERV. SOC. IND. COM. G.L.P.H. LTDA,671-SUX,Diesel Oil Importado,DIESEL_IMPORTADO,,,
2026-09-17,2026-09-17,True,False,Distrito Comercial La Paz,GASOLINA ESPECIAL + (S/DSI),12000.0,L,EST. SERV. CHUSAMARCA,3879-BHE,Gasolina Especial +,GASOLINA_ESPECIAL_MAS,,,
2026-09-17,2026-09-17,True,False,Distrito Comercial La Paz,GASOLINA ESPECIAL + (S/DSI),24000.0,L,EST. SERV. VOLCAN S.R.L.,2538BZG(1),Gasolina Especial +,GASOLINA_ESPECIAL_MAS,,,
2026-09-17,2026-09-17,True,False,Distrito Comercial La Paz,GASOLINA ESPECIAL + (S/DSI),12000.0,L,EST. SERV. RACING GAS S.R.L.,564-CBH,Gasolina Especial +,GASOLINA_ESPECIAL_MAS,,,
2026-09-17,2026-09-17,True,False,Distrito Comercial La Paz,GASOLINA ESPECIAL + EESS,22000.0,L,GASOLINERA HUATAJATA S.R.L.,4244-CHC,Gasolina Especial +,GASOLINA_ESPECIAL_MAS,,,
2026-09-17,2026-09-17,True,False,Distrito Comercial La Paz,DIESEL OIL IMPORTADO CF,19900.0,L,COOPERATIVA MINERA AURIFERA UNION TACACOMA R.L.,487-RSX,Diesel Oil Importado,DIESEL_IMPORTADO,,,
2026-09-17,2026-09-17,True,False,Distrito Comercial La Paz,GASOLINA ESPECIAL + (S/DSI),12000.0,L,EST. SERV. YUPANQUI,2823-NPX,Gasolina Especial +,GASOLINA_ESPECIAL_MAS,,,
2026-09-17,2026-09-17,True,False,Distrito Comercial La Paz,GASOLINA ESPECIAL + (S/DSI),24000.0,L,EST. SERV. CARSUR S.R.L.,561-YKH,Gasolina Especial +,GASOLINA_ESPECIAL_MAS,,,
2026-09-17,2026-09-17,True,False,Distrito Comercial La Paz,GASOLINA ESPECIAL + (S/DSI),24000.0,L,EST. SERV. EMP. COM. HID. TUPAC KATARI S.R.L.,1148-NIX 1,Gasolina Especial +,GASOLINA_ESPECIAL_MAS,,,
2026-09-17,2026-09-17,True,False,Distrito Comercial La Paz,GASOLINA ESPECIAL + EESS,22000.0,L,ESTACION DE SERVICIO TEOPONTE S.R.L.,2160-RXK,Gasolina Especial +,GASOLINA_ESPECIAL_MAS,,,
2026-09-17,2026-09-17,True,False,Distrito Comercial La Paz,DIESEL OIL IMPORTADO EESS,24000.0,L,ELDA S. AGUILAR V. - EST. SERV. JUAN PABLO II,4457-NRI,Diesel Oil Importado,DIESEL_IMPORTADO,,,
2026-09-17,2026-09-17,True,False,Distrito Comercial La Paz,GASOLINA ESPECIAL + (S/DSI),12000.0,L,ELDA S. AGUILAR V. - EST. SERV. JUAN PABLO II,982-IUX,Gasolina Especial +,GASOLINA_ESPECIAL_MAS,,,
2026-09-17,2026-09-17,True,False,Distrito Comercial La Paz,DIESEL OIL NACIONAL EESS,20000.0,L,EST. SERV. ACHACACHI S.R.L.,542-PSF,Diesel Oil Nacional,DIESEL_NACIONAL,,,
2026-09-17,2026-09-17,True,False,Distrito Comercial La Paz,GASOLINA ESPECIAL + EESS,22000.0,L,EST. SERV. RIO MANIQUI - FATIMA FORERO B.,306-ESC,Gasolina Especial +,GASOLINA_ESPECIAL_MAS,,,
2026-09-17,2026-09-17,True,False,Distrito Comercial La Paz,GASOLINA ESPECIAL + EESS,32000.0,L,EST. SERV. PALOS BLANCOS,4692-PKE,Gasolina Especial +,GASOLINA_ESPECIAL_MAS,,,
2026-09-17,2026-09-17,True,False,Distrito Comercial La Paz,GASOLINA ESPECIAL + (S/DSI),24000.0,L,EST. SERV. LUBRICAN SRL,2714-SNP,Gasolina Especial +,GASOLINA_ESPECIAL_MAS,,,
2026-09-17,2026-09-17,True,False,Distrito Comercial La Paz,DIESEL OIL IMPORTADO EESS,24000.0,L,EST. SERV. ILLIMANI S.R.L.,602-HER,Diesel Oil Importado,DIESEL_IMPORTADO,,,
2026-09-17,2026-09-17,True,False,Distrito Comercial La Paz,DIESEL OIL IMPORTADO EESS,20000.0,L,EST. SERV. M&G CAMINO REAL,2801-XUD,Diesel Oil Importado,DIESEL_IMPORTADO,,,
2026-09-17,2026-09-17,True,False,Distrito Comercial La Paz,GASOLINA ESPECIAL + CF,11000.0,L,EMPRESA ELECTRICA ENDE CORANI S.A.,2484-PUD,Gasolina Especial +,GASOLINA_ESPECIAL_MAS,,,
2026-09-17,2026-09-17,True,False,Distrito Comercial La Paz,GASOLINA ESPECIAL + (S/DSI),24000.0,L,EST. SERV. ACB CALACOTO,839-EUS,Gasolina Especial +,GASOLINA_ESPECIAL_MAS,,,
2026-09-17,2026-09-17,True,False,Distrito Comercial La Paz,GASOLINA ESPECIAL + (S/DSI),20000.0,L,EST. SERV. ALTO LIMA S.R.L.,1555-ULK,Gasolina Especial +,GASOLINA_ESPECIAL_MAS,,,
2026-09-17,2026-09-17,True,False,Distrito Comercial La Paz,DIESEL OIL IMPORTADO EESS,12000.0,L,ESTACION DE SERVICIO CHALLAPAMPA S.R.L.,417-FKH,Diesel Oil Importado,DIESEL_IMPORTADO,,,
2026-09-17,2026-09-17,True,False,Distrito Comercial La Paz,GASOLINA ESPECIAL + (S/DSI),24000.0,L,EST. SERV. ESUR GHS LTDA.,667-TPB,Gasolina Especial +,GASOLINA_ESPECIAL_MAS,,,
2026-09-17,2026-09-17,True,False,Distrito Comercial La Paz,GASOLINA ESPECIAL + (S/DSI),12000.0,L,ESTACION DE SERVICIO C. REDENTOR S.R.L.,306-ERY,Gasolina Especial +,GASOLINA_ESPECIAL_MAS,,,
2026-09-17,2026-09-16,True,True,Distrito Comercial La Paz,GASOLINA ESPECIAL + EESS,24000.0,L,OFELIA PLATA P. - EST. SERV. DARTAÑAN,915-XPL,Gasolina Especial +,GASOLINA_ESPECIAL_MAS,,,
2026-09-17,2026-09-17,True,False,Distrito Comercial La Paz,GASOLINA ESPECIAL + (S/DSI),12000.0,L,ELSA CHIPANA H. - EST. SERV. ECOPETROL,829-XPG,Gasolina Especial +,GASOLINA_ESPECIAL_MAS,,,
2026-09-17,2026-09-17,True,False,Distrito Comercial La Paz,GASOLINA ESPECIAL + (S/DSI),24000.0,L,EST. SERV. SIEMPRE A FULL MIRAFLORES S.R.L. (SAF),1502-ZDB,Gasolina Especial +,GASOLINA_ESPECIAL_MAS,,,
2026-09-17,2026-09-17,True,False,Distrito Comercial La Paz,GASOLINA ESPECIAL + (S/DSI),24000.0,L,EST. SERV. SOC. IND. COM. G.L.P.H. LTDA,671-SUX,Gasolina Especial +,GASOLINA_ESPECIAL_MAS,,,
2026-09-17,2026-09-17,True,False,Distrito Comercial La Paz,GASOLINA ESPECIAL + (S/DSI),18000.0,L,ZURSIL S.R.L. - E.S.T.,542-PSF,Gasolina Especial +,GASOLINA_ESPECIAL_MAS,,,
2026-09-17,2026-09-17,True,False,Distrito Comercial La Paz,GASOLINA ESPECIAL + (S/DSI),24000.0,L,ELDA S. AGUILAR V. - EST. SERV. JUAN PABLO II,4457-NRI,Gasolina Especial +,GASOLINA_ESPECIAL_MAS,,,
2026-09-17,2026-09-17,True,False,Distrito Comercial La Paz,GASOLINA ESPECIAL + (S/DSI),18000.0,L,EST. SERV. LAREDO SRL,1600-HIP,Gasolina Especial +,GASOLINA_ESPECIAL_MAS,,,
2026-09-17,2026-09-17,True,False,Distrito Comercial La Paz,GASOLINA ESPECIAL + (S/DSI),24000.0,L,EST. SERV. QHANTATI SRL.,815-XSR,Gasolina Especial +,GASOLINA_ESPECIAL_MAS,,,
2026-09-17,2026-09-17,True,False,Distrito Comercial La Paz,GASOLINA ESPECIAL + (S/DSI),24000.0,L,GRUPO EMPRESARIAL VIRGEN DE LOS ALAMOS S.R.L.,4831-ETU,Gasolina Especial +,GASOLINA_ESPECIAL_MAS,,,
2026-09-17,2026-09-17,True,False,Distrito Comercial La Paz,GASOLINA ESPECIAL + (S/DSI),20000.0,L,EST. SERV. GAS CENTRO S.R.L.,589-NAK,Gasolina Especial +,GASOLINA_ESPECIAL_MAS,,,
2026-09-17,2026-09-17,True,False,Distrito Comercial La Paz,GASOLINA ESPECIAL + (S/DSI),18000.0,L,ESTACION DE SERVICIO ZOFRI S.R.L.,1397-CTU,Gasolina Especial +,GASOLINA_ESPECIAL_MAS,,,
2026-09-17,2026-09-17,True,False,Distrito Comercial La Paz,GASOLINA ESPECIAL + (S/DSI),24000.0,L,EST. SERV. EL PARAISO SRL.,5352-FGB,Gasolina Especial +,GASOLINA_ESPECIAL_MAS,,,
2026-09-17,2026-09-17,True,False,Distrito Comercial La Paz,GASOLINA ESPECIAL + (S/DSI),20000.0,L,EST. SERV. PEREZ ROCHA SRL.,3445-DKC,Gasolina Especial +,GASOLINA_ESPECIAL_MAS,,,
2026-09-17,2026-09-17,True,False,Distrito Comercial La Paz,GASOLINA ESPECIAL + (S/DSI),20000.0,L,EST. SERV. CRISTO AUTO GAS SRL.,2201-IRF,Gasolina Especial +,GASOLINA_ESPECIAL_MAS,,,
2026-09-17,2026-09-17,True,False,Distrito Comercial La Paz,GASOLINA ESPECIAL + (S/DSI),24000.0,L,EST. SERV. CUENTAS SAN PABLO II S.R.L.,2097-PCX,Gasolina Especial +,GASOLINA_ESPECIAL_MAS,,,
2026-09-17,2026-09-17,True,False,Distrito Comercial La Paz,GASOLINA ESPECIAL + (S/DSI),12000.0,L,EST. SERV. SURTIDORES UNITOURS LTDA.,3091-NHK,Gasolina Especial +,GASOLINA_ESPECIAL_MAS,,,
2026-09-17,2026-09-17,True,False,Distrito Comercial La Paz,GASOLINA ESPECIAL + (S/DSI),24000.0,L,GREGORIO CUENTAS M. EST. SERV. DRAGON DE ORO,500-FYX,Gasolina Especial +,GASOLINA_ESPECIAL_MAS,,,
2026-09-17,2026-09-17,True,False,Distrito Comercial La Paz,GLP DISTRIB. 10 KILOS NAL,5200.0,L,DIST. GLP. DISANDES S.R.L.,2279-SPR,GLP,GLP,,,
2026-09-17,2026-09-17,True,False,Distrito Comercial La Paz,GLP DISTRIB. 10 KILOS NAL,5800.0,L,DIST. GLP. DISANDES S.R.L.,1814-GTY,GLP,GLP,,,
2026-09-17,2026-09-17,True,False,Distrito Comercial La Paz,GLP DISTRIB. 10 KILOS NAL,6480.0,L,DIST. GLP. VIAGAS,162-ZAS,GLP,GLP,,,
2026-09-17,2026-09-17,True,False,Distrito Comercial La Paz,GLP DISTRIB. 10 KILOS NAL,8840.0,L,DISTRIBUIDORA DE GAS LICUADO ALEJANDRA S.R.L.,2812-HKH,GLP,GLP,,,
2026-09-17,2026-09-17,True,False,Distrito Comercial La Paz,GLP DISTRIB. 10 KILOS NAL,6900.0,L,SAN JUDAS TADEO SOCIEDAD DE RESPONSABILIDAD LIMITADA,104-SNC,GLP,GLP,,,
2026-09-17,2026-09-16,True,True,Distrito Comercial La Paz,DIESEL OIL NACIONAL EESS,22000.0,L,GABY PACO CH. - EST. SERV. COLQUEPATA,3867-HFA,Diesel Oil Nacional,DIESEL_NACIONAL,,,
2026-09-17,2026-09-17,True,False,Distrito Comercial La Paz,GLP DISTRIB. 10 KILOS NAL,6630.0,L,DIST. GLP. PROGAS S.R.L.,081-CEX,GLP,GLP,,,
2026-09-17,2026-09-17,True,False,Distrito Comercial La Paz,GLP DISTRIB. 10 KILOS NAL,6630.0,L,ISABEL DURAN DE ITURRI - DIST. GLP DURA GAS,659-INT,GLP,GLP,,,
2026-09-17,2026-09-17,True,False,Distrito Comercial La Paz,GLP DISTRIB. 10 KILOS NAL,6750.0,L,ISABEL DURAN DE ITURRI - DIST. GLP DURA GAS,791-PKT,GLP,GLP,,,
2026-09-17,2026-09-17,True,False,Distrito Comercial La Paz,GLP DISTRIB. 10 KILOS NAL,6830.0,L,DIST. GLP. ESMERALDA GAS SRL.,924-ZFP,GLP,GLP,,,
2026-09-17,2026-09-16,True,True,Distrito Comercial La Paz,DIESEL OIL NACIONAL EESS,22000.0,L,SOCIEDAD PERLA ANDINA S.R.L.,1008-UIC,Diesel Oil Nacional,DIESEL_NACIONAL,,,
2026-09-17,2026-09-17,True,False,Distrito Comercial La Paz,GLP DISTRIB. 10 KILOS NAL,5720.0,L,DIST. GLP. SAMO S.A.,1311-BND,GLP,GLP,,,
2026-09-17,2026-09-17,True,False,Distrito Comercial La Paz,GLP DISTRIB. 10 KILOS NAL,6090.0,L,DIST. GLP. SOCIEDAD PETROLERA SANTA ELENA S.R.L. (SOPESE S.R.L.),414-BKB,GLP,GLP,,,
2026-09-17,2026-09-16,True,True,Distrito Comercial La Paz,GASOLINA ESPECIAL + (S/DSI),24000.0,L,ESTACION DE SERVICIO LOS ROSALES,1106-PCH,Gasolina Especial +,GASOLINA_ESPECIAL_MAS,,,
2026-09-17,2026-09-17,True,False,Distrito Comercial La Paz,GLP DISTRIB. 10 KILOS NAL,6630.0,L,GMGRECO GAS SOCIEDAD DE RESPONSABILIDAD LIMITADA,2060-RYK,GLP,GLP,,,
2026-09-17,2026-09-16,True,True,Distrito Comercial La Paz,GASOLINA ESPECIAL + (S/DSI),12000.0,L,EST. SERV. JAIMES FREYRE,1118-KLR,Gasolina Especial +,GASOLINA_ESPECIAL_MAS,,,
2026-09-17,2026-09-16,True,True,Distrito Comercial La Paz,DIESEL OIL NACIONAL EESS,22000.0,L,CANIAX S.R.L.,4074-FNA,Diesel Oil Nacional,DIESEL_NACIONAL,,,
2026-09-17,2026-09-16,True,True,Distrito Comercial La Paz,DIESEL OIL IMPORTADO EESS,20000.0,L,EST. SERV. CHUSAMARCA,1401-ICT,Diesel Oil Importado,DIESEL_IMPORTADO,,,
2026-09-17,2026-09-16,True,True,Distrito Comercial La Paz,GLP DISTRIB. 10 KILOS NAL,2170.0,L,GMGRECO GAS SOCIEDAD DE RESPONSABILIDAD LIMITADA,497-ILK,GLP,GLP,,,
2026-09-17,2026-09-16,True,True,Distrito Comercial La Paz,DIESEL OIL IMPORTADO EESS,24000.0,L,EST. SERV. LAREDO SRL,1600-HIP,Diesel Oil Importado,DIESEL_IMPORTADO,,,
2026-09-17,2026-09-17,True,False,Distrito Comercial La Paz,GASOLINA ESPECIAL + (S/DSI),24000.0,L,ESTACION DE SERVICIO KANTUTA S.R.L.,557-XEF,Gasolina Especial +,GASOLINA_ESPECIAL_MAS,,,
2026-09-17,2026-09-17,True,False,Distrito Comercial La Paz,DIESEL OIL IMPORTADO EESS,20000.0,L,EST. SERV. PEREZ ROCHA SRL.,1600-IUY,Diesel Oil Importado,DIESEL_IMPORTADO,,,
2026-09-17,2026-09-17,True,False,Distrito Comercial La Paz,DIESEL OIL IMPORTADO EESS,20000.0,L,EST. SERV. CHUSAMARCA,3879-BHE,Diesel Oil Importado,DIESEL_IMPORTADO,,,
2026-09-17,2026-09-17,True,False,Distrito Comercial La Paz,DIESEL OIL IMPORTADO EESS,24000.0,L,EST. SERV. CANDELARIA,1062-UXD,Diesel Oil Importado,DIESEL_IMPORTADO,,,
2026-09-17,2026-09-17,True,False,Distrito Comercial La Paz,DIESEL OIL IMPORTADO EESS,18000.0,L,EST. SERV. EDUARDO YUPANQUI,1156-PGH 1,Diesel Oil Importado,DIESEL_IMPORTADO,,,
2026-09-17,2026-09-17,True,False,Distrito Comercial La Paz,DIESEL OIL NACIONAL EESS,24000.0,L,OFELIA PLATA P. - EST. SERV. UMAMARCA,4676-SSP,Diesel Oil Nacional,DIESEL_NACIONAL,,,
2026-09-17,2026-09-17,True,False,Distrito Comercial La Paz,DIESEL OIL NACIONAL EESS,22000.0,L,SILVIA TORREZ.- EST. SERV. TORREZ,4003-ADT,Diesel Oil Nacional,DIESEL_NACIONAL,,,
2026-09-17,2026-09-17,True,False,Distrito Comercial La Paz,DIESEL OIL IMPORTADO EESS,24000.0,L,EST. SERV. QHANTATI SRL.,815-XSR,Diesel Oil Importado,DIESEL_IMPORTADO,,,
2026-09-17,2026-09-17,True,False,Distrito Comercial La Paz,DIESEL OIL IMPORTADO EESS,12000.0,L,EST. SERV. SURTIDORES UNITOURS LTDA.,3091-NHK,Diesel Oil Importado,DIESEL_IMPORTADO,,,
2026-09-17,2026-09-17,True,False,Distrito Comercial La Paz,GLP DISTRIB. 10 KILOS NAL,9000.0,L,SANDRA CALLIZAYA CH. - DIST. GLP OMASUYOS,2154-HFF,GLP,GLP,,,
2026-09-17,2026-09-17,True,False,Distrito Comercial La Paz,GLP DISTRIB. 10 KILOS NAL,9000.0,L,DIST. GLP. PEREZ,335-ENR,GLP,GLP,,,
2026-09-17,2026-09-17,True,False,Distrito Comercial La Paz,GASOLINA ESPECIAL + (S/DSI),24000.0,L,EST. SERV. BASSAM LTDA,3158-CHU,Gasolina Especial +,GASOLINA_ESPECIAL_MAS,,,
2026-09-17,2026-09-17,True,False,Distrito Comercial La Paz,GASOLINA ESPECIAL + EESS,22000.0,L,ESTACION DE SERVICIO PARAISO TROPICAL,1624-NCG,Gasolina Especial +,GASOLINA_ESPECIAL_MAS,,,
2026-09-17,2026-09-17,True,False,Distrito Comercial La Paz,DIESEL OIL IMPORTADO EESS,18000.0,L,EST. SERV. VOLCAN S.R.L.,5274-GHT,Diesel Oil Importado,DIESEL_IMPORTADO,,,
2026-09-17,2026-09-17,True,False,Distrito Comercial La Paz,DIESEL OIL IMPORTADO EESS,20000.0,L,EST. SERV. EMP. COM. HID. TUPAC KATARI S.R.L.,110-NBH,Diesel Oil Importado,DIESEL_IMPORTADO,,,
2026-09-17,2026-09-17,True,False,Distrito Comercial La Paz,DIESEL OIL NACIONAL EESS,22000.0,L,ESTACION DE SERVICIO GASOLINERA CRUCE DE ORO S.R.L.,1377-SET,Diesel Oil Nacional,DIESEL_NACIONAL,,,
2026-09-17,2026-09-17,True,False,Distrito Comercial La Paz,GASOLINA ESPECIAL + EESS,22000.0,L,ESTACION DE SERVICIO GASOLINERA CRUCE DE ORO S.R.L.,1426-ETI,Gasolina Especial +,GASOLINA_ESPECIAL_MAS,,,
2026-09-17,2026-09-17,True,False,Distrito Comercial La Paz,GASOLINA ESPECIAL + (S/DSI),12000.0,L,EST. SERV. JAIMES FREYRE,1118-KLR,Gasolina Especial +,GASOLINA_ESPECIAL_MAS,,,
2026-09-17,2026-09-17,True,False,Distrito Comercial La Paz,GLP DISTRIB. 10 KILOS NAL,9000.0,L,GENARA CAPIA DE FERNANDEZ - DIST. GLP SEVERO FERNANDEZ CH.,1803-RES,GLP,GLP,,,
2026-09-17,2026-09-17,True,False,Distrito Comercial La Paz,DIESEL OIL IMPORTADO EESS,24000.0,L,ESTACION DE SERVICIO C. REDENTOR S.R.L.,306-ERY,Diesel Oil Importado,DIESEL_IMPORTADO,,,
2026-09-17,2026-09-17,True,False,Distrito Comercial La Paz,GASOLINA ESPECIAL + (S/DSI),24000.0,L,ESTACION DE SERVICIO LOZA - MARCELINA AGUIRRE VDA. DE LOZA,581-YGU,Gasolina Especial +,GASOLINA_ESPECIAL_MAS,,,
2026-09-17,2026-09-17,True,False,Distrito Comercial La Paz,DIESEL OIL IMPORTADO EESS,24000.0,L,ZURSIL S.R.L. - E.S.T.,1156-PGH 1,Diesel Oil Importado,DIESEL_IMPORTADO,,,
2026-09-17,2026-09-17,True,False,Distrito Comercial La Paz,GASOLINA ESPECIAL + (S/DSI),24000.0,L,EST. SERV. MARANATHA,3135-UDX,Gasolina Especial +,GASOLINA_ESPECIAL_MAS,,,
2026-09-17,2026-09-17,True,False,Distrito Comercial La Paz,GASOLINA ESPECIAL + EESS,22000.0,L,EST. SERV. NETANEL,2902-CAH,Gasolina Especial +,GASOLINA_ESPECIAL_MAS,,,
2026-09-17,2026-09-17,True,False,Distrito Comercial La Paz,DIESEL OIL IMPORTADO EESS,24000.0,L,ESTACIÓN DE SERVICIO ALIMARC INTER GAS BOLIVIA S.R.L.,547-CKT,Diesel Oil Importado,DIESEL_IMPORTADO,,,
2026-09-17,2026-09-17,True,False,Distrito Comercial La Paz,GASOLINA ESPECIAL + (S/DSI),12000.0,L,EST. SERV. GAS-MAY S.R.L.,1704-ESB,Gasolina Especial +,GASOLINA_ESPECIAL_MAS,,,
2026-09-17,2026-09-17,True,False,Distrito Comercial La Paz,DIESEL OIL IMPORTADO EESS,24000.0,L,EDUARDO YUPANQUI Q.-EST. SERV. VENTILLA,1149-ZND,Diesel Oil Importado,DIESEL_IMPORTADO,,,
2026-09-17,2026-09-17,True,False,Distrito Comercial La Paz,GASOLINA ESPECIAL + CF,10000.0,L,EJERCITO DE BOLIVIA PRE PAGO,908-YCP,Gasolina Especial +,GASOLINA_ESPECIAL_MAS,,,
2026-09-17,2026-09-17,True,False,Distrito Comercial La Paz,DIESEL OIL IMPORTADO EESS,20000.0,L,EST. SERV. EL PARAISO SRL.,3831-BFB,Diesel Oil Importado,DIESEL_IMPORTADO,,,
2026-09-17,2026-09-17,True,False,Distrito Comercial La Paz,DIESEL OIL IMPORTADO EESS,20000.0,L,EST. SERV. CUENTAS SAN PABLO II S.R.L.,1189-EHP,Diesel Oil Importado,DIESEL_IMPORTADO,,,
2026-09-17,2026-09-17,True,False,Distrito Comercial La Paz,DIESEL OIL IMPORTADO EESS,12000.0,L,DISTRIBUIDORA DE GASOLINA Y LUBRICANTES SAN PABLO S.R.L.,632-RIB,Diesel Oil Importado,DIESEL_IMPORTADO,,,
2026-09-17,2026-09-17,True,False,Distrito Comercial La Paz,DIESEL OIL NACIONAL EESS,22000.0,L,EST. SERV. LOZA DE ORO,2114-FLB,Diesel Oil Nacional,DIESEL_NACIONAL,,,
2026-09-17,2026-09-17,True,False,Distrito Comercial La Paz,DIESEL OIL NACIONAL EESS,22000.0,L,EST. SERV. ADALUZ PETROL,1339-DHL,Diesel Oil Nacional,DIESEL_NACIONAL,,,
2026-09-17,2026-09-17,True,False,Distrito Comercial La Paz,DIESEL OIL IMPORTADO EESS,24000.0,L,EST. SERV. PLAYA VERDE,1089-ZGC 1,Diesel Oil Importado,DIESEL_IMPORTADO,,,
2026-09-17,2026-09-17,True,False,Distrito Comercial La Paz,GASOLINA ESPECIAL + (S/DSI),12000.0,L,ESTACION DE SERVICIO TERRAGAS LTDA,5361-TUF,Gasolina Especial +,GASOLINA_ESPECIAL_MAS,,,
2026-09-17,2026-09-17,True,False,Distrito Comercial La Paz,DIESEL OIL IMPORTADO EESS,12000.0,L,ESTACION DE SERVICIO TERRAGAS LTDA,5361-TUF,Diesel Oil Importado,DIESEL_IMPORTADO,,,
2026-09-17,2026-09-17,True,False,Distrito Comercial La Paz,GASOLINA ESPECIAL + (S/DSI),18000.0,L,ESTACION DE SERVICIOS NIMAGASBOL S.R.L.,5028-SLK,Gasolina Especial +,GASOLINA_ESPECIAL_MAS,,,
2026-09-17,2026-09-17,True,False,Distrito Comercial La Paz,DIESEL OIL IMPORTADO EESS,12000.0,L,ESTACION DE SERVICIO TEJADA TRIANGULAR,1776-DNN,Diesel Oil Importado,DIESEL_IMPORTADO,,,
2026-09-17,2026-09-17,True,False,Distrito Comercial La Paz,DIESEL OIL IMPORTADO EESS,20000.0,L,EST. SERV. SAN PABLO VILLA BOLIVAR S.R.L.,1792-TSD,Diesel Oil Importado,DIESEL_IMPORTADO,,,
2026-09-17,2026-09-17,True,False,Distrito Comercial La Paz,DIESEL OIL IMPORTADO EESS,20000.0,L,ESTACION DE SERVICIO CALUYO S.R.L.,1189-ZFC,Diesel Oil Importado,DIESEL_IMPORTADO,,,
2026-09-17,2026-09-17,True,False,Distrito Comercial La Paz,DIESEL OIL IMPORTADO EESS,20000.0,L,EST. SERV. INTEROCEANICO,1326-NDS,Diesel Oil Importado,DIESEL_IMPORTADO,,,
2026-09-17,2026-09-17,True,False,Distrito Comercial La Paz,DIESEL OIL IMPORTADO EESS,12000.0,L,EST. SERV. SALIDA LTDA,2701-TZH,Diesel Oil Importado,DIESEL_IMPORTADO,,,
2026-09-17,2026-09-17,True,False,Distrito Comercial La Paz,DIESEL OIL IMPORTADO EESS,35000.0,L,ESTACION DE SERVICIO SAN SEBASTIAN S.R.L.,2537-TEG,Diesel Oil Importado,DIESEL_IMPORTADO,,,
2026-09-17,2026-09-17,True,False,Distrito Comercial La Paz,DIESEL OIL IMPORTADO EESS,24000.0,L,EST. SERV. 6 DE MARZO,328-LNP,Diesel Oil Importado,DIESEL_IMPORTADO,,,
2026-09-17,2026-09-17,True,False,Distrito Comercial La Paz,GLP DISTRIB. 10 KILOS NAL,8840.0,L,"DISTRIBUIDORA DE G.L.P. ""TIPUANI"" S.R.L.",1268-ABG,GLP,GLP,,,
2026-09-17,2026-09-17,True,False,Distrito Comercial La Paz,GLP DISTRIB. 10 KILOS NAL,5000.0,L,GENARA CAPIA DE FERNANDEZ - DIST. GLP SEVERO FERNANDEZ CH.,1598-DTN,GLP,GLP,,,
2026-09-17,2026-09-17,True,False,Distrito Comercial La Paz,DIESEL OIL NACIONAL EESS,22000.0,L,EST. SERV. NETANEL,1519-LSH,Diesel Oil Nacional,DIESEL_NACIONAL,,,
2026-09-17,2026-09-17,True,False,Distrito Comercial La Paz,GASOLINA ESPECIAL + (S/DSI),24000.0,L,EST. SERV. MOTORECO SRL.,1340-SPB,Gasolina Especial +,GASOLINA_ESPECIAL_MAS,,,
2026-09-17,2026-09-17,True,False,Distrito Comercial La Paz,GLP DISTRIB. 10 KILOS NAL,6630.0,L,DIST. GLP. VIAGAS,302-TIF,GLP,GLP,,,
2026-09-17,2026-09-17,True,False,Distrito Comercial La Paz,GLP DISTRIB. 10 KILOS NAL,6210.0,L,DIST. GLP. VIAGAS,1255-KZB,GLP,GLP,,,
2026-09-17,2026-09-17,True,False,Distrito Comercial La Paz,GLP DISTRIB. 10 KILOS NAL,9000.0,L,ALEXSUS GAS S.R.L.,2725-RIY,GLP,GLP,,,
2026-09-17,2026-09-17,True,False,Distrito Comercial La Paz,GLP DISTRIB. 10 KILOS NAL,6750.0,L,A.A.V.V. GAS S.R.L.,078-SCG,GLP,GLP,,,
2026-09-17,2026-09-17,True,False,Distrito Comercial La Paz,GLP DISTRIB. 10 KILOS NAL,1000.0,L,DIST. GLP ANGELES,2750-CBU,GLP,GLP,,,
2026-09-17,2026-09-17,True,False,Distrito Comercial La Paz,GLP DISTRIB. 10 KILOS NAL,8500.0,L,DIST. GLP. COPACABANA GAS LTDA.,3621-ZLA,GLP,GLP,,,
2026-09-17,2026-09-17,True,False,Distrito Comercial La Paz,GLP DISTRIB. 10 KILOS NAL,6360.0,L,DIST. GLP. PROGAS S.R.L.,932-TGG,GLP,GLP,,,
2026-09-17,2026-09-17,True,False,Distrito Comercial La Paz,GLP DISTRIB. 45 KILOS NAL,2250.0,L,DIST. GLP. ESMERALDA GAS SRL.,2821-LXX,GLP,GLP,,,
2026-09-17,2026-09-17,True,False,Distrito Comercial La Paz,GLP DISTRIB. 10 KILOS NAL,6750.0,L,DIST. GLP. ESMERALDA GAS SRL.,2124-NIL,GLP,GLP,,,
2026-09-17,2026-09-17,True,False,Distrito Comercial La Paz,GLP DISTRIB. 10 KILOS NAL,6750.0,L,DIST. GLP. SAMO S.A.,467-SRU,GLP,GLP,,,
2026-09-17,2026-09-17,True,False,Distrito Comercial La Paz,GLP DISTRIB. 10 KILOS NAL,5940.0,L,DIST. GLP. TRIPETROL S.R.L.,479-IPN,GLP,GLP,,,
2026-09-17,2026-09-17,True,False,Distrito Comercial La Paz,GLP DISTRIB. 10 KILOS NAL,6210.0,L,DIST. GLP. SOCIEDAD PETROLERA SANTA ELENA S.R.L. (SOPESE S.R.L.),085-IKK,GLP,GLP,,,
2026-09-17,2026-09-17,True,False,Distrito Comercial La Paz,GLP DISTRIB. 10 KILOS NAL,6630.0,L,DIST. GLP. TRIPETROL S.R.L.,444-KPH,GLP,GLP,,,
2026-09-17,2026-09-16,True,True,Distrito Comercial La Paz,GLP DISTRIB. 10 KILOS NAL,6000.0,L,DIST. GLP ANGELES,2750-CBU,GLP,GLP,,,
2026-09-17,2026-09-16,True,True,Distrito Comercial La Paz,GLP DISTRIB. 10 KILOS NAL,9000.0,L,DIST. GLP FLOR DEL NORTE S.R.L.,1248-LFL,GLP,GLP,,,
2026-09-17,2026-09-17,True,False,Distrito Comercial La Paz,GASOLINA ESPECIAL + (S/DSI),24000.0,L,DISTRIBUIDORA DE GASOLINA Y LUBRICANTES SAN PABLO S.R.L.,632-RIB,Gasolina Especial +,GASOLINA_ESPECIAL_MAS,,,
2026-09-17,2026-09-17,True,False,Distrito Comercial La Paz,GASOLINA ESPECIAL + (S/DSI),18000.0,L,ESTACIÓN DE SERVICIO ALIMARC INTER GAS BOLIVIA S.R.L.,547-CKT,Gasolina Especial +,GASOLINA_ESPECIAL_MAS,,,
2026-09-17,2026-09-17,True,False,Distrito Comercial La Paz,GLP DISTRIB. 10 KILOS NAL,6630.0,L,SAN JUDAS TADEO SOCIEDAD DE RESPONSABILIDAD LIMITADA,091-FDH,GLP,GLP,,,
2026-09-17,2026-09-17,True,False,Distrito Comercial La Paz,GLP DISTRIB. 45 KILOS NAL,2700.0,L,SAN JUDAS TADEO SOCIEDAD DE RESPONSABILIDAD LIMITADA,5609-PHF,GLP,GLP,,,
2026-09-17,2026-09-17,True,False,Distrito Comercial La Paz,GLP DISTRIB. 10 KILOS NAL,5750.0,L,A.A.V.V. GAS S.R.L.,538-NHU,GLP,GLP,,,
2026-09-17,2026-09-17,True,False,Distrito Comercial La Paz,GLP DISTRIB. 10 KILOS NAL,5940.0,L,DIST. GLP. PROGAS S.R.L.,066-ASF,GLP,GLP,,,
2026-09-17,2026-09-17,True,False,Distrito Comercial La Paz,GLP DISTRIB. 10 KILOS NAL,6750.0,L,DIST. GLP. PROGAS S.R.L.,081-CEX,GLP,GLP,,,
2026-09-17,2026-09-17,True,False,Distrito Comercial La Paz,GLP DISTRIB. 10 KILOS NAL,6210.0,L,DIST. GLP. ESMERALDA GAS SRL.,801-NIK,GLP,GLP,,,
2026-09-17,2026-09-17,True,False,Distrito Comercial La Paz,GLP DISTRIB. 10 KILOS NAL,6630.0,L,DIST. GLP. SAMO S.A.,480-CIT,GLP,GLP,,,
2026-09-17,2026-09-17,True,False,Distrito Comercial La Paz,GLP DISTRIB. 10 KILOS NAL,6900.0,L,DIST. GLP. SAMO S.A.,1311-BND,GLP,GLP,,,
2026-09-17,2026-09-17,True,False,Distrito Comercial La Paz,GLP DISTRIB. 45 KILOS NAL,4500.0,L,DIST. GLP. SAMO S.A.,1182-IYA,GLP,GLP,,,
2026-09-17,2026-09-17,True,False,Distrito Comercial La Paz,GLP DISTRIB. 10 KILOS NAL,6480.0,L,DIST. GLP. TRIPETROL S.R.L.,1049-GCX,GLP,GLP,,,
2026-09-17,2026-09-17,True,False,Distrito Comercial La Paz,GLP DISTRIB. 10 KILOS NAL,5940.0,L,GMGRECO GAS SOCIEDAD DE RESPONSABILIDAD LIMITADA,497-ILK,GLP,GLP,,,
2026-09-17,2026-09-16,True,True,Distrito Comercial La Paz,GASOLINA ESPECIAL + (S/DSI),18000.0,L,ESTACIÓN DE SERVICIO LAS ROSAS S.R.L.,101-GEK,Gasolina Especial +,GASOLINA_ESPECIAL_MAS,,,
2026-09-17,2026-09-16,True,True,Distrito Comercial La Paz,GLP DISTRIB. 10 KILOS NAL,6900.0,L,SAN JUDAS TADEO SOCIEDAD DE RESPONSABILIDAD LIMITADA,104-SNC,GLP,GLP,,,
2026-09-17,2026-09-16,True,True,Distrito Comercial La Paz,GLP DISTRIB. 45 KILOS NAL,1800.0,L,DIST. GLP. PROGAS S.R.L.,4067-YRP,GLP,GLP,,,
2026-09-17,2026-09-16,True,True,Distrito Comercial La Paz,GLP DISTRIB. 45 KILOS NAL,1800.0,L,A.A.V.V. GAS S.R.L.,4994-PHC,GLP,GLP,,,
2026-09-17,2026-09-16,True,True,Distrito Comercial La Paz,GLP DISTRIB. 10 KILOS NAL,6630.0,L,GMGRECO GAS SOCIEDAD DE RESPONSABILIDAD LIMITADA,2060-RYK,GLP,GLP,,,
2026-09-17,2026-09-17,True,False,Distrito Comercial La Paz,DIESEL OIL IMPORTADO EESS,20000.0,L,GAS SAN FELIPE S.R.L.,5602-HKS,Diesel Oil Importado,DIESEL_IMPORTADO,,,
2026-09-16,2026-09-16,True,False,Distrito Comercial La Paz,DIESEL OIL IMPORTADO CF,19900.0,L,COOP. MINERA AURIFERA INGENIO R.L.,3028-HZI,Diesel Oil Importado,DIESEL_IMPORTADO,,,
2026-09-16,2026-09-16,True,False,Distrito Comercial La Paz,DIESEL OIL IMPORTADO CF,19900.0,L,COOPERATIVA MINERA AURIFERA 3 DE MAYO CHIMATE R.L.,994-SXN,Diesel Oil Importado,DIESEL_IMPORTADO,,,
2026-09-16,2026-09-16,True,False,Distrito Comercial La Paz,DIESEL OIL IMPORTADO CF,19900.0,L,EMPRESA MINERA MAPIRI VIRGEN DEL CARMEN S.R.L.,564-CUS,Diesel Oil Importado,DIESEL_IMPORTADO,,,
2026-09-16,2026-09-16,True,False,Distrito Comercial La Paz,DIESEL OIL IMPORTADO CF,19900.0,L,COOP. MIN. AURIFERA CALISMAR R.L.,1586-FCI,Diesel Oil Importado,DIESEL_IMPORTADO,,,
2026-09-16,2026-09-16,True,False,Distrito Comercial La Paz,GLP DISTRIB. 10 KILOS NAL,3050.0,L,DIST. GLP. VIAGAS,2341-RUB,GLP,GLP,,,
2026-09-16,2026-09-16,True,False,Distrito Comercial La Paz,GLP DISTRIB. 10 KILOS NAL,2050.0,L,DIST. GLP. VIAGAS,162-ZAS,GLP,GLP,,,
2026-09-16,2026-09-16,True,False,Distrito Comercial La Paz,GLP DISTRIB. 10 KILOS NAL,6480.0,L,DIST. GLP. VIAGAS,162-ZAS,GLP,GLP,,,
2026-09-16,2026-09-16,True,False,Distrito Comercial La Paz,GLP DISTRIB. 10 KILOS NAL,6630.0,L,DIST. GLP. VIAGAS,302-TIF,GLP,GLP,,,
2026-09-16,2026-09-16,True,False,Distrito Comercial La Paz,GLP DISTRIB. 10 KILOS NAL,6210.0,L,DIST. GLP. VIAGAS,1255-KZB,GLP,GLP,,,
2026-09-16,2026-09-16,True,False,Distrito Comercial La Paz,GLP DISTRIB. 10 KILOS NAL,5400.0,L,DIST. GLP. DISANDES S.R.L.,2279-SPR,GLP,GLP,,,
2026-09-16,2026-09-16,True,False,Distrito Comercial La Paz,GLP DISTRIB. 10 KILOS NAL,6600.0,L,DIST. GLP. DISANDES S.R.L.,1814-GTY,GLP,GLP,,,
2026-09-16,2026-09-16,True,False,Distrito Comercial La Paz,GLP DISTRIB. 10 KILOS NAL,6750.0,L,A.A.V.V. GAS S.R.L.,078-SCG,GLP,GLP,,,
2026-09-16,2026-09-16,True,False,Distrito Comercial La Paz,GLP DISTRIB. 10 KILOS NAL,6900.0,L,SAN JUDAS TADEO SOCIEDAD DE RESPONSABILIDAD LIMITADA,795-CZG,GLP,GLP,,,
2026-09-16,2026-09-16,True,False,Distrito Comercial La Paz,GLP DISTRIB. 10 KILOS NAL,6630.0,L,SAN JUDAS TADEO SOCIEDAD DE RESPONSABILIDAD LIMITADA,091-FDH,GLP,GLP,,,
2026-09-16,2026-09-16,True,False,Distrito Comercial La Paz,GLP DISTRIB. 45 KILOS NAL,2700.0,L,SAN JUDAS TADEO SOCIEDAD DE RESPONSABILIDAD LIMITADA,5609-PHF,GLP,GLP,,,
2026-09-16,2026-09-16,True,False,Distrito Comercial La Paz,GLP DISTRIB. 10 KILOS NAL,5940.0,L,DIST. GLP. PROGAS S.R.L.,066-ASF,GLP,GLP,,,
2026-09-16,2026-09-16,True,False,Distrito Comercial La Paz,GLP DISTRIB. 10 KILOS NAL,6360.0,L,DIST. GLP. PROGAS S.R.L.,932-TGG,GLP,GLP,,,
2026-09-16,2026-09-16,True,False,Distrito Comercial La Paz,GLP DISTRIB. 10 KILOS NAL,6630.0,L,DIST. GLP. PROGAS S.R.L.,303-CTB,GLP,GLP,,,
2026-09-16,2026-09-16,True,False,Distrito Comercial La Paz,GLP DISTRIB. 10 KILOS NAL,6750.0,L,DIST. GLP. PROGAS S.R.L.,081-CEX,GLP,GLP,,,
2026-09-16,2026-09-16,True,False,Distrito Comercial La Paz,GLP DISTRIB. 10 KILOS NAL,2500.0,L,DIST. GLP ANGELES,626-PXI,GLP,GLP,,,
2026-09-16,2026-09-16,True,False,Distrito Comercial La Paz,GLP DISTRIB. 10 KILOS NAL,9000.0,L,DISTRIBUIDORA DE GLP SAN FRANCISCO -LUCIANO SILLO CONDORI S.R.L.,5720-CUY,GLP,GLP,,,
2026-09-16,2026-09-16,True,False,Distrito Comercial La Paz,GLP DISTRIB. 10 KILOS NAL,3500.0,L,DIST. GLP ANGELES,986-UIL,GLP,GLP,,,
2026-09-16,2026-09-16,True,False,Distrito Comercial La Paz,GLP DISTRIB. 10 KILOS NAL,8750.0,L,DIST. GLP. LA CALZADA-SUD YUNGAS,1340-USK,GLP,GLP,,,
2026-09-16,2026-09-16,True,False,Distrito Comercial La Paz,GLP DISTRIB. 10 KILOS NAL,3400.0,L,DIST. GLP. SOCIEDAD PETROLERA SANTA ELENA S.R.L. (SOPESE S.R.L.),085-IKK,GLP,GLP,,,
2026-09-16,2026-09-16,True,False,Distrito Comercial La Paz,GLP DISTRIB. 10 KILOS NAL,6090.0,L,DIST. GLP. SOCIEDAD PETROLERA SANTA ELENA S.R.L. (SOPESE S.R.L.),414-BKB,GLP,GLP,,,
2026-09-16,2026-09-16,True,False,Distrito Comercial La Paz,GLP DISTRIB. 10 KILOS NAL,5940.0,L,GMGRECO GAS SOCIEDAD DE RESPONSABILIDAD LIMITADA,497-ILK,GLP,GLP,,,
2026-09-16,2026-09-16,True,False,Distrito Comercial La Paz,GLP DISTRIB. 45 KILOS NAL,1800.0,L,DIST. GLP. ESMERALDA GAS SRL.,2821-LXX,GLP,GLP,,,
2026-09-16,2026-09-16,True,False,Distrito Comercial La Paz,GLP DISTRIB. 10 KILOS NAL,6630.0,L,GMGRECO GAS SOCIEDAD DE RESPONSABILIDAD LIMITADA,921-NLX,GLP,GLP,,,
2026-09-16,2026-09-16,True,False,Distrito Comercial La Paz,GLP DISTRIB. 10 KILOS NAL,3680.0,L,DIST. GLP. ESMERALDA GAS SRL.,2124-NIL,GLP,GLP,,,
2026-09-16,2026-09-16,True,False,Distrito Comercial La Paz,GLP DISTRIB. 10 KILOS NAL,6210.0,L,DIST. GLP. SOCIEDAD PETROLERA SANTA ELENA S.R.L. (SOPESE S.R.L.),065-KKN,GLP,GLP,,,
2026-09-16,2026-09-16,True,False,Distrito Comercial La Paz,GLP DISTRIB. 10 KILOS NAL,5000.0,L,DIST. GLP. ESMERALDA GAS SRL.,2124-NIL,GLP,GLP,,,
2026-09-16,2026-09-16,True,False,Distrito Comercial La Paz,GLP DISTRIB. 10 KILOS NAL,6210.0,L,DIST. GLP. ESMERALDA GAS SRL.,2375-SHN,GLP,GLP,,,
2026-09-16,2026-09-16,True,False,Distrito Comercial La Paz,GLP DISTRIB. 10 KILOS NAL,6900.0,L,DIST. GLP. ESMERALDA GAS SRL.,924-ZFP,GLP,GLP,,,
2026-09-16,2026-09-16,True,False,Distrito Comercial La Paz,GLP DISTRIB. 10 KILOS NAL,6630.0,L,DIST. GLP. SAMO S.A.,480-CIT,GLP,GLP,,,
2026-09-16,2026-09-16,True,False,Distrito Comercial La Paz,GLP DISTRIB. 10 KILOS NAL,6750.0,L,DIST. GLP. SAMO S.A.,467-SRU,GLP,GLP,,,
2026-09-16,2026-09-16,True,False,Distrito Comercial La Paz,GLP DISTRIB. 10 KILOS NAL,6900.0,L,DIST. GLP. SAMO S.A.,1311-BND,GLP,GLP,,,
2026-09-16,2026-09-16,True,False,Distrito Comercial La Paz,GLP DISTRIB. 45 KILOS NAL,4500.0,L,DIST. GLP. SAMO S.A.,1182-IYA,GLP,GLP,,,
2026-09-16,2026-09-16,True,False,Distrito Comercial La Paz,GLP DISTRIB. 10 KILOS NAL,6630.0,L,ISABEL DURAN DE ITURRI - DIST. GLP DURA GAS,659-INT,GLP,GLP,,,
2026-09-16,2026-09-16,True,False,Distrito Comercial La Paz,GLP DISTRIB. 10 KILOS NAL,6750.0,L,ISABEL DURAN DE ITURRI - DIST. GLP DURA GAS,820-EEB,GLP,GLP,,,
2026-09-16,2026-09-16,True,False,Distrito Comercial La Paz,GLP DISTRIB. 10 KILOS NAL,7500.0,L,DIST. GLP SORATA PERLA ANDINA S.R.L.,3158-DDF,GLP,GLP,,,
2026-09-16,2026-09-16,True,False,Distrito Comercial La Paz,GLP DISTRIB. 10 KILOS NAL,3000.0,L,DIST. GLP. TRIPETROL S.R.L.,1207-DCI,GLP,GLP,,,
2026-09-16,2026-09-16,True,False,Distrito Comercial La Paz,GLP DISTRIB. 10 KILOS NAL,5260.0,L,DIST. GLP. TRIPETROL S.R.L.,479-IPN,GLP,GLP,,,
2026-09-16,2026-09-16,True,False,Distrito Comercial La Paz,GLP DISTRIB. 10 KILOS NAL,6630.0,L,DIST. GLP. TRIPETROL S.R.L.,444-KPH,GLP,GLP,,,
2026-09-16,2026-09-16,True,False,Distrito Comercial La Paz,GLP DISTRIB. 10 KILOS NAL,6480.0,L,DIST. GLP. TRIPETROL S.R.L.,1049-GCX,GLP,GLP,,,
2026-09-16,2026-09-15,True,True,Distrito Comercial La Paz,GLP DISTRIB. 10 KILOS NAL,1500.0,L,DIST. GLP ANGELES,626-PXI,GLP,GLP,,,
2026-09-16,2026-09-15,True,True,Distrito Comercial La Paz,GLP DISTRIB. 10 KILOS NAL,6750.0,L,A.A.V.V. GAS S.R.L.,334-ZRI,GLP,GLP,,,
2026-09-16,2026-09-15,True,True,Distrito Comercial La Paz,GLP DISTRIB. 10 KILOS NAL,6900.0,L,SAN JUDAS TADEO SOCIEDAD DE RESPONSABILIDAD LIMITADA,795-CZG,GLP,GLP,,,
2026-09-16,2026-09-15,True,True,Distrito Comercial La Paz,GLP DISTRIB. 10 KILOS NAL,9000.0,L,GENARA CAPIA DE FERNANDEZ - DIST. GLP SEVERO FERNANDEZ CH.,998-BCA,GLP,GLP,,,
2026-09-16,2026-09-15,True,True,Distrito Comercial La Paz,GLP DISTRIB. 10 KILOS NAL,9000.0,L,DIST. GLP FLOR DEL NORTE S.R.L.,2926-PEY,GLP,GLP,,,
2026-09-16,2026-09-15,True,True,Distrito Comercial La Paz,GLP DISTRIB. 10 KILOS NAL,2030.0,L,DIST. GLP. SOCIEDAD PETROLERA SANTA ELENA S.R.L. (SOPESE S.R.L.),085-IKK,GLP,GLP,,,
2026-09-16,2026-09-15,True,True,Distrito Comercial La Paz,GLP DISTRIB. 10 KILOS NAL,9000.0,L,SANDRA CALLIZAYA CH. - DIST. GLP OMASUYOS,566-PFF,GLP,GLP,,,
2026-09-16,2026-09-15,True,True,Distrito Comercial La Paz,GLP DISTRIB. 10 KILOS NAL,6630.0,L,DIST. GLP. PROGAS S.R.L.,303-CTB,GLP,GLP,,,
2026-09-16,2026-09-15,True,True,Distrito Comercial La Paz,GLP DISTRIB. 10 KILOS NAL,5600.0,L,GMGRECO GAS SOCIEDAD DE RESPONSABILIDAD LIMITADA,497-ILK,GLP,GLP,,,
2026-09-16,2026-09-15,True,True,Distrito Comercial La Paz,GLP DISTRIB. 10 KILOS NAL,6630.0,L,GMGRECO GAS SOCIEDAD DE RESPONSABILIDAD LIMITADA,921-NLX,GLP,GLP,,,
2026-09-16,2026-09-14,True,True,Distrito Comercial La Paz,GLP DISTRIB. 10 KILOS NAL,9000.0,L,DIST. GLP. PEREZ,1226-BKA,GLP,GLP,,,
2026-09-16,2026-09-14,True,True,Distrito Comercial La Paz,GLP DISTRIB. 10 KILOS NAL,7500.0,L,DIST. GLP ANGELES,1463-SKT,GLP,GLP,,,
2026-09-18,2026-09-18,True,False,Distrito Comercial La Paz,DIESEL OIL IMPORTADO EESS,24000.0,L,EDUARDO YUPANQUI Q.-EST. SERV. VENTILLA,1149-ZND,Diesel Oil Importado,DIESEL_IMPORTADO,,,
2026-09-18,2026-09-18,True,False,Distrito Comercial La Paz,DIESEL OIL IMPORTADO EESS,20000.0,L,ESTACION DE SERVICIO LOZA - MARCELINA AGUIRRE VDA. DE LOZA,581-YGU,Diesel Oil Importado,DIESEL_IMPORTADO,,,
2026-09-18,2026-09-18,True,False,Distrito Comercial La Paz,DIESEL OIL IMPORTADO EESS,20000.0,L,EST. SERV. EL PARAISO SRL.,3831-BFB,Diesel Oil Importado,DIESEL_IMPORTADO,,,
2026-09-18,2026-09-18,True,False,Distrito Comercial La Paz,DIESEL OIL IMPORTADO EESS,24000.0,L,ESTACION DE SERVICIOS NIMAGASBOL S.R.L.,5028-SLK,Diesel Oil Importado,DIESEL_IMPORTADO,,,
2026-09-18,2026-09-18,True,False,Distrito Comercial La Paz,DIESEL OIL IMPORTADO EESS,24000.0,L,EST. SERV. PLAYA VERDE,1089-ZGC 1,Diesel Oil Importado,DIESEL_IMPORTADO,,,
2026-09-18,2026-09-18,True,False,Distrito Comercial La Paz,DIESEL OIL IMPORTADO EESS,24000.0,L,ESTACION DE SERVICIO ZOFRI S.R.L.,1106-PCH,Diesel Oil Importado,DIESEL_IMPORTADO,,,
2026-09-18,2026-09-18,True,False,Distrito Comercial La Paz,DIESEL OIL IMPORTADO EESS,24000.0,L,EST. SERV. CANDELARIA,1062-UXD,Diesel Oil Importado,DIESEL_IMPORTADO,,,
2026-09-18,2026-09-18,True,False,Distrito Comercial La Paz,DIESEL OIL IMPORTADO EESS,20000.0,L,GAS SAN FELIPE S.R.L.,5602-HKS,Diesel Oil Importado,DIESEL_IMPORTADO,,,
2026-09-18,2026-09-18,True,False,Distrito Comercial La Paz,DIESEL OIL NACIONAL EESS,22000.0,L,ESTACION DE SERVICIO TOLAR S.R.L.,5632-ZYE,Diesel Oil Nacional,DIESEL_NACIONAL,,,
2026-09-18,2026-09-18,True,False,Distrito Comercial La Paz,DIESEL OIL IMPORTADO EESS,24000.0,L,EST. SERV. APOSTOL SANTIAGO,1487-RYN,Diesel Oil Importado,DIESEL_IMPORTADO,,,
2026-09-18,2026-09-18,True,False,Distrito Comercial La Paz,DIESEL OIL IMPORTADO EESS,24000.0,L,EST. SERV. QHANTATI SRL.,815-XSR,Diesel Oil Importado,DIESEL_IMPORTADO,,,
2026-09-18,2026-09-18,True,False,Distrito Comercial La Paz,DIESEL OIL IMPORTADO EESS,18000.0,L,EST. SERV. CRISTO AUTO GAS SRL.,2201-IRF,Diesel Oil Importado,DIESEL_IMPORTADO,,,
2026-09-18,2026-09-18,True,False,Distrito Comercial La Paz,DIESEL OIL IMPORTADO EESS,24000.0,L,EST. SERV. LUBRICAN SRL,2714-SNP,Diesel Oil Importado,DIESEL_IMPORTADO,,,
2026-09-18,2026-09-18,True,False,Distrito Comercial La Paz,DIESEL OIL IMPORTADO EESS,35000.0,L,ESTACION DE SERVICIO SAN SEBASTIAN S.R.L.,2537-TEG,Diesel Oil Importado,DIESEL_IMPORTADO,,,
2026-09-18,2026-09-18,True,False,Distrito Comercial La Paz,DIESEL OIL IMPORTADO EESS,13000.0,L,ESTACION DE SERVICIO SAN SEBASTIAN S.R.L.,2537-TEG,Diesel Oil Importado,DIESEL_IMPORTADO,,,
2026-09-18,2026-09-18,True,False,Distrito Comercial La Paz,DIESEL OIL IMPORTADO EESS,20000.0,L,EST. SERV. CUENTAS SAN PABLO II S.R.L.,2538BZG(1),Diesel Oil Importado,DIESEL_IMPORTADO,,,
2026-09-18,2026-09-18,True,False,Distrito Comercial La Paz,DIESEL OIL IMPORTADO EESS,12000.0,L,EST. SERV. SALIDA LTDA,2701-TZH,Diesel Oil Importado,DIESEL_IMPORTADO,,,
2026-09-18,2026-09-18,True,False,Distrito Comercial La Paz,GASOLINA ESPECIAL + (S/DSI),18000.0,L,ELSA CHIPANA H. - EST. SERV. ECOPETROL,829-XPG,Gasolina Especial +,GASOLINA_ESPECIAL_MAS,,,
2026-09-18,2026-09-18,True,False,Distrito Comercial La Paz,DIESEL OIL IMPORTADO EESS,24000.0,L,ELSA CHIPANA H. - EST. SERV. ECOPETROL,4563-ZEN 1,Diesel Oil Importado,DIESEL_IMPORTADO,,,
2026-09-18,2026-09-18,True,False,Distrito Comercial La Paz,DIESEL OIL NACIONAL EESS,12000.0,L,EST. SERV. BATALLAS S.R.L. ESBA S.R.L.,629-DXB,Diesel Oil Nacional,DIESEL_NACIONAL,,,
2026-09-18,2026-09-18,True,False,Distrito Comercial La Paz,GASOLINA ESPECIAL + (S/DSI),12000.0,L,EST. SERV. SALIDA LTDA,2701-TZH,Gasolina Especial +,GASOLINA_ESPECIAL_MAS,,,
2026-09-18,2026-09-18,True,False,Distrito Comercial La Paz,DIESEL OIL IMPORTADO EESS,12000.0,L,DISTRIBUIDORA DE GASOLINA Y LUBRICANTES SAN PABLO S.R.L.,632-RIB,Diesel Oil Importado,DIESEL_IMPORTADO,,,
2026-09-18,2026-09-18,True,False,Distrito Comercial La Paz,DIESEL OIL IMPORTADO EESS,20000.0,L,EST. SERV. INTEROCEANICO,1326-NDS,Diesel Oil Importado,DIESEL_IMPORTADO,,,
2026-09-18,2026-09-18,True,False,Distrito Comercial La Paz,DIESEL OIL IMPORTADO EESS,12000.0,L,GREGORIO CUENTAS M. EST. SERV. DRAGON DE ORO,500-FYX,Diesel Oil Importado,DIESEL_IMPORTADO,,,
2026-09-18,2026-09-18,True,False,Distrito Comercial La Paz,GASOLINA ESPECIAL + (S/DSI),24000.0,L,EST. SERV. SIEMPRE A FULL MIRAFLORES S.R.L. (SAF),1502-ZDB,Gasolina Especial +,GASOLINA_ESPECIAL_MAS,,,
2026-09-18,2026-09-18,True,False,Distrito Comercial La Paz,GASOLINA ESPECIAL + (S/DSI),24000.0,L,ESTACION DE SERVICIO KORY INTI S.R.L.,3879-BHE,Gasolina Especial +,GASOLINA_ESPECIAL_MAS,,,
2026-09-18,2026-09-18,True,False,Distrito Comercial La Paz,GASOLINA ESPECIAL + (S/DSI),24000.0,L,EST. SERV. M&G CAMINO REAL,2801-XUD,Gasolina Especial +,GASOLINA_ESPECIAL_MAS,,,
2026-09-18,2026-09-18,True,False,Distrito Comercial La Paz,GLP DISTRIB. 10 KILOS NAL,6210.0,L,DIST. GLP. SOCIEDAD PETROLERA SANTA ELENA S.R.L. (SOPESE S.R.L.),065-KKN,GLP,GLP,,,
2026-09-18,2026-09-18,True,False,Distrito Comercial La Paz,GASOLINA ESPECIAL + (S/DSI),24000.0,L,GRUPO EMPRESARIAL VIRGEN DE LOS ALAMOS S.R.L.,4831-ETU,Gasolina Especial +,GASOLINA_ESPECIAL_MAS,,,
2026-09-18,2026-09-18,True,False,Distrito Comercial La Paz,GASOLINA ESPECIAL + (S/DSI),24000.0,L,EST. SERV. VOLCAN S.R.L.,3104-KDS,Gasolina Especial +,GASOLINA_ESPECIAL_MAS,,,
2026-09-18,2026-09-18,True,False,Distrito Comercial La Paz,GASOLINA ESPECIAL + (S/DSI),24000.0,L,ELDA S. AGUILAR V. - EST. SERV. JUAN PABLO II,4457-NRI,Gasolina Especial +,GASOLINA_ESPECIAL_MAS,,,
2026-09-18,2026-09-18,True,False,Distrito Comercial La Paz,GASOLINA ESPECIAL + (S/DSI),24000.0,L,EST. SERV. CUENTAS SAN PABLO II S.R.L.,1189-EHP,Gasolina Especial +,GASOLINA_ESPECIAL_MAS,,,
2026-09-18,2026-09-18,True,False,Distrito Comercial La Paz,GASOLINA ESPECIAL + (S/DSI),20000.0,L,ESTACION DE SERVICIO SEÑOR DE MAYO S.R.L.,551-HEL,Gasolina Especial +,GASOLINA_ESPECIAL_MAS,,,
2026-09-18,2026-09-18,True,False,Distrito Comercial La Paz,GLP DISTRIB. 10 KILOS NAL,9000.0,L,ALEXSUS GAS S.R.L.,2128-SLK,GLP,GLP,,,
2026-09-18,2026-09-18,True,False,Distrito Comercial La Paz,GASOLINA ESPECIAL + (S/DSI),12000.0,L,ESTACIÓN DE SERVICIO ALIMARC INTER GAS BOLIVIA S.R.L.,547-CKT,Gasolina Especial +,GASOLINA_ESPECIAL_MAS,,,
2026-09-18,2026-09-18,True,False,Distrito Comercial La Paz,GASOLINA ESPECIAL + (S/DSI),20000.0,L,ESTACION DE SERVICIO TEJADA TRIANGULAR,1776-DNN,Gasolina Especial +,GASOLINA_ESPECIAL_MAS,,,
2026-09-18,2026-09-18,True,False,Distrito Comercial La Paz,GASOLINA ESPECIAL + (S/DSI),20000.0,L,EST. SERV. SAN PABLO VILLA BOLIVAR S.R.L.,496-HSR,Gasolina Especial +,GASOLINA_ESPECIAL_MAS,,,
2026-09-18,2026-09-18,True,False,Distrito Comercial La Paz,GASOLINA ESPECIAL + (S/DSI),18000.0,L,ZURSIL S.R.L. - E.S.T.,1604-NBE,Gasolina Especial +,GASOLINA_ESPECIAL_MAS,,,
2026-09-18,2026-09-18,True,False,Distrito Comercial La Paz,GASOLINA ESPECIAL + (S/DSI),20000.0,L,MARIA PATZI-EST. SERV. VARELA,2352-NHH,Gasolina Especial +,GASOLINA_ESPECIAL_MAS,,,
2026-09-18,2026-09-18,True,False,Distrito Comercial La Paz,GASOLINA ESPECIAL + (S/DSI),24000.0,L,EST. SERV. CHASQUIPAMPA S.R.L.,3030-TPF,Gasolina Especial +,GASOLINA_ESPECIAL_MAS,,,
2026-09-18,2026-09-18,True,False,Distrito Comercial La Paz,GASOLINA ESPECIAL + (S/DSI),20000.0,L,ESTACION DE SERVICIO CALUYO S.R.L.,1189-ZFC,Gasolina Especial +,GASOLINA_ESPECIAL_MAS,,,
2026-09-18,2026-09-18,True,False,Distrito Comercial La Paz,GASOLINA ESPECIAL + (S/DSI),18000.0,L,ESTACION DE SERVICIO C. REDENTOR S.R.L.,306-ERY,Gasolina Especial +,GASOLINA_ESPECIAL_MAS,,,
2026-09-18,2026-09-18,True,False,Distrito Comercial La Paz,GASOLINA ESPECIAL + (S/DSI),18000.0,L,EST. SERV. LAREDO SRL,1600-HIP,Gasolina Especial +,GASOLINA_ESPECIAL_MAS,,,
2026-09-18,2026-09-18,True,False,Distrito Comercial La Paz,GASOLINA ESPECIAL + (S/DSI),24000.0,L,EST. SERV. PLAYA VERDE,1157-UUL,Gasolina Especial +,GASOLINA_ESPECIAL_MAS,,,
2026-09-18,2026-09-18,True,False,Distrito Comercial La Paz,GASOLINA ESPECIAL + (S/DSI),17500.0,L,ESTACION DE SERVICIO SAN SEBASTIAN S.R.L.,2537-TEG,Gasolina Especial +,GASOLINA_ESPECIAL_MAS,,,
2026-09-18,2026-09-18,True,False,Distrito Comercial La Paz,GLP DISTRIB. 10 KILOS NAL,6750.0,L,A.A.V.V. GAS S.R.L.,129-BSR,GLP,GLP,,,
2026-09-18,2026-09-18,True,False,Distrito Comercial La Paz,GLP DISTRIB. 45 KILOS NAL,1800.0,L,DIST. GLP. ESMERALDA GAS SRL.,2821-LXX,GLP,GLP,,,
2026-09-18,2026-09-18,True,False,Distrito Comercial La Paz,GLP DISTRIB. 10 KILOS NAL,6750.0,L,DIST. GLP. ESMERALDA GAS SRL.,2124-NIL,GLP,GLP,,,
2026-09-18,2026-09-18,True,False,Distrito Comercial La Paz,GLP DISTRIB. 10 KILOS NAL,6630.0,L,ISABEL DURAN DE ITURRI - DIST. GLP DURA GAS,659-INT,GLP,GLP,,,
2026-09-18,2026-09-18,True,False,Distrito Comercial La Paz,GLP DISTRIB. 10 KILOS NAL,6630.0,L,DIST. GLP. TRIPETROL S.R.L.,1412-PIT,GLP,GLP,,,
2026-09-18,2026-09-18,True,False,Distrito Comercial La Paz,GLP DISTRIB. 10 KILOS NAL,6900.0,L,DIST. GLP. SAMO S.A.,1311-BND,GLP,GLP,,,
2026-09-18,2026-09-18,True,False,Distrito Comercial La Paz,GLP DISTRIB. 10 KILOS NAL,6630.0,L,DIST. GLP. PROGAS S.R.L.,081-CEX,GLP,GLP,,,
2026-09-18,2026-09-18,True,False,Distrito Comercial La Paz,GLP DISTRIB. 10 KILOS NAL,6630.0,L,GMGRECO GAS SOCIEDAD DE RESPONSABILIDAD LIMITADA,2060-RYK,GLP,GLP,,,
2026-09-18,2026-09-17,True,True,Distrito Comercial La Paz,DIESEL OIL IMPORTADO EESS,12000.0,L,EST. SERV. JAIMES FREYRE,328-LNP,Diesel Oil Importado,DIESEL_IMPORTADO,,,
2026-09-18,2026-09-18,True,False,Distrito Comercial La Paz,GLP DISTRIB. 10 KILOS NAL,6630.0,L,DIST. GLP. VIAGAS,302-TIF,GLP,GLP,,,
2026-09-18,2026-09-18,True,False,Distrito Comercial La Paz,GLP DISTRIB. 10 KILOS NAL,3500.0,L,DIST. GLP ANGELES,986-UIL,GLP,GLP,,,
2026-09-18,2026-09-18,True,False,Distrito Comercial La Paz,GLP DISTRIB. 10 KILOS NAL,6210.0,L,DIST. GLP. VIAGAS,1255-KZB,GLP,GLP,,,
2026-09-18,2026-09-18,True,False,Distrito Comercial La Paz,GLP DISTRIB. 10 KILOS NAL,6630.0,L,SAN JUDAS TADEO SOCIEDAD DE RESPONSABILIDAD LIMITADA,091-FDH,GLP,GLP,,,
2026-09-18,2026-09-18,True,False,Distrito Comercial La Paz,GLP DISTRIB. 10 KILOS NAL,6900.0,L,SAN JUDAS TADEO SOCIEDAD DE RESPONSABILIDAD LIMITADA,104-SNC,GLP,GLP,,,
2026-09-18,2026-09-18,True,False,Distrito Comercial La Paz,GLP DISTRIB. 45 KILOS NAL,2700.0,L,SAN JUDAS TADEO SOCIEDAD DE RESPONSABILIDAD LIMITADA,5609-PHF,GLP,GLP,,,
2026-09-18,2026-09-18,True,False,Distrito Comercial La Paz,GLP DISTRIB. 45 KILOS NAL,1800.0,L,A.A.V.V. GAS S.R.L.,4994-PHC,GLP,GLP,,,
2026-09-18,2026-09-18,True,False,Distrito Comercial La Paz,GLP DISTRIB. 10 KILOS NAL,6210.0,L,DIST. GLP. ESMERALDA GAS SRL.,801-NIK,GLP,GLP,,,
2026-09-18,2026-09-18,True,False,Distrito Comercial La Paz,GLP DISTRIB. 10 KILOS NAL,6900.0,L,DIST. GLP. ESMERALDA GAS SRL.,924-ZFP,GLP,GLP,,,
2026-09-18,2026-09-18,True,False,Distrito Comercial La Paz,GLP DISTRIB. 10 KILOS NAL,6750.0,L,ISABEL DURAN DE ITURRI - DIST. GLP DURA GAS,791-PKT,GLP,GLP,,,
2026-09-18,2026-09-18,True,False,Distrito Comercial La Paz,GLP DISTRIB. 10 KILOS NAL,6160.0,L,DIST. GLP. TRIPETROL S.R.L.,1049-GCX,GLP,GLP,,,
2026-09-18,2026-09-18,True,False,Distrito Comercial La Paz,GLP DISTRIB. 10 KILOS NAL,6630.0,L,DIST. GLP. SAMO S.A.,480-CIT,GLP,GLP,,,
2026-09-18,2026-09-18,True,False,Distrito Comercial La Paz,GLP DISTRIB. 10 KILOS NAL,6750.0,L,DIST. GLP. SAMO S.A.,467-SRU,GLP,GLP,,,
2026-09-18,2026-09-18,True,False,Distrito Comercial La Paz,GLP DISTRIB. 45 KILOS NAL,4500.0,L,DIST. GLP. SAMO S.A.,1182-IYA,GLP,GLP,,,
2026-09-18,2026-09-18,True,False,Distrito Comercial La Paz,GLP DISTRIB. 45 KILOS NAL,1800.0,L,DIST. GLP. PROGAS S.R.L.,4067-YRP,GLP,GLP,,,
2026-09-18,2026-09-18,True,False,Distrito Comercial La Paz,GLP DISTRIB. 10 KILOS NAL,6360.0,L,DIST. GLP. PROGAS S.R.L.,932-TGG,GLP,GLP,,,
2026-09-18,2026-09-18,True,False,Distrito Comercial La Paz,GLP DISTRIB. 10 KILOS NAL,5940.0,L,GMGRECO GAS SOCIEDAD DE RESPONSABILIDAD LIMITADA,497-ILK,GLP,GLP,,,
2026-09-18,2026-09-17,True,True,Distrito Comercial La Paz,GLP DISTRIB. 10 KILOS NAL,5570.0,L,SAN JUDAS TADEO SOCIEDAD DE RESPONSABILIDAD LIMITADA,795-CZG,GLP,GLP,,,
2026-09-18,2026-09-17,True,True,Distrito Comercial La Paz,GLP DISTRIB. 10 KILOS NAL,6000.0,L,ISABEL DURAN DE ITURRI - DIST. GLP DURA GAS,820-EEB,GLP,GLP,,,
2026-09-18,2026-09-17,True,True,Distrito Comercial La Paz,GLP DISTRIB. 10 KILOS NAL,320.0,L,DIST. GLP. TRIPETROL S.R.L.,1049-GCX,GLP,GLP,,,
2026-09-18,2026-09-18,True,False,Distrito Comercial La Paz,DIESEL OIL IMPORTADO EESS,20000.0,L,ESTACION DE SERVICIO SEÑOR DE MAYO S.R.L.,551-HEL,Diesel Oil Importado,DIESEL_IMPORTADO,,,
2026-09-18,2026-09-18,True,False,Distrito Comercial La Paz,GASOLINA ESPECIAL + EESS,22000.0,L,EST. SERV. BATALLAS S.R.L. ESBA S.R.L.,629-DXB,Gasolina Especial +,GASOLINA_ESPECIAL_MAS,,,
2026-09-18,2026-09-18,True,False,Distrito Comercial La Paz,GASOLINA ESPECIAL + EESS,32000.0,L,EST. SERV. PALOS BLANCOS,5229-ECH,Gasolina Especial +,GASOLINA_ESPECIAL_MAS,,,
2026-09-18,2026-09-18,True,False,Distrito Comercial La Paz,GASOLINA ESPECIAL + EESS,22000.0,L,EST. SERV. ITURRALDE S.R.L.,417-FKH,Gasolina Especial +,GASOLINA_ESPECIAL_MAS,,,
2026-09-18,2026-09-18,True,False,Distrito Comercial La Paz,DIESEL OIL IMPORTADO EESS,20000.0,L,EST. SERV. EMP. COM. HID. TUPAC KATARI S.R.L.,2097-PCX,Diesel Oil Importado,DIESEL_IMPORTADO,,,
2026-09-18,2026-09-18,True,False,Distrito Comercial La Paz,DIESEL OIL NACIONAL EESS,24000.0,L,ESTACION DE SERVICIO PARAISO TROPICAL,2532-UDH,Diesel Oil Nacional,DIESEL_NACIONAL,,,
2026-09-18,2026-09-18,True,False,Distrito Comercial La Paz,GASOLINA ESPECIAL + (S/DSI),20000.0,L,EST. SERV. LUBRICAN SRL,2714-SNP,Gasolina Especial +,GASOLINA_ESPECIAL_MAS,,,
2026-09-18,2026-09-18,True,False,Distrito Comercial La Paz,DIESEL OIL IMPORTADO EESS,20000.0,L,EST. SERV. CHUSAMARCA,3879-BHE,Diesel Oil Importado,DIESEL_IMPORTADO,,,
2026-09-18,2026-09-18,True,False,Distrito Comercial La Paz,GASOLINA ESPECIAL + (S/DSI),24000.0,L,EST. SERV. ESUR GHS LTDA.,667-TPB,Gasolina Especial +,GASOLINA_ESPECIAL_MAS,,,
2026-09-18,2026-09-18,True,False,Distrito Comercial La Paz,GASOLINA ESPECIAL + EESS,24000.0,L,EST. SERV. GASOLCAMP S.R.L.,1339-DHL,Gasolina Especial +,GASOLINA_ESPECIAL_MAS,,,
2026-09-18,2026-09-18,True,False,Distrito Comercial La Paz,GASOLINA ESPECIAL + (S/DSI),24000.0,L,EST. SERV. GAS CENTRO S.R.L.,2152-APF-1,Gasolina Especial +,GASOLINA_ESPECIAL_MAS,,,
2026-09-18,2026-09-18,True,False,Distrito Comercial La Paz,DIESEL OIL NACIONAL EESS,20000.0,L,CANIAX S.R.L.,396-SGP,Diesel Oil Nacional,DIESEL_NACIONAL,,,
2026-09-18,2026-09-18,True,False,Distrito Comercial La Paz,DIESEL OIL NACIONAL EESS,22000.0,L,EST. SERV. GUANAY,3613-ALF,Diesel Oil Nacional,DIESEL_NACIONAL,,,
2026-09-18,2026-09-18,True,False,Distrito Comercial La Paz,GASOLINA ESPECIAL + EESS,22000.0,L,ESTACION DE SERVICIOS YARA S.R.L.,801-ZLE,Gasolina Especial +,GASOLINA_ESPECIAL_MAS,,,
2026-09-18,2026-09-18,True,False,Distrito Comercial La Paz,GASOLINA ESPECIAL + (S/DSI),12000.0,L,EST. SERV. BOLIVIA ZURSIL S.R.L.,128-EPD,Gasolina Especial +,GASOLINA_ESPECIAL_MAS,,,
2026-09-18,2026-09-18,True,False,Distrito Comercial La Paz,GASOLINA ESPECIAL + (S/DSI),24000.0,L,EST. SERV. SOC. IND. COM. G.L.P.H. LTDA,671-SUX,Gasolina Especial +,GASOLINA_ESPECIAL_MAS,,,
2026-09-18,2026-09-18,True,False,Distrito Comercial La Paz,DIESEL OIL IMPORTADO EESS,24000.0,L,ELDA S. AGUILAR V. - EST. SERV. JUAN PABLO II,1156-PGH 1,Diesel Oil Importado,DIESEL_IMPORTADO,,,
2026-09-18,2026-09-18,True,False,Distrito Comercial La Paz,GASOLINA ESPECIAL + EESS,22000.0,L,EST. SERV. GUANAY,1434-RAF,Gasolina Especial +,GASOLINA_ESPECIAL_MAS,,,
2026-09-18,2026-09-18,True,False,Distrito Comercial La Paz,GLP DISTRIB. 10 KILOS NAL,5000.0,L,DIST. GLP HERMANAS DURAN AGUILAR - MARLENE F. DURAN AGUILAR,1335-SUB,GLP,GLP,,,
2026-09-18,2026-09-18,True,False,Distrito Comercial La Paz,GASOLINA ESPECIAL + (S/DSI),24000.0,L,GAS SAN FELIPE S.R.L.,5602-HKS,Gasolina Especial +,GASOLINA_ESPECIAL_MAS,,,
2026-09-18,2026-09-18,True,False,Distrito Comercial La Paz,DIESEL OIL IMPORTADO EESS,24000.0,L,EST. SERV. 6 DE MARZO,101-GEK,Diesel Oil Importado,DIESEL_IMPORTADO,,,
2026-09-18,2026-09-18,True,False,Distrito Comercial La Paz,DIESEL OIL NACIONAL EESS,20000.0,L,MARIO ALVAREZ M. EST. SERV. ALVAPETROL,858-PSI,Diesel Oil Nacional,DIESEL_NACIONAL,,,
2026-09-18,2026-09-18,True,False,Distrito Comercial La Paz,DIESEL OIL IMPORTADO EESS,20000.0,L,MARIA PATZI-EST. SERV. VARELA,2352-NHH,Diesel Oil Importado,DIESEL_IMPORTADO,,,
2026-09-18,2026-09-18,True,False,Distrito Comercial La Paz,GASOLINA ESPECIAL + (S/DSI),20000.0,L,EST. SERV. INTEROCEANICO,1326-NDS,Gasolina Especial +,GASOLINA_ESPECIAL_MAS,,,
2026-09-18,2026-09-18,True,False,Distrito Comercial La Paz,GLP DISTRIB. 10 KILOS NAL,6480.0,L,DIST. GLP. VIAGAS,162-ZAS,GLP,GLP,,,
2026-09-18,2026-09-18,True,False,Distrito Comercial La Paz,GLP DISTRIB. 10 KILOS NAL,7000.0,L,DIST. GLP ANGELES,2750-CBU,GLP,GLP,,,
2026-09-18,2026-09-18,True,False,Distrito Comercial La Paz,GASOLINA ESPECIAL + (S/DSI),24000.0,L,ESTACION DE SERVICIO LOZA - MARCELINA AGUIRRE VDA. DE LOZA,581-YGU,Gasolina Especial +,GASOLINA_ESPECIAL_MAS,,,
2026-09-18,2026-09-18,True,False,Distrito Comercial La Paz,GLP DISTRIB. 10 KILOS NAL,6250.0,L,A.A.V.V. GAS S.R.L.,334-ZRI,GLP,GLP,,,
2026-09-18,2026-09-18,True,False,Distrito Comercial La Paz,GLP DISTRIB. 10 KILOS NAL,8500.0,L,DIST. GLP HERMANAS DURAN AGUILAR - MARLENE F. DURAN AGUILAR,2749-GEH,GLP,GLP,,,
2026-09-18,2026-09-18,True,False,Distrito Comercial La Paz,GLP DISTRIB. 10 KILOS NAL,7500.0,L,DIST. GLP SORATA PERLA ANDINA S.R.L.,3158-DDF,GLP,GLP,,,
2026-09-18,2026-09-18,True,False,Distrito Comercial La Paz,GLP DISTRIB. 10 KILOS NAL,6000.0,L,DIST. GLP. ESMERALDA GAS SRL.,801-NIK,GLP,GLP,,,
2026-09-18,2026-09-18,True,False,Distrito Comercial La Paz,GLP DISTRIB. 10 KILOS NAL,6000.0,L,ISABEL DURAN DE ITURRI - DIST. GLP DURA GAS,791-PKT,GLP,GLP,,,
2026-09-18,2026-09-17,True,True,Distrito Comercial La Paz,DIESEL OIL NACIONAL EESS,22000.0,L,ESTACIÓN DE SERVICIO ESCOMA S.R.L.,1729-PDL,Diesel Oil Nacional,DIESEL_NACIONAL,,,
2026-09-18,2026-09-18,True,False,Distrito Comercial La Paz,GLP DISTRIB. 10 KILOS NAL,8750.0,L,DIST. GLP. LA CALZADA-SUD YUNGAS,5285-KDD,GLP,GLP,,,
2026-09-18,2026-09-18,True,False,Distrito Comercial La Paz,GLP DISTRIB. 10 KILOS NAL,6000.0,L,DIST. GLP. SAMO S.A.,480-CIT,GLP,GLP,,,
2026-09-18,2026-09-17,True,True,Distrito Comercial La Paz,GASOLINA ESPECIAL + EESS,24000.0,L,OFELIA PLATA P. - EST. SERV. UMAMARCA,2339-UFY,Gasolina Especial +,GASOLINA_ESPECIAL_MAS,,,
2026-09-18,2026-09-17,True,True,Distrito Comercial La Paz,GLP DISTRIB. 10 KILOS NAL,9000.0,L,DISTRIBUIDORA DE GLP SAN FRANCISCO -LUCIANO SILLO CONDORI S.R.L.,4024-SAH,GLP,GLP,,,
2026-09-18,2026-09-17,True,True,Distrito Comercial La Paz,GASOLINA ESPECIAL + (S/DSI),12000.0,L,GRUPO EMPRESARIAL VIRGEN DE LOS ALAMOS S.R.L.,4831-ETU,Gasolina Especial +,GASOLINA_ESPECIAL_MAS,,,
2026-09-18,2026-09-18,True,False,Distrito Comercial La Paz,GASOLINA ESPECIAL + (S/DSI),20000.0,L,EST. SERV. YUPANQUI,3480-LTK,Gasolina Especial +,GASOLINA_ESPECIAL_MAS,,,
2026-09-18,2026-09-18,True,False,Distrito Comercial La Paz,GLP DISTRIB. 10 KILOS NAL,6750.0,L,AXEL GAS S.R.L.,1209-EYS,GLP,GLP,,,
2026-09-18,2026-09-18,True,False,Distrito Comercial La Paz,GASOLINA ESPECIAL + (S/DSI),12000.0,L,EST. SERV. ACB CALACOTO,839-EUS,Gasolina Especial +,GASOLINA_ESPECIAL_MAS,,,
2026-09-18,2026-09-18,True,False,Distrito Comercial La Paz,GASOLINA ESPECIAL + (S/DSI),20000.0,L,EST. SERV. ACB SAN JORGE,1853-KTP,Gasolina Especial +,GASOLINA_ESPECIAL_MAS,,,
2026-09-18,2026-09-18,True,False,Distrito Comercial La Paz,DIESEL OIL IMPORTADO EESS,12000.0,L,EST. SERV. GAS-MAY S.R.L.,1704-ESB,Diesel Oil Importado,DIESEL_IMPORTADO,,,
2026-09-18,2026-09-18,True,False,Distrito Comercial La Paz,GASOLINA ESPECIAL + (S/DSI),12000.0,L,EST. SERV. GAS-MAY S.R.L.,1704-ESB,Gasolina Especial +,GASOLINA_ESPECIAL_MAS,,,
2026-09-18,2026-09-18,True,False,Distrito Comercial La Paz,GASOLINA ESPECIAL + EESS,22000.0,L,EST. SERV. ADALUZ PETROL,1183-LPL-1,Gasolina Especial +,GASOLINA_ESPECIAL_MAS,,,
2026-09-18,2026-09-18,True,False,Distrito Comercial La Paz,GASOLINA ESPECIAL + EESS,22000.0,L,CANIAX S.R.L.,4074-FNA,Gasolina Especial +,GASOLINA_ESPECIAL_MAS,,,
2026-09-18,2026-09-18,True,False,Distrito Comercial La Paz,DIESEL OIL IMPORTADO EESS,24000.0,L,EST. SERV. SAN PABLO VILLA BOLIVAR S.R.L.,1792-TSD,Diesel Oil Importado,DIESEL_IMPORTADO,,,
2026-09-18,2026-09-18,True,False,Distrito Comercial La Paz,DIESEL OIL IMPORTADO EESS,12000.0,L,ESTACION DE SERVICIO TEJADA TRIANGULAR,1776-DNN,Diesel Oil Importado,DIESEL_IMPORTADO,,,
2026-09-18,2026-09-18,True,False,Distrito Comercial La Paz,GASOLINA ESPECIAL + (S/DSI),18000.0,L,EST. SERV. CANDELARIA,1487-RYN,Gasolina Especial +,GASOLINA_ESPECIAL_MAS,,,
2026-09-18,2026-09-18,True,False,Distrito Comercial La Paz,DIESEL OIL IMPORTADO EESS,24000.0,L,ESTACION DE SERVICIO CALUYO S.R.L.,1189-ZFC,Diesel Oil Importado,DIESEL_IMPORTADO,,,
2026-09-18,2026-09-18,True,False,Distrito Comercial La Paz,DIESEL OIL IMPORTADO EESS,24000.0,L,ESTACION DE SERVICIO TERRAGAS LTDA,5361-TUF,Diesel Oil Importado,DIESEL_IMPORTADO,,,
2026-09-18,2026-09-18,True,False,Distrito Comercial La Paz,GASOLINA ESPECIAL + EESS,22000.0,L,ESTACION DE SERVICIO ISSUCADELA S.R.L,2378-EIG,Gasolina Especial +,GASOLINA_ESPECIAL_MAS,,,
2026-09-18,2026-09-18,True,False,Distrito Comercial La Paz,GLP DISTRIB. 10 KILOS NAL,6090.0,L,DIST. GLP. SOCIEDAD PETROLERA SANTA ELENA S.R.L. (SOPESE S.R.L.),414-BKB,GLP,GLP,,,
2026-09-18,2026-09-17,True,True,Distrito Comercial La Paz,GASOLINA ESPECIAL + EESS,16000.0,L,ESTACION DE SERVICIO TOLAR S.R.L.,829-XPG,Gasolina Especial +,GASOLINA_ESPECIAL_MAS,,,
2026-09-18,2026-09-18,True,False,Distrito Comercial La Paz,GASOLINA ESPECIAL + (S/DSI),24000.0,L,DISTRIBUIDORA DE GASOLINA Y LUBRICANTES SAN PABLO S.R.L.,632-RIB,Gasolina Especial +,GASOLINA_ESPECIAL_MAS,,,
2026-09-18,2026-09-18,True,False,Distrito Comercial La Paz,GASOLINA ESPECIAL + (S/DSI),24000.0,L,EST. SERV. CRISTO AUTO GAS SRL.,2201-IRF,Gasolina Especial +,GASOLINA_ESPECIAL_MAS,,,
2026-09-18,2026-09-18,True,False,Distrito Comercial La Paz,GLP DISTRIB. 10 KILOS NAL,2500.0,L,DIST. GLP ANGELES,1463-SKT,GLP,GLP,,,
2026-09-18,2026-09-17,True,True,Distrito Comercial La Paz,GASOLINA ESPECIAL + (S/DSI),24000.0,L,EST. SERV. JAIMES FREYRE,1118-KLR,Gasolina Especial +,GASOLINA_ESPECIAL_MAS,,,
2026-09-18,2026-09-18,True,False,Distrito Comercial La Paz,GASOLINA ESPECIAL + (S/DSI),24000.0,L,EST. SERV. QHANTATI SRL.,815-XSR,Gasolina Especial +,GASOLINA_ESPECIAL_MAS,,,
2026-09-18,2026-09-18,True,False,Distrito Comercial La Paz,GASOLINA ESPECIAL + (S/DSI),20000.0,L,EST. SERV. ILLIMANI S.R.L.,564-CNY,Gasolina Especial +,GASOLINA_ESPECIAL_MAS,,,
2026-09-18,2026-09-18,True,False,Distrito Comercial La Paz,GLP DISTRIB. 10 KILOS NAL,5770.0,L,SAN JUDAS TADEO SOCIEDAD DE RESPONSABILIDAD LIMITADA,104-SNC,GLP,GLP,,,
2026-09-18,2026-09-17,True,True,Distrito Comercial La Paz,GASOLINA ESPECIAL + EESS,20000.0,L,CLEMENTINA FANNY MAMANI MORALES - EST. SERV. LAHUACHACA Y DISTRIBUCION DE GLP,1401-ICT,Gasolina Especial +,GASOLINA_ESPECIAL_MAS,,,
2026-09-18,2026-09-17,True,True,Distrito Comercial La Paz,GASOLINA ESPECIAL + EESS,22000.0,L,EST. SERV. CARBURANTES SAN MIGUEL,1552-UYP-1,Gasolina Especial +,GASOLINA_ESPECIAL_MAS,,,
2026-09-18,2026-09-18,True,False,Distrito Comercial La Paz,GLP DISTRIB. 10 KILOS NAL,6480.0,L,DIST. GLP. TRIPETROL S.R.L.,1049-GCX,GLP,GLP,,,
2026-09-18,2026-09-17,True,True,Distrito Comercial La Paz,GLP DISTRIB. 10 KILOS NAL,5000.0,L,DIST. GLP ANGELES,1463-SKT,GLP,GLP,,,
2026-09-18,2026-09-17,True,True,Distrito Comercial La Paz,GLP DISTRIB. 10 KILOS NAL,9000.0,L,DIST. GLP FLOR DEL NORTE S.R.L.,2926-PEY,GLP,GLP,,,
2026-09-18,2026-09-16,True,True,Distrito Comercial La Paz,GLP DISTRIB. 10 KILOS NAL,6750.0,L,SANDRA CALLIZAYA CH. - DIST. GLP APOLOBAMBA,1815-NPC,GLP,GLP,,,
2026-09-18,2026-09-18,True,False,Distrito Comercial La Paz,GASOLINA ESPECIAL + EESS,20000.0,L,EST. SERV. ACHACACHI S.R.L.,1604-NBE,Gasolina Especial +,GASOLINA_ESPECIAL_MAS,,,
2026-09-18,2026-09-18,True,False,Distrito Comercial La Paz,GASOLINA ESPECIAL + (S/DSI),12000.0,L,ESTACION DE SERVICIO ZOFRI S.R.L.,1397-CTU,Gasolina Especial +,GASOLINA_ESPECIAL_MAS,,,
2026-09-18,2026-09-18,True,False,Distrito Comercial La Paz,GASOLINA ESPECIAL + EESS,12000.0,L,ESTACIÓN DE SERVICIO KONANI S.R.L.,1552-PFH,Gasolina Especial +,GASOLINA_ESPECIAL_MAS,,,
2026-09-18,2026-09-18,True,False,Distrito Comercial La Paz,DIESEL OIL IMPORTADO EESS,24000.0,L,ESTACIÓN DE SERVICIO ALIMARC INTER GAS BOLIVIA S.R.L.,547-CKT,Diesel Oil Importado,DIESEL_IMPORTADO,,,
2026-09-18,2026-09-18,True,False,Distrito Comercial La Paz,DIESEL OIL IMPORTADO EESS,24000.0,L,ESTACION DE SERVICIO C. REDENTOR S.R.L.,306-ERY,Diesel Oil Importado,DIESEL_IMPORTADO,,,
2026-09-18,2026-09-18,True,False,Distrito Comercial La Paz,DIESEL OIL IMPORTADO EESS,18000.0,L,EST. SERV. VOLCAN S.R.L.,5274-GHT,Diesel Oil Importado,DIESEL_IMPORTADO,,,
2026-09-18,2026-09-18,True,False,Distrito Comercial La Paz,GASOLINA ESPECIAL + (S/DSI),24000.0,L,EST. SERV. CARSUR S.R.L.,561-YKH,Gasolina Especial +,GASOLINA_ESPECIAL_MAS,,,
2026-09-18,2026-09-18,True,False,Distrito Comercial La Paz,GASOLINA ESPECIAL + (S/DSI),24000.0,L,EST. SERV. MOTORECO SRL.,1340-SPB,Gasolina Especial +,GASOLINA_ESPECIAL_MAS,,,
2026-09-18,2026-09-18,True,False,Distrito Comercial La Paz,DIESEL OIL IMPORTADO EESS,24000.0,L,EST. SERV. LAREDO SRL,419-LCF,Diesel Oil Importado,DIESEL_IMPORTADO,,,
2026-09-18,2026-09-18,True,False,Distrito Comercial La Paz,GASOLINA ESPECIAL + (S/DSI),12000.0,L,EST. SERV. ALTO LIMA S.R.L.,1555-ULK,Gasolina Especial +,GASOLINA_ESPECIAL_MAS,,,
2026-09-18,2026-09-18,True,False,Distrito Comercial La Paz,DIESEL OIL IMPORTADO EESS,12000.0,L,EST. SERV. ALTO LIMA S.R.L.,1555-ULK,Diesel Oil Importado,DIESEL_IMPORTADO,,,
2026-09-18,2026-09-18,True,False,Distrito Comercial La Paz,DIESEL OIL IMPORTADO EESS,24000.0,L,ZURSIL S.R.L. - E.S.T.,542-PSF,Diesel Oil Importado,DIESEL_IMPORTADO,,,
2026-09-18,2026-09-18,True,False,Distrito Comercial La Paz,GASOLINA ESPECIAL + (S/DSI),24000.0,L,ESTACION DE SERVICIO KANTUTA S.R.L.,557-XEF,Gasolina Especial +,GASOLINA_ESPECIAL_MAS,,,
2026-09-18,2026-09-18,True,False,Distrito Comercial La Paz,GLP DISTRIB. 10 KILOS NAL,5000.0,L,DIST. GLP. SOCIEDAD PETROLERA SANTA ELENA S.R.L. (SOPESE S.R.L.),3592-GZF,GLP,GLP,,,
2026-09-18,2026-09-18,True,False,Distrito Comercial La Paz,GLP DISTRIB. 10 KILOS NAL,4930.0,L,DIST. GLP. SOCIEDAD PETROLERA SANTA ELENA S.R.L. (SOPESE S.R.L.),085-IKK,GLP,GLP,,,
2026-09-18,2026-09-18,True,False,Distrito Comercial La Paz,GASOLINA ESPECIAL + (S/DSI),24000.0,L,GREGORIO CUENTAS M. EST. SERV. DRAGON DE ORO,500-FYX,Gasolina Especial +,GASOLINA_ESPECIAL_MAS,,,
2026-09-18,2026-09-18,True,False,Distrito Comercial La Paz,GASOLINA ESPECIAL + (S/DSI),24000.0,L,EST. SERV. EL PARAISO SRL.,5352-FGB,Gasolina Especial +,GASOLINA_ESPECIAL_MAS,,,
2026-09-18,2026-09-18,True,False,Distrito Comercial La Paz,GLP DISTRIB. 10 KILOS NAL,8840.0,L,DISTRIBUIDORA DE GAS LICUADO ALEJANDRA S.R.L.,2812-KYX,GLP,GLP,,,
2026-09-18,2026-09-18,True,False,Distrito Comercial La Paz,GLP DISTRIB. 10 KILOS NAL,8840.0,L,"DISTRIBUIDORA DE G.L.P. ""TIPUANI"" S.R.L.",1782-TUA,GLP,GLP,,,
2026-09-18,2026-09-18,True,False,Distrito Comercial La Paz,GASOLINA ESPECIAL + EESS,22000.0,L,MARIO ALVAREZ M. EST. SERV. ALVAPETROL,3061-LXN,Gasolina Especial +,GASOLINA_ESPECIAL_MAS,,,
2026-09-18,2026-09-18,True,False,Distrito Comercial La Paz,GASOLINA ESPECIAL + (S/DSI),20000.0,L,EST. SERV. TEXAS S.R.L.,1008-UIC,Gasolina Especial +,GASOLINA_ESPECIAL_MAS,,,
2026-09-18,2026-09-18,True,False,Distrito Comercial La Paz,GLP DISTRIB. 10 KILOS NAL,6000.0,L,DIST. GLP. DISANDES S.R.L.,1814-GTY,GLP,GLP,,,
2026-09-18,2026-09-18,True,False,Distrito Comercial La Paz,GLP DISTRIB. 10 KILOS NAL,6000.0,L,GENARA CAPIA DE FERNANDEZ - DIST. GLP SEVERO FERNANDEZ CH.,998-BCA,GLP,GLP,,,
2026-09-18,2026-09-18,True,False,Distrito Comercial La Paz,GLP DISTRIB. 10 KILOS NAL,5940.0,L,DIST. GLP. TRIPETROL S.R.L.,479-IPN,GLP,GLP,,,
2026-09-18,2026-09-18,True,False,Distrito Comercial La Paz,GLP DISTRIB. 10 KILOS NAL,3000.0,L,DIST. GLP. TRIPETROL S.R.L.,557-KAE,GLP,GLP,,,
2026-09-18,2026-09-17,True,True,Distrito Comercial La Paz,GLP DISTRIB. 10 KILOS NAL,9000.0,L,DELTAFOOD S.R.L.,1555-FYD,GLP,GLP,,,
2026-09-18,2026-09-17,True,True,Distrito Comercial La Paz,GLP DISTRIB. 10 KILOS NAL,5000.0,L,GENARA CAPIA DE FERNANDEZ - DIST. GLP SEVERO FERNANDEZ CH.,1227-SAP,GLP,GLP,,,
2026-09-18,2026-09-17,True,True,Distrito Comercial La Paz,GLP DISTRIB. 10 KILOS NAL,1280.0,L,DIST. GLP. SOCIEDAD PETROLERA SANTA ELENA S.R.L. (SOPESE S.R.L.),085-IKK,GLP,GLP,,,
2026-09-18,2026-09-16,True,True,Distrito Comercial La Paz,GLP DISTRIB. 10 KILOS NAL,9000.0,L,DIST. GLP PALOS BLANCOS - SDENKA PEREZ LARICO,2298-CCB,GLP,GLP,,,
2026-09-19,2026-09-19,True,False,Distrito Comercial La Paz,GLP DISTRIB. 10 KILOS NAL,6480.0,L,DIST. GLP. VIAGAS,162-ZAS,GLP,GLP,,,
2026-09-19,2026-09-19,True,False,Distrito Comercial La Paz,GLP DISTRIB. 10 KILOS NAL,3890.0,L,DIST. GLP. VIAGAS,1255-KZB,GLP,GLP,,,
2026-09-19,2026-09-19,True,False,Distrito Comercial La Paz,GLP DISTRIB. 10 KILOS NAL,9000.0,L,SANDRA CALLIZAYA CH. - DIST. GLP OMASUYOS,566-PFF,GLP,GLP,,,
2026-09-19,2026-09-19,True,False,Distrito Comercial La Paz,GLP DISTRIB. 10 KILOS NAL,6750.0,L,A.A.V.V. GAS S.R.L.,078-SCG,GLP,GLP,,,
2026-09-19,2026-09-19,True,False,Distrito Comercial La Paz,GLP DISTRIB. 10 KILOS NAL,6210.0,L,DIST. GLP. SOCIEDAD PETROLERA SANTA ELENA S.R.L. (SOPESE S.R.L.),065-KKN,GLP,GLP,,,
2026-09-19,2026-09-19,True,False,Distrito Comercial La Paz,GLP DISTRIB. 10 KILOS NAL,3260.0,L,DIST. GLP. PROGAS S.R.L.,066-ASF,GLP,GLP,,,
2026-09-19,2026-09-19,True,False,Distrito Comercial La Paz,GLP DISTRIB. 10 KILOS NAL,6750.0,L,DIST. GLP. PROGAS S.R.L.,081-CEX,GLP,GLP,,,
2026-09-19,2026-09-19,True,False,Distrito Comercial La Paz,GLP DISTRIB. 45 KILOS NAL,2250.0,L,DIST. GLP. ESMERALDA GAS SRL.,2821-LXX,GLP,GLP,,,
2026-09-19,2026-09-19,True,False,Distrito Comercial La Paz,GLP DISTRIB. 10 KILOS NAL,3830.0,L,DIST. GLP. ESMERALDA GAS SRL.,924-ZFP,GLP,GLP,,,
2026-09-19,2026-09-19,True,False,Distrito Comercial La Paz,GLP DISTRIB. 10 KILOS NAL,6630.0,L,DIST. GLP. TRIPETROL S.R.L.,1412-PIT,GLP,GLP,,,
2026-09-19,2026-09-19,True,False,Distrito Comercial La Paz,GLP DISTRIB. 10 KILOS NAL,5940.0,L,DIST. GLP. TRIPETROL S.R.L.,479-IPN,GLP,GLP,,,
2026-09-19,2026-09-19,True,False,Distrito Comercial La Paz,GLP DISTRIB. 45 KILOS NAL,4500.0,L,DIST. GLP. SAMO S.A.,1182-IYA,GLP,GLP,,,
2026-09-19,2026-09-19,True,False,Distrito Comercial La Paz,GLP DISTRIB. 10 KILOS NAL,5400.0,L,ISABEL DURAN DE ITURRI - DIST. GLP DURA GAS,791-PKT,GLP,GLP,,,
2026-09-19,2026-09-19,True,False,Distrito Comercial La Paz,GLP DISTRIB. 10 KILOS NAL,6000.0,L,ISABEL DURAN DE ITURRI - DIST. GLP DURA GAS,820-EEB,GLP,GLP,,,
2026-09-19,2026-09-19,True,False,Distrito Comercial La Paz,GLP DISTRIB. 10 KILOS NAL,6900.0,L,DIST. GLP. SAMO S.A.,1311-BND,GLP,GLP,,,
2026-09-19,2026-09-18,True,True,Distrito Comercial La Paz,GLP DISTRIB. 10 KILOS NAL,1360.0,L,DIST. GLP. VIAGAS,1255-KZB,GLP,GLP,,,
2026-09-19,2026-09-18,True,True,Distrito Comercial La Paz,GLP DISTRIB. 10 KILOS NAL,1030.0,L,DIST. GLP. ESMERALDA GAS SRL.,924-ZFP,GLP,GLP,,,
2026-09-19,2026-09-18,True,True,Distrito Comercial La Paz,GLP DISTRIB. 10 KILOS NAL,5400.0,L,DIST. GLP. LA CALZADA-SUD YUNGAS,1628-ADH,GLP,GLP,,,
2026-09-19,2026-09-17,True,True,Distrito Comercial La Paz,GLP DISTRIB. 10 KILOS NAL,9000.0,L,DISTRIBUIDORA DE GLP SAN FRANCISCO -LUCIANO SILLO CONDORI S.R.L.,5352-HPC,GLP,GLP,,,
2026-09-19,2026-09-17,True,True,Distrito Comercial La Paz,GLP DISTRIB. 10 KILOS NAL,6000.0,L,DIST. GLP CALEMQ S.R.L.,1101-LRD,GLP,GLP,,,
2026-09-19,2026-09-19,True,False,Distrito Comercial La Paz,GLP DISTRIB. 10 KILOS NAL,6900.0,L,SAN JUDAS TADEO SOCIEDAD DE RESPONSABILIDAD LIMITADA,104-SNC,GLP,GLP,,,
2026-09-19,2026-09-19,True,False,Distrito Comercial La Paz,GLP DISTRIB. 45 KILOS NAL,2700.0,L,SAN JUDAS TADEO SOCIEDAD DE RESPONSABILIDAD LIMITADA,5609-PHF,GLP,GLP,,,
2026-09-19,2026-09-19,True,False,Distrito Comercial La Paz,GLP DISTRIB. 10 KILOS NAL,6630.0,L,DIST. GLP. VIAGAS,302-TIF,GLP,GLP,,,
2026-09-19,2026-09-19,True,False,Distrito Comercial La Paz,GLP DISTRIB. 45 KILOS NAL,1800.0,L,A.A.V.V. GAS S.R.L.,4994-PHC,GLP,GLP,,,
2026-09-19,2026-09-19,True,False,Distrito Comercial La Paz,GLP DISTRIB. 45 KILOS NAL,1800.0,L,DIST. GLP. PROGAS S.R.L.,4067-YRP,GLP,GLP,,,
2026-09-19,2026-09-19,True,False,Distrito Comercial La Paz,GLP DISTRIB. 10 KILOS NAL,6360.0,L,DIST. GLP. PROGAS S.R.L.,932-TGG,GLP,GLP,,,
2026-09-19,2026-09-19,True,False,Distrito Comercial La Paz,GLP DISTRIB. 10 KILOS NAL,6750.0,L,DIST. GLP. ESMERALDA GAS SRL.,2124-NIL,GLP,GLP,,,
2026-09-19,2026-09-19,True,False,Distrito Comercial La Paz,GLP DISTRIB. 10 KILOS NAL,6210.0,L,DIST. GLP. ESMERALDA GAS SRL.,2375-SHN,GLP,GLP,,,
2026-09-19,2026-09-19,True,False,Distrito Comercial La Paz,GLP DISTRIB. 10 KILOS NAL,5100.0,L,DIST. GLP. TRIPETROL S.R.L.,444-KPH,GLP,GLP,,,
2026-09-19,2026-09-19,True,False,Distrito Comercial La Paz,GLP DISTRIB. 10 KILOS NAL,6630.0,L,DIST. GLP. SAMO S.A.,480-CIT,GLP,GLP,,,
2026-09-19,2026-09-19,True,False,Distrito Comercial La Paz,GLP DISTRIB. 10 KILOS NAL,6750.0,L,DIST. GLP. SAMO S.A.,467-SRU,GLP,GLP,,,
2026-09-19,2026-09-19,True,False,Distrito Comercial La Paz,GLP DISTRIB. 10 KILOS NAL,5940.0,L,GMGRECO GAS SOCIEDAD DE RESPONSABILIDAD LIMITADA,497-ILK,GLP,GLP,,,
2026-09-19,2026-09-19,True,False,Distrito Comercial La Paz,GLP DISTRIB. 10 KILOS NAL,6630.0,L,GMGRECO GAS SOCIEDAD DE RESPONSABILIDAD LIMITADA,921-NLX,GLP,GLP,,,
2026-09-19,2026-09-18,True,True,Distrito Comercial La Paz,GLP DISTRIB. 10 KILOS NAL,6000.0,L,DIST. GLP CALEMQ S.R.L.,1021-ZXB,GLP,GLP,,,
2026-09-19,2026-09-18,True,True,Distrito Comercial La Paz,GLP DISTRIB. 10 KILOS NAL,8840.0,L,DIST. GLP. SAN MIGUEL,1053-SBI,GLP,GLP,,,
2026-09-19,2026-09-18,True,True,Distrito Comercial La Paz,GLP DISTRIB. 10 KILOS NAL,4140.0,L,DIST. GLP. SOCIEDAD PETROLERA SANTA ELENA S.R.L. (SOPESE S.R.L.),085-IKK,GLP,GLP,,,
2026-09-19,2026-09-18,True,True,Distrito Comercial La Paz,GLP DISTRIB. 10 KILOS NAL,6630.0,L,SAN JUDAS TADEO SOCIEDAD DE RESPONSABILIDAD LIMITADA,091-FDH,GLP,GLP,,,
2026-09-19,2026-09-18,True,True,Distrito Comercial La Paz,GLP DISTRIB. 10 KILOS NAL,6900.0,L,SAN JUDAS TADEO SOCIEDAD DE RESPONSABILIDAD LIMITADA,795-CZG,GLP,GLP,,,
2026-09-19,2026-09-18,True,True,Distrito Comercial La Paz,GLP DISTRIB. 10 KILOS NAL,1530.0,L,DIST. GLP. TRIPETROL S.R.L.,444-KPH,GLP,GLP,,,
2026-09-19,2026-09-19,True,False,Distrito Comercial La Paz,GASOLINA ESPECIAL + (S/DSI),22000.0,L,EFRAIN LOPEZ LUCANA,1729-PDL,Gasolina Especial +,GASOLINA_ESPECIAL_MAS,,2026-09-20T03:38:35.813000+00:00,
2026-09-19,2026-09-19,True,False,Distrito Comercial La Paz,GASOLINA ESPECIAL + (S/DSI),24000.0,L,"EMPRESA COMERCIALIZADORA, DISTRIBUIDORA DE SERVICIOS Y CARBURANTES ARUZCA MORALES S.R.L.",1233-KNC,Gasolina Especial +,GASOLINA_ESPECIAL_MAS,,2026-09-20T03:34:25.150000+00:00,
2026-09-19,2026-09-19,True,False,Distrito Comercial La Paz,GASOLINA ESPECIAL + EESS,22000.0,L,ESTACION DE SERVICIO MEJIA S.R.L.,812-TCN,Gasolina Especial +,GASOLINA_ESPECIAL_MAS,,2026-09-20T03:29:25.800000+00:00,
2026-09-19,2026-09-19,True,False,Distrito Comercial La Paz,GASOLINA ESPECIAL + EESS,12000.0,L,IVAN MATIAS V. - EST. SERV. REYES MATIAS,1392-KNS,Gasolina Especial +,GASOLINA_ESPECIAL_MAS,,2026-09-20T03:25:07.150000+00:00,
2026-09-19,2026-09-19,True,False,Distrito Comercial La Paz,GASOLINA ESPECIAL + EESS,22000.0,L,SILVIA TORREZ.- EST. SERV. TORREZ,378-NEY,Gasolina Especial +,GASOLINA_ESPECIAL_MAS,,2026-09-20T03:20:25.953000+00:00,
2026-09-19,2026-09-19,True,False,Distrito Comercial La Paz,GASOLINA ESPECIAL + (S/DSI),12000.0,L,EST. SERV. CARSUR S.R.L.,2484-PUD,Gasolina Especial +,GASOLINA_ESPECIAL_MAS,,2026-09-20T03:14:04.500000+00:00,
2026-09-19,2026-09-19,True,False,Distrito Comercial La Paz,GASOLINA ESPECIAL + (S/DSI),20000.0,L,EST. SERV. ACB SAN JORGE,1853-KTP,Gasolina Especial +,GASOLINA_ESPECIAL_MAS,,2026-09-20T03:10:25.610000+00:00,
2026-09-19,2026-09-19,True,False,Distrito Comercial La Paz,GASOLINA ESPECIAL + (S/DSI),12000.0,L,ESTACION DE SERVICIO KORY INTI S.R.L.,3879-BHE,Gasolina Especial +,GASOLINA_ESPECIAL_MAS,,2026-09-19T21:35:10.457000+00:00,
2026-09-19,2026-09-18,True,True,Distrito Comercial La Paz,GASOLINA ESPECIAL + (S/DSI),18000.0,L,ESTACION DE SERVICIOS NIMAGASBOL S.R.L.,5028-SLK,Gasolina Especial +,GASOLINA_ESPECIAL_MAS,,2026-09-20T01:15:17.580000+00:00,
2026-09-19,2026-09-19,True,False,Distrito Comercial La Paz,GASOLINA ESPECIAL + (S/DSI),18000.0,L,EST. SERV. GALAXIA S.R.L.,1768-PZN,Gasolina Especial +,GASOLINA_ESPECIAL_MAS,,2026-09-20T03:05:04.647000+00:00,
2026-09-19,2026-09-19,True,False,Distrito Comercial La Paz,DIESEL OIL IMPORTADO EESS,24000.0,L,EST. SERV. M&G CAMINO REAL,2801-XUD,Diesel Oil Importado,DIESEL_IMPORTADO,,2026-09-20T02:55:30.130000+00:00,
2026-09-19,2026-09-18,True,True,Distrito Comercial La Paz,DIESEL OIL IMPORTADO CF,19900.0,L,COOPERATIVA MINERA AURIFERA PAL TOLAPONTE R.L.,1780-ITS,Diesel Oil Importado,DIESEL_IMPORTADO,,2026-09-20T02:42:49.217000+00:00,
2026-09-19,2026-09-19,True,False,Distrito Comercial La Paz,DIESEL OIL NACIONAL EESS,24000.0,L,SILVIA TORREZ.- EST. SERV. TORREZ,2049-GTA,Diesel Oil Nacional,DIESEL_NACIONAL,,2026-09-20T02:24:37.003000+00:00,
2026-09-19,2026-09-19,True,False,Distrito Comercial La Paz,DIESEL OIL IMPORTADO EESS,24000.0,L,EST. SERV. APOSTOL SANTIAGO,1487-RYN,Diesel Oil Importado,DIESEL_IMPORTADO,,2026-09-20T02:16:08.937000+00:00,
2026-09-19,2026-09-19,True,False,Distrito Comercial La Paz,GASOLINA ESPECIAL + (S/DSI),20000.0,L,EST. SERV. ILLIMANI S.R.L.,564-CNY,Gasolina Especial +,GASOLINA_ESPECIAL_MAS,,2026-09-19T20:58:38.053000+00:00,
2026-09-19,2026-09-18,True,True,Distrito Comercial La Paz,GASOLINA ESPECIAL + (S/DSI),24000.0,L,EST. SERV. COSTANERA SRL.,328-LNP,Gasolina Especial +,GASOLINA_ESPECIAL_MAS,,2026-09-19T21:59:57.523000+00:00,
2026-09-19,2026-09-19,True,False,Distrito Comercial La Paz,GASOLINA ESPECIAL + (S/DSI),24000.0,L,EST. SERV. SIEMPRE A FULL MIRAFLORES S.R.L. (SAF),1156-PGH 1,Gasolina Especial +,GASOLINA_ESPECIAL_MAS,,2026-09-20T00:19:10.860000+00:00,
2026-09-19,2026-09-19,True,False,Distrito Comercial La Paz,GASOLINA ESPECIAL + (S/DSI),24000.0,L,GRUPO EMPRESARIAL VIRGEN DE LOS ALAMOS S.R.L.,4831-ETU,Gasolina Especial +,GASOLINA_ESPECIAL_MAS,,2026-09-19T22:03:18.647000+00:00,
2026-09-19,2026-09-18,True,True,Distrito Comercial La Paz,GASOLINA ESPECIAL + EESS,22000.0,L,EST. SERV. FLOR DE CAÑA S.R.L.,1203-BED,Gasolina Especial +,GASOLINA_ESPECIAL_MAS,,2026-09-20T00:30:00.160000+00:00,
2026-09-19,2026-09-18,True,True,Distrito Comercial La Paz,GASOLINA ESPECIAL + (S/DSI),20000.0,L,ESTACIÓN DE SERVICIO LAS ROSAS S.R.L.,101-GEK,Gasolina Especial +,GASOLINA_ESPECIAL_MAS,,2026-09-19T22:19:18.990000+00:00,
2026-09-19,2026-09-18,True,True,Distrito Comercial La Paz,GASOLINA ESPECIAL + EESS,22000.0,L,ESTACION DE SERVICIO SAYHOGAS S.R.L.,1454-FLH,Gasolina Especial +,GASOLINA_ESPECIAL_MAS,,2026-09-20T00:34:45.797000+00:00,
2026-09-19,2026-09-19,True,False,Distrito Comercial La Paz,GASOLINA ESPECIAL + EESS,22000.0,L,ESTACION DE SERVICIO HUANCANE Y TRANSPORTE S.R.L.,996-BIE-1,Gasolina Especial +,GASOLINA_ESPECIAL_MAS,,2026-09-20T01:59:56.330000+00:00,
2026-09-19,2026-09-19,True,False,Distrito Comercial La Paz,DIESEL OIL NACIONAL EESS,24000.0,L,PANAMERICANA INTERNACIONAL S.R.L. PAINTER S.R.L.,5165-AKL,Diesel Oil Nacional,DIESEL_NACIONAL,,2026-09-20T01:57:16.813000+00:00,
2026-09-19,2026-09-19,True,False,Distrito Comercial La Paz,GASOLINA ESPECIAL + (S/DSI),24000.0,L,EST. SERV. BASSAM LTDA,4244-CHC,Gasolina Especial +,GASOLINA_ESPECIAL_MAS,,2026-09-20T01:54:29.633000+00:00,
2026-09-19,2026-09-19,True,False,Distrito Comercial La Paz,DIESEL OIL IMPORTADO EESS,24000.0,L,EST. SERV. PLAYA VERDE,1089-ZGC 1,Diesel Oil Importado,DIESEL_IMPORTADO,,2026-09-20T01:46:17.953000+00:00,
2026-09-19,2026-09-19,True,False,Distrito Comercial La Paz,DIESEL OIL IMPORTADO EESS,12000.0,L,MARIA PATZI-EST. SERV. VARELA,2352-NHH,Diesel Oil Importado,DIESEL_IMPORTADO,,2026-09-20T01:22:25.200000+00:00,
2026-09-19,2026-09-19,True,False,Distrito Comercial La Paz,GASOLINA ESPECIAL + (S/DSI),24000.0,L,EST. SERV. MARANATHA,3135-UDX,Gasolina Especial +,GASOLINA_ESPECIAL_MAS,,2026-09-20T01:19:38.217000+00:00,
2026-09-19,2026-09-19,True,False,Distrito Comercial La Paz,DIESEL OIL NACIONAL EESS,24000.0,L,ESTACION DE SERVICIO TEOPONTE S.R.L.,2281-IEP,Diesel Oil Nacional,DIESEL_NACIONAL,,2026-09-20T01:17:13.357000+00:00,
2026-09-19,2026-09-19,True,False,Distrito Comercial La Paz,GASOLINA ESPECIAL + (S/DSI),6000.0,L,ESTACION DE SERVICIOS NIMAGASBOL S.R.L.,5028-SLK,Gasolina Especial +,GASOLINA_ESPECIAL_MAS,,2026-09-20T01:15:17.580000+00:00,
2026-09-19,2026-09-19,True,False,Distrito Comercial La Paz,DIESEL OIL IMPORTADO EESS,12000.0,L,GREGORIO CUENTAS M. EST. SERV. DRAGON DE ORO,500-FYX,Diesel Oil Importado,DIESEL_IMPORTADO,,2026-09-20T01:09:15.410000+00:00,
2026-09-19,2026-09-19,True,False,Distrito Comercial La Paz,GASOLINA ESPECIAL + (S/DSI),24000.0,L,EST. SERV. VOLCAN S.R.L.,2538BZG(1),Gasolina Especial +,GASOLINA_ESPECIAL_MAS,,2026-09-20T01:02:03.717000+00:00,
2026-09-19,2026-09-19,True,False,Distrito Comercial La Paz,DIESEL OIL IMPORTADO EESS,24000.0,L,ESTACION DE SERVICIO C. REDENTOR S.R.L.,4767-NUU,Diesel Oil Importado,DIESEL_IMPORTADO,,2026-09-20T00:59:44.190000+00:00,
2026-09-19,2026-09-19,True,False,Distrito Comercial La Paz,GASOLINA ESPECIAL + (S/DSI),24000.0,L,EST. SERV. RACING GAS S.R.L.,801-ZRR,Gasolina Especial +,GASOLINA_ESPECIAL_MAS,,2026-09-20T00:57:35.410000+00:00,
2026-09-19,2026-09-19,True,False,Distrito Comercial La Paz,GASOLINA ESPECIAL + (S/DSI),24000.0,L,ESTACION DE SERVICIO JACHA INTI S.R.L.,5352-EER,Gasolina Especial +,GASOLINA_ESPECIAL_MAS,,2026-09-20T00:55:21.663000+00:00,
2026-09-19,2026-09-19,True,False,Distrito Comercial La Paz,DIESEL OIL IMPORTADO EESS,12000.0,L,EST. SERV. TEXAS S.R.L.,1008-UIC,Diesel Oil Importado,DIESEL_IMPORTADO,,2026-09-20T00:51:40.360000+00:00,
2026-09-19,2026-09-19,True,False,Distrito Comercial La Paz,GASOLINA ESPECIAL + (S/DSI),24000.0,L,EST. SERV. GAS-MAY S.R.L.,1704-ESB,Gasolina Especial +,GASOLINA_ESPECIAL_MAS,,2026-09-20T00:50:17.863000+00:00,
2026-09-19,2026-09-19,True,False,Distrito Comercial La Paz,DIESEL OIL IMPORTADO EESS,24000.0,L,"EMPRESA COMERCIALIZADORA, DISTRIBUIDORA DE SERVICIOS Y CARBURANTES ARUZCA MORALES S.R.L.",1252-RLS,Diesel Oil Importado,DIESEL_IMPORTADO,,2026-09-20T00:42:47.467000+00:00,
2026-09-19,2026-09-19,True,False,Distrito Comercial La Paz,DIESEL OIL NACIONAL EESS,24000.0,L,ESTACION DE SERVICIOS YARA S.R.L.,564-CGD,Diesel Oil Nacional,DIESEL_NACIONAL,,2026-09-20T00:41:10.157000+00:00,
2026-09-19,2026-09-19,True,False,Distrito Comercial La Paz,DIESEL OIL IMPORTADO EESS,12000.0,L,ESTACION DE SERVICIO SEÑOR DE MAYO S.R.L.,551-HEL,Diesel Oil Importado,DIESEL_IMPORTADO,,2026-09-20T00:26:19.253000+00:00,
2026-09-19,2026-09-19,True,False,Distrito Comercial La Paz,DIESEL OIL IMPORTADO EESS,24000.0,L,ESTACIÓN DE SERVICIO ALIMARC INTER GAS BOLIVIA S.R.L.,547-CKT,Diesel Oil Importado,DIESEL_IMPORTADO,,2026-09-19T23:55:50.823000+00:00,
2026-09-19,2026-09-19,True,False,Distrito Comercial La Paz,GASOLINA ESPECIAL + (S/DSI),12000.0,L,EST. SERV. SIEMPRE A FULL MIRAFLORES S.R.L. (SAF),1502-ZDB,Gasolina Especial +,GASOLINA_ESPECIAL_MAS,,2026-09-19T23:53:35.317000+00:00,
2026-09-19,2026-09-19,True,False,Distrito Comercial La Paz,GASOLINA ESPECIAL + EESS,22000.0,L,EST. SERV. RIO MANIQUI - FATIMA FORERO B.,4505-RNF,Gasolina Especial +,GASOLINA_ESPECIAL_MAS,,2026-09-19T23:50:33.223000+00:00,
2026-09-19,2026-09-19,True,False,Distrito Comercial La Paz,DIESEL OIL IMPORTADO EESS,24000.0,L,EST. SERV. ILLIMANI S.R.L.,323-KFT,Diesel Oil Importado,DIESEL_IMPORTADO,,2026-09-19T23:47:42.193000+00:00,
2026-09-19,2026-09-19,True,False,Distrito Comercial La Paz,DIESEL OIL IMPORTADO EESS,24000.0,L,EST. SERV. CHASQUIPAMPA S.R.L.,2551-RXA,Diesel Oil Importado,DIESEL_IMPORTADO,,2026-09-19T23:46:50.320000+00:00,
2026-09-19,2026-09-19,True,False,Distrito Comercial La Paz,DIESEL OIL NACIONAL EESS,22000.0,L,ESTACION DE SERVICIO HUANCANE Y TRANSPORTE S.R.L.,782-KNU,Diesel Oil Nacional,DIESEL_NACIONAL,,2026-09-19T23:43:15.403000+00:00,
2026-09-19,2026-09-19,True,False,Distrito Comercial La Paz,GASOLINA ESPECIAL + (S/DSI),24000.0,L,EST. SERV. MOTORECO SRL.,1340-SPB,Gasolina Especial +,GASOLINA_ESPECIAL_MAS,,2026-09-19T23:30:45.387000+00:00,
2026-09-19,2026-09-19,True,False,Distrito Comercial La Paz,GASOLINA ESPECIAL + (S/DSI),24000.0,L,EST. SERV. EMP. COM. HID. TUPAC KATARI S.R.L.,374-NHY,Gasolina Especial +,GASOLINA_ESPECIAL_MAS,,2026-09-19T23:26:10.897000+00:00,
2026-09-19,2026-09-19,True,False,Distrito Comercial La Paz,DIESEL OIL IMPORTADO EESS,24000.0,L,EST. SERV. SAN PABLO VILLA BOLIVAR S.R.L.,496-HSR,Diesel Oil Importado,DIESEL_IMPORTADO,,2026-09-19T23:23:39.623000+00:00,
2026-09-19,2026-09-19,True,False,Distrito Comercial La Paz,GASOLINA ESPECIAL + (S/DSI),18000.0,L,ESTACION DE SERVICIO C. REDENTOR S.R.L.,306-ERY,Gasolina Especial +,GASOLINA_ESPECIAL_MAS,,2026-09-19T23:19:48.857000+00:00,
2026-09-19,2026-09-19,True,False,Distrito Comercial La Paz,DIESEL OIL IMPORTADO EESS,12000.0,L,DISTRIBUIDORA DE GASOLINA Y LUBRICANTES SAN PABLO S.R.L.,632-RIB,Diesel Oil Importado,DIESEL_IMPORTADO,,2026-09-19T23:17:21.293000+00:00,
2026-09-19,2026-09-19,True,False,Distrito Comercial La Paz,GASOLINA ESPECIAL + (S/DSI),24000.0,L,EST. SERV. LUBRICAN SRL,2714-SNP,Gasolina Especial +,GASOLINA_ESPECIAL_MAS,,2026-09-19T23:10:39.090000+00:00,
2026-09-19,2026-09-19,True,False,Distrito Comercial La Paz,DIESEL OIL IMPORTADO EESS,24000.0,L,EST. SERV. LAREDO SRL,1600-HIP,Diesel Oil Importado,DIESEL_IMPORTADO,,2026-09-19T22:55:51.440000+00:00,
2026-09-19,2026-09-19,True,False,Distrito Comercial La Paz,GASOLINA ESPECIAL + (S/DSI),24000.0,L,EST. SERV. INTEROCEANICO,1326-NDS,Gasolina Especial +,GASOLINA_ESPECIAL_MAS,,2026-09-19T22:51:51.417000+00:00,
2026-09-19,2026-09-19,True,False,Distrito Comercial La Paz,DIESEL OIL IMPORTADO EESS,24000.0,L,ESTACION DE SERVICIO ZOFRI S.R.L.,1106-PCH,Diesel Oil Importado,DIESEL_IMPORTADO,,2026-09-19T22:46:20.420000+00:00,
2026-09-19,2026-09-19,True,False,Distrito Comercial La Paz,DIESEL OIL IMPORTADO EESS,20000.0,L,EST. SERV. QHANTATI SRL.,815-XSR,Diesel Oil Importado,DIESEL_IMPORTADO,,2026-09-19T22:43:11.500000+00:00,
2026-09-19,2026-09-19,True,False,Distrito Comercial La Paz,DIESEL OIL IMPORTADO EESS,24000.0,L,ELSA CHIPANA H. - EST. SERV. ECOPETROL,4563-ZEN 1,Diesel Oil Importado,DIESEL_IMPORTADO,,2026-09-19T22:42:08.413000+00:00,
2026-09-19,2026-09-19,True,False,Distrito Comercial La Paz,DIESEL OIL IMPORTADO EESS,24000.0,L,ESTACION DE SERVICIO CALUYO S.R.L.,1189-ZFC,Diesel Oil Importado,DIESEL_IMPORTADO,,2026-09-19T22:40:04.837000+00:00,
2026-09-19,2026-09-19,True,False,Distrito Comercial La Paz,DIESEL OIL IMPORTADO EESS,20000.0,L,ESTACION DE SERVICIO SAN SEBASTIAN S.R.L.,1062-UXD,Diesel Oil Importado,DIESEL_IMPORTADO,,2026-09-19T22:37:18.313000+00:00,
2026-09-19,2026-09-19,True,False,Distrito Comercial La Paz,DIESEL OIL IMPORTADO EESS,24000.0,L,EST. SERV. CUENTAS SAN PABLO II S.R.L.,1189-EHP,Diesel Oil Importado,DIESEL_IMPORTADO,,2026-09-19T22:34:31.263000+00:00,
2026-09-19,2026-09-19,True,False,Distrito Comercial La Paz,DIESEL OIL IMPORTADO EESS,24000.0,L,EST. SERV. VOLCAN S.R.L.,5274-GHT,Diesel Oil Importado,DIESEL_IMPORTADO,,2026-09-19T22:29:35.610000+00:00,
2026-09-19,2026-09-19,True,False,Distrito Comercial La Paz,GASOLINA ESPECIAL + (S/DSI),24000.0,L,EST. SERV. CARSUR S.R.L.,561-YKH,Gasolina Especial +,GASOLINA_ESPECIAL_MAS,,2026-09-19T22:15:51.123000+00:00,
2026-09-19,2026-09-19,True,False,Distrito Comercial La Paz,GASOLINA ESPECIAL + (S/DSI),24000.0,L,EST. SERV. EL PARAISO SRL.,5352-FGB,Gasolina Especial +,GASOLINA_ESPECIAL_MAS,,2026-09-19T18:47:34.357000+00:00,
2026-09-19,2026-09-19,True,False,Distrito Comercial La Paz,GASOLINA ESPECIAL + (S/DSI),24000.0,L,EST. SERV. SOC. IND. COM. G.L.P.H. LTDA,671-SUX,Gasolina Especial +,GASOLINA_ESPECIAL_MAS,,2026-09-19T19:59:31.280000+00:00,
2026-09-19,2026-09-19,True,False,Distrito Comercial La Paz,GASOLINA ESPECIAL + (S/DSI),18000.0,L,EST. SERV. CANDELARIA,1487-RYN,Gasolina Especial +,GASOLINA_ESPECIAL_MAS,,2026-09-19T19:30:13.847000+00:00,
2026-09-19,2026-09-19,True,False,Distrito Comercial La Paz,GASOLINA ESPECIAL + (S/DSI),12000.0,L,EST. SERV. SURTIDORES UNITOURS LTDA.,3091-NHK,Gasolina Especial +,GASOLINA_ESPECIAL_MAS,,2026-09-19T18:55:16.060000+00:00,
2026-09-19,2026-09-19,True,False,Distrito Comercial La Paz,GASOLINA ESPECIAL + (S/DSI),24000.0,L,ESTACION DE SERVICIO TERRAGAS LTDA,5361-TUF,Gasolina Especial +,GASOLINA_ESPECIAL_MAS,,2026-09-19T19:25:49.530000+00:00,
2026-09-19,2026-09-19,True,False,Distrito Comercial La Paz,GASOLINA ESPECIAL + (S/DSI),24000.0,L,EST. SERV. PLAYA VERDE,1157-UUL,Gasolina Especial +,GASOLINA_ESPECIAL_MAS,,2026-09-19T19:04:25.440000+00:00,
2026-09-19,2026-09-19,True,False,Distrito Comercial La Paz,GASOLINA ESPECIAL + (S/DSI),24000.0,L,ELDA S. AGUILAR V. - EST. SERV. JUAN PABLO II,4457-NRI,Gasolina Especial +,GASOLINA_ESPECIAL_MAS,,2026-09-19T19:13:02.737000+00:00,
2026-09-19,2026-09-19,True,False,Distrito Comercial La Paz,GASOLINA ESPECIAL + (S/DSI),20000.0,L,EST. SERV. YUPANQUI,3480-LTK,Gasolina Especial +,GASOLINA_ESPECIAL_MAS,,2026-09-19T21:09:30.243000+00:00,
2026-09-19,2026-09-19,True,False,Distrito Comercial La Paz,GASOLINA ESPECIAL + (S/DSI),24000.0,L,EST. SERV. ESUR GHS LTDA.,667-TPB,Gasolina Especial +,GASOLINA_ESPECIAL_MAS,,2026-09-19T20:40:02.677000+00:00,
2026-09-19,2026-09-19,True,False,Distrito Comercial La Paz,GASOLINA ESPECIAL + (S/DSI),24000.0,L,ESTACION DE SERVICIO KANTUTA S.R.L.,839-EUS,Gasolina Especial +,GASOLINA_ESPECIAL_MAS,,2026-09-19T20:31:16.463000+00:00,
2026-09-19,2026-09-19,True,False,Distrito Comercial La Paz,GASOLINA ESPECIAL + (S/DSI),24000.0,L,EST. SERV. JAIMES FREYRE,1118-KLR,Gasolina Especial +,GASOLINA_ESPECIAL_MAS,,2026-09-19T20:24:35.890000+00:00,
2026-09-19,2026-09-19,True,False,Distrito Comercial La Paz,GASOLINA ESPECIAL + (S/DSI),24000.0,L,ESTACION DE SERVICIO LOZA - MARCELINA AGUIRRE VDA. DE LOZA,581-YGU,Gasolina Especial +,GASOLINA_ESPECIAL_MAS,,2026-09-19T17:46:53.830000+00:00,
2026-09-19,2026-09-19,True,False,Distrito Comercial La Paz,GASOLINA ESPECIAL + (S/DSI),20000.0,L,EST. SERV. GAS CENTRO S.R.L.,589-NAK,Gasolina Especial +,GASOLINA_ESPECIAL_MAS,,2026-09-19T17:31:56.367000+00:00,
2026-09-19,2026-09-19,True,False,Distrito Comercial La Paz,GASOLINA ESPECIAL + (S/DSI),24000.0,L,EST. SERV. CHASQUIPAMPA S.R.L.,3030-TPF,Gasolina Especial +,GASOLINA_ESPECIAL_MAS,,2026-09-19T17:25:32.730000+00:00,
2026-09-19,2026-09-19,True,False,Distrito Comercial La Paz,GASOLINA ESPECIAL + (S/DSI),24000.0,L,EST. SERV. PEREZ ROCHA SRL.,4745-PTB,Gasolina Especial +,GASOLINA_ESPECIAL_MAS,,2026-09-19T17:29:57.290000+00:00,
2026-09-19,2026-09-19,True,False,Distrito Comercial La Paz,GASOLINA ESPECIAL + (S/DSI),18000.0,L,ESTACION DE SERVICIO ZOFRI S.R.L.,1397-CTU,Gasolina Especial +,GASOLINA_ESPECIAL_MAS,,2026-09-19T17:43:41.267000+00:00,
2026-09-19,2026-09-19,True,False,Distrito Comercial La Paz,GASOLINA ESPECIAL + (S/DSI),18000.0,L,ELSA CHIPANA H. - EST. SERV. ECOPETROL,829-XPG,Gasolina Especial +,GASOLINA_ESPECIAL_MAS,,2026-09-19T16:45:19.797000+00:00,
2026-09-19,2026-09-19,True,False,Distrito Comercial La Paz,GASOLINA ESPECIAL + (S/DSI),12000.0,L,EST. SERV. CHALY,2514-AZU,Gasolina Especial +,GASOLINA_ESPECIAL_MAS,,2026-09-19T16:36:19.090000+00:00,
2026-09-19,2026-09-19,True,False,Distrito Comercial La Paz,GASOLINA ESPECIAL + (S/DSI),24000.0,L,GREGORIO CUENTAS M. EST. SERV. DRAGON DE ORO,500-FYX,Gasolina Especial +,GASOLINA_ESPECIAL_MAS,,2026-09-19T16:42:15.723000+00:00,
2026-09-19,2026-09-19,True,False,Distrito Comercial La Paz,GASOLINA ESPECIAL + (S/DSI),18000.0,L,ESTACIÓN DE SERVICIO ALIMARC INTER GAS BOLIVIA S.R.L.,547-CKT,Gasolina Especial +,GASOLINA_ESPECIAL_MAS,,2026-09-19T16:19:00.167000+00:00,
2026-09-19,2026-09-19,True,False,Distrito Comercial La Paz,GASOLINA ESPECIAL + (S/DSI),24000.0,L,ESTACION DE SERVICIO TEJADA TRIANGULAR,1057-KKX,Gasolina Especial +,GASOLINA_ESPECIAL_MAS,,2026-09-19T18:14:26.853000+00:00,
2026-09-19,2026-09-19,True,False,Distrito Comercial La Paz,GASOLINA ESPECIAL + (S/DSI),20000.0,L,EST. SERV. ALTO LIMA S.R.L.,1555-ULK,Gasolina Especial +,GASOLINA_ESPECIAL_MAS,,2026-09-19T19:28:11.130000+00:00,
2026-09-19,2026-09-19,True,False,Distrito Comercial La Paz,GASOLINA ESPECIAL + (S/DSI),24000.0,L,GAS SAN FELIPE S.R.L.,5602-HKS,Gasolina Especial +,GASOLINA_ESPECIAL_MAS,,2026-09-19T19:09:18.893000+00:00,
2026-09-19,2026-09-19,True,False,Distrito Comercial La Paz,GASOLINA ESPECIAL + EESS,22000.0,L,CLEMENTINA FANNY MAMANI MORALES - EST. SERV. LAHUACHACA Y DISTRIBUCION DE GLP,1401-ICT,Gasolina Especial +,GASOLINA_ESPECIAL_MAS,,2026-09-19T18:22:32.157000+00:00,
2026-09-19,2026-09-19,True,False,Distrito Comercial La Paz,GASOLINA ESPECIAL + (S/DSI),20000.0,L,EST. SERV. SALIDA LTDA,2701-TZH,Gasolina Especial +,GASOLINA_ESPECIAL_MAS,,2026-09-19T16:16:00.140000+00:00,
2026-09-19,2026-09-19,True,False,Distrito Comercial La Paz,GASOLINA ESPECIAL + (S/DSI),24000.0,L,ESTACION DE SERVICIO SEÑOR DE MAYO S.R.L.,551-HEL,Gasolina Especial +,GASOLINA_ESPECIAL_MAS,,2026-09-19T15:30:09.383000+00:00,
2026-09-19,2026-09-19,True,False,Distrito Comercial La Paz,GASOLINA ESPECIAL + (S/DSI),24000.0,L,EST. SERV. M&G CAMINO REAL,2801-XUD,Gasolina Especial +,GASOLINA_ESPECIAL_MAS,,2026-09-19T15:09:11.637000+00:00,
2026-09-19,2026-09-19,True,False,Distrito Comercial La Paz,GASOLINA ESPECIAL + (S/DSI),24000.0,L,EST. SERV. CRISTO AUTO GAS SRL.,2201-IRF,Gasolina Especial +,GASOLINA_ESPECIAL_MAS,,2026-09-19T14:56:35.453000+00:00,
2026-09-19,2026-09-19,True,False,Distrito Comercial La Paz,GASOLINA ESPECIAL + (S/DSI),18000.0,L,ZURSIL S.R.L. - E.S.T.,1604-NBE,Gasolina Especial +,GASOLINA_ESPECIAL_MAS,,2026-09-19T14:37:38.573000+00:00,
2026-09-19,2026-09-19,True,False,Distrito Comercial La Paz,GASOLINA ESPECIAL + (S/DSI),24000.0,L,EST. SERV. SAN PABLO VILLA BOLIVAR S.R.L.,496-HSR,Gasolina Especial +,GASOLINA_ESPECIAL_MAS,,2026-09-19T14:30:38.453000+00:00,
2026-09-19,2026-09-19,True,False,Distrito Comercial La Paz,GASOLINA ESPECIAL + (S/DSI),24000.0,L,EST. SERV. CUENTAS SAN PABLO II S.R.L.,2097-PCX,Gasolina Especial +,GASOLINA_ESPECIAL_MAS,,2026-09-19T14:13:45.363000+00:00,
2026-09-19,2026-09-19,True,False,Distrito Comercial La Paz,GASOLINA ESPECIAL + (S/DSI),24000.0,L,EST. SERV. QHANTATI SRL.,815-XSR,Gasolina Especial +,GASOLINA_ESPECIAL_MAS,,2026-09-19T14:02:21.807000+00:00,
2026-09-19,2026-09-19,True,False,Distrito Comercial La Paz,GASOLINA ESPECIAL + (S/DSI),24000.0,L,EST. SERV. TEXAS S.R.L.,1008-UIC,Gasolina Especial +,GASOLINA_ESPECIAL_MAS,,2026-09-19T13:54:32.560000+00:00,
2026-09-19,2026-09-19,True,False,Distrito Comercial La Paz,GASOLINA ESPECIAL + (S/DSI),24000.0,L,DISTRIBUIDORA DE GASOLINA Y LUBRICANTES SAN PABLO S.R.L.,632-RIB,Gasolina Especial +,GASOLINA_ESPECIAL_MAS,,2026-09-19T13:51:44.857000+00:00,
2026-09-19,2026-09-19,True,False,Distrito Comercial La Paz,GASOLINA ESPECIAL + (S/DSI),18000.0,L,EST. SERV. LAREDO SRL,1600-HIP,Gasolina Especial +,GASOLINA_ESPECIAL_MAS,,2026-09-19T13:22:43.410000+00:00,
2026-09-19,2026-09-19,True,False,Distrito Comercial La Paz,GASOLINA ESPECIAL + (S/DSI),20000.0,L,ESTACION DE SERVICIO CALUYO S.R.L.,1189-ZFC,Gasolina Especial +,GASOLINA_ESPECIAL_MAS,,2026-09-19T13:15:55.263000+00:00,
2026-09-19,2026-09-19,True,False,Distrito Comercial La Paz,GASOLINA ESPECIAL + (S/DSI),18000.0,L,ESTACION DE SERVICIO SAN SEBASTIAN S.R.L.,2537-TEG,Gasolina Especial +,GASOLINA_ESPECIAL_MAS,,2026-09-19T13:08:44.577000+00:00,
2026-09-19,2026-09-19,True,False,Distrito Comercial La Paz,GLP DISTRIB. 10 KILOS NAL,6600.0,L,DIST. GLP. VIAGAS,302-TIF,GLP,GLP,,,
2026-09-19,2026-09-19,True,False,Distrito Comercial La Paz,GLP DISTRIB. 10 KILOS NAL,5330.0,L,DIST. GLP. TRIPETROL S.R.L.,444-KPH,GLP,GLP,,,
2026-09-19,2026-09-19,True,False,Distrito Comercial La Paz,GLP DISTRIB. 10 KILOS NAL,6000.0,L,DIST. GLP. SAMO S.A.,480-CIT,GLP,GLP,,,
2026-09-19,2026-09-19,True,False,Distrito Comercial La Paz,GLP DISTRIB. 10 KILOS NAL,3800.0,L,GMGRECO GAS SOCIEDAD DE RESPONSABILIDAD LIMITADA,497-ILK,GLP,GLP,,,
2026-09-19,2026-09-18,True,True,Distrito Comercial La Paz,GLP DISTRIB. 10 KILOS NAL,6000.0,L,GENARA CAPIA DE FERNANDEZ - DIST. GLP SEVERO FERNANDEZ CH.,1803-RES,GLP,GLP,,,
2026-09-19,2026-09-19,True,False,Distrito Comercial La Paz,GLP DISTRIB. 10 KILOS NAL,6630.0,L,SAN JUDAS TADEO SOCIEDAD DE RESPONSABILIDAD LIMITADA,091-FDH,GLP,GLP,,,
2026-09-19,2026-09-19,True,False,Distrito Comercial La Paz,GLP DISTRIB. 10 KILOS NAL,3000.0,L,DIST. GLP. VIAGAS,4494-FLI,GLP,GLP,,,
2026-09-19,2026-09-19,True,False,Distrito Comercial La Paz,GLP DISTRIB. 10 KILOS NAL,4490.0,L,DIST. GLP. SOCIEDAD PETROLERA SANTA ELENA S.R.L. (SOPESE S.R.L.),085-IKK,GLP,GLP,,,
2026-09-19,2026-09-19,True,False,Distrito Comercial La Paz,GLP DISTRIB. 10 KILOS NAL,6090.0,L,DIST. GLP. SOCIEDAD PETROLERA SANTA ELENA S.R.L. (SOPESE S.R.L.),414-BKB,GLP,GLP,,,
2026-09-19,2026-09-19,True,False,Distrito Comercial La Paz,GLP DISTRIB. 10 KILOS NAL,6630.0,L,DIST. GLP. PROGAS S.R.L.,303-CTB,GLP,GLP,,,
2026-09-19,2026-09-19,True,False,Distrito Comercial La Paz,GLP DISTRIB. 10 KILOS NAL,2700.0,L,DIST. GLP. TRIPETROL S.R.L.,1764-TDS,GLP,GLP,,,
2026-09-19,2026-09-19,True,False,Distrito Comercial La Paz,GLP DISTRIB. 10 KILOS NAL,1500.0,L,DIST. GLP. TRIPETROL S.R.L.,1207-DCI,GLP,GLP,,,
2026-09-19,2026-09-18,True,True,Distrito Comercial La Paz,GLP DISTRIB. 10 KILOS NAL,9000.0,L,DIST. GLP FLOR DEL NORTE S.R.L.,1248-LFL,GLP,GLP,,,
2026-09-18,2026-09-16,True,True,Distrito Comercial La Paz,GASOLINA ESPECIAL + (S/DSI),6000.0,L,INTEGRACION Y PROGRESO COMUNITARIO S.R.L.,3137-FBS,Gasolina Especial +,GASOLINA_ESPECIAL_MAS,,2026-09-19T19:53:50.930000+00:00,
2026-09-18,2026-09-18,True,False,Distrito Comercial La Paz,GASOLINA ESPECIAL + (S/DSI),12000.0,L,ESTACION DE SERVICIO LOS ROSALES,424-LDB,Gasolina Especial +,GASOLINA_ESPECIAL_MAS,,2026-09-19T19:28:51.503000+00:00,
2026-09-18,2026-09-17,True,True,Distrito Comercial La Paz,GASOLINA ESPECIAL + (S/DSI),12000.0,L,EST. SERV. ESUR GHS LTDA.,908-YCP,Gasolina Especial +,GASOLINA_ESPECIAL_MAS,,2026-09-19T05:10:45.513000+00:00,
2026-09-18,2026-09-17,True,True,Distrito Comercial La Paz,GASOLINA ESPECIAL + (S/DSI),24000.0,L,ESTACION DE SERVICIO JACHA INTI S.R.L.,4244-CHC,Gasolina Especial +,GASOLINA_ESPECIAL_MAS,,2026-09-19T05:01:13.790000+00:00,
2026-09-18,2026-09-17,True,True,Distrito Comercial La Paz,DIESEL OIL NACIONAL EESS,22000.0,L,EST. SERV. V. COPACABANA - PEDRO IRIARTE M.,300-YKU,Diesel Oil Nacional,DIESEL_NACIONAL,,2026-09-19T04:58:35.477000+00:00,
2026-09-18,2026-09-18,True,False,Distrito Comercial La Paz,GASOLINA ESPECIAL + (S/DSI),24000.0,L,EST. SERV. ACB CALACOTO,839-EUS,Gasolina Especial +,GASOLINA_ESPECIAL_MAS,,2026-09-19T04:56:07.287000+00:00,
2026-09-18,2026-09-18,True,False,Distrito Comercial La Paz,DIESEL OIL IMPORTADO EESS,20000.0,L,EST. SERV. PEREZ ROCHA SRL.,1600-IUY,Diesel Oil Importado,DIESEL_IMPORTADO,,2026-09-19T04:52:42.727000+00:00,
2026-09-18,2026-09-18,True,False,Distrito Comercial La Paz,DIESEL OIL IMPORTADO EESS,24000.0,L,ESTACION DE SERVICIO FULL TANK S.R.L.,5197-SFT,Diesel Oil Importado,DIESEL_IMPORTADO,,2026-09-19T04:51:16.737000+00:00,
2026-09-18,2026-09-17,True,True,Distrito Comercial La Paz,GASOLINA ESPECIAL + EESS,22000.0,L,EST. SERV. SAN MIGUEL-IVAN L.,5738-FUL,Gasolina Especial +,GASOLINA_ESPECIAL_MAS,,2026-09-19T04:51:11.610000+00:00,
2026-09-18,2026-09-18,True,False,Distrito Comercial La Paz,GASOLINA ESPECIAL + (S/DSI),12000.0,L,EST. SERV. SIEMPRE A FULL MIRAFLORES S.R.L. (SAF),1502-ZDB,Gasolina Especial +,GASOLINA_ESPECIAL_MAS,,2026-09-19T04:16:59.490000+00:00,
2026-09-18,2026-09-17,True,True,Distrito Comercial La Paz,GASOLINA ESPECIAL + (S/DSI),12000.0,L,EST. SERV. SIEMPRE A FULL MIRAFLORES S.R.L. (SAF),1502-ZDB,Gasolina Especial +,GASOLINA_ESPECIAL_MAS,,2026-09-19T04:16:59.490000+00:00,
2026-09-18,2026-09-18,True,False,Distrito Comercial La Paz,DIESEL OIL NACIONAL EESS,22000.0,L,EST. SERV. ITURRALDE S.R.L.,2022-IHG,Diesel Oil Nacional,DIESEL_NACIONAL,,2026-09-19T04:11:16.313000+00:00,
2026-09-18,2026-09-18,True,False,Distrito Comercial La Paz,DIESEL OIL IMPORTADO EESS,24000.0,L,EST. SERV. MARANATHA,3135-UDX,Diesel Oil Importado,DIESEL_IMPORTADO,,2026-09-19T04:02:19.330000+00:00,
2026-09-18,2026-09-18,True,False,Distrito Comercial La Paz,DIESEL OIL IMPORTADO EESS,12000.0,L,EST. SERV. SURTIDORES UNITOURS LTDA.,3091-NHK,Diesel Oil Importado,DIESEL_IMPORTADO,,2026-09-19T04:00:05.630000+00:00,
2026-09-18,2026-09-18,True,False,Distrito Comercial La Paz,GASOLINA ESPECIAL + (S/DSI),12000.0,L,EST. SERV. SURTIDORES UNITOURS LTDA.,3091-NHK,Gasolina Especial +,GASOLINA_ESPECIAL_MAS,,2026-09-19T04:00:05.630000+00:00,
2026-09-18,2026-09-17,True,True,Distrito Comercial La Paz,DIESEL OIL NACIONAL EESS,24000.0,L,EST. SERV. GASOLCAMP S.R.L.,4146-PPA,Diesel Oil Nacional,DIESEL_NACIONAL,,2026-09-19T03:53:03.790000+00:00,
2026-09-18,2026-09-18,True,False,Distrito Comercial La Paz,GASOLINA ESPECIAL + EESS,22000.0,L,EST. SERV. BALLIVIAN SANTA BARBARA,106-LRY,Gasolina Especial +,GASOLINA_ESPECIAL_MAS,,2026-09-19T03:50:39.633000+00:00,
2026-09-18,2026-09-18,True,False,Distrito Comercial La Paz,DIESEL OIL IMPORTADO EESS,12000.0,L,ESTACION DE SERVICIO CHALLAPAMPA S.R.L.,2281-IEP,Diesel Oil Importado,DIESEL_IMPORTADO,,2026-09-19T03:47:09.837000+00:00,
2026-09-18,2026-09-18,True,False,Distrito Comercial La Paz,GASOLINA ESPECIAL + (S/DSI),12000.0,L,ESTACION DE SERVICIO CHALLAPAMPA S.R.L.,2281-IEP,Gasolina Especial +,GASOLINA_ESPECIAL_MAS,,2026-09-19T03:47:09.837000+00:00,
2026-09-18,2026-09-18,True,False,Distrito Comercial La Paz,GASOLINA ESPECIAL + EESS,12000.0,L,RACING GAS S.R.L. (SUC-1),564-CBH,Gasolina Especial +,GASOLINA_ESPECIAL_MAS,,2026-09-19T03:43:49.533000+00:00,
2026-09-18,2026-09-18,True,False,Distrito Comercial La Paz,DIESEL OIL NACIONAL EESS,12000.0,L,RACING GAS S.R.L. (SUC-1),564-CBH,Diesel Oil Nacional,DIESEL_NACIONAL,,2026-09-19T03:43:49.533000+00:00,
2026-09-18,2026-09-18,True,False,Distrito Comercial La Paz,GASOLINA ESPECIAL + (S/DSI),12000.0,L,EST. SERV. CHUSAMARCA,4563-ZEN 1,Gasolina Especial +,GASOLINA_ESPECIAL_MAS,,2026-09-19T03:35:46.343000+00:00,
2026-09-18,2026-09-18,True,False,Distrito Comercial La Paz,DIESEL OIL IMPORTADO EESS,12000.0,L,EST. SERV. TEXAS S.R.L.,1008-UIC,Diesel Oil Importado,DIESEL_IMPORTADO,,2026-09-19T02:52:17.487000+00:00,
2026-09-18,2026-09-16,True,True,Distrito Comercial La Paz,DIESEL OIL IMPORTADO EESS,12000.0,L,EST. SERV. TEXAS S.R.L.,1008-UIC,Diesel Oil Importado,DIESEL_IMPORTADO,,2026-09-19T02:52:17.487000+00:00,
2026-09-18,2026-09-18,True,False,Distrito Comercial La Paz,DIESEL OIL IMPORTADO EESS,20000.0,L,EST. SERV. M&G CAMINO REAL,2801-XUD,Diesel Oil Importado,DIESEL_IMPORTADO,,2026-09-19T02:27:54.143000+00:00,
2026-09-18,2026-09-18,True,False,Distrito Comercial La Paz,GASOLINA ESPECIAL + (S/DSI),12000.0,L,ELDA S. AGUILAR V. - EST. SERV. JUAN PABLO II,4457-NRI,Gasolina Especial +,GASOLINA_ESPECIAL_MAS,,2026-09-19T02:14:12.487000+00:00,
2026-09-18,2026-09-18,True,False,Distrito Comercial La Paz,DIESEL OIL IMPORTADO EESS,12000.0,L,ELDA S. AGUILAR V. - EST. SERV. JUAN PABLO II,4457-NRI,Diesel Oil Importado,DIESEL_IMPORTADO,,2026-09-19T02:14:12.487000+00:00,
2026-09-18,2026-09-18,True,False,Distrito Comercial La Paz,GASOLINA ESPECIAL + EESS,22000.0,L,ESTACION DE SERVICIO MADAGASCAR S.R.L.,484-RYI,Gasolina Especial +,GASOLINA_ESPECIAL_MAS,,2026-09-19T01:50:30.140000+00:00,
2026-09-18,2026-09-18,True,False,Distrito Comercial La Paz,GASOLINA ESPECIAL + EESS,22000.0,L,EST. SERV. CRUCE LURIBAY S.R.L.,375-YZN,Gasolina Especial +,GASOLINA_ESPECIAL_MAS,,2026-09-19T01:45:29.807000+00:00,
2026-09-18,2026-09-18,True,False,Distrito Comercial La Paz,GASOLINA ESPECIAL + (S/DSI),24000.0,L,EST. SERV. EMP. COM. HID. TUPAC KATARI S.R.L.,2485-IHX,Gasolina Especial +,GASOLINA_ESPECIAL_MAS,,2026-09-19T01:19:47.947000+00:00,
2026-09-18,2026-09-18,True,False,Distrito Comercial La Paz,DIESEL OIL IMPORTADO EESS,24000.0,L,EST. SERV. LOS ANDES SRL,5632-ZYE,Diesel Oil Importado,DIESEL_IMPORTADO,,2026-09-19T01:09:39.233000+00:00,
2026-09-20,2026-09-20,True,False,Distrito Comercial La Paz,DIESEL OIL IMPORTADO EESS,20000.0,L,ELDA S. AGUILAR V. - EST. SERV. JUAN PABLO II,829-XPG,Diesel Oil Importado,DIESEL_IMPORTADO,,2026-09-20T15:06:40.800000+00:00,
2026-09-20,2026-09-20,True,False,Distrito Comercial La Paz,DIESEL OIL IMPORTADO EESS,14000.0,L,ESTACIÓN DE SERVICIO ALIMARC INTER GAS BOLIVIA S.R.L.,547-CKT,Diesel Oil Importado,DIESEL_IMPORTADO,,2026-09-20T16:34:00.770000+00:00,
2026-09-20,2026-09-20,True,False,Distrito Comercial La Paz,DIESEL OIL IMPORTADO EESS,24000.0,L,ESTACION DE SERVICIOS NIMAGASBOL S.R.L.,1444-FDT,Diesel Oil Importado,DIESEL_IMPORTADO,,2026-09-20T16:24:31.453000+00:00,
2026-09-20,2026-09-20,True,False,Distrito Comercial La Paz,DIESEL OIL IMPORTADO EESS,24000.0,L,EST. SERV. CANDELARIA,4831-ETU,Diesel Oil Importado,DIESEL_IMPORTADO,,2026-09-20T16:22:07.900000+00:00,
2026-09-19,2026-09-19,True,False,Distrito Comercial La Paz,DIESEL OIL IMPORTADO EESS,12000.0,L,EST. SERV. CHALY,2514-AZU,Diesel Oil Importado,DIESEL_IMPORTADO,,2026-09-20T06:11:28.730000+00:00,
2026-09-19,2026-09-19,True,False,Distrito Comercial La Paz,DIESEL OIL IMPORTADO EESS,20000.0,L,EST. SERV. LUBRICAN SRL,2714-SNP,Diesel Oil Importado,DIESEL_IMPORTADO,,2026-09-20T06:07:22.573000+00:00,
2026-09-19,2026-09-19,True,False,Distrito Comercial La Paz,GASOLINA ESPECIAL + (S/DSI),24000.0,L,EST. SERV. ACB CALACOTO,839-EUS,Gasolina Especial +,GASOLINA_ESPECIAL_MAS,,2026-09-20T06:05:56.490000+00:00,
2026-09-19,2026-09-19,True,False,Distrito Comercial La Paz,DIESEL OIL IMPORTADO EESS,24000.0,L,EST. SERV. CANDELARIA,1062-UXD,Diesel Oil Importado,DIESEL_IMPORTADO,,2026-09-20T05:59:23.170000+00:00,
2026-09-19,2026-09-19,True,False,Distrito Comercial La Paz,DIESEL OIL IMPORTADO EESS,20000.0,L,ELSA CHIPANA H. - EST. SERV. ECOPETROL,4563-ZEN 1,Diesel Oil Importado,DIESEL_IMPORTADO,,2026-09-20T05:48:16.653000+00:00,
2026-09-19,2026-09-19,True,False,Distrito Comercial La Paz,DIESEL OIL IMPORTADO EESS,12000.0,L,MARIANA J. CAMACHO RAMIREZ - PUESTO DE VENTA MIMARBOZO,1833-PPH,Diesel Oil Importado,DIESEL_IMPORTADO,,2026-09-20T05:46:18.637000+00:00,
2026-09-19,2026-09-19,True,False,Distrito Comercial La Paz,GASOLINA ESPECIAL + (S/DSI),12000.0,L,MARIANA J. CAMACHO RAMIREZ - PUESTO DE VENTA MIMARBOZO,1833-PPH,Gasolina Especial +,GASOLINA_ESPECIAL_MAS,,2026-09-20T05:46:18.637000+00:00,
2026-09-19,2026-09-19,True,False,Distrito Comercial La Paz,DIESEL OIL IMPORTADO EESS,24000.0,L,EST. SERV. 6 DE MARZO,665-ETE,Diesel Oil Importado,DIESEL_IMPORTADO,,2026-09-20T05:42:56.533000+00:00,
2026-09-19,2026-09-19,True,False,Distrito Comercial La Paz,GASOLINA ESPECIAL + EESS,12000.0,L,EST. SERV. BALLIVIAN,1156-UCY,Gasolina Especial +,GASOLINA_ESPECIAL_MAS,,2026-09-20T05:41:16.463000+00:00,
2026-09-19,2026-09-19,True,False,Distrito Comercial La Paz,DIESEL OIL NACIONAL EESS,12000.0,L,EST. SERV. BALLIVIAN,1156-UCY,Diesel Oil Nacional,DIESEL_NACIONAL,,2026-09-20T05:41:16.463000+00:00,
2026-09-19,2026-09-19,True,False,Distrito Comercial La Paz,DIESEL OIL IMPORTADO EESS,24000.0,L,GAS SAN FELIPE S.R.L.,1149-ZND,Diesel Oil Importado,DIESEL_IMPORTADO,,2026-09-20T05:37:16.103000+00:00,
2026-09-19,2026-09-18,True,True,Distrito Comercial La Paz,GASOLINA ESPECIAL + (S/DSI),24000.0,L,ESTACION DE SERVICIO JACHA INTI S.R.L.,663-APT,Gasolina Especial +,GASOLINA_ESPECIAL_MAS,,2026-09-20T05:29:11.933000+00:00,
2026-09-19,2026-09-19,True,False,Distrito Comercial La Paz,DIESEL OIL IMPORTADO EESS,24000.0,L,ESTACION DE SERVICIO TEJADA TRIANGULAR,206-LPY,Diesel Oil Importado,DIESEL_IMPORTADO,,2026-09-20T05:19:26.783000+00:00,
2026-09-19,2026-09-19,True,False,Distrito Comercial La Paz,GASOLINA ESPECIAL + EESS,12000.0,L,EST. SERV. NETANEL,1148-NIX 1,Gasolina Especial +,GASOLINA_ESPECIAL_MAS,,2026-09-20T05:16:38.533000+00:00,
2026-09-19,2026-09-19,True,False,Distrito Comercial La Paz,DIESEL OIL NACIONAL EESS,12000.0,L,EST. SERV. NETANEL,1148-NIX 1,Diesel Oil Nacional,DIESEL_NACIONAL,,2026-09-20T05:16:38.533000+00:00,
2026-09-19,2026-09-18,True,True,Distrito Comercial La Paz,DIESEL OIL IMPORTADO CF,19900.0,L,EMPRESA MINERA DIDANO S.R.L.,2544-ACN,Diesel Oil Importado,DIESEL_IMPORTADO,,2026-09-20T05:12:48.173000+00:00,
2026-09-19,2026-09-19,True,False,Distrito Comercial La Paz,DIESEL OIL NACIONAL EESS,12000.0,L,EDEN CLEVER CARRILLO CONDORI-ESTACION DE SERVICIO EDENCCC,2546-YFS,Diesel Oil Nacional,DIESEL_NACIONAL,,2026-09-20T05:10:13.527000+00:00,
2026-09-19,2026-09-18,True,True,Distrito Comercial La Paz,GASOLINA ESPECIAL + EESS,12000.0,L,EDEN CLEVER CARRILLO CONDORI-ESTACION DE SERVICIO EDENCCC,2546-YFS,Gasolina Especial +,GASOLINA_ESPECIAL_MAS,,2026-09-20T05:10:13.527000+00:00,
2026-09-19,2026-09-19,True,False,Distrito Comercial La Paz,GASOLINA ESPECIAL + (S/DSI),12000.0,L,EST. SERV. BOLIVIA ZURSIL S.R.L.,478-KEA,Gasolina Especial +,GASOLINA_ESPECIAL_MAS,,2026-09-20T04:52:20.313000+00:00,
2026-09-19,2026-09-19,True,False,Distrito Comercial La Paz,DIESEL OIL IMPORTADO EESS,12000.0,L,EST. SERV. BOLIVIA ZURSIL S.R.L.,478-KEA,Diesel Oil Importado,DIESEL_IMPORTADO,,2026-09-20T04:52:20.313000+00:00,
2026-09-19,2026-09-19,True,False,Distrito Comercial La Paz,GASOLINA ESPECIAL + (S/DSI),24000.0,L,NEW PETROL BOLIVIA SUCURSAL 2,2307-CNA,Gasolina Especial +,GASOLINA_ESPECIAL_MAS,,2026-09-20T04:32:33.987000+00:00,
2026-09-19,2026-09-18,True,True,Distrito Comercial La Paz,DIESEL OIL IMPORTADO CF,19900.0,L,COOPERATIVA MINERA AURIFERA SAN MATEO R.L.,558-GRK,Diesel Oil Importado,DIESEL_IMPORTADO,,2026-09-20T04:25:40.730000+00:00,
2026-09-19,2026-09-19,True,False,Distrito Comercial La Paz,DIESEL OIL IMPORTADO EESS,12835.0,L,EST. SERV. PEREZ ROCHA SRL.,1600-IUY,Diesel Oil Importado,DIESEL_IMPORTADO,,2026-09-20T04:20:49.387000+00:00,
2026-09-19,2026-09-19,True,False,Distrito Comercial La Paz,DIESEL OIL IMPORTADO EESS,11164.0,L,EST. SERV. PEREZ ROCHA SRL.,1600-IUY,Diesel Oil Importado,DIESEL_IMPORTADO,,2026-09-20T04:20:49.387000+00:00,
2026-09-19,2026-09-19,True,False,Distrito Comercial La Paz,GASOLINA ESPECIAL + (S/DSI),24000.0,L,ESTACION DE SERVICIO LOS ROSALES,2345-IYN,Gasolina Especial +,GASOLINA_ESPECIAL_MAS,,2026-09-20T04:14:59.940000+00:00,
2026-09-19,2026-09-17,True,True,Distrito Comercial La Paz,GASOLINA ESPECIAL + (S/DSI),24000.0,L,CHOROPAMPA S.R.L.,2373-PHS,Gasolina Especial +,GASOLINA_ESPECIAL_MAS,,2026-09-20T04:05:31.643000+00:00,
2026-09-19,2026-09-19,True,False,Distrito Comercial La Paz,GASOLINA ESPECIAL + (S/DSI),12000.0,L,EST. SERV. EMP. COM. HID. TUPAC KATARI S.R.L.,658-HPL,Gasolina Especial +,GASOLINA_ESPECIAL_MAS,,2026-09-20T04:00:07.573000+00:00,
2026-09-19,2026-09-19,True,False,Distrito Comercial La Paz,DIESEL OIL IMPORTADO EESS,24000.0,L,CHOROPAMPA S.R.L.,2741-NBE,Diesel Oil Importado,DIESEL_IMPORTADO,,2026-09-20T03:56:30.160000+00:00,
2026-09-19,2026-09-18,True,True,Distrito Comercial La Paz,DIESEL OIL IMPORTADO CF,18900.0,L,COOPERATIVA MINERA AURIFERA RIO MILAGROSO R.L.,2560-TXE,Diesel Oil Importado,DIESEL_IMPORTADO,,2026-09-20T03:54:39.910000+00:00,
2026-09-19,2026-09-18,True,True,Distrito Comercial La Paz,DIESEL OIL IMPORTADO CF,19900.0,L,COOPERATIVA MINERA AURIFERA 15 DE MAYO YAICURA R.L.,1389-AEF,Diesel Oil Importado,DIESEL_IMPORTADO,,2026-09-20T03:52:27.600000+00:00,
2026-09-19,2026-09-18,True,True,Distrito Comercial La Paz,DIESEL OIL IMPORTADO CF,19900.0,L,EMPRESA MINERA TRESMARIAS S.R.L.,1634-EGB,Diesel Oil Importado,DIESEL_IMPORTADO,,2026-09-20T03:45:23.563000+00:00,
2026-09-19,2026-09-19,True,False,Distrito Comercial La Paz,GASOLINA ESPECIAL + EESS,22000.0,L,EST. SERV. UCHUMACHI,3766-RPX,Gasolina Especial +,GASOLINA_ESPECIAL_MAS,,2026-09-20T03:41:38.937000+00:00,
2026-09-21,2026-09-21,True,False,Distrito Comercial La Paz,GASOLINA ESPECIAL + (S/DSI),24000.0,L,EST. SERV. CUENTAS SAN PABLO II S.R.L.,1189-EHP,Gasolina Especial +,GASOLINA_ESPECIAL_MAS,,2026-09-21T17:55:33.517000+00:00,
2026-09-21,2026-09-21,True,False,Distrito Comercial La Paz,DIESEL OIL IMPORTADO EESS,12000.0,L,EST. SERV. LOS ANDES SRL,829-XPG,Diesel Oil Importado,DIESEL_IMPORTADO,,2026-09-21T17:51:55.543000+00:00,
2026-09-21,2026-09-19,True,True,Distrito Comercial La Paz,DIESEL OIL IMPORTADO EESS,12000.0,L,EST. SERV. LOS ANDES SRL,829-XPG,Diesel Oil Importado,DIESEL_IMPORTADO,,2026-09-21T17:51:55.543000+00:00,
2026-09-21,2026-09-21,True,False,Distrito Comercial La Paz,DIESEL OIL IMPORTADO EESS,12000.0,L,EST. SERV. CHALY,2514-AZU,Diesel Oil Importado,DIESEL_IMPORTADO,,2026-09-21T17:47:26.390000+00:00,
2026-09-21,2026-09-21,True,False,Distrito Comercial La Paz,GASOLINA ESPECIAL + (S/DSI),12000.0,L,EST. SERV. CHALY,2514-AZU,Gasolina Especial +,GASOLINA_ESPECIAL_MAS,,2026-09-21T17:47:26.390000+00:00,
2026-09-21,2026-09-21,True,False,Distrito Comercial La Paz,GASOLINA ESPECIAL + (S/DSI),18000.0,L,ZURSIL S.R.L. - E.S.T.,1604-NBE,Gasolina Especial +,GASOLINA_ESPECIAL_MAS,,2026-09-21T17:19:32.920000+00:00,
2026-09-21,2026-09-19,True,True,Distrito Comercial La Paz,DIESEL OIL IMPORTADO EESS,24000.0,L,ESTACIÓN DE SERVICIO LAS ROSAS S.R.L.,3480-LTK,Diesel Oil Importado,DIESEL_IMPORTADO,,2026-09-21T17:16:49.497000+00:00,
2026-09-21,2026-09-21,True,False,Distrito Comercial La Paz,GLP DISTRIB. 10 KILOS NAL,6900.0,L,SAN JUDAS TADEO SOCIEDAD DE RESPONSABILIDAD LIMITADA,104-SNC,GLP,GLP,,,
2026-09-21,2026-09-21,True,False,Distrito Comercial La Paz,GLP DISTRIB. 10 KILOS NAL,6750.0,L,A.A.V.V. GAS S.R.L.,129-BSR,GLP,GLP,,,
2026-09-21,2026-09-21,True,False,Distrito Comercial La Paz,GLP DISTRIB. 10 KILOS NAL,6630.0,L,DIST. GLP. PROGAS S.R.L.,303-CTB,GLP,GLP,,,
2026-09-21,2026-09-21,True,False,Distrito Comercial La Paz,GLP DISTRIB. 10 KILOS NAL,5070.0,L,DIST. GLP. SAMO S.A.,480-CIT,GLP,GLP,,,
2026-09-21,2026-09-21,True,False,Distrito Comercial La Paz,GLP DISTRIB. 10 KILOS NAL,6750.0,L,ISABEL DURAN DE ITURRI - DIST. GLP DURA GAS,820-EEB,GLP,GLP,,,
2026-09-21,2026-09-21,True,False,Distrito Comercial La Paz,GASOLINA ESPECIAL + (S/DSI),18000.0,L,EST. SERV. LAREDO SRL,1600-HIP,Gasolina Especial +,GASOLINA_ESPECIAL_MAS,,2026-09-21T17:13:36.463000+00:00,
2026-09-21,2026-09-21,True,False,Distrito Comercial La Paz,GASOLINA ESPECIAL + (S/DSI),24000.0,L,EST. SERV. EL PARAISO SRL.,3831-BFB,Gasolina Especial +,GASOLINA_ESPECIAL_MAS,,2026-09-21T17:10:51.987000+00:00,
2026-09-21,2026-09-21,True,False,Distrito Comercial La Paz,GASOLINA ESPECIAL + (S/DSI),24000.0,L,EST. SERV. TEXAS S.R.L.,1008-UIC,Gasolina Especial +,GASOLINA_ESPECIAL_MAS,,2026-09-21T17:08:24.360000+00:00,
2026-09-21,2026-09-21,True,False,Distrito Comercial La Paz,GASOLINA ESPECIAL + (S/DSI),24000.0,L,EST. SERV. SAN PABLO VILLA BOLIVAR S.R.L.,496-HSR,Gasolina Especial +,GASOLINA_ESPECIAL_MAS,,2026-09-21T16:53:29.197000+00:00,
2026-09-21,2026-09-21,True,False,Distrito Comercial La Paz,GASOLINA ESPECIAL + (S/DSI),24000.0,L,GREGORIO CUENTAS M. EST. SERV. DRAGON DE ORO,500-FYX,Gasolina Especial +,GASOLINA_ESPECIAL_MAS,,2026-09-21T16:46:38.980000+00:00,
2026-09-21,2026-09-21,True,False,Distrito Comercial La Paz,GASOLINA ESPECIAL + (S/DSI),24000.0,L,ESTACION DE SERVICIO CALUYO S.R.L.,1189-ZFC,Gasolina Especial +,GASOLINA_ESPECIAL_MAS,,2026-09-21T16:40:55.523000+00:00,
2026-09-21,2026-09-21,True,False,Distrito Comercial La Paz,DIESEL OIL IMPORTADO EESS,24000.0,L,EST. SERV. LAREDO SRL,419-LCF,Diesel Oil Importado,DIESEL_IMPORTADO,,2026-09-21T16:17:17.870000+00:00,
2026-09-21,2026-09-21,True,False,Distrito Comercial La Paz,DIESEL OIL IMPORTADO EESS,12000.0,L,EST. SERV. EL PARAISO SRL.,5352-FGB,Diesel Oil Importado,DIESEL_IMPORTADO,,2026-09-21T16:02:26.597000+00:00,
2026-09-21,2026-09-21,True,False,Distrito Comercial La Paz,DIESEL OIL IMPORTADO EESS,12000.0,L,ESTACION DE SERVICIO TEJADA TRIANGULAR,1792-TSD,Diesel Oil Importado,DIESEL_IMPORTADO,,2026-09-21T13:50:49.173000+00:00,
2026-09-21,2026-09-21,True,False,Distrito Comercial La Paz,GLP DISTRIB. 10 KILOS NAL,5880.0,L,DIST. GLP. PROGAS S.R.L.,066-ASF,GLP,GLP,,,
2026-09-21,2026-09-21,True,False,Distrito Comercial La Paz,GLP DISTRIB. 10 KILOS NAL,6360.0,L,DIST. GLP. PROGAS S.R.L.,932-TGG,GLP,GLP,,,
2026-09-21,2026-09-21,True,False,Distrito Comercial La Paz,GLP DISTRIB. 10 KILOS NAL,6750.0,L,DIST. GLP. PROGAS S.R.L.,081-CEX,GLP,GLP,,,
2026-09-21,2026-09-21,True,False,Distrito Comercial La Paz,GLP DISTRIB. 10 KILOS NAL,6480.0,L,DIST. GLP. VIAGAS,162-ZAS,GLP,GLP,,,
2026-09-21,2026-09-21,True,False,Distrito Comercial La Paz,GLP DISTRIB. 10 KILOS NAL,6210.0,L,DIST. GLP. VIAGAS,1255-KZB,GLP,GLP,,,
2026-09-21,2026-09-21,True,False,Distrito Comercial La Paz,GLP DISTRIB. 10 KILOS NAL,6750.0,L,GENARA CAPIA DE FERNANDEZ - DIST. GLP SEVERO FERNANDEZ CH.,1598-DTN,GLP,GLP,,,
2026-09-21,2026-09-21,True,False,Distrito Comercial La Paz,GLP DISTRIB. 10 KILOS NAL,5000.0,L,DIST. GLP. DISANDES S.R.L.,2279-SPR,GLP,GLP,,,
2026-09-21,2026-09-21,True,False,Distrito Comercial La Paz,GLP DISTRIB. 10 KILOS NAL,6500.0,L,DIST. GLP. DISANDES S.R.L.,1814-GTY,GLP,GLP,,,
2026-09-21,2026-09-21,True,False,Distrito Comercial La Paz,GLP DISTRIB. 10 KILOS NAL,8840.0,L,"DISTRIBUIDORA DE G.L.P. ""TIPUANI"" S.R.L.",1782-TUA,GLP,GLP,,,
2026-09-21,2026-09-21,True,False,Distrito Comercial La Paz,GLP DISTRIB. 10 KILOS NAL,2000.0,L,DIST. GLP ANGELES,2750-CBU,GLP,GLP,,,
2026-09-21,2026-09-21,True,False,Distrito Comercial La Paz,GLP DISTRIB. 10 KILOS NAL,6090.0,L,DIST. GLP. SOCIEDAD PETROLERA SANTA ELENA S.R.L. (SOPESE S.R.L.),3592-GZF,GLP,GLP,,,
2026-09-21,2026-09-21,True,False,Distrito Comercial La Paz,GLP DISTRIB. 10 KILOS NAL,6630.0,L,DIST. GLP. TRIPETROL S.R.L.,444-KPH,GLP,GLP,,,
2026-09-21,2026-09-21,True,False,Distrito Comercial La Paz,GLP DISTRIB. 10 KILOS NAL,3000.0,L,DIST. GLP. TRIPETROL S.R.L.,2164-KYX,GLP,GLP,,,
2026-09-21,2026-09-21,True,False,Distrito Comercial La Paz,GLP DISTRIB. 10 KILOS NAL,6210.0,L,DIST. GLP. ESMERALDA GAS SRL.,2375-SHN,GLP,GLP,,,
2026-09-21,2026-09-21,True,False,Distrito Comercial La Paz,GLP DISTRIB. 10 KILOS NAL,6030.0,L,DIST. GLP. ESMERALDA GAS SRL.,801-NIK,GLP,GLP,,,
2026-09-21,2026-09-21,True,False,Distrito Comercial La Paz,GLP DISTRIB. 10 KILOS NAL,6750.0,L,DIST. GLP. SAMO S.A.,467-SRU,GLP,GLP,,,
2026-09-21,2026-09-19,True,True,Distrito Comercial La Paz,GLP DISTRIB. 10 KILOS NAL,5400.0,L,ISABEL DURAN DE ITURRI - DIST. GLP DURA GAS,699-BXF,GLP,GLP,,,
2026-09-21,2026-09-18,True,True,Distrito Comercial La Paz,GLP DISTRIB. 10 KILOS NAL,5000.0,L,DIST. GLP ANGELES,2750-CBU,GLP,GLP,,,
2026-09-21,2026-09-21,True,False,Distrito Comercial La Paz,DIESEL OIL IMPORTADO EESS,24000.0,L,EST. SERV. 6 DE MARZO,101-GEK,Diesel Oil Importado,DIESEL_IMPORTADO,,2026-09-21T14:55:48.310000+00:00,
2026-09-21,2026-09-21,True,False,Distrito Comercial La Paz,DIESEL OIL IMPORTADO EESS,24000.0,L,EDUARDO YUPANQUI Q.-EST. SERV. VENTILLA,1149-ZND,Diesel Oil Importado,DIESEL_IMPORTADO,,2026-09-21T14:53:58.450000+00:00,
2026-09-21,2026-09-21,True,False,Distrito Comercial La Paz,GLP DISTRIB. 45 KILOS NAL,1800.0,L,DIST. GLP. PROGAS S.R.L.,4067-YRP,GLP,GLP,,,
2026-09-21,2026-09-21,True,False,Distrito Comercial La Paz,GLP DISTRIB. 10 KILOS NAL,6630.0,L,DIST. GLP. VIAGAS,302-TIF,GLP,GLP,,,
2026-09-21,2026-09-21,True,False,Distrito Comercial La Paz,GLP DISTRIB. 10 KILOS NAL,6000.0,L,AXEL GAS S.R.L.,1209-EYS,GLP,GLP,,,
2026-09-21,2026-09-21,True,False,Distrito Comercial La Paz,GLP DISTRIB. 10 KILOS NAL,6210.0,L,DIST. GLP. SOCIEDAD PETROLERA SANTA ELENA S.R.L. (SOPESE S.R.L.),085-IKK,GLP,GLP,,,
2026-09-21,2026-09-21,True,False,Distrito Comercial La Paz,GLP DISTRIB. 10 KILOS NAL,5940.0,L,DIST. GLP. TRIPETROL S.R.L.,479-IPN,GLP,GLP,,,
2026-09-21,2026-09-21,True,False,Distrito Comercial La Paz,GLP DISTRIB. 10 KILOS NAL,6480.0,L,DIST. GLP. TRIPETROL S.R.L.,1049-GCX,GLP,GLP,,,
2026-09-21,2026-09-21,True,False,Distrito Comercial La Paz,GLP DISTRIB. 45 KILOS NAL,1800.0,L,DIST. GLP. ESMERALDA GAS SRL.,2821-LXX,GLP,GLP,,,
2026-09-21,2026-09-21,True,False,Distrito Comercial La Paz,GLP DISTRIB. 10 KILOS NAL,6630.0,L,GMGRECO GAS SOCIEDAD DE RESPONSABILIDAD LIMITADA,2060-RYK,GLP,GLP,,,
2026-09-21,2026-09-21,True,False,Distrito Comercial La Paz,GLP DISTRIB. 10 KILOS NAL,6900.0,L,DIST. GLP. ESMERALDA GAS SRL.,924-ZFP,GLP,GLP,,,
2026-09-21,2026-09-21,True,False,Distrito Comercial La Paz,GLP DISTRIB. 10 KILOS NAL,6630.0,L,DIST. GLP. SAMO S.A.,480-CIT,GLP,GLP,,,
2026-09-21,2026-09-21,True,False,Distrito Comercial La Paz,GLP DISTRIB. 10 KILOS NAL,6900.0,L,DIST. GLP. SAMO S.A.,1311-BND,GLP,GLP,,,
2026-09-21,2026-09-21,True,False,Distrito Comercial La Paz,GLP DISTRIB. 45 KILOS NAL,4500.0,L,DIST. GLP. SAMO S.A.,1182-IYA,GLP,GLP,,,
2026-09-21,2026-09-21,True,False,Distrito Comercial La Paz,GLP DISTRIB. 10 KILOS NAL,6630.0,L,ISABEL DURAN DE ITURRI - DIST. GLP DURA GAS,659-INT,GLP,GLP,,,
2026-09-21,2026-09-19,True,True,Distrito Comercial La Paz,GLP DISTRIB. 10 KILOS NAL,6210.0,L,DIST. GLP. ESMERALDA GAS SRL.,801-NIK,GLP,GLP,,,
2026-09-21,2026-09-19,True,True,Distrito Comercial La Paz,GLP DISTRIB. 10 KILOS NAL,6000.0,L,DIST. GLP. SAMO S.A.,467-SRU,GLP,GLP,,,
2026-09-21,2026-09-21,True,False,Distrito Comercial La Paz,GASOLINA ESPECIAL + (S/DSI),12000.0,L,ESTACION DE SERVICIO LOS ROSALES,2345-IYN,Gasolina Especial +,GASOLINA_ESPECIAL_MAS,,2026-09-22T03:51:22.757000+00:00,
2026-09-21,2026-09-19,True,True,Distrito Comercial La Paz,DIESEL OIL IMPORTADO EESS,12000.0,L,ESTACION DE SERVICIO LOS ROSALES,2345-IYN,Diesel Oil Importado,DIESEL_IMPORTADO,,2026-09-22T03:51:22.757000+00:00,
2026-09-21,2026-09-21,True,False,Distrito Comercial La Paz,GASOLINA ESPECIAL + (S/DSI),12000.0,L,EST. SERV. GAS-MAY S.R.L.,1704-ESB,Gasolina Especial +,GASOLINA_ESPECIAL_MAS,,2026-09-22T03:44:11.353000+00:00,
2026-09-21,2026-09-21,True,False,Distrito Comercial La Paz,DIESEL OIL IMPORTADO EESS,12000.0,L,EST. SERV. GAS-MAY S.R.L.,1704-ESB,Diesel Oil Importado,DIESEL_IMPORTADO,,2026-09-22T03:44:11.353000+00:00,
2026-09-21,2026-09-21,True,False,Distrito Comercial La Paz,DIESEL OIL IMPORTADO EESS,12000.0,L,EST. SERV. SOC. IND. COM. G.L.P.H. LTDA,671-SUX,Diesel Oil Importado,DIESEL_IMPORTADO,,2026-09-22T03:39:18.240000+00:00,
2026-09-21,2026-09-21,True,False,Distrito Comercial La Paz,GASOLINA ESPECIAL + (S/DSI),24000.0,L,EST. SERV. LUBRICAN SRL,2714-SNP,Gasolina Especial +,GASOLINA_ESPECIAL_MAS,,2026-09-22T03:34:22.790000+00:00,
2026-09-21,2026-09-19,True,True,Distrito Comercial La Paz,GASOLINA ESPECIAL + EESS,24000.0,L,OFELIA PLATA P. - EST. SERV. UMAMARCA,1057-KKX,Gasolina Especial +,GASOLINA_ESPECIAL_MAS,,2026-09-22T03:32:13.230000+00:00,
2026-09-21,2026-09-21,True,False,Distrito Comercial La Paz,DIESEL OIL IMPORTADO EESS,20000.0,L,EST. SERV. QHANTATI SRL.,815-XSR,Diesel Oil Importado,DIESEL_IMPORTADO,,2026-09-22T03:27:37.493000+00:00,
2026-09-21,2026-09-19,True,True,Distrito Comercial La Paz,GASOLINA ESPECIAL + EESS,12000.0,L,ESTACION DE SERVICIO ESPIGA DE ORO S.R.L.,3039-RUC,Gasolina Especial +,GASOLINA_ESPECIAL_MAS,,2026-09-22T03:24:32.893000+00:00,
2026-09-21,2026-09-19,True,True,Distrito Comercial La Paz,DIESEL OIL NACIONAL EESS,12000.0,L,ESTACION DE SERVICIO ESPIGA DE ORO S.R.L.,3039-RUC,Diesel Oil Nacional,DIESEL_NACIONAL,,2026-09-22T03:24:32.893000+00:00,
2026-09-21,2026-09-21,True,False,Distrito Comercial La Paz,DIESEL OIL IMPORTADO EESS,12000.0,L,EST. SERV. MARANATHA,3135-UDX,Diesel Oil Importado,DIESEL_IMPORTADO,,2026-09-22T03:22:34.963000+00:00,
2026-09-21,2026-09-21,True,False,Distrito Comercial La Paz,DIESEL OIL IMPORTADO EESS,12000.0,L,DISTRIBUIDORA DE GASOLINA Y LUBRICANTES SAN PABLO S.R.L.,632-RIB,Diesel Oil Importado,DIESEL_IMPORTADO,,2026-09-22T03:08:49.087000+00:00,
2026-09-21,2026-09-21,True,False,Distrito Comercial La Paz,GASOLINA ESPECIAL + EESS,20000.0,L,ESTACION DE SERVICIO TOLAR S.R.L.,1148-NIX 1,Gasolina Especial +,GASOLINA_ESPECIAL_MAS,,2026-09-22T03:02:49.803000+00:00,
2026-09-21,2026-09-21,True,False,Distrito Comercial La Paz,GASOLINA ESPECIAL + (S/DSI),24000.0,L,EST. SERV. RACING GAS S.R.L.,320-BEC,Gasolina Especial +,GASOLINA_ESPECIAL_MAS,,2026-09-22T03:00:10.653000+00:00,
2026-09-21,2026-09-21,True,False,Distrito Comercial La Paz,DIESEL OIL IMPORTADO EESS,8000.0,L,EST. SERV. ALTO LIMA S.R.L.,1555-ULK,Diesel Oil Importado,DIESEL_IMPORTADO,,2026-09-22T02:59:33.683000+00:00,
2026-09-21,2026-09-21,True,False,Distrito Comercial La Paz,GASOLINA ESPECIAL + (S/DSI),12500.0,L,EST. SERV. EMP. COM. HID. TUPAC KATARI S.R.L.,374-NHY,Gasolina Especial +,GASOLINA_ESPECIAL_MAS,,2026-09-22T02:57:29.793000+00:00,
2026-09-21,2026-09-21,True,False,Distrito Comercial La Paz,DIESEL OIL IMPORTADO EESS,24000.0,L,ESTACIÓN DE SERVICIO ALIMARC INTER GAS BOLIVIA S.R.L.,547-CKT,Diesel Oil Importado,DIESEL_IMPORTADO,,2026-09-22T02:54:13.503000+00:00,
2026-09-21,2026-09-19,True,True,Distrito Comercial La Paz,DIESEL OIL IMPORTADO EESS,24000.0,L,NEW PETROL BOLIVIA SUCURSAL 2,2307-CNA,Diesel Oil Importado,DIESEL_IMPORTADO,,2026-09-22T02:50:18.577000+00:00,
2026-09-21,2026-09-19,True,True,Distrito Comercial La Paz,GASOLINA ESPECIAL + (S/DSI),24000.0,L,EST. SERV. COSTANERA SRL.,375-YZN,Gasolina Especial +,GASOLINA_ESPECIAL_MAS,,2026-09-22T02:41:32.247000+00:00,
2026-09-21,2026-09-21,True,False,Distrito Comercial La Paz,GASOLINA ESPECIAL + EESS,20000.0,L,EST. SERV. ACHACACHI S.R.L.,1604-NBE,Gasolina Especial +,GASOLINA_ESPECIAL_MAS,,2026-09-22T02:35:28.477000+00:00,
2026-09-21,2026-09-21,True,False,Distrito Comercial La Paz,GASOLINA ESPECIAL + (S/DSI),24000.0,L,EST. SERV. COSTANERA SRL.,551-NCI,Gasolina Especial +,GASOLINA_ESPECIAL_MAS,,2026-09-22T02:31:23.687000+00:00,
2026-09-21,2026-09-21,True,False,Distrito Comercial La Paz,GASOLINA ESPECIAL + (S/DSI),24000.0,L,EST. SERV. LOS ANDES SRL,5632-ZYE,Gasolina Especial +,GASOLINA_ESPECIAL_MAS,,2026-09-22T00:20:49.730000+00:00,
2026-09-21,2026-09-18,True,True,Distrito Comercial La Paz,GASOLINA ESPECIAL + EESS,22000.0,L,ESTACION DE SERVICIO PETROMAPIRI S.R.L.,1854-FYF,Gasolina Especial +,GASOLINA_ESPECIAL_MAS,,2026-09-22T01:19:13.140000+00:00,
2026-09-21,2026-09-17,True,True,Distrito Comercial La Paz,GASOLINA ESPECIAL + (S/DSI),12000.0,L,EST. SERV. 6 DE MARZO,101-GEK,Gasolina Especial +,GASOLINA_ESPECIAL_MAS,,2026-09-22T00:32:21.170000+00:00,
2026-09-21,2026-09-21,True,False,Distrito Comercial La Paz,DIESEL OIL NACIONAL EESS,12000.0,L,EST. SERV. FLOR DE CAÑA S.R.L.,4244-CHC,Diesel Oil Nacional,DIESEL_NACIONAL,,2026-09-22T02:27:51.790000+00:00,
2026-09-21,2026-09-21,True,False,Distrito Comercial La Paz,DIESEL OIL IMPORTADO EESS,24000.0,L,EST. SERV. CRISTO AUTO GAS SRL.,2201-IRF,Diesel Oil Importado,DIESEL_IMPORTADO,,2026-09-22T02:25:09.703000+00:00,
2026-09-21,2026-09-21,True,False,Distrito Comercial La Paz,DIESEL OIL NACIONAL EESS,24000.0,L,ESTACION DE SERVICIO ISSUCADELA S.R.L,1054-YSB,Diesel Oil Nacional,DIESEL_NACIONAL,,2026-09-22T02:23:04.697000+00:00,
2026-09-21,2026-09-21,True,False,Distrito Comercial La Paz,GASOLINA ESPECIAL + EESS,22000.0,L,ESTACION DE SERVICIO ISSUCADELA S.R.L,564-CEU,Gasolina Especial +,GASOLINA_ESPECIAL_MAS,,2026-09-22T02:20:03.240000+00:00,
2026-09-21,2026-09-21,True,False,Distrito Comercial La Paz,GASOLINA ESPECIAL + EESS,22000.0,L,CANIAX S.R.L.,2378-EIG,Gasolina Especial +,GASOLINA_ESPECIAL_MAS,,2026-09-22T02:10:21.677000+00:00,
2026-09-21,2026-09-21,True,False,Distrito Comercial La Paz,GASOLINA ESPECIAL + EESS,22000.0,L,EST. SERV. GUANAY,1434-RAF,Gasolina Especial +,GASOLINA_ESPECIAL_MAS,,2026-09-22T02:04:51.933000+00:00,
2026-09-21,2026-09-21,True,False,Distrito Comercial La Paz,DIESEL OIL IMPORTADO EESS,24000.0,L,EST. SERV. CUENTAS SAN PABLO II S.R.L.,1189-EHP,Diesel Oil Importado,DIESEL_IMPORTADO,,2026-09-22T02:00:28.540000+00:00,
2026-09-21,2026-09-21,True,False,Distrito Comercial La Paz,DIESEL OIL IMPORTADO EESS,16000.0,L,ELDA S. AGUILAR V. - EST. SERV. JUAN PABLO II,4457-NRI,Diesel Oil Importado,DIESEL_IMPORTADO,,2026-09-22T01:58:01.033000+00:00,
2026-09-21,2026-09-21,True,False,Distrito Comercial La Paz,GASOLINA ESPECIAL + (S/DSI),24000.0,L,EST. SERV. GAS CENTRO S.R.L.,589-NAK,Gasolina Especial +,GASOLINA_ESPECIAL_MAS,,2026-09-22T01:43:33.950000+00:00,
2026-09-21,2026-09-21,True,False,Distrito Comercial La Paz,DIESEL OIL IMPORTADO EESS,24000.0,L,ELSA CHIPANA H. - EST. SERV. ECOPETROL,829-XPG,Diesel Oil Importado,DIESEL_IMPORTADO,,2026-09-22T01:29:40.477000+00:00,
2026-09-21,2026-09-21,True,False,Distrito Comercial La Paz,GASOLINA ESPECIAL + (S/DSI),24000.0,L,ESTACION DE SERVICIO JACHA INTI S.R.L.,3441-LZN,Gasolina Especial +,GASOLINA_ESPECIAL_MAS,,2026-09-22T01:27:25.513000+00:00,
2026-09-21,2026-09-21,True,False,Distrito Comercial La Paz,GASOLINA ESPECIAL + (S/DSI),12000.0,L,EST. SERV. SALIDA LTDA,2701-TZH,Gasolina Especial +,GASOLINA_ESPECIAL_MAS,,2026-09-22T01:07:55.383000+00:00,
2026-09-21,2026-09-21,True,False,Distrito Comercial La Paz,DIESEL OIL NACIONAL EESS,24000.0,L,SILVIA TORREZ.- EST. SERV. TORREZ,080-RZK,Diesel Oil Nacional,DIESEL_NACIONAL,,2026-09-22T01:04:45.823000+00:00,
2026-09-21,2026-09-21,True,False,Distrito Comercial La Paz,DIESEL OIL IMPORTADO EESS,24000.0,L,ESTACION DE SERVICIO CALUYO S.R.L.,2315-AFR,Diesel Oil Importado,DIESEL_IMPORTADO,,2026-09-22T01:02:39.680000+00:00,
2026-09-21,2026-09-21,True,False,Distrito Comercial La Paz,GASOLINA ESPECIAL + (S/DSI),24000.0,L,EST. SERV. CARSUR S.R.L.,2484-PUD,Gasolina Especial +,GASOLINA_ESPECIAL_MAS,,2026-09-22T01:01:05.317000+00:00,
2026-09-21,2026-09-21,True,False,Distrito Comercial La Paz,GASOLINA ESPECIAL + (S/DSI),20000.0,L,ESTACIÓN DE SERVICIO LAS ROSAS S.R.L.,4560-SXF,Gasolina Especial +,GASOLINA_ESPECIAL_MAS,,2026-09-22T00:56:01.397000+00:00,
2026-09-21,2026-09-21,True,False,Distrito Comercial La Paz,GASOLINA ESPECIAL + (S/DSI),24000.0,L,EST. SERV. SURTIDORES UNITOURS LTDA.,3091-NHK,Gasolina Especial +,GASOLINA_ESPECIAL_MAS,,2026-09-22T00:49:04.837000+00:00,
2026-09-21,2026-09-21,True,False,Distrito Comercial La Paz,GASOLINA ESPECIAL + (S/DSI),24000.0,L,EST. SERV. VOLCAN S.R.L.,2538BZG(1),Gasolina Especial +,GASOLINA_ESPECIAL_MAS,,2026-09-22T00:34:26.927000+00:00,
2026-09-21,2026-09-21,True,False,Distrito Comercial La Paz,GASOLINA ESPECIAL + (S/DSI),24000.0,L,EST. SERV. SIEMPRE A FULL MIRAFLORES S.R.L. (SAF),1156-PGH 1,Gasolina Especial +,GASOLINA_ESPECIAL_MAS,,2026-09-21T23:50:55.450000+00:00,
2026-09-21,2026-09-21,True,False,Distrito Comercial La Paz,DIESEL OIL IMPORTADO EESS,24000.0,L,EST. SERV. SAN PABLO VILLA BOLIVAR S.R.L.,496-HSR,Diesel Oil Importado,DIESEL_IMPORTADO,,2026-09-21T22:07:42.997000+00:00,
2026-09-21,2026-09-21,True,False,Distrito Comercial La Paz,GASOLINA ESPECIAL + (S/DSI),24000.0,L,EST. SERV. INTEROCEANICO,1326-NDS,Gasolina Especial +,GASOLINA_ESPECIAL_MAS,,2026-09-21T22:13:00.203000+00:00,
2026-09-21,2026-09-21,True,False,Distrito Comercial La Paz,GASOLINA ESPECIAL + (S/DSI),24000.0,L,EST. SERV. MOTORECO SRL.,1340-SPB,Gasolina Especial +,GASOLINA_ESPECIAL_MAS,,2026-09-22T00:04:03.133000+00:00,
2026-09-21,2026-09-19,True,True,Distrito Comercial La Paz,DIESEL OIL NACIONAL EESS,24000.0,L,EST. SERV. CARBURANTES SAN MIGUEL,1552-UYP-1,Diesel Oil Nacional,DIESEL_NACIONAL,,2026-09-21T23:35:43.537000+00:00,
2026-09-21,2026-09-21,True,False,Distrito Comercial La Paz,GASOLINA ESPECIAL + (S/DSI),24000.0,L,EST. SERV. PEREZ ROCHA SRL.,4745-PTB,Gasolina Especial +,GASOLINA_ESPECIAL_MAS,,2026-09-21T23:38:15.647000+00:00,
2026-09-21,2026-09-21,True,False,Distrito Comercial La Paz,GASOLINA ESPECIAL + (S/DSI),24000.0,L,ESTACION DE SERVICIO SEÑOR DE MAYO S.R.L.,3116-FEX,Gasolina Especial +,GASOLINA_ESPECIAL_MAS,,2026-09-21T23:40:47.943000+00:00,
2026-09-21,2026-09-21,True,False,Distrito Comercial La Paz,GASOLINA ESPECIAL + (S/DSI),24000.0,L,ESTACION DE SERVICIO TEJADA TRIANGULAR,1792-TSD,Gasolina Especial +,GASOLINA_ESPECIAL_MAS,,2026-09-22T00:13:41.043000+00:00,
2026-09-21,2026-09-21,True,False,Distrito Comercial La Paz,GASOLINA ESPECIAL + (S/DSI),24000.0,L,MARIA PATZI-EST. SERV. VARELA,2352-NHH,Gasolina Especial +,GASOLINA_ESPECIAL_MAS,,2026-09-21T23:00:35.200000+00:00,
2026-09-21,2026-09-18,True,True,Distrito Comercial La Paz,GASOLINA ESPECIAL + (S/DSI),24000.0,L,EST. SERV. JAIMES FREYRE,1118-KLR,Gasolina Especial +,GASOLINA_ESPECIAL_MAS,,2026-09-21T22:35:15.027000+00:00,
2026-09-21,2026-09-21,True,False,Distrito Comercial La Paz,DIESEL OIL IMPORTADO EESS,24000.0,L,EFRAIN LOPEZ LUCANA,563-DDH,Diesel Oil Importado,DIESEL_IMPORTADO,,2026-09-22T00:27:24.143000+00:00,
2026-09-21,2026-09-21,True,False,Distrito Comercial La Paz,DIESEL OIL NACIONAL EESS,24000.0,L,EDEN CLEVER CARRILLO CONDORI-ESTACION DE SERVICIO EDENCCC,2546-YFS,Diesel Oil Nacional,DIESEL_NACIONAL,,2026-09-22T00:18:36.337000+00:00,
2026-09-21,2026-09-21,True,False,Distrito Comercial La Paz,DIESEL OIL NACIONAL EESS,24000.0,L,IVAN MATIAS V. - EST. SERV. REYES MATIAS,5765-DEU,Diesel Oil Nacional,DIESEL_NACIONAL,,2026-09-21T23:58:35.433000+00:00,
2026-09-21,2026-09-21,True,False,Distrito Comercial La Paz,DIESEL OIL NACIONAL EESS,24000.0,L,EST. SERV. GASOLCAMP S.R.L.,453-RNL,Diesel Oil Nacional,DIESEL_NACIONAL,,2026-09-21T23:31:28.730000+00:00,
2026-09-21,2026-09-21,True,False,Distrito Comercial La Paz,GASOLINA ESPECIAL + (S/DSI),24000.0,L,EST. SERV. M&G CAMINO REAL,2801-XUD,Gasolina Especial +,GASOLINA_ESPECIAL_MAS,,2026-09-21T23:29:27.447000+00:00,
2026-09-21,2026-09-21,True,False,Distrito Comercial La Paz,GASOLINA ESPECIAL + (S/DSI),24000.0,L,GAS SAN FELIPE S.R.L.,5602-HKS,Gasolina Especial +,GASOLINA_ESPECIAL_MAS,,2026-09-21T23:18:33.603000+00:00,
2026-09-21,2026-09-21,True,False,Distrito Comercial La Paz,GASOLINA ESPECIAL + (S/DSI),18000.0,L,ESTACION DE SERVICIOS NIMAGASBOL S.R.L.,5028-SLK,Gasolina Especial +,GASOLINA_ESPECIAL_MAS,,2026-09-21T23:08:45.320000+00:00,
2026-09-21,2026-09-21,True,False,Distrito Comercial La Paz,DIESEL OIL IMPORTADO EESS,24000.0,L,ESTACION DE SERVICIO ZOFRI S.R.L.,1106-PCH,Diesel Oil Importado,DIESEL_IMPORTADO,,2026-09-21T23:06:33.073000+00:00,
2026-09-21,2026-09-21,True,False,Distrito Comercial La Paz,DIESEL OIL IMPORTADO EESS,12836.0,L,ESTACION DE SERVICIO CHALLAPAMPA S.R.L.,4767-NUU,Diesel Oil Importado,DIESEL_IMPORTADO,,2026-09-21T23:03:29.333000+00:00,
2026-09-21,2026-09-21,True,False,Distrito Comercial La Paz,GASOLINA ESPECIAL + (S/DSI),20000.0,L,EST. SERV. ACB SAN JORGE,1853-KTP,Gasolina Especial +,GASOLINA_ESPECIAL_MAS,,2026-09-21T22:57:47.573000+00:00,
2026-09-21,2026-09-21,True,False,Distrito Comercial La Paz,DIESEL OIL NACIONAL EESS,24000.0,L,ESTACION DE SERVICIO GASOLINERA CRUCE DE ORO S.R.L.,1818-CZU,Diesel Oil Nacional,DIESEL_NACIONAL,,2026-09-21T22:42:47.013000+00:00,
2026-09-21,2026-09-21,True,False,Distrito Comercial La Paz,DIESEL OIL IMPORTADO EESS,8000.0,L,EST. SERV. GALAXIA S.R.L.,1089-SDH 1,Diesel Oil Importado,DIESEL_IMPORTADO,,2026-09-21T22:40:15.187000+00:00,
2026-09-21,2026-09-21,True,False,Distrito Comercial La Paz,GASOLINA ESPECIAL + (S/DSI),18000.0,L,ESTACIÓN DE SERVICIO ALIMARC INTER GAS BOLIVIA S.R.L.,3135-UDX,Gasolina Especial +,GASOLINA_ESPECIAL_MAS,,2026-09-21T20:56:26.493000+00:00,
2026-09-21,2026-09-21,True,False,Distrito Comercial La Paz,GASOLINA ESPECIAL + (S/DSI),24000.0,L,ESTACION DE SERVICIO TERRAGAS LTDA,5361-TUF,Gasolina Especial +,GASOLINA_ESPECIAL_MAS,,2026-09-21T20:27:27.700000+00:00,
2026-09-21,2026-09-21,True,False,Distrito Comercial La Paz,GASOLINA ESPECIAL + (S/DSI),24000.0,L,ESTACION DE SERVICIO KANTUTA S.R.L.,557-XEF,Gasolina Especial +,GASOLINA_ESPECIAL_MAS,,2026-09-21T20:22:04.240000+00:00,
2026-09-21,2026-09-19,True,True,Distrito Comercial La Paz,DIESEL OIL IMPORTADO EESS,20000.0,L,EST. SERV. ESUR GHS LTDA.,908-YCP,Diesel Oil Importado,DIESEL_IMPORTADO,,2026-09-21T19:43:03.657000+00:00,
2026-09-21,2026-09-21,True,False,Distrito Comercial La Paz,GASOLINA ESPECIAL + (S/DSI),24000.0,L,ESTACION DE SERVICIO KORY INTI S.R.L.,4563-ZEN 1,Gasolina Especial +,GASOLINA_ESPECIAL_MAS,,2026-09-21T20:16:03.940000+00:00,
2026-09-21,2026-09-21,True,False,Distrito Comercial La Paz,GASOLINA ESPECIAL + (S/DSI),24000.0,L,EST. SERV. SOC. IND. COM. G.L.P.H. LTDA,671-SUX,Gasolina Especial +,GASOLINA_ESPECIAL_MAS,,2026-09-21T19:59:48.710000+00:00,
2026-09-21,2026-09-21,True,False,Distrito Comercial La Paz,GASOLINA ESPECIAL + (S/DSI),24000.0,L,EST. SERV. QHANTATI SRL.,815-XSR,Gasolina Especial +,GASOLINA_ESPECIAL_MAS,,2026-09-21T19:55:53.087000+00:00,
2026-09-21,2026-09-21,True,False,Distrito Comercial La Paz,GASOLINA ESPECIAL + (S/DSI),24000.0,L,EST. SERV. CRISTO AUTO GAS SRL.,2201-IRF,Gasolina Especial +,GASOLINA_ESPECIAL_MAS,,2026-09-21T19:24:05.543000+00:00,
2026-09-21,2026-09-21,True,False,Distrito Comercial La Paz,GASOLINA ESPECIAL + (S/DSI),24000.0,L,ESTACION DE SERVICIO LOZA - MARCELINA AGUIRRE VDA. DE LOZA,619-HFX,Gasolina Especial +,GASOLINA_ESPECIAL_MAS,,2026-09-21T19:47:13.593000+00:00,
2026-09-21,2026-09-21,True,False,Distrito Comercial La Paz,GASOLINA ESPECIAL + (S/DSI),24000.0,L,DISTRIBUIDORA DE GASOLINA Y LUBRICANTES SAN PABLO S.R.L.,632-RIB,Gasolina Especial +,GASOLINA_ESPECIAL_MAS,,2026-09-21T19:20:36.880000+00:00,
2026-09-21,2026-09-21,True,False,Distrito Comercial La Paz,GASOLINA ESPECIAL + (S/DSI),20000.0,L,EST. SERV. ALTO LIMA S.R.L.,1555-ULK,Gasolina Especial +,GASOLINA_ESPECIAL_MAS,,2026-09-21T19:17:49.210000+00:00,
2026-09-21,2026-09-21,True,False,Distrito Comercial La Paz,GASOLINA ESPECIAL + (S/DSI),23500.0,L,EST. SERV. EMP. COM. HID. TUPAC KATARI S.R.L.,311-DYG,Gasolina Especial +,GASOLINA_ESPECIAL_MAS,,2026-09-21T22:18:57.407000+00:00,
2026-09-21,2026-09-21,True,False,Distrito Comercial La Paz,GASOLINA ESPECIAL + (S/DSI),18000.0,L,ESTACION DE SERVICIO C. REDENTOR S.R.L.,306-ERY,Gasolina Especial +,GASOLINA_ESPECIAL_MAS,,2026-09-21T22:04:11.680000+00:00,
2026-09-21,2026-09-21,True,False,Distrito Comercial La Paz,DIESEL OIL NACIONAL EESS,24000.0,L,EST. SERV. GUANAY,3613-ALF,Diesel Oil Nacional,DIESEL_NACIONAL,,2026-09-21T22:01:48.530000+00:00,
2026-09-21,2026-09-21,True,False,Distrito Comercial La Paz,GASOLINA ESPECIAL + (S/DSI),18000.0,L,ESTACION DE SERVICIO ZOFRI S.R.L.,1397-CTU,Gasolina Especial +,GASOLINA_ESPECIAL_MAS,,2026-09-21T21:44:41.987000+00:00,
2026-09-21,2026-09-21,True,False,Distrito Comercial La Paz,GASOLINA ESPECIAL + (S/DSI),12000.0,L,EST. SERV. SIEMPRE A FULL MIRAFLORES S.R.L. (SAF),1502-ZDB,Gasolina Especial +,GASOLINA_ESPECIAL_MAS,,2026-09-21T21:30:47.397000+00:00,
2026-09-21,2026-09-21,True,False,Distrito Comercial La Paz,DIESEL OIL IMPORTADO EESS,12000.0,L,EST. SERV. SIEMPRE A FULL MIRAFLORES S.R.L. (SAF),1502-ZDB,Diesel Oil Importado,DIESEL_IMPORTADO,,2026-09-21T21:30:47.397000+00:00,
2026-09-21,2026-09-21,True,False,Distrito Comercial La Paz,GASOLINA ESPECIAL + (S/DSI),24000.0,L,EST. SERV. ACB CALACOTO,839-EUS,Gasolina Especial +,GASOLINA_ESPECIAL_MAS,,2026-09-21T21:05:41.253000+00:00,
2026-09-21,2026-09-19,True,True,Distrito Comercial La Paz,GASOLINA ESPECIAL + EESS,22000.0,L,EST. SERV. FLOR DE CAÑA S.R.L.,663-APT,Gasolina Especial +,GASOLINA_ESPECIAL_MAS,,2026-09-21T21:48:20.640000+00:00,
2026-09-21,2026-09-19,True,True,Distrito Comercial La Paz,DIESEL OIL NACIONAL EESS,12000.0,L,RACING GAS S.R.L. (SUC-1),1408-ILP,Diesel Oil Nacional,DIESEL_NACIONAL,,2026-09-21T21:35:15.437000+00:00,
2026-09-21,2026-09-21,True,False,Distrito Comercial La Paz,DIESEL OIL IMPORTADO EESS,24000.0,L,EST. SERV. PLAYA VERDE,1089-ZGC 1,Diesel Oil Importado,DIESEL_IMPORTADO,,2026-09-21T21:14:35.750000+00:00,
2026-09-21,2026-09-21,True,False,Distrito Comercial La Paz,DIESEL OIL NACIONAL EESS,12000.0,L,EST. SERV. BATALLAS S.R.L. ESBA S.R.L.,629-DXB,Diesel Oil Nacional,DIESEL_NACIONAL,,2026-09-21T21:11:00.843000+00:00,
2026-09-21,2026-09-21,True,False,Distrito Comercial La Paz,DIESEL OIL IMPORTADO EESS,24000.0,L,EST. SERV. CHUSAMARCA,1062-UXD,Diesel Oil Importado,DIESEL_IMPORTADO,,2026-09-21T20:51:35.113000+00:00,
2026-09-21,2026-09-21,True,False,Distrito Comercial La Paz,DIESEL OIL NACIONAL EESS,24000.0,L,MARIO ALVAREZ M. EST. SERV. ALVAPETROL,2485-IHX,Diesel Oil Nacional,DIESEL_NACIONAL,,2026-09-21T20:32:29.190000+00:00,
2026-09-21,2026-09-21,True,False,Distrito Comercial La Paz,DIESEL OIL IMPORTADO EESS,12000.0,L,ESTACION DE SERVICIO SEÑOR DE MAYO S.R.L.,3047-YNG,Diesel Oil Importado,DIESEL_IMPORTADO,,2026-09-21T20:02:34.037000+00:00,
2026-09-21,2026-09-21,True,False,Distrito Comercial La Paz,DIESEL OIL IMPORTADO EESS,18000.0,L,EST. SERV. VOLCAN S.R.L.,5274-GHT,Diesel Oil Importado,DIESEL_IMPORTADO,,2026-09-21T19:28:38.280000+00:00,
2026-09-21,2026-09-21,True,False,Distrito Comercial La Paz,GLP DISTRIB. 10 KILOS NAL,9000.0,L,EMPRESA DISTRIBUIDORA DE GAS LICUADO GLP LOS NIETOS S.R.L,364-UHS,GLP,GLP,,,
2026-09-21,2026-09-21,True,False,Distrito Comercial La Paz,GLP DISTRIB. 10 KILOS NAL,3000.0,L,DIST. GLP. VIAGAS,1773-FUH,GLP,GLP,,,
2026-09-21,2026-09-21,True,False,Distrito Comercial La Paz,GLP DISTRIB. 10 KILOS NAL,7500.0,L,DIST. GLP SORATA PERLA ANDINA S.R.L.,3158-DDF,GLP,GLP,,,
2026-09-21,2026-09-21,True,False,Distrito Comercial La Paz,GLP DISTRIB. 10 KILOS NAL,9000.0,L,SANDRA CALLIZAYA CH. - DIST. GLP OMASUYOS,2154-HFF,GLP,GLP,,,
2026-09-21,2026-09-21,True,False,Distrito Comercial La Paz,GLP DISTRIB. 10 KILOS NAL,8750.0,L,DIST. GLP. LA CALZADA-SUD YUNGAS,1340-USK,GLP,GLP,,,
2026-09-21,2026-09-21,True,False,Distrito Comercial La Paz,GASOLINA ESPECIAL + (S/DSI),24000.0,L,GRUPO EMPRESARIAL VIRGEN DE LOS ALAMOS S.R.L.,4831-ETU,Gasolina Especial +,GASOLINA_ESPECIAL_MAS,,2026-09-21T18:51:08.557000+00:00,
2026-09-21,2026-09-21,True,False,Distrito Comercial La Paz,GASOLINA ESPECIAL + EESS,24000.0,L,MARIO ALVAREZ M. EST. SERV. ALVAPETROL,3061-LXN,Gasolina Especial +,GASOLINA_ESPECIAL_MAS,,2026-09-21T18:47:27.330000+00:00,
2026-09-21,2026-09-21,True,False,Distrito Comercial La Paz,GLP DISTRIB. 10 KILOS NAL,9000.0,L,DISTRIBUIDORA DE GLP SAN FRANCISCO -LUCIANO SILLO CONDORI S.R.L.,5720-CUY,GLP,GLP,,,
2026-09-21,2026-09-21,True,False,Distrito Comercial La Paz,GASOLINA ESPECIAL + (S/DSI),24000.0,L,EST. SERV. PLAYA VERDE,1157-UUL,Gasolina Especial +,GASOLINA_ESPECIAL_MAS,,2026-09-21T18:18:20.723000+00:00,
2026-09-21,2026-09-21,True,False,Distrito Comercial La Paz,GASOLINA ESPECIAL + (S/DSI),24000.0,L,EST. SERV. CHASQUIPAMPA S.R.L.,3030-TPF,Gasolina Especial +,GASOLINA_ESPECIAL_MAS,,2026-09-21T18:14:40.527000+00:00,
2026-09-21,2026-09-21,True,False,Distrito Comercial La Paz,GASOLINA ESPECIAL + (S/DSI),24000.0,L,EST. SERV. ILLIMANI S.R.L.,564-CNY,Gasolina Especial +,GASOLINA_ESPECIAL_MAS,,2026-09-21T18:11:07.387000+00:00,
2026-09-21,2026-09-21,True,False,Distrito Comercial La Paz,GASOLINA ESPECIAL + (S/DSI),24000.0,L,ELDA S. AGUILAR V. - EST. SERV. JUAN PABLO II,4457-NRI,Gasolina Especial +,GASOLINA_ESPECIAL_MAS,,2026-09-21T18:03:32.490000+00:00,
2026-09-21,2026-09-21,True,False,Distrito Comercial La Paz,GASOLINA ESPECIAL + (S/DSI),17500.0,L,ESTACION DE SERVICIO SAN SEBASTIAN S.R.L.,2537-TEG,Gasolina Especial +,GASOLINA_ESPECIAL_MAS,,2026-09-21T18:00:26.187000+00:00,
2026-09-21,2026-09-21,True,False,Distrito Comercial La Paz,GLP DISTRIB. 10 KILOS NAL,6750.0,L,DIST. GLP. ESMERALDA GAS SRL.,2124-NIL,GLP,GLP,,,
2026-09-21,2026-09-18,True,True,Distrito Comercial La Paz,GLP DISTRIB. 10 KILOS NAL,9000.0,L,DIST. GLP PALOS BLANCOS - SDENKA PEREZ LARICO,3072-FSR,GLP,GLP,,,
2026-09-21,2026-09-21,True,False,Distrito Comercial La Paz,DIESEL OIL NACIONAL EESS,24000.0,L,ESTACION DE SERVICIO PARAISO TROPICAL,1624-NCG,Diesel Oil Nacional,DIESEL_NACIONAL,,2026-09-21T18:41:14.480000+00:00,
2026-09-21,2026-09-21,True,False,Distrito Comercial La Paz,GLP DISTRIB. 10 KILOS NAL,8500.0,L,DIST. GLP. COPACABANA GAS LTDA.,1126-LYS,GLP,GLP,,,
2026-09-21,2026-09-21,True,False,Distrito Comercial La Paz,GLP DISTRIB. 10 KILOS NAL,9000.0,L,DIST. GLP FLOR DEL NORTE S.R.L.,2926-PEY,GLP,GLP,,,
2026-09-21,2026-09-21,True,False,Distrito Comercial La Paz,GLP DISTRIB. 10 KILOS NAL,7000.0,L,DIST. GLP ANGELES,1463-SKT,GLP,GLP,,,
2026-09-21,2026-09-21,True,False,Distrito Comercial La Paz,GLP DISTRIB. 10 KILOS NAL,5940.0,L,GMGRECO GAS SOCIEDAD DE RESPONSABILIDAD LIMITADA,497-ILK,GLP,GLP,,,
2026-09-21,2026-09-21,True,False,Distrito Comercial La Paz,DIESEL OIL IMPORTADO EESS,24000.0,L,EST. SERV. APOSTOL SANTIAGO,1487-RYN,Diesel Oil Importado,DIESEL_IMPORTADO,,2026-09-21T18:22:32.513000+00:00,
2026-09-21,2026-09-21,True,False,Distrito Comercial La Paz,DIESEL OIL NACIONAL EESS,24000.0,L,EST. SERV. ADALUZ PETROL,1183-LPL-1,Diesel Oil Nacional,DIESEL_NACIONAL,,2026-09-21T18:07:15.570000+00:00,
2026-09-21,2026-09-21,True,False,Distrito Comercial La Paz,DIESEL OIL IMPORTADO EESS,12000.0,L,ESTACION DE SERVICIO SAN SEBASTIAN S.R.L.,2537-TEG,Diesel Oil Importado,DIESEL_IMPORTADO,,2026-09-21T18:00:26.187000+00:00,
2026-09-22,2026-09-21,True,True,Distrito Comercial La Paz,GASOLINA ESPECIAL + (S/DSI),12000.0,L,EST. SERV. ACB CALACOTO,839-EUS,Gasolina Especial +,GASOLINA_ESPECIAL_MAS,,2026-09-22T16:17:18.933000+00:00,
2026-09-22,2026-09-22,True,False,Distrito Comercial La Paz,DIESEL OIL IMPORTADO EESS,20000.0,L,EST. SERV. QHANTATI SRL.,1600-HIP,Diesel Oil Importado,DIESEL_IMPORTADO,,2026-09-22T16:14:45.510000+00:00,
2026-09-22,2026-09-22,True,False,Distrito Comercial La Paz,GASOLINA ESPECIAL + (S/DSI),18000.0,L,ELSA CHIPANA H. - EST. SERV. ECOPETROL,829-XPG,Gasolina Especial +,GASOLINA_ESPECIAL_MAS,,2026-09-22T16:12:12.337000+00:00,
2026-09-22,2026-09-22,True,False,Distrito Comercial La Paz,DIESEL OIL IMPORTADO EESS,12000.0,L,GREGORIO CUENTAS M. EST. SERV. DRAGON DE ORO,500-FYX,Diesel Oil Importado,DIESEL_IMPORTADO,,2026-09-22T16:10:01.507000+00:00,
2026-09-22,2026-09-22,True,False,Distrito Comercial La Paz,DIESEL OIL IMPORTADO EESS,12000.0,L,ESTACION DE SERVICIO LOZA - MARCELINA AGUIRRE VDA. DE LOZA,619-HFX,Diesel Oil Importado,DIESEL_IMPORTADO,,2026-09-22T16:00:32.650000+00:00,
2026-09-22,2026-09-22,True,False,Distrito Comercial La Paz,GLP DISTRIB. 10 KILOS NAL,9000.0,L,EMPRESA DISTRIBUIDORA DE GAS LICUADO GLP LOS NIETOS S.R.L,1546-PCX,GLP,GLP,,,
2026-09-22,2026-09-21,True,True,Distrito Comercial La Paz,GLP DISTRIB. 10 KILOS NAL,9000.0,L,DIST. GLP FLOR DEL NORTE S.R.L.,1248-LFL,GLP,GLP,,,
2026-09-22,2026-09-22,True,False,Distrito Comercial La Paz,DIESEL OIL NACIONAL EESS,20000.0,L,ESTACION DE SERVICIO TOLAR S.R.L.,5632-ZYE,Diesel Oil Nacional,DIESEL_NACIONAL,,2026-09-22T15:55:23.690000+00:00,
2026-09-22,2026-09-22,True,False,Distrito Comercial La Paz,DIESEL OIL IMPORTADO EESS,17500.0,L,ESTACION DE SERVICIO SAN SEBASTIAN S.R.L.,2537-TEG,Diesel Oil Importado,DIESEL_IMPORTADO,,2026-09-22T15:53:41.797000+00:00,
2026-09-22,2026-09-22,True,False,Distrito Comercial La Paz,DIESEL OIL IMPORTADO EESS,12000.0,L,EST. SERV. EDUARDO YUPANQUI,1156-PGH 1,Diesel Oil Importado,DIESEL_IMPORTADO,,2026-09-22T15:42:13.313000+00:00,
2026-09-22,2026-09-22,True,False,Distrito Comercial La Paz,DIESEL OIL IMPORTADO EESS,12000.0,L,ZURSIL S.R.L. - E.S.T.,1604-NBE,Diesel Oil Importado,DIESEL_IMPORTADO,,2026-09-22T15:32:49.173000+00:00,
2026-09-22,2026-09-22,True,False,Distrito Comercial La Paz,GASOLINA ESPECIAL + (S/DSI),24000.0,L,EST. SERV. M&G CAMINO REAL,2801-XUD,Gasolina Especial +,GASOLINA_ESPECIAL_MAS,,2026-09-22T15:30:11.227000+00:00,
2026-09-22,2026-09-22,True,False,Distrito Comercial La Paz,GASOLINA ESPECIAL + (S/DSI),20000.0,L,EST. SERV. ACB SAN JORGE,1853-KTP,Gasolina Especial +,GASOLINA_ESPECIAL_MAS,,2026-09-22T15:27:46.130000+00:00,
2026-09-22,2026-09-22,True,False,Distrito Comercial La Paz,DIESEL OIL IMPORTADO EESS,24000.0,L,EST. SERV. LAREDO SRL,419-LCF,Diesel Oil Importado,DIESEL_IMPORTADO,,2026-09-22T15:19:19.803000+00:00,
2026-09-22,2026-09-22,True,False,Distrito Comercial La Paz,DIESEL OIL IMPORTADO EESS,20000.0,L,EST. SERV. CHUSAMARCA,1401-ICT,Diesel Oil Importado,DIESEL_IMPORTADO,,2026-09-22T15:12:55.873000+00:00,
2026-09-22,2026-09-22,True,False,Distrito Comercial La Paz,DIESEL OIL IMPORTADO EESS,20000.0,L,EST. SERV. CUENTAS SAN PABLO II S.R.L.,1189-EHP,Diesel Oil Importado,DIESEL_IMPORTADO,,2026-09-22T15:09:37.050000+00:00,
2026-09-22,2026-09-22,True,False,Distrito Comercial La Paz,DIESEL OIL IMPORTADO EESS,18000.0,L,ESTACION DE SERVICIO TERRAGAS LTDA,5361-TUF,Diesel Oil Importado,DIESEL_IMPORTADO,,2026-09-22T14:59:06.487000+00:00,
2026-09-22,2026-09-22,True,False,Distrito Comercial La Paz,GLP DISTRIB. 10 KILOS NAL,6480.0,L,DIST. GLP. VIAGAS,162-ZAS,GLP,GLP,,,
2026-09-22,2026-09-22,True,False,Distrito Comercial La Paz,GLP DISTRIB. 10 KILOS NAL,6630.0,L,GMGRECO GAS SOCIEDAD DE RESPONSABILIDAD LIMITADA,921-NLX,GLP,GLP,,,
2026-09-22,2026-09-21,True,True,Distrito Comercial La Paz,GLP DISTRIB. 10 KILOS NAL,5940.0,L,GMGRECO GAS SOCIEDAD DE RESPONSABILIDAD LIMITADA,497-ILK,GLP,GLP,,,
2026-09-22,2026-09-22,True,False,Distrito Comercial La Paz,DIESEL OIL IMPORTADO EESS,12000.0,L,MARIA PATZI-EST. SERV. VARELA,2352-NHH,Diesel Oil Importado,DIESEL_IMPORTADO,,2026-09-22T14:47:51.387000+00:00,
2026-09-22,2026-09-22,True,False,Distrito Comercial La Paz,GASOLINA ESPECIAL + (S/DSI),24000.0,L,EST. SERV. SOC. IND. COM. G.L.P.H. LTDA,671-SUX,Gasolina Especial +,GASOLINA_ESPECIAL_MAS,,2026-09-22T14:42:37.973000+00:00,
2026-09-22,2026-09-22,True,False,Distrito Comercial La Paz,GASOLINA ESPECIAL + (S/DSI),24000.0,L,EST. SERV. SALIDA LTDA,2701-TZH,Gasolina Especial +,GASOLINA_ESPECIAL_MAS,,2026-09-22T14:38:18.863000+00:00,
2026-09-22,2026-09-22,True,False,Distrito Comercial La Paz,GLP DISTRIB. 10 KILOS NAL,6630.0,L,SAN JUDAS TADEO SOCIEDAD DE RESPONSABILIDAD LIMITADA,091-FDH,GLP,GLP,,,
2026-09-22,2026-09-22,True,False,Distrito Comercial La Paz,GLP DISTRIB. 45 KILOS NAL,2700.0,L,SAN JUDAS TADEO SOCIEDAD DE RESPONSABILIDAD LIMITADA,5609-PHF,GLP,GLP,,,
2026-09-22,2026-09-22,True,False,Distrito Comercial La Paz,GLP DISTRIB. 10 KILOS NAL,6630.0,L,DIST. GLP. VIAGAS,302-TIF,GLP,GLP,,,
2026-09-22,2026-09-22,True,False,Distrito Comercial La Paz,GLP DISTRIB. 10 KILOS NAL,6210.0,L,DIST. GLP. VIAGAS,1255-KZB,GLP,GLP,,,
2026-09-22,2026-09-22,True,False,Distrito Comercial La Paz,GLP DISTRIB. 10 KILOS NAL,3500.0,L,DIST. GLP ANGELES,986-UIL,GLP,GLP,,,
2026-09-22,2026-09-22,True,False,Distrito Comercial La Paz,GLP DISTRIB. 10 KILOS NAL,6750.0,L,A.A.V.V. GAS S.R.L.,334-ZRI,GLP,GLP,,,
2026-09-22,2026-09-22,True,False,Distrito Comercial La Paz,GLP DISTRIB. 45 KILOS NAL,1800.0,L,A.A.V.V. GAS S.R.L.,4994-PHC,GLP,GLP,,,
2026-09-22,2026-09-22,True,False,Distrito Comercial La Paz,GLP DISTRIB. 10 KILOS NAL,6090.0,L,DIST. GLP. SOCIEDAD PETROLERA SANTA ELENA S.R.L. (SOPESE S.R.L.),3592-GZF,GLP,GLP,,,
2026-09-22,2026-09-22,True,False,Distrito Comercial La Paz,GLP DISTRIB. 10 KILOS NAL,6210.0,L,DIST. GLP. SOCIEDAD PETROLERA SANTA ELENA S.R.L. (SOPESE S.R.L.),085-IKK,GLP,GLP,,,
2026-09-22,2026-09-22,True,False,Distrito Comercial La Paz,GLP DISTRIB. 10 KILOS NAL,6630.0,L,DIST. GLP. TRIPETROL S.R.L.,444-KPH,GLP,GLP,,,
2026-09-22,2026-09-22,True,False,Distrito Comercial La Paz,GLP DISTRIB. 10 KILOS NAL,5580.0,L,DIST. GLP. TRIPETROL S.R.L.,1049-GCX,GLP,GLP,,,
2026-09-22,2026-09-22,True,False,Distrito Comercial La Paz,GLP DISTRIB. 10 KILOS NAL,5940.0,L,DIST. GLP. PROGAS S.R.L.,066-ASF,GLP,GLP,,,
2026-09-22,2026-09-22,True,False,Distrito Comercial La Paz,GLP DISTRIB. 10 KILOS NAL,5940.0,L,DIST. GLP. TRIPETROL S.R.L.,479-IPN,GLP,GLP,,,
2026-09-22,2026-09-22,True,False,Distrito Comercial La Paz,GLP DISTRIB. 45 KILOS NAL,1800.0,L,DIST. GLP. PROGAS S.R.L.,4067-YRP,GLP,GLP,,,
2026-09-22,2026-09-22,True,False,Distrito Comercial La Paz,GLP DISTRIB. 10 KILOS NAL,6360.0,L,DIST. GLP. PROGAS S.R.L.,932-TGG,GLP,GLP,,,
2026-09-22,2026-09-22,True,False,Distrito Comercial La Paz,GLP DISTRIB. 10 KILOS NAL,6630.0,L,DIST. GLP. PROGAS S.R.L.,303-CTB,GLP,GLP,,,
2026-09-22,2026-09-22,True,False,Distrito Comercial La Paz,GLP DISTRIB. 10 KILOS NAL,6750.0,L,DIST. GLP. PROGAS S.R.L.,081-CEX,GLP,GLP,,,
2026-09-22,2026-09-22,True,False,Distrito Comercial La Paz,GLP DISTRIB. 45 KILOS NAL,2250.0,L,DIST. GLP. ESMERALDA GAS SRL.,2821-LXX,GLP,GLP,,,
2026-09-22,2026-09-22,True,False,Distrito Comercial La Paz,GLP DISTRIB. 10 KILOS NAL,6900.0,L,DIST. GLP. ESMERALDA GAS SRL.,924-ZFP,GLP,GLP,,,
2026-09-22,2026-09-22,True,False,Distrito Comercial La Paz,GLP DISTRIB. 10 KILOS NAL,6210.0,L,DIST. GLP. ESMERALDA GAS SRL.,801-NIK,GLP,GLP,,,
2026-09-22,2026-09-22,True,False,Distrito Comercial La Paz,GLP DISTRIB. 10 KILOS NAL,6750.0,L,DIST. GLP. ESMERALDA GAS SRL.,2124-NIL,GLP,GLP,,,
2026-09-22,2026-09-22,True,False,Distrito Comercial La Paz,GLP DISTRIB. 10 KILOS NAL,8840.0,L,DIST. GLP. SAN MIGUEL,2285-KYH,GLP,GLP,,,
2026-09-22,2026-09-22,True,False,Distrito Comercial La Paz,GLP DISTRIB. 10 KILOS NAL,6750.0,L,DIST. GLP. SAMO S.A.,467-SRU,GLP,GLP,,,
2026-09-22,2026-09-22,True,False,Distrito Comercial La Paz,GLP DISTRIB. 10 KILOS NAL,6900.0,L,DIST. GLP. SAMO S.A.,1311-BND,GLP,GLP,,,
2026-09-22,2026-09-22,True,False,Distrito Comercial La Paz,GLP DISTRIB. 10 KILOS NAL,6630.0,L,DIST. GLP. SAMO S.A.,480-CIT,GLP,GLP,,,
2026-09-22,2026-09-22,True,False,Distrito Comercial La Paz,GLP DISTRIB. 45 KILOS NAL,4500.0,L,DIST. GLP. SAMO S.A.,1182-IYA,GLP,GLP,,,
2026-09-22,2026-09-22,True,False,Distrito Comercial La Paz,GLP DISTRIB. 10 KILOS NAL,6750.0,L,ISABEL DURAN DE ITURRI - DIST. GLP DURA GAS,820-EEB,GLP,GLP,,,
2026-09-22,2026-09-22,True,False,Distrito Comercial La Paz,GLP DISTRIB. 10 KILOS NAL,6630.0,L,ISABEL DURAN DE ITURRI - DIST. GLP DURA GAS,659-INT,GLP,GLP,,,
2026-09-22,2026-09-21,True,True,Distrito Comercial La Paz,GLP DISTRIB. 10 KILOS NAL,6900.0,L,SAN JUDAS TADEO SOCIEDAD DE RESPONSABILIDAD LIMITADA,795-CZG,GLP,GLP,,,
2026-09-22,2026-09-21,True,True,Distrito Comercial La Paz,GLP DISTRIB. 10 KILOS NAL,6750.0,L,A.A.V.V. GAS S.R.L.,129-BSR,GLP,GLP,,,
2026-09-22,2026-09-21,True,True,Distrito Comercial La Paz,GLP DISTRIB. 10 KILOS NAL,8840.0,L,DISTRIBUIDORA DE GAS LICUADO ALEJANDRA S.R.L.,2812-HKH,GLP,GLP,,,
2026-09-22,2026-09-21,True,True,Distrito Comercial La Paz,GLP DISTRIB. 10 KILOS NAL,900.0,L,DIST. GLP. TRIPETROL S.R.L.,1049-GCX,GLP,GLP,,,
2026-09-22,2026-09-22,True,False,Distrito Comercial La Paz,GASOLINA ESPECIAL + (S/DSI),24000.0,L,EST. SERV. LUBRICAN SRL,2714-SNP,Gasolina Especial +,GASOLINA_ESPECIAL_MAS,,2026-09-22T14:15:42.213000+00:00,
2026-09-22,2026-09-22,True,False,Distrito Comercial La Paz,GASOLINA ESPECIAL + (S/DSI),20000.0,L,ESTACION DE SERVICIO TEJADA TRIANGULAR,1792-TSD,Gasolina Especial +,GASOLINA_ESPECIAL_MAS,,2026-09-22T14:13:07.660000+00:00,
2026-09-22,2026-09-22,True,False,Distrito Comercial La Paz,GASOLINA ESPECIAL + (S/DSI),24000.0,L,EST. SERV. QHANTATI SRL.,815-XSR,Gasolina Especial +,GASOLINA_ESPECIAL_MAS,,2026-09-22T14:02:12.767000+00:00,
2026-09-22,2026-09-22,True,False,Distrito Comercial La Paz,GASOLINA ESPECIAL + (S/DSI),20000.0,L,EST. SERV. SAN PABLO VILLA BOLIVAR S.R.L.,496-HSR,Gasolina Especial +,GASOLINA_ESPECIAL_MAS,,2026-09-22T13:41:13.180000+00:00,
2026-09-22,2026-09-22,True,False,Distrito Comercial La Paz,GASOLINA ESPECIAL + (S/DSI),24000.0,L,GREGORIO CUENTAS M. EST. SERV. DRAGON DE ORO,500-FYX,Gasolina Especial +,GASOLINA_ESPECIAL_MAS,,2026-09-22T13:39:13.547000+00:00,
2026-09-22,2026-09-22,True,False,Distrito Comercial La Paz,GASOLINA ESPECIAL + (S/DSI),18000.0,L,ZURSIL S.R.L. - E.S.T.,542-PSF,Gasolina Especial +,GASOLINA_ESPECIAL_MAS,,2026-09-22T13:31:34.123000+00:00,
2026-09-22,2026-09-22,True,False,Distrito Comercial La Paz,GASOLINA ESPECIAL + (S/DSI),20000.0,L,ESTACION DE SERVICIO CALUYO S.R.L.,2315-AFR,Gasolina Especial +,GASOLINA_ESPECIAL_MAS,,2026-09-22T13:17:30.070000+00:00,
2026-09-22,2026-09-22,True,False,Distrito Comercial La Paz,GASOLINA ESPECIAL + (S/DSI),18000.0,L,EST. SERV. LAREDO SRL,1600-HIP,Gasolina Especial +,GASOLINA_ESPECIAL_MAS,,2026-09-22T13:13:29.737000+00:00,
2026-09-22,2026-09-22,True,False,Distrito Comercial La Paz,GASOLINA ESPECIAL + (S/DSI),20000.0,L,ESTACION DE SERVICIO SEÑOR DE MAYO S.R.L.,551-HEL,Gasolina Especial +,GASOLINA_ESPECIAL_MAS,,2026-09-22T13:08:00.847000+00:00,
2026-09-22,2026-09-22,True,False,Distrito Comercial La Paz,GASOLINA ESPECIAL + (S/DSI),24000.0,L,EST. SERV. CHALY,3614-LTY,Gasolina Especial +,GASOLINA_ESPECIAL_MAS,,2026-09-22T13:03:00.373000+00:00,
2026-09-22,2026-09-21,True,True,Distrito Comercial La Paz,DIESEL OIL IMPORTADO EESS,24000.0,L,EST. SERV. CANDELARIA,1062-UXD,Diesel Oil Importado,DIESEL_IMPORTADO,,2026-09-22T10:37:20.083000+00:00,
2026-09-22,2026-09-21,True,True,Distrito Comercial La Paz,DIESEL OIL IMPORTADO EESS,12000.0,L,EST. SERV. PLAYA VERDE,1157-UUL,Diesel Oil Importado,DIESEL_IMPORTADO,,2026-09-22T10:28:04.280000+00:00,
2026-09-22,2026-09-22,True,False,Distrito Comercial La Paz,GASOLINA ESPECIAL + (S/DSI),18000.0,L,ESTACION DE SERVICIO SAN SEBASTIAN S.R.L.,2537-TEG,Gasolina Especial +,GASOLINA_ESPECIAL_MAS,,2026-09-22T11:57:01.893000+00:00,
2026-09-22,2026-09-22,True,False,Distrito Comercial La Paz,GASOLINA ESPECIAL + (S/DSI),18000.0,L,ESTACION DE SERVICIO C. REDENTOR S.R.L.,306-ERY,Gasolina Especial +,GASOLINA_ESPECIAL_MAS,,2026-09-22T11:50:37.953000+00:00,
2026-09-22,2026-09-22,True,False,Distrito Comercial La Paz,GASOLINA ESPECIAL + (S/DSI),20000.0,L,EST. SERV. ILLIMANI S.R.L.,564-CNY,Gasolina Especial +,GASOLINA_ESPECIAL_MAS,,2026-09-22T11:47:11.453000+00:00,
2026-09-22,2026-09-22,True,False,Distrito Comercial La Paz,GASOLINA ESPECIAL + (S/DSI),24000.0,L,EST. SERV. ESUR GHS LTDA.,667-TPB,Gasolina Especial +,GASOLINA_ESPECIAL_MAS,,2026-09-22T11:29:05.543000+00:00,
2026-09-22,2026-09-22,True,False,Distrito Comercial La Paz,GASOLINA ESPECIAL + (S/DSI),24000.0,L,EST. SERV. JAIMES FREYRE,1118-KLR,Gasolina Especial +,GASOLINA_ESPECIAL_MAS,,2026-09-22T11:18:44.773000+00:00,
2026-09-22,2026-09-22,True,False,Distrito Comercial La Paz,GASOLINA ESPECIAL + (S/DSI),24000.0,L,EST. SERV. CHASQUIPAMPA S.R.L.,3030-TPF,Gasolina Especial +,GASOLINA_ESPECIAL_MAS,,2026-09-22T11:13:52.143000+00:00,
2026-09-22,2026-09-21,True,True,Distrito Comercial La Paz,DIESEL OIL IMPORTADO EESS,12000.0,L,MARIA PATZI-EST. SERV. VARELA,2352-NHH,Diesel Oil Importado,DIESEL_IMPORTADO,,2026-09-22T10:35:29.367000+00:00,
2026-09-22,2026-09-19,True,True,Distrito Comercial La Paz,DIESEL OIL IMPORTADO EESS,16000.0,L,EST. SERV. INTEROCEANICO,1326-NDS,Diesel Oil Importado,DIESEL_IMPORTADO,,2026-09-22T11:00:55.460000+00:00,
2026-09-22,2026-09-22,True,False,Distrito Comercial La Paz,GASOLINA ESPECIAL + (S/DSI),24000.0,L,DISTRIBUIDORA DE GASOLINA Y LUBRICANTES SAN PABLO S.R.L.,632-RIB,Gasolina Especial +,GASOLINA_ESPECIAL_MAS,,2026-09-22T12:50:19.850000+00:00,
2026-09-22,2026-09-22,True,False,Distrito Comercial La Paz,GASOLINA ESPECIAL + (S/DSI),24000.0,L,EST. SERV. CRISTO AUTO GAS SRL.,2201-IRF,Gasolina Especial +,GASOLINA_ESPECIAL_MAS,,2026-09-22T12:13:05.957000+00:00,
2026-09-22,2026-09-22,True,False,Distrito Comercial La Paz,GASOLINA ESPECIAL + (S/DSI),12000.0,L,ESTACIÓN DE SERVICIO ALIMARC INTER GAS BOLIVIA S.R.L.,547-CKT,Gasolina Especial +,GASOLINA_ESPECIAL_MAS,,2026-09-22T12:05:12.623000+00:00,
2026-09-22,2026-09-22,True,False,Distrito Comercial La Paz,GASOLINA ESPECIAL + EESS,22000.0,L,EST. SERV. CRUCE LURIBAY S.R.L.,375-YZN,Gasolina Especial +,GASOLINA_ESPECIAL_MAS,,2026-09-23T03:22:54.840000+00:00,
2026-09-22,2026-09-22,True,False,Distrito Comercial La Paz,GASOLINA ESPECIAL + (S/DSI),12000.0,L,EST. SERV. BOLIVIA ZURSIL S.R.L.,478-KEA,Gasolina Especial +,GASOLINA_ESPECIAL_MAS,,2026-09-23T02:57:09.700000+00:00,
2026-09-22,2026-09-22,True,False,Distrito Comercial La Paz,DIESEL OIL IMPORTADO EESS,12000.0,L,EST. SERV. BOLIVIA ZURSIL S.R.L.,478-KEA,Diesel Oil Importado,DIESEL_IMPORTADO,,2026-09-23T02:57:09.700000+00:00,
2026-09-22,2026-09-22,True,False,Distrito Comercial La Paz,GASOLINA ESPECIAL + EESS,22000.0,L,SANTA ROSA PERLA DEL BENI S.R.L.,330-PTX,Gasolina Especial +,GASOLINA_ESPECIAL_MAS,,2026-09-23T02:56:34.117000+00:00,
2026-09-22,2026-09-22,True,False,Distrito Comercial La Paz,GASOLINA ESPECIAL + EESS,22000.0,L,ESTACION DE SERVICIO TEOPONTE S.R.L.,2160-RXK,Gasolina Especial +,GASOLINA_ESPECIAL_MAS,,2026-09-23T02:47:51.697000+00:00,
2026-09-22,2026-09-22,True,False,Distrito Comercial La Paz,GASOLINA ESPECIAL + (S/DSI),24000.0,L,ESTACION DE SERVICIO CHALLAPAMPA S.R.L.,2337-CKC,Gasolina Especial +,GASOLINA_ESPECIAL_MAS,,2026-09-23T02:31:22.247000+00:00,
2026-09-22,2026-09-22,True,False,Distrito Comercial La Paz,GASOLINA ESPECIAL + CF,11000.0,L,FADERPA LTDA.,1149-ZND,Gasolina Especial +,GASOLINA_ESPECIAL_MAS,,2026-09-23T02:14:03.463000+00:00,
2026-09-22,2026-09-22,True,False,Distrito Comercial La Paz,GASOLINA ESPECIAL + (S/DSI),24000.0,L,EST. SERV. COSTANERA SRL.,551-NCI,Gasolina Especial +,GASOLINA_ESPECIAL_MAS,,2026-09-23T01:59:41.327000+00:00,
2026-09-22,2026-09-22,True,False,Distrito Comercial La Paz,GASOLINA ESPECIAL + (S/DSI),24000.0,L,EST. SERV. ACB CALACOTO,839-EUS,Gasolina Especial +,GASOLINA_ESPECIAL_MAS,,2026-09-23T01:53:12.180000+00:00,
2026-09-22,2026-09-22,True,False,Distrito Comercial La Paz,GASOLINA ESPECIAL + (S/DSI),24000.0,L,EST. SERV. RACING GAS S.R.L.,320-BEC,Gasolina Especial +,GASOLINA_ESPECIAL_MAS,,2026-09-23T01:41:53.833000+00:00,
2026-09-22,2026-09-22,True,False,Distrito Comercial La Paz,GASOLINA ESPECIAL + (S/DSI),12000.0,L,ESTACION DE SERVICIO FULL TANK S.R.L.,801-GSD 1,Gasolina Especial +,GASOLINA_ESPECIAL_MAS,,2026-09-23T01:34:27.170000+00:00,
2026-09-22,2026-09-22,True,False,Distrito Comercial La Paz,GASOLINA ESPECIAL + (S/DSI),24000.0,L,ESTACION DE SERVICIO JACHA INTI S.R.L.,3441-LZN,Gasolina Especial +,GASOLINA_ESPECIAL_MAS,,2026-09-23T01:24:14.557000+00:00,
2026-09-22,2026-09-22,True,False,Distrito Comercial La Paz,GASOLINA ESPECIAL + (S/DSI),24000.0,L,EST. SERV. VOLCAN S.R.L.,3104-KDS,Gasolina Especial +,GASOLINA_ESPECIAL_MAS,,2026-09-23T01:14:25.570000+00:00,
2026-09-22,2026-09-22,True,False,Distrito Comercial La Paz,GASOLINA ESPECIAL + (S/DSI),24000.0,L,EST. SERV. PLAYA VERDE,1157-UUL,Gasolina Especial +,GASOLINA_ESPECIAL_MAS,,2026-09-23T01:09:10.877000+00:00,
2026-09-22,2026-09-22,True,False,Distrito Comercial La Paz,GASOLINA ESPECIAL + (S/DSI),24000.0,L,EST. SERV. BASSAM LTDA,5197-SFT,Gasolina Especial +,GASOLINA_ESPECIAL_MAS,,2026-09-23T00:44:25.060000+00:00,
2026-09-22,2026-09-22,True,False,Distrito Comercial La Paz,GASOLINA ESPECIAL + (S/DSI),24000.0,L,ESTACION DE SERVICIO LOZA - MARCELINA AGUIRRE VDA. DE LOZA,619-HFX,Gasolina Especial +,GASOLINA_ESPECIAL_MAS,,2026-09-23T00:38:49.290000+00:00,
2026-09-22,2026-09-22,True,False,Distrito Comercial La Paz,DIESEL OIL NACIONAL EESS,8000.0,L,GASOLINERA HUATAJATA S.R.L.,1768-PZN,Diesel Oil Nacional,DIESEL_NACIONAL,,2026-09-23T00:25:19.973000+00:00,
2026-09-22,2026-09-22,True,False,Distrito Comercial La Paz,GASOLINA ESPECIAL + EESS,24000.0,L,ESTACION DE SERVICIO PARAISO TROPICAL,2532-UDH,Gasolina Especial +,GASOLINA_ESPECIAL_MAS,,2026-09-23T00:13:29.717000+00:00,
2026-09-22,2026-09-22,True,False,Distrito Comercial La Paz,GASOLINA ESPECIAL + (S/DSI),12000.0,L,EST. SERV. SURTIDORES UNITOURS LTDA.,3091-NHK,Gasolina Especial +,GASOLINA_ESPECIAL_MAS,,2026-09-23T00:03:47.540000+00:00,
2026-09-22,2026-09-21,True,True,Distrito Comercial La Paz,DIESEL OIL IMPORTADO EESS,12000.0,L,EST. SERV. SURTIDORES UNITOURS LTDA.,3091-NHK,Diesel Oil Importado,DIESEL_IMPORTADO,,2026-09-23T00:03:47.540000+00:00,
2026-09-22,2026-09-22,True,False,Distrito Comercial La Paz,DIESEL OIL IMPORTADO EESS,22000.0,L,MARIANA J. CAMACHO RAMIREZ - PUESTO DE VENTA MIMARBOZO,1528-CKF,Diesel Oil Importado,DIESEL_IMPORTADO,,2026-09-22T23:56:12.710000+00:00,
2026-09-22,2026-09-22,True,False,Distrito Comercial La Paz,GASOLINA ESPECIAL + (S/DSI),20000.0,L,EST. SERV. INTEROCEANICO,1326-NDS,Gasolina Especial +,GASOLINA_ESPECIAL_MAS,,2026-09-22T23:45:02+00:00,
2026-09-22,2026-09-21,True,True,Distrito Comercial La Paz,GASOLINA ESPECIAL + (S/DSI),12000.0,L,EST. SERV. ESUR GHS LTDA.,667-TPB,Gasolina Especial +,GASOLINA_ESPECIAL_MAS,,2026-09-22T23:28:34.880000+00:00,
2026-09-22,2026-09-22,True,False,Distrito Comercial La Paz,DIESEL OIL IMPORTADO EESS,20000.0,L,EST. SERV. PEREZ ROCHA SRL.,4745-PTB,Diesel Oil Importado,DIESEL_IMPORTADO,,2026-09-22T23:20:50.143000+00:00,
2026-09-22,2026-09-22,True,False,Distrito Comercial La Paz,DIESEL OIL IMPORTADO EESS,12000.0,L,ESTACION DE SERVICIO LOS ROSALES,424-LDB,Diesel Oil Importado,DIESEL_IMPORTADO,,2026-09-22T23:17:04.917000+00:00,
2026-09-22,2026-09-22,True,False,Distrito Comercial La Paz,GASOLINA ESPECIAL + (S/DSI),12000.0,L,EST. SERV. CHUSAMARCA,3879-BHE,Gasolina Especial +,GASOLINA_ESPECIAL_MAS,,2026-09-22T23:10:05.223000+00:00,
2026-09-22,2026-09-19,True,True,Distrito Comercial La Paz,GASOLINA ESPECIAL + (S/DSI),12000.0,L,EST. SERV. CHUSAMARCA,3879-BHE,Gasolina Especial +,GASOLINA_ESPECIAL_MAS,,2026-09-22T23:10:05.223000+00:00,
2026-09-22,2026-09-22,True,False,Distrito Comercial La Paz,GASOLINA ESPECIAL + (S/DSI),24000.0,L,EST. SERV. MARANATHA,3135-UDX,Gasolina Especial +,GASOLINA_ESPECIAL_MAS,,2026-09-22T23:04:13.310000+00:00,
2026-09-22,2026-09-22,True,False,Distrito Comercial La Paz,GASOLINA ESPECIAL + EESS,22000.0,L,PANAMERICANA INTERNACIONAL S.R.L. PAINTER S.R.L.,5165-AKL,Gasolina Especial +,GASOLINA_ESPECIAL_MAS,,2026-09-22T23:02:08.553000+00:00,
2026-09-22,2026-09-22,True,False,Distrito Comercial La Paz,GASOLINA ESPECIAL + (S/DSI),24000.0,L,ESTACION DE SERVICIO KANTUTA S.R.L.,557-XEF,Gasolina Especial +,GASOLINA_ESPECIAL_MAS,,2026-09-22T22:43:16.547000+00:00,
2026-09-22,2026-09-21,True,True,Distrito Comercial La Paz,GASOLINA ESPECIAL + (S/DSI),24000.0,L,EST. SERV. JAIMES FREYRE,1118-KLR,Gasolina Especial +,GASOLINA_ESPECIAL_MAS,,2026-09-22T22:38:24.440000+00:00,
2026-09-22,2026-09-22,True,False,Distrito Comercial La Paz,GASOLINA ESPECIAL + (S/DSI),24000.0,L,EST. SERV. SIEMPRE A FULL MIRAFLORES S.R.L. (SAF),1502-ZDB,Gasolina Especial +,GASOLINA_ESPECIAL_MAS,,2026-09-22T22:31:50.860000+00:00,
2026-09-22,2026-09-22,True,False,Distrito Comercial La Paz,GASOLINA ESPECIAL + EESS,22000.0,L,EST. SERV. BATALLAS S.R.L. ESBA S.R.L.,629-DXB,Gasolina Especial +,GASOLINA_ESPECIAL_MAS,,2026-09-22T22:15:46.483000+00:00,
2026-09-22,2026-09-22,True,False,Distrito Comercial La Paz,DIESEL OIL IMPORTADO EESS,24000.0,L,EST. SERV. M&G CAMINO REAL,2801-XUD,Diesel Oil Importado,DIESEL_IMPORTADO,,2026-09-22T22:09:21.667000+00:00,
2026-09-22,2026-09-22,True,False,Distrito Comercial La Paz,GASOLINA ESPECIAL + (S/DSI),24000.0,L,EST. SERV. GAS-MAY S.R.L.,1704-ESB,Gasolina Especial +,GASOLINA_ESPECIAL_MAS,,2026-09-22T21:57:28.583000+00:00,
2026-09-22,2026-09-22,True,False,Distrito Comercial La Paz,GASOLINA ESPECIAL + (S/DSI),12000.0,L,ESTACION DE SERVICIO ZOFRI S.R.L.,1106-PCH,Gasolina Especial +,GASOLINA_ESPECIAL_MAS,,2026-09-22T21:55:03.257000+00:00,
2026-09-22,2026-09-22,True,False,Distrito Comercial La Paz,DIESEL OIL IMPORTADO EESS,20000.0,L,EST. SERV. BASSAM LTDA,5352-EER,Diesel Oil Importado,DIESEL_IMPORTADO,,2026-09-22T21:51:38.323000+00:00,
2026-09-22,2026-09-22,True,False,Distrito Comercial La Paz,DIESEL OIL NACIONAL EESS,24000.0,L,EST. SERV. SAN MIGUEL-IVAN L.,5738-FUL,Diesel Oil Nacional,DIESEL_NACIONAL,,2026-09-22T21:46:56.840000+00:00,
2026-09-22,2026-09-22,True,False,Distrito Comercial La Paz,GASOLINA ESPECIAL + (S/DSI),24000.0,L,EST. SERV. CARSUR S.R.L.,561-YKH,Gasolina Especial +,GASOLINA_ESPECIAL_MAS,,2026-09-22T21:33:06.230000+00:00,
2026-09-22,2026-09-22,True,False,Distrito Comercial La Paz,DIESEL OIL NACIONAL EESS,20000.0,L,EST. SERV. RIO MANIQUI - FATIMA FORERO B.,306-ESC,Diesel Oil Nacional,DIESEL_NACIONAL,,2026-09-22T21:29:30.640000+00:00,
2026-09-22,2026-09-22,True,False,Distrito Comercial La Paz,GASOLINA ESPECIAL + (S/DSI),24000.0,L,EST. SERV. CUENTAS SAN PABLO II S.R.L.,2097-PCX,Gasolina Especial +,GASOLINA_ESPECIAL_MAS,,2026-09-22T21:25:14.103000+00:00,
2026-09-22,2026-09-22,True,False,Distrito Comercial La Paz,DIESEL OIL IMPORTADO EESS,24000.0,L,EST. SERV. 6 DE MARZO,101-GEK,Diesel Oil Importado,DIESEL_IMPORTADO,,2026-09-22T21:05:28.647000+00:00,
2026-09-22,2026-09-22,True,False,Distrito Comercial La Paz,DIESEL OIL IMPORTADO EESS,20000.0,L,GAS SAN FELIPE S.R.L.,5602-HKS,Diesel Oil Importado,DIESEL_IMPORTADO,,2026-09-22T21:00:59.573000+00:00,
2026-09-22,2026-09-22,True,False,Distrito Comercial La Paz,GASOLINA ESPECIAL + (S/DSI),12000.0,L,EST. SERV. ALTO LIMA S.R.L.,1555-ULK,Gasolina Especial +,GASOLINA_ESPECIAL_MAS,,2026-09-22T20:42:15.947000+00:00,
2026-09-22,2026-09-22,True,False,Distrito Comercial La Paz,GASOLINA ESPECIAL + (S/DSI),24000.0,L,GRUPO EMPRESARIAL VIRGEN DE LOS ALAMOS S.R.L.,4831-ETU,Gasolina Especial +,GASOLINA_ESPECIAL_MAS,,2026-09-22T20:34:24.363000+00:00,
2026-09-22,2026-09-22,True,False,Distrito Comercial La Paz,DIESEL OIL IMPORTADO EESS,12000.0,L,EST. SERV. EL PARAISO SRL.,5352-FGB,Diesel Oil Importado,DIESEL_IMPORTADO,,2026-09-22T20:24:28.263000+00:00,
2026-09-22,2026-09-22,True,False,Distrito Comercial La Paz,DIESEL OIL IMPORTADO EESS,24000.0,L,CHOROPAMPA S.R.L.,1156-PGH 1,Diesel Oil Importado,DIESEL_IMPORTADO,,2026-09-22T20:19:04.790000+00:00,
2026-09-22,2026-09-22,True,False,Distrito Comercial La Paz,DIESEL OIL IMPORTADO EESS,20000.0,L,EST. SERV. CANDELARIA,1487-RYN,Diesel Oil Importado,DIESEL_IMPORTADO,,2026-09-22T20:12:39.177000+00:00,
2026-09-22,2026-09-22,True,False,Distrito Comercial La Paz,GASOLINA ESPECIAL + (S/DSI),24000.0,L,EST. SERV. MOTORECO SRL.,1340-SPB,Gasolina Especial +,GASOLINA_ESPECIAL_MAS,,2026-09-22T20:10:37.800000+00:00,
2026-09-22,2026-09-22,True,False,Distrito Comercial La Paz,DIESEL OIL NACIONAL EESS,24000.0,L,EST. SERV. GASOLCAMP S.R.L.,4146-PPA,Diesel Oil Nacional,DIESEL_NACIONAL,,2026-09-22T20:07:34.903000+00:00,
2026-09-22,2026-09-22,True,False,Distrito Comercial La Paz,DIESEL OIL IMPORTADO EESS,24000.0,L,EST. SERV. ILLIMANI S.R.L.,564-CNY,Diesel Oil Importado,DIESEL_IMPORTADO,,2026-09-22T19:47:56.203000+00:00,
2026-09-22,2026-09-22,True,False,Distrito Comercial La Paz,DIESEL OIL IMPORTADO EESS,24000.0,L,ESTACIÓN DE SERVICIO ALIMARC INTER GAS BOLIVIA S.R.L.,547-CKT,Diesel Oil Importado,DIESEL_IMPORTADO,,2026-09-22T19:31:59.817000+00:00,
2026-09-22,2026-09-22,True,False,Distrito Comercial La Paz,GLP DISTRIB. 10 KILOS NAL,6900.0,L,SAN JUDAS TADEO SOCIEDAD DE RESPONSABILIDAD LIMITADA,795-CZG,GLP,GLP,,,
2026-09-22,2026-09-22,True,False,Distrito Comercial La Paz,GLP DISTRIB. 10 KILOS NAL,9000.0,L,SANDRA CALLIZAYA CH. - DIST. GLP OMASUYOS,566-PFF,GLP,GLP,,,
2026-09-22,2026-09-22,True,False,Distrito Comercial La Paz,GASOLINA ESPECIAL + (S/DSI),18000.0,L,EST. SERV. CANDELARIA,1062-UXD,Gasolina Especial +,GASOLINA_ESPECIAL_MAS,,2026-09-22T19:26:35.700000+00:00,
2026-09-22,2026-09-22,True,False,Distrito Comercial La Paz,GASOLINA ESPECIAL + (S/DSI),24000.0,L,ELDA S. AGUILAR V. - EST. SERV. JUAN PABLO II,4457-NRI,Gasolina Especial +,GASOLINA_ESPECIAL_MAS,,2026-09-22T19:17:46.537000+00:00,
2026-09-22,2026-09-22,True,False,Distrito Comercial La Paz,DIESEL OIL NACIONAL EESS,10000.0,L,EST. SERV. UCHUMACHI,2384-PSR,Diesel Oil Nacional,DIESEL_NACIONAL,,2026-09-22T19:05:44.257000+00:00,
2026-09-22,2026-09-22,True,False,Distrito Comercial La Paz,GLP DISTRIB. 10 KILOS NAL,5400.0,L,DIST. GLP. LA CALZADA-SUD YUNGAS,1628-ADH,GLP,GLP,,,
2026-09-22,2026-09-22,True,False,Distrito Comercial La Paz,GLP DISTRIB. 10 KILOS NAL,8750.0,L,DIST. GLP. LA CALZADA-SUD YUNGAS,5285-KDD,GLP,GLP,,,
2026-09-22,2026-09-22,True,False,Distrito Comercial La Paz,GLP DISTRIB. 10 KILOS NAL,4230.0,L,DIST. GLP. SOCIEDAD PETROLERA SANTA ELENA S.R.L. (SOPESE S.R.L.),085-IKK,GLP,GLP,,,
2026-09-22,2026-09-22,True,False,Distrito Comercial La Paz,GLP DISTRIB. 10 KILOS NAL,5970.0,L,DIST. GLP. ESMERALDA GAS SRL.,801-NIK,GLP,GLP,,,
2026-09-22,2026-09-22,True,False,Distrito Comercial La Paz,GLP DISTRIB. 10 KILOS NAL,4440.0,L,DIST. GLP. SAMO S.A.,1311-BND,GLP,GLP,,,
2026-09-22,2026-09-21,True,True,Distrito Comercial La Paz,GLP DISTRIB. 10 KILOS NAL,6000.0,L,DIST. GLP CALEMQ S.R.L.,1021-ZXB,GLP,GLP,,,
2026-09-22,2026-09-21,True,True,Distrito Comercial La Paz,GLP DISTRIB. 10 KILOS NAL,9000.0,L,ALEXSUS GAS S.R.L.,2725-RIY,GLP,GLP,,,
2026-09-22,2026-09-21,True,True,Distrito Comercial La Paz,GLP DISTRIB. 10 KILOS NAL,1980.0,L,DIST. GLP. SOCIEDAD PETROLERA SANTA ELENA S.R.L. (SOPESE S.R.L.),085-IKK,GLP,GLP,,,
2026-09-22,2026-09-22,True,False,Distrito Comercial La Paz,DIESEL OIL IMPORTADO EESS,12000.0,L,EST. SERV. SALIDA LTDA,2701-TZH,Diesel Oil Importado,DIESEL_IMPORTADO,,2026-09-22T18:57:22.093000+00:00,
2026-09-22,2026-09-22,True,False,Distrito Comercial La Paz,DIESEL OIL IMPORTADO EESS,12000.0,L,EST. SERV. CHASQUIPAMPA S.R.L.,3030-TPF,Diesel Oil Importado,DIESEL_IMPORTADO,,2026-09-22T18:49:34.163000+00:00,
2026-09-22,2026-09-21,True,True,Distrito Comercial La Paz,GASOLINA ESPECIAL + (S/DSI),24000.0,L,EST. SERV. YUPANQUI,2538BZG(1),Gasolina Especial +,GASOLINA_ESPECIAL_MAS,,2026-09-22T18:47:26.553000+00:00,
2026-09-22,2026-09-22,True,False,Distrito Comercial La Paz,DIESEL OIL NACIONAL EESS,12000.0,L,EST. SERV. ACHACACHI S.R.L.,542-PSF,Diesel Oil Nacional,DIESEL_NACIONAL,,2026-09-22T18:44:40.393000+00:00,
2026-09-22,2026-09-22,True,False,Distrito Comercial La Paz,GASOLINA ESPECIAL + (S/DSI),20000.0,L,EST. SERV. PEREZ ROCHA SRL.,4745-PTB,Gasolina Especial +,GASOLINA_ESPECIAL_MAS,,2026-09-22T18:35:39.530000+00:00,
2026-09-22,2026-09-22,True,False,Distrito Comercial La Paz,DIESEL OIL IMPORTADO EESS,24000.0,L,ELDA S. AGUILAR V. - EST. SERV. JUAN PABLO II,1222-TEK,Diesel Oil Importado,DIESEL_IMPORTADO,,2026-09-22T18:30:54.917000+00:00,
2026-09-22,2026-09-22,True,False,Distrito Comercial La Paz,DIESEL OIL IMPORTADO EESS,24000.0,L,"EMPRESA COMERCIALIZADORA, DISTRIBUIDORA DE SERVICIOS Y CARBURANTES ARUZCA MORALES S.R.L.",3104-AEI,Diesel Oil Importado,DIESEL_IMPORTADO,,2026-09-22T18:28:58.737000+00:00,
2026-09-22,2026-09-21,True,True,Distrito Comercial La Paz,GASOLINA ESPECIAL + (S/DSI),18000.0,L,EST. SERV. 6 DE MARZO,101-GEK,Gasolina Especial +,GASOLINA_ESPECIAL_MAS,,2026-09-22T18:02:51.407000+00:00,
2026-09-22,2026-09-22,True,False,Distrito Comercial La Paz,DIESEL OIL IMPORTADO EESS,12000.0,L,EST. SERV. SAN PABLO VILLA BOLIVAR S.R.L.,496-HSR,Diesel Oil Importado,DIESEL_IMPORTADO,,2026-09-22T17:59:20.767000+00:00,
2026-09-22,2026-09-22,True,False,Distrito Comercial La Paz,GASOLINA ESPECIAL + (S/DSI),24000.0,L,GAS SAN FELIPE S.R.L.,5602-HKS,Gasolina Especial +,GASOLINA_ESPECIAL_MAS,,2026-09-22T17:56:33.527000+00:00,
2026-09-22,2026-09-22,True,False,Distrito Comercial La Paz,DIESEL OIL IMPORTADO EESS,20000.0,L,ESTACION DE SERVICIO SEÑOR DE MAYO S.R.L.,551-HEL,Diesel Oil Importado,DIESEL_IMPORTADO,,2026-09-22T17:52:56.520000+00:00,
2026-09-22,2026-09-22,True,False,Distrito Comercial La Paz,DIESEL OIL IMPORTADO EESS,24000.0,L,EST. SERV. PLAYA VERDE,1089-ZGC 1,Diesel Oil Importado,DIESEL_IMPORTADO,,2026-09-22T17:50:18.647000+00:00,
2026-09-22,2026-09-22,True,False,Distrito Comercial La Paz,DIESEL OIL IMPORTADO EESS,12000.0,L,ESTACION DE SERVICIO TEJADA TRIANGULAR,1792-TSD,Diesel Oil Importado,DIESEL_IMPORTADO,,2026-09-22T17:43:32.477000+00:00,
2026-09-22,2026-09-22,True,False,Distrito Comercial La Paz,GASOLINA ESPECIAL + (S/DSI),23500.0,L,EST. SERV. EMP. COM. HID. TUPAC KATARI S.R.L.,311-DYG,Gasolina Especial +,GASOLINA_ESPECIAL_MAS,,2026-09-22T17:42:03.513000+00:00,
2026-09-22,2026-09-22,True,False,Distrito Comercial La Paz,GASOLINA ESPECIAL + (S/DSI),24000.0,L,EST. SERV. EL PARAISO SRL.,3831-BFB,Gasolina Especial +,GASOLINA_ESPECIAL_MAS,,2026-09-22T17:40:00.507000+00:00,
2026-09-22,2026-09-22,True,False,Distrito Comercial La Paz,DIESEL OIL NACIONAL EESS,24000.0,L,EST. SERV. NETANEL,1519-LSH,Diesel Oil Nacional,DIESEL_NACIONAL,,2026-09-22T17:37:30.807000+00:00,
2026-09-22,2026-09-22,True,False,Distrito Comercial La Paz,DIESEL OIL IMPORTADO EESS,12000.0,L,DISTRIBUIDORA DE GASOLINA Y LUBRICANTES SAN PABLO S.R.L.,632-RIB,Diesel Oil Importado,DIESEL_IMPORTADO,,2026-09-22T17:35:35+00:00,
2026-09-22,2026-09-22,True,False,Distrito Comercial La Paz,GLP DISTRIB. 10 KILOS NAL,4000.0,L,DIST. GLP ANGELES,2750-CBU,GLP,GLP,,,
2026-09-22,2026-09-22,True,False,Distrito Comercial La Paz,GLP DISTRIB. 10 KILOS NAL,6750.0,L,AXEL GAS S.R.L.,1209-EYS,GLP,GLP,,,
2026-09-22,2026-09-21,True,True,Distrito Comercial La Paz,GLP DISTRIB. 10 KILOS NAL,3000.0,L,DIST. GLP ANGELES,2750-CBU,GLP,GLP,,,
2026-09-22,2026-09-21,True,True,Distrito Comercial La Paz,GLP DISTRIB. 10 KILOS NAL,5250.0,L,DIST. GLP HERMANAS DURAN AGUILAR - MARLENE F. DURAN AGUILAR,1335-SUB,GLP,GLP,,,
2026-09-22,2026-09-22,True,False,Distrito Comercial La Paz,GLP DISTRIB. 10 KILOS NAL,9000.0,L,GENARA CAPIA DE FERNANDEZ - DIST. GLP SEVERO FERNANDEZ CH.,998-BCA,GLP,GLP,,,
2026-09-22,2026-09-22,True,False,Distrito Comercial La Paz,GASOLINA ESPECIAL + (S/DSI),20000.0,L,EST. SERV. TEXAS S.R.L.,1008-UIC,Gasolina Especial +,GASOLINA_ESPECIAL_MAS,,2026-09-22T16:58:36.013000+00:00,
2026-09-22,2026-09-22,True,False,Distrito Comercial La Paz,DIESEL OIL IMPORTADO EESS,24000.0,L,EST. SERV. APOSTOL SANTIAGO,1487-RYN,Diesel Oil Importado,DIESEL_IMPORTADO,,2026-09-22T16:43:29.107000+00:00,
2026-09-22,2026-09-22,True,False,Distrito Comercial La Paz,GLP DISTRIB. 10 KILOS NAL,5940.0,L,GMGRECO GAS SOCIEDAD DE RESPONSABILIDAD LIMITADA,497-ILK,GLP,GLP,,,
2026-09-21,2026-09-21,True,False,Distrito Comercial La Paz,GASOLINA ESPECIAL + (S/DSI),12000.0,L,GRUPO EMPRESARIAL VIRGEN DE LOS ALAMOS S.R.L.,4831-ETU,Gasolina Especial +,GASOLINA_ESPECIAL_MAS,,2026-09-22T06:01:44.730000+00:00,
2026-09-21,2026-09-21,True,False,Distrito Comercial La Paz,GASOLINA ESPECIAL + (S/DSI),18000.0,L,ELSA CHIPANA H. - EST. SERV. ECOPETROL,4563-ZEN 1,Gasolina Especial +,GASOLINA_ESPECIAL_MAS,,2026-09-22T05:59:07.353000+00:00,
2026-09-21,2026-09-19,True,True,Distrito Comercial La Paz,GASOLINA ESPECIAL + EESS,24000.0,L,OFELIA PLATA P. - EST. SERV. DARTAÑAN,1851-XTG,Gasolina Especial +,GASOLINA_ESPECIAL_MAS,,2026-09-22T05:49:19.203000+00:00,
2026-09-21,2026-09-21,True,False,Distrito Comercial La Paz,GASOLINA ESPECIAL + EESS,24000.0,L,OFELIA PLATA P. - EST. SERV. DARTAÑAN,915-XPL,Gasolina Especial +,GASOLINA_ESPECIAL_MAS,,2026-09-22T05:41:41.377000+00:00,
2026-09-21,2026-09-21,True,False,Distrito Comercial La Paz,GASOLINA ESPECIAL + EESS,22000.0,L,EST. SERV. SAN MIGUEL-IVAN L.,996-BIE-1,Gasolina Especial +,GASOLINA_ESPECIAL_MAS,,2026-09-22T05:38:24.950000+00:00,
2026-09-21,2026-09-21,True,False,Distrito Comercial La Paz,GASOLINA ESPECIAL + EESS,22000.0,L,FREDY LIMACHI CHALLCO - EST. SERV. DON LEO,562-XPD,Gasolina Especial +,GASOLINA_ESPECIAL_MAS,,2026-09-22T05:19:54.813000+00:00,
2026-09-21,2026-09-21,True,False,Distrito Comercial La Paz,GASOLINA ESPECIAL + (S/DSI),12000.0,L,EST. SERV. BOLIVIA ZURSIL S.R.L.,128-EPD,Gasolina Especial +,GASOLINA_ESPECIAL_MAS,,2026-09-22T05:10:29.697000+00:00,
2026-09-21,2026-09-21,True,False,Distrito Comercial La Paz,GASOLINA ESPECIAL + (S/DSI),24000.0,L,EST. SERV. GALAXIA S.R.L.,1768-PZN,Gasolina Especial +,GASOLINA_ESPECIAL_MAS,,2026-09-22T05:06:08.540000+00:00,
2026-09-21,2026-09-21,True,False,Distrito Comercial La Paz,GASOLINA ESPECIAL + EESS,22000.0,L,EST. SERV. NETANEL,2902-CAH,Gasolina Especial +,GASOLINA_ESPECIAL_MAS,,2026-09-22T04:50:07.323000+00:00,
2026-09-21,2026-09-21,True,False,Distrito Comercial La Paz,GASOLINA ESPECIAL + (S/DSI),24000.0,L,EST. SERV. ESUR GHS LTDA.,667-TPB,Gasolina Especial +,GASOLINA_ESPECIAL_MAS,,2026-09-22T04:47:18.153000+00:00,
2026-09-21,2026-09-19,True,True,Distrito Comercial La Paz,DIESEL OIL NACIONAL EESS,12000.0,L,EST. SERV. IRIARTE SAN BORJA,1254-RSC,Diesel Oil Nacional,DIESEL_NACIONAL,,2026-09-22T04:26:07.360000+00:00,
2026-09-21,2026-09-19,True,True,Distrito Comercial La Paz,GASOLINA ESPECIAL + EESS,12000.0,L,EST. SERV. IRIARTE SAN BORJA,1254-RSC,Gasolina Especial +,GASOLINA_ESPECIAL_MAS,,2026-09-22T04:26:07.360000+00:00,
2026-09-21,2026-09-19,True,True,Distrito Comercial La Paz,DIESEL OIL NACIONAL EESS,12000.0,L,SANTA ROSA PERLA DEL BENI S.R.L.,2488-EXH,Diesel Oil Nacional,DIESEL_NACIONAL,,2026-09-22T04:21:14.773000+00:00,
2026-09-21,2026-09-19,True,True,Distrito Comercial La Paz,GASOLINA ESPECIAL + EESS,12000.0,L,SANTA ROSA PERLA DEL BENI S.R.L.,2488-EXH,Gasolina Especial +,GASOLINA_ESPECIAL_MAS,,2026-09-22T04:21:14.773000+00:00,
2026-09-21,2026-09-21,True,False,Distrito Comercial La Paz,GASOLINA ESPECIAL + (S/DSI),18000.0,L,EST. SERV. CANDELARIA,1487-RYN,Gasolina Especial +,GASOLINA_ESPECIAL_MAS,,2026-09-22T04:12:55.743000+00:00,
2026-09-21,2026-09-21,True,False,Distrito Comercial La Paz,GASOLINA ESPECIAL + EESS,36000.0,L,EST. SERV. PALOS BLANCOS,4692-PKE,Gasolina Especial +,GASOLINA_ESPECIAL_MAS,,2026-09-22T04:05:05.720000+00:00,
2026-09-21,2026-09-19,True,True,Distrito Comercial La Paz,DIESEL OIL IMPORTADO EESS,24000.0,L,ESTACION DE SERVICIOS NIMAGASBOL S.R.L.,5028-SLK,Diesel Oil Importado,DIESEL_IMPORTADO,,2026-09-22T04:02:43.180000+00:00,
2026-09-21,2026-09-21,True,False,Distrito Comercial La Paz,GASOLINA ESPECIAL + EESS,22000.0,L,ESTACION DE SERVICIOS YARA S.R.L.,801-ZLE,Gasolina Especial +,GASOLINA_ESPECIAL_MAS,,2026-09-22T04:00:52.560000+00:00,
2026-09-23,2026-09-22,True,True,Distrito Comercial La Paz,DIESEL OIL IMPORTADO EESS,20000.0,L,EST. SERV. LUBRICAN SRL,2714-SNP,Diesel Oil Importado,DIESEL_IMPORTADO,,2026-09-23T14:38:20.827000+00:00,EST. SERV. LUBRICAN SRL
2026-09-22,2026-09-22,True,False,Distrito Comercial La Paz,GASOLINA ESPECIAL + EESS,22000.0,L,EDEN CLEVER CARRILLO CONDORI-ESTACION DE SERVICIO EDENCCC,1057-KKX,Gasolina Especial +,GASOLINA_ESPECIAL_MAS,,2026-09-23T03:54:55.943000+00:00,EDEN CLEVER CARRILLO CONDORI-ESTACION DE SERVICIO EDENCCC
2026-09-22,2026-09-21,True,True,Distrito Comercial La Paz,GASOLINA ESPECIAL + (S/DSI),12000.0,L,EST. SERV. MOTORECO SRL.,1340-SPB,Gasolina Especial +,GASOLINA_ESPECIAL_MAS,,2026-09-23T03:51:20.900000+00:00,EST. SERV. MOTORECO SRL.
2026-09-22,2026-09-22,True,False,Distrito Comercial La Paz,GASOLINA ESPECIAL + EESS,22000.0,L,EST. SERV. IRIARTE SAN BORJA,4767-NUU,Gasolina Especial +,GASOLINA_ESPECIAL_MAS,,2026-09-23T03:35:29.243000+00:00,EST. SERV. IRIARTE SAN BORJA
2026-09-22,2026-09-22,True,False,Distrito Comercial La Paz,GASOLINA ESPECIAL + EESS,22000.0,L,EST. SERV. ITURRALDE S.R.L.,323-KFT,Gasolina Especial +,GASOLINA_ESPECIAL_MAS,,2026-09-23T03:31:46.007000+00:00,EST. SERV. ITURRALDE S.R.L.
