fecha_despacho_efectivo,fecha_despacho_programado,despacho_confirmado,fecha_despacho_difiere_de_programado,distrito_nombre,producto_despachado,cantidad_despachada,unidad,cliente,placa_despacho,familia,familia_codigo,ambito,fecha_despacho_efectivo_hora
2026-09-14,2026-09-14,True,False,Santa Cruz,GASOLINA ESPECIAL + (S/DSI),15000.0,L,GAS DEL ESTE S.R.L.,622-IUN,Gasolina Especial +,GASOLINA_ESPECIAL_MAS,Ciudad,
2026-09-14,2026-09-14,True,False,Santa Cruz,GASOLINA ESPECIAL + EESS,20000.0,L,ESTACION DE SERVICIO AGUAI S.R.L.,380-RHB,Gasolina Especial +,GASOLINA_ESPECIAL_MAS,Provincia,
2026-09-14,2026-09-14,True,False,Santa Cruz,GASOLINA ESPECIAL + EESS,20000.0,L,COMPAÑIA COMERCIALIZADORA BOLIVIANA DE HIDROCARBUROS CONFI S.R.L.,5297-DNG,Gasolina Especial +,GASOLINA_ESPECIAL_MAS,Provincia,
2026-09-14,2026-09-14,True,False,Santa Cruz,GASOLINA ESPECIAL + (S/DSI),10000.0,L,GENEX S.A. SUCURSAL ZONA NOR ESTE,1115-DLF,Gasolina Especial +,GASOLINA_ESPECIAL_MAS,Ciudad,
2026-09-14,2026-09-14,True,False,Santa Cruz,GASOLINA ESPECIAL + (S/DSI),20000.0,L,GENEX S.A SUCURSAL S.C ZONA GUALBERTO VILLARROEL,1115-DLF,Gasolina Especial +,GASOLINA_ESPECIAL_MAS,Ciudad,
2026-09-14,2026-09-14,True,False,Santa Cruz,GASOLINA ESPECIAL + (S/DSI),20000.0,L,SURTIDOR COTOCA - JOSE RAMIRO AYALA FLORES,2338-FGD,Gasolina Especial +,GASOLINA_ESPECIAL_MAS,Ciudad,
2026-09-14,2026-09-14,True,False,Santa Cruz,GASOLINA ESPECIAL + (S/DSI),20000.0,L,ESTACION DE SERVICIO DICOR S.R.L.,583-PTR,Gasolina Especial +,GASOLINA_ESPECIAL_MAS,Ciudad,
2026-09-14,2026-09-14,True,False,Santa Cruz,GASOLINA ESPECIAL + (S/DSI),15000.0,L,EMPRESA DE SERVICIOS 8 DE NOVIEMBRE LTDA.,1831-SEK,Gasolina Especial +,GASOLINA_ESPECIAL_MAS,Ciudad,
2026-09-14,2026-09-14,True,False,Santa Cruz,GASOLINA ESPECIAL + (S/DSI),15000.0,L,SURTIDOR EL PALMAR - DIONICIO CONDORI RODRIGUEZ,782-YPK,Gasolina Especial +,GASOLINA_ESPECIAL_MAS,Ciudad,
2026-09-14,2026-09-14,True,False,Santa Cruz,GASOLINA ESPECIAL + (S/DSI),10000.0,L,GENEX S.A-SUCURSAL S.C ZONA GUARACACHI,1166-FCU,Gasolina Especial +,GASOLINA_ESPECIAL_MAS,Ciudad,
2026-09-14,2026-09-14,True,False,Santa Cruz,GASOLINA ESPECIAL + (S/DSI),20000.0,L,GENEX S.A SUCURSAL SANTA CRUZ ZONA ESTE,1166-FCU,Gasolina Especial +,GASOLINA_ESPECIAL_MAS,Ciudad,
2026-09-14,2026-09-14,True,False,Santa Cruz,GASOLINA ESPECIAL + EESS,15000.0,L,ESTACION DE SERVICIO EL JUNTE II-ALEJANDRA MARIEL BALCAZAR PAZ,2883-XTL,Gasolina Especial +,GASOLINA_ESPECIAL_MAS,Provincia,
2026-09-14,2026-09-14,True,False,Santa Cruz,GASOLINA ESPECIAL + EESS,20000.0,L,ESTACION DE SERVICIO EL JUNTE-ALEJANDRA MARIEL BALCAZAR PAZ,2883-XTL,Gasolina Especial +,GASOLINA_ESPECIAL_MAS,Provincia,
2026-09-14,2026-09-14,True,False,Santa Cruz,GASOLINA ESPECIAL + EESS,20000.0,L,CENTRO DE COMERCIO SANTA RITAKM32 S.R.L.,3853-BSD,Gasolina Especial +,GASOLINA_ESPECIAL_MAS,Provincia,
2026-09-14,2026-09-14,True,False,Santa Cruz,GASOLINA ESPECIAL + EESS,20000.0,L,SURTIDOR ACIPA - SJ S.R.L.,4120-ZNB,Gasolina Especial +,GASOLINA_ESPECIAL_MAS,Provincia,
2026-09-14,2026-09-14,True,False,Santa Cruz,GASOLINA ESPECIAL + EESS,20000.0,L,SURTIDOR LOS NEGROS - NERY TABOADA CONTRERAS,1871-FDS,Gasolina Especial +,GASOLINA_ESPECIAL_MAS,Provincia,
2026-09-14,2026-09-14,True,False,Santa Cruz,GASOLINA ESPECIAL + (S/DSI),5000.0,L,ESTACION DE SERVICIO ORSA S.R.L.,5583-ADI,Gasolina Especial +,GASOLINA_ESPECIAL_MAS,Ciudad,
2026-09-14,2026-09-14,True,False,Santa Cruz,GASOLINA ESPECIAL + EESS,20000.0,L,ESTACION DE SERVICIO EL TINTO S.R.L.,303-DEH,Gasolina Especial +,GASOLINA_ESPECIAL_MAS,Provincia,
2026-09-14,2026-09-14,True,False,Santa Cruz,GASOLINA ESPECIAL + (S/DSI),20000.0,L,YVU CENTRO DE SERVICIOS Y COMERCIO S.R.L.,1060-PIT,Gasolina Especial +,GASOLINA_ESPECIAL_MAS,Ciudad,
2026-09-14,2026-09-14,True,False,Santa Cruz,GASOLINA ESPECIAL + (S/DSI),20000.0,L,ESTACION DE SERVICIO BI-OCEANICA S.R.L.,4269-HNT,Gasolina Especial +,GASOLINA_ESPECIAL_MAS,Ciudad,
2026-09-14,2026-09-12,True,True,Santa Cruz,GASOLINA ESPECIAL + (S/DSI),9900.0,L,ESTACION DE SERVICIO URBARI SRL,375-KIH,Gasolina Especial +,GASOLINA_ESPECIAL_MAS,Ciudad,
2026-09-14,2026-09-12,True,True,Santa Cruz,GASOLINA ESPECIAL + (S/DSI),10000.0,L,GENEX S.A SUCURSAL SANTA CRUZ ZONA SANTA ROSA,1115-DLF,Gasolina Especial +,GASOLINA_ESPECIAL_MAS,Ciudad,
2026-09-14,2026-09-12,True,True,Santa Cruz,GASOLINA ESPECIAL + (S/DSI),10000.0,L,VANGAS S.A,1115-DLF,Gasolina Especial +,GASOLINA_ESPECIAL_MAS,Ciudad,
2026-09-14,2026-09-12,True,True,Santa Cruz,GASOLINA ESPECIAL + (S/DSI),10000.0,L,GENEX S.A SUCURSAL SANTA CRUZ ZONA LA RAMADA,1115-DLF,Gasolina Especial +,GASOLINA_ESPECIAL_MAS,Ciudad,
2026-09-14,2026-09-12,True,True,Santa Cruz,GLP DISTRIB. 10 KILOS NAL,10500.0,L,DIST. GLP. CRUCEÑITA VASA S.R.L.,2360-THG,GLP,GLP,,
2026-09-14,2026-09-14,True,False,Santa Cruz,GLP DISTRIB. 10 KILOS NAL,11520.0,L,CARMEN R. MELGAREJO GONZALES - DIST. CENTRO GAS,2832-PDP,GLP,GLP,,
2026-09-14,2026-09-12,True,True,Santa Cruz,GLP DISTRIB. 10 KILOS NAL,6210.0,L,CAMPO GAS-VALPARAISO-ELSA FELICIDAD USCAMAYTA CHOQUE DE TAPIA,795-YII,GLP,GLP,,
2026-09-14,2026-09-11,True,True,Santa Cruz,GLP DISTRIB. 10 KILOS NAL,12150.0,L,DIST. GLP. VALLE GAS - Nancy Arteaga de Lazo,475-RHN,GLP,GLP,,
2026-09-14,2026-09-10,True,True,Santa Cruz,GASOLINA ESPECIAL + EESS,20000.0,L,ESTACION DE SERVICIO PIRAI S.R.L. SUCURSAL 1,4410-LAU,Gasolina Especial +,GASOLINA_ESPECIAL_MAS,Provincia,
2026-09-14,2026-09-14,True,False,Santa Cruz,GASOLINA ESPECIAL + (S/DSI),10000.0,L,ESTACION DE SERVICIO VERGARA - FABIOLA NOEMI ZORRILLO VERGARA,1184-YND,Gasolina Especial +,GASOLINA_ESPECIAL_MAS,Ciudad,
2026-09-14,2026-09-14,True,False,Santa Cruz,GASOLINA ESPECIAL + (S/DSI),10000.0,L,GENEX S.A SUCURSAL SANTA CRUZ ZONA SANTA ROSA,863-XYY,Gasolina Especial +,GASOLINA_ESPECIAL_MAS,Ciudad,
2026-09-14,2026-09-14,True,False,Santa Cruz,GASOLINA ESPECIAL + (S/DSI),10000.0,L,GENEX S.A SUCURSAL SANTA CRUZ ZONA LA RAMADA,863-XYY,Gasolina Especial +,GASOLINA_ESPECIAL_MAS,Ciudad,
2026-09-14,2026-09-14,True,False,Santa Cruz,GASOLINA ESPECIAL + (S/DSI),20000.0,L,SURTIDOR VARDONA - SUSANA POEHLMANN GARCIA,863-RUI,Gasolina Especial +,GASOLINA_ESPECIAL_MAS,Ciudad,
2026-09-14,2026-09-14,True,False,Santa Cruz,GASOLINA ESPECIAL + (S/DSI),20000.0,L,ESTACION DE SERVICIO REYNALDO CORTEZ QUISPE,5342-KHY,Gasolina Especial +,GASOLINA_ESPECIAL_MAS,Ciudad,
2026-09-14,2026-09-14,True,False,Santa Cruz,GLP DISTRIB. 45 KILOS NAL,2925.0,L,DIST. GLP. CRUCEÑITA VASA S.R.L.,3460-KTK,GLP,GLP,,
2026-09-14,2026-09-14,True,False,Santa Cruz,GASOLINA ESPECIAL + (S/DSI),20000.0,L,ESTACION DE SERVICIO EL TROMPILLO,1285-UKF,Gasolina Especial +,GASOLINA_ESPECIAL_MAS,Ciudad,
2026-09-14,2026-09-14,True,False,Santa Cruz,GLP DISTRIB. 10 KILOS NAL,6000.0,L,JYRL GAS SUCURSAL CABEZAS CALLE TAJIBO - LOURDES MORALES DE QUIROZ,1178-ADY,GLP,GLP,,
2026-09-14,2026-09-14,True,False,Santa Cruz,GASOLINA ESPECIAL + EESS,20000.0,L,ESTACION DE SERVICIO LA GUARDIA,1803-YHK,Gasolina Especial +,GASOLINA_ESPECIAL_MAS,Provincia,
2026-09-14,2026-09-14,True,False,Santa Cruz,GASOLINA ESPECIAL + (S/DSI),10000.0,L,LAS PALMAS S.R.L.,967-HFA,Gasolina Especial +,GASOLINA_ESPECIAL_MAS,Ciudad,
2026-09-14,2026-09-14,True,False,Santa Cruz,GASOLINA ESPECIAL + EESS,20000.0,L,ESTACION DE SERVICIO PAULINA S.R.L.,571-PDN,Gasolina Especial +,GASOLINA_ESPECIAL_MAS,Provincia,
2026-09-14,2026-09-14,True,False,Santa Cruz,GASOLINA ESPECIAL + EESS,20000.0,L,ESTACION DE SERVICIO MINERO-JHONNY QUINTEROS VASQUEZ,512-ZZA,Gasolina Especial +,GASOLINA_ESPECIAL_MAS,Provincia,
2026-09-14,2026-09-14,True,False,Santa Cruz,GASOLINA ESPECIAL + (S/DSI),20000.0,L,CIA BOLIVIANA DE GAS NATURAL COMPRIMIDO GENEX SA,878-ENK,Gasolina Especial +,GASOLINA_ESPECIAL_MAS,Ciudad,
2026-09-14,2026-09-14,True,False,Santa Cruz,GASOLINA ESPECIAL + (S/DSI),20000.0,L,ESTACION DE SERVICIO APAZA-PATRICIA JORGE DE APAZA,2066-KRR,Gasolina Especial +,GASOLINA_ESPECIAL_MAS,Ciudad,
2026-09-14,2026-09-14,True,False,Santa Cruz,GASOLINA ESPECIAL + (S/DSI),15000.0,L,ESTACION DE SERVICIO DAVILA S.R.L.,1445-CDA,Gasolina Especial +,GASOLINA_ESPECIAL_MAS,Ciudad,
2026-09-14,2026-09-14,True,False,Santa Cruz,GASOLINA ESPECIAL + (S/DSI),20000.0,L,ESTACION DE SERVICIO GUAYACAN S.R.L.,727-YTY,Gasolina Especial +,GASOLINA_ESPECIAL_MAS,Ciudad,
2026-09-14,2026-09-14,True,False,Santa Cruz,GASOLINA ESPECIAL + (S/DSI),20000.0,L,ESTACION DE SERVICIO SAN LUIS,543-PUY,Gasolina Especial +,GASOLINA_ESPECIAL_MAS,Ciudad,
2026-09-14,2026-09-14,True,False,Santa Cruz,GASOLINA ESPECIAL + (S/DSI),15000.0,L,ESTACION DE SERVICIO SAN LUIS I,543-PUY,Gasolina Especial +,GASOLINA_ESPECIAL_MAS,Ciudad,
2026-09-14,2026-09-14,True,False,Santa Cruz,GASOLINA ESPECIAL + (S/DSI),15000.0,L,ESTACION DE SERVICIO SANTA MARIA,1044-PLP,Gasolina Especial +,GASOLINA_ESPECIAL_MAS,Ciudad,
2026-09-14,2026-09-14,True,False,Santa Cruz,GASOLINA ESPECIAL + (S/DSI),20000.0,L,ESTACION DE SERVICIO PALMASOLA,1044-PLP,Gasolina Especial +,GASOLINA_ESPECIAL_MAS,Ciudad,
2026-09-14,2026-09-14,True,False,Santa Cruz,GASOLINA ESPECIAL + EESS,15000.0,L,ESTACION DE SERVICIO EL MIRADOR - SONIA SORUCO ROCA,6014-GEE,Gasolina Especial +,GASOLINA_ESPECIAL_MAS,Provincia,
2026-09-14,2026-09-14,True,False,Santa Cruz,GASOLINA ESPECIAL + EESS,20000.0,L,ESTACION DE SERVICIO LA CUEVA - ROLANDO CHAVEZ VACA,6014-GEE,Gasolina Especial +,GASOLINA_ESPECIAL_MAS,Provincia,
2026-09-14,2026-09-14,True,False,Santa Cruz,GASOLINA ESPECIAL + (S/DSI),20000.0,L,GASCO S.R.L.,1388-TGA,Gasolina Especial +,GASOLINA_ESPECIAL_MAS,Ciudad,
2026-09-14,2026-09-14,True,False,Santa Cruz,GASOLINA ESPECIAL + EESS,20000.0,L,ESTACION DE SERVICIO SOMOS GAS SRL,2257-EEE,Gasolina Especial +,GASOLINA_ESPECIAL_MAS,Provincia,
2026-09-14,2026-09-14,True,False,Santa Cruz,GASOLINA ESPECIAL + (S/DSI),20000.0,L,ESTACION DE SERVICIO PIRAI S.R.L. SUC. DOBLE VIA LA GUARDIA ESQ. OCTAVO ANILLO,4530-FIY,Gasolina Especial +,GASOLINA_ESPECIAL_MAS,Ciudad,
2026-09-14,2026-09-14,True,False,Santa Cruz,GASOLINA ESPECIAL + (S/DSI),5000.0,L,ESTACION DE SERVICIO PIRAI S.R.L.,4530-FIY,Gasolina Especial +,GASOLINA_ESPECIAL_MAS,Ciudad,
2026-09-14,2026-09-14,True,False,Santa Cruz,GASOLINA ESPECIAL + (S/DSI),15000.0,L,ESTACION DE SERVICIO PIRAI S.R.L.,1469-PUA,Gasolina Especial +,GASOLINA_ESPECIAL_MAS,Ciudad,
2026-09-14,2026-09-14,True,False,Santa Cruz,GASOLINA ESPECIAL + (S/DSI),20000.0,L,ESTACION DE SERVICIO SUR S.R.L.-SUCURSAL ESTACION DE SERVICIO LA TECA,1999-CDP,Gasolina Especial +,GASOLINA_ESPECIAL_MAS,Ciudad,
2026-09-14,2026-09-14,True,False,Santa Cruz,GASOLINA ESPECIAL + (S/DSI),20000.0,L,ESTACION DE SERVICIO SUR SRL SUCURSAL 3,1390-DBC,Gasolina Especial +,GASOLINA_ESPECIAL_MAS,Ciudad,
2026-09-14,2026-09-14,True,False,Santa Cruz,GASOLINA ESPECIAL + (S/DSI),15000.0,L,ESTACION DE SERVICIO SUR S.R.L. SUCURSAL 2,1390-DBC,Gasolina Especial +,GASOLINA_ESPECIAL_MAS,Ciudad,
2026-09-14,2026-09-14,True,False,Santa Cruz,GASOLINA ESPECIAL + (S/DSI),20000.0,L,ESTACION DE SERVICIO SUR S.R.L. SUCURSAL 1,1493-PDD,Gasolina Especial +,GASOLINA_ESPECIAL_MAS,Ciudad,
2026-09-14,2026-09-14,True,False,Santa Cruz,GASOLINA ESPECIAL + (S/DSI),20000.0,L,ESTACION DE SERVICIO SUR S.R.L.,5775-AXE,Gasolina Especial +,GASOLINA_ESPECIAL_MAS,Ciudad,
2026-09-14,2026-09-14,True,False,Santa Cruz,GASOLINA ESPECIAL + EESS,20000.0,L,ESTACION DE SERVICIO PORTACHUELO LTDA,599-AEA,Gasolina Especial +,GASOLINA_ESPECIAL_MAS,Provincia,
2026-09-14,2026-09-14,True,False,Santa Cruz,GASOLINA ESPECIAL + (S/DSI),20000.0,L,ESTACION DE SERVICIO LOS COYUYOS-JULIA GONZALES,3589-UKG,Gasolina Especial +,GASOLINA_ESPECIAL_MAS,Ciudad,
2026-09-14,2026-09-14,True,False,Santa Cruz,GASOLINA ESPECIAL + (S/DSI),10000.0,L,REFINERIA ORIENTAL S.A. SUCURSAL MONTECRISTO,1095-ZCK,Gasolina Especial +,GASOLINA_ESPECIAL_MAS,Ciudad,
2026-09-14,2026-09-14,True,False,Santa Cruz,GASOLINA ESPECIAL + (S/DSI),20000.0,L,REFINERIA ORIENTAL S.A. SUC. NOR ESTE,1095-ZCK,Gasolina Especial +,GASOLINA_ESPECIAL_MAS,Ciudad,
2026-09-14,2026-09-14,True,False,Santa Cruz,GASOLINA ESPECIAL + (S/DSI),20000.0,L,ESTACION DE SERVICIO REFINERIA ORIENTAL S.A. - SUC. ZONA 4° ANILLO FRENTE A BUFALO PARK - SC,1469-PUA,Gasolina Especial +,GASOLINA_ESPECIAL_MAS,Ciudad,
2026-09-14,2026-09-14,True,False,Santa Cruz,GASOLINA ESPECIAL + (S/DSI),20000.0,L,REFINERIA ORIENTAL S.A.-SUC. BARRIO LAZARETO,514-HHE,Gasolina Especial +,GASOLINA_ESPECIAL_MAS,Ciudad,
2026-09-14,2026-09-14,True,False,Santa Cruz,GASOLINA ESPECIAL + (S/DSI),20000.0,L,REFINERIA ORIENTAL S.A.,4530-GKD,Gasolina Especial +,GASOLINA_ESPECIAL_MAS,Ciudad,
2026-09-14,2026-09-14,True,False,Santa Cruz,GASOLINA ESPECIAL + (S/DSI),20000.0,L,Z & Z LTDA,2319-UPC,Gasolina Especial +,GASOLINA_ESPECIAL_MAS,Ciudad,
2026-09-14,2026-09-14,True,False,Santa Cruz,GASOLINA ESPECIAL + EESS,20000.0,L,D-GAS S.A. SUCURSAL SANTA CRUZ,2511-RLA,Gasolina Especial +,GASOLINA_ESPECIAL_MAS,Provincia,
2026-09-14,2026-09-14,True,False,Santa Cruz,GASOLINA ESPECIAL + (S/DSI),15000.0,L,ESTACION DE SERVICIO 3F OIL S.R.L.,953-UFL,Gasolina Especial +,GASOLINA_ESPECIAL_MAS,Ciudad,
2026-09-14,2026-09-14,True,False,Santa Cruz,GASOLINA ESPECIAL + EESS,20000.0,L,ESTACION DE SERVICIO MONTERO - MARIA DEL ROSARIO COLQUE QUIROZ,935-TCT,Gasolina Especial +,GASOLINA_ESPECIAL_MAS,Provincia,
2026-09-14,2026-09-14,True,False,Santa Cruz,GASOLINA ESPECIAL + (S/DSI),15000.0,L,ESTACION DE SERVICIO ORSA S.R.L.,5583-ADI,Gasolina Especial +,GASOLINA_ESPECIAL_MAS,Ciudad,
2026-09-14,2026-09-14,True,False,Santa Cruz,GASOLINA ESPECIAL + (S/DSI),10000.0,L,ESTACION DE SERVICIO MORAGRANDE S.R.L. (SUC 1),2483-HBD,Gasolina Especial +,GASOLINA_ESPECIAL_MAS,Ciudad,
2026-09-14,2026-09-14,True,False,Santa Cruz,GASOLINA ESPECIAL + EESS,20000.0,L,SURTIDOR EL PATUJU - ROGELIO LA FUENTE OLIVERA,1330-AEN,Gasolina Especial +,GASOLINA_ESPECIAL_MAS,Provincia,
2026-09-14,2026-09-14,True,False,Santa Cruz,GASOLINA ESPECIAL + (S/DSI),20000.0,L,R&E 3000 S.R.L.,1197-ATI,Gasolina Especial +,GASOLINA_ESPECIAL_MAS,Ciudad,
2026-09-14,2026-09-14,True,False,Santa Cruz,GASOLINA ESPECIAL + (S/DSI),20000.0,L,BICENTENARIO SRL,2229-HLP,Gasolina Especial +,GASOLINA_ESPECIAL_MAS,,
2026-09-14,2026-09-14,True,False,Santa Cruz,GASOLINA ESPECIAL + (S/DSI),20000.0,L,ESTACION DE SERVICIO CLUB GAZEL S.R.L.,2120-PKF,Gasolina Especial +,GASOLINA_ESPECIAL_MAS,Ciudad,
2026-09-14,2026-09-14,True,False,Santa Cruz,GASOLINA ESPECIAL + (S/DSI),20000.0,L,ESTACION DE SERVICIO LA COLORADA,2434-YRP,Gasolina Especial +,GASOLINA_ESPECIAL_MAS,Ciudad,
2026-09-14,2026-09-14,True,False,Santa Cruz,GASOLINA ESPECIAL + (S/DSI),20000.0,L,"ESTACION DE SERVICIO ""GUAPAY"" S.R.L.",447-PSY,Gasolina Especial +,GASOLINA_ESPECIAL_MAS,Ciudad,
2026-09-14,2026-09-14,True,False,Santa Cruz,GASOLINA ESPECIAL + (S/DSI),20000.0,L,ESTACION DE SERVICIO TRES PASOS AL FRENTE - VITALIANO ROJAS OLIVERA,2024-CIX,Gasolina Especial +,GASOLINA_ESPECIAL_MAS,Ciudad,
2026-09-14,2026-09-14,True,False,Santa Cruz,GASOLINA ESPECIAL + (S/DSI),20000.0,L,ESTACION DE SERVICIO EL ARROYO S.R.L.,1299-GNA,Gasolina Especial +,GASOLINA_ESPECIAL_MAS,Ciudad,
2026-09-14,2026-09-14,True,False,Santa Cruz,GASOLINA ESPECIAL + EESS,20000.0,L,ESTACION DE SERVICIO EL BATO,1502-UIR,Gasolina Especial +,GASOLINA_ESPECIAL_MAS,Provincia,
2026-09-14,2026-09-14,True,False,Santa Cruz,GASOLINA ESPECIAL + (S/DSI),20000.0,L,ESTACION DE SERVICIO LAS ORQUIDEAS S.R.L.,711-XUH,Gasolina Especial +,GASOLINA_ESPECIAL_MAS,Ciudad,
2026-09-14,2026-09-14,True,False,Santa Cruz,GASOLINA ESPECIAL + (S/DSI),20000.0,L,ESTACION DE SERVICIO ELISA S.R.L.,2291-ATI,Gasolina Especial +,GASOLINA_ESPECIAL_MAS,Ciudad,
2026-09-14,2026-09-14,True,False,Santa Cruz,GASOLINA ESPECIAL + (S/DSI),19900.0,L,ESTACION DE SERVICIO LA CIMA,297-ACK,Gasolina Especial +,GASOLINA_ESPECIAL_MAS,Ciudad,
2026-09-14,2026-09-14,True,False,Santa Cruz,GASOLINA ESPECIAL + (S/DSI),10000.0,L,ESTACION DE SERVICIO LOS MANGALES S.R.L.,1005-XLH,Gasolina Especial +,GASOLINA_ESPECIAL_MAS,Ciudad,
2026-09-14,2026-09-14,True,False,Santa Cruz,GASOLINA ESPECIAL + (S/DSI),20000.0,L,ESTACION DE SERVICIO RIVERO - LUIS ANTONIO RIVERO AÑEZ,681-FDU,Gasolina Especial +,GASOLINA_ESPECIAL_MAS,Ciudad,
2026-09-14,2026-09-14,True,False,Santa Cruz,GASOLINA ESPECIAL + (S/DSI),20000.0,L,ESTACION DE SERVICIO ORSA SRL-SUCURSAL 1,5583-ADI,Gasolina Especial +,GASOLINA_ESPECIAL_MAS,Provincia,
2026-09-14,2026-09-14,True,False,Santa Cruz,GASOLINA ESPECIAL + (S/DSI),10000.0,L,ESTACION DE SERVICIO MORAGRANDE S.R.L.,1893-NTP,Gasolina Especial +,GASOLINA_ESPECIAL_MAS,Ciudad,
2026-09-14,2026-09-14,True,False,Santa Cruz,GASOLINA ESPECIAL + (S/DSI),20000.0,L,"EMPRESA DAVILA IMPORTADORA-EXPORTADORA S.R.L. ""DAIMPORT - EXPORT LTDA""",846-IXK,Gasolina Especial +,GASOLINA_ESPECIAL_MAS,Ciudad,
2026-09-14,2026-09-14,True,False,Santa Cruz,GASOLINA ESPECIAL + (S/DSI),20000.0,L,ESTACION DE SERVICIO PANTANAL DEL ORIENTE-ALVARO LUIS AGUILAR ADRIAZOLA,584-RKD,Gasolina Especial +,GASOLINA_ESPECIAL_MAS,Ciudad,
2026-09-14,2026-09-14,True,False,Santa Cruz,GASOLINA ESPECIAL + (S/DSI),20000.0,L,ESTACION DE SERVICIO QUINTO ANILLO S.R.L.,3018-UKU,Gasolina Especial +,GASOLINA_ESPECIAL_MAS,Ciudad,
2026-09-14,2026-09-14,True,False,Santa Cruz,GASOLINA ESPECIAL + (S/DSI),20000.0,L,ESTACION DE SERVICIO YOTAU S.R.L.,3792-ENE,Gasolina Especial +,GASOLINA_ESPECIAL_MAS,Ciudad,
2026-09-14,2026-09-14,True,False,Santa Cruz,GASOLINA ESPECIAL + (S/DSI),20000.0,L,ESTACION DE SERVICIO TOTAITU N&T S.R.L.,3598-NKD,Gasolina Especial +,GASOLINA_ESPECIAL_MAS,Ciudad,
2026-09-14,2026-09-12,True,True,Santa Cruz,GASOLINA ESPECIAL + (S/DSI),10000.0,L,ESTACION DE SERVICIO DAVILA S.R.L.,1445-CDA,Gasolina Especial +,GASOLINA_ESPECIAL_MAS,Ciudad,
2026-09-14,2026-09-12,True,True,Santa Cruz,DIESEL OIL NACIONAL EESS,30000.0,L,TARIFA S.R.L.,5314-TZK,Diesel Oil Nacional,DIESEL_NACIONAL,Provincia,
2026-09-14,2026-09-12,True,True,Santa Cruz,DIESEL OIL NACIONAL EESS,30000.0,L,ESTACION DE SERVICIO EL TAJIBO OKINAWA,1122-SRR,Diesel Oil Nacional,DIESEL_NACIONAL,Provincia,
2026-09-14,2026-09-12,True,True,Santa Cruz,GASOLINA ESPECIAL + (S/DSI),25000.0,L,ESTACION DE SERVICIO DICOR S.R.L.,2231-NRU,Gasolina Especial +,GASOLINA_ESPECIAL_MAS,Ciudad,
2026-09-14,2026-09-12,True,True,Santa Cruz,GASOLINA ESPECIAL + (S/DSI),25000.0,L,ESTACION DE SERVICIOS VIRGEN DE COTOCA S.R.L.,3850-ANL,Gasolina Especial +,GASOLINA_ESPECIAL_MAS,Ciudad,
2026-09-14,2026-09-12,True,True,Santa Cruz,GASOLINA ESPECIAL + (S/DSI),5000.0,L,GENEX S.A SUCURSAL SANTA CRUZ ZONA ESTE,652-SRU,Gasolina Especial +,GASOLINA_ESPECIAL_MAS,Ciudad,
2026-09-14,2026-09-12,True,True,Santa Cruz,DIESEL OIL IMPORTADO EESS,15000.0,L,ESTACION DE SERVICIO EL TROMPILLO,863-XYY,Diesel Oil Importado,DIESEL_IMPORTADO,Ciudad,
2026-09-14,2026-09-12,True,True,Santa Cruz,GASOLINA ESPECIAL + (S/DSI),10000.0,L,ESTACION DE SERVICIO EL TROMPILLO,652-SRU,Gasolina Especial +,GASOLINA_ESPECIAL_MAS,Ciudad,
2026-09-14,2026-09-12,True,True,Santa Cruz,DIESEL OIL IMPORTADO EESS,35000.0,L,CENTRO DE COMERCIO Y SERVICIOS VALDIVIA FERRUFINO S.R.L.,2330-NLD,Diesel Oil Importado,DIESEL_IMPORTADO,Ciudad,
2026-09-14,2026-09-12,True,True,Santa Cruz,GASOLINA ESPECIAL + EESS,15000.0,L,ESTACION DE SERVICIO CHANE,399-LZN,Gasolina Especial +,GASOLINA_ESPECIAL_MAS,Provincia,
2026-09-14,2026-09-11,True,True,Santa Cruz,GASOLINA ESPECIAL + EESS,20000.0,L,ESTACION DE SERVICIO VELEZ-HEBERTH VELEZ CORTEZ,2801-GAB,Gasolina Especial +,GASOLINA_ESPECIAL_MAS,Provincia,
2026-09-14,2026-09-12,True,True,Santa Cruz,DIESEL OIL NACIONAL EESS,20000.0,L,ESTACION DE SERVICIO COCA-ENRRIQUE COCA LOPEZ,1132-FZP,Diesel Oil Nacional,DIESEL_NACIONAL,Provincia,
2026-09-14,2026-09-14,True,False,Santa Cruz,GLP DISTRIB. 45 KILOS NAL,5400.0,L,DIST. GLP. CRUCEÑITA VASA S.R.L.,3460-KTK,GLP,GLP,,
2026-09-14,2026-09-14,True,False,Santa Cruz,GLP DISTRIB. 10 KILOS NAL,12000.0,L,DIST. GLP. CRUCEÑITA VASA S.R.L.,2492-YHT,GLP,GLP,,
2026-09-14,2026-09-14,True,False,Santa Cruz,GLP DISTRIB. 10 KILOS NAL,11520.0,L,DIST. GLP. CRUCEÑITA VASA S.R.L.,816-FTN,GLP,GLP,,
2026-09-14,2026-09-11,True,True,Santa Cruz,GASOLINA ESPECIAL + EESS,15000.0,L,ESTACION DE SERVICIO MACONDO,1094-EIF,Gasolina Especial +,GASOLINA_ESPECIAL_MAS,Provincia,
2026-09-14,2026-09-14,True,False,Santa Cruz,GLP DISTRIB. 45 KILOS NAL,2250.0,L,CARMEN R. MELGAREJO GONZALES - DIST. CENTRO GAS,6663-IUD,GLP,GLP,,
2026-09-14,2026-09-14,True,False,Santa Cruz,GLP DISTRIB. 10 KILOS NAL,11090.0,L,CARMEN R. MELGAREJO GONZALES - DIST. CENTRO GAS,515-HGI,GLP,GLP,,
2026-09-14,2026-09-14,True,False,Santa Cruz,GLP DISTRIB. 10 KILOS NAL,11390.0,L,DIST. GLP. ALTAMARGAS Juan Pablo Melgarejo Iriarte,1316-NUG,GLP,GLP,,
2026-09-14,2026-09-12,True,True,Santa Cruz,GLP DISTRIB. 45 KILOS NAL,3600.0,L,DIST. GLP. ALTAMARGAS Juan Pablo Melgarejo Iriarte,3082-SBN,GLP,GLP,,
2026-09-14,2026-09-12,True,True,Santa Cruz,GLP DISTRIB. 45 KILOS NAL,4500.0,L,DIST. GLP. ALTAMARGAS Juan Pablo Melgarejo Iriarte,3586-ITS,GLP,GLP,,
2026-09-14,2026-09-14,True,False,Santa Cruz,GLP DISTRIB. 45 KILOS NAL,4050.0,L,SOPESE S.R.L.,6393-FTT,GLP,GLP,,
2026-09-14,2026-09-12,True,True,Santa Cruz,GLP DISTRIB. 10 KILOS NAL,12240.0,L,DIST. GLP. ALTAMARGAS Juan Pablo Melgarejo Iriarte,6683-TRA,GLP,GLP,,
2026-09-14,2026-09-14,True,False,Santa Cruz,GLP DISTRIB. 10 KILOS NAL,10530.0,L,SOPESE S.R.L.,578-IEC,GLP,GLP,,
2026-09-14,2026-09-12,True,True,Santa Cruz,GLP DISTRIB. 10 KILOS NAL,8520.0,L,SOPESE S.R.L.,5268-EKA,GLP,GLP,,
2026-09-14,2026-09-14,True,False,Santa Cruz,GLP DISTRIB. 10 KILOS NAL,10680.0,L,SOPESE S.R.L.,5268-EKA,GLP,GLP,,
2026-09-14,2026-09-12,True,True,Santa Cruz,GASOLINA ESPECIAL + (S/DSI),14000.0,L,COMPLEJO AUTOMOTRIZ VIRGEN DE URKUPIÑA S.R.L.,950-ZBY,Gasolina Especial +,GASOLINA_ESPECIAL_MAS,Ciudad,
2026-09-14,2026-09-12,True,True,Santa Cruz,DIESEL OIL IMPORTADO EESS,20000.0,L,ESTACION DE SERVICIO RADIAL 10 - HUGO FLORERO ORELLANA,948-PYS,Diesel Oil Importado,DIESEL_IMPORTADO,Ciudad,
2026-09-14,2026-09-12,True,True,Santa Cruz,GASOLINA ESPECIAL + (S/DSI),15000.0,L,ESTACION DE SERVICIO RADIAL 10 - HUGO FLORERO ORELLANA,948-PYS,Gasolina Especial +,GASOLINA_ESPECIAL_MAS,Ciudad,
2026-09-14,2026-09-11,True,True,Santa Cruz,DIESEL OIL NACIONAL EESS,20000.0,L,ESTACION DE SERVICIO SAN JOSE DE YAPACANI S.R.L.,1488-SXU,Diesel Oil Nacional,DIESEL_NACIONAL,Provincia,
2026-09-14,2026-09-11,True,True,Santa Cruz,GASOLINA ESPECIAL + (S/DSI),10000.0,L,COMPLEJO AUTOMOTRIZ VIRGEN DE URKUPIÑA S.R.L.,950-ZBY,Gasolina Especial +,GASOLINA_ESPECIAL_MAS,Ciudad,
2026-09-14,2026-09-10,True,True,Santa Cruz,GASOLINA ESPECIAL + EESS,20000.0,L,COMERCIALIZADORA DE HIDROCARBUROS ABJ S.R.L,6398-RNI,Gasolina Especial +,GASOLINA_ESPECIAL_MAS,Provincia,
2026-09-14,2026-09-10,True,True,Santa Cruz,GLP DISTRIB. 10 KILOS NAL,11220.0,L,DIST. GLP. ALTAMARGAS Juan Pablo Melgarejo Iriarte,1294-GFE,GLP,GLP,,
2026-09-14,2026-09-14,True,False,Santa Cruz,GLP DISTRIB. 10 KILOS NAL,10530.0,L,JYRL GAS - LOURDES MORALES DE QUIROZ,1892-EBR,GLP,GLP,,
2026-09-14,2026-09-08,True,True,Santa Cruz,GLP DISTRIB. 10 KILOS NAL,13200.0,L,JYRL GAS - LOURDES MORALES DE QUIROZ,302-HDB,GLP,GLP,,
2026-09-14,2026-09-14,True,False,Santa Cruz,GASOLINA ESPECIAL + (S/DSI),5000.0,L,ESTACION DE SERVICIO EMANUEL S.R.L.,3853-BSD,Gasolina Especial +,GASOLINA_ESPECIAL_MAS,Ciudad,
2026-09-14,2026-09-14,True,False,Santa Cruz,GASOLINA ESPECIAL + (S/DSI),10000.0,L,CENTRO DE COMERCIO Y SERVICIOS VALDIVIA FERRUFINO S.R.L.,3853-BSD,Gasolina Especial +,GASOLINA_ESPECIAL_MAS,Ciudad,
2026-09-14,2026-09-14,True,False,Santa Cruz,GASOLINA ESPECIAL + (S/DSI),20000.0,L,ESTACION DE SERVICIO EL TERO TERO DE CHICHITA - RODRIGO REMY AQUINO ALVARADO,2468-GTE,Gasolina Especial +,GASOLINA_ESPECIAL_MAS,Ciudad,
2026-09-12,2026-09-12,True,False,Santa Cruz,DIESEL OIL NACIONAL EESS,25000.0,L,TARIFA S.R.L.,5314-TZK,Diesel Oil Nacional,DIESEL_NACIONAL,Provincia,
2026-09-12,2026-09-12,True,False,Santa Cruz,DIESEL OIL NACIONAL EESS,25000.0,L,ESTACION DE SERVICIO CHANE,1074-IHH,Diesel Oil Nacional,DIESEL_NACIONAL,Provincia,
2026-09-12,2026-09-12,True,False,Santa Cruz,DIESEL OIL NACIONAL EESS,35000.0,L,ESTACION DE SERVICIO EL JUNTE-ALEJANDRA MARIEL BALCAZAR PAZ,468-RHE(1),Diesel Oil Nacional,DIESEL_NACIONAL,Provincia,
2026-09-12,2026-09-12,True,False,Santa Cruz,GASOLINA ESPECIAL + EESS,25000.0,L,ESTACION DE SERVICIO CARLOS ANDRES FI S.R.L.,373-ACE,Gasolina Especial +,GASOLINA_ESPECIAL_MAS,Provincia,
2026-09-12,2026-09-12,True,False,Santa Cruz,DIESEL OIL IMPORTADO EESS,25000.0,L,GENEX S.A-SUCURSAL S.C ZONA GUARACACHI,1115-DLF,Diesel Oil Importado,DIESEL_IMPORTADO,Ciudad,
2026-09-12,2026-09-12,True,False,Santa Cruz,GASOLINA ESPECIAL + (S/DSI),5000.0,L,ESTACION DE SERVICIO 3F OIL S.R.L.,953-UFL,Gasolina Especial +,GASOLINA_ESPECIAL_MAS,Ciudad,
2026-09-12,2026-09-12,True,False,Santa Cruz,DIESEL OIL IMPORTADO EESS,25000.0,L,ESTACION DE SERVICIO 3F OIL S.R.L.,953-UFL,Diesel Oil Importado,DIESEL_IMPORTADO,Ciudad,
2026-09-12,2026-09-12,True,False,Santa Cruz,DIESEL OIL IMPORTADO EESS,20000.0,L,ESTACION DE SERVICIO ELISA S.R.L.,2291-ATI,Diesel Oil Importado,DIESEL_IMPORTADO,Ciudad,
2026-09-12,2026-09-12,True,False,Santa Cruz,GASOLINA ESPECIAL + (S/DSI),24900.0,L,ESTACION DE SERVICIO LA CIMA,297-ACK,Gasolina Especial +,GASOLINA_ESPECIAL_MAS,Ciudad,
2026-09-12,2026-09-12,True,False,Santa Cruz,DIESEL OIL IMPORTADO EESS,10000.0,L,ESTACION DE SERVICIO EL TERO TERO DE CHICHITA - RODRIGO REMY AQUINO ALVARADO,2468-GTE,Diesel Oil Importado,DIESEL_IMPORTADO,Ciudad,
2026-09-12,2026-09-12,True,False,Santa Cruz,GASOLINA ESPECIAL + (S/DSI),25000.0,L,ESTACION DE SERVICIO SUR S.R.L.-SUCURSAL ESTACION DE SERVICIO LA TECA,2801-BYP,Gasolina Especial +,GASOLINA_ESPECIAL_MAS,Ciudad,
2026-09-12,2026-09-12,True,False,Santa Cruz,DIESEL OIL IMPORTADO EESS,25000.0,L,ESTACION DE SERVICIO PIRAI S.R.L. SUC. DOBLE VIA LA GUARDIA ESQ. OCTAVO ANILLO,4108-GPL,Diesel Oil Importado,DIESEL_IMPORTADO,Ciudad,
2026-09-12,2026-09-12,True,False,Santa Cruz,DIESEL OIL NACIONAL EESS,25000.0,L,ESTACION DE SERVICIO PAULINA S.R.L.,130-TKT,Diesel Oil Nacional,DIESEL_NACIONAL,Provincia,
2026-09-12,2026-09-12,True,False,Santa Cruz,DIESEL OIL IMPORTADO EESS,10000.0,L,ESTACION DE SERVICIO REFINERIA ORIENTAL S.A. - SUC. ZONA 4° ANILLO FRENTE A BUFALO PARK - SC,5775-AXE,Diesel Oil Importado,DIESEL_IMPORTADO,Ciudad,
2026-09-12,2026-09-12,True,False,Santa Cruz,DIESEL OIL IMPORTADO EESS,10000.0,L,REFINERIA ORIENTAL S.A.-SUC. BARRIO LAZARETO,5775-AXE,Diesel Oil Importado,DIESEL_IMPORTADO,Ciudad,
2026-09-12,2026-09-12,True,False,Santa Cruz,GASOLINA ESPECIAL + (S/DSI),10000.0,L,REFINERIA ORIENTAL S.A. SUCURSAL MONTECRISTO,2801-BYP,Gasolina Especial +,GASOLINA_ESPECIAL_MAS,Ciudad,
2026-09-12,2026-09-12,True,False,Santa Cruz,GASOLINA ESPECIAL + EESS,30000.0,L,ESTACION DE SERVICIO SUR S.R.L. SUCURSAL MONTE VERDE,1469-PUA,Gasolina Especial +,GASOLINA_ESPECIAL_MAS,Provincia,
2026-09-12,2026-09-11,True,True,Santa Cruz,GASOLINA ESPECIAL + EESS,15000.0,L,ESTACION DE SERVICIO EL JUNTE II-ALEJANDRA MARIEL BALCAZAR PAZ,553-ESR,Gasolina Especial +,GASOLINA_ESPECIAL_MAS,Provincia,
2026-09-12,2026-09-11,True,True,Santa Cruz,GASOLINA ESPECIAL + EESS,20000.0,L,ESTACION DE SERVICIO EL JUNTE-ALEJANDRA MARIEL BALCAZAR PAZ,553-ESR,Gasolina Especial +,GASOLINA_ESPECIAL_MAS,Provincia,
2026-09-12,2026-09-11,True,True,Santa Cruz,DIESEL OIL NACIONAL EESS,20000.0,L,ESTACION DE SERVICIO CHANE,399-LZN,Diesel Oil Nacional,DIESEL_NACIONAL,Provincia,
2026-09-12,2026-09-12,True,False,Santa Cruz,GASOLINA ESPECIAL + (S/DSI),20000.0,L,REFINERIA ORIENTAL S.A.-SUC. TERCER ANILLO INTERNO FRENTE CANCHITA ROYAL,1113-EAA,Gasolina Especial +,GASOLINA_ESPECIAL_MAS,Ciudad,
2026-09-12,2026-09-12,True,False,Santa Cruz,GASOLINA ESPECIAL + (S/DSI),25000.0,L,REFINERIA ORIENTAL S.A.,4530-FIY,Gasolina Especial +,GASOLINA_ESPECIAL_MAS,Ciudad,
2026-09-12,2026-09-11,True,True,Santa Cruz,GASOLINA ESPECIAL + (S/DSI),9900.0,L,ESTACION DE SERVICIO URBARI SRL,375-KIH,Gasolina Especial +,GASOLINA_ESPECIAL_MAS,Ciudad,
2026-09-12,2026-09-12,True,False,Santa Cruz,DIESEL OIL IMPORTADO EESS,25000.0,L,ESTACION DE SERVICIO REYNALDO CORTEZ QUISPE,5312-NXE,Diesel Oil Importado,DIESEL_IMPORTADO,Ciudad,
2026-09-12,2026-09-12,True,False,Santa Cruz,DIESEL OIL NACIONAL EESS,30000.0,L,ESTACION DE SERVICIO SAN SILVESTRE,3448-YKA,Diesel Oil Nacional,DIESEL_NACIONAL,Provincia,
2026-09-12,2026-09-11,True,True,Santa Cruz,GASOLINA ESPECIAL + (S/DSI),10000.0,L,ESTACION DE SERVICIO LAS CONCHAS S.R.L.-SUCURSAL LA ENCONADA,1105-YXR,Gasolina Especial +,GASOLINA_ESPECIAL_MAS,Provincia,
2026-09-12,2026-09-12,True,False,Santa Cruz,GASOLINA ESPECIAL + (S/DSI),10000.0,L,EMPRESA DE SERVICIOS 8 DE NOVIEMBRE LTDA.,1831-SEK,Gasolina Especial +,GASOLINA_ESPECIAL_MAS,Ciudad,
2026-09-12,2026-09-12,True,False,Santa Cruz,GASOLINA ESPECIAL + EESS,20000.0,L,ESTACION DE SERVICIO TORRIAYALA S.R.L.,1066-TLK,Gasolina Especial +,GASOLINA_ESPECIAL_MAS,Provincia,
2026-09-12,2026-09-12,True,False,Santa Cruz,GASOLINA ESPECIAL + EESS,20000.0,L,ESTACION DE SERVICIO ARACATACA,878-ENK,Gasolina Especial +,GASOLINA_ESPECIAL_MAS,Provincia,
2026-09-12,2026-09-12,True,False,Santa Cruz,DIESEL OIL IMPORTADO EESS,25000.0,L,COMPLEJO AUTOMOTRIZ VIRGEN DE URKUPIÑA S.R.L.,950-ZBY,Diesel Oil Importado,DIESEL_IMPORTADO,Ciudad,
2026-09-12,2026-09-12,True,False,Santa Cruz,DIESEL OIL NACIONAL EESS,30000.0,L,ESTACION DE SERVICIO FLORES-SIMONA FLORES FLORES,4059-FXU,Diesel Oil Nacional,DIESEL_NACIONAL,Provincia,
2026-09-12,2026-09-11,True,True,Santa Cruz,GASOLINA ESPECIAL + EESS,20000.0,L,ESTACION DE SERVICIO FLORES-SIMONA FLORES FLORES,1757-BGC,Gasolina Especial +,GASOLINA_ESPECIAL_MAS,Provincia,
2026-09-12,2026-09-11,True,True,Santa Cruz,GASOLINA ESPECIAL + EESS,20000.0,L,MUYURINA LTDA,647-NPX,Gasolina Especial +,GASOLINA_ESPECIAL_MAS,Provincia,
2026-09-12,2026-09-11,True,True,Santa Cruz,DIESEL OIL NACIONAL EESS,35000.0,L,ESTACION DE SERVICIO SAYE S.R.L.,4414-NAH,Diesel Oil Nacional,DIESEL_NACIONAL,Provincia,
2026-09-12,2026-09-12,True,False,Santa Cruz,DIESEL OIL IMPORTADO EESS,25000.0,L,ESTACION DE SERVICIO LA COLORADA,2120-PKF,Diesel Oil Importado,DIESEL_IMPORTADO,Ciudad,
2026-09-12,2026-09-12,True,False,Santa Cruz,GASOLINA ESPECIAL + EESS,5000.0,L,ESTACION DE SERVICIO LAS CONCHAS S.R.L.,389-IPX,Gasolina Especial +,GASOLINA_ESPECIAL_MAS,Provincia,
2026-09-12,2026-09-12,True,False,Santa Cruz,DIESEL OIL NACIONAL EESS,25000.0,L,ESTACION DE SERVICIO LAS CONCHAS S.R.L.,389-IPX,Diesel Oil Nacional,DIESEL_NACIONAL,Provincia,
2026-09-12,2026-09-12,True,False,Santa Cruz,GASOLINA ESPECIAL + (S/DSI),20000.0,L,ESTACION DE SERVICIO MORAGRANDE S.R.L.,1893-NTP,Gasolina Especial +,GASOLINA_ESPECIAL_MAS,Ciudad,
2026-09-12,2026-09-11,True,True,Santa Cruz,GASOLINA ESPECIAL + (S/DSI),20000.0,L,ESTACION DE SERVICIO SUR S.R.L.,514-HHE,Gasolina Especial +,GASOLINA_ESPECIAL_MAS,Ciudad,
2026-09-12,2026-09-11,True,True,Santa Cruz,GASOLINA ESPECIAL + (S/DSI),10000.0,L,ESTACION DE SERVICIO MORAGRANDE S.R.L.,1893-NTP,Gasolina Especial +,GASOLINA_ESPECIAL_MAS,Ciudad,
2026-09-12,2026-09-10,True,True,Santa Cruz,GASOLINA ESPECIAL + EESS,30000.0,L,"EE.SS. COOP. DE SERVICIOS PUBLICOS DE AGUA POTABLE Y ALCANTARILLADO ""MONTES CLAROS"" R.L.",3134-RAX,Gasolina Especial +,GASOLINA_ESPECIAL_MAS,Provincia,
2026-09-12,2026-09-09,True,True,Santa Cruz,GASOLINA ESPECIAL + (S/DSI),20000.0,L,SURTIDOR COTOCA - JOSE RAMIRO AYALA FLORES,2338-FGD,Gasolina Especial +,GASOLINA_ESPECIAL_MAS,Ciudad,
2026-09-12,2026-09-12,True,False,Santa Cruz,DIESEL OIL IMPORTADO EESS,10000.0,L,SURTIDOR EL PALMAR - DIONICIO CONDORI RODRIGUEZ,782-YPK,Diesel Oil Importado,DIESEL_IMPORTADO,Ciudad,
2026-09-12,2026-09-12,True,False,Santa Cruz,GASOLINA ESPECIAL + (S/DSI),10000.0,L,SURTIDOR EL PALMAR - DIONICIO CONDORI RODRIGUEZ,782-YPK,Gasolina Especial +,GASOLINA_ESPECIAL_MAS,Ciudad,
2026-09-12,2026-09-12,True,False,Santa Cruz,GASOLINA ESPECIAL + (S/DSI),15000.0,L,GENEX S.A-SUCURSAL S.C ZONA GUARACACHI,851-SLG,Gasolina Especial +,GASOLINA_ESPECIAL_MAS,Ciudad,
2026-09-12,2026-09-12,True,False,Santa Cruz,GASOLINA ESPECIAL + (S/DSI),10000.0,L,GENEX S.A SUCURSAL S.C ZONA GUALBERTO VILLARROEL,851-SLG,Gasolina Especial +,GASOLINA_ESPECIAL_MAS,Ciudad,
2026-09-12,2026-09-12,True,False,Santa Cruz,DIESEL OIL IMPORTADO GRACO,35000.0,L,GRUPO MONTESANTO S.R.L.,3877-PTG,Diesel Oil Importado,DIESEL_IMPORTADO,,
2026-09-12,2026-09-12,True,False,Santa Cruz,GASOLINA ESPECIAL + (S/DSI),10000.0,L,ESTACION DE SERVICIO EL TROMPILLO,851-SLG,Gasolina Especial +,GASOLINA_ESPECIAL_MAS,Ciudad,
2026-09-12,2026-09-12,True,False,Santa Cruz,GASOLINA ESPECIAL + (S/DSI),20000.0,L,YVU CENTRO DE SERVICIOS Y COMERCIO S.R.L.,1060-PIT,Gasolina Especial +,GASOLINA_ESPECIAL_MAS,Ciudad,
2026-09-12,2026-09-12,True,False,Santa Cruz,GASOLINA ESPECIAL + (S/DSI),5000.0,L,ESTACION DE SERVICIO LAS CONCHAS S.R.L.-SUCURSAL LA ENCONADA,1105-YXR,Gasolina Especial +,GASOLINA_ESPECIAL_MAS,Provincia,
2026-09-12,2026-09-12,True,False,Santa Cruz,DIESEL OIL IMPORTADO EESS,20000.0,L,ESTACION DE SERVICIO LAS CONCHAS S.R.L.-SUCURSAL LA ENCONADA,1105-YXR,Diesel Oil Importado,DIESEL_IMPORTADO,Provincia,
2026-09-12,2026-09-12,True,False,Santa Cruz,GASOLINA ESPECIAL + (S/DSI),20000.0,L,ESTACION DE SERVICIO VERGARA - FABIOLA NOEMI ZORRILLO VERGARA,1184-YND,Gasolina Especial +,GASOLINA_ESPECIAL_MAS,Ciudad,
2026-09-12,2026-09-12,True,False,Santa Cruz,GASOLINA ESPECIAL + (S/DSI),10000.0,L,GENEX S.A-SUCURSAL S.C ZONA GUARACACHI,1166-FCU,Gasolina Especial +,GASOLINA_ESPECIAL_MAS,Ciudad,
2026-09-12,2026-09-12,True,False,Santa Cruz,GASOLINA ESPECIAL + (S/DSI),15000.0,L,GENEX S.A. SUCURSAL ZONA NOR ESTE,1166-FCU,Gasolina Especial +,GASOLINA_ESPECIAL_MAS,Ciudad,
2026-09-12,2026-09-12,True,False,Santa Cruz,DIESEL OIL NACIONAL EESS,35000.0,L,ESTACION DE SERVICIO SAN SALVADOR - SILVIA VARGAS CRESPO,2307-HGK,Diesel Oil Nacional,DIESEL_NACIONAL,Provincia,
2026-09-12,2026-09-12,True,False,Santa Cruz,GASOLINA ESPECIAL + EESS,20000.0,L,ESTACION DE SERVICIO DURAZNERO-DANA FLORES DAVALOS,2182-HII,Gasolina Especial +,GASOLINA_ESPECIAL_MAS,Provincia,
2026-09-12,2026-09-12,True,False,Santa Cruz,DIESEL OIL IMPORTADO EESS,30000.0,L,ESTACION DE SERVICIOS VIRGEN DE COTOCA S.R.L.,1174-GCP,Diesel Oil Importado,DIESEL_IMPORTADO,Ciudad,
2026-09-12,2026-09-12,True,False,Santa Cruz,DIESEL OIL IMPORTADO EESS,25000.0,L,SERVICIOS GENERALES LA CAÑADA S.R.L.,2215-HBF,Diesel Oil Importado,DIESEL_IMPORTADO,Ciudad,
2026-09-12,2026-09-12,True,False,Santa Cruz,GASOLINA ESPECIAL + (S/DSI),5000.0,L,ESTACION DE SERVICIO SANTOS DUMONT NOGALES,961-XHP,Gasolina Especial +,GASOLINA_ESPECIAL_MAS,Ciudad,
2026-09-12,2026-09-12,True,False,Santa Cruz,DIESEL OIL IMPORTADO EESS,25000.0,L,ESTACION DE SERVICIO LAS ORQUIDEAS S.R.L.,1176-UST,Diesel Oil Importado,DIESEL_IMPORTADO,Ciudad,
2026-09-12,2026-09-12,True,False,Santa Cruz,DIESEL OIL NACIONAL EESS,25000.0,L,ESTACION DE SERVICIO LA GUARDIA,1803-YHK,Diesel Oil Nacional,DIESEL_NACIONAL,Provincia,
2026-09-12,2026-09-12,True,False,Santa Cruz,GASOLINA ESPECIAL + EESS,20000.0,L,TARIFA S.R.L.,1636-FLK,Gasolina Especial +,GASOLINA_ESPECIAL_MAS,Provincia,
2026-09-12,2026-09-12,True,False,Santa Cruz,DIESEL OIL IMPORTADO EESS,25000.0,L,ESTACION DE SERVICIO DICOR S.R.L.,2231-NRU,Diesel Oil Importado,DIESEL_IMPORTADO,Ciudad,
2026-09-12,2026-09-12,True,False,Santa Cruz,DIESEL OIL IMPORTADO GRACO,11300.0,L,POPLAR CAPITAL S.A.,516-ULX,Diesel Oil Importado,DIESEL_IMPORTADO,,
2026-09-12,2026-09-12,True,False,Santa Cruz,DIESEL OIL IMPORTADO GRACO,22700.0,L,POPLAR CAPITAL S.A.,516-ULX,Diesel Oil Importado,DIESEL_IMPORTADO,,
2026-09-12,2026-09-12,True,False,Santa Cruz,GASOLINA ESPECIAL + (S/DSI),15000.0,L,COMPAÑIA COMERCIAL DE GAS COMPRIMIDO C.G.C. S.R.L.,2511-RLA,Gasolina Especial +,GASOLINA_ESPECIAL_MAS,Ciudad,
2026-09-12,2026-09-12,True,False,Santa Cruz,GASOLINA ESPECIAL + EESS,20000.0,L,ESTACION DE SERVICIO SAN SALVADOR - SILVIA VARGAS CRESPO,820-AHG,Gasolina Especial +,GASOLINA_ESPECIAL_MAS,Provincia,
2026-09-12,2026-09-12,True,False,Santa Cruz,GASOLINA ESPECIAL + (S/DSI),15000.0,L,ESTACION DE SERVICIO MONTAÑO S.R.L.,3031-PAN,Gasolina Especial +,GASOLINA_ESPECIAL_MAS,Ciudad,
2026-09-12,2026-09-12,True,False,Santa Cruz,GASOLINA ESPECIAL + (S/DSI),20000.0,L,REFRIGAS S.R.L.,1123-RNR,Gasolina Especial +,GASOLINA_ESPECIAL_MAS,Ciudad,
2026-09-12,2026-09-12,True,False,Santa Cruz,GASOLINA ESPECIAL + (S/DSI),20000.0,L,ESTACION DE SERVICIO SAN LUIS,543-PUY,Gasolina Especial +,GASOLINA_ESPECIAL_MAS,Ciudad,
2026-09-12,2026-09-12,True,False,Santa Cruz,GASOLINA ESPECIAL + (S/DSI),15000.0,L,ESTACION DE SERVICIO SAN LUIS I,543-PUY,Gasolina Especial +,GASOLINA_ESPECIAL_MAS,Ciudad,
2026-09-12,2026-09-12,True,False,Santa Cruz,GASOLINA ESPECIAL + EESS,20000.0,L,ESTACION DE SERVICIO DANA S.R.L.,5638-CXH,Gasolina Especial +,GASOLINA_ESPECIAL_MAS,Provincia,
2026-09-12,2026-09-12,True,False,Santa Cruz,DIESEL OIL NACIONAL EESS,25000.0,L,ESTACION DE SERVICIO VELEZ-HEBERTH VELEZ CORTEZ,1504-CKU,Diesel Oil Nacional,DIESEL_NACIONAL,Provincia,
2026-09-12,2026-09-12,True,False,Santa Cruz,DIESEL OIL NACIONAL EESS,25000.0,L,ESTACION DE SERVICIO SAN JAVIER-MARISOL NEGRETE AGUIRRE,379-LRR,Diesel Oil Nacional,DIESEL_NACIONAL,Provincia,
2026-09-12,2026-09-12,True,False,Santa Cruz,GASOLINA ESPECIAL + EESS,20000.0,L,ESTACION DE SERVICIO COCA-ENRRIQUE COCA LOPEZ,1132-FZP,Gasolina Especial +,GASOLINA_ESPECIAL_MAS,Provincia,
2026-09-12,2026-09-12,True,False,Santa Cruz,DIESEL OIL NACIONAL EESS,35000.0,L,ESTACION DE SERVICIO CASCABEL SUC. CUATRO CAÑADAS-YOHANA PAOLA VACA GUZMAN,4124-YBX,Diesel Oil Nacional,DIESEL_NACIONAL,Provincia,
2026-09-12,2026-09-12,True,False,Santa Cruz,DIESEL OIL NACIONAL EESS,20000.0,L,ABERI SRL,303-DEH,Diesel Oil Nacional,DIESEL_NACIONAL,Provincia,
2026-09-12,2026-09-12,True,False,Santa Cruz,DIESEL OIL IMPORTADO EESS,30000.0,L,ESTACION DE SERVICIO GUAYACAN S.R.L.,1190-YPG,Diesel Oil Importado,DIESEL_IMPORTADO,Ciudad,
2026-09-12,2026-09-11,True,True,Santa Cruz,GASOLINA ESPECIAL + EESS,20000.0,L,ESTACION DE SERVICIO EL AGRICULTOR-CLAUDINA PILLCO LOZA,2251-LZR,Gasolina Especial +,GASOLINA_ESPECIAL_MAS,Provincia,
2026-09-12,2026-09-11,True,True,Santa Cruz,DIESEL OIL NACIONAL EESS,15000.0,L,SURTIDOR SANTIAGUITO - E. FABIOLA TORRICO C.,2483-HPX,Diesel Oil Nacional,DIESEL_NACIONAL,Provincia,
2026-09-12,2026-09-11,True,True,Santa Cruz,DIESEL OIL IMPORTADO EESS,5000.0,L,VANGAS S.A,863-XYY,Diesel Oil Importado,DIESEL_IMPORTADO,Ciudad,
2026-09-12,2026-09-11,True,True,Santa Cruz,DIESEL OIL IMPORTADO EESS,10000.0,L,ESTACION DE SERVICIO EL TROMPILLO,863-XYY,Diesel Oil Importado,DIESEL_IMPORTADO,Ciudad,
2026-09-12,2026-09-11,True,True,Santa Cruz,GASOLINA ESPECIAL + (S/DSI),15000.0,L,GENEX S.A-SUCURSAL S.C ZONA GUARACACHI,878-ENK,Gasolina Especial +,GASOLINA_ESPECIAL_MAS,Ciudad,
2026-09-12,2026-09-12,True,False,Santa Cruz,DIESEL OIL NACIONAL EESS,25000.0,L,"ESTACION DE SERVICIO ""S.J"" S.R.L.",3598-KXG,Diesel Oil Nacional,DIESEL_NACIONAL,Provincia,
2026-09-12,2026-09-12,True,False,Santa Cruz,DIESEL OIL IMPORTADO EESS,24000.0,L,YVU CENTRO DE SERVICIOS Y COMERCIO S.R.L.,1060-PIT,Diesel Oil Importado,DIESEL_IMPORTADO,Ciudad,
2026-09-12,2026-09-12,True,False,Santa Cruz,GASOLINA ESPECIAL + (S/DSI),20000.0,L,ESTACION DE SERVICIO REYNALDO CORTEZ QUISPE,5342-KHY,Gasolina Especial +,GASOLINA_ESPECIAL_MAS,Ciudad,
2026-09-12,2026-09-12,True,False,Santa Cruz,GASOLINA ESPECIAL + (S/DSI),25000.0,L,ESTACION DE SERVICIO TRES PASOS AL FRENTE - VITALIANO ROJAS OLIVERA,2024-CIX,Gasolina Especial +,GASOLINA_ESPECIAL_MAS,Ciudad,
2026-09-12,2026-09-12,True,False,Santa Cruz,GASOLINA ESPECIAL + (S/DSI),20000.0,L,R&E 3000 S.R.L.,1286-HYN,Gasolina Especial +,GASOLINA_ESPECIAL_MAS,Ciudad,
2026-09-12,2026-09-12,True,False,Santa Cruz,DIESEL OIL IMPORTADO EESS,25000.0,L,ESTACION DE SERVICIO CLUB GAZEL S.R.L.,2229-HLP,Diesel Oil Importado,DIESEL_IMPORTADO,Ciudad,
2026-09-12,2026-09-11,True,True,Santa Cruz,DIESEL OIL NACIONAL EESS,35000.0,L,ESTACION DE SERVICIO LOS BIBOSIS S.R.L.,5631-AZA,Diesel Oil Nacional,DIESEL_NACIONAL,Provincia,
2026-09-12,2026-09-12,True,False,Santa Cruz,DIESEL OIL IMPORTADO EESS,25000.0,L,ESTACION DE SERVICIO PANTANAL DEL ORIENTE-ALVARO LUIS AGUILAR ADRIAZOLA,2497-AFH,Diesel Oil Importado,DIESEL_IMPORTADO,Ciudad,
2026-09-12,2026-09-10,True,True,Santa Cruz,GASOLINA ESPECIAL + EESS,15000.0,L,SURTIDOR SANTIAGUITO - E. FABIOLA TORRICO C.,2483-HPX,Gasolina Especial +,GASOLINA_ESPECIAL_MAS,Provincia,
2026-09-12,2026-09-12,True,False,Santa Cruz,GASOLINA ESPECIAL + (S/DSI),25000.0,L,SURTIDOR VARDONA - SUSANA POEHLMANN GARCIA,863-RUI,Gasolina Especial +,GASOLINA_ESPECIAL_MAS,Ciudad,
2026-09-12,2026-09-12,True,False,Santa Cruz,GASOLINA ESPECIAL + (S/DSI),10000.0,L,GENEX S.A SUCURSAL SANTA CRUZ ZONA SANTA ROSA,1285-UKF,Gasolina Especial +,GASOLINA_ESPECIAL_MAS,Ciudad,
2026-09-12,2026-09-12,True,False,Santa Cruz,GASOLINA ESPECIAL + (S/DSI),10000.0,L,VANGAS S.A,1285-UKF,Gasolina Especial +,GASOLINA_ESPECIAL_MAS,Ciudad,
2026-09-12,2026-09-12,True,False,Santa Cruz,GASOLINA ESPECIAL + (S/DSI),10000.0,L,GENEX S.A SUCURSAL SANTA CRUZ ZONA LA RAMADA,1285-UKF,Gasolina Especial +,GASOLINA_ESPECIAL_MAS,Ciudad,
2026-09-12,2026-09-12,True,False,Santa Cruz,GASOLINA ESPECIAL + (S/DSI),10000.0,L,ESTACION DE SERVICIO EL GASOMETRO S.R.L.,1393-GFA,Gasolina Especial +,GASOLINA_ESPECIAL_MAS,Ciudad,
2026-09-12,2026-09-12,True,False,Santa Cruz,GASOLINA ESPECIAL + (S/DSI),20000.0,L,ESTACION DE SERVICIO LA CHORRERA SRL,1393-GFA,Gasolina Especial +,GASOLINA_ESPECIAL_MAS,Ciudad,
2026-09-12,2026-09-12,True,False,Santa Cruz,GASOLINA ESPECIAL + (S/DSI),20000.0,L,GENEX S.A SUCURSAL SANTA CRUZ ZONA ESTE,1166-FCU,Gasolina Especial +,GASOLINA_ESPECIAL_MAS,Ciudad,
2026-09-12,2026-09-12,True,False,Santa Cruz,GASOLINA ESPECIAL + (S/DSI),15000.0,L,GENEX S.A SUCURSAL S.C ZONA GUALBERTO VILLARROEL,1166-FCU,Gasolina Especial +,GASOLINA_ESPECIAL_MAS,Ciudad,
2026-09-12,2026-09-12,True,False,Santa Cruz,DIESEL OIL IMPORTADO GRACO,35000.0,L,FERROVIARIA ORIENTAL SA,2981-NTP,Diesel Oil Importado,DIESEL_IMPORTADO,,
2026-09-12,2026-09-12,True,False,Santa Cruz,GASOLINA ESPECIAL + (S/DSI),15000.0,L,CENTRO DE COMERCIO Y SERVICIOS VALDIVIA FERRUFINO S.R.L.,3853-BSD,Gasolina Especial +,GASOLINA_ESPECIAL_MAS,Ciudad,
2026-09-12,2026-09-12,True,False,Santa Cruz,GASOLINA ESPECIAL + (S/DSI),10000.0,L,ESTACION DE SERVICIO EMANUEL S.R.L.,3853-BSD,Gasolina Especial +,GASOLINA_ESPECIAL_MAS,Ciudad,
2026-09-12,2026-09-12,True,False,Santa Cruz,GASOLINA ESPECIAL + (S/DSI),5000.0,L,BICENTENARIO SRL,2434-YRP,Gasolina Especial +,GASOLINA_ESPECIAL_MAS,,
2026-09-12,2026-09-11,True,True,Santa Cruz,GASOLINA ESPECIAL + (S/DSI),10000.0,L,ESTACION DE SERVICIO LOS COYUYOS-JULIA GONZALES,3589-UKG,Gasolina Especial +,GASOLINA_ESPECIAL_MAS,Ciudad,
2026-09-12,2026-09-11,True,True,Santa Cruz,GASOLINA ESPECIAL + (S/DSI),10000.0,L,ESTACION DE SERVICIO VERGARA - FABIOLA NOEMI ZORRILLO VERGARA,1184-YND,Gasolina Especial +,GASOLINA_ESPECIAL_MAS,Ciudad,
2026-09-12,2026-09-12,True,False,Santa Cruz,GASOLINA ESPECIAL + (S/DSI),15000.0,L,ESTACION DE SERVICIO 3F OIL S.R.L.,953-UFL,Gasolina Especial +,GASOLINA_ESPECIAL_MAS,Ciudad,
2026-09-12,2026-09-12,True,False,Santa Cruz,DIESEL OIL NACIONAL EESS,35000.0,L,SURTIDOR ACIPA - SJ S.R.L.,6475-PAS,Diesel Oil Nacional,DIESEL_NACIONAL,Provincia,
2026-09-12,2026-09-11,True,True,Santa Cruz,DIESEL OIL IMPORTADO EESS,20000.0,L,ESTACION DE SERVICIO LOS COYUYOS-JULIA GONZALES,3589-UKG,Diesel Oil Importado,DIESEL_IMPORTADO,Ciudad,
2026-09-12,2026-09-11,True,True,Santa Cruz,DIESEL OIL IMPORTADO EESS,5000.0,L,ESTACION DE SERVICIO DAVILA S.R.L.,1445-CDA,Diesel Oil Importado,DIESEL_IMPORTADO,Ciudad,
2026-09-12,2026-09-12,True,False,Santa Cruz,DIESEL OIL IMPORTADO EESS,15000.0,L,ESTACION DE SERVICIO ELISA S.R.L.,2291-ATI,Diesel Oil Importado,DIESEL_IMPORTADO,Ciudad,
2026-09-12,2026-09-12,True,False,Santa Cruz,GASOLINA ESPECIAL + (S/DSI),25000.0,L,ESTACION DE SERVICIO EL TERO TERO DE CHICHITA - RODRIGO REMY AQUINO ALVARADO,2468-GTE,Gasolina Especial +,GASOLINA_ESPECIAL_MAS,Ciudad,
2026-09-12,2026-09-12,True,False,Santa Cruz,DIESEL OIL IMPORTADO EESS,25000.0,L,ESTACION DE SERVICIO DAVILA S.R.L.,1445-CDA,Diesel Oil Importado,DIESEL_IMPORTADO,Ciudad,
2026-09-12,2026-09-12,True,False,Santa Cruz,GASOLINA ESPECIAL + (S/DSI),5000.0,L,ESTACION DE SERVICIO RIVERO - LUIS ANTONIO RIVERO AÑEZ,681-FDU,Gasolina Especial +,GASOLINA_ESPECIAL_MAS,Ciudad,
2026-09-12,2026-09-12,True,False,Santa Cruz,GASOLINA ESPECIAL + (S/DSI),15000.0,L,ESTACION DE SERVICIO SANTA MARIA,1044-PLP,Gasolina Especial +,GASOLINA_ESPECIAL_MAS,Ciudad,
2026-09-12,2026-09-12,True,False,Santa Cruz,GASOLINA ESPECIAL + (S/DSI),20000.0,L,ESTACION DE SERVICIO PALMASOLA,1044-PLP,Gasolina Especial +,GASOLINA_ESPECIAL_MAS,Ciudad,
2026-09-12,2026-09-12,True,False,Santa Cruz,DIESEL OIL IMPORTADO EESS,25000.0,L,ESTACION DE SERVICIO PALMASOLA,514-HAC,Diesel Oil Importado,DIESEL_IMPORTADO,Ciudad,
2026-09-12,2026-09-12,True,False,Santa Cruz,DIESEL OIL IMPORTADO EESS,25000.0,L,ESTACION DE SERVICIO SUR S.R.L.-SUCURSAL ESTACION DE SERVICIO LA TECA,2447-AGD,Diesel Oil Importado,DIESEL_IMPORTADO,Ciudad,
2026-09-12,2026-09-12,True,False,Santa Cruz,GASOLINA ESPECIAL + (S/DSI),5000.0,L,GASCO S.R.L.,1999-CDP,Gasolina Especial +,GASOLINA_ESPECIAL_MAS,Ciudad,
2026-09-12,2026-09-12,True,False,Santa Cruz,GASOLINA ESPECIAL + (S/DSI),20000.0,L,GASCO S.R.L.,1388-TGA,Gasolina Especial +,GASOLINA_ESPECIAL_MAS,Ciudad,
2026-09-12,2026-09-12,True,False,Santa Cruz,DIESEL OIL NACIONAL EESS,25000.0,L,ESTACION DE SERVICIO MINERO-JHONNY QUINTEROS VASQUEZ,5351-UAG,Diesel Oil Nacional,DIESEL_NACIONAL,Provincia,
2026-09-12,2026-09-12,True,False,Santa Cruz,GASOLINA ESPECIAL + (S/DSI),10000.0,L,ESTACION DE SERVICIO PIRAI S.R.L.,1469-PUA,Gasolina Especial +,GASOLINA_ESPECIAL_MAS,Ciudad,
2026-09-12,2026-09-12,True,False,Santa Cruz,DIESEL OIL IMPORTADO EESS,15000.0,L,REFINERIA ORIENTAL S.A. SUCURSAL MONTECRISTO,2801-BYP,Diesel Oil Importado,DIESEL_IMPORTADO,Ciudad,
2026-09-12,2026-09-12,True,False,Santa Cruz,DIESEL OIL IMPORTADO EESS,10000.0,L,REFINERIA ORIENTAL S.A. SUCURSAL MONTECRISTO,2447-AGD,Diesel Oil Importado,DIESEL_IMPORTADO,Ciudad,
2026-09-12,2026-09-12,True,False,Santa Cruz,GASOLINA ESPECIAL + (S/DSI),15000.0,L,REFINERIA ORIENTAL S.A. SUCURSAL MONTECRISTO,437-KYY,Gasolina Especial +,GASOLINA_ESPECIAL_MAS,Ciudad,
2026-09-12,2026-09-12,True,False,Santa Cruz,GASOLINA ESPECIAL + (S/DSI),5000.0,L,REFINERIA ORIENTAL S.A. SUC. NOR ESTE,1999-CDP,Gasolina Especial +,GASOLINA_ESPECIAL_MAS,Ciudad,
2026-09-12,2026-09-12,True,False,Santa Cruz,DIESEL OIL IMPORTADO EESS,25000.0,L,ESTACION DE SERVICIO SUR SRL SUCURSAL 3,825-ATI,Diesel Oil Importado,DIESEL_IMPORTADO,Ciudad,
2026-09-12,2026-09-12,True,False,Santa Cruz,DIESEL OIL IMPORTADO EESS,15000.0,L,ESTACION DE SERVICIO SUR S.R.L. SUCURSAL 2,2801-BYP,Diesel Oil Importado,DIESEL_IMPORTADO,Ciudad,
2026-09-12,2026-09-12,True,False,Santa Cruz,DIESEL OIL IMPORTADO EESS,10000.0,L,ESTACION DE SERVICIO SUR S.R.L. SUCURSAL 2,825-ATI,Diesel Oil Importado,DIESEL_IMPORTADO,Ciudad,
2026-09-12,2026-09-12,True,False,Santa Cruz,GASOLINA ESPECIAL + (S/DSI),25000.0,L,ESTACION DE SERVICIO SUR SRL SUCURSAL 3,1390-DBC,Gasolina Especial +,GASOLINA_ESPECIAL_MAS,Ciudad,
2026-09-12,2026-09-12,True,False,Santa Cruz,GASOLINA ESPECIAL + (S/DSI),15000.0,L,ESTACION DE SERVICIO SUR S.R.L. SUCURSAL 2,4530-FIY,Gasolina Especial +,GASOLINA_ESPECIAL_MAS,Ciudad,
2026-09-12,2026-09-12,True,False,Santa Cruz,GASOLINA ESPECIAL + (S/DSI),10000.0,L,ESTACION DE SERVICIO SUR S.R.L. SUCURSAL 2,1390-DBC,Gasolina Especial +,GASOLINA_ESPECIAL_MAS,Ciudad,
2026-09-12,2026-09-12,True,False,Santa Cruz,GASOLINA ESPECIAL + (S/DSI),5000.0,L,ESTACION DE SERVICIO SUR S.R.L. SUCURSAL 1,1999-CDP,Gasolina Especial +,GASOLINA_ESPECIAL_MAS,Ciudad,
2026-09-12,2026-09-12,True,False,Santa Cruz,GASOLINA ESPECIAL + (S/DSI),20000.0,L,ESTACION DE SERVICIO SUR S.R.L. SUCURSAL 1,1493-PDD,Gasolina Especial +,GASOLINA_ESPECIAL_MAS,Ciudad,
2026-09-12,2026-09-12,True,False,Santa Cruz,GASOLINA ESPECIAL + (S/DSI),20000.0,L,ESTACION DE SERVICIO SUR S.R.L.,5775-AXE,Gasolina Especial +,GASOLINA_ESPECIAL_MAS,Ciudad,
2026-09-12,2026-09-12,True,False,Santa Cruz,DIESEL OIL IMPORTADO EESS,35000.0,L,ESTACION DE SERVICIO MONTAÑO S.R.L.,3031-PAN,Diesel Oil Importado,DIESEL_IMPORTADO,Ciudad,
2026-09-12,2026-09-12,True,False,Santa Cruz,DIESEL OIL NACIONAL EESS,20000.0,L,CENTRO DE COMERCIO SANTA RITAKM32 S.R.L.,3853-BSD,Diesel Oil Nacional,DIESEL_NACIONAL,Provincia,
2026-09-12,2026-09-12,True,False,Santa Cruz,DIESEL OIL NACIONAL EESS,20000.0,L,SURTIDOR EL PATUJU - ROGELIO LA FUENTE OLIVERA,935-TCT,Diesel Oil Nacional,DIESEL_NACIONAL,Provincia,
2026-09-12,2026-09-12,True,False,Santa Cruz,GASOLINA ESPECIAL + (S/DSI),20000.0,L,REFINERIA ORIENTAL S.A. SUC. NOR ESTE,437-KYY,Gasolina Especial +,GASOLINA_ESPECIAL_MAS,Ciudad,
2026-09-12,2026-09-12,True,False,Santa Cruz,GASOLINA ESPECIAL + (S/DSI),25000.0,L,ESTACION DE SERVICIO REFINERIA ORIENTAL S.A. - SUC. ZONA 4° ANILLO FRENTE A BUFALO PARK - SC,1469-PUA,Gasolina Especial +,GASOLINA_ESPECIAL_MAS,Ciudad,
2026-09-12,2026-09-12,True,False,Santa Cruz,GASOLINA ESPECIAL + (S/DSI),25000.0,L,ESTACION DE SERVICIO GUAYACAN S.R.L.,727-YTY,Gasolina Especial +,GASOLINA_ESPECIAL_MAS,Ciudad,
2026-09-12,2026-09-12,True,False,Santa Cruz,GASOLINA ESPECIAL + EESS,20000.0,L,ESTACION DE SERVICIO ARNEZ - LUIS ARNEZ ONOFRE,1163-LHT,Gasolina Especial +,GASOLINA_ESPECIAL_MAS,Provincia,
2026-09-12,2026-09-12,True,False,Santa Cruz,GASOLINA ESPECIAL + (S/DSI),20000.0,L,REFINERIA ORIENTAL S.A.-SUC. BARRIO LAZARETO,514-HHE,Gasolina Especial +,GASOLINA_ESPECIAL_MAS,Ciudad,
2026-09-12,2026-09-12,True,False,Santa Cruz,DIESEL OIL NACIONAL EESS,30000.0,L,ESTACION DE SERVICIO ARNEZ - LUIS ARNEZ ONOFRE,4493-XXT,Diesel Oil Nacional,DIESEL_NACIONAL,Provincia,
2026-09-12,2026-09-12,True,False,Santa Cruz,GASOLINA ESPECIAL + (S/DSI),5000.0,L,REFINERIA ORIENTAL S.A.-SUC. BARRIO LAZARETO,1999-CDP,Gasolina Especial +,GASOLINA_ESPECIAL_MAS,Ciudad,
2026-09-12,2026-09-12,True,False,Santa Cruz,DIESEL OIL NACIONAL EESS,20000.0,L,ESTACION DE SERVICIO EL TINTO S.R.L.,086-BDL,Diesel Oil Nacional,DIESEL_NACIONAL,Provincia,
2026-09-12,2026-09-12,True,False,Santa Cruz,GASOLINA ESPECIAL + EESS,20000.0,L,ESTACION DE SERVICIO ORTIZ S.R.L.,2506-IHP,Gasolina Especial +,GASOLINA_ESPECIAL_MAS,Provincia,
2026-09-12,2026-09-12,True,False,Santa Cruz,GASOLINA ESPECIAL + EESS,15000.0,L,ESTACION DE SERVICIO PETRO VAL S.R.L.,1110-USS,Gasolina Especial +,GASOLINA_ESPECIAL_MAS,Provincia,
2026-09-12,2026-09-12,True,False,Santa Cruz,DIESEL OIL NACIONAL EESS,20000.0,L,ESTACION DE SERVICIO PETRO VAL S.R.L.,1110-USS,Diesel Oil Nacional,DIESEL_NACIONAL,Provincia,
2026-09-12,2026-09-12,True,False,Santa Cruz,GASOLINA ESPECIAL + EESS,20000.0,L,ESTACION DE SERVICIO MIRANDA S.R.L.,2522-BEF,Gasolina Especial +,GASOLINA_ESPECIAL_MAS,Provincia,
2026-09-12,2026-09-12,True,False,Santa Cruz,GLP DISTRIB. 45 KILOS NAL,5400.0,L,DIST. GLP. CRUCEÑITA VASA S.R.L.,400-PAF,GLP,GLP,,
2026-09-12,2026-09-12,True,False,Santa Cruz,GASOLINA ESPECIAL + EESS,20000.0,L,ESTACION DE SERVICIO JATUMPAMPA SRL,2188-IEB,Gasolina Especial +,GASOLINA_ESPECIAL_MAS,Provincia,
2026-09-12,2026-09-11,True,True,Santa Cruz,DIESEL OIL IMPORTADO GRACO,35000.0,L,UNAGRO S.A.,5314-TZK,Diesel Oil Importado,DIESEL_IMPORTADO,,
2026-09-12,2026-09-11,True,True,Santa Cruz,DIESEL OIL NACIONAL EESS,5000.0,L,ESTACION DE SERVICIO JATUMPAMPA SRL,2188-IEB,Diesel Oil Nacional,DIESEL_NACIONAL,Provincia,
2026-09-12,2026-09-12,True,False,Santa Cruz,DIESEL OIL IMPORTADO EESS,25000.0,L,R&E 3000 S.R.L.,5312-NXE,Diesel Oil Importado,DIESEL_IMPORTADO,Ciudad,
2026-09-12,2026-09-12,True,False,Santa Cruz,GLP DISTRIB. 10 KILOS NAL,11220.0,L,DIST. GLP. ALTAMARGAS Juan Pablo Melgarejo Iriarte,1294-GFE,GLP,GLP,,
2026-09-12,2026-09-12,True,False,Santa Cruz,GLP DISTRIB. 45 KILOS NAL,4050.0,L,SOPESE S.R.L.,6393-FTT,GLP,GLP,,
2026-09-12,2026-09-12,True,False,Santa Cruz,GLP DISTRIB. 10 KILOS NAL,7930.0,L,SOPESE S.R.L.,5741-ADC,GLP,GLP,,
2026-09-12,2026-09-12,True,False,Santa Cruz,GLP DISTRIB. 10 KILOS NAL,7840.0,L,SOPESE S.R.L.,5268-EKA,GLP,GLP,,
2026-09-12,2026-09-12,True,False,Santa Cruz,GASOLINA ESPECIAL + EESS,20000.0,L,ESTACION DE SERVICIO SAN SILVESTRE,2265-BKN,Gasolina Especial +,GASOLINA_ESPECIAL_MAS,Provincia,
2026-09-12,2026-09-12,True,False,Santa Cruz,DIESEL OIL IMPORTADO EESS,35000.0,L,ESTACION DE SERVICIO LA CHORRERA SRL,1329-NRI,Diesel Oil Importado,DIESEL_IMPORTADO,Ciudad,
2026-09-12,2026-09-12,True,False,Santa Cruz,GASOLINA ESPECIAL + (S/DSI),20000.0,L,ESTACION DE SERVICIO APAZA-PATRICIA JORGE DE APAZA,2066-KRR,Gasolina Especial +,GASOLINA_ESPECIAL_MAS,Ciudad,
2026-09-12,2026-09-12,True,False,Santa Cruz,GASOLINA ESPECIAL + (S/DSI),10000.0,L,GENEX S.A. SUCURSAL ZONA NOR ESTE,851-SLG,Gasolina Especial +,GASOLINA_ESPECIAL_MAS,Ciudad,
2026-09-12,2026-09-12,True,False,Santa Cruz,DIESEL OIL NACIONAL EESS,25000.0,L,ESTACION DE SERVICIO EL MIRADOR - SONIA SORUCO ROCA,6014-GEE,Diesel Oil Nacional,DIESEL_NACIONAL,Provincia,
2026-09-12,2026-09-12,True,False,Santa Cruz,GASOLINA ESPECIAL + (S/DSI),25000.0,L,CIA BOLIVIANA DE GAS NATURAL COMPRIMIDO GENEX SA,851-SLG,Gasolina Especial +,GASOLINA_ESPECIAL_MAS,Ciudad,
2026-09-12,2026-09-12,True,False,Santa Cruz,GASOLINA ESPECIAL + (S/DSI),20000.0,L,ESTACION DE SERVICIO RIVERO - LUIS ANTONIO RIVERO AÑEZ,681-FDU,Gasolina Especial +,GASOLINA_ESPECIAL_MAS,Ciudad,
2026-09-12,2026-09-11,True,True,Santa Cruz,GASOLINA ESPECIAL + (S/DSI),10000.0,L,VANGAS S.A,652-SRU,Gasolina Especial +,GASOLINA_ESPECIAL_MAS,Ciudad,
2026-09-12,2026-09-12,True,False,Santa Cruz,DIESEL OIL IMPORTADO EESS,35000.0,L,ESTACION DE SERVICIO BI-OCEANICA S.R.L.,4269-HNT,Diesel Oil Importado,DIESEL_IMPORTADO,Ciudad,
2026-09-12,2026-09-11,True,True,Santa Cruz,GASOLINA ESPECIAL + (S/DSI),5000.0,L,GENEX S.A. SUCURSAL ZONA NOR ESTE,652-SRU,Gasolina Especial +,GASOLINA_ESPECIAL_MAS,Ciudad,
2026-09-12,2026-09-12,True,False,Santa Cruz,DIESEL OIL IMPORTADO EESS,30000.0,L,ESTACION DE SERVICIO EMANUEL S.R.L.,332-NTN,Diesel Oil Importado,DIESEL_IMPORTADO,Ciudad,
2026-09-12,2026-09-11,True,True,Santa Cruz,DIESEL OIL IMPORTADO EESS,35000.0,L,CENTRO DE COMERCIO Y SERVICIOS VALDIVIA FERRUFINO S.R.L.,2330-NLD,Diesel Oil Importado,DIESEL_IMPORTADO,Ciudad,
2026-09-12,2026-09-11,True,True,Santa Cruz,GASOLINA ESPECIAL + (S/DSI),5000.0,L,ESTACION DE SERVICIO SANTOS DUMONT NOGALES,961-XHP,Gasolina Especial +,GASOLINA_ESPECIAL_MAS,Ciudad,
2026-09-12,2026-09-12,True,False,Santa Cruz,GASOLINA ESPECIAL + (S/DSI),25000.0,L,ESTACION DE SERVICIO BI-OCEANICA S.R.L.,4096-LDR,Gasolina Especial +,GASOLINA_ESPECIAL_MAS,Ciudad,
2026-09-12,2026-09-11,True,True,Santa Cruz,GASOLINA ESPECIAL + EESS,20000.0,L,COMPAÑIA COMERCIALIZADORA BOLIVIANA DE HIDROCARBUROS CONFI S.R.L.,5297-DNG,Gasolina Especial +,GASOLINA_ESPECIAL_MAS,Provincia,
2026-09-12,2026-09-12,True,False,Santa Cruz,DIESEL OIL NACIONAL EESS,20000.0,L,MUYURINA LTDA,647-NPX,Diesel Oil Nacional,DIESEL_NACIONAL,Provincia,
2026-09-12,2026-09-12,True,False,Santa Cruz,GASOLINA ESPECIAL + EESS,5000.0,L,ESTACION DE SERVICIO SOMOS GAS SRL,2257-EEE,Gasolina Especial +,GASOLINA_ESPECIAL_MAS,Provincia,
2026-09-12,2026-09-12,True,False,Santa Cruz,GASOLINA ESPECIAL + EESS,25000.0,L,ESTACION DE SERVICIO SOMOS GAS SRL,2257-EEE,Gasolina Especial +,GASOLINA_ESPECIAL_MAS,Provincia,
2026-09-12,2026-09-12,True,False,Santa Cruz,DIESEL OIL IMPORTADO EESS,25000.0,L,ESTACION DE SERVICIO TRES PASOS AL FRENTE - VITALIANO ROJAS OLIVERA,5002-IBN,Diesel Oil Importado,DIESEL_IMPORTADO,Ciudad,
2026-09-12,2026-09-11,True,True,Santa Cruz,GASOLINA ESPECIAL + (S/DSI),15000.0,L,ESTACION DE SERVICIO DICOR S.R.L.,782-YPK,Gasolina Especial +,GASOLINA_ESPECIAL_MAS,Ciudad,
2026-09-12,2026-09-12,True,False,Santa Cruz,GASOLINA ESPECIAL + EESS,20000.0,L,ESTACION DE SERVICIO RUTA NORTE S.R.L.,3994-CKU,Gasolina Especial +,GASOLINA_ESPECIAL_MAS,Provincia,
2026-09-12,2026-09-11,True,True,Santa Cruz,GASOLINA ESPECIAL + EESS,20000.0,L,ESTACION DE SERVICIO SAN JOSE DE YAPACANI S.R.L.,982-ZKH,Gasolina Especial +,GASOLINA_ESPECIAL_MAS,Provincia,
2026-09-12,2026-09-12,True,False,Santa Cruz,GASOLINA ESPECIAL + (S/DSI),20000.0,L,"ESTACION DE SERVICIO ""GUAPAY"" S.R.L.",447-PSY,Gasolina Especial +,GASOLINA_ESPECIAL_MAS,Ciudad,
2026-09-12,2026-09-11,True,True,Santa Cruz,GASOLINA ESPECIAL + (S/DSI),20000.0,L,BICENTENARIO SRL,2434-YRP,Gasolina Especial +,GASOLINA_ESPECIAL_MAS,,
2026-09-12,2026-09-12,True,False,Santa Cruz,DIESEL OIL IMPORTADO EESS,35000.0,L,BICENTENARIO SRL,2434-YRP,Diesel Oil Importado,DIESEL_IMPORTADO,,
2026-09-12,2026-09-12,True,False,Santa Cruz,DIESEL OIL IMPORTADO EESS,10000.0,L,"ESTACION DE SERVICIO ""GUAPAY"" S.R.L.",447-PSY,Diesel Oil Importado,DIESEL_IMPORTADO,Ciudad,
2026-09-12,2026-09-12,True,False,Santa Cruz,GASOLINA ESPECIAL + (S/DSI),25000.0,L,ESTACION DE SERVICIO LA COLORADA,2120-PKF,Gasolina Especial +,GASOLINA_ESPECIAL_MAS,Ciudad,
2026-09-12,2026-09-12,True,False,Santa Cruz,GASOLINA ESPECIAL + (S/DSI),15000.0,L,ESTACION DE SERVICIO EL TAROPE - JHONNY AGUILAR ADRIAZOLA,1744-UZH,Gasolina Especial +,GASOLINA_ESPECIAL_MAS,Ciudad,
2026-09-12,2026-09-12,True,False,Santa Cruz,GASOLINA ESPECIAL + (S/DSI),20000.0,L,ESTACION DE SERVICIO CLUB GAZEL S.R.L.,2229-HLP,Gasolina Especial +,GASOLINA_ESPECIAL_MAS,Ciudad,
2026-09-12,2026-09-12,True,False,Santa Cruz,DIESEL OIL IMPORTADO EESS,25000.0,L,ESTACION DE SERVICIO EL TAROPE - JHONNY AGUILAR ADRIAZOLA,1745-PCU,Diesel Oil Importado,DIESEL_IMPORTADO,Ciudad,
2026-09-12,2026-09-12,True,False,Santa Cruz,DIESEL OIL IMPORTADO EESS,10000.0,L,ESTACION DE SERVICIO ORSA SRL-SUCURSAL 1,6453-URG,Diesel Oil Importado,DIESEL_IMPORTADO,Provincia,
2026-09-12,2026-09-12,True,False,Santa Cruz,GASOLINA ESPECIAL + (S/DSI),15000.0,L,ESTACION DE SERVICIO ORSA S.R.L.,6453-URG,Gasolina Especial +,GASOLINA_ESPECIAL_MAS,Ciudad,
2026-09-12,2026-09-12,True,False,Santa Cruz,GASOLINA ESPECIAL + (S/DSI),5000.0,L,ESTACION DE SERVICIO ORSA S.R.L.,5583-ADI,Gasolina Especial +,GASOLINA_ESPECIAL_MAS,Ciudad,
2026-09-12,2026-09-12,True,False,Santa Cruz,GASOLINA ESPECIAL + (S/DSI),25000.0,L,ESTACION DE SERVICIO ORSA SRL-SUCURSAL 1,5583-ADI,Gasolina Especial +,GASOLINA_ESPECIAL_MAS,Provincia,
2026-09-12,2026-09-11,True,True,Santa Cruz,DIESEL OIL IMPORTADO EESS,5000.0,L,ESTACION DE SERVICIO MORAGRANDE S.R.L.,1893-NTP,Diesel Oil Importado,DIESEL_IMPORTADO,Ciudad,
2026-09-12,2026-09-12,True,False,Santa Cruz,DIESEL OIL IMPORTADO EESS,25000.0,L,SURTIDOR COTOCA - JOSE RAMIRO AYALA FLORES,2338-FGD,Diesel Oil Importado,DIESEL_IMPORTADO,Ciudad,
2026-09-12,2026-09-12,True,False,Santa Cruz,DIESEL OIL IMPORTADO EESS,5000.0,L,"EMPRESA DAVILA IMPORTADORA-EXPORTADORA S.R.L. ""DAIMPORT - EXPORT LTDA""",846-IXK,Diesel Oil Importado,DIESEL_IMPORTADO,Ciudad,
2026-09-12,2026-09-12,True,False,Santa Cruz,DIESEL OIL IMPORTADO EESS,20000.0,L,"EMPRESA DAVILA IMPORTADORA-EXPORTADORA S.R.L. ""DAIMPORT - EXPORT LTDA""",846-IXK,Diesel Oil Importado,DIESEL_IMPORTADO,Ciudad,
2026-09-12,2026-09-12,True,False,Santa Cruz,GASOLINA ESPECIAL + (S/DSI),10000.0,L,ESTACION DE SERVICIO LOS MANGALES S.R.L.,1299-GNA,Gasolina Especial +,GASOLINA_ESPECIAL_MAS,Ciudad,
2026-09-12,2026-09-12,True,False,Santa Cruz,GASOLINA ESPECIAL + (S/DSI),20000.0,L,ESTACION DE SERVICIO LAS ORQUIDEAS S.R.L.,711-XUH,Gasolina Especial +,GASOLINA_ESPECIAL_MAS,Ciudad,
2026-09-12,2026-09-12,True,False,Santa Cruz,GASOLINA ESPECIAL + (S/DSI),20000.0,L,"EMPRESA DAVILA IMPORTADORA-EXPORTADORA S.R.L. ""DAIMPORT - EXPORT LTDA""",1383-DKA,Gasolina Especial +,GASOLINA_ESPECIAL_MAS,Ciudad,
2026-09-12,2026-09-12,True,False,Santa Cruz,GASOLINA ESPECIAL + (S/DSI),25000.0,L,ESTACION DE SERVICIO PANTANAL DEL ORIENTE-ALVARO LUIS AGUILAR ADRIAZOLA,584-RKD,Gasolina Especial +,GASOLINA_ESPECIAL_MAS,Ciudad,
2026-09-12,2026-09-12,True,False,Santa Cruz,DIESEL OIL IMPORTADO EESS,10000.0,L,GAS DEL ESTE S.R.L.,622-IUN,Diesel Oil Importado,DIESEL_IMPORTADO,Ciudad,
2026-09-12,2026-09-12,True,False,Santa Cruz,DIESEL OIL IMPORTADO EESS,10000.0,L,ESTACION DE SERVICIO MORAGRANDE S.R.L.,1893-NTP,Diesel Oil Importado,DIESEL_IMPORTADO,Ciudad,
2026-09-12,2026-09-12,True,False,Santa Cruz,DIESEL OIL IMPORTADO EESS,10000.0,L,Z & Z LTDA,110-IYX,Diesel Oil Importado,DIESEL_IMPORTADO,Ciudad,
2026-09-12,2026-09-12,True,False,Santa Cruz,DIESEL OIL IMPORTADO EESS,25000.0,L,ESTACION DE SERVICIO LOS MANGALES S.R.L.,1005-XLH,Diesel Oil Importado,DIESEL_IMPORTADO,Ciudad,
2026-09-12,2026-09-12,True,False,Santa Cruz,DIESEL OIL IMPORTADO EESS,15000.0,L,ESTACION DE SERVICIO MORAGRANDE S.R.L.,1893-NTP,Diesel Oil Importado,DIESEL_IMPORTADO,Ciudad,
2026-09-12,2026-09-12,True,False,Santa Cruz,GASOLINA ESPECIAL + (S/DSI),20000.0,L,ESTACION DE SERVICIO YOTAU S.R.L.,1066-ISS,Gasolina Especial +,GASOLINA_ESPECIAL_MAS,Ciudad,
2026-09-12,2026-09-12,True,False,Santa Cruz,GASOLINA ESPECIAL + (S/DSI),25000.0,L,Z & Z LTDA,331-PID,Gasolina Especial +,GASOLINA_ESPECIAL_MAS,Ciudad,
2026-09-12,2026-09-12,True,False,Santa Cruz,GASOLINA ESPECIAL + (S/DSI),10000.0,L,ESTACION DE SERVICIO MORAGRANDE S.R.L. (SUC 1),2483-HBD,Gasolina Especial +,GASOLINA_ESPECIAL_MAS,Ciudad,
2026-09-12,2026-09-12,True,False,Santa Cruz,DIESEL OIL IMPORTADO EESS,35000.0,L,ESTACION DE SERVICIO YOTAU S.R.L.,3792-ENE,Diesel Oil Importado,DIESEL_IMPORTADO,Ciudad,
2026-09-12,2026-09-12,True,False,Santa Cruz,DIESEL OIL IMPORTADO EESS,25000.0,L,ESTACION DE SERVICIO MORAGRANDE S.R.L. (SUC 1),2483-HBD,Diesel Oil Importado,DIESEL_IMPORTADO,Ciudad,
2026-09-12,2026-09-12,True,False,Santa Cruz,GASOLINA ESPECIAL + (S/DSI),20000.0,L,ESTACION DE SERVICIO QUINTO ANILLO S.R.L.,558-XDK(1),Gasolina Especial +,GASOLINA_ESPECIAL_MAS,Ciudad,
2026-09-12,2026-09-12,True,False,Santa Cruz,DIESEL OIL IMPORTADO EESS,35000.0,L,ESTACION DE SERVICIO QUINTO ANILLO S.R.L.,3018-UKU,Diesel Oil Importado,DIESEL_IMPORTADO,Ciudad,
2026-09-12,2026-09-12,True,False,Santa Cruz,DIESEL OIL IMPORTADO EESS,35000.0,L,ESTACION DE SERVICIO TOTAITU N&T S.R.L.,1029-ZIN,Diesel Oil Importado,DIESEL_IMPORTADO,Ciudad,
2026-09-12,2026-09-12,True,False,Santa Cruz,GASOLINA ESPECIAL + (S/DSI),25000.0,L,ESTACION DE SERVICIO TOTAITU N&T S.R.L.,3598-NKD,Gasolina Especial +,GASOLINA_ESPECIAL_MAS,Ciudad,
2026-09-12,2026-09-12,True,False,Santa Cruz,GASOLINA ESPECIAL + (S/DSI),25000.0,L,ESTACION DE SERVICIO EL ARROYO S.R.L.,1299-GNA,Gasolina Especial +,GASOLINA_ESPECIAL_MAS,Ciudad,
2026-09-12,2026-09-11,True,True,Santa Cruz,GASOLINA ESPECIAL + (S/DSI),20000.0,L,ESTACION DE SERVICIO RADIAL 10 - HUGO FLORERO ORELLANA,948-PYS,Gasolina Especial +,GASOLINA_ESPECIAL_MAS,Ciudad,
2026-09-12,2026-09-11,True,True,Santa Cruz,GASOLINA ESPECIAL + EESS,20000.0,L,D-GAS S.A. SUCURSAL SANTA CRUZ,2511-RLA,Gasolina Especial +,GASOLINA_ESPECIAL_MAS,Provincia,
2026-09-12,2026-09-11,True,True,Santa Cruz,DIESEL OIL IMPORTADO EESS,25000.0,L,ESTACION DE SERVICIO LAS ORQUIDEAS S.R.L.,1176-UST,Diesel Oil Importado,DIESEL_IMPORTADO,Ciudad,
2026-09-12,2026-09-11,True,True,Santa Cruz,GLP DISTRIB. 10 KILOS NAL,10420.0,L,DIST. GLP. ALTAMARGAS Juan Pablo Melgarejo Iriarte,1316-NUG,GLP,GLP,,
2026-09-12,2026-09-11,True,True,Santa Cruz,GLP DISTRIB. 45 KILOS NAL,3600.0,L,DIST. GLP. ALTAMARGAS Juan Pablo Melgarejo Iriarte,3082-SBN,GLP,GLP,,
2026-09-12,2026-09-10,True,True,Santa Cruz,DIESEL OIL IMPORTADO CF,15000.0,L,CLAUDINEI DA SILVA GASQUES,2293-AFN,Diesel Oil Importado,DIESEL_IMPORTADO,,
2026-09-12,2026-09-11,True,True,Santa Cruz,GLP DISTRIB. 10 KILOS NAL,7520.0,L,CARMEN R. MELGAREJO GONZALES - DIST. CENTRO GAS,2832-PDP,GLP,GLP,,
2026-09-12,2026-09-10,True,True,Santa Cruz,DIESEL OIL NACIONAL EESS,25000.0,L,ESTACION DE SERVICIO SUR SRL-SUCURSAL 4,5297-HAT,Diesel Oil Nacional,DIESEL_NACIONAL,Provincia,
2026-09-12,2026-09-11,True,True,Santa Cruz,GLP DISTRIB. 45 KILOS NAL,4050.0,L,SOPESE S.R.L.,6393-FTT,GLP,GLP,,
2026-09-12,2026-09-10,True,True,Santa Cruz,DIESEL OIL IMPORTADO EESS,10000.0,L,"ESTACION DE SERVICIO ""GUAPAY"" S.R.L.",447-PSY,Diesel Oil Importado,DIESEL_IMPORTADO,Ciudad,
2026-09-12,2026-09-10,True,True,Santa Cruz,GLP DISTRIB. 10 KILOS NAL,10050.0,L,DIST. GLP. CRUCEÑITA VASA S.R.L.,2492-YHT,GLP,GLP,,
2026-09-12,2026-09-11,True,True,Santa Cruz,GLP DISTRIB. 10 KILOS NAL,13200.0,L,JYRL GAS - LOURDES MORALES DE QUIROZ,302-HDB,GLP,GLP,,
2026-09-11,2026-09-11,True,False,Santa Cruz,DIESEL OIL IMPORTADO EESS,10000.0,L,SURTIDOR EL PALMAR - DIONICIO CONDORI RODRIGUEZ,782-YPK,Diesel Oil Importado,DIESEL_IMPORTADO,Ciudad,
2026-09-11,2026-09-11,True,False,Santa Cruz,GASOLINA ESPECIAL + (S/DSI),10000.0,L,SURTIDOR EL PALMAR - DIONICIO CONDORI RODRIGUEZ,782-YPK,Gasolina Especial +,GASOLINA_ESPECIAL_MAS,Ciudad,
2026-09-11,2026-09-11,True,False,Santa Cruz,DIESEL OIL IMPORTADO CF,19900.0,L,AGROVALIOSA S.A.,561-DCK,Diesel Oil Importado,DIESEL_IMPORTADO,,
2026-09-11,2026-09-11,True,False,Santa Cruz,DIESEL OIL IMPORTADO CF,10000.0,L,KATSUYA NOZATO TAIRA,1564-AET,Diesel Oil Importado,DIESEL_IMPORTADO,,
2026-09-11,2026-09-11,True,False,Santa Cruz,DIESEL OIL IMPORTADO CF,19900.0,L,JOSE LUIS FIGLIOZZI TABORGA,126-CTT,Diesel Oil Importado,DIESEL_IMPORTADO,,
2026-09-11,2026-09-11,True,False,Santa Cruz,DIESEL OIL IMPORTADO CF,10000.0,L,SOCIEDAD AGROPECUARIA LIMACRUZ S.A.,884-LIG,Diesel Oil Importado,DIESEL_IMPORTADO,,
2026-09-11,2026-09-11,True,False,Santa Cruz,DIESEL OIL IMPORTADO GRACO,35000.0,L,CIA. INDUST. AZUCARERA SAN AURELIO S.A.,724-SSK,Diesel Oil Importado,DIESEL_IMPORTADO,,
2026-09-11,2026-09-11,True,False,Santa Cruz,DIESEL OIL IMPORTADO GRACO,35000.0,L,BAYE OF CHINA SUCURSAL BOLIVIA,996-AYS,Diesel Oil Importado,DIESEL_IMPORTADO,,
2026-09-11,2026-09-11,True,False,Santa Cruz,DIESEL OIL IMPORTADO EESS,25000.0,L,ESTACION DE SERVICIO JOSE JALDIN S.R.L,331-PID,Diesel Oil Importado,DIESEL_IMPORTADO,Ciudad,
2026-09-11,2026-09-11,True,False,Santa Cruz,GASOLINA ESPECIAL + EESS,15000.0,L,SAN JOAQUIN I S.R.L.,1066-TKG,Gasolina Especial +,GASOLINA_ESPECIAL_MAS,Provincia,
2026-09-11,2026-09-11,True,False,Santa Cruz,DIESEL OIL NACIONAL EESS,25000.0,L,ESTACION DE SERVICIO TIERRAS BAJAS SRL.,483-XYF,Diesel Oil Nacional,DIESEL_NACIONAL,Provincia,
2026-09-11,2026-09-11,True,False,Santa Cruz,DIESEL OIL NACIONAL EESS,30000.0,L,ESTACION DE SERVICIO EL TAJIBO OKINAWA,1122-SRR,Diesel Oil Nacional,DIESEL_NACIONAL,Provincia,
2026-09-11,2026-09-11,True,False,Santa Cruz,GASOLINA ESPECIAL + (S/DSI),20000.0,L,GENEX S.A SUCURSAL SANTA CRUZ ZONA SANTA ROSA,878-ENK,Gasolina Especial +,GASOLINA_ESPECIAL_MAS,Ciudad,
2026-09-11,2026-09-11,True,False,Santa Cruz,GASOLINA ESPECIAL + (S/DSI),5000.0,L,ESTACION DE SERVICIO SANTOS DUMONT NOGALES,961-XHP,Gasolina Especial +,GASOLINA_ESPECIAL_MAS,Ciudad,
2026-09-11,2026-09-11,True,False,Santa Cruz,DIESEL OIL IMPORTADO EESS,5000.0,L,ESTACION DE SERVICIO SANTOS DUMONT NOGALES,961-XHP,Diesel Oil Importado,DIESEL_IMPORTADO,Ciudad,
2026-09-11,2026-09-11,True,False,Santa Cruz,GASOLINA ESPECIAL + (S/DSI),20000.0,L,SURTIDOR VARDONA - SUSANA POEHLMANN GARCIA,447-PSY,Gasolina Especial +,GASOLINA_ESPECIAL_MAS,Ciudad,
2026-09-11,2026-09-11,True,False,Santa Cruz,DIESEL OIL IMPORTADO EESS,25000.0,L,ESTACION DE SERVICIO SAN LUIS I,244-ANI,Diesel Oil Importado,DIESEL_IMPORTADO,Ciudad,
2026-09-11,2026-09-11,True,False,Santa Cruz,DIESEL OIL IMPORTADO EESS,10000.0,L,ESTACION DE SERVICIO DICOR S.R.L.,583-PTR,Diesel Oil Importado,DIESEL_IMPORTADO,Ciudad,
2026-09-11,2026-09-11,True,False,Santa Cruz,GASOLINA ESPECIAL + EESS,10000.0,L,PARTICIPACIONES E INVERSIONES EN GAS - PIGAS S.A.,1169-YKS,Gasolina Especial +,GASOLINA_ESPECIAL_MAS,Provincia,
2026-09-11,2026-09-11,True,False,Santa Cruz,DIESEL OIL NACIONAL EESS,20000.0,L,PARTICIPACIONES E INVERSIONES EN GAS - PIGAS S.A.,1169-YKS,Diesel Oil Nacional,DIESEL_NACIONAL,Provincia,
2026-09-11,2026-09-11,True,False,Santa Cruz,GASOLINA ESPECIAL + EESS,10000.0,L,ESTACION DE SERVICIO COLINDRES-CARMEN MARY IRIARTE BARBA,1170-DFK,Gasolina Especial +,GASOLINA_ESPECIAL_MAS,Provincia,
2026-09-11,2026-09-11,True,False,Santa Cruz,DIESEL OIL NACIONAL EESS,20000.0,L,ESTACION DE SERVICIO COLINDRES-CARMEN MARY IRIARTE BARBA,1170-DFK,Diesel Oil Nacional,DIESEL_NACIONAL,Provincia,
2026-09-11,2026-09-11,True,False,Santa Cruz,GASOLINA ESPECIAL + (S/DSI),5000.0,L,ESTACION DE SERVICIO 3F OIL S.R.L.,953-UFL,Gasolina Especial +,GASOLINA_ESPECIAL_MAS,Ciudad,
2026-09-11,2026-09-11,True,False,Santa Cruz,DIESEL OIL IMPORTADO EESS,25000.0,L,ESTACION DE SERVICIO 3F OIL S.R.L.,953-UFL,Diesel Oil Importado,DIESEL_IMPORTADO,Ciudad,
2026-09-11,2026-09-11,True,False,Santa Cruz,GASOLINA ESPECIAL + EESS,19500.0,L,ESTACION DE SERVICIO EUSE CRUZ,1505-LRF,Gasolina Especial +,GASOLINA_ESPECIAL_MAS,Provincia,
2026-09-11,2026-09-10,True,True,Santa Cruz,DIESEL OIL NACIONAL EESS,15000.0,L,ESTACION DE SERVICIO EUSE CRUZ,1505-LRF,Diesel Oil Nacional,DIESEL_NACIONAL,Provincia,
2026-09-11,2026-09-11,True,False,Santa Cruz,DIESEL OIL IMPORTADO EESS,30000.0,L,ESTACION DE SERVICIO GUAYACAN S.R.L.,1190-YPG,Diesel Oil Importado,DIESEL_IMPORTADO,Ciudad,
2026-09-11,2026-09-11,True,False,Santa Cruz,DIESEL OIL IMPORTADO EESS,10000.0,L,ESTACION DE SERVICIO LA CIMA,297-ACK,Diesel Oil Importado,DIESEL_IMPORTADO,Ciudad,
2026-09-11,2026-09-11,True,False,Santa Cruz,DIESEL OIL IMPORTADO EESS,10000.0,L,REFINERIA ORIENTAL S.A. SUC. NOR ESTE,4410-LAU,Diesel Oil Importado,DIESEL_IMPORTADO,Ciudad,
2026-09-11,2026-09-11,True,False,Santa Cruz,GASOLINA ESPECIAL + EESS,10000.0,L,ESTACION DE SERVICIO EL JUNTE II-ALEJANDRA MARIEL BALCAZAR PAZ,1631-HII,Gasolina Especial +,GASOLINA_ESPECIAL_MAS,Provincia,
2026-09-11,2026-09-11,True,False,Santa Cruz,GASOLINA ESPECIAL + (S/DSI),15000.0,L,COMPAÑIA COMERCIAL DE GAS COMPRIMIDO C.G.C. S.R.L.,2511-RLA,Gasolina Especial +,GASOLINA_ESPECIAL_MAS,Ciudad,
2026-09-11,2026-09-11,True,False,Santa Cruz,DIESEL OIL NACIONAL EESS,30000.0,L,ESTACION DE SERVICIO SUR S.R.L. SUCURSAL MONTE VERDE,1095-ZCK,Diesel Oil Nacional,DIESEL_NACIONAL,Provincia,
2026-09-11,2026-09-11,True,False,Santa Cruz,GASOLINA ESPECIAL + EESS,20000.0,L,ESTACION DE SERVICIO ICHILO SRL,2076-CUF,Gasolina Especial +,GASOLINA_ESPECIAL_MAS,Provincia,
2026-09-11,2026-09-11,True,False,Santa Cruz,DIESEL OIL NACIONAL EESS,30000.0,L,ESTACION DE SERVICIO EL BATO,1115-DLF,Diesel Oil Nacional,DIESEL_NACIONAL,Provincia,
2026-09-11,2026-09-11,True,False,Santa Cruz,GLP DISTRIB. 10 KILOS NAL,11250.0,L,DIST. GLP. ALTAMARGAS Juan Pablo Melgarejo Iriarte,6683-TRA,GLP,GLP,,
2026-09-11,2026-09-10,True,True,Santa Cruz,DIESEL OIL IMPORTADO CF,10000.0,L,ROSA PACO LOAYZA,1137-BGE,Diesel Oil Importado,DIESEL_IMPORTADO,,
2026-09-11,2026-09-10,True,True,Santa Cruz,DIESEL OIL IMPORTADO EESS,5000.0,L,ESTACION DE SERVICIO URBARI SRL,375-KIH,Diesel Oil Importado,DIESEL_IMPORTADO,Ciudad,
2026-09-11,2026-09-10,True,True,Santa Cruz,DIESEL OIL NACIONAL EESS,25000.0,L,ESTACION DE SERVICIO EL JUNTE II-ALEJANDRA MARIEL BALCAZAR PAZ,1631-HII,Diesel Oil Nacional,DIESEL_NACIONAL,Provincia,
2026-09-11,2026-09-11,True,False,Santa Cruz,GLP DISTRIB. 10 KILOS NAL,11000.0,L,DIST. GLP. CRUCEÑITA VASA S.R.L.,816-FTN,GLP,GLP,,
2026-09-11,2026-09-11,True,False,Santa Cruz,GLP DISTRIB. 45 KILOS NAL,3600.0,L,DIST. GLP. CRUCEÑITA VASA S.R.L.,3460-KTK,GLP,GLP,,
2026-09-11,2026-09-10,True,True,Santa Cruz,DIESEL OIL NACIONAL EESS,25000.0,L,ESTACION DE SERVICIO AGUAI S.R.L.,1487-PDD,Diesel Oil Nacional,DIESEL_NACIONAL,Provincia,
2026-09-11,2026-09-10,True,True,Santa Cruz,GASOLINA ESPECIAL + (S/DSI),10000.0,L,LAS PALMAS S.R.L.,967-HFA,Gasolina Especial +,GASOLINA_ESPECIAL_MAS,Ciudad,
2026-09-11,2026-09-11,True,False,Santa Cruz,GLP DISTRIB. 10 KILOS NAL,8100.0,L,SOPESE S.R.L.,5741-ADC,GLP,GLP,,
2026-09-11,2026-09-11,True,False,Santa Cruz,GLP DISTRIB. 10 KILOS NAL,8340.0,L,SOPESE S.R.L.,5268-EKA,GLP,GLP,,
2026-09-11,2026-09-11,True,False,Santa Cruz,GLP DISTRIB. 10 KILOS NAL,8810.0,L,SOPESE S.R.L.,578-IEC,GLP,GLP,,
2026-09-11,2026-09-11,True,False,Santa Cruz,GLP DISTRIB. 10 KILOS NAL,10730.0,L,DIST. GLP. OSCAR GAS - Betty Maldonado,2443-ICK,GLP,GLP,,
2026-09-11,2026-09-11,True,False,Santa Cruz,GLP DISTRIB. 10 KILOS NAL,10680.0,L,DIST.GLP.CAMPO GAS-ELSA FELICIDAD USCAMAYTA CHOQUE DE TAPIA,324 - TXH,GLP,GLP,,
2026-09-11,2026-09-10,True,True,Santa Cruz,DIESEL OIL IMPORTADO EESS,35000.0,L,ESTACION DE SERVICIO RADIAL 10 - HUGO FLORERO ORELLANA,948-PYS,Diesel Oil Importado,DIESEL_IMPORTADO,Ciudad,
2026-09-11,2026-09-10,True,True,Santa Cruz,DIESEL OIL NACIONAL EESS,20000.0,L,SAN JOAQUIN I S.R.L.,1066-TKG,Diesel Oil Nacional,DIESEL_NACIONAL,Provincia,
2026-09-11,2026-09-10,True,True,Santa Cruz,DIESEL OIL IMPORTADO EESS,4900.0,L,ESTACION DE SERVICIO URBARI SRL,375-KIH,Diesel Oil Importado,DIESEL_IMPORTADO,Ciudad,
2026-09-11,2026-09-10,True,True,Santa Cruz,GASOLINA ESPECIAL + (S/DSI),9900.0,L,ESTACION DE SERVICIO URBARI SRL,375-KIH,Gasolina Especial +,GASOLINA_ESPECIAL_MAS,Ciudad,
2026-09-11,2026-09-10,True,True,Santa Cruz,GLP DISTRIB. 45 KILOS NAL,5355.0,L,DIST. GLP. CRUCEÑITA VASA S.R.L.,3460-KTK,GLP,GLP,,
2026-09-11,2026-09-10,True,True,Santa Cruz,GLP DISTRIB. 10 KILOS NAL,11520.0,L,CARMEN R. MELGAREJO GONZALES - DIST. CENTRO GAS,1697-FDN,GLP,GLP,,
2026-09-11,2026-09-09,True,True,Santa Cruz,GLP DISTRIB. 45 KILOS NAL,2250.0,L,CARMEN R. MELGAREJO GONZALES - DIST. CENTRO GAS,6663-IUD,GLP,GLP,,
2026-09-11,2026-09-09,True,True,Santa Cruz,GLP DISTRIB. 45 KILOS NAL,4500.0,L,DIST. GLP. ALTAMARGAS Juan Pablo Melgarejo Iriarte,3586-ITS,GLP,GLP,,
2026-09-11,2026-09-09,True,True,Santa Cruz,GLP DISTRIB. 10 KILOS NAL,11220.0,L,DIST. GLP. ALTAMARGAS Juan Pablo Melgarejo Iriarte,1294-GFE,GLP,GLP,,
2026-09-11,2026-09-09,True,True,Santa Cruz,GLP DISTRIB. 10 KILOS NAL,11400.0,L,CARMEN R. MELGAREJO GONZALES - DIST. CENTRO GAS,515-HGI,GLP,GLP,,
2026-09-11,2026-09-11,True,False,Santa Cruz,DIESEL OIL IMPORTADO EESS,10000.0,L,ESTACION DE SERVICIO TRES PASOS AL FRENTE - VITALIANO ROJAS OLIVERA,2024-CIX,Diesel Oil Importado,DIESEL_IMPORTADO,Ciudad,
2026-09-11,2026-09-11,True,False,Santa Cruz,GASOLINA ESPECIAL + (S/DSI),15000.0,L,ESTACION DE SERVICIO DAVILA S.R.L.,1445-CDA,Gasolina Especial +,GASOLINA_ESPECIAL_MAS,Ciudad,
2026-09-11,2026-09-11,True,False,Santa Cruz,GASOLINA ESPECIAL + EESS,25000.0,L,ESTACION DE SERVICIO CONCEPCION SRL,442-IZR,Gasolina Especial +,GASOLINA_ESPECIAL_MAS,Provincia,
2026-09-11,2026-09-11,True,False,Santa Cruz,DIESEL OIL NACIONAL EESS,25000.0,L,ESTACION DE SERVICIO CONCEPCION SRL,4713-YZU,Diesel Oil Nacional,DIESEL_NACIONAL,Provincia,
2026-09-11,2026-09-11,True,False,Santa Cruz,GASOLINA ESPECIAL + EESS,20000.0,L,JARAJORECHI S.R.L.,652-SRU,Gasolina Especial +,GASOLINA_ESPECIAL_MAS,Provincia,
2026-09-11,2026-09-11,True,False,Santa Cruz,DIESEL OIL NACIONAL EESS,20000.0,L,ESTACION DE SERVICIO ARACATACA,863-XYY,Diesel Oil Nacional,DIESEL_NACIONAL,Provincia,
2026-09-11,2026-09-11,True,False,Santa Cruz,DIESEL OIL NACIONAL EESS,15000.0,L,ESTACION DE SERVICIO GASCAR S.R.L.,5342-KHY,Diesel Oil Nacional,DIESEL_NACIONAL,Provincia,
2026-09-11,2026-09-11,True,False,Santa Cruz,GASOLINA ESPECIAL + (S/DSI),15000.0,L,EMPRESA DE SERVICIOS 8 DE NOVIEMBRE LTDA.,1831-SEK,Gasolina Especial +,GASOLINA_ESPECIAL_MAS,Ciudad,
2026-09-11,2026-09-11,True,False,Santa Cruz,DIESEL OIL NACIONAL EESS,20000.0,L,ESTACION DE SERVICIO MACONDO,399-LZN,Diesel Oil Nacional,DIESEL_NACIONAL,Provincia,
2026-09-11,2026-09-10,True,True,Santa Cruz,GASOLINA ESPECIAL + EESS,20000.0,L,ESTACION DE SERVICIO GASCAR S.R.L.,5342-KHY,Gasolina Especial +,GASOLINA_ESPECIAL_MAS,Provincia,
2026-09-11,2026-09-09,True,True,Santa Cruz,DIESEL OIL IMPORTADO GRACO,11300.0,L,POPLAR CAPITAL S.A.,1286-HYN,Diesel Oil Importado,DIESEL_IMPORTADO,,
2026-09-11,2026-09-11,True,False,Santa Cruz,DIESEL OIL NACIONAL EESS,25000.0,L,ESTACION DE SERVICIO CARLOS ANDRES FI S.R.L.,1526-TEI,Diesel Oil Nacional,DIESEL_NACIONAL,Provincia,
2026-09-11,2026-09-11,True,False,Santa Cruz,GASOLINA ESPECIAL + (S/DSI),25000.0,L,ESTACION DE SERVICIO REFINERIA ORIENTAL S.A. - SUC. ZONA 4° ANILLO FRENTE A BUFALO PARK - SC,1469-PUA,Gasolina Especial +,GASOLINA_ESPECIAL_MAS,Ciudad,
2026-09-11,2026-09-11,True,False,Santa Cruz,GASOLINA ESPECIAL + (S/DSI),10000.0,L,ESTACION DE SERVICIO PIRAI S.R.L.,1469-PUA,Gasolina Especial +,GASOLINA_ESPECIAL_MAS,Ciudad,
2026-09-11,2026-09-11,True,False,Santa Cruz,DIESEL OIL NACIONAL EESS,5000.0,L,ESTACION DE SERVICIO EL BATO,1502-UIR,Diesel Oil Nacional,DIESEL_NACIONAL,Provincia,
2026-09-11,2026-09-11,True,False,Santa Cruz,DIESEL OIL NACIONAL EESS,10000.0,L,ESTACION DE SERVICIO EL BATO,1502-UIR,Diesel Oil Nacional,DIESEL_NACIONAL,Provincia,
2026-09-11,2026-09-10,True,True,Santa Cruz,DIESEL OIL NACIONAL EESS,15000.0,L,ESTACION DE SERVICIO EL BATO,1502-UIR,Diesel Oil Nacional,DIESEL_NACIONAL,Provincia,
2026-09-11,2026-09-08,True,True,Santa Cruz,DIESEL OIL IMPORTADO GRACO,20000.0,L,JACOB FEHR HARMS,2326-XRR,Diesel Oil Importado,DIESEL_IMPORTADO,,
2026-09-11,2026-09-11,True,False,Santa Cruz,DIESEL OIL IMPORTADO CF,15000.0,L,HACIENDAS GANADERAS CHIQUITANAS S.A.,415-NGK(1),Diesel Oil Importado,DIESEL_IMPORTADO,,
2026-09-11,2026-09-11,True,False,Santa Cruz,DIESEL OIL IMPORTADO CF,15000.0,L,BERTRAND MARIE PIERRE ROGER RAYMOND DE LASSUS,415-NGK(1),Diesel Oil Importado,DIESEL_IMPORTADO,,
2026-09-11,2026-09-11,True,False,Santa Cruz,DIESEL OIL NACIONAL EESS,25000.0,L,ESTACION DE SERVICIO LA CUEVA - ROLANDO CHAVEZ VACA,1128-PIA,Diesel Oil Nacional,DIESEL_NACIONAL,Provincia,
2026-09-11,2026-09-11,True,False,Santa Cruz,GASOLINA ESPECIAL + (S/DSI),20000.0,L,GENEX S.A SUCURSAL S.C ZONA GUALBERTO VILLARROEL,1166-FCU,Gasolina Especial +,GASOLINA_ESPECIAL_MAS,Ciudad,
2026-09-11,2026-09-11,True,False,Santa Cruz,GASOLINA ESPECIAL + (S/DSI),15000.0,L,GENEX S.A SUCURSAL SANTA CRUZ ZONA LA RAMADA,1166-FCU,Gasolina Especial +,GASOLINA_ESPECIAL_MAS,Ciudad,
2026-09-11,2026-09-11,True,False,Santa Cruz,DIESEL OIL NACIONAL EESS,5000.0,L,ESTACION DE SERVICIO MACONDO,1074-IHH,Diesel Oil Nacional,DIESEL_NACIONAL,Provincia,
2026-09-11,2026-09-11,True,False,Santa Cruz,DIESEL OIL NACIONAL EESS,25000.0,L,ESTACION DE SERVICIO CHANE,1074-IHH,Diesel Oil Nacional,DIESEL_NACIONAL,Provincia,
2026-09-11,2026-09-11,True,False,Santa Cruz,GASOLINA ESPECIAL + (S/DSI),5000.0,L,ESTACION DE SERVICIO LA COLORADA,2120-PKF,Gasolina Especial +,GASOLINA_ESPECIAL_MAS,Ciudad,
2026-09-11,2026-09-11,True,False,Santa Cruz,DIESEL OIL NACIONAL EESS,20000.0,L,ESTACION DE SERVICIO DURAZNERO-DANA FLORES DAVALOS,2182-HII,Diesel Oil Nacional,DIESEL_NACIONAL,Provincia,
2026-09-11,2026-09-11,True,False,Santa Cruz,GASOLINA ESPECIAL + (S/DSI),10000.0,L,ESTACION DE SERVICIO EL GASOMETRO S.R.L.,885-PZL,Gasolina Especial +,GASOLINA_ESPECIAL_MAS,Ciudad,
2026-09-11,2026-09-11,True,False,Santa Cruz,GASOLINA ESPECIAL + (S/DSI),20000.0,L,ESTACION DE SERVICIO LA CHORRERA SRL,885-PZL,Gasolina Especial +,GASOLINA_ESPECIAL_MAS,Ciudad,
2026-09-11,2026-09-11,True,False,Santa Cruz,GASOLINA ESPECIAL + (S/DSI),5000.0,L,REFINERIA ORIENTAL S.A. SUCURSAL MONTECRISTO,1493-PDD,Gasolina Especial +,GASOLINA_ESPECIAL_MAS,Ciudad,
2026-09-11,2026-09-10,True,True,Santa Cruz,GASOLINA ESPECIAL + (S/DSI),5000.0,L,REFINERIA ORIENTAL S.A.-SUC. TERCER ANILLO INTERNO FRENTE CANCHITA ROYAL,1493-PDD,Gasolina Especial +,GASOLINA_ESPECIAL_MAS,Ciudad,
2026-09-11,2026-09-11,True,False,Santa Cruz,GASOLINA ESPECIAL + (S/DSI),10000.0,L,ESTACION DE SERVICIO SUR S.R.L. SUCURSAL 2,1493-PDD,Gasolina Especial +,GASOLINA_ESPECIAL_MAS,Ciudad,
2026-09-11,2026-09-11,True,False,Santa Cruz,GASOLINA ESPECIAL + (S/DSI),20000.0,L,ESTACION DE SERVICIO LA COLORADA,2120-PKF,Gasolina Especial +,GASOLINA_ESPECIAL_MAS,Ciudad,
2026-09-11,2026-09-11,True,False,Santa Cruz,GASOLINA ESPECIAL + (S/DSI),20000.0,L,YVU CENTRO DE SERVICIOS Y COMERCIO S.R.L.,1060-PIT,Gasolina Especial +,GASOLINA_ESPECIAL_MAS,Ciudad,
2026-09-11,2026-09-11,True,False,Santa Cruz,GASOLINA ESPECIAL + (S/DSI),20000.0,L,R&E 3000 S.R.L.,1197-ATI,Gasolina Especial +,GASOLINA_ESPECIAL_MAS,Ciudad,
2026-09-11,2026-09-10,True,True,Santa Cruz,DIESEL OIL IMPORTADO EESS,10000.0,L,LAS PALMAS S.R.L.,967-HFA,Diesel Oil Importado,DIESEL_IMPORTADO,Ciudad,
2026-09-11,2026-09-11,True,False,Santa Cruz,GLP DISTRIB. 10 KILOS NAL,5100.0,L,DIST. GLP. MARY-MARIA ELENA TAPIA USCAMAITA,526-ZZY,GLP,GLP,,
2026-09-11,2026-09-11,True,False,Santa Cruz,DIESEL OIL NACIONAL EESS,25000.0,L,TARIFA S.R.L.,5314-TZK,Diesel Oil Nacional,DIESEL_NACIONAL,Provincia,
2026-09-11,2026-09-11,True,False,Santa Cruz,DIESEL OIL IMPORTADO EESS,25000.0,L,GENEX S.A-SUCURSAL S.C ZONA GUARACACHI,1285-UKF,Diesel Oil Importado,DIESEL_IMPORTADO,Ciudad,
2026-09-11,2026-09-11,True,False,Santa Cruz,DIESEL OIL IMPORTADO EESS,10000.0,L,CIA BOLIVIANA DE GAS NATURAL COMPRIMIDO GENEX SA,1285-UKF,Diesel Oil Importado,DIESEL_IMPORTADO,Ciudad,
2026-09-11,2026-09-11,True,False,Santa Cruz,GASOLINA ESPECIAL + (S/DSI),10000.0,L,GENEX S.A-SUCURSAL S.C ZONA GUARACACHI,1115-DLF,Gasolina Especial +,GASOLINA_ESPECIAL_MAS,Ciudad,
2026-09-11,2026-09-11,True,False,Santa Cruz,GASOLINA ESPECIAL + (S/DSI),20000.0,L,GENEX S.A SUCURSAL SANTA CRUZ ZONA ESTE,1115-DLF,Gasolina Especial +,GASOLINA_ESPECIAL_MAS,Ciudad,
2026-09-11,2026-09-11,True,False,Santa Cruz,DIESEL OIL IMPORTADO EESS,15000.0,L,ESTACION DE SERVICIO BI-OCEANICA S.R.L.,4096-LDR,Diesel Oil Importado,DIESEL_IMPORTADO,Ciudad,
2026-09-11,2026-09-11,True,False,Santa Cruz,GASOLINA ESPECIAL + EESS,20000.0,L,ESTACION DE SERVICIO SAYE S.R.L.,2079-FUL,Gasolina Especial +,GASOLINA_ESPECIAL_MAS,Provincia,
2026-09-11,2026-09-11,True,False,Santa Cruz,GASOLINA ESPECIAL + (S/DSI),5000.0,L,ESTACION DE SERVICIO VERGARA - FABIOLA NOEMI ZORRILLO VERGARA,1184-YND,Gasolina Especial +,GASOLINA_ESPECIAL_MAS,Ciudad,
2026-09-11,2026-09-11,True,False,Santa Cruz,DIESEL OIL IMPORTADO EESS,15000.0,L,ESTACION DE SERVICIO VERGARA - FABIOLA NOEMI ZORRILLO VERGARA,1184-YND,Diesel Oil Importado,DIESEL_IMPORTADO,Ciudad,
2026-09-11,2026-09-11,True,False,Santa Cruz,GASOLINA ESPECIAL + EESS,20000.0,L,ESTACION DE SERVICIO LOS BIBOSIS S.R.L.,5631-AZA,Gasolina Especial +,GASOLINA_ESPECIAL_MAS,Provincia,
2026-09-11,2026-09-11,True,False,Santa Cruz,GASOLINA ESPECIAL + (S/DSI),20000.0,L,REFINERIA ORIENTAL S.A. SUC. NOR ESTE,1095-ZCK,Gasolina Especial +,GASOLINA_ESPECIAL_MAS,Ciudad,
2026-09-11,2026-09-11,True,False,Santa Cruz,GASOLINA ESPECIAL + (S/DSI),10000.0,L,REFINERIA ORIENTAL S.A.,1095-ZCK,Gasolina Especial +,GASOLINA_ESPECIAL_MAS,Ciudad,
2026-09-11,2026-09-11,True,False,Santa Cruz,DIESEL OIL NACIONAL EESS,20000.0,L,D-GAS S.A. SUCURSAL SANTA CRUZ,2511-RLA,Diesel Oil Nacional,DIESEL_NACIONAL,Provincia,
2026-09-11,2026-09-11,True,False,Santa Cruz,GASOLINA ESPECIAL + (S/DSI),5000.0,L,ESTACION DE SERVICIO ORSA S.R.L.,5583-ADI,Gasolina Especial +,GASOLINA_ESPECIAL_MAS,Ciudad,
2026-09-11,2026-09-11,True,False,Santa Cruz,GASOLINA ESPECIAL + (S/DSI),20000.0,L,ESTACION DE SERVICIO SUR S.R.L. SUCURSAL 1,4530-FIY,Gasolina Especial +,GASOLINA_ESPECIAL_MAS,Ciudad,
2026-09-11,2026-09-11,True,False,Santa Cruz,GLP DISTRIB. 45 KILOS NAL,4500.0,L,DIST. GLP. ALTAMARGAS Juan Pablo Melgarejo Iriarte,3586-ITS,GLP,GLP,,
2026-09-11,2026-09-10,True,True,Santa Cruz,DIESEL OIL NACIONAL EESS,25000.0,L,ESTACION DE SERVICIO TORRIAYALA S.R.L.,4491-PRD,Diesel Oil Nacional,DIESEL_NACIONAL,Provincia,
2026-09-11,2026-09-11,True,False,Santa Cruz,GLP DISTRIB. 45 KILOS NAL,2160.0,L,CARMEN R. MELGAREJO GONZALES - DIST. CENTRO GAS,6663-IUD,GLP,GLP,,
2026-09-11,2026-09-10,True,True,Santa Cruz,DIESEL OIL NACIONAL EESS,20000.0,L,COMPAÑIA COMERCIALIZADORA BOLIVIANA DE HIDROCARBUROS CONFI S.R.L.,2986-INR,Diesel Oil Nacional,DIESEL_NACIONAL,Provincia,
2026-09-11,2026-09-10,True,True,Santa Cruz,DIESEL OIL IMPORTADO EESS,5000.0,L,VANGAS S.A,878-ENK,Diesel Oil Importado,DIESEL_IMPORTADO,Ciudad,
2026-09-11,2026-09-10,True,True,Santa Cruz,DIESEL OIL IMPORTADO EESS,10000.0,L,ESTACION DE SERVICIO EL TROMPILLO,878-ENK,Diesel Oil Importado,DIESEL_IMPORTADO,Ciudad,
2026-09-11,2026-09-09,True,True,Santa Cruz,DIESEL OIL NACIONAL EESS,19000.0,L,SURTIDOR LOS NEGROS - NERY TABOADA CONTRERAS,1871-FDS,Diesel Oil Nacional,DIESEL_NACIONAL,Provincia,
2026-09-11,2026-09-10,True,True,Santa Cruz,GASOLINA ESPECIAL + (S/DSI),20000.0,L,ESTACION DE SERVICIO MONTAÑO S.R.L.,3031-PAN,Gasolina Especial +,GASOLINA_ESPECIAL_MAS,Ciudad,
2026-09-11,2026-09-10,True,True,Santa Cruz,DIESEL OIL IMPORTADO EESS,2000.0,L,ESTACION DE SERVICIO ORSA SRL-SUCURSAL 1,5583-ADI,Diesel Oil Importado,DIESEL_IMPORTADO,Provincia,
2026-09-11,2026-09-09,True,True,Santa Cruz,DIESEL OIL NACIONAL EESS,15000.0,L,ESTACION DE SERVICIO EL BIBOSI MANANTIAL-LIMBERT JIMENEZ JALDIN,2014-TNN,Diesel Oil Nacional,DIESEL_NACIONAL,Provincia,
2026-09-11,2026-09-09,True,True,Santa Cruz,GASOLINA ESPECIAL + EESS,20000.0,L,ESTACION DE SERVICIO EL BIBOSI MANANTIAL-LIMBERT JIMENEZ JALDIN,2014-TNN,Gasolina Especial +,GASOLINA_ESPECIAL_MAS,Provincia,
2026-09-11,2026-09-10,True,True,Santa Cruz,GLP DISTRIB. 10 KILOS NAL,12240.0,L,DIST. GLP. ALTAMARGAS Juan Pablo Melgarejo Iriarte,6683-TRA,GLP,GLP,,
2026-09-11,2026-09-10,True,True,Santa Cruz,GLP DISTRIB. 10 KILOS NAL,6000.0,L,JYRL GAS SUCURSAL CABEZAS CALLE TAJIBO - LOURDES MORALES DE QUIROZ,1178-ADY,GLP,GLP,,
2026-09-11,2026-09-09,True,True,Santa Cruz,GASOLINA ESPECIAL + EESS,20000.0,L,ESTACION DE SERVICIO SAYE S.R.L.,1834-TFT,Gasolina Especial +,GASOLINA_ESPECIAL_MAS,Provincia,
2026-09-11,2026-09-08,True,True,Santa Cruz,DIESEL OIL NACIONAL EESS,25000.0,L,ESTACION DE SERVICIO PORTACHUELO LTDA,6683-LEG,Diesel Oil Nacional,DIESEL_NACIONAL,Provincia,
2026-09-11,2026-09-08,True,True,Santa Cruz,GLP DISTRIB. 10 KILOS NAL,7710.0,L,CARMEN R. MELGAREJO GONZALES - DIST. CENTRO GAS,515-HGI,GLP,GLP,,
2026-09-11,2026-09-11,True,False,Santa Cruz,GASOLINA ESPECIAL + (S/DSI),5000.0,L,ESTACION DE SERVICIO EMANUEL S.R.L.,3853-BSD,Gasolina Especial +,GASOLINA_ESPECIAL_MAS,Ciudad,
2026-09-11,2026-09-11,True,False,Santa Cruz,GASOLINA ESPECIAL + (S/DSI),10000.0,L,CENTRO DE COMERCIO Y SERVICIOS VALDIVIA FERRUFINO S.R.L.,3853-BSD,Gasolina Especial +,GASOLINA_ESPECIAL_MAS,Ciudad,
2026-09-11,2026-09-11,True,False,Santa Cruz,DIESEL OIL NACIONAL EESS,11000.0,L,SURTIDOR LOS NEGROS - NERY TABOADA CONTRERAS,1871-FDS,Diesel Oil Nacional,DIESEL_NACIONAL,Provincia,
2026-09-11,2026-09-11,True,False,Santa Cruz,DIESEL OIL IMPORTADO EESS,15000.0,L,ESTACION DE SERVICIO DICOR S.R.L.,583-PTR,Diesel Oil Importado,DIESEL_IMPORTADO,Ciudad,
2026-09-11,2026-09-11,True,False,Santa Cruz,DIESEL OIL IMPORTADO EESS,30000.0,L,ESTACION DE SERVICIOS VIRGEN DE COTOCA S.R.L.,1174-GCP,Diesel Oil Importado,DIESEL_IMPORTADO,Ciudad,
2026-09-11,2026-09-11,True,False,Santa Cruz,GASOLINA ESPECIAL + (S/DSI),10000.0,L,VANGAS S.A,851-SLG,Gasolina Especial +,GASOLINA_ESPECIAL_MAS,Ciudad,
2026-09-11,2026-09-11,True,False,Santa Cruz,GASOLINA ESPECIAL + (S/DSI),20000.0,L,ESTACION DE SERVICIO EL TROMPILLO,851-SLG,Gasolina Especial +,GASOLINA_ESPECIAL_MAS,Ciudad,
2026-09-11,2026-09-11,True,False,Santa Cruz,DIESEL OIL IMPORTADO EESS,25000.0,L,SERVICIOS GENERALES LA CAÑADA S.R.L.,2215-HBF,Diesel Oil Importado,DIESEL_IMPORTADO,Ciudad,
2026-09-11,2026-09-11,True,False,Santa Cruz,DIESEL OIL IMPORTADO EESS,10000.0,L,ESTACION DE SERVICIO ORSA SRL-SUCURSAL 1,5583-ADI,Diesel Oil Importado,DIESEL_IMPORTADO,Provincia,
2026-09-11,2026-09-11,True,False,Santa Cruz,GASOLINA ESPECIAL + (S/DSI),20000.0,L,ESTACION DE SERVICIOS VIRGEN DE COTOCA S.R.L.,3850-ANL,Gasolina Especial +,GASOLINA_ESPECIAL_MAS,Ciudad,
2026-09-11,2026-09-11,True,False,Santa Cruz,DIESEL OIL IMPORTADO EESS,25000.0,L,EMPRESA DE SERVICIOS 8 DE NOVIEMBRE LTDA.,1831-SEK,Diesel Oil Importado,DIESEL_IMPORTADO,Ciudad,
2026-09-11,2026-09-11,True,False,Santa Cruz,DIESEL OIL NACIONAL EESS,25000.0,L,ESTACION DE SERVICIO MINERO-JHONNY QUINTEROS VASQUEZ,5351-UAG,Diesel Oil Nacional,DIESEL_NACIONAL,Provincia,
2026-09-11,2026-09-11,True,False,Santa Cruz,DIESEL OIL NACIONAL EESS,25000.0,L,ESTACION DE SERVICIO EL MIRADOR - SONIA SORUCO ROCA,4803-IRB,Diesel Oil Nacional,DIESEL_NACIONAL,Provincia,
2026-09-11,2026-09-11,True,False,Santa Cruz,GASOLINA ESPECIAL + EESS,20000.0,L,ESTACION DE SERVICIO EL MIRADOR - SONIA SORUCO ROCA,1176-SCT,Gasolina Especial +,GASOLINA_ESPECIAL_MAS,Provincia,
2026-09-11,2026-09-11,True,False,Santa Cruz,GASOLINA ESPECIAL + EESS,20000.0,L,ESTACION DE SERVICIO PORTACHUELO LTDA,599-AEA,Gasolina Especial +,GASOLINA_ESPECIAL_MAS,Provincia,
2026-09-11,2026-09-11,True,False,Santa Cruz,DIESEL OIL NACIONAL EESS,25000.0,L,ESTACION DE SERVICIO RUTA NORTE S.R.L.,3994-CKU,Diesel Oil Nacional,DIESEL_NACIONAL,Provincia,
2026-09-11,2026-09-11,True,False,Santa Cruz,GASOLINA ESPECIAL + EESS,20000.0,L,ESTACION DE SERVICIO LA GUARDIA,1803-YHK,Gasolina Especial +,GASOLINA_ESPECIAL_MAS,Provincia,
2026-09-11,2026-09-11,True,False,Santa Cruz,GASOLINA ESPECIAL + EESS,30000.0,L,"ESTACION DE SERVICIO ""S.J"" S.R.L.",3598-KXG,Gasolina Especial +,GASOLINA_ESPECIAL_MAS,Provincia,
2026-09-11,2026-09-11,True,False,Santa Cruz,DIESEL OIL IMPORTADO EESS,5000.0,L,ESTACION DE SERVICIO EL ARROYO S.R.L.,1005-XLH,Diesel Oil Importado,DIESEL_IMPORTADO,Ciudad,
2026-09-11,2026-09-11,True,False,Santa Cruz,DIESEL OIL IMPORTADO EESS,5000.0,L,ESTACION DE SERVICIO CLUB GAZEL S.R.L.,2229-HLP,Diesel Oil Importado,DIESEL_IMPORTADO,Ciudad,
2026-09-11,2026-09-10,True,True,Santa Cruz,DIESEL OIL IMPORTADO EESS,20000.0,L,ESTACION DE SERVICIO LOS COYUYOS-JULIA GONZALES,3589-UKG,Diesel Oil Importado,DIESEL_IMPORTADO,Ciudad,
2026-09-11,2026-09-11,True,False,Santa Cruz,GASOLINA ESPECIAL + (S/DSI),15000.0,L,ESTACION DE SERVICIO 3F OIL S.R.L.,953-UFL,Gasolina Especial +,GASOLINA_ESPECIAL_MAS,Ciudad,
2026-09-11,2026-09-11,True,False,Santa Cruz,DIESEL OIL NACIONAL EESS,30000.0,L,ESTACION DE SERVICIO LAS CONCHAS S.R.L.,389-IPX,Diesel Oil Nacional,DIESEL_NACIONAL,Provincia,
2026-09-11,2026-09-11,True,False,Santa Cruz,DIESEL OIL IMPORTADO EESS,25000.0,L,ESTACION DE SERVICIO TRES PASOS AL FRENTE - VITALIANO ROJAS OLIVERA,5002-IBN,Diesel Oil Importado,DIESEL_IMPORTADO,Ciudad,
2026-09-11,2026-09-11,True,False,Santa Cruz,DIESEL OIL IMPORTADO EESS,25000.0,L,SURTIDOR COTOCA - JOSE RAMIRO AYALA FLORES,2338-FGD,Diesel Oil Importado,DIESEL_IMPORTADO,Ciudad,
2026-09-11,2026-09-11,True,False,Santa Cruz,GASOLINA ESPECIAL + (S/DSI),20000.0,L,GASCO S.R.L.,1999-CDP,Gasolina Especial +,GASOLINA_ESPECIAL_MAS,Ciudad,
2026-09-11,2026-09-11,True,False,Santa Cruz,GASOLINA ESPECIAL + (S/DSI),10000.0,L,GAS DEL ESTE S.R.L.,622-IUN,Gasolina Especial +,GASOLINA_ESPECIAL_MAS,Ciudad,
2026-09-11,2026-09-11,True,False,Santa Cruz,GASOLINA ESPECIAL + (S/DSI),20000.0,L,Z & Z LTDA,331-PID,Gasolina Especial +,GASOLINA_ESPECIAL_MAS,Ciudad,
2026-09-11,2026-09-11,True,False,Santa Cruz,GASOLINA ESPECIAL + (S/DSI),20000.0,L,REFRIGAS S.R.L.,1123-RNR,Gasolina Especial +,GASOLINA_ESPECIAL_MAS,Ciudad,
2026-09-11,2026-09-11,True,False,Santa Cruz,DIESEL OIL IMPORTADO EESS,25000.0,L,R&E 3000 S.R.L.,1197-ATI,Diesel Oil Importado,DIESEL_IMPORTADO,Ciudad,
2026-09-11,2026-09-11,True,False,Santa Cruz,GASOLINA ESPECIAL + EESS,20000.0,L,SURTIDOR EL PATUJU - ROGELIO LA FUENTE OLIVERA,1330-AEN,Gasolina Especial +,GASOLINA_ESPECIAL_MAS,Provincia,
2026-09-11,2026-09-11,True,False,Santa Cruz,DIESEL OIL IMPORTADO EESS,35000.0,L,ESTACION DE SERVICIO MONTAÑO S.R.L.,3031-PAN,Diesel Oil Importado,DIESEL_IMPORTADO,Ciudad,
2026-09-11,2026-09-11,True,False,Santa Cruz,GASOLINA ESPECIAL + EESS,10000.0,L,ESTACION DE SERVICIO MONTERO - MARIA DEL ROSARIO COLQUE QUIROZ,1330-AEN,Gasolina Especial +,GASOLINA_ESPECIAL_MAS,Provincia,
2026-09-11,2026-09-11,True,False,Santa Cruz,DIESEL OIL NACIONAL EESS,20000.0,L,ESTACION DE SERVICIO MONTERO - MARIA DEL ROSARIO COLQUE QUIROZ,1798-PKI,Diesel Oil Nacional,DIESEL_NACIONAL,Provincia,
2026-09-11,2026-09-11,True,False,Santa Cruz,DIESEL OIL IMPORTADO EESS,25000.0,L,ESTACION DE SERVICIO DAVILA S.R.L.,1445-CDA,Diesel Oil Importado,DIESEL_IMPORTADO,Ciudad,
2026-09-11,2026-09-11,True,False,Santa Cruz,GASOLINA ESPECIAL + EESS,20000.0,L,ABERI SRL,1408-PLU,Gasolina Especial +,GASOLINA_ESPECIAL_MAS,Provincia,
2026-09-11,2026-09-11,True,False,Santa Cruz,GASOLINA ESPECIAL + (S/DSI),20000.0,L,ESTACION DE SERVICIO GUAYACAN S.R.L.,727-YTY,Gasolina Especial +,GASOLINA_ESPECIAL_MAS,Ciudad,
2026-09-11,2026-09-11,True,False,Santa Cruz,GASOLINA ESPECIAL + EESS,20000.0,L,ESTACION DE SERVICIO EL TINTO S.R.L.,303-DEH,Gasolina Especial +,GASOLINA_ESPECIAL_MAS,Provincia,
2026-09-11,2026-09-11,True,False,Santa Cruz,DIESEL OIL NACIONAL EESS,30000.0,L,ESTACION DE SERVICIO SAN SILVESTRE,514-CEK,Diesel Oil Nacional,DIESEL_NACIONAL,Provincia,
2026-09-11,2026-09-11,True,False,Santa Cruz,DIESEL OIL IMPORTADO EESS,5000.0,L,ESTACION DE SERVICIO RIVERO - LUIS ANTONIO RIVERO AÑEZ,681-FDU,Diesel Oil Importado,DIESEL_IMPORTADO,Ciudad,
2026-09-11,2026-09-11,True,False,Santa Cruz,GASOLINA ESPECIAL + (S/DSI),5000.0,L,ESTACION DE SERVICIO RIVERO - LUIS ANTONIO RIVERO AÑEZ,681-FDU,Gasolina Especial +,GASOLINA_ESPECIAL_MAS,Ciudad,
2026-09-11,2026-09-11,True,False,Santa Cruz,DIESEL OIL NACIONAL EESS,30000.0,L,ESTACION DE SERVICIO FLORES-SIMONA FLORES FLORES,1757-BGC,Diesel Oil Nacional,DIESEL_NACIONAL,Provincia,
2026-09-11,2026-09-11,True,False,Santa Cruz,DIESEL OIL IMPORTADO EESS,10000.0,L,SURTIDOR CLUBOL - RUTH JIMENEZ DE MONROY,5312-NXE,Diesel Oil Importado,DIESEL_IMPORTADO,Ciudad,
2026-09-11,2026-09-11,True,False,Santa Cruz,DIESEL OIL NACIONAL EESS,15000.0,L,ESTACION DE SERVICIO JATUMPAMPA SRL,2188-IEB,Diesel Oil Nacional,DIESEL_NACIONAL,Provincia,
2026-09-11,2026-09-11,True,False,Santa Cruz,DIESEL OIL IMPORTADO EESS,25000.0,L,COMPLEJO AUTOMOTRIZ VIRGEN DE URKUPIÑA S.R.L.,950-ZBY,Diesel Oil Importado,DIESEL_IMPORTADO,Ciudad,
2026-09-11,2026-09-11,True,False,Santa Cruz,DIESEL OIL NACIONAL EESS,20000.0,L,ESTACION DE SERVICIO ORTIZ S.R.L.,086-BDL,Diesel Oil Nacional,DIESEL_NACIONAL,Provincia,
2026-09-11,2026-09-11,True,False,Santa Cruz,DIESEL OIL IMPORTADO EESS,15000.0,L,REFINERIA ORIENTAL S.A. SUCURSAL MONTECRISTO,1388-TGA,Diesel Oil Importado,DIESEL_IMPORTADO,Ciudad,
2026-09-11,2026-09-11,True,False,Santa Cruz,DIESEL OIL IMPORTADO EESS,10000.0,L,REFINERIA ORIENTAL S.A. SUCURSAL MONTECRISTO,2801-BYP,Diesel Oil Importado,DIESEL_IMPORTADO,Ciudad,
2026-09-11,2026-09-11,True,False,Santa Cruz,GASOLINA ESPECIAL + (S/DSI),15000.0,L,REFINERIA ORIENTAL S.A. SUCURSAL MONTECRISTO,437-KYY,Gasolina Especial +,GASOLINA_ESPECIAL_MAS,Ciudad,
2026-09-11,2026-09-11,True,False,Santa Cruz,DIESEL OIL IMPORTADO EESS,5000.0,L,ESTACION DE SERVICIO PIRAI S.R.L. SUC. DOBLE VIA LA GUARDIA ESQ. OCTAVO ANILLO,1388-TGA,Diesel Oil Importado,DIESEL_IMPORTADO,Ciudad,
2026-09-11,2026-09-11,True,False,Santa Cruz,DIESEL OIL IMPORTADO EESS,20000.0,L,ESTACION DE SERVICIO PIRAI S.R.L. SUC. DOBLE VIA LA GUARDIA ESQ. OCTAVO ANILLO,2447-AGD,Diesel Oil Importado,DIESEL_IMPORTADO,Ciudad,
2026-09-11,2026-09-11,True,False,Santa Cruz,GASOLINA ESPECIAL + (S/DSI),20000.0,L,ESTACION DE SERVICIO PIRAI S.R.L. SUC. DOBLE VIA LA GUARDIA ESQ. OCTAVO ANILLO,4108-GPL,Gasolina Especial +,GASOLINA_ESPECIAL_MAS,Ciudad,
2026-09-11,2026-09-10,True,True,Santa Cruz,DIESEL OIL NACIONAL EESS,25000.0,L,ESTACION DE SERVICIO EL TAJIBO OKINAWA,1122-SRR,Diesel Oil Nacional,DIESEL_NACIONAL,Provincia,
2026-09-11,2026-09-11,True,False,Santa Cruz,DIESEL OIL NACIONAL EESS,35000.0,L,SURTIDOR ACIPA - SJ S.R.L.,6475-PAS,Diesel Oil Nacional,DIESEL_NACIONAL,Provincia,
2026-09-11,2026-09-11,True,False,Santa Cruz,GASOLINA ESPECIAL + (S/DSI),24900.0,L,ESTACION DE SERVICIO LA CIMA,297-ACK,Gasolina Especial +,GASOLINA_ESPECIAL_MAS,Ciudad,
2026-09-11,2026-09-11,True,False,Santa Cruz,GASOLINA ESPECIAL + (S/DSI),20000.0,L,REFINERIA ORIENTAL S.A.-SUC. TERCER ANILLO INTERNO FRENTE CANCHITA ROYAL,1113-EAA,Gasolina Especial +,GASOLINA_ESPECIAL_MAS,Ciudad,
2026-09-11,2026-09-11,True,False,Santa Cruz,GASOLINA ESPECIAL + (S/DSI),20000.0,L,REFINERIA ORIENTAL S.A.-SUC. BARRIO LAZARETO,514-HHE,Gasolina Especial +,GASOLINA_ESPECIAL_MAS,Ciudad,
2026-09-11,2026-09-11,True,False,Santa Cruz,GASOLINA ESPECIAL + EESS,20000.0,L,SURTIDOR ACIPA - SJ S.R.L.,4120-ZTR,Gasolina Especial +,GASOLINA_ESPECIAL_MAS,Provincia,
2026-09-11,2026-09-10,True,True,Santa Cruz,GASOLINA ESPECIAL + EESS,20000.0,L,ESTACION DE SERVICIO JATUMPAMPA SRL,2188-IEB,Gasolina Especial +,GASOLINA_ESPECIAL_MAS,Provincia,
2026-09-11,2026-09-11,True,False,Santa Cruz,DIESEL OIL IMPORTADO EESS,25000.0,L,ESTACION DE SERVICIO SUR S.R.L.-SUCURSAL ESTACION DE SERVICIO LA TECA,2801-BYP,Diesel Oil Importado,DIESEL_IMPORTADO,Ciudad,
2026-09-11,2026-09-10,True,True,Santa Cruz,GASOLINA ESPECIAL + EESS,5000.0,L,SURTIDOR ACIPA - SJ S.R.L.,4120-ZTR,Gasolina Especial +,GASOLINA_ESPECIAL_MAS,Provincia,
2026-09-11,2026-09-11,True,False,Santa Cruz,DIESEL OIL IMPORTADO EESS,25000.0,L,ESTACION DE SERVICIO SUR SRL SUCURSAL 3,825-ATI,Diesel Oil Importado,DIESEL_IMPORTADO,Ciudad,
2026-09-11,2026-09-11,True,False,Santa Cruz,DIESEL OIL IMPORTADO EESS,15000.0,L,ESTACION DE SERVICIO SUR S.R.L. SUCURSAL 2,2447-AGD,Diesel Oil Importado,DIESEL_IMPORTADO,Ciudad,
2026-09-11,2026-09-11,True,False,Santa Cruz,DIESEL OIL IMPORTADO EESS,10000.0,L,ESTACION DE SERVICIO SUR S.R.L. SUCURSAL 2,825-ATI,Diesel Oil Importado,DIESEL_IMPORTADO,Ciudad,
2026-09-11,2026-09-10,True,True,Santa Cruz,GASOLINA ESPECIAL + (S/DSI),15000.0,L,ESTACION DE SERVICIO VERGARA - FABIOLA NOEMI ZORRILLO VERGARA,1184-YND,Gasolina Especial +,GASOLINA_ESPECIAL_MAS,Ciudad,
2026-09-11,2026-09-11,True,False,Santa Cruz,GASOLINA ESPECIAL + (S/DSI),20000.0,L,ESTACION DE SERVICIO SUR S.R.L.-SUCURSAL ESTACION DE SERVICIO LA TECA,437-KYY,Gasolina Especial +,GASOLINA_ESPECIAL_MAS,Ciudad,
2026-09-11,2026-09-11,True,False,Santa Cruz,GASOLINA ESPECIAL + (S/DSI),25000.0,L,ESTACION DE SERVICIO SUR SRL SUCURSAL 3,1390-DBC,Gasolina Especial +,GASOLINA_ESPECIAL_MAS,Ciudad,
2026-09-11,2026-09-10,True,True,Santa Cruz,DIESEL OIL IMPORTADO GRACO,20000.0,L,JACOB FEHR HARMS,344-ZDG,Diesel Oil Importado,DIESEL_IMPORTADO,,
2026-09-11,2026-09-11,True,False,Santa Cruz,DIESEL OIL IMPORTADO EESS,25000.0,L,ESTACION DE SERVICIO CLUB GAZEL S.R.L.,2229-HLP,Diesel Oil Importado,DIESEL_IMPORTADO,Ciudad,
2026-09-11,2026-09-11,True,False,Santa Cruz,GASOLINA ESPECIAL + EESS,20000.0,L,ESTACION DE SERVICIO MINERO-JHONNY QUINTEROS VASQUEZ,512-ZZA,Gasolina Especial +,GASOLINA_ESPECIAL_MAS,Provincia,
2026-09-11,2026-09-11,True,False,Santa Cruz,DIESEL OIL IMPORTADO EESS,25000.0,L,ESTACION DE SERVICIO LA COLORADA,2120-PKF,Diesel Oil Importado,DIESEL_IMPORTADO,Ciudad,
2026-09-11,2026-09-11,True,False,Santa Cruz,GASOLINA ESPECIAL + (S/DSI),20000.0,L,"ESTACION DE SERVICIO ""GUAPAY"" S.R.L.",447-PSY,Gasolina Especial +,GASOLINA_ESPECIAL_MAS,Ciudad,
2026-09-11,2026-09-11,True,False,Santa Cruz,GASOLINA ESPECIAL + EESS,20000.0,L,ESTACION DE SERVICIO PAULINA S.R.L.,571-PDN,Gasolina Especial +,GASOLINA_ESPECIAL_MAS,Provincia,
2026-09-11,2026-09-11,True,False,Santa Cruz,GASOLINA ESPECIAL + EESS,30000.0,L,ESTACION DE SERVICIO SOMOS GAS SRL,2257-EEE,Gasolina Especial +,GASOLINA_ESPECIAL_MAS,Provincia,
2026-09-11,2026-09-11,True,False,Santa Cruz,GASOLINA ESPECIAL + EESS,20000.0,L,ESTACION DE SERVICIO EL BATO,1502-UIR,Gasolina Especial +,GASOLINA_ESPECIAL_MAS,Provincia,
2026-09-11,2026-09-11,True,False,Santa Cruz,GASOLINA ESPECIAL + (S/DSI),20000.0,L,ESTACION DE SERVICIO BI-OCEANICA S.R.L.,4269-HNT,Gasolina Especial +,GASOLINA_ESPECIAL_MAS,Ciudad,
2026-09-11,2026-09-11,True,False,Santa Cruz,DIESEL OIL IMPORTADO EESS,24000.0,L,YVU CENTRO DE SERVICIOS Y COMERCIO S.R.L.,1060-PIT,Diesel Oil Importado,DIESEL_IMPORTADO,Ciudad,
2026-09-11,2026-09-11,True,False,Santa Cruz,DIESEL OIL NACIONAL EESS,25000.0,L,ESTACION DE SERVICIO PAULINA S.R.L.,130-TKT,Diesel Oil Nacional,DIESEL_NACIONAL,Provincia,
2026-09-11,2026-09-11,True,False,Santa Cruz,GASOLINA ESPECIAL + (S/DSI),20000.0,L,ESTACION DE SERVICIO CLUB GAZEL S.R.L.,2229-HLP,Gasolina Especial +,GASOLINA_ESPECIAL_MAS,Ciudad,
2026-09-11,2026-09-11,True,False,Santa Cruz,DIESEL OIL IMPORTADO EESS,25000.0,L,ESTACION DE SERVICIO EL TAROPE - JHONNY AGUILAR ADRIAZOLA,1744-UZH,Diesel Oil Importado,DIESEL_IMPORTADO,Ciudad,
2026-09-11,2026-09-11,True,False,Santa Cruz,DIESEL OIL IMPORTADO EESS,35000.0,L,ESTACION DE SERVICIO BI-OCEANICA S.R.L.,4096-LDR,Diesel Oil Importado,DIESEL_IMPORTADO,Ciudad,
2026-09-11,2026-09-11,True,False,Santa Cruz,DIESEL OIL IMPORTADO EESS,25000.0,L,ESTACION DE SERVICIO REYNALDO CORTEZ QUISPE,5312-NXE,Diesel Oil Importado,DIESEL_IMPORTADO,Ciudad,
2026-09-11,2026-09-11,True,False,Santa Cruz,GASOLINA ESPECIAL + (S/DSI),10000.0,L,ESTACION DE SERVICIO LOS MANGALES S.R.L.,1005-XLH,Gasolina Especial +,GASOLINA_ESPECIAL_MAS,Ciudad,
2026-09-11,2026-09-11,True,False,Santa Cruz,GASOLINA ESPECIAL + (S/DSI),10000.0,L,ESTACION DE SERVICIO MORAGRANDE S.R.L.,2483-HBD,Gasolina Especial +,GASOLINA_ESPECIAL_MAS,Ciudad,
2026-09-11,2026-09-11,True,False,Santa Cruz,GASOLINA ESPECIAL + (S/DSI),10000.0,L,ESTACION DE SERVICIO MORAGRANDE S.R.L. (SUC 1),2483-HBD,Gasolina Especial +,GASOLINA_ESPECIAL_MAS,Ciudad,
2026-09-11,2026-09-11,True,False,Santa Cruz,GASOLINA ESPECIAL + (S/DSI),20000.0,L,ESTACION DE SERVICIO LAS ORQUIDEAS S.R.L.,711-XUH,Gasolina Especial +,GASOLINA_ESPECIAL_MAS,Ciudad,
2026-09-11,2026-09-11,True,False,Santa Cruz,GASOLINA ESPECIAL + (S/DSI),20000.0,L,ESTACION DE SERVICIO YOTAU S.R.L.,3792-ENE,Gasolina Especial +,GASOLINA_ESPECIAL_MAS,Ciudad,
2026-09-11,2026-09-11,True,False,Santa Cruz,DIESEL OIL IMPORTADO EESS,30000.0,L,ESTACION DE SERVICIO EMANUEL S.R.L.,332-NTN,Diesel Oil Importado,DIESEL_IMPORTADO,Ciudad,
2026-09-11,2026-09-11,True,False,Santa Cruz,GASOLINA ESPECIAL + (S/DSI),20000.0,L,ESTACION DE SERVICIO PANTANAL DEL ORIENTE-ALVARO LUIS AGUILAR ADRIAZOLA,955-YPK,Gasolina Especial +,GASOLINA_ESPECIAL_MAS,Ciudad,
2026-09-11,2026-09-10,True,True,Santa Cruz,GASOLINA ESPECIAL GRACOS,25000.0,L,INDUSTRIA DE FRENOS Y EMBRAGUES FRICCION S.R.L.,1635-FXE,Gasolina Especial,GASOLINA_ESPECIAL,,
2026-09-11,2026-09-10,True,True,Santa Cruz,GASOLINA ESPECIAL + EESS,20000.0,L,ESTACION DE SERVICIO TIERRAS BAJAS SRL.,394-IIX,Gasolina Especial +,GASOLINA_ESPECIAL_MAS,Provincia,
2026-09-11,2026-09-10,True,True,Santa Cruz,GASOLINA ESPECIAL + EESS,10000.0,L,SURTIDOR VIRGEN DE CHARAGUA S.R.L.,466-UHP,Gasolina Especial +,GASOLINA_ESPECIAL_MAS,Provincia,
2026-09-11,2026-09-10,True,True,Santa Cruz,DIESEL OIL NACIONAL EESS,20000.0,L,SURTIDOR VIRGEN DE CHARAGUA S.R.L.,466-UHP,Diesel Oil Nacional,DIESEL_NACIONAL,Provincia,
2026-09-11,2026-09-10,True,True,Santa Cruz,DIESEL OIL IMPORTADO GRACO,35000.0,L,GRANORTE S.A.,5295-KFY,Diesel Oil Importado,DIESEL_IMPORTADO,,
2026-09-11,2026-09-10,True,True,Santa Cruz,GLP DISTRIB. 10 KILOS NAL,10500.0,L,DIST. GLP. CRUCEÑITA VASA S.R.L.,2360-THG,GLP,GLP,,
2026-09-11,2026-09-10,True,True,Santa Cruz,GASOLINA ESPECIAL + EESS,15000.0,L,ESTACION DE SERVICIO SUR SRL-SUCURSAL 4,5297-DNG,Gasolina Especial +,GASOLINA_ESPECIAL_MAS,Provincia,
2026-09-11,2026-09-10,True,True,Santa Cruz,GASOLINA ESPECIAL + EESS,20000.0,L,ESTACION DE SERVICIO TORRIAYALA S.R.L.,1066-TLK,Gasolina Especial +,GASOLINA_ESPECIAL_MAS,Provincia,
2026-09-11,2026-09-11,True,False,Santa Cruz,GLP DISTRIB. 45 KILOS NAL,4050.0,L,SOPESE S.R.L.,6393-FTT,GLP,GLP,,
2026-09-11,2026-09-11,True,False,Santa Cruz,GLP DISTRIB. 10 KILOS NAL,8690.0,L,SOPESE S.R.L.,5268-EKA,GLP,GLP,,
2026-09-11,2026-09-10,True,True,Santa Cruz,GASOLINA ESPECIAL + (S/DSI),5000.0,L,ESTACION DE SERVICIO SANTOS DUMONT NOGALES,961-XHP,Gasolina Especial +,GASOLINA_ESPECIAL_MAS,Ciudad,
2026-09-11,2026-09-11,True,False,Santa Cruz,GLP DISTRIB. 10 KILOS NAL,11310.0,L,AGROGAS S.R.L.,547-ZXY,GLP,GLP,,
2026-09-11,2026-09-10,True,True,Santa Cruz,GASOLINA ESPECIAL + (S/DSI),15000.0,L,GENEX S.A-SUCURSAL S.C ZONA GUARACACHI,1166-FCU,Gasolina Especial +,GASOLINA_ESPECIAL_MAS,Ciudad,
2026-09-11,2026-09-10,True,True,Santa Cruz,GASOLINA ESPECIAL + (S/DSI),15000.0,L,GENEX S.A. SUCURSAL ZONA NOR ESTE,1115-DLF,Gasolina Especial +,GASOLINA_ESPECIAL_MAS,Ciudad,
2026-09-11,2026-09-11,True,False,Santa Cruz,GLP DISTRIB. 10 KILOS NAL,4100.0,L,CTC-GAS,1860-YYY,GLP,GLP,,
2026-09-11,2026-09-11,True,False,Santa Cruz,GLP DISTRIB. 10 KILOS NAL,6900.0,L,GONZALES A. RONALD LEONEL - DIST. CORDIGAS,472-KZD,GLP,GLP,,
2026-09-11,2026-09-10,True,True,Santa Cruz,GASOLINA ESPECIAL + (S/DSI),10000.0,L,VANGAS S.A,1115-DLF,Gasolina Especial +,GASOLINA_ESPECIAL_MAS,Ciudad,
2026-09-11,2026-09-11,True,False,Santa Cruz,GLP DISTRIB. 10 KILOS NAL,6050.0,L,CAMPO GAS-MONTE ALTO-ELSA FELICIDAD USCAMAYTA CHOQUE DE TAPIA,795-YII,GLP,GLP,,
2026-09-11,2026-09-10,True,True,Santa Cruz,GASOLINA ESPECIAL + (S/DSI),20000.0,L,ESTACION DE SERVICIO EL TROMPILLO,1166-FCU,Gasolina Especial +,GASOLINA_ESPECIAL_MAS,Ciudad,
2026-09-11,2026-09-10,True,True,Santa Cruz,DIESEL OIL IMPORTADO EESS,15000.0,L,CENTRO DE COMERCIO Y SERVICIOS VALDIVIA FERRUFINO S.R.L.,2330-NLD,Diesel Oil Importado,DIESEL_IMPORTADO,Ciudad,
2026-09-11,2026-09-10,True,True,Santa Cruz,DIESEL OIL IMPORTADO EESS,20000.0,L,CENTRO DE COMERCIO Y SERVICIOS VALDIVIA FERRUFINO S.R.L.,2330-NLD,Diesel Oil Importado,DIESEL_IMPORTADO,Ciudad,
2026-09-11,2026-09-11,True,False,Santa Cruz,GLP DISTRIB. 10 KILOS NAL,2640.0,L,DIST. GLP. VALLE GAS - Nancy Arteaga de Lazo,3040-NGN,GLP,GLP,,
2026-09-11,2026-09-11,True,False,Santa Cruz,GLP DISTRIB. 10 KILOS NAL,12150.0,L,DIST. GLP. VALLE GAS - Nancy Arteaga de Lazo,475-RHN,GLP,GLP,,
2026-09-11,2026-09-10,True,True,Santa Cruz,GASOLINA ESPECIAL + EESS,25000.0,L,ESTACION DE SERVICIO CASCABEL SUC. CUATRO CAÑADAS-YOHANA PAOLA VACA GUZMAN,4124-YBX,Gasolina Especial +,GASOLINA_ESPECIAL_MAS,Provincia,
2026-09-11,2026-09-09,True,True,Santa Cruz,DIESEL OIL IMPORTADO EESS,5000.0,L,ESTACION DE SERVICIO LOS COYUYOS-JULIA GONZALES,3589-UKG,Diesel Oil Importado,DIESEL_IMPORTADO,Ciudad,
2026-09-11,2026-09-10,True,True,Santa Cruz,GASOLINA ESPECIAL + EESS,25000.0,L,ESTACION DE SERVICIO SUR S.R.L. SUCURSAL MONTE VERDE,1469-PUA,Gasolina Especial +,GASOLINA_ESPECIAL_MAS,Provincia,
2026-09-11,2026-09-09,True,True,Santa Cruz,DIESEL OIL NACIONAL EESS,20000.0,L,ESTACION DE SERVICIO EL AGRICULTOR-CLAUDINA PILLCO LOZA,2251-LZR,Diesel Oil Nacional,DIESEL_NACIONAL,Provincia,
2026-09-11,2026-09-10,True,True,Santa Cruz,GASOLINA ESPECIAL + EESS,5000.0,L,ESTACION DE SERVICIO SAN JAVIER-MARISOL NEGRETE AGUIRRE,3448-YKA,Gasolina Especial +,GASOLINA_ESPECIAL_MAS,Provincia,
2026-09-11,2026-09-10,True,True,Santa Cruz,GASOLINA ESPECIAL + (S/DSI),10000.0,L,ESTACION DE SERVICIO RADIAL 10 - HUGO FLORERO ORELLANA,948-PYS,Gasolina Especial +,GASOLINA_ESPECIAL_MAS,Ciudad,
2026-09-11,2026-09-09,True,True,Santa Cruz,GASOLINA ESPECIAL + EESS,20000.0,L,ESTACION DE SERVICIO SAN JAVIER-MARISOL NEGRETE AGUIRRE,3448-YKA,Gasolina Especial +,GASOLINA_ESPECIAL_MAS,Provincia,
2026-09-11,2026-09-10,True,True,Santa Cruz,DIESEL OIL NACIONAL EESS,15000.0,L,ESTACION DE SERVICIO COCA-ENRRIQUE COCA LOPEZ,2134-FYF,Diesel Oil Nacional,DIESEL_NACIONAL,Provincia,
2026-09-11,2026-09-10,True,True,Santa Cruz,GASOLINA ESPECIAL + EESS,20000.0,L,ESTACION DE SERVICIO COCA-ENRRIQUE COCA LOPEZ,2134-FYF,Gasolina Especial +,GASOLINA_ESPECIAL_MAS,Provincia,
2026-09-11,2026-09-09,True,True,Santa Cruz,GASOLINA ESPECIAL + EESS,20000.0,L,GOTEON S.R.L.,453-IYH,Gasolina Especial +,GASOLINA_ESPECIAL_MAS,Provincia,
2026-09-11,2026-09-10,True,True,Santa Cruz,GASOLINA ESPECIAL + EESS,20000.0,L,ESTACION DE SERVICIO SAN SILVESTRE,2265-BKN,Gasolina Especial +,GASOLINA_ESPECIAL_MAS,Provincia,
2026-09-11,2026-09-09,True,True,Santa Cruz,DIESEL OIL NACIONAL EESS,5000.0,L,ESTACION DE SERVICIO TIERRAS BAJAS SRL.,394-IIX,Diesel Oil Nacional,DIESEL_NACIONAL,Provincia,
2026-09-11,2026-09-10,True,True,Santa Cruz,GLP DISTRIB. 10 KILOS NAL,6480.0,L,DIST. DE GLP EL CUMPITO-EMILIO ELIAS ROBLES SUMOYA,2302-GYK,GLP,GLP,,
2026-09-11,2026-09-09,True,True,Santa Cruz,GASOLINA ESPECIAL + EESS,20000.0,L,CENTRO DE COMERCIO SANTA RITAKM32 S.R.L.,3853-BSD,Gasolina Especial +,GASOLINA_ESPECIAL_MAS,Provincia,
2026-09-11,2026-09-09,True,True,Santa Cruz,DIESEL OIL NACIONAL EESS,25000.0,L,ESTACION DE SERVICIO SUR SRL-SUCURSAL 4,5297-HAT,Diesel Oil Nacional,DIESEL_NACIONAL,Provincia,
2026-09-11,2026-09-10,True,True,Santa Cruz,GLP DISTRIB. 10 KILOS NAL,5450.0,L,DIST. GLP. MARY-MARIA ELENA TAPIA USCAMAITA,526-ZZY,GLP,GLP,,
2026-09-11,2026-09-09,True,True,Santa Cruz,DIESEL OIL NACIONAL EESS,20000.0,L,COMERCIALIZADORA DE HIDROCARBUROS ABJ S.R.L,6398-RNI,Diesel Oil Nacional,DIESEL_NACIONAL,Provincia,
2026-09-11,2026-09-09,True,True,Santa Cruz,DIESEL OIL NACIONAL EESS,20000.0,L,SURTIDOR CHARAGUA,1148-XGX,Diesel Oil Nacional,DIESEL_NACIONAL,Provincia,
2026-09-11,2026-09-09,True,True,Santa Cruz,GASOLINA ESPECIAL + EESS,15000.0,L,ESTACION DE SERVICIO SAN JOSE DE YAPACANI S.R.L.,1488-SXU,Gasolina Especial +,GASOLINA_ESPECIAL_MAS,Provincia,
2026-09-11,2026-09-08,True,True,Santa Cruz,GASOLINA ESPECIAL + EESS,20000.0,L,ESTACION DE SERVICIO PIRAI S.R.L. SUCURSAL 1,4410-LAU,Gasolina Especial +,GASOLINA_ESPECIAL_MAS,Provincia,
2026-09-11,2026-09-07,True,True,Santa Cruz,GASOLINA ESPECIAL + EESS,20000.0,L,ESTACION DE SERVICIO SAN JOSE DE YAPACANI S.R.L.,1488-SXU,Gasolina Especial +,GASOLINA_ESPECIAL_MAS,Provincia,
2026-09-11,2026-09-07,True,True,Santa Cruz,GLP DISTRIB. 10 KILOS NAL,13200.0,L,JYRL GAS - LOURDES MORALES DE QUIROZ,302-HDB,GLP,GLP,,
2026-09-11,2026-09-11,True,False,Santa Cruz,GASOLINA ESPECIAL + (S/DSI),15000.0,L,GENEX S.A. SUCURSAL ZONA NOR ESTE,1169-YKS,Gasolina Especial +,GASOLINA_ESPECIAL_MAS,Ciudad,
2026-09-11,2026-09-11,True,False,Santa Cruz,GASOLINA ESPECIAL + (S/DSI),20000.0,L,CIA BOLIVIANA DE GAS NATURAL COMPRIMIDO GENEX SA,1169-YKS,Gasolina Especial +,GASOLINA_ESPECIAL_MAS,Ciudad,
2026-09-11,2026-09-11,True,False,Santa Cruz,DIESEL OIL IMPORTADO EESS,10000.0,L,ESTACION DE SERVICIO SANTA MARIA,514-HAC,Diesel Oil Importado,DIESEL_IMPORTADO,Ciudad,
2026-09-11,2026-09-11,True,False,Santa Cruz,DIESEL OIL IMPORTADO EESS,25000.0,L,ESTACION DE SERVICIO PALMASOLA,514-HAC,Diesel Oil Importado,DIESEL_IMPORTADO,Ciudad,
2026-09-11,2026-09-11,True,False,Santa Cruz,GASOLINA ESPECIAL + (S/DSI),20000.0,L,ESTACION DE SERVICIO ELISA S.R.L.,2291-ATI,Gasolina Especial +,GASOLINA_ESPECIAL_MAS,Ciudad,
2026-09-11,2026-09-11,True,False,Santa Cruz,GASOLINA ESPECIAL + (S/DSI),15000.0,L,ESTACION DE SERVICIO SAN LUIS I,244-ANI,Gasolina Especial +,GASOLINA_ESPECIAL_MAS,Ciudad,
2026-09-11,2026-09-11,True,False,Santa Cruz,GLP DISTRIB. 10 KILOS NAL,10530.0,L,DIST. GLP. MAIRANA GAS ANA LOURDES MENDOZA,1005-XTD,GLP,GLP,,
2026-09-11,2026-09-11,True,False,Santa Cruz,GASOLINA ESPECIAL + (S/DSI),10000.0,L,ESTACION DE SERVICIO DICOR S.R.L.,583-PTR,Gasolina Especial +,GASOLINA_ESPECIAL_MAS,Ciudad,
2026-09-11,2026-09-11,True,False,Santa Cruz,GASOLINA ESPECIAL + (S/DSI),10000.0,L,ESTACION DE SERVICIO SANTA MARIA,1044-PLP,Gasolina Especial +,GASOLINA_ESPECIAL_MAS,Ciudad,
2026-09-11,2026-09-11,True,False,Santa Cruz,GASOLINA ESPECIAL + (S/DSI),20000.0,L,ESTACION DE SERVICIO PALMASOLA,1044-PLP,Gasolina Especial +,GASOLINA_ESPECIAL_MAS,Ciudad,
2026-09-11,2026-09-11,True,False,Santa Cruz,GASOLINA ESPECIAL + (S/DSI),20000.0,L,ESTACION DE SERVICIO SAN LUIS,244-ANI,Gasolina Especial +,GASOLINA_ESPECIAL_MAS,Ciudad,
2026-09-11,2026-09-11,True,False,Santa Cruz,GASOLINA ESPECIAL + (S/DSI),20000.0,L,ESTACION DE SERVICIO EL TERO TERO DE CHICHITA - RODRIGO REMY AQUINO ALVARADO,2468-GTE,Gasolina Especial +,GASOLINA_ESPECIAL_MAS,Ciudad,
2026-09-11,2026-09-11,True,False,Santa Cruz,DIESEL OIL NACIONAL EESS,20000.0,L,ESTACION DE SERVICIO KM. 75 S.R.L,5305-YZL,Diesel Oil Nacional,DIESEL_NACIONAL,Provincia,
2026-09-11,2026-09-11,True,False,Santa Cruz,DIESEL OIL NACIONAL EESS,35000.0,L,ESTACION DE SERVICIO CASCABEL SUC. CUATRO CAÑADAS-YOHANA PAOLA VACA GUZMAN,466-RYE,Diesel Oil Nacional,DIESEL_NACIONAL,Provincia,
2026-09-11,2026-09-11,True,False,Santa Cruz,DIESEL OIL NACIONAL EESS,25000.0,L,ESTACION DE SERVICIO PIRAI S.R.L. SUCURSAL 1,4530-FIY,Diesel Oil Nacional,DIESEL_NACIONAL,Provincia,
2026-09-11,2026-09-11,True,False,Santa Cruz,GASOLINA ESPECIAL + (S/DSI),20000.0,L,ESTACION DE SERVICIO ORSA SRL-SUCURSAL 1,6453-URG,Gasolina Especial +,GASOLINA_ESPECIAL_MAS,Provincia,
2026-09-11,2026-09-11,True,False,Santa Cruz,DIESEL OIL NACIONAL EESS,35000.0,L,ESTACION DE SERVICIO EL JUNTE-ALEJANDRA MARIEL BALCAZAR PAZ,2883-XTL,Diesel Oil Nacional,DIESEL_NACIONAL,Provincia,
2026-09-11,2026-09-11,True,False,Santa Cruz,DIESEL OIL IMPORTADO EESS,35000.0,L,BICENTENARIO SRL,2434-YRP,Diesel Oil Importado,DIESEL_IMPORTADO,,
2026-09-11,2026-09-11,True,False,Santa Cruz,GASOLINA ESPECIAL + (S/DSI),10000.0,L,ESTACION DE SERVICIO EL TAROPE - JHONNY AGUILAR ADRIAZOLA,1745-PCU,Gasolina Especial +,GASOLINA_ESPECIAL_MAS,Ciudad,
2026-09-11,2026-09-11,True,False,Santa Cruz,DIESEL OIL NACIONAL EESS,20000.0,L,ESTACION DE SERVICIO DANA S.R.L.,5638-CXH,Diesel Oil Nacional,DIESEL_NACIONAL,Provincia,
2026-09-11,2026-09-11,True,False,Santa Cruz,DIESEL OIL IMPORTADO EESS,25000.0,L,ESTACION DE SERVICIO MORAGRANDE S.R.L.,1893-NTP,Diesel Oil Importado,DIESEL_IMPORTADO,Ciudad,
2026-09-11,2026-09-11,True,False,Santa Cruz,DIESEL OIL IMPORTADO EESS,25000.0,L,ESTACION DE SERVICIO MORAGRANDE S.R.L. (SUC 1),2483-HBD,Diesel Oil Importado,DIESEL_IMPORTADO,Ciudad,
2026-09-11,2026-09-11,True,False,Santa Cruz,DIESEL OIL IMPORTADO EESS,35000.0,L,ESTACION DE SERVICIO ELISA S.R.L.,1176-UST,Diesel Oil Importado,DIESEL_IMPORTADO,Ciudad,
2026-09-11,2026-09-11,True,False,Santa Cruz,DIESEL OIL IMPORTADO EESS,35000.0,L,ESTACION DE SERVICIO YOTAU S.R.L.,1066-ISS,Diesel Oil Importado,DIESEL_IMPORTADO,Ciudad,
2026-09-11,2026-09-11,True,False,Santa Cruz,DIESEL OIL IMPORTADO EESS,35000.0,L,ESTACION DE SERVICIO LA CHORRERA SRL,885-PYH,Diesel Oil Importado,DIESEL_IMPORTADO,Ciudad,
2026-09-11,2026-09-11,True,False,Santa Cruz,DIESEL OIL IMPORTADO EESS,25000.0,L,ESTACION DE SERVICIO PANTANAL DEL ORIENTE-ALVARO LUIS AGUILAR ADRIAZOLA,2497-AFH,Diesel Oil Importado,DIESEL_IMPORTADO,Ciudad,
2026-09-11,2026-09-11,True,False,Santa Cruz,DIESEL OIL IMPORTADO EESS,25000.0,L,"EMPRESA DAVILA IMPORTADORA-EXPORTADORA S.R.L. ""DAIMPORT - EXPORT LTDA""",1383-DKA,Diesel Oil Importado,DIESEL_IMPORTADO,Ciudad,
2026-09-11,2026-09-11,True,False,Santa Cruz,DIESEL OIL IMPORTADO EESS,25000.0,L,ESTACION DE SERVICIO LOS MANGALES S.R.L.,1005-XLH,Diesel Oil Importado,DIESEL_IMPORTADO,Ciudad,
2026-09-11,2026-09-11,True,False,Santa Cruz,GASOLINA ESPECIAL + (S/DSI),10000.0,L,ESTACION DE SERVICIO RIVERO - LUIS ANTONIO RIVERO AÑEZ,681-FDU,Gasolina Especial +,GASOLINA_ESPECIAL_MAS,Ciudad,
2026-09-11,2026-09-11,True,False,Santa Cruz,GASOLINA ESPECIAL + (S/DSI),20000.0,L,"EMPRESA DAVILA IMPORTADORA-EXPORTADORA S.R.L. ""DAIMPORT - EXPORT LTDA""",1189-IUF,Gasolina Especial +,GASOLINA_ESPECIAL_MAS,Ciudad,
2026-09-11,2026-09-11,True,False,Santa Cruz,GASOLINA ESPECIAL + (S/DSI),20000.0,L,ESTACION DE SERVICIO QUINTO ANILLO S.R.L.,3018-UKU,Gasolina Especial +,GASOLINA_ESPECIAL_MAS,Ciudad,
2026-09-11,2026-09-11,True,False,Santa Cruz,DIESEL OIL IMPORTADO EESS,35000.0,L,ESTACION DE SERVICIO TOTAITU N&T S.R.L.,2390-XBX,Diesel Oil Importado,DIESEL_IMPORTADO,Ciudad,
2026-09-11,2026-09-11,True,False,Santa Cruz,DIESEL OIL IMPORTADO EESS,10000.0,L,ESTACION DE SERVICIO EL ARROYO S.R.L.,1299-GNA,Diesel Oil Importado,DIESEL_IMPORTADO,Ciudad,
2026-09-11,2026-09-11,True,False,Santa Cruz,GASOLINA ESPECIAL + (S/DSI),15000.0,L,ESTACION DE SERVICIO ORSA S.R.L.,6453-URG,Gasolina Especial +,GASOLINA_ESPECIAL_MAS,Ciudad,
2026-09-11,2026-09-11,True,False,Santa Cruz,DIESEL OIL IMPORTADO EESS,35000.0,L,ESTACION DE SERVICIO QUINTO ANILLO S.R.L.,558-XDK(1),Diesel Oil Importado,DIESEL_IMPORTADO,Ciudad,
2026-09-11,2026-09-11,True,False,Santa Cruz,GASOLINA ESPECIAL + (S/DSI),20000.0,L,ESTACION DE SERVICIO TOTAITU N&T S.R.L.,1029-ZIN,Gasolina Especial +,GASOLINA_ESPECIAL_MAS,Ciudad,
2026-09-11,2026-09-11,True,False,Santa Cruz,GASOLINA ESPECIAL + (S/DSI),20000.0,L,ESTACION DE SERVICIO EL ARROYO S.R.L.,1299-GNA,Gasolina Especial +,GASOLINA_ESPECIAL_MAS,Ciudad,
2026-09-11,2026-09-11,True,False,Santa Cruz,DIESEL OIL NACIONAL EESS,20000.0,L,ESTACION DE SERVICIO MIRANDA S.R.L.,2522-BEF,Diesel Oil Nacional,DIESEL_NACIONAL,Provincia,
2026-09-11,2026-09-10,True,True,Santa Cruz,GASOLINA ESPECIAL + (S/DSI),5000.0,L,ESTACION DE SERVICIO TOTAITU N&T S.R.L.,1029-ZIN,Gasolina Especial +,GASOLINA_ESPECIAL_MAS,Ciudad,
2026-09-10,2026-09-10,True,False,Santa Cruz,DIESEL OIL NACIONAL EESS,20000.0,L,JARAJORECHI S.R.L.,878-ENK,Diesel Oil Nacional,DIESEL_NACIONAL,Provincia,
2026-09-10,2026-09-10,True,False,Santa Cruz,GASOLINA ESPECIAL + (S/DSI),20000.0,L,ESTACION DE SERVICIO LOS COYUYOS-JULIA GONZALES,3589-UKG,Gasolina Especial +,GASOLINA_ESPECIAL_MAS,Ciudad,
2026-09-10,2026-09-10,True,False,Santa Cruz,DIESEL OIL NACIONAL EESS,10000.0,L,ESTACION DE SERVICIO GASOCONCE - ENRIQUE SERAFIN SUAREZ CASTEDO,1070-DDA,Diesel Oil Nacional,DIESEL_NACIONAL,Provincia,
2026-09-10,2026-09-10,True,False,Santa Cruz,DIESEL OIL NACIONAL EESS,25000.0,L,TARIFA S.R.L.,5314-TZK,Diesel Oil Nacional,DIESEL_NACIONAL,Provincia,
2026-09-10,2026-09-10,True,False,Santa Cruz,DIESEL OIL IMPORTADO EESS,15000.0,L,ESTACION DE SERVICIO VERGARA - FABIOLA NOEMI ZORRILLO VERGARA,1184-YND,Diesel Oil Importado,DIESEL_IMPORTADO,Ciudad,
2026-09-10,2026-09-10,True,False,Santa Cruz,DIESEL OIL IMPORTADO CF,19900.0,L,SERBER AGRICOLA S.R.L.,495-YPN,Diesel Oil Importado,DIESEL_IMPORTADO,,
2026-09-10,2026-09-10,True,False,Santa Cruz,DIESEL OIL IMPORTADO EESS,30000.0,L,SURTIDOR VARDONA - SUSANA POEHLMANN GARCIA,863-RUI,Diesel Oil Importado,DIESEL_IMPORTADO,Ciudad,
2026-09-10,2026-09-10,True,False,Santa Cruz,DIESEL OIL IMPORTADO CF,15000.0,L,EMPRESA AGROINDUSTRIAL MADRILES S.A.,561-DCK,Diesel Oil Importado,DIESEL_IMPORTADO,,
2026-09-10,2026-09-10,True,False,Santa Cruz,DIESEL OIL IMPORTADO CF,15000.0,L,NILO FRANCISCO MICHELON,1176-XGN,Diesel Oil Importado,DIESEL_IMPORTADO,,
2026-09-10,2026-09-10,True,False,Santa Cruz,DIESEL OIL IMPORTADO GRACO,30000.0,L,EQUIPETROL S.A,4461-ACH,Diesel Oil Importado,DIESEL_IMPORTADO,,
2026-09-10,2026-09-10,True,False,Santa Cruz,DIESEL OIL IMPORTADO GRACO,35000.0,L,FERROVIARIA ORIENTAL SA,1302-SEP,Diesel Oil Importado,DIESEL_IMPORTADO,,
2026-09-10,2026-09-10,True,False,Santa Cruz,DIESEL OIL IMPORTADO EESS,15000.0,L,SURTIDOR EL PALMAR - DIONICIO CONDORI RODRIGUEZ,782-YPK,Diesel Oil Importado,DIESEL_IMPORTADO,Ciudad,
2026-09-10,2026-09-10,True,False,Santa Cruz,GASOLINA ESPECIAL + EESS,10000.0,L,ESTACION DE SERVICIO DURAZNERO-DANA FLORES DAVALOS,2182-HII,Gasolina Especial +,GASOLINA_ESPECIAL_MAS,Provincia,
2026-09-10,2026-09-10,True,False,Santa Cruz,GASOLINA ESPECIAL + EESS,10000.0,L,ESTACION DE SERVICIO DANA S.R.L.,2182-HII,Gasolina Especial +,GASOLINA_ESPECIAL_MAS,Provincia,
2026-09-10,2026-09-10,True,False,Santa Cruz,DIESEL OIL NACIONAL EESS,25000.0,L,ESTACION DE SERVICIO SAN JAVIER-MARISOL NEGRETE AGUIRRE,379-LRR,Diesel Oil Nacional,DIESEL_NACIONAL,Provincia,
2026-09-10,2026-09-10,True,False,Santa Cruz,DIESEL OIL NACIONAL EESS,30000.0,L,ESTACION DE SERVICIO MINERO-JHONNY QUINTEROS VASQUEZ,5351-UAG,Diesel Oil Nacional,DIESEL_NACIONAL,Provincia,
2026-09-10,2026-09-10,True,False,Santa Cruz,DIESEL OIL NACIONAL EESS,25000.0,L,ESTACION DE SERVICIO CONCEPCION SRL,483-XYF,Diesel Oil Nacional,DIESEL_NACIONAL,Provincia,
2026-09-10,2026-09-10,True,False,Santa Cruz,DIESEL OIL IMPORTADO EESS,20000.0,L,ESTACION DE SERVICIO JOSE JALDIN S.R.L,331-PID,Diesel Oil Importado,DIESEL_IMPORTADO,Ciudad,
2026-09-10,2026-09-10,True,False,Santa Cruz,DIESEL OIL NACIONAL EESS,25000.0,L,ESTACION DE SERVICIO CHANE,1074-IHH,Diesel Oil Nacional,DIESEL_NACIONAL,Provincia,
2026-09-10,2026-09-10,True,False,Santa Cruz,GASOLINA ESPECIAL + EESS,5000.0,L,ESTACION DE SERVICIO CHANE,1074-IHH,Gasolina Especial +,GASOLINA_ESPECIAL_MAS,Provincia,
2026-09-10,2026-09-10,True,False,Santa Cruz,DIESEL OIL NACIONAL EESS,30000.0,L,ESTACION DE SERVICIO ARACATACA,1115-DLF,Diesel Oil Nacional,DIESEL_NACIONAL,Provincia,
2026-09-10,2026-09-10,True,False,Santa Cruz,DIESEL OIL IMPORTADO EESS,20000.0,L,GENEX S.A-SUCURSAL S.C ZONA GUARACACHI,652-SRU,Diesel Oil Importado,DIESEL_IMPORTADO,Ciudad,
2026-09-10,2026-09-10,True,False,Santa Cruz,GASOLINA ESPECIAL + (S/DSI),15000.0,L,GENEX S.A SUCURSAL SANTA CRUZ ZONA SANTA ROSA,863-XYY,Gasolina Especial +,GASOLINA_ESPECIAL_MAS,Ciudad,
2026-09-10,2026-09-10,True,False,Santa Cruz,DIESEL OIL IMPORTADO EESS,25000.0,L,ESTACION DE SERVICIO SAN LUIS I,543-PUY,Diesel Oil Importado,DIESEL_IMPORTADO,Ciudad,
2026-09-10,2026-09-10,True,False,Santa Cruz,DIESEL OIL IMPORTADO EESS,35000.0,L,ESTACION DE SERVICIO SAN LUIS,244-ANI,Diesel Oil Importado,DIESEL_IMPORTADO,Ciudad,
2026-09-10,2026-09-10,True,False,Santa Cruz,GASOLINA ESPECIAL + (S/DSI),5000.0,L,GENEX S.A SUCURSAL SANTA CRUZ ZONA ESTE,863-XYY,Gasolina Especial +,GASOLINA_ESPECIAL_MAS,Ciudad,
2026-09-10,2026-09-10,True,False,Santa Cruz,DIESEL OIL NACIONAL EESS,35000.0,L,ESTACION DE SERVICIO EL JUNTE-ALEJANDRA MARIEL BALCAZAR PAZ,468-RHE(1),Diesel Oil Nacional,DIESEL_NACIONAL,Provincia,
2026-09-10,2026-09-10,True,False,Santa Cruz,DIESEL OIL NACIONAL EESS,35000.0,L,ESTACION DE SERVICIO LOS BIBOSIS S.R.L.,5631-AZA,Diesel Oil Nacional,DIESEL_NACIONAL,Provincia,
2026-09-10,2026-09-10,True,False,Santa Cruz,GASOLINA ESPECIAL + (S/DSI),25000.0,L,ESTACION DE SERVICIO SAN LUIS,244-ANI,Gasolina Especial +,GASOLINA_ESPECIAL_MAS,Ciudad,
2026-09-10,2026-09-10,True,False,Santa Cruz,GASOLINA ESPECIAL + (S/DSI),15000.0,L,ESTACION DE SERVICIO EL GASOMETRO S.R.L.,1393-GEU,Gasolina Especial +,GASOLINA_ESPECIAL_MAS,Ciudad,
2026-09-10,2026-09-10,True,False,Santa Cruz,GASOLINA ESPECIAL + (S/DSI),20000.0,L,ESTACION DE SERVICIO LA CHORRERA SRL,1393-GFA,Gasolina Especial +,GASOLINA_ESPECIAL_MAS,Ciudad,
2026-09-10,2026-09-10,True,False,Santa Cruz,DIESEL OIL NACIONAL EESS,30000.0,L,ESTACION DE SERVICIO SUR S.R.L. SUCURSAL MONTE VERDE,1095-ZCK,Diesel Oil Nacional,DIESEL_NACIONAL,Provincia,
2026-09-10,2026-09-10,True,False,Santa Cruz,DIESEL OIL NACIONAL EESS,20000.0,L,ABERI SRL,303-DEH,Diesel Oil Nacional,DIESEL_NACIONAL,Provincia,
2026-09-10,2026-09-10,True,False,Santa Cruz,DIESEL OIL NACIONAL EESS,30000.0,L,ESTACION DE SERVICIO LAS CONCHAS S.R.L.,389-IPX,Diesel Oil Nacional,DIESEL_NACIONAL,Provincia,
2026-09-10,2026-09-10,True,False,Santa Cruz,DIESEL OIL IMPORTADO EESS,20000.0,L,ESTACION DE SERVICIO LAS CONCHAS S.R.L.-SUCURSAL LA ENCONADA,1105-YXR,Diesel Oil Importado,DIESEL_IMPORTADO,Provincia,
2026-09-10,2026-09-09,True,True,Santa Cruz,GASOLINA ESPECIAL + (S/DSI),10000.0,L,ESTACION DE SERVICIO LAS CONCHAS S.R.L.-SUCURSAL LA ENCONADA,1105-YXR,Gasolina Especial +,GASOLINA_ESPECIAL_MAS,Provincia,
2026-09-10,2026-09-09,True,True,Santa Cruz,GASOLINA ESPECIAL + EESS,5000.0,L,ESTACION DE SERVICIO ANTO - ANTONIO CARLOS LORGIO JUSTINIANO SANTOS,2093-GRU,Gasolina Especial +,GASOLINA_ESPECIAL_MAS,Provincia,
2026-09-10,2026-09-10,True,False,Santa Cruz,DIESEL OIL IMPORTADO EESS,20000.0,L,ESTACION DE SERVICIO DAVILA S.R.L.,1445-CDA,Diesel Oil Importado,DIESEL_IMPORTADO,Ciudad,
2026-09-10,2026-09-10,True,False,Santa Cruz,DIESEL OIL NACIONAL EESS,25000.0,L,ESTACION DE SERVICIO ANTO - ANTONIO CARLOS LORGIO JUSTINIANO SANTOS,2093-GRU,Diesel Oil Nacional,DIESEL_NACIONAL,Provincia,
2026-09-10,2026-09-10,True,False,Santa Cruz,DIESEL OIL IMPORTADO EESS,20000.0,L,COMPLEJO AUTOMOTRIZ VIRGEN DE URKUPIÑA S.R.L.,950-ZBY,Diesel Oil Importado,DIESEL_IMPORTADO,Ciudad,
2026-09-10,2026-09-10,True,False,Santa Cruz,GASOLINA ESPECIAL + (S/DSI),5000.0,L,COMPLEJO AUTOMOTRIZ VIRGEN DE URKUPIÑA S.R.L.,950-ZBY,Gasolina Especial +,GASOLINA_ESPECIAL_MAS,Ciudad,
2026-09-10,2026-09-10,True,False,Santa Cruz,GASOLINA ESPECIAL + (S/DSI),10000.0,L,ESTACION DE SERVICIO DICOR S.R.L.,583-PTR,Gasolina Especial +,GASOLINA_ESPECIAL_MAS,Ciudad,
2026-09-10,2026-09-10,True,False,Santa Cruz,GASOLINA ESPECIAL + (S/DSI),15000.0,L,ESTACION DE SERVICIO LA CIMA,297-ACK,Gasolina Especial +,GASOLINA_ESPECIAL_MAS,Ciudad,
2026-09-10,2026-09-10,True,False,Santa Cruz,DIESEL OIL IMPORTADO EESS,20000.0,L,ESTACION DE SERVICIO PIRAI S.R.L. SUC. DOBLE VIA LA GUARDIA ESQ. OCTAVO ANILLO,4530-FIY,Diesel Oil Importado,DIESEL_IMPORTADO,Ciudad,
2026-09-10,2026-09-10,True,False,Santa Cruz,DIESEL OIL NACIONAL EESS,20000.0,L,GOTEON S.R.L.,846-IXK,Diesel Oil Nacional,DIESEL_NACIONAL,Provincia,
2026-09-10,2026-09-10,True,False,Santa Cruz,DIESEL OIL IMPORTADO EESS,20000.0,L,ESTACION DE SERVICIO LA COLORADA,2120-PKF,Diesel Oil Importado,DIESEL_IMPORTADO,Ciudad,
2026-09-10,2026-09-10,True,False,Santa Cruz,DIESEL OIL NACIONAL EESS,20000.0,L,ESTACION DE SERVICIO ICHILO SRL,2076-CUF,Diesel Oil Nacional,DIESEL_NACIONAL,Provincia,
2026-09-10,2026-09-10,True,False,Santa Cruz,DIESEL OIL NACIONAL EESS,25000.0,L,ESTACION DE SERVICIO VELEZ-HEBERTH VELEZ CORTEZ,1504-CKU,Diesel Oil Nacional,DIESEL_NACIONAL,Provincia,
2026-09-10,2026-09-10,True,False,Santa Cruz,GASOLINA ESPECIAL + (S/DSI),5000.0,L,ESTACION DE SERVICIO 3F OIL S.R.L.,953-UFL,Gasolina Especial +,GASOLINA_ESPECIAL_MAS,Ciudad,
2026-09-10,2026-09-10,True,False,Santa Cruz,DIESEL OIL IMPORTADO EESS,25000.0,L,ESTACION DE SERVICIO 3F OIL S.R.L.,953-UFL,Diesel Oil Importado,DIESEL_IMPORTADO,Ciudad,
2026-09-10,2026-09-10,True,False,Santa Cruz,GASOLINA ESPECIAL + (S/DSI),25000.0,L,ESTACION DE SERVICIO MORAGRANDE S.R.L.,1893-NTP,Gasolina Especial +,GASOLINA_ESPECIAL_MAS,Ciudad,
2026-09-10,2026-09-10,True,False,Santa Cruz,DIESEL OIL NACIONAL EESS,35000.0,L,ESTACION DE SERVICIO SAN SALVADOR - SILVIA VARGAS CRESPO,2382-TSC,Diesel Oil Nacional,DIESEL_NACIONAL,Provincia,
2026-09-10,2026-09-10,True,False,Santa Cruz,DIESEL OIL IMPORTADO EESS,5000.0,L,REFINERIA ORIENTAL S.A. SUCURSAL MONTECRISTO,2447-AGD,Diesel Oil Importado,DIESEL_IMPORTADO,Ciudad,
2026-09-10,2026-09-10,True,False,Santa Cruz,DIESEL OIL NACIONAL EESS,10000.0,L,ESTACION DE SERVICIO EL BATO,1502-UIR,Diesel Oil Nacional,DIESEL_NACIONAL,Provincia,
2026-09-10,2026-09-10,True,False,Santa Cruz,DIESEL OIL NACIONAL EESS,30000.0,L,ESTACION DE SERVICIO TORRIAYALA S.R.L.,4491-PRD,Diesel Oil Nacional,DIESEL_NACIONAL,Provincia,
2026-09-10,2026-09-10,True,False,Santa Cruz,GASOLINA ESPECIAL + (S/DSI),20000.0,L,YVU CENTRO DE SERVICIOS Y COMERCIO S.R.L.,1060-PIT,Gasolina Especial +,GASOLINA_ESPECIAL_MAS,Ciudad,
2026-09-10,2026-09-10,True,False,Santa Cruz,DIESEL OIL IMPORTADO EESS,10000.0,L,REFINERIA ORIENTAL S.A.-SUC. BARRIO LAZARETO,4410-KXK,Diesel Oil Importado,DIESEL_IMPORTADO,Ciudad,
2026-09-10,2026-09-10,True,False,Santa Cruz,GASOLINA ESPECIAL + (S/DSI),10000.0,L,ESTACION DE SERVICIO LOS MANGALES S.R.L.,1005-XLH,Gasolina Especial +,GASOLINA_ESPECIAL_MAS,Ciudad,
2026-09-10,2026-09-10,True,False,Santa Cruz,GASOLINA ESPECIAL + (S/DSI),5000.0,L,ESTACION DE SERVICIO BI-OCEANICA S.R.L.,4096-LDR,Gasolina Especial +,GASOLINA_ESPECIAL_MAS,Ciudad,
2026-09-10,2026-09-10,True,False,Santa Cruz,GASOLINA ESPECIAL + EESS,20000.0,L,ESTACION DE SERVICIO ARNEZ - LUIS ARNEZ ONOFRE,2995-XGK,Gasolina Especial +,GASOLINA_ESPECIAL_MAS,Provincia,
2026-09-10,2026-09-09,True,True,Santa Cruz,DIESEL OIL NACIONAL EESS,30000.0,L,ESTACION DE SERVICIO EL AGRICULTOR-CLAUDINA PILLCO LOZA,2251-LZR,Diesel Oil Nacional,DIESEL_NACIONAL,Provincia,
2026-09-10,2026-09-10,True,False,Santa Cruz,DIESEL OIL NACIONAL EESS,25000.0,L,"ESTACION DE SERVICIO ""S.J"" S.R.L.",3598-KXG,Diesel Oil Nacional,DIESEL_NACIONAL,Provincia,
2026-09-10,2026-09-10,True,False,Santa Cruz,GLP DISTRIB. 10 KILOS NAL,11680.0,L,DIST. GLP. ALTAMARGAS Juan Pablo Melgarejo Iriarte,1316-NUG,GLP,GLP,,
2026-09-10,2026-09-09,True,True,Santa Cruz,DIESEL OIL NACIONAL EESS,30000.0,L,ESTACION DE SERVICIO EL TAJIBO OKINAWA,1122-SRR,Diesel Oil Nacional,DIESEL_NACIONAL,Provincia,
2026-09-10,2026-09-10,True,False,Santa Cruz,GLP DISTRIB. 45 KILOS NAL,4500.0,L,DIST. GLP. ALTAMARGAS Juan Pablo Melgarejo Iriarte,3586-ITS,GLP,GLP,,
2026-09-10,2026-09-10,True,False,Santa Cruz,GLP DISTRIB. 10 KILOS NAL,9900.0,L,DIST. GLP. ALTAMARGAS Juan Pablo Melgarejo Iriarte,6683-TRA,GLP,GLP,,
2026-09-10,2026-09-10,True,False,Santa Cruz,GLP DISTRIB. 45 KILOS NAL,3600.0,L,DIST. GLP. ALTAMARGAS Juan Pablo Melgarejo Iriarte,3082-SBN,GLP,GLP,,
2026-09-10,2026-09-10,True,False,Santa Cruz,GLP DISTRIB. 10 KILOS NAL,9870.0,L,DIST. GLP. ALTAMARGAS Juan Pablo Melgarejo Iriarte,1316-NUG,GLP,GLP,,
2026-09-10,2026-09-10,True,False,Santa Cruz,GLP DISTRIB. 10 KILOS NAL,11220.0,L,DIST. GLP. ALTAMARGAS Juan Pablo Melgarejo Iriarte,1294-GFE,GLP,GLP,,
2026-09-10,2026-09-10,True,False,Santa Cruz,GLP DISTRIB. 45 KILOS NAL,3600.0,L,SOPESE S.R.L.,6393-FTT,GLP,GLP,,
2026-09-10,2026-09-10,True,False,Santa Cruz,GLP DISTRIB. 10 KILOS NAL,8790.0,L,SOPESE S.R.L.,5268-EKA,GLP,GLP,,
2026-09-10,2026-09-10,True,False,Santa Cruz,GLP DISTRIB. 10 KILOS NAL,8600.0,L,SOPESE S.R.L.,578-IEC,GLP,GLP,,
2026-09-10,2026-09-10,True,False,Santa Cruz,GLP DISTRIB. 45 KILOS NAL,4050.0,L,SOPESE S.R.L.,6393-FTT,GLP,GLP,,
2026-09-10,2026-09-09,True,True,Santa Cruz,GASOLINA ESPECIAL + (S/DSI),10000.0,L,LAS PALMAS S.R.L.,967-HFA,Gasolina Especial +,GASOLINA_ESPECIAL_MAS,Ciudad,
2026-09-10,2026-09-10,True,False,Santa Cruz,GLP DISTRIB. 10 KILOS NAL,8160.0,L,SOPESE S.R.L.,5741-ADC,GLP,GLP,,
2026-09-10,2026-09-10,True,False,Santa Cruz,GLP DISTRIB. 10 KILOS NAL,6620.0,L,SOPESE S.R.L.,5268-EKA,GLP,GLP,,
2026-09-10,2026-09-09,True,True,Santa Cruz,DIESEL OIL NACIONAL EESS,25000.0,L,ESTACION DE SERVICIO GASOCONCE - ENRIQUE SERAFIN SUAREZ CASTEDO,1070-DDA,Diesel Oil Nacional,DIESEL_NACIONAL,Provincia,
2026-09-10,2026-09-10,True,False,Santa Cruz,GLP DISTRIB. 10 KILOS NAL,11000.0,L,DIST. GLP. CRUCEÑITA VASA S.R.L.,816-FTN,GLP,GLP,,
2026-09-10,2026-09-09,True,True,Santa Cruz,GLP DISTRIB. 10 KILOS NAL,5730.0,L,DIST. GLP. CRUCEÑITA VASA S.R.L.,3460-KTK,GLP,GLP,,
2026-09-10,2026-09-10,True,False,Santa Cruz,GLP DISTRIB. 10 KILOS NAL,11520.0,L,CARMEN R. MELGAREJO GONZALES - DIST. CENTRO GAS,515-HGI,GLP,GLP,,
2026-09-10,2026-09-10,True,False,Santa Cruz,GLP DISTRIB. 10 KILOS NAL,2640.0,L,DIST. URBANA CENTRO GAS SUC. SANTA CRUZ - CABEZAS - CARMEN ROSARIO MELGAREJO GONZALES,5268-EST,GLP,GLP,,
2026-09-10,2026-09-10,True,False,Santa Cruz,GLP DISTRIB. 45 KILOS NAL,4590.0,L,DIST. GLP. MARY-MARIA ELENA TAPIA USCAMAITA,526-ZZY,GLP,GLP,,
2026-09-10,2026-09-09,True,True,Santa Cruz,GASOLINA ESPECIAL + EESS,20000.0,L,ESTACION DE SERVICIO AGUAI S.R.L.,380-RHB,Gasolina Especial +,GASOLINA_ESPECIAL_MAS,Provincia,
2026-09-10,2026-09-10,True,False,Santa Cruz,GLP DISTRIB. 10 KILOS NAL,12030.0,L,AGROGAS S.R.L.,547-ZXY,GLP,GLP,,
2026-09-10,2026-09-10,True,False,Santa Cruz,GLP DISTRIB. 10 KILOS NAL,10530.0,L,JYRL GAS - LOURDES MORALES DE QUIROZ,1892-EBR,GLP,GLP,,
2026-09-10,2026-09-10,True,False,Santa Cruz,GLP DISTRIB. 10 KILOS NAL,11700.0,L,JYRL GAS - LOURDES MORALES DE QUIROZ,302-HDB,GLP,GLP,,
2026-09-10,2026-09-10,True,False,Santa Cruz,GLP DISTRIB. 10 KILOS NAL,10400.0,L,DIST.GLP.CAMPO GAS-ELSA FELICIDAD USCAMAYTA CHOQUE DE TAPIA,1805-ZNX,GLP,GLP,,
2026-09-10,2026-09-10,True,False,Santa Cruz,GLP DISTRIB. 10 KILOS NAL,6120.0,L,CAMPO GAS-BALCON 1-ELSA FELICIDAD USCAMAYTA CHOQUE DE TAPIA,795-YII,GLP,GLP,,
2026-09-10,2026-09-09,True,True,Santa Cruz,DIESEL OIL NACIONAL EESS,25000.0,L,ESTACION DE SERVICIO EL JUNTE II-ALEJANDRA MARIEL BALCAZAR PAZ,553-ESR,Diesel Oil Nacional,DIESEL_NACIONAL,Provincia,
2026-09-10,2026-09-09,True,True,Santa Cruz,GASOLINA ESPECIAL + EESS,10000.0,L,ESTACION DE SERVICIO EL JUNTE II-ALEJANDRA MARIEL BALCAZAR PAZ,553-ESR,Gasolina Especial +,GASOLINA_ESPECIAL_MAS,Provincia,
2026-09-10,2026-09-10,True,False,Santa Cruz,GLP DISTRIB. 10 KILOS NAL,5460.0,L,CTC-GAS,1860-YYY,GLP,GLP,,
2026-09-10,2026-09-10,True,False,Santa Cruz,GLP DISTRIB. 10 KILOS NAL,10720.0,L,DIST. GLP. OSCAR GAS - Betty Maldonado,2443-ICK,GLP,GLP,,
2026-09-10,2026-09-09,True,True,Santa Cruz,DIESEL OIL NACIONAL EESS,25000.0,L,SURTIDOR SANTIAGUITO - E. FABIOLA TORRICO C.,2483-HPX,Diesel Oil Nacional,DIESEL_NACIONAL,Provincia,
2026-09-10,2026-09-09,True,True,Santa Cruz,GASOLINA ESPECIAL + (S/DSI),5000.0,L,ESTACION DE SERVICIO SANTOS DUMONT NOGALES,961-XHP,Gasolina Especial +,GASOLINA_ESPECIAL_MAS,Ciudad,
2026-09-10,2026-09-09,True,True,Santa Cruz,GASOLINA ESPECIAL + EESS,20000.0,L,ESTACION DE SERVICIO FLORES-SIMONA FLORES FLORES,1757-BGC,Gasolina Especial +,GASOLINA_ESPECIAL_MAS,Provincia,
2026-09-10,2026-09-09,True,True,Santa Cruz,DIESEL OIL NACIONAL EESS,20000.0,L,D-GAS S.A. SUCURSAL SANTA CRUZ,2511-RLA,Diesel Oil Nacional,DIESEL_NACIONAL,Provincia,
2026-09-10,2026-09-09,True,True,Santa Cruz,DIESEL OIL IMPORTADO EESS,35000.0,L,CENTRO DE COMERCIO Y SERVICIOS VALDIVIA FERRUFINO S.R.L.,2330-NLD,Diesel Oil Importado,DIESEL_IMPORTADO,Ciudad,
2026-09-10,2026-09-09,True,True,Santa Cruz,DIESEL OIL NACIONAL EESS,15000.0,L,ESTACION DE SERVICIO EL BATO,1502-UIR,Diesel Oil Nacional,DIESEL_NACIONAL,Provincia,
2026-09-10,2026-09-08,True,True,Santa Cruz,DIESEL OIL NACIONAL EESS,5000.0,L,GOTEON S.R.L.,846-IXK,Diesel Oil Nacional,DIESEL_NACIONAL,Provincia,
2026-09-10,2026-09-09,True,True,Santa Cruz,GLP DISTRIB. 45 KILOS NAL,4500.0,L,DIST. GLP. CRUCEÑITA VASA S.R.L.,400-PAF,GLP,GLP,,
2026-09-10,2026-09-09,True,True,Santa Cruz,GLP DISTRIB. 10 KILOS NAL,10500.0,L,DIST. GLP. CRUCEÑITA VASA S.R.L.,2492-YHT,GLP,GLP,,
2026-09-10,2026-09-09,True,True,Santa Cruz,GLP DISTRIB. 10 KILOS NAL,10530.0,L,SOPESE S.R.L.,578-IEC,GLP,GLP,,
2026-09-10,2026-09-08,True,True,Santa Cruz,GASOLINA ESPECIAL + EESS,10000.0,L,SURTIDOR SANTIAGUITO - E. FABIOLA TORRICO C.,2483-HPX,Gasolina Especial +,GASOLINA_ESPECIAL_MAS,Provincia,
2026-09-10,2026-09-08,True,True,Santa Cruz,DIESEL OIL IMPORTADO EESS,5000.0,L,ESTACION DE SERVICIO PIRAI S.R.L. SUC. DOBLE VIA LA GUARDIA ESQ. OCTAVO ANILLO,4530-FIY,Diesel Oil Importado,DIESEL_IMPORTADO,Ciudad,
2026-09-10,2026-09-08,True,True,Santa Cruz,GASOLINA ESPECIAL + (S/DSI),20000.0,L,SURTIDOR COTOCA - JOSE RAMIRO AYALA FLORES,2338-FGD,Gasolina Especial +,GASOLINA_ESPECIAL_MAS,Ciudad,
2026-09-10,2026-09-08,True,True,Santa Cruz,GASOLINA ESPECIAL + (S/DSI),15000.0,L,ESTACION DE SERVICIO EL GASOMETRO S.R.L.,1393-GEU,Gasolina Especial +,GASOLINA_ESPECIAL_MAS,Ciudad,
2026-09-10,2026-09-08,True,True,Santa Cruz,GLP DISTRIB. 10 KILOS NAL,11220.0,L,DIST. GLP. ALTAMARGAS Juan Pablo Melgarejo Iriarte,1294-GFE,GLP,GLP,,
2026-09-10,2026-09-08,True,True,Santa Cruz,GLP DISTRIB. 45 KILOS NAL,2250.0,L,CARMEN R. MELGAREJO GONZALES - DIST. CENTRO GAS,6663-IUD,GLP,GLP,,
2026-09-10,2026-09-08,True,True,Santa Cruz,GLP DISTRIB. 10 KILOS NAL,10800.0,L,CARMEN R. MELGAREJO GONZALES - DIST. CENTRO GAS,2832-PDP,GLP,GLP,,
2026-09-10,2026-09-08,True,True,Santa Cruz,GLP DISTRIB. 10 KILOS NAL,2640.0,L,DIST. GLP. VALLE GAS - Nancy Arteaga de Lazo,3040-NGN,GLP,GLP,,
2026-09-10,2026-09-07,True,True,Santa Cruz,GLP DISTRIB. 10 KILOS NAL,10530.0,L,COMARAPA GAS-ARMANDO LIJERON ROCA,3122-BUN,GLP,GLP,,
2026-09-10,2026-09-05,True,True,Santa Cruz,GLP DISTRIB. 10 KILOS NAL,13200.0,L,JYRL GAS - LOURDES MORALES DE QUIROZ,302-HDB,GLP,GLP,,
2026-09-10,2026-09-08,True,True,Santa Cruz,GLP DISTRIB. 10 KILOS NAL,10530.0,L,JYRL GAS - LOURDES MORALES DE QUIROZ,1892-EBR,GLP,GLP,,
2026-09-10,2026-09-10,True,False,Santa Cruz,GASOLINA ESPECIAL + (S/DSI),5000.0,L,ESTACION DE SERVICIO SANTOS DUMONT NOGALES,961-XHP,Gasolina Especial +,GASOLINA_ESPECIAL_MAS,Ciudad,
2026-09-10,2026-09-10,True,False,Santa Cruz,GASOLINA ESPECIAL + (S/DSI),10000.0,L,ESTACION DE SERVICIO DAVILA S.R.L.,1445-CDA,Gasolina Especial +,GASOLINA_ESPECIAL_MAS,Ciudad,
2026-09-10,2026-09-10,True,False,Santa Cruz,GASOLINA ESPECIAL + (S/DSI),15000.0,L,SURTIDOR EL PALMAR - DIONICIO CONDORI RODRIGUEZ,782-YPK,Gasolina Especial +,GASOLINA_ESPECIAL_MAS,Ciudad,
2026-09-10,2026-09-10,True,False,Santa Cruz,GASOLINA ESPECIAL + EESS,20000.0,L,TARIFA S.R.L.,1636-FLK,Gasolina Especial +,GASOLINA_ESPECIAL_MAS,Provincia,
2026-09-10,2026-09-10,True,False,Santa Cruz,GASOLINA ESPECIAL + (S/DSI),20000.0,L,SERVICIOS GENERALES LA CAÑADA S.R.L.,2215-HBF,Gasolina Especial +,GASOLINA_ESPECIAL_MAS,Ciudad,
2026-09-10,2026-09-10,True,False,Santa Cruz,GASOLINA ESPECIAL + EESS,20000.0,L,ESTACION DE SERVICIO ARACATACA,863-XYY,Gasolina Especial +,GASOLINA_ESPECIAL_MAS,Provincia,
2026-09-10,2026-09-10,True,False,Santa Cruz,GASOLINA ESPECIAL + (S/DSI),10000.0,L,GENEX S.A-SUCURSAL S.C ZONA GUARACACHI,1285-UKF,Gasolina Especial +,GASOLINA_ESPECIAL_MAS,Ciudad,
2026-09-10,2026-09-10,True,False,Santa Cruz,GASOLINA ESPECIAL + EESS,20000.0,L,MUYURINA LTDA,647-NPX,Gasolina Especial +,GASOLINA_ESPECIAL_MAS,Provincia,
2026-09-10,2026-09-10,True,False,Santa Cruz,DIESEL OIL IMPORTADO GRACO,35000.0,L,CEREALES DEL ESTE SA,579-GZS,Diesel Oil Importado,DIESEL_IMPORTADO,,
2026-09-10,2026-09-10,True,False,Santa Cruz,GASOLINA ESPECIAL + (S/DSI),15000.0,L,GENEX S.A SUCURSAL SANTA CRUZ ZONA ESTE,851-SLG,Gasolina Especial +,GASOLINA_ESPECIAL_MAS,Ciudad,
2026-09-10,2026-09-10,True,False,Santa Cruz,GASOLINA ESPECIAL + (S/DSI),20000.0,L,GENEX S.A SUCURSAL S.C ZONA GUALBERTO VILLARROEL,1285-UKF,Gasolina Especial +,GASOLINA_ESPECIAL_MAS,Ciudad,
2026-09-10,2026-09-10,True,False,Santa Cruz,GASOLINA ESPECIAL + EESS,20000.0,L,ESTACION DE SERVICIO SAN SALVADOR - SILVIA VARGAS CRESPO,2307-HGK,Gasolina Especial +,GASOLINA_ESPECIAL_MAS,Provincia,
2026-09-10,2026-09-10,True,False,Santa Cruz,DIESEL OIL NACIONAL EESS,25000.0,L,ESTACION DE SERVICIO RUTA NORTE S.R.L.,3589-UKG,Diesel Oil Nacional,DIESEL_NACIONAL,Provincia,
2026-09-10,2026-09-10,True,False,Santa Cruz,GASOLINA ESPECIAL + EESS,20000.0,L,ESTACION DE SERVICIO RUTA NORTE S.R.L.,3994-CKU,Gasolina Especial +,GASOLINA_ESPECIAL_MAS,Provincia,
2026-09-10,2026-09-10,True,False,Santa Cruz,DIESEL OIL IMPORTADO EESS,30000.0,L,ESTACION DE SERVICIOS VIRGEN DE COTOCA S.R.L.,1174-GCP,Diesel Oil Importado,DIESEL_IMPORTADO,Ciudad,
2026-09-10,2026-09-10,True,False,Santa Cruz,GASOLINA ESPECIAL + (S/DSI),15000.0,L,GENEX S.A SUCURSAL SANTA CRUZ ZONA LA RAMADA,652-SRU,Gasolina Especial +,GASOLINA_ESPECIAL_MAS,Ciudad,
2026-09-10,2026-09-10,True,False,Santa Cruz,GASOLINA ESPECIAL + (S/DSI),20000.0,L,CIA BOLIVIANA DE GAS NATURAL COMPRIMIDO GENEX SA,851-SLG,Gasolina Especial +,GASOLINA_ESPECIAL_MAS,Ciudad,
2026-09-10,2026-09-10,True,False,Santa Cruz,DIESEL OIL IMPORTADO EESS,20000.0,L,EMPRESA DE SERVICIOS 8 DE NOVIEMBRE LTDA.,1831-SEK,Diesel Oil Importado,DIESEL_IMPORTADO,Ciudad,
2026-09-10,2026-09-10,True,False,Santa Cruz,GLP DISTRIB. 10 KILOS NAL,12150.0,L,DIST. GLP. VALLE GAS - Nancy Arteaga de Lazo,475-RHN,GLP,GLP,,
2026-09-10,2026-09-10,True,False,Santa Cruz,DIESEL OIL NACIONAL EESS,30000.0,L,ESTACION DE SERVICIO FLORES-SIMONA FLORES FLORES,4059-FXU,Diesel Oil Nacional,DIESEL_NACIONAL,Provincia,
2026-09-10,2026-09-10,True,False,Santa Cruz,DIESEL OIL NACIONAL EESS,25000.0,L,ESTACION DE SERVICIO EL MIRADOR - SONIA SORUCO ROCA,1128-PIA,Diesel Oil Nacional,DIESEL_NACIONAL,Provincia,
2026-09-10,2026-09-10,True,False,Santa Cruz,DIESEL OIL NACIONAL EESS,25000.0,L,ESTACION DE SERVICIO LA CUEVA - ROLANDO CHAVEZ VACA,4803-IRB,Diesel Oil Nacional,DIESEL_NACIONAL,Provincia,
2026-09-10,2026-09-10,True,False,Santa Cruz,DIESEL OIL NACIONAL EESS,25000.0,L,ESTACION DE SERVICIO LA GUARDIA,1803-YHK,Diesel Oil Nacional,DIESEL_NACIONAL,Provincia,
2026-09-10,2026-09-10,True,False,Santa Cruz,GASOLINA ESPECIAL + EESS,20000.0,L,ESTACION DE SERVICIO PETRO VAL S.R.L.,1292-AKT,Gasolina Especial +,GASOLINA_ESPECIAL_MAS,Provincia,
2026-09-10,2026-09-10,True,False,Santa Cruz,GASOLINA ESPECIAL + (S/DSI),15000.0,L,ESTACION DE SERVICIO TRES PASOS AL FRENTE - VITALIANO ROJAS OLIVERA,2024-CIX,Gasolina Especial +,GASOLINA_ESPECIAL_MAS,Ciudad,
2026-09-10,2026-09-10,True,False,Santa Cruz,DIESEL OIL IMPORTADO EESS,25000.0,L,SERVICIOS GENERALES LA CAÑADA S.R.L.,2215-HBF,Diesel Oil Importado,DIESEL_IMPORTADO,Ciudad,
2026-09-10,2026-09-10,True,False,Santa Cruz,GASOLINA ESPECIAL + (S/DSI),20000.0,L,SURTIDOR VARDONA - SUSANA POEHLMANN GARCIA,447-PSY,Gasolina Especial +,GASOLINA_ESPECIAL_MAS,Ciudad,
2026-09-10,2026-09-10,True,False,Santa Cruz,GASOLINA ESPECIAL + (S/DSI),10000.0,L,BICENTENARIO SRL,2434-YRP,Gasolina Especial +,GASOLINA_ESPECIAL_MAS,,
2026-09-10,2026-09-10,True,False,Santa Cruz,DIESEL OIL IMPORTADO EESS,8000.0,L,ESTACION DE SERVICIO ORSA SRL-SUCURSAL 1,6453-URG,Diesel Oil Importado,DIESEL_IMPORTADO,Provincia,
2026-09-10,2026-09-10,True,False,Santa Cruz,DIESEL OIL IMPORTADO EESS,20000.0,L,ESTACION DE SERVICIO DICOR S.R.L.,583-PTR,Diesel Oil Importado,DIESEL_IMPORTADO,Ciudad,
2026-09-10,2026-09-10,True,False,Santa Cruz,GASOLINA ESPECIAL + (S/DSI),20000.0,L,ESTACION DE SERVICIO REYNALDO CORTEZ QUISPE,5342-KHY,Gasolina Especial +,GASOLINA_ESPECIAL_MAS,Ciudad,
2026-09-10,2026-09-10,True,False,Santa Cruz,GASOLINA ESPECIAL + (S/DSI),15000.0,L,CENTRO DE COMERCIO Y SERVICIOS VALDIVIA FERRUFINO S.R.L.,3853-BSD,Gasolina Especial +,GASOLINA_ESPECIAL_MAS,Ciudad,
2026-09-10,2026-09-10,True,False,Santa Cruz,GASOLINA ESPECIAL + (S/DSI),5000.0,L,ESTACION DE SERVICIO EMANUEL S.R.L.,3853-BSD,Gasolina Especial +,GASOLINA_ESPECIAL_MAS,Ciudad,
2026-09-10,2026-09-10,True,False,Santa Cruz,DIESEL OIL IMPORTADO EESS,25000.0,L,ESTACION DE SERVICIO TRES PASOS AL FRENTE - VITALIANO ROJAS OLIVERA,5002-IBN,Diesel Oil Importado,DIESEL_IMPORTADO,Ciudad,
2026-09-10,2026-09-10,True,False,Santa Cruz,GASOLINA ESPECIAL + (S/DSI),20000.0,L,ESTACION DE SERVICIO SAN LUIS I,543-PUY,Gasolina Especial +,GASOLINA_ESPECIAL_MAS,Ciudad,
2026-09-10,2026-09-10,True,False,Santa Cruz,DIESEL OIL NACIONAL EESS,35000.0,L,ESTACION DE SERVICIO CASCABEL SUC. CUATRO CAÑADAS-YOHANA PAOLA VACA GUZMAN,4124-YBX,Diesel Oil Nacional,DIESEL_NACIONAL,Provincia,
2026-09-10,2026-09-10,True,False,Santa Cruz,DIESEL OIL IMPORTADO EESS,20000.0,L,ESTACION DE SERVICIO SUR S.R.L.-SUCURSAL ESTACION DE SERVICIO LA TECA,2801-BYP,Diesel Oil Importado,DIESEL_IMPORTADO,Ciudad,
2026-09-10,2026-09-10,True,False,Santa Cruz,DIESEL OIL IMPORTADO EESS,25000.0,L,ESTACION DE SERVICIO SUR S.R.L. SUCURSAL 2,2447-AGD,Diesel Oil Importado,DIESEL_IMPORTADO,Ciudad,
2026-09-10,2026-09-10,True,False,Santa Cruz,DIESEL OIL IMPORTADO EESS,30000.0,L,ESTACION DE SERVICIO GUAYACAN S.R.L.,1190-YPG,Diesel Oil Importado,DIESEL_IMPORTADO,Ciudad,
2026-09-10,2026-09-10,True,False,Santa Cruz,DIESEL OIL NACIONAL EESS,30000.0,L,ESTACION DE SERVICIO SAN SILVESTRE,2265-BKN,Diesel Oil Nacional,DIESEL_NACIONAL,Provincia,
2026-09-10,2026-09-10,True,False,Santa Cruz,GASOLINA ESPECIAL + (S/DSI),15000.0,L,COMPLEJO AUTOMOTRIZ VIRGEN DE URKUPIÑA S.R.L.,1135-RGC,Gasolina Especial +,GASOLINA_ESPECIAL_MAS,Ciudad,
2026-09-10,2026-09-10,True,False,Santa Cruz,DIESEL OIL IMPORTADO EESS,20000.0,L,ESTACION DE SERVICIO CLUB GAZEL S.R.L.,2229-HLP,Diesel Oil Importado,DIESEL_IMPORTADO,Ciudad,
2026-09-10,2026-09-10,True,False,Santa Cruz,GASOLINA ESPECIAL + (S/DSI),10000.0,L,ESTACION DE SERVICIO PIRAI S.R.L. SUC. DOBLE VIA LA GUARDIA ESQ. OCTAVO ANILLO,1388-TGA,Gasolina Especial +,GASOLINA_ESPECIAL_MAS,Ciudad,
2026-09-10,2026-09-10,True,False,Santa Cruz,GASOLINA ESPECIAL + (S/DSI),15000.0,L,ESTACION DE SERVICIO 3F OIL S.R.L.,953-UFL,Gasolina Especial +,GASOLINA_ESPECIAL_MAS,Ciudad,
2026-09-10,2026-09-10,True,False,Santa Cruz,GASOLINA ESPECIAL + (S/DSI),20000.0,L,ESTACION DE SERVICIO ORSA SRL-SUCURSAL 1,6453-URG,Gasolina Especial +,GASOLINA_ESPECIAL_MAS,Provincia,
2026-09-10,2026-09-10,True,False,Santa Cruz,GASOLINA ESPECIAL + (S/DSI),10000.0,L,ESTACION DE SERVICIO ORSA S.R.L.,6453-URG,Gasolina Especial +,GASOLINA_ESPECIAL_MAS,Ciudad,
2026-09-10,2026-09-10,True,False,Santa Cruz,GASOLINA ESPECIAL + (S/DSI),10000.0,L,ESTACION DE SERVICIO SUR S.R.L.,1493-PDD,Gasolina Especial +,GASOLINA_ESPECIAL_MAS,Ciudad,
2026-09-10,2026-09-10,True,False,Santa Cruz,DIESEL OIL IMPORTADO EESS,10000.0,L,ESTACION DE SERVICIO EL TERO TERO DE CHICHITA - RODRIGO REMY AQUINO ALVARADO,2468-GTE,Diesel Oil Importado,DIESEL_IMPORTADO,Ciudad,
2026-09-10,2026-09-10,True,False,Santa Cruz,DIESEL OIL IMPORTADO EESS,15000.0,L,REFINERIA ORIENTAL S.A. SUCURSAL MONTECRISTO,2801-BYP,Diesel Oil Importado,DIESEL_IMPORTADO,Ciudad,
2026-09-10,2026-09-10,True,False,Santa Cruz,GASOLINA ESPECIAL + (S/DSI),5000.0,L,ESTACION DE SERVICIO MORAGRANDE S.R.L. (SUC 1),2483-HBD,Gasolina Especial +,GASOLINA_ESPECIAL_MAS,Ciudad,
2026-09-10,2026-09-10,True,False,Santa Cruz,GASOLINA ESPECIAL + (S/DSI),10000.0,L,REFINERIA ORIENTAL S.A. SUCURSAL MONTECRISTO,1493-PDD,Gasolina Especial +,GASOLINA_ESPECIAL_MAS,Ciudad,
2026-09-10,2026-09-10,True,False,Santa Cruz,GASOLINA ESPECIAL + (S/DSI),20000.0,L,REFINERIA ORIENTAL S.A. SUC. NOR ESTE,1095-ZCK,Gasolina Especial +,GASOLINA_ESPECIAL_MAS,Ciudad,
2026-09-10,2026-09-10,True,False,Santa Cruz,GASOLINA ESPECIAL + (S/DSI),25000.0,L,R&E 3000 S.R.L.,1197-ATI,Gasolina Especial +,GASOLINA_ESPECIAL_MAS,Ciudad,
2026-09-10,2026-09-10,True,False,Santa Cruz,DIESEL OIL NACIONAL EESS,25000.0,L,ESTACION DE SERVICIO MINERO-JHONNY QUINTEROS VASQUEZ,5351-UAG,Diesel Oil Nacional,DIESEL_NACIONAL,Provincia,
2026-09-10,2026-09-10,True,False,Santa Cruz,GASOLINA ESPECIAL + (S/DSI),10000.0,L,REFINERIA ORIENTAL S.A.,1095-ZCK,Gasolina Especial +,GASOLINA_ESPECIAL_MAS,Ciudad,
2026-09-10,2026-09-10,True,False,Santa Cruz,GASOLINA ESPECIAL + (S/DSI),20000.0,L,ESTACION DE SERVICIO RIVERO - LUIS ANTONIO RIVERO AÑEZ,681-FDU,Gasolina Especial +,GASOLINA_ESPECIAL_MAS,Ciudad,
2026-09-10,2026-09-09,True,True,Santa Cruz,GASOLINA ESPECIAL + (S/DSI),20000.0,L,BICENTENARIO SRL,2434-YRP,Gasolina Especial +,GASOLINA_ESPECIAL_MAS,,
2026-09-10,2026-09-09,True,True,Santa Cruz,DIESEL OIL NACIONAL EESS,35000.0,L,ESTACION DE SERVICIO SAYE S.R.L.,2079-FUL,Diesel Oil Nacional,DIESEL_NACIONAL,Provincia,
2026-09-10,2026-09-08,True,True,Santa Cruz,DIESEL OIL NACIONAL EESS,25000.0,L,ESTACION DE SERVICIO EL BIBOSI MANANTIAL-LIMBERT JIMENEZ JALDIN,2014-TNN,Diesel Oil Nacional,DIESEL_NACIONAL,Provincia,
2026-09-10,2026-09-09,True,True,Santa Cruz,DIESEL OIL NACIONAL EESS,10000.0,L,ESTACION DE SERVICIO EL BIBOSI MANANTIAL-LIMBERT JIMENEZ JALDIN,2014-TNN,Diesel Oil Nacional,DIESEL_NACIONAL,Provincia,
2026-09-10,2026-09-09,True,True,Santa Cruz,GASOLINA ESPECIAL + (S/DSI),10000.0,L,COMPLEJO AUTOMOTRIZ VIRGEN DE URKUPIÑA S.R.L.,1135-RGC,Gasolina Especial +,GASOLINA_ESPECIAL_MAS,Ciudad,
2026-09-10,2026-09-08,True,True,Santa Cruz,GASOLINA ESPECIAL + EESS,20000.0,L,COMERCIALIZADORA DE HIDROCARBUROS ABJ S.R.L,6398-RNI,Gasolina Especial +,GASOLINA_ESPECIAL_MAS,Provincia,
2026-09-10,2026-09-08,True,True,Santa Cruz,DIESEL OIL IMPORTADO EESS,5000.0,L,REFINERIA ORIENTAL S.A. SUCURSAL MONTECRISTO,2447-AGD,Diesel Oil Importado,DIESEL_IMPORTADO,Ciudad,
2026-09-10,2026-09-09,True,True,Santa Cruz,DIESEL OIL IMPORTADO EESS,15000.0,L,ESTACION DE SERVICIO LOS COYUYOS-JULIA GONZALES,3589-UKG,Diesel Oil Importado,DIESEL_IMPORTADO,Ciudad,
2026-09-10,2026-09-10,True,False,Santa Cruz,DIESEL OIL IMPORTADO EESS,25000.0,L,ESTACION DE SERVICIO SUR SRL SUCURSAL 3,825-ATI,Diesel Oil Importado,DIESEL_IMPORTADO,Ciudad,
2026-09-10,2026-09-10,True,False,Santa Cruz,GASOLINA ESPECIAL + (S/DSI),20000.0,L,ESTACION DE SERVICIO SUR S.R.L.-SUCURSAL ESTACION DE SERVICIO LA TECA,437-KYY,Gasolina Especial +,GASOLINA_ESPECIAL_MAS,Ciudad,
2026-09-10,2026-09-10,True,False,Santa Cruz,GASOLINA ESPECIAL + (S/DSI),25000.0,L,ESTACION DE SERVICIO SUR SRL SUCURSAL 3,1390-DBC,Gasolina Especial +,GASOLINA_ESPECIAL_MAS,Ciudad,
2026-09-10,2026-09-10,True,False,Santa Cruz,GASOLINA ESPECIAL + (S/DSI),30000.0,L,ESTACION DE SERVICIO SUR S.R.L. SUCURSAL 2,4108-GPL,Gasolina Especial +,GASOLINA_ESPECIAL_MAS,Ciudad,
2026-09-10,2026-09-10,True,False,Santa Cruz,GASOLINA ESPECIAL + (S/DSI),10000.0,L,ESTACION DE SERVICIO SUR S.R.L. SUCURSAL 2,1390-DBC,Gasolina Especial +,GASOLINA_ESPECIAL_MAS,Ciudad,
2026-09-10,2026-09-10,True,False,Santa Cruz,GASOLINA ESPECIAL + (S/DSI),20000.0,L,ESTACION DE SERVICIO SUR S.R.L. SUCURSAL 1,4410-KXK,Gasolina Especial +,GASOLINA_ESPECIAL_MAS,Ciudad,
2026-09-10,2026-09-10,True,False,Santa Cruz,GASOLINA ESPECIAL + EESS,20000.0,L,ESTACION DE SERVICIO ORTIZ S.R.L.,2506-IHP,Gasolina Especial +,GASOLINA_ESPECIAL_MAS,Provincia,
2026-09-10,2026-09-10,True,False,Santa Cruz,GASOLINA ESPECIAL + (S/DSI),25000.0,L,ESTACION DE SERVICIO GUAYACAN S.R.L.,727-YTY,Gasolina Especial +,GASOLINA_ESPECIAL_MAS,Ciudad,
2026-09-10,2026-09-10,True,False,Santa Cruz,GASOLINA ESPECIAL + (S/DSI),10000.0,L,ESTACION DE SERVICIO EL TAROPE - JHONNY AGUILAR ADRIAZOLA,1744-UZH,Gasolina Especial +,GASOLINA_ESPECIAL_MAS,Ciudad,
2026-09-10,2026-09-10,True,False,Santa Cruz,DIESEL OIL IMPORTADO EESS,35000.0,L,ESTACION DE SERVICIO MONTAÑO S.R.L.,3031-PAN,Diesel Oil Importado,DIESEL_IMPORTADO,Ciudad,
2026-09-10,2026-09-10,True,False,Santa Cruz,GASOLINA ESPECIAL + (S/DSI),20000.0,L,SURTIDOR CLUBOL - RUTH JIMENEZ DE MONROY,5312-NXE,Gasolina Especial +,GASOLINA_ESPECIAL_MAS,Ciudad,
2026-09-10,2026-09-10,True,False,Santa Cruz,DIESEL OIL IMPORTADO EESS,20000.0,L,ESTACION DE SERVICIO EL TAROPE - JHONNY AGUILAR ADRIAZOLA,1744-UZH,Diesel Oil Importado,DIESEL_IMPORTADO,Ciudad,
2026-09-10,2026-09-10,True,False,Santa Cruz,DIESEL OIL NACIONAL EESS,20000.0,L,CENTRO DE COMERCIO SANTA RITAKM32 S.R.L.,3853-BSD,Diesel Oil Nacional,DIESEL_NACIONAL,Provincia,
2026-09-10,2026-09-10,True,False,Santa Cruz,GASOLINA ESPECIAL + (S/DSI),15000.0,L,ESTACION DE SERVICIO SANTA MARIA,1044-PLP,Gasolina Especial +,GASOLINA_ESPECIAL_MAS,Ciudad,
2026-09-10,2026-09-10,True,False,Santa Cruz,DIESEL OIL IMPORTADO EESS,10000.0,L,ESTACION DE SERVICIO SANTA MARIA,514-HAC,Diesel Oil Importado,DIESEL_IMPORTADO,Ciudad,
2026-09-10,2026-09-10,True,False,Santa Cruz,GASOLINA ESPECIAL + (S/DSI),20000.0,L,ESTACION DE SERVICIO PALMASOLA,1044-PLP,Gasolina Especial +,GASOLINA_ESPECIAL_MAS,Ciudad,
2026-09-10,2026-09-10,True,False,Santa Cruz,GASOLINA ESPECIAL + (S/DSI),15000.0,L,ESTACION DE SERVICIO DICOR S.R.L.,583-PTR,Gasolina Especial +,GASOLINA_ESPECIAL_MAS,Ciudad,
2026-09-10,2026-09-10,True,False,Santa Cruz,DIESEL OIL IMPORTADO EESS,25000.0,L,ESTACION DE SERVICIO PALMASOLA,514-HAC,Diesel Oil Importado,DIESEL_IMPORTADO,Ciudad,
2026-09-10,2026-09-10,True,False,Santa Cruz,DIESEL OIL IMPORTADO EESS,20000.0,L,SURTIDOR COTOCA - JOSE RAMIRO AYALA FLORES,2338-FGD,Diesel Oil Importado,DIESEL_IMPORTADO,Ciudad,
2026-09-10,2026-09-09,True,True,Santa Cruz,DIESEL OIL NACIONAL EESS,30000.0,L,TARIFA S.R.L.,5314-TZK,Diesel Oil Nacional,DIESEL_NACIONAL,Provincia,
2026-09-10,2026-09-10,True,False,Santa Cruz,GASOLINA ESPECIAL + EESS,5000.0,L,ESTACION DE SERVICIO SOMOS GAS SRL,2257-EEE,Gasolina Especial +,GASOLINA_ESPECIAL_MAS,Provincia,
2026-09-10,2026-09-10,True,False,Santa Cruz,GASOLINA ESPECIAL + (S/DSI),24900.0,L,ESTACION DE SERVICIO LA CIMA,297-ACK,Gasolina Especial +,GASOLINA_ESPECIAL_MAS,Ciudad,
2026-09-10,2026-09-10,True,False,Santa Cruz,GASOLINA ESPECIAL + (S/DSI),20000.0,L,GASCO S.R.L.,1999-CDP,Gasolina Especial +,GASOLINA_ESPECIAL_MAS,Ciudad,
2026-09-10,2026-09-10,True,False,Santa Cruz,DIESEL OIL IMPORTADO EESS,10000.0,L,Z & Z LTDA,110-IYX,Diesel Oil Importado,DIESEL_IMPORTADO,Ciudad,
2026-09-10,2026-09-10,True,False,Santa Cruz,GASOLINA ESPECIAL + EESS,25000.0,L,ESTACION DE SERVICIO SOMOS GAS SRL,2257-EEE,Gasolina Especial +,GASOLINA_ESPECIAL_MAS,Provincia,
2026-09-10,2026-09-10,True,False,Santa Cruz,GASOLINA ESPECIAL + (S/DSI),25000.0,L,ESTACION DE SERVICIO CLUB GAZEL S.R.L.,2229-HLP,Gasolina Especial +,GASOLINA_ESPECIAL_MAS,Ciudad,
2026-09-10,2026-09-10,True,False,Santa Cruz,GASOLINA ESPECIAL + (S/DSI),5000.0,L,ESTACION DE SERVICIO PIRAI S.R.L. SUC. DOBLE VIA LA GUARDIA ESQ. OCTAVO ANILLO,5775-AXE,Gasolina Especial +,GASOLINA_ESPECIAL_MAS,Ciudad,
2026-09-10,2026-09-10,True,False,Santa Cruz,GASOLINA ESPECIAL + (S/DSI),5000.0,L,ESTACION DE SERVICIO PIRAI S.R.L.,5775-AXE,Gasolina Especial +,GASOLINA_ESPECIAL_MAS,Ciudad,
2026-09-10,2026-09-10,True,False,Santa Cruz,GASOLINA ESPECIAL + (S/DSI),35000.0,L,ESTACION DE SERVICIO PIRAI S.R.L.,1469-PUA,Gasolina Especial +,GASOLINA_ESPECIAL_MAS,Ciudad,
2026-09-10,2026-09-10,True,False,Santa Cruz,GASOLINA ESPECIAL + (S/DSI),25000.0,L,Z & Z LTDA,331-PID,Gasolina Especial +,GASOLINA_ESPECIAL_MAS,Ciudad,
2026-09-10,2026-09-10,True,False,Santa Cruz,DIESEL OIL IMPORTADO EESS,30000.0,L,ESTACION DE SERVICIO EMANUEL S.R.L.,2330-NLD,Diesel Oil Importado,DIESEL_IMPORTADO,Ciudad,
2026-09-10,2026-09-10,True,False,Santa Cruz,GASOLINA ESPECIAL + (S/DSI),35000.0,L,ESTACION DE SERVICIO LA COLORADA,2120-PKF,Gasolina Especial +,GASOLINA_ESPECIAL_MAS,Ciudad,
2026-09-10,2026-09-10,True,False,Santa Cruz,DIESEL OIL IMPORTADO EESS,35000.0,L,BICENTENARIO SRL,2434-YRP,Diesel Oil Importado,DIESEL_IMPORTADO,,
2026-09-10,2026-09-10,True,False,Santa Cruz,DIESEL OIL NACIONAL EESS,25000.0,L,ESTACION DE SERVICIO PETRO VAL S.R.L.,1110-USS,Diesel Oil Nacional,DIESEL_NACIONAL,Provincia,
2026-09-10,2026-09-10,True,False,Santa Cruz,DIESEL OIL IMPORTADO EESS,20000.0,L,YVU CENTRO DE SERVICIOS Y COMERCIO S.R.L.,1060-PIT,Diesel Oil Importado,DIESEL_IMPORTADO,Ciudad,
2026-09-10,2026-09-10,True,False,Santa Cruz,GASOLINA ESPECIAL + (S/DSI),10000.0,L,ESTACION DE SERVICIO LAS ORQUIDEAS S.R.L.,711-XUH,Gasolina Especial +,GASOLINA_ESPECIAL_MAS,Ciudad,
2026-09-10,2026-09-10,True,False,Santa Cruz,DIESEL OIL IMPORTADO EESS,20000.0,L,ESTACION DE SERVICIO MORAGRANDE S.R.L.,1893-NTP,Diesel Oil Importado,DIESEL_IMPORTADO,Ciudad,
2026-09-10,2026-09-10,True,False,Santa Cruz,DIESEL OIL IMPORTADO EESS,5000.0,L,ESTACION DE SERVICIO LAS ORQUIDEAS S.R.L.,711-XUH,Diesel Oil Importado,DIESEL_IMPORTADO,Ciudad,
2026-09-10,2026-09-10,True,False,Santa Cruz,DIESEL OIL IMPORTADO EESS,10000.0,L,ESTACION DE SERVICIO REFINERIA ORIENTAL S.A. - SUC. ZONA 4° ANILLO FRENTE A BUFALO PARK - SC,825-ATI,Diesel Oil Importado,DIESEL_IMPORTADO,Ciudad,
2026-09-10,2026-09-10,True,False,Santa Cruz,DIESEL OIL IMPORTADO EESS,20000.0,L,ESTACION DE SERVICIO LAS ORQUIDEAS S.R.L.,5351-UAG,Diesel Oil Importado,DIESEL_IMPORTADO,Ciudad,
2026-09-10,2026-09-10,True,False,Santa Cruz,DIESEL OIL NACIONAL EESS,20000.0,L,ESTACION DE SERVICIO EL TINTO S.R.L.,5305-YZL,Diesel Oil Nacional,DIESEL_NACIONAL,Provincia,
2026-09-10,2026-09-10,True,False,Santa Cruz,GASOLINA ESPECIAL + (S/DSI),15000.0,L,ESTACION DE SERVICIO MORAGRANDE S.R.L. (SUC 1),2483-HBD,Gasolina Especial +,GASOLINA_ESPECIAL_MAS,Ciudad,
2026-09-10,2026-09-10,True,False,Santa Cruz,GASOLINA ESPECIAL + (S/DSI),25000.0,L,ESTACION DE SERVICIO EL TERO TERO DE CHICHITA - RODRIGO REMY AQUINO ALVARADO,2468-GTE,Gasolina Especial +,GASOLINA_ESPECIAL_MAS,Ciudad,
2026-09-10,2026-09-10,True,False,Santa Cruz,DIESEL OIL NACIONAL EESS,20000.0,L,MUYURINA LTDA,647-NPX,Diesel Oil Nacional,DIESEL_NACIONAL,Provincia,
2026-09-10,2026-09-10,True,False,Santa Cruz,GASOLINA ESPECIAL + (S/DSI),15000.0,L,REFINERIA ORIENTAL S.A. SUCURSAL MONTECRISTO,437-KYY,Gasolina Especial +,GASOLINA_ESPECIAL_MAS,Ciudad,
2026-09-10,2026-09-10,True,False,Santa Cruz,DIESEL OIL IMPORTADO EESS,20000.0,L,ESTACION DE SERVICIO MORAGRANDE S.R.L. (SUC 1),2483-HBD,Diesel Oil Importado,DIESEL_IMPORTADO,Ciudad,
2026-09-10,2026-09-10,True,False,Santa Cruz,DIESEL OIL NACIONAL EESS,35000.0,L,SURTIDOR ACIPA - SJ S.R.L.,4120-ZTR,Diesel Oil Nacional,DIESEL_NACIONAL,Provincia,
2026-09-10,2026-09-10,True,False,Santa Cruz,GASOLINA ESPECIAL + (S/DSI),10000.0,L,ESTACION DE SERVICIO REFINERIA ORIENTAL S.A. - SUC. ZONA 4° ANILLO FRENTE A BUFALO PARK - SC,5775-AXE,Gasolina Especial +,GASOLINA_ESPECIAL_MAS,Ciudad,
2026-09-10,2026-09-10,True,False,Santa Cruz,GASOLINA ESPECIAL + (S/DSI),15000.0,L,ESTACION DE SERVICIO LAS ORQUIDEAS S.R.L.,5351-UAG,Gasolina Especial +,GASOLINA_ESPECIAL_MAS,Ciudad,
2026-09-10,2026-09-10,True,False,Santa Cruz,GASOLINA ESPECIAL + (S/DSI),30000.0,L,ESTACION DE SERVICIO REFINERIA ORIENTAL S.A. - SUC. ZONA 4° ANILLO FRENTE A BUFALO PARK - SC,4530-FIY,Gasolina Especial +,GASOLINA_ESPECIAL_MAS,Ciudad,
2026-09-10,2026-09-10,True,False,Santa Cruz,GASOLINA ESPECIAL + (S/DSI),20000.0,L,REFINERIA ORIENTAL S.A.-SUC. TERCER ANILLO INTERNO FRENTE CANCHITA ROYAL,1113-EAA,Gasolina Especial +,GASOLINA_ESPECIAL_MAS,Ciudad,
2026-09-10,2026-09-10,True,False,Santa Cruz,DIESEL OIL NACIONAL EESS,20000.0,L,SURTIDOR EL PATUJU - ROGELIO LA FUENTE OLIVERA,1330-AEN,Diesel Oil Nacional,DIESEL_NACIONAL,Provincia,
2026-09-10,2026-09-10,True,False,Santa Cruz,GASOLINA ESPECIAL + (S/DSI),20000.0,L,REFINERIA ORIENTAL S.A.-SUC. BARRIO LAZARETO,514-HHE,Gasolina Especial +,GASOLINA_ESPECIAL_MAS,Ciudad,
2026-09-10,2026-09-10,True,False,Santa Cruz,DIESEL OIL IMPORTADO EESS,35000.0,L,ESTACION DE SERVICIO BI-OCEANICA S.R.L.,4269-HNT,Diesel Oil Importado,DIESEL_IMPORTADO,Ciudad,
2026-09-10,2026-09-10,True,False,Santa Cruz,GASOLINA ESPECIAL + (S/DSI),20000.0,L,ESTACION DE SERVICIO YOTAU S.R.L.,3792-ENE,Gasolina Especial +,GASOLINA_ESPECIAL_MAS,Ciudad,
2026-09-10,2026-09-10,True,False,Santa Cruz,GASOLINA ESPECIAL + (S/DSI),20000.0,L,"EMPRESA DAVILA IMPORTADORA-EXPORTADORA S.R.L. ""DAIMPORT - EXPORT LTDA""",1189-IUF,Gasolina Especial +,GASOLINA_ESPECIAL_MAS,Ciudad,
2026-09-10,2026-09-10,True,False,Santa Cruz,DIESEL OIL IMPORTADO EESS,20000.0,L,ESTACION DE SERVICIO PANTANAL DEL ORIENTE-ALVARO LUIS AGUILAR ADRIAZOLA,2497-AFH,Diesel Oil Importado,DIESEL_IMPORTADO,Ciudad,
2026-09-10,2026-09-10,True,False,Santa Cruz,DIESEL OIL IMPORTADO EESS,25000.0,L,ESTACION DE SERVICIO LOS MANGALES S.R.L.,1005-XLH,Diesel Oil Importado,DIESEL_IMPORTADO,Ciudad,
2026-09-10,2026-09-10,True,False,Santa Cruz,GASOLINA ESPECIAL + (S/DSI),20000.0,L,ESTACION DE SERVICIO QUINTO ANILLO S.R.L.,3018-UKU,Gasolina Especial +,GASOLINA_ESPECIAL_MAS,Ciudad,
2026-09-10,2026-09-10,True,False,Santa Cruz,DIESEL OIL IMPORTADO EESS,20000.0,L,R&E 3000 S.R.L.,1197-ATI,Diesel Oil Importado,DIESEL_IMPORTADO,Ciudad,
2026-09-10,2026-09-10,True,False,Santa Cruz,DIESEL OIL IMPORTADO EESS,35000.0,L,ESTACION DE SERVICIO TOTAITU N&T S.R.L.,2390-XBX,Diesel Oil Importado,DIESEL_IMPORTADO,Ciudad,
2026-09-10,2026-09-10,True,False,Santa Cruz,DIESEL OIL IMPORTADO EESS,35000.0,L,ESTACION DE SERVICIO QUINTO ANILLO S.R.L.,558-XDK(1),Diesel Oil Importado,DIESEL_IMPORTADO,Ciudad,
2026-09-10,2026-09-10,True,False,Santa Cruz,DIESEL OIL IMPORTADO EESS,5000.0,L,ESTACION DE SERVICIO YOTAU S.R.L.,3792-ENE,Diesel Oil Importado,DIESEL_IMPORTADO,Ciudad,
2026-09-10,2026-09-10,True,False,Santa Cruz,GASOLINA ESPECIAL + (S/DSI),35000.0,L,ESTACION DE SERVICIO BI-OCEANICA S.R.L.,4096-LDR,Gasolina Especial +,GASOLINA_ESPECIAL_MAS,Ciudad,
2026-09-10,2026-09-10,True,False,Santa Cruz,DIESEL OIL IMPORTADO EESS,35000.0,L,ESTACION DE SERVICIO ELISA S.R.L.,1176-UST,Diesel Oil Importado,DIESEL_IMPORTADO,Ciudad,
2026-09-10,2026-09-10,True,False,Santa Cruz,DIESEL OIL NACIONAL EESS,30000.0,L,ESTACION DE SERVICIO ARNEZ - LUIS ARNEZ ONOFRE,1163-LHT,Diesel Oil Nacional,DIESEL_NACIONAL,Provincia,
2026-09-10,2026-09-10,True,False,Santa Cruz,GASOLINA ESPECIAL + (S/DSI),15000.0,L,ESTACION DE SERVICIO ORSA S.R.L.,5583-ADI,Gasolina Especial +,GASOLINA_ESPECIAL_MAS,Ciudad,
2026-09-10,2026-09-10,True,False,Santa Cruz,DIESEL OIL IMPORTADO EESS,20000.0,L,"EMPRESA DAVILA IMPORTADORA-EXPORTADORA S.R.L. ""DAIMPORT - EXPORT LTDA""",1383-DKA,Diesel Oil Importado,DIESEL_IMPORTADO,Ciudad,
2026-09-10,2026-09-10,True,False,Santa Cruz,DIESEL OIL NACIONAL EESS,30000.0,L,ESTACION DE SERVICIO PAULINA S.R.L.,571-PDN,Diesel Oil Nacional,DIESEL_NACIONAL,Provincia,
2026-09-10,2026-09-10,True,False,Santa Cruz,GASOLINA ESPECIAL + (S/DSI),25000.0,L,ESTACION DE SERVICIO PANTANAL DEL ORIENTE-ALVARO LUIS AGUILAR ADRIAZOLA,955-YPK,Gasolina Especial +,GASOLINA_ESPECIAL_MAS,Ciudad,
2026-09-10,2026-09-10,True,False,Santa Cruz,DIESEL OIL IMPORTADO EESS,35000.0,L,ESTACION DE SERVICIO YOTAU S.R.L.,1066-ISS,Diesel Oil Importado,DIESEL_IMPORTADO,Ciudad,
2026-09-10,2026-09-10,True,False,Santa Cruz,GASOLINA ESPECIAL + (S/DSI),35000.0,L,ESTACION DE SERVICIO TOTAITU N&T S.R.L.,1029-ZIN,Gasolina Especial +,GASOLINA_ESPECIAL_MAS,Ciudad,
2026-09-10,2026-09-10,True,False,Santa Cruz,DIESEL OIL IMPORTADO EESS,35000.0,L,ESTACION DE SERVICIO LA CHORRERA SRL,1329-NRI,Diesel Oil Importado,DIESEL_IMPORTADO,Ciudad,
2026-09-10,2026-09-10,True,False,Santa Cruz,GASOLINA ESPECIAL + EESS,20000.0,L,ESTACION DE SERVICIO MIRANDA S.R.L.,2522-BEF,Gasolina Especial +,GASOLINA_ESPECIAL_MAS,Provincia,
2026-09-10,2026-09-10,True,False,Santa Cruz,GASOLINA ESPECIAL + (S/DSI),20000.0,L,"ESTACION DE SERVICIO ""GUAPAY"" S.R.L.",447-PSY,Gasolina Especial +,GASOLINA_ESPECIAL_MAS,Ciudad,
2026-09-10,2026-09-10,True,False,Santa Cruz,GASOLINA ESPECIAL + (S/DSI),25000.0,L,ESTACION DE SERVICIO EL ARROYO S.R.L.,1299-GNA,Gasolina Especial +,GASOLINA_ESPECIAL_MAS,Ciudad,
2026-09-10,2026-09-09,True,True,Santa Cruz,DIESEL OIL NACIONAL EESS,30000.0,L,ESTACION DE SERVICIO AGUAI S.R.L.,2796-BKD,Diesel Oil Nacional,DIESEL_NACIONAL,Provincia,
2026-09-10,2026-09-09,True,True,Santa Cruz,DIESEL OIL NACIONAL EESS,35000.0,L,ESTACION DE SERVICIO LOS BIBOSIS S.R.L.,5631-AZA,Diesel Oil Nacional,DIESEL_NACIONAL,Provincia,
2026-09-10,2026-09-10,True,False,Santa Cruz,GLP DISTRIB. 10 KILOS NAL,5790.0,L,CARMEN R. MELGAREJO GONZALES - DIST. CENTRO GAS,2832-PDP,GLP,GLP,,
2026-09-10,2026-09-09,True,True,Santa Cruz,GASOLINA ESPECIAL + EESS,25000.0,L,ESTACION DE SERVICIO EL TAJIBO OKINAWA,2338-GRG,Gasolina Especial +,GASOLINA_ESPECIAL_MAS,Provincia,
2026-09-10,2026-09-09,True,True,Santa Cruz,DIESEL OIL NACIONAL EESS,30000.0,L,ESTACION DE SERVICIO EL BATO,1115-DLF,Diesel Oil Nacional,DIESEL_NACIONAL,Provincia,
2026-09-10,2026-09-09,True,True,Santa Cruz,DIESEL OIL NACIONAL EESS,30000.0,L,ESTACION DE SERVICIO COCA-ENRRIQUE COCA LOPEZ,2134-FYF,Diesel Oil Nacional,DIESEL_NACIONAL,Provincia,
2026-09-10,2026-09-09,True,True,Santa Cruz,GASOLINA ESPECIAL + EESS,5000.0,L,ESTACION DE SERVICIO SOMOS GAS SRL,2257-EEE,Gasolina Especial +,GASOLINA_ESPECIAL_MAS,Provincia,
2026-09-10,2026-09-08,True,True,Santa Cruz,DIESEL OIL IMPORTADO EESS,25000.0,L,COMPAÑIA COMERCIAL DE GAS COMPRIMIDO C.G.C. S.R.L.,2511-RLA,Diesel Oil Importado,DIESEL_IMPORTADO,Ciudad,
2026-09-09,2026-09-09,True,False,Santa Cruz,DIESEL OIL NACIONAL EESS,25000.0,L,ESTACION DE SERVICIO VALLES CRUCEÑOS,1100-GFG,Diesel Oil Nacional,DIESEL_NACIONAL,Provincia,
2026-09-09,2026-09-09,True,False,Santa Cruz,DIESEL OIL IMPORTADO EESS,15000.0,L,SURTIDOR EL PALMAR - DIONICIO CONDORI RODRIGUEZ,782-YPK,Diesel Oil Importado,DIESEL_IMPORTADO,Ciudad,
2026-09-09,2026-09-09,True,False,Santa Cruz,GASOLINA ESPECIAL + EESS,25000.0,L,ESTACION DE SERVICIO CONCEPCION SRL,442-IZR,Gasolina Especial +,GASOLINA_ESPECIAL_MAS,Provincia,
2026-09-09,2026-09-09,True,False,Santa Cruz,DIESEL OIL IMPORTADO CF,15000.0,L,SERVICIOS INDUSTRIALES DE PRODUCCION SERINPRO S.R.L.,3095-TUN,Diesel Oil Importado,DIESEL_IMPORTADO,,
2026-09-09,2026-09-09,True,False,Santa Cruz,DIESEL OIL IMPORTADO GRACO,22700.0,L,POPLAR CAPITAL S.A.,516-ULX,Diesel Oil Importado,DIESEL_IMPORTADO,,
2026-09-09,2026-09-09,True,False,Santa Cruz,DIESEL OIL IMPORTADO CF,19900.0,L,AGROPECUARIA AGROFOOD S.A.,126-CTT,Diesel Oil Importado,DIESEL_IMPORTADO,,
2026-09-09,2026-09-09,True,False,Santa Cruz,DIESEL OIL NACIONAL EESS,20000.0,L,ESTACION DE SERVICIO TIERRAS BAJAS SRL.,394-IIX,Diesel Oil Nacional,DIESEL_NACIONAL,Provincia,
2026-09-09,2026-09-09,True,False,Santa Cruz,DIESEL OIL IMPORTADO CF,19900.0,L,AGRO DEMETER S.A.,561-DCK,Diesel Oil Importado,DIESEL_IMPORTADO,,
2026-09-09,2026-09-09,True,False,Santa Cruz,DIESEL OIL IMPORTADO EESS,25000.0,L,SURTIDOR VARDONA - SUSANA POEHLMANN GARCIA,863-RUI,Diesel Oil Importado,DIESEL_IMPORTADO,Ciudad,
2026-09-09,2026-09-09,True,False,Santa Cruz,GLP DISTRIB. 10 KILOS NAL,5940.0,L,DIST. GLP. MARY-MARIA ELENA TAPIA USCAMAITA,526-ZZY,GLP,GLP,,
2026-09-09,2026-09-09,True,False,Santa Cruz,DIESEL OIL IMPORTADO GRACO,20000.0,L,EMPRESA CONSTRUCTORA DE CIUDADES INTELIGENTES SRL,1794-AKG,Diesel Oil Importado,DIESEL_IMPORTADO,,
2026-09-09,2026-09-09,True,False,Santa Cruz,GLP DISTRIB. 10 KILOS NAL,10500.0,L,DIST. GLP. CRUCEÑITA VASA S.R.L.,2492-YHT,GLP,GLP,,
2026-09-09,2026-09-09,True,False,Santa Cruz,GASOLINA ESPECIAL + (S/DSI),10000.0,L,ESTACION DE SERVICIO VERGARA - FABIOLA NOEMI ZORRILLO VERGARA,1184-YND,Gasolina Especial +,GASOLINA_ESPECIAL_MAS,Ciudad,
2026-09-09,2026-09-09,True,False,Santa Cruz,DIESEL OIL IMPORTADO EESS,10000.0,L,ESTACION DE SERVICIO VERGARA - FABIOLA NOEMI ZORRILLO VERGARA,1184-YND,Diesel Oil Importado,DIESEL_IMPORTADO,Ciudad,
2026-09-09,2026-09-09,True,False,Santa Cruz,DIESEL OIL NACIONAL EESS,25000.0,L,ESTACION DE SERVICIO AGUAI S.R.L.,1487- PDD,Diesel Oil Nacional,DIESEL_NACIONAL,Provincia,
2026-09-09,2026-09-09,True,False,Santa Cruz,GASOLINA ESPECIAL + (S/DSI),15000.0,L,EMPRESA DE SERVICIOS 8 DE NOVIEMBRE LTDA.,1831-SEK,Gasolina Especial +,GASOLINA_ESPECIAL_MAS,Ciudad,
2026-09-09,2026-09-09,True,False,Santa Cruz,GLP DISTRIB. 10 KILOS NAL,10410.0,L,DIST. GLP. MAIRANA GAS ANA LOURDES MENDOZA,1005-XTD,GLP,GLP,,
2026-09-09,2026-09-09,True,False,Santa Cruz,DIESEL OIL NACIONAL EESS,25000.0,L,ESTACION DE SERVICIO TORRIAYALA S.R.L.,4491-PRD,Diesel Oil Nacional,DIESEL_NACIONAL,Provincia,
2026-09-09,2026-09-09,True,False,Santa Cruz,GASOLINA ESPECIAL + EESS,5000.0,L,SURTIDOR VIRGEN DE CHARAGUA S.R.L.,466-UHP,Gasolina Especial +,GASOLINA_ESPECIAL_MAS,Provincia,
2026-09-09,2026-09-09,True,False,Santa Cruz,DIESEL OIL NACIONAL EESS,15000.0,L,ESTACION DE SERVICIO JATUMPAMPA SRL,2188-IEB,Diesel Oil Nacional,DIESEL_NACIONAL,Provincia,
2026-09-09,2026-09-09,True,False,Santa Cruz,GASOLINA ESPECIAL + (S/DSI),10000.0,L,GENEX S.A-SUCURSAL S.C ZONA GUARACACHI,863-XYY,Gasolina Especial +,GASOLINA_ESPECIAL_MAS,Ciudad,
2026-09-09,2026-09-09,True,False,Santa Cruz,DIESEL OIL IMPORTADO CF,19000.0,L,CANDIDA ROJAS TORRICO,1137-BGE,Diesel Oil Importado,DIESEL_IMPORTADO,,
2026-09-09,2026-09-09,True,False,Santa Cruz,GASOLINA ESPECIAL + (S/DSI),15000.0,L,GENEX S.A SUCURSAL SANTA CRUZ ZONA SANTA ROSA,1285-UKF,Gasolina Especial +,GASOLINA_ESPECIAL_MAS,Ciudad,
2026-09-09,2026-09-09,True,False,Santa Cruz,GASOLINA ESPECIAL + (S/DSI),5000.0,L,GENEX S.A SUCURSAL SANTA CRUZ ZONA ESTE,863-XYY,Gasolina Especial +,GASOLINA_ESPECIAL_MAS,Ciudad,
2026-09-09,2026-09-09,True,False,Santa Cruz,GASOLINA ESPECIAL + (S/DSI),15000.0,L,GENEX S.A SUCURSAL SANTA CRUZ ZONA LA RAMADA,1285-UKF,Gasolina Especial +,GASOLINA_ESPECIAL_MAS,Ciudad,
2026-09-09,2026-09-09,True,False,Santa Cruz,DIESEL OIL NACIONAL EESS,20000.0,L,ESTACION DE SERVICIO DANA S.R.L.,5638-CXH,Diesel Oil Nacional,DIESEL_NACIONAL,Provincia,
2026-09-09,2026-09-09,True,False,Santa Cruz,GASOLINA ESPECIAL + (S/DSI),20000.0,L,ESTACION DE SERVICIO LOS COYUYOS-JULIA GONZALES,3589-UKG,Gasolina Especial +,GASOLINA_ESPECIAL_MAS,Ciudad,
2026-09-09,2026-09-09,True,False,Santa Cruz,GASOLINA ESPECIAL + EESS,10000.0,L,ESTACION DE SERVICIO MACONDO,1094-EIF,Gasolina Especial +,GASOLINA_ESPECIAL_MAS,Provincia,
2026-09-09,2026-09-09,True,False,Santa Cruz,GASOLINA ESPECIAL + EESS,20000.0,L,ESTACION DE SERVICIO ICHILO SRL,2076-CUF,Gasolina Especial +,GASOLINA_ESPECIAL_MAS,Provincia,
2026-09-09,2026-09-09,True,False,Santa Cruz,DIESEL OIL NACIONAL EESS,30000.0,L,ESTACION DE SERVICIO SUR S.R.L. SUCURSAL MONTE VERDE,1095-ZCK,Diesel Oil Nacional,DIESEL_NACIONAL,Provincia,
2026-09-09,2026-09-09,True,False,Santa Cruz,DIESEL OIL NACIONAL EESS,20000.0,L,ESTACION DE SERVICIO GASCAR S.R.L.,5342-KHY,Diesel Oil Nacional,DIESEL_NACIONAL,Provincia,
2026-09-09,2026-09-09,True,False,Santa Cruz,GLP DISTRIB. 45 KILOS NAL,3600.0,L,DIST. GLP. ALTAMARGAS Juan Pablo Melgarejo Iriarte,3082-SBN,GLP,GLP,,
2026-09-09,2026-09-08,True,True,Santa Cruz,GASOLINA ESPECIAL + EESS,10000.0,L,ESTACION DE SERVICIO CHANE,1094-EIF,Gasolina Especial +,GASOLINA_ESPECIAL_MAS,Provincia,
2026-09-09,2026-09-09,True,False,Santa Cruz,GLP DISTRIB. 10 KILOS NAL,10620.0,L,DIST. GLP. ALTAMARGAS Juan Pablo Melgarejo Iriarte,1316-NUG,GLP,GLP,,
2026-09-09,2026-09-09,True,False,Santa Cruz,GLP DISTRIB. 45 KILOS NAL,2385.0,L,DIST. GLP. ALTAMARGAS Juan Pablo Melgarejo Iriarte,3586-ITS,GLP,GLP,,
2026-09-09,2026-09-09,True,False,Santa Cruz,GLP DISTRIB. 10 KILOS NAL,10740.0,L,DIST. GLP. ALTAMARGAS Juan Pablo Melgarejo Iriarte,6683-TRA,GLP,GLP,,
2026-09-09,2026-09-09,True,False,Santa Cruz,GLP DISTRIB. 10 KILOS NAL,2640.0,L,DIST. URBANA CENTRO GAS SUC. SANTA CRUZ - CABEZAS - CARMEN ROSARIO MELGAREJO GONZALES,5268-EST,GLP,GLP,,
2026-09-09,2026-09-09,True,False,Santa Cruz,GLP DISTRIB. 10 KILOS NAL,8550.0,L,CARMEN R. MELGAREJO GONZALES - DIST. CENTRO GAS,2832-PDP,GLP,GLP,,
2026-09-09,2026-09-09,True,False,Santa Cruz,GLP DISTRIB. 45 KILOS NAL,5400.0,L,DIST. GLP. CRUCEÑITA VASA S.R.L.,3460-KTK,GLP,GLP,,
2026-09-09,2026-09-09,True,False,Santa Cruz,GLP DISTRIB. 10 KILOS NAL,10200.0,L,DIST. GLP. CRUCEÑITA VASA S.R.L.,816-FTN,GLP,GLP,,
2026-09-09,2026-09-09,True,False,Santa Cruz,GLP DISTRIB. 10 KILOS NAL,8190.0,L,SOPESE S.R.L.,5741-ADC,GLP,GLP,,
2026-09-09,2026-09-09,True,False,Santa Cruz,GLP DISTRIB. 10 KILOS NAL,8260.0,L,SOPESE S.R.L.,578-IEC,GLP,GLP,,
2026-09-09,2026-09-09,True,False,Santa Cruz,GLP DISTRIB. 45 KILOS NAL,4050.0,L,SOPESE S.R.L.,6393-FTT,GLP,GLP,,
2026-09-09,2026-09-08,True,True,Santa Cruz,GASOLINA ESPECIAL + EESS,15000.0,L,ESTACION DE SERVICIO GASCAR S.R.L.,5342-KHY,Gasolina Especial +,GASOLINA_ESPECIAL_MAS,Provincia,
2026-09-09,2026-09-09,True,False,Santa Cruz,GLP DISTRIB. 10 KILOS NAL,12030.0,L,AGROGAS S.R.L.,547-ZXY,GLP,GLP,,
2026-09-09,2026-09-08,True,True,Santa Cruz,GASOLINA ESPECIAL + (S/DSI),15000.0,L,VANGAS S.A,1115-DLF,Gasolina Especial +,GASOLINA_ESPECIAL_MAS,Ciudad,
2026-09-09,2026-09-08,True,True,Santa Cruz,GASOLINA ESPECIAL + EESS,20000.0,L,ESTACION DE SERVICIO TORRIAYALA S.R.L.,1066-TLK,Gasolina Especial +,GASOLINA_ESPECIAL_MAS,Provincia,
2026-09-09,2026-09-08,True,True,Santa Cruz,DIESEL OIL NACIONAL EESS,25000.0,L,SURTIDOR VIRGEN DE CHARAGUA S.R.L.,466-UHP,Diesel Oil Nacional,DIESEL_NACIONAL,Provincia,
2026-09-09,2026-09-08,True,True,Santa Cruz,GASOLINA ESPECIAL + EESS,10000.0,L,ESTACION DE SERVICIO TIERRAS BAJAS SRL.,394-IIX,Gasolina Especial +,GASOLINA_ESPECIAL_MAS,Provincia,
2026-09-09,2026-09-08,True,True,Santa Cruz,GLP DISTRIB. 10 KILOS NAL,11220.0,L,DIST. GLP. ALTAMARGAS Juan Pablo Melgarejo Iriarte,1294-GFE,GLP,GLP,,
2026-09-09,2026-09-07,True,True,Santa Cruz,GLP DISTRIB. 10 KILOS NAL,11670.0,L,DIST. GLP. ALTAMARGAS Juan Pablo Melgarejo Iriarte,6683-TRA,GLP,GLP,,
2026-09-09,2026-09-08,True,True,Santa Cruz,GLP DISTRIB. 10 KILOS NAL,11520.0,L,CARMEN R. MELGAREJO GONZALES - DIST. CENTRO GAS,515-HGI,GLP,GLP,,
2026-09-09,2026-09-08,True,True,Santa Cruz,GLP DISTRIB. 45 KILOS NAL,2250.0,L,CARMEN R. MELGAREJO GONZALES - DIST. CENTRO GAS,6663-IUD,GLP,GLP,,
2026-09-09,2026-09-08,True,True,Santa Cruz,GLP DISTRIB. 10 KILOS NAL,8580.0,L,CARMEN R. MELGAREJO GONZALES - DIST. CENTRO GAS,2832-PDP,GLP,GLP,,
2026-09-09,2026-09-07,True,True,Santa Cruz,DIESEL OIL NACIONAL EESS,10000.0,L,ESTACION DE SERVICIO JATUMPAMPA SRL,2188-IEB,Diesel Oil Nacional,DIESEL_NACIONAL,Provincia,
2026-09-09,2026-09-07,True,True,Santa Cruz,GLP DISTRIB. 10 KILOS NAL,8390.0,L,CARMEN R. MELGAREJO GONZALES - DIST. CENTRO GAS,515-HGI,GLP,GLP,,
2026-09-09,2026-09-07,True,True,Santa Cruz,GLP DISTRIB. 45 KILOS NAL,2250.0,L,CARMEN R. MELGAREJO GONZALES - DIST. CENTRO GAS,6663-IUD,GLP,GLP,,
2026-09-09,2026-09-08,True,True,Santa Cruz,GLP DISTRIB. 10 KILOS NAL,13200.0,L,JYRL GAS - LOURDES MORALES DE QUIROZ,302-HDB,GLP,GLP,,
2026-09-09,2026-09-07,True,True,Santa Cruz,GLP DISTRIB. 10 KILOS NAL,6210.0,L,CAMPO GAS-VALPARAISO-ELSA FELICIDAD USCAMAYTA CHOQUE DE TAPIA,795-YII,GLP,GLP,,
2026-09-09,2026-07-20,True,True,Santa Cruz,DIESEL OIL NACIONAL EESS,10000.0,L,ESTACION DE SERVICIO JATUMPAMPA SRL,2188-IEB,Diesel Oil Nacional,DIESEL_NACIONAL,Provincia,
2026-09-09,2026-09-09,True,False,Santa Cruz,DIESEL OIL IMPORTADO CF,20000.0,L,ZHEJIANG MINXIN MATERIALES DE CONSTRUCCION S.R.L. SUCURSAL BOLIVIA,1123-RNR,Diesel Oil Importado,DIESEL_IMPORTADO,,
2026-09-09,2026-09-09,True,False,Santa Cruz,GASOLINA ESPECIAL + EESS,20000.0,L,ESTACION DE SERVICIO EL AGRICULTOR-CLAUDINA PILLCO LOZA,2251-LZR,Gasolina Especial +,GASOLINA_ESPECIAL_MAS,Provincia,
2026-09-09,2026-09-09,True,False,Santa Cruz,DIESEL OIL IMPORTADO CF,19900.0,L,AGROPECUARIA GUANANDI S.R.L.,884-LIG,Diesel Oil Importado,DIESEL_IMPORTADO,,
2026-09-09,2026-09-09,True,False,Santa Cruz,DIESEL OIL NACIONAL EESS,25000.0,L,ESTACION DE SERVICIO CHANE,1074-IHH,Diesel Oil Nacional,DIESEL_NACIONAL,Provincia,
2026-09-09,2026-09-09,True,False,Santa Cruz,DIESEL OIL IMPORTADO CF,19900.0,L,EMPRESA DE SERVICIOS AGRICOLAS BLPO LTDA,626-RAT,Diesel Oil Importado,DIESEL_IMPORTADO,,
2026-09-09,2026-09-09,True,False,Santa Cruz,DIESEL OIL IMPORTADO EESS,25000.0,L,ESTACION DE SERVICIO JOSE JALDIN S.R.L,331-PID,Diesel Oil Importado,DIESEL_IMPORTADO,Ciudad,
2026-09-09,2026-09-09,True,False,Santa Cruz,GASOLINA ESPECIAL + (S/DSI),5000.0,L,ESTACION DE SERVICIO SAN LUIS I,244-ANI,Gasolina Especial +,GASOLINA_ESPECIAL_MAS,Ciudad,
2026-09-09,2026-09-09,True,False,Santa Cruz,DIESEL OIL IMPORTADO EESS,35000.0,L,ESTACION DE SERVICIO SAN LUIS,543-PUY,Diesel Oil Importado,DIESEL_IMPORTADO,Ciudad,
2026-09-09,2026-09-09,True,False,Santa Cruz,DIESEL OIL IMPORTADO EESS,25000.0,L,ESTACION DE SERVICIO SAN LUIS I,244-ANI,Diesel Oil Importado,DIESEL_IMPORTADO,Ciudad,
2026-09-09,2026-09-09,True,False,Santa Cruz,GASOLINA ESPECIAL + (S/DSI),15000.0,L,SURTIDOR EL PALMAR - DIONICIO CONDORI RODRIGUEZ,782-YPK,Gasolina Especial +,GASOLINA_ESPECIAL_MAS,Ciudad,
2026-09-09,2026-09-09,True,False,Santa Cruz,DIESEL OIL NACIONAL EESS,25000.0,L,ESTACION DE SERVICIO CONCEPCION SRL,4713-YZU,Diesel Oil Nacional,DIESEL_NACIONAL,Provincia,
2026-09-09,2026-09-09,True,False,Santa Cruz,GASOLINA ESPECIAL + EESS,20000.0,L,COMPAÑIA COMERCIALIZADORA BOLIVIANA DE HIDROCARBUROS CONFI S.R.L.,5297-DNG,Gasolina Especial +,GASOLINA_ESPECIAL_MAS,Provincia,
2026-09-09,2026-09-09,True,False,Santa Cruz,GASOLINA ESPECIAL + (S/DSI),5000.0,L,ESTACION DE SERVICIO TRES PASOS AL FRENTE - VITALIANO ROJAS OLIVERA,2024-CIX,Gasolina Especial +,GASOLINA_ESPECIAL_MAS,Ciudad,
2026-09-09,2026-09-09,True,False,Santa Cruz,DIESEL OIL IMPORTADO EESS,30000.0,L,ESTACION DE SERVICIOS VIRGEN DE COTOCA S.R.L.,1174-GCP,Diesel Oil Importado,DIESEL_IMPORTADO,Ciudad,
2026-09-09,2026-09-09,True,False,Santa Cruz,GASOLINA ESPECIAL + (S/DSI),20000.0,L,ESTACION DE SERVICIOS VIRGEN DE COTOCA S.R.L.,3850-ANL,Gasolina Especial +,GASOLINA_ESPECIAL_MAS,Ciudad,
2026-09-09,2026-09-09,True,False,Santa Cruz,DIESEL OIL NACIONAL EESS,25000.0,L,ESTACION DE SERVICIO EL TAJIBO OKINAWA,1122-SRR,Diesel Oil Nacional,DIESEL_NACIONAL,Provincia,
2026-09-09,2026-09-09,True,False,Santa Cruz,DIESEL OIL NACIONAL EESS,25000.0,L,TARIFA S.R.L.,5314-TZK,Diesel Oil Nacional,DIESEL_NACIONAL,Provincia,
2026-09-09,2026-09-09,True,False,Santa Cruz,DIESEL OIL IMPORTADO EESS,25000.0,L,EMPRESA DE SERVICIOS 8 DE NOVIEMBRE LTDA.,1831-SEK,Diesel Oil Importado,DIESEL_IMPORTADO,Ciudad,
2026-09-09,2026-09-09,True,False,Santa Cruz,DIESEL OIL IMPORTADO EESS,25000.0,L,SERVICIOS GENERALES LA CAÑADA S.R.L.,2215-HBF,Diesel Oil Importado,DIESEL_IMPORTADO,Ciudad,
2026-09-09,2026-09-09,True,False,Santa Cruz,GASOLINA ESPECIAL + (S/DSI),20000.0,L,SURTIDOR VARDONA - SUSANA POEHLMANN GARCIA,447-PSY,Gasolina Especial +,GASOLINA_ESPECIAL_MAS,Ciudad,
2026-09-09,2026-09-09,True,False,Santa Cruz,DIESEL OIL NACIONAL EESS,30000.0,L,ESTACION DE SERVICIO LAS CONCHAS S.R.L.,344-ZDG,Diesel Oil Nacional,DIESEL_NACIONAL,Provincia,
2026-09-09,2026-09-09,True,False,Santa Cruz,DIESEL OIL NACIONAL EESS,35000.0,L,ESTACION DE SERVICIO SAN JOSE DE YAPACANI S.R.L.,1488-SXU,Diesel Oil Nacional,DIESEL_NACIONAL,Provincia,
2026-09-09,2026-09-09,True,False,Santa Cruz,DIESEL OIL NACIONAL EESS,30000.0,L,ESTACION DE SERVICIO SAN SILVESTRE,514-CEK,Diesel Oil Nacional,DIESEL_NACIONAL,Provincia,
2026-09-09,2026-09-09,True,False,Santa Cruz,GASOLINA ESPECIAL + EESS,15000.0,L,ESTACION DE SERVICIO EL JUNTE II-ALEJANDRA MARIEL BALCAZAR PAZ,2883-XTL,Gasolina Especial +,GASOLINA_ESPECIAL_MAS,Provincia,
2026-09-09,2026-09-09,True,False,Santa Cruz,GASOLINA ESPECIAL + EESS,20000.0,L,ESTACION DE SERVICIO EL JUNTE-ALEJANDRA MARIEL BALCAZAR PAZ,2883-XTL,Gasolina Especial +,GASOLINA_ESPECIAL_MAS,Provincia,
2026-09-09,2026-09-09,True,False,Santa Cruz,GLP DISTRIB. 10 KILOS NAL,6900.0,L,GONZALES A. RONALD LEONEL - DIST. CORDIGAS,472-KZD,GLP,GLP,,
2026-09-09,2026-09-09,True,False,Santa Cruz,DIESEL OIL NACIONAL EESS,20000.0,L,ESTACION DE SERVICIO RUTA NORTE S.R.L.,3589-UKG,Diesel Oil Nacional,DIESEL_NACIONAL,Provincia,
2026-09-09,2026-09-09,True,False,Santa Cruz,GASOLINA ESPECIAL + EESS,20000.0,L,JARAJORECHI S.R.L.,652-SRU,Gasolina Especial +,GASOLINA_ESPECIAL_MAS,Provincia,
2026-09-09,2026-09-09,True,False,Santa Cruz,DIESEL OIL NACIONAL EESS,20000.0,L,ESTACION DE SERVICIO ARACATACA,863-XYY,Diesel Oil Nacional,DIESEL_NACIONAL,Provincia,
2026-09-09,2026-09-09,True,False,Santa Cruz,DIESEL OIL IMPORTADO EESS,25000.0,L,GENEX S.A-SUCURSAL S.C ZONA GUARACACHI,1285-UKF,Diesel Oil Importado,DIESEL_IMPORTADO,Ciudad,
2026-09-09,2026-09-09,True,False,Santa Cruz,DIESEL OIL IMPORTADO CF,10000.0,L,OBRATERRA BOLIVIA S.R.L.,145-LUY,Diesel Oil Importado,DIESEL_IMPORTADO,,
2026-09-09,2026-09-09,True,False,Santa Cruz,DIESEL OIL IMPORTADO EESS,10000.0,L,CIA BOLIVIANA DE GAS NATURAL COMPRIMIDO GENEX SA,1285-UKF,Diesel Oil Importado,DIESEL_IMPORTADO,Ciudad,
2026-09-09,2026-09-09,True,False,Santa Cruz,GASOLINA ESPECIAL + (S/DSI),15000.0,L,GENEX S.A-SUCURSAL S.C ZONA GUARACACHI,851-SLG,Gasolina Especial +,GASOLINA_ESPECIAL_MAS,Ciudad,
2026-09-09,2026-09-09,True,False,Santa Cruz,GASOLINA ESPECIAL + (S/DSI),5000.0,L,GENEX S.A. SUCURSAL ZONA NOR ESTE,878-ENK,Gasolina Especial +,GASOLINA_ESPECIAL_MAS,Ciudad,
2026-09-09,2026-09-09,True,False,Santa Cruz,GASOLINA ESPECIAL + (S/DSI),10000.0,L,GENEX S.A. SUCURSAL ZONA NOR ESTE,1115-DLF,Gasolina Especial +,GASOLINA_ESPECIAL_MAS,Ciudad,
2026-09-09,2026-09-09,True,False,Santa Cruz,GASOLINA ESPECIAL + (S/DSI),15000.0,L,GENEX S.A SUCURSAL SANTA CRUZ ZONA ESTE,1166-FCU,Gasolina Especial +,GASOLINA_ESPECIAL_MAS,Ciudad,
2026-09-09,2026-09-09,True,False,Santa Cruz,GASOLINA ESPECIAL + (S/DSI),20000.0,L,GENEX S.A SUCURSAL S.C ZONA GUALBERTO VILLARROEL,1115-DLF,Gasolina Especial +,GASOLINA_ESPECIAL_MAS,Ciudad,
2026-09-09,2026-09-09,True,False,Santa Cruz,DIESEL OIL IMPORTADO EESS,25000.0,L,ESTACION DE SERVICIO DICOR S.R.L.,344-ZDG,Diesel Oil Importado,DIESEL_IMPORTADO,Ciudad,
2026-09-09,2026-09-09,True,False,Santa Cruz,GASOLINA ESPECIAL + (S/DSI),20000.0,L,CIA BOLIVIANA DE GAS NATURAL COMPRIMIDO GENEX SA,1166-FCU,Gasolina Especial +,GASOLINA_ESPECIAL_MAS,Ciudad,
2026-09-09,2026-09-09,True,False,Santa Cruz,GASOLINA ESPECIAL + (S/DSI),10000.0,L,VANGAS S.A,878-ENK,Gasolina Especial +,GASOLINA_ESPECIAL_MAS,Ciudad,
2026-09-09,2026-09-09,True,False,Santa Cruz,GASOLINA ESPECIAL + (S/DSI),20000.0,L,ESTACION DE SERVICIO EL TROMPILLO,851-SLG,Gasolina Especial +,GASOLINA_ESPECIAL_MAS,Ciudad,
2026-09-09,2026-09-09,True,False,Santa Cruz,GASOLINA ESPECIAL + EESS,20000.0,L,ESTACION DE SERVICIO LA GUARDIA,1803-YHK,Gasolina Especial +,GASOLINA_ESPECIAL_MAS,Provincia,
2026-09-09,2026-09-09,True,False,Santa Cruz,DIESEL OIL NACIONAL EESS,20000.0,L,ESTACION DE SERVICIO DURAZNERO-DANA FLORES DAVALOS,2182-HII,Diesel Oil Nacional,DIESEL_NACIONAL,Provincia,
2026-09-09,2026-09-09,True,False,Santa Cruz,DIESEL OIL NACIONAL EESS,35000.0,L,ESTACION DE SERVICIO CASCABEL SUC. CUATRO CAÑADAS-YOHANA PAOLA VACA GUZMAN,4124-YBX,Diesel Oil Nacional,DIESEL_NACIONAL,Provincia,
2026-09-09,2026-09-09,True,False,Santa Cruz,DIESEL OIL IMPORTADO CF,5300.0,L,BOLIVIANA DE AVIACION - BOA,301-SEE,Diesel Oil Importado,DIESEL_IMPORTADO,,
2026-09-09,2026-09-09,True,False,Santa Cruz,DIESEL OIL NACIONAL EESS,25000.0,L,ESTACION DE SERVICIO MINERO-JHONNY QUINTEROS VASQUEZ,5351-UAG,Diesel Oil Nacional,DIESEL_NACIONAL,Provincia,
2026-09-09,2026-09-09,True,False,Santa Cruz,DIESEL OIL NACIONAL EESS,25000.0,L,ESTACION DE SERVICIO LA CUEVA - ROLANDO CHAVEZ VACA,4803-IRB,Diesel Oil Nacional,DIESEL_NACIONAL,Provincia,
2026-09-09,2026-09-09,True,False,Santa Cruz,GASOLINA ESPECIAL + EESS,20000.0,L,ESTACION DE SERVICIO LA CUEVA - ROLANDO CHAVEZ VACA,6014-GEE,Gasolina Especial +,GASOLINA_ESPECIAL_MAS,Provincia,
2026-09-09,2026-09-09,True,False,Santa Cruz,GASOLINA ESPECIAL + (S/DSI),5000.0,L,ESTACION DE SERVICIO SANTOS DUMONT NOGALES,961-XHP,Gasolina Especial +,GASOLINA_ESPECIAL_MAS,Ciudad,
2026-09-09,2026-09-09,True,False,Santa Cruz,GASOLINA ESPECIAL + EESS,15000.0,L,ESTACION DE SERVICIO EL MIRADOR - SONIA SORUCO ROCA,6014-GEE,Gasolina Especial +,GASOLINA_ESPECIAL_MAS,Provincia,
2026-09-09,2026-09-09,True,False,Santa Cruz,DIESEL OIL NACIONAL EESS,25000.0,L,ESTACION DE SERVICIO EL MIRADOR - SONIA SORUCO ROCA,1128-PIA,Diesel Oil Nacional,DIESEL_NACIONAL,Provincia,
2026-09-09,2026-09-09,True,False,Santa Cruz,DIESEL OIL NACIONAL EESS,25000.0,L,ESTACION DE SERVICIO CARLOS ANDRES FI S.R.L.,1526-TEI,Diesel Oil Nacional,DIESEL_NACIONAL,Provincia,
2026-09-09,2026-09-09,True,False,Santa Cruz,GASOLINA ESPECIAL + (S/DSI),5000.0,L,ESTACION DE SERVICIO SANTA MARIA,514-HAC,Gasolina Especial +,GASOLINA_ESPECIAL_MAS,Ciudad,
2026-09-09,2026-09-09,True,False,Santa Cruz,GASOLINA ESPECIAL + (S/DSI),15000.0,L,ESTACION DE SERVICIO SANTA MARIA,1044-PLP,Gasolina Especial +,GASOLINA_ESPECIAL_MAS,Ciudad,
2026-09-09,2026-09-09,True,False,Santa Cruz,GASOLINA ESPECIAL + (S/DSI),20000.0,L,ESTACION DE SERVICIO PALMASOLA,1044-PLP,Gasolina Especial +,GASOLINA_ESPECIAL_MAS,Ciudad,
2026-09-09,2026-09-09,True,False,Santa Cruz,DIESEL OIL IMPORTADO EESS,25000.0,L,ESTACION DE SERVICIO PALMASOLA,514-HAC,Diesel Oil Importado,DIESEL_IMPORTADO,Ciudad,
2026-09-09,2026-09-09,True,False,Santa Cruz,GASOLINA ESPECIAL + (S/DSI),20000.0,L,ESTACION DE SERVICIO SAN LUIS,543-PUY,Gasolina Especial +,GASOLINA_ESPECIAL_MAS,Ciudad,
2026-09-09,2026-09-09,True,False,Santa Cruz,GASOLINA ESPECIAL + (S/DSI),15000.0,L,ESTACION DE SERVICIO SAN LUIS I,543-PUY,Gasolina Especial +,GASOLINA_ESPECIAL_MAS,Ciudad,
2026-09-09,2026-09-09,True,False,Santa Cruz,DIESEL OIL IMPORTADO EESS,25000.0,L,ESTACION DE SERVICIO REYNALDO CORTEZ QUISPE,5312-NXE,Diesel Oil Importado,DIESEL_IMPORTADO,Ciudad,
2026-09-09,2026-09-09,True,False,Santa Cruz,DIESEL OIL NACIONAL EESS,5000.0,L,ESTACION DE SERVICIO COLINDRES-CARMEN MARY IRIARTE BARBA,1170-DFK,Diesel Oil Nacional,DIESEL_NACIONAL,Provincia,
2026-09-09,2026-09-09,True,False,Santa Cruz,DIESEL OIL NACIONAL EESS,20000.0,L,ESTACION DE SERVICIO COLINDRES-CARMEN MARY IRIARTE BARBA,1170-DFK,Diesel Oil Nacional,DIESEL_NACIONAL,Provincia,
2026-09-09,2026-09-09,True,False,Santa Cruz,GASOLINA ESPECIAL + (S/DSI),20000.0,L,ESTACION DE SERVICIO LA CHORRERA SRL,1393-GEU,Gasolina Especial +,GASOLINA_ESPECIAL_MAS,Ciudad,
2026-09-09,2026-09-09,True,False,Santa Cruz,GASOLINA ESPECIAL + (S/DSI),15000.0,L,ESTACION DE SERVICIO 3F OIL S.R.L.,953-UFL,Gasolina Especial +,GASOLINA_ESPECIAL_MAS,Ciudad,
2026-09-09,2026-09-09,True,False,Santa Cruz,GASOLINA ESPECIAL + (S/DSI),5000.0,L,ESTACION DE SERVICIO 3F OIL S.R.L.,953-UFL,Gasolina Especial +,GASOLINA_ESPECIAL_MAS,Ciudad,
2026-09-09,2026-09-09,True,False,Santa Cruz,DIESEL OIL IMPORTADO EESS,25000.0,L,ESTACION DE SERVICIO 3F OIL S.R.L.,953-UFL,Diesel Oil Importado,DIESEL_IMPORTADO,Ciudad,
2026-09-09,2026-09-08,True,True,Santa Cruz,DIESEL OIL IMPORTADO EESS,25000.0,L,ESTACION DE SERVICIO LOS COYUYOS-JULIA GONZALES,3589-UKG,Diesel Oil Importado,DIESEL_IMPORTADO,Ciudad,
2026-09-09,2026-09-09,True,False,Santa Cruz,GASOLINA ESPECIAL + (S/DSI),5000.0,L,ESTACION DE SERVICIO ORSA S.R.L.,6453-URG,Gasolina Especial +,GASOLINA_ESPECIAL_MAS,Ciudad,
2026-09-09,2026-09-09,True,False,Santa Cruz,GASOLINA ESPECIAL + (S/DSI),20000.0,L,ESTACION DE SERVICIO ORSA SRL-SUCURSAL 1,6453-URG,Gasolina Especial +,GASOLINA_ESPECIAL_MAS,Provincia,
2026-09-09,2026-09-09,True,False,Santa Cruz,DIESEL OIL NACIONAL EESS,30000.0,L,ESTACION DE SERVICIO FLORES-SIMONA FLORES FLORES,4059-FXU,Diesel Oil Nacional,DIESEL_NACIONAL,Provincia,
2026-09-09,2026-09-09,True,False,Santa Cruz,DIESEL OIL IMPORTADO EESS,10000.0,L,ESTACION DE SERVICIO ORSA SRL-SUCURSAL 1,5583-ADI,Diesel Oil Importado,DIESEL_IMPORTADO,Provincia,
2026-09-09,2026-09-09,True,False,Santa Cruz,DIESEL OIL IMPORTADO EESS,15000.0,L,ESTACION DE SERVICIO VERGARA - FABIOLA NOEMI ZORRILLO VERGARA,1184-YND,Diesel Oil Importado,DIESEL_IMPORTADO,Ciudad,
2026-09-09,2026-09-09,True,False,Santa Cruz,GASOLINA ESPECIAL + (S/DSI),20000.0,L,ESTACION DE SERVICIO DAVILA S.R.L.,1445-CDA,Gasolina Especial +,GASOLINA_ESPECIAL_MAS,Ciudad,
2026-09-09,2026-09-09,True,False,Santa Cruz,DIESEL OIL IMPORTADO EESS,25000.0,L,ESTACION DE SERVICIO DAVILA S.R.L.,1445-CDA,Diesel Oil Importado,DIESEL_IMPORTADO,Ciudad,
2026-09-09,2026-09-08,True,True,Santa Cruz,GASOLINA ESPECIAL + (S/DSI),5000.0,L,ESTACION DE SERVICIO VERGARA - FABIOLA NOEMI ZORRILLO VERGARA,1184-YND,Gasolina Especial +,GASOLINA_ESPECIAL_MAS,Ciudad,
2026-09-09,2026-09-09,True,False,Santa Cruz,DIESEL OIL IMPORTADO EESS,10000.0,L,ESTACION DE SERVICIO LA CIMA,297-ACK,Diesel Oil Importado,DIESEL_IMPORTADO,Ciudad,
2026-09-09,2026-09-09,True,False,Santa Cruz,GASOLINA ESPECIAL + (S/DSI),24900.0,L,ESTACION DE SERVICIO LA CIMA,297-ACK,Gasolina Especial +,GASOLINA_ESPECIAL_MAS,Ciudad,
2026-09-09,2026-09-09,True,False,Santa Cruz,DIESEL OIL NACIONAL EESS,30000.0,L,COMERCIALIZADORA DE HIDROCARBUROS ABJ S.R.L,6398-RNI,Diesel Oil Nacional,DIESEL_NACIONAL,Provincia,
2026-09-09,2026-09-09,True,False,Santa Cruz,GASOLINA ESPECIAL + (S/DSI),10000.0,L,ESTACION DE SERVICIO TRES PASOS AL FRENTE - VITALIANO ROJAS OLIVERA,2024-CIX,Gasolina Especial +,GASOLINA_ESPECIAL_MAS,Ciudad,
2026-09-09,2026-09-09,True,False,Santa Cruz,DIESEL OIL IMPORTADO EESS,10000.0,L,ESTACION DE SERVICIO TRES PASOS AL FRENTE - VITALIANO ROJAS OLIVERA,2024-CIX,Diesel Oil Importado,DIESEL_IMPORTADO,Ciudad,
2026-09-09,2026-09-09,True,False,Santa Cruz,GASOLINA ESPECIAL + EESS,15000.0,L,ESTACION DE SERVICIO VELEZ-HEBERTH VELEZ CORTEZ,2801-GAB,Gasolina Especial +,GASOLINA_ESPECIAL_MAS,Provincia,
2026-09-09,2026-09-09,True,False,Santa Cruz,GASOLINA ESPECIAL + (S/DSI),15000.0,L,GAS DEL ESTE S.R.L.,622-IUN,Gasolina Especial +,GASOLINA_ESPECIAL_MAS,Ciudad,
2026-09-09,2026-09-09,True,False,Santa Cruz,GASOLINA ESPECIAL + (S/DSI),19800.0,L,ESTACION DE SERVICIO URBARI SRL,375-KIH,Gasolina Especial +,GASOLINA_ESPECIAL_MAS,Ciudad,
2026-09-09,2026-09-09,True,False,Santa Cruz,DIESEL OIL IMPORTADO EESS,10000.0,L,GAS DEL ESTE S.R.L.,622-IUN,Diesel Oil Importado,DIESEL_IMPORTADO,Ciudad,
2026-09-09,2026-09-09,True,False,Santa Cruz,GASOLINA ESPECIAL + EESS,20000.0,L,D-GAS S.A. SUCURSAL SANTA CRUZ,2511-RLA,Gasolina Especial +,GASOLINA_ESPECIAL_MAS,Provincia,
2026-09-09,2026-09-09,True,False,Santa Cruz,GASOLINA ESPECIAL + (S/DSI),15000.0,L,COMPAÑIA COMERCIAL DE GAS COMPRIMIDO C.G.C. S.R.L.,2511-RLA,Gasolina Especial +,GASOLINA_ESPECIAL_MAS,Ciudad,
2026-09-09,2026-09-09,True,False,Santa Cruz,DIESEL OIL NACIONAL EESS,35000.0,L,ESTACION DE SERVICIO EL JUNTE-ALEJANDRA MARIEL BALCAZAR PAZ,1631-HII,Diesel Oil Nacional,DIESEL_NACIONAL,Provincia,
2026-09-09,2026-09-09,True,False,Santa Cruz,DIESEL OIL NACIONAL EESS,5000.0,L,SURTIDOR CHARAGUA,1148-XGX,Diesel Oil Nacional,DIESEL_NACIONAL,Provincia,
2026-09-09,2026-09-09,True,False,Santa Cruz,GASOLINA ESPECIAL + (S/DSI),20000.0,L,Z & Z LTDA,331-PID,Gasolina Especial +,GASOLINA_ESPECIAL_MAS,Ciudad,
2026-09-09,2026-09-08,True,True,Santa Cruz,GASOLINA ESPECIAL + EESS,5000.0,L,SURTIDOR CHARAGUA,1148-XGX,Gasolina Especial +,GASOLINA_ESPECIAL_MAS,Provincia,
2026-09-09,2026-09-09,True,False,Santa Cruz,GASOLINA ESPECIAL + (S/DSI),20000.0,L,ESTACION DE SERVICIO EL TERO TERO DE CHICHITA - RODRIGO REMY AQUINO ALVARADO,2468-GTE,Gasolina Especial +,GASOLINA_ESPECIAL_MAS,Ciudad,
2026-09-09,2026-09-09,True,False,Santa Cruz,GASOLINA ESPECIAL + (S/DSI),25000.0,L,ESTACION DE SERVICIO SUR SRL SUCURSAL 3,1390-DBC,Gasolina Especial +,GASOLINA_ESPECIAL_MAS,Ciudad,
2026-09-09,2026-09-09,True,False,Santa Cruz,DIESEL OIL IMPORTADO EESS,25000.0,L,ESTACION DE SERVICIO SUR S.R.L.-SUCURSAL ESTACION DE SERVICIO LA TECA,2801-BYP,Diesel Oil Importado,DIESEL_IMPORTADO,Ciudad,
2026-09-09,2026-09-09,True,False,Santa Cruz,DIESEL OIL IMPORTADO EESS,25000.0,L,ESTACION DE SERVICIO SUR SRL SUCURSAL 3,2447-AGD,Diesel Oil Importado,DIESEL_IMPORTADO,Ciudad,
2026-09-09,2026-09-09,True,False,Santa Cruz,DIESEL OIL IMPORTADO EESS,25000.0,L,ESTACION DE SERVICIO SUR S.R.L. SUCURSAL 2,825-ATI,Diesel Oil Importado,DIESEL_IMPORTADO,Ciudad,
2026-09-09,2026-09-08,True,True,Santa Cruz,GASOLINA ESPECIAL + (S/DSI),20000.0,L,REFRIGAS S.R.L.,1123-RNR,Gasolina Especial +,GASOLINA_ESPECIAL_MAS,Ciudad,
2026-09-09,2026-09-09,True,False,Santa Cruz,GASOLINA ESPECIAL + (S/DSI),20000.0,L,ESTACION DE SERVICIO SUR S.R.L.-SUCURSAL ESTACION DE SERVICIO LA TECA,437-KYY,Gasolina Especial +,GASOLINA_ESPECIAL_MAS,Ciudad,
2026-09-09,2026-09-09,True,False,Santa Cruz,GASOLINA ESPECIAL + (S/DSI),10000.0,L,ESTACION DE SERVICIO SUR S.R.L. SUCURSAL 2,1999-CDP,Gasolina Especial +,GASOLINA_ESPECIAL_MAS,Ciudad,
2026-09-09,2026-09-09,True,False,Santa Cruz,DIESEL OIL IMPORTADO EESS,35000.0,L,ESTACION DE SERVICIO RADIAL 10 - HUGO FLORERO ORELLANA,948-PYS,Diesel Oil Importado,DIESEL_IMPORTADO,Ciudad,
2026-09-09,2026-09-09,True,False,Santa Cruz,GASOLINA ESPECIAL + (S/DSI),20000.0,L,ESTACION DE SERVICIO RADIAL 10 - HUGO FLORERO ORELLANA,948-PYS,Gasolina Especial +,GASOLINA_ESPECIAL_MAS,Ciudad,
2026-09-09,2026-09-09,True,False,Santa Cruz,GASOLINA ESPECIAL + (S/DSI),10000.0,L,ESTACION DE SERVICIO SUR S.R.L. SUCURSAL 1,4410-KXK,Gasolina Especial +,GASOLINA_ESPECIAL_MAS,Ciudad,
2026-09-09,2026-09-09,True,False,Santa Cruz,GASOLINA ESPECIAL + (S/DSI),20000.0,L,ESTACION DE SERVICIO SUR S.R.L.,4410-LAU,Gasolina Especial +,GASOLINA_ESPECIAL_MAS,Ciudad,
2026-09-09,2026-09-09,True,False,Santa Cruz,GASOLINA ESPECIAL + EESS,20000.0,L,ESTACION DE SERVICIO LOS BIBOSIS S.R.L.,5631-AZA,Gasolina Especial +,GASOLINA_ESPECIAL_MAS,Provincia,
2026-09-09,2026-09-09,True,False,Santa Cruz,DIESEL OIL IMPORTADO EESS,25000.0,L,COMPLEJO AUTOMOTRIZ VIRGEN DE URKUPIÑA S.R.L.,1135-RGC,Diesel Oil Importado,DIESEL_IMPORTADO,Ciudad,
2026-09-09,2026-09-09,True,False,Santa Cruz,DIESEL OIL IMPORTADO EESS,10000.0,L,REFINERIA ORIENTAL S.A. SUCURSAL MONTECRISTO,2447-AGD,Diesel Oil Importado,DIESEL_IMPORTADO,Ciudad,
2026-09-09,2026-09-09,True,False,Santa Cruz,DIESEL OIL IMPORTADO EESS,5000.0,L,REFINERIA ORIENTAL S.A. SUCURSAL MONTECRISTO,4108-GPL,Diesel Oil Importado,DIESEL_IMPORTADO,Ciudad,
2026-09-09,2026-09-09,True,False,Santa Cruz,DIESEL OIL IMPORTADO EESS,10000.0,L,REFINERIA ORIENTAL S.A. SUC. NOR ESTE,825-ATI,Diesel Oil Importado,DIESEL_IMPORTADO,Ciudad,
2026-09-09,2026-09-09,True,False,Santa Cruz,GASOLINA ESPECIAL + (S/DSI),5000.0,L,REFINERIA ORIENTAL S.A. SUCURSAL MONTECRISTO,1999-CDP,Gasolina Especial +,GASOLINA_ESPECIAL_MAS,Ciudad,
2026-09-09,2026-09-09,True,False,Santa Cruz,GASOLINA ESPECIAL + (S/DSI),15000.0,L,REFINERIA ORIENTAL S.A. SUCURSAL MONTECRISTO,437-KYY,Gasolina Especial +,GASOLINA_ESPECIAL_MAS,Ciudad,
2026-09-09,2026-09-09,True,False,Santa Cruz,GASOLINA ESPECIAL + (S/DSI),20000.0,L,REFINERIA ORIENTAL S.A. SUC. NOR ESTE,1095-ZCK,Gasolina Especial +,GASOLINA_ESPECIAL_MAS,Ciudad,
2026-09-09,2026-09-09,True,False,Santa Cruz,GASOLINA ESPECIAL + (S/DSI),25000.0,L,ESTACION DE SERVICIO REFINERIA ORIENTAL S.A. - SUC. ZONA 4° ANILLO FRENTE A BUFALO PARK - SC,4530-FIY,Gasolina Especial +,GASOLINA_ESPECIAL_MAS,Ciudad,
2026-09-09,2026-09-09,True,False,Santa Cruz,GASOLINA ESPECIAL + (S/DSI),20000.0,L,REFINERIA ORIENTAL S.A.-SUC. TERCER ANILLO INTERNO FRENTE CANCHITA ROYAL,1113-EAA,Gasolina Especial +,GASOLINA_ESPECIAL_MAS,Ciudad,
2026-09-09,2026-09-09,True,False,Santa Cruz,GASOLINA ESPECIAL + (S/DSI),20000.0,L,REFINERIA ORIENTAL S.A.-SUC. BARRIO LAZARETO,514-HHE,Gasolina Especial +,GASOLINA_ESPECIAL_MAS,Ciudad,
2026-09-09,2026-09-09,True,False,Santa Cruz,GASOLINA ESPECIAL + (S/DSI),20000.0,L,REFINERIA ORIENTAL S.A.,4410-KXK,Gasolina Especial +,GASOLINA_ESPECIAL_MAS,Ciudad,
2026-09-09,2026-09-09,True,False,Santa Cruz,GASOLINA ESPECIAL + (S/DSI),20000.0,L,GASCO S.R.L.,5775-AXE,Gasolina Especial +,GASOLINA_ESPECIAL_MAS,Ciudad,
2026-09-09,2026-09-09,True,False,Santa Cruz,DIESEL OIL IMPORTADO EESS,25000.0,L,ESTACION DE SERVICIO PIRAI S.R.L. SUC. DOBLE VIA LA GUARDIA ESQ. OCTAVO ANILLO,4108-GPL,Diesel Oil Importado,DIESEL_IMPORTADO,Ciudad,
2026-09-09,2026-09-09,True,False,Santa Cruz,DIESEL OIL NACIONAL EESS,25000.0,L,ESTACION DE SERVICIO PIRAI S.R.L. SUCURSAL 1,4530-FIY,Diesel Oil Nacional,DIESEL_NACIONAL,Provincia,
2026-09-09,2026-09-09,True,False,Santa Cruz,GASOLINA ESPECIAL + (S/DSI),20000.0,L,ESTACION DE SERVICIO PIRAI S.R.L. SUC. DOBLE VIA LA GUARDIA ESQ. OCTAVO ANILLO,1469-PUA,Gasolina Especial +,GASOLINA_ESPECIAL_MAS,Ciudad,
2026-09-09,2026-09-09,True,False,Santa Cruz,GASOLINA ESPECIAL + (S/DSI),5000.0,L,ESTACION DE SERVICIO PIRAI S.R.L.,1999-CDP,Gasolina Especial +,GASOLINA_ESPECIAL_MAS,Ciudad,
2026-09-09,2026-09-09,True,False,Santa Cruz,GASOLINA ESPECIAL + (S/DSI),15000.0,L,ESTACION DE SERVICIO PIRAI S.R.L.,1469-PUA,Gasolina Especial +,GASOLINA_ESPECIAL_MAS,Ciudad,
2026-09-09,2026-09-09,True,False,Santa Cruz,DIESEL OIL IMPORTADO EESS,25000.0,L,SURTIDOR COTOCA - JOSE RAMIRO AYALA FLORES,2338-FGD,Diesel Oil Importado,DIESEL_IMPORTADO,Ciudad,
2026-09-09,2026-09-09,True,False,Santa Cruz,GASOLINA ESPECIAL + (S/DSI),20000.0,L,ESTACION DE SERVICIO MONTAÑO S.R.L.,1062-SLY,Gasolina Especial +,GASOLINA_ESPECIAL_MAS,Ciudad,
2026-09-09,2026-09-09,True,False,Santa Cruz,GASOLINA ESPECIAL + EESS,20000.0,L,ABERI SRL,1408-PLU,Gasolina Especial +,GASOLINA_ESPECIAL_MAS,Provincia,
2026-09-09,2026-09-09,True,False,Santa Cruz,DIESEL OIL IMPORTADO EESS,30000.0,L,ESTACION DE SERVICIO GUAYACAN S.R.L.,1190-YPG,Diesel Oil Importado,DIESEL_IMPORTADO,Ciudad,
2026-09-09,2026-09-09,True,False,Santa Cruz,GASOLINA ESPECIAL + (S/DSI),20000.0,L,ESTACION DE SERVICIO GUAYACAN S.R.L.,727-YTY,Gasolina Especial +,GASOLINA_ESPECIAL_MAS,Ciudad,
2026-09-09,2026-09-09,True,False,Santa Cruz,DIESEL OIL IMPORTADO EESS,24000.0,L,YVU CENTRO DE SERVICIOS Y COMERCIO S.R.L.,1060-PIT,Diesel Oil Importado,DIESEL_IMPORTADO,Ciudad,
2026-09-09,2026-09-09,True,False,Santa Cruz,DIESEL OIL NACIONAL EESS,35000.0,L,SURTIDOR ACIPA - SJ S.R.L.,6475-PAS,Diesel Oil Nacional,DIESEL_NACIONAL,Provincia,
2026-09-09,2026-09-09,True,False,Santa Cruz,GASOLINA ESPECIAL + EESS,20000.0,L,SURTIDOR ACIPA - SJ S.R.L.,4120-ZNB,Gasolina Especial +,GASOLINA_ESPECIAL_MAS,Provincia,
2026-09-09,2026-09-09,True,False,Santa Cruz,GASOLINA ESPECIAL + EESS,25000.0,L,"ESTACION DE SERVICIO ""S.J"" S.R.L.",3598-KXG,Gasolina Especial +,GASOLINA_ESPECIAL_MAS,Provincia,
2026-09-09,2026-09-09,True,False,Santa Cruz,GASOLINA ESPECIAL + EESS,20000.0,L,MUYURINA LTDA,647-NPX,Gasolina Especial +,GASOLINA_ESPECIAL_MAS,Provincia,
2026-09-09,2026-09-09,True,False,Santa Cruz,GASOLINA ESPECIAL + (S/DSI),20000.0,L,YVU CENTRO DE SERVICIOS Y COMERCIO S.R.L.,1060-PIT,Gasolina Especial +,GASOLINA_ESPECIAL_MAS,Ciudad,
2026-09-09,2026-09-09,True,False,Santa Cruz,DIESEL OIL IMPORTADO EESS,10000.0,L,SURTIDOR CLUBOL - RUTH JIMENEZ DE MONROY,5312-NXE,Diesel Oil Importado,DIESEL_IMPORTADO,Ciudad,
2026-09-09,2026-09-09,True,False,Santa Cruz,GASOLINA ESPECIAL + (S/DSI),20000.0,L,SURTIDOR CLUBOL - RUTH JIMENEZ DE MONROY,5312-NXE,Gasolina Especial +,GASOLINA_ESPECIAL_MAS,Ciudad,
2026-09-09,2026-09-09,True,False,Santa Cruz,GASOLINA ESPECIAL + (S/DSI),15000.0,L,ESTACION DE SERVICIO APAZA-PATRICIA JORGE DE APAZA,2066-KRR,Gasolina Especial +,GASOLINA_ESPECIAL_MAS,Ciudad,
2026-09-09,2026-09-09,True,False,Santa Cruz,DIESEL OIL NACIONAL EESS,20000.0,L,ESTACION DE SERVICIO MIRANDA S.R.L.,2522-BEF,Diesel Oil Nacional,DIESEL_NACIONAL,Provincia,
2026-09-09,2026-09-09,True,False,Santa Cruz,DIESEL OIL IMPORTADO EESS,5000.0,L,ESTACION DE SERVICIO APAZA-PATRICIA JORGE DE APAZA,2066-KRR,Diesel Oil Importado,DIESEL_IMPORTADO,Ciudad,
2026-09-09,2026-09-09,True,False,Santa Cruz,DIESEL OIL IMPORTADO EESS,20000.0,L,ESTACION DE SERVICIO APAZA-PATRICIA JORGE DE APAZA,2858-XHR,Diesel Oil Importado,DIESEL_IMPORTADO,Ciudad,
2026-09-09,2026-09-09,True,False,Santa Cruz,DIESEL OIL NACIONAL EESS,20000.0,L,PARTICIPACIONES E INVERSIONES EN GAS - PIGAS S.A.,1169-YKS,Diesel Oil Nacional,DIESEL_NACIONAL,Provincia,
2026-09-09,2026-09-09,True,False,Santa Cruz,GASOLINA ESPECIAL + EESS,15000.0,L,PARTICIPACIONES E INVERSIONES EN GAS - PIGAS S.A.,1169-YKS,Gasolina Especial +,GASOLINA_ESPECIAL_MAS,Provincia,
2026-09-09,2026-09-09,True,False,Santa Cruz,GASOLINA ESPECIAL + (S/DSI),20000.0,L,ESTACION DE SERVICIO DICOR S.R.L.,583-PTR,Gasolina Especial +,GASOLINA_ESPECIAL_MAS,Ciudad,
2026-09-09,2026-09-09,True,False,Santa Cruz,DIESEL OIL NACIONAL EESS,20000.0,L,ESTACION DE SERVICIO ORTIZ S.R.L.,086-BDL,Diesel Oil Nacional,DIESEL_NACIONAL,Provincia,
2026-09-09,2026-09-09,True,False,Santa Cruz,GASOLINA ESPECIAL + EESS,20000.0,L,ESTACION DE SERVICIO EL TINTO S.R.L.,303-DEH,Gasolina Especial +,GASOLINA_ESPECIAL_MAS,Provincia,
2026-09-09,2026-09-09,True,False,Santa Cruz,DIESEL OIL IMPORTADO EESS,35000.0,L,ESTACION DE SERVICIO MONTAÑO S.R.L.,3031-PAN,Diesel Oil Importado,DIESEL_IMPORTADO,Ciudad,
2026-09-09,2026-09-09,True,False,Santa Cruz,GASOLINA ESPECIAL + EESS,25000.0,L,ESTACION DE SERVICIO SOMOS GAS SRL,2257-EEE,Gasolina Especial +,GASOLINA_ESPECIAL_MAS,Provincia,
2026-09-09,2026-09-09,True,False,Santa Cruz,DIESEL OIL NACIONAL EESS,20000.0,L,ESTACION DE SERVICIO KM. 75 S.R.L,5305-YZL,Diesel Oil Nacional,DIESEL_NACIONAL,Provincia,
2026-09-09,2026-09-09,True,False,Santa Cruz,GASOLINA ESPECIAL + (S/DSI),15000.0,L,ESTACION DE SERVICIO EMANUEL S.R.L.,3853-BSD,Gasolina Especial +,GASOLINA_ESPECIAL_MAS,Ciudad,
2026-09-09,2026-09-09,True,False,Santa Cruz,DIESEL OIL IMPORTADO EESS,30000.0,L,ESTACION DE SERVICIO EMANUEL S.R.L.,2330-NLD,Diesel Oil Importado,DIESEL_IMPORTADO,Ciudad,
2026-09-09,2026-09-09,True,False,Santa Cruz,GASOLINA ESPECIAL + (S/DSI),10000.0,L,CENTRO DE COMERCIO Y SERVICIOS VALDIVIA FERRUFINO S.R.L.,3853-BSD,Gasolina Especial +,GASOLINA_ESPECIAL_MAS,Ciudad,
2026-09-09,2026-09-09,True,False,Santa Cruz,GASOLINA ESPECIAL + EESS,20000.0,L,ESTACION DE SERVICIO PORTACHUELO LTDA,599-AEA,Gasolina Especial +,GASOLINA_ESPECIAL_MAS,Provincia,
2026-09-09,2026-09-09,True,False,Santa Cruz,GASOLINA ESPECIAL + EESS,20000.0,L,ESTACION DE SERVICIO MINERO-JHONNY QUINTEROS VASQUEZ,512-ZZA,Gasolina Especial +,GASOLINA_ESPECIAL_MAS,Provincia,
2026-09-09,2026-09-09,True,False,Santa Cruz,GASOLINA ESPECIAL + EESS,20000.0,L,SURTIDOR EL PATUJU - ROGELIO LA FUENTE OLIVERA,1330-AEN,Gasolina Especial +,GASOLINA_ESPECIAL_MAS,Provincia,
2026-09-09,2026-09-09,True,False,Santa Cruz,GASOLINA ESPECIAL + EESS,10000.0,L,ESTACION DE SERVICIO MONTERO - MARIA DEL ROSARIO COLQUE QUIROZ,1798-PKI,Gasolina Especial +,GASOLINA_ESPECIAL_MAS,Provincia,
2026-09-09,2026-09-09,True,False,Santa Cruz,DIESEL OIL NACIONAL EESS,25000.0,L,ESTACION DE SERVICIO PAULINA S.R.L.,130-TKT,Diesel Oil Nacional,DIESEL_NACIONAL,Provincia,
2026-09-09,2026-09-09,True,False,Santa Cruz,GASOLINA ESPECIAL + EESS,20000.0,L,ESTACION DE SERVICIO PAULINA S.R.L.,571-PDN,Gasolina Especial +,GASOLINA_ESPECIAL_MAS,Provincia,
2026-09-09,2026-09-09,True,False,Santa Cruz,DIESEL OIL IMPORTADO EESS,25000.0,L,ESTACION DE SERVICIO TRES PASOS AL FRENTE - VITALIANO ROJAS OLIVERA,5002-IBN,Diesel Oil Importado,DIESEL_IMPORTADO,Ciudad,
2026-09-09,2026-09-09,True,False,Santa Cruz,DIESEL OIL NACIONAL EESS,20000.0,L,ESTACION DE SERVICIO MONTERO - MARIA DEL ROSARIO COLQUE QUIROZ,1798-PKI,Diesel Oil Nacional,DIESEL_NACIONAL,Provincia,
2026-09-09,2026-09-09,True,False,Santa Cruz,GASOLINA ESPECIAL + (S/DSI),10000.0,L,ESTACION DE SERVICIO EL TAROPE - JHONNY AGUILAR ADRIAZOLA,1745-PCU,Gasolina Especial +,GASOLINA_ESPECIAL_MAS,Ciudad,
2026-09-09,2026-09-09,True,False,Santa Cruz,GASOLINA ESPECIAL + (S/DSI),10000.0,L,ESTACION DE SERVICIO ORSA S.R.L.,6453-URG,Gasolina Especial +,GASOLINA_ESPECIAL_MAS,Ciudad,
2026-09-09,2026-09-09,True,False,Santa Cruz,GASOLINA ESPECIAL + EESS,20000.0,L,ESTACION DE SERVICIO EL BATO,1502-UIR,Gasolina Especial +,GASOLINA_ESPECIAL_MAS,Provincia,
2026-09-09,2026-09-09,True,False,Santa Cruz,DIESEL OIL NACIONAL EESS,10000.0,L,ESTACION DE SERVICIO EL BATO,1502-UIR,Diesel Oil Nacional,DIESEL_NACIONAL,Provincia,
2026-09-09,2026-09-09,True,False,Santa Cruz,DIESEL OIL IMPORTADO EESS,25000.0,L,ESTACION DE SERVICIO EL TAROPE - JHONNY AGUILAR ADRIAZOLA,1744-UZH,Diesel Oil Importado,DIESEL_IMPORTADO,Ciudad,
2026-09-09,2026-09-08,True,True,Santa Cruz,DIESEL OIL IMPORTADO CF,19900.0,L,LARISSA KATERYNE SOARES GASQUES,2293-AFN,Diesel Oil Importado,DIESEL_IMPORTADO,,
2026-09-09,2026-09-09,True,False,Santa Cruz,DIESEL OIL IMPORTADO EESS,35000.0,L,ESTACION DE SERVICIO BI-OCEANICA S.R.L.,4096-LDR,Diesel Oil Importado,DIESEL_IMPORTADO,Ciudad,
2026-09-09,2026-09-09,True,False,Santa Cruz,DIESEL OIL IMPORTADO EESS,35000.0,L,ESTACION DE SERVICIO LA CHORRERA SRL,885-PYH,Diesel Oil Importado,DIESEL_IMPORTADO,Ciudad,
2026-09-09,2026-09-09,True,False,Santa Cruz,GASOLINA ESPECIAL + (S/DSI),10000.0,L,ESTACION DE SERVICIO LOS MANGALES S.R.L.,1005-XLH,Gasolina Especial +,GASOLINA_ESPECIAL_MAS,Ciudad,
2026-09-09,2026-09-09,True,False,Santa Cruz,DIESEL OIL IMPORTADO EESS,10000.0,L,ESTACION DE SERVICIO RIVERO - LUIS ANTONIO RIVERO AÑEZ,681-FDU,Diesel Oil Importado,DIESEL_IMPORTADO,Ciudad,
2026-09-09,2026-09-09,True,False,Santa Cruz,DIESEL OIL IMPORTADO EESS,25000.0,L,ESTACION DE SERVICIO LOS MANGALES S.R.L.,1005-XLH,Diesel Oil Importado,DIESEL_IMPORTADO,Ciudad,
2026-09-09,2026-09-09,True,False,Santa Cruz,GASOLINA ESPECIAL + (S/DSI),20000.0,L,ESTACION DE SERVICIO BI-OCEANICA S.R.L.,4096-LDR,Gasolina Especial +,GASOLINA_ESPECIAL_MAS,Ciudad,
2026-09-09,2026-09-09,True,False,Santa Cruz,GASOLINA ESPECIAL + (S/DSI),5000.0,L,ESTACION DE SERVICIO RIVERO - LUIS ANTONIO RIVERO AÑEZ,681-FDU,Gasolina Especial +,GASOLINA_ESPECIAL_MAS,Ciudad,
2026-09-09,2026-09-09,True,False,Santa Cruz,GASOLINA ESPECIAL + EESS,20000.0,L,ESTACION DE SERVICIO EUSE CRUZ,869-TZE,Gasolina Especial +,GASOLINA_ESPECIAL_MAS,Provincia,
2026-09-09,2026-09-09,True,False,Santa Cruz,GASOLINA ESPECIAL + (S/DSI),20000.0,L,ESTACION DE SERVICIO RIVERO - LUIS ANTONIO RIVERO AÑEZ,681-FDU,Gasolina Especial +,GASOLINA_ESPECIAL_MAS,Ciudad,
2026-09-09,2026-09-09,True,False,Santa Cruz,DIESEL OIL IMPORTADO EESS,25000.0,L,ESTACION DE SERVICIO PANTANAL DEL ORIENTE-ALVARO LUIS AGUILAR ADRIAZOLA,584-RKD,Diesel Oil Importado,DIESEL_IMPORTADO,Ciudad,
2026-09-09,2026-09-09,True,False,Santa Cruz,DIESEL OIL IMPORTADO EESS,25000.0,L,ESTACION DE SERVICIO LA COLORADA,2120-PKF,Diesel Oil Importado,DIESEL_IMPORTADO,Ciudad,
2026-09-09,2026-09-09,True,False,Santa Cruz,GASOLINA ESPECIAL + (S/DSI),20000.0,L,ESTACION DE SERVICIO LA COLORADA,2120-PKF,Gasolina Especial +,GASOLINA_ESPECIAL_MAS,Ciudad,
2026-09-09,2026-09-08,True,True,Santa Cruz,DIESEL OIL NACIONAL EESS,15000.0,L,ESTACION DE SERVICIO EUSE CRUZ,869-TZE,Diesel Oil Nacional,DIESEL_NACIONAL,Provincia,
2026-09-09,2026-09-09,True,False,Santa Cruz,GASOLINA ESPECIAL + (S/DSI),10000.0,L,ESTACION DE SERVICIO MORAGRANDE S.R.L. (SUC 1),2483-HBD,Gasolina Especial +,GASOLINA_ESPECIAL_MAS,Ciudad,
2026-09-09,2026-09-09,True,False,Santa Cruz,GASOLINA ESPECIAL + (S/DSI),20000.0,L,R&E 3000 S.R.L.,1197-ATI,Gasolina Especial +,GASOLINA_ESPECIAL_MAS,Ciudad,
2026-09-09,2026-09-09,True,False,Santa Cruz,GASOLINA ESPECIAL + (S/DSI),20000.0,L,ESTACION DE SERVICIO PANTANAL DEL ORIENTE-ALVARO LUIS AGUILAR ADRIAZOLA,955-YPK,Gasolina Especial +,GASOLINA_ESPECIAL_MAS,Ciudad,
2026-09-09,2026-09-09,True,False,Santa Cruz,DIESEL OIL IMPORTADO EESS,25000.0,L,ESTACION DE SERVICIO MORAGRANDE S.R.L. (SUC 1),2483-HBD,Diesel Oil Importado,DIESEL_IMPORTADO,Ciudad,
2026-09-09,2026-09-09,True,False,Santa Cruz,DIESEL OIL IMPORTADO EESS,35000.0,L,BICENTENARIO SRL,2434-YRP,Diesel Oil Importado,DIESEL_IMPORTADO,,
2026-09-09,2026-09-09,True,False,Santa Cruz,GASOLINA ESPECIAL + (S/DSI),20000.0,L,ESTACION DE SERVICIO MORAGRANDE S.R.L.,1893-NTP,Gasolina Especial +,GASOLINA_ESPECIAL_MAS,Ciudad,
2026-09-09,2026-09-09,True,False,Santa Cruz,GASOLINA ESPECIAL + (S/DSI),20000.0,L,ESTACION DE SERVICIO LAS ORQUIDEAS S.R.L.,711-XUH,Gasolina Especial +,GASOLINA_ESPECIAL_MAS,Ciudad,
2026-09-09,2026-09-09,True,False,Santa Cruz,DIESEL OIL IMPORTADO EESS,25000.0,L,ESTACION DE SERVICIO LAS ORQUIDEAS S.R.L.,5351-UAG,Diesel Oil Importado,DIESEL_IMPORTADO,Ciudad,
2026-09-09,2026-09-09,True,False,Santa Cruz,DIESEL OIL IMPORTADO EESS,25000.0,L,ESTACION DE SERVICIO MORAGRANDE S.R.L.,1893-NTP,Diesel Oil Importado,DIESEL_IMPORTADO,Ciudad,
2026-09-09,2026-09-09,True,False,Santa Cruz,DIESEL OIL IMPORTADO EESS,25000.0,L,ESTACION DE SERVICIO CLUB GAZEL S.R.L.,2229-HLP,Diesel Oil Importado,DIESEL_IMPORTADO,Ciudad,
2026-09-09,2026-09-09,True,False,Santa Cruz,GASOLINA ESPECIAL + (S/DSI),20000.0,L,ESTACION DE SERVICIO ELISA S.R.L.,2291-ATI,Gasolina Especial +,GASOLINA_ESPECIAL_MAS,Ciudad,
2026-09-09,2026-09-09,True,False,Santa Cruz,GASOLINA ESPECIAL + (S/DSI),20000.0,L,"ESTACION DE SERVICIO ""GUAPAY"" S.R.L.",447-PSY,Gasolina Especial +,GASOLINA_ESPECIAL_MAS,Ciudad,
2026-09-09,2026-09-09,True,False,Santa Cruz,GASOLINA ESPECIAL + (S/DSI),20000.0,L,ESTACION DE SERVICIO CLUB GAZEL S.R.L.,2229-HLP,Gasolina Especial +,GASOLINA_ESPECIAL_MAS,Ciudad,
2026-09-09,2026-09-09,True,False,Santa Cruz,GASOLINA ESPECIAL + (S/DSI),20000.0,L,ESTACION DE SERVICIO YOTAU S.R.L.,3792-ENE,Gasolina Especial +,GASOLINA_ESPECIAL_MAS,Ciudad,
2026-09-09,2026-09-09,True,False,Santa Cruz,DIESEL OIL IMPORTADO EESS,25000.0,L,R&E 3000 S.R.L.,1197-ATI,Diesel Oil Importado,DIESEL_IMPORTADO,Ciudad,
2026-09-09,2026-09-09,True,False,Santa Cruz,DIESEL OIL IMPORTADO EESS,35000.0,L,ESTACION DE SERVICIO ELISA S.R.L.,1176-UST,Diesel Oil Importado,DIESEL_IMPORTADO,Ciudad,
2026-09-09,2026-09-09,True,False,Santa Cruz,DIESEL OIL IMPORTADO EESS,35000.0,L,ESTACION DE SERVICIO YOTAU S.R.L.,1066-ISS,Diesel Oil Importado,DIESEL_IMPORTADO,Ciudad,
2026-09-09,2026-09-09,True,False,Santa Cruz,GASOLINA ESPECIAL + (S/DSI),20000.0,L,ESTACION DE SERVICIO TOTAITU N&T S.R.L.,3598-NKD,Gasolina Especial +,GASOLINA_ESPECIAL_MAS,Ciudad,
2026-09-09,2026-09-09,True,False,Santa Cruz,DIESEL OIL IMPORTADO EESS,10000.0,L,ESTACION DE SERVICIO EL ARROYO S.R.L.,1299-GNA,Diesel Oil Importado,DIESEL_IMPORTADO,Ciudad,
2026-09-09,2026-09-09,True,False,Santa Cruz,DIESEL OIL IMPORTADO EESS,35000.0,L,ESTACION DE SERVICIO TOTAITU N&T S.R.L.,1029-ZIN,Diesel Oil Importado,DIESEL_IMPORTADO,Ciudad,
2026-09-09,2026-09-09,True,False,Santa Cruz,GASOLINA ESPECIAL + (S/DSI),20000.0,L,"EMPRESA DAVILA IMPORTADORA-EXPORTADORA S.R.L. ""DAIMPORT - EXPORT LTDA""",1189-IUF,Gasolina Especial +,GASOLINA_ESPECIAL_MAS,Ciudad,
2026-09-09,2026-09-09,True,False,Santa Cruz,GASOLINA ESPECIAL + (S/DSI),20000.0,L,ESTACION DE SERVICIO EL ARROYO S.R.L.,1299-GNA,Gasolina Especial +,GASOLINA_ESPECIAL_MAS,Ciudad,
2026-09-09,2026-09-09,True,False,Santa Cruz,GASOLINA ESPECIAL + (S/DSI),20000.0,L,ESTACION DE SERVICIO QUINTO ANILLO S.R.L.,3018-UKU,Gasolina Especial +,GASOLINA_ESPECIAL_MAS,Ciudad,
2026-09-09,2026-09-09,True,False,Santa Cruz,DIESEL OIL IMPORTADO EESS,25000.0,L,"EMPRESA DAVILA IMPORTADORA-EXPORTADORA S.R.L. ""DAIMPORT - EXPORT LTDA""",1383-DKA,Diesel Oil Importado,DIESEL_IMPORTADO,Ciudad,
2026-09-09,2026-09-09,True,False,Santa Cruz,DIESEL OIL IMPORTADO EESS,35000.0,L,ESTACION DE SERVICIO QUINTO ANILLO S.R.L.,558-XDK(1),Diesel Oil Importado,DIESEL_IMPORTADO,Ciudad,
2026-09-09,2026-09-09,True,False,Santa Cruz,GLP DISTRIB. 10 KILOS NAL,5950.0,L,DIST. GLP ÑUFLO DE CHAVEZ-KALA QUISPE RINA,2215-UHR,GLP,GLP,,
2026-09-09,2026-09-08,True,True,Santa Cruz,GASOLINA ESPECIAL + (S/DSI),5000.0,L,ESTACION DE SERVICIO SANTOS DUMONT NOGALES,961-XHP,Gasolina Especial +,GASOLINA_ESPECIAL_MAS,Ciudad,
2026-09-09,2026-09-08,True,True,Santa Cruz,GASOLINA ESPECIAL + EESS,20000.0,L,ESTACION DE SERVICIO KM. 75 S.R.L,5305-ZAN,Gasolina Especial +,GASOLINA_ESPECIAL_MAS,Provincia,
2026-09-09,2026-09-08,True,True,Santa Cruz,GASOLINA ESPECIAL + EESS,20000.0,L,ESTACION DE SERVICIO JATUMPAMPA SRL,2858-XHR,Gasolina Especial +,GASOLINA_ESPECIAL_MAS,Provincia,
2026-09-09,2026-09-08,True,True,Santa Cruz,GLP DISTRIB. 10 KILOS NAL,10500.0,L,DIST. GLP. CRUCEÑITA VASA S.R.L.,2492-YHT,GLP,GLP,,
2026-09-09,2026-09-08,True,True,Santa Cruz,GLP DISTRIB. 45 KILOS NAL,4500.0,L,DIST. GLP. CRUCEÑITA VASA S.R.L.,400-PAF,GLP,GLP,,
2026-09-09,2026-09-08,True,True,Santa Cruz,GASOLINA ESPECIAL + EESS,30000.0,L,"EE.SS. COOP. DE SERVICIOS PUBLICOS DE AGUA POTABLE Y ALCANTARILLADO ""MONTES CLAROS"" R.L.",3134-RAX,Gasolina Especial +,GASOLINA_ESPECIAL_MAS,Provincia,
2026-09-09,2026-09-09,True,False,Santa Cruz,GLP DISTRIB. 10 KILOS NAL,8920.0,L,SOPESE S.R.L.,5268-EKA,GLP,GLP,,
2026-09-09,2026-09-09,True,False,Santa Cruz,GLP DISTRIB. 45 KILOS NAL,3600.0,L,SOPESE S.R.L.,6393-FTT,GLP,GLP,,
2026-09-09,2026-09-08,True,True,Santa Cruz,DIESEL OIL NACIONAL EESS,25000.0,L,ESTACION DE SERVICIO SUR SRL-SUCURSAL 4,5297-HAT,Diesel Oil Nacional,DIESEL_NACIONAL,Provincia,
2026-09-09,2026-09-08,True,True,Santa Cruz,DIESEL OIL NACIONAL EESS,25000.0,L,COMPAÑIA COMERCIALIZADORA BOLIVIANA DE HIDROCARBUROS CONFI S.R.L.,2986-INR,Diesel Oil Nacional,DIESEL_NACIONAL,Provincia,
2026-09-09,2026-09-09,True,False,Santa Cruz,GLP DISTRIB. 10 KILOS NAL,5390.0,L,DIST. GLP. MARY-MARIA ELENA TAPIA USCAMAITA,526-ZZY,GLP,GLP,,
2026-09-09,2026-09-09,True,False,Santa Cruz,GLP DISTRIB. 10 KILOS NAL,5260.0,L,DIST.GLP.CAMPO GAS-ELSA FELICIDAD USCAMAYTA CHOQUE DE TAPIA,324 - TXH,GLP,GLP,,
2026-09-09,2026-09-09,True,False,Santa Cruz,GLP DISTRIB. 10 KILOS NAL,10680.0,L,DIST. GLP. OSCAR GAS - Betty Maldonado,2443-ICK,GLP,GLP,,
2026-09-09,2026-09-09,True,False,Santa Cruz,GLP DISTRIB. 10 KILOS NAL,5460.0,L,CTC-GAS,1860-YYY,GLP,GLP,,
2026-09-09,2026-09-08,True,True,Santa Cruz,GASOLINA ESPECIAL + EESS,10000.0,L,SAN JOAQUIN I S.R.L.,1066-TKG,Gasolina Especial +,GASOLINA_ESPECIAL_MAS,Provincia,
2026-09-09,2026-09-08,True,True,Santa Cruz,DIESEL OIL NACIONAL EESS,25000.0,L,SAN JOAQUIN I S.R.L.,1066-TKG,Diesel Oil Nacional,DIESEL_NACIONAL,Provincia,
2026-09-09,2026-09-08,True,True,Santa Cruz,DIESEL OIL IMPORTADO EESS,10000.0,L,VANGAS S.A,1166-FCU,Diesel Oil Importado,DIESEL_IMPORTADO,Ciudad,
2026-09-09,2026-09-08,True,True,Santa Cruz,GASOLINA ESPECIAL + EESS,20000.0,L,ESTACION DE SERVICIO ARACATACA,878-ENK,Gasolina Especial +,GASOLINA_ESPECIAL_MAS,Provincia,
2026-09-09,2026-09-08,True,True,Santa Cruz,DIESEL OIL IMPORTADO EESS,20000.0,L,ESTACION DE SERVICIO EL TROMPILLO,1166-FCU,Diesel Oil Importado,DIESEL_IMPORTADO,Ciudad,
2026-09-09,2026-09-08,True,True,Santa Cruz,GASOLINA ESPECIAL + (S/DSI),15000.0,L,GENEX S.A SUCURSAL SANTA CRUZ ZONA SANTA ROSA,1115-DLF,Gasolina Especial +,GASOLINA_ESPECIAL_MAS,Ciudad,
2026-09-09,2026-09-08,True,True,Santa Cruz,GASOLINA ESPECIAL + EESS,25000.0,L,ESTACION DE SERVICIO GASOCONCE - ENRIQUE SERAFIN SUAREZ CASTEDO,1105-YXR,Gasolina Especial +,GASOLINA_ESPECIAL_MAS,Provincia,
2026-09-09,2026-09-08,True,True,Santa Cruz,DIESEL OIL NACIONAL EESS,25000.0,L,ESTACION DE SERVICIO ICHILO SRL,2076-CUF,Diesel Oil Nacional,DIESEL_NACIONAL,Provincia,
2026-09-09,2026-09-08,True,True,Santa Cruz,DIESEL OIL NACIONAL EESS,20000.0,L,ESTACION DE SERVICIO TORRIAYALA S.R.L.,4491-PRD,Diesel Oil Nacional,DIESEL_NACIONAL,Provincia,
2026-09-09,2026-09-08,True,True,Santa Cruz,GASOLINA ESPECIAL + (S/DSI),10000.0,L,LAS PALMAS S.R.L.,967-HFA,Gasolina Especial +,GASOLINA_ESPECIAL_MAS,Ciudad,
2026-09-09,2026-09-08,True,True,Santa Cruz,GLP DISTRIB. 45 KILOS NAL,2700.0,L,DIST. GLP. VALLE GAS - Nancy Arteaga de Lazo,3075-TFX,GLP,GLP,,
2026-09-09,2026-09-07,True,True,Santa Cruz,GASOLINA ESPECIAL + EESS,10000.0,L,ESTACION DE SERVICIO VELEZ-HEBERTH VELEZ CORTEZ,2801-GAB,Gasolina Especial +,GASOLINA_ESPECIAL_MAS,Provincia,
2026-09-09,2026-09-08,True,True,Santa Cruz,GASOLINA ESPECIAL + (S/DSI),20000.0,L,COMPLEJO AUTOMOTRIZ VIRGEN DE URKUPIÑA S.R.L.,950-ZBY,Gasolina Especial +,GASOLINA_ESPECIAL_MAS,Ciudad,
2026-09-09,2026-09-08,True,True,Santa Cruz,GASOLINA ESPECIAL + EESS,20000.0,L,ESTACION DE SERVICIO COCA-ENRRIQUE COCA LOPEZ,1132-FZP,Gasolina Especial +,GASOLINA_ESPECIAL_MAS,Provincia,
2026-09-09,2026-09-08,True,True,Santa Cruz,DIESEL OIL NACIONAL EESS,25000.0,L,ESTACION DE SERVICIO EL BATO,1502-UIR,Diesel Oil Nacional,DIESEL_NACIONAL,Provincia,
2026-09-09,2026-09-07,True,True,Santa Cruz,GASOLINA ESPECIAL + EESS,20000.0,L,GOTEON S.R.L.,453-IYH,Gasolina Especial +,GASOLINA_ESPECIAL_MAS,Provincia,
2026-09-09,2026-09-07,True,True,Santa Cruz,GASOLINA ESPECIAL + EESS,20000.0,L,SURTIDOR LOS NEGROS - NERY TABOADA CONTRERAS,1871-FDS,Gasolina Especial +,GASOLINA_ESPECIAL_MAS,Provincia,
2026-09-09,2026-09-07,True,True,Santa Cruz,GLP DISTRIB. 10 KILOS NAL,7230.0,L,SOPESE S.R.L.,5741-ADC,GLP,GLP,,
2026-09-09,2026-09-07,True,True,Santa Cruz,DIESEL OIL NACIONAL EESS,5000.0,L,ESTACION DE SERVICIO EL BATO,1502-UIR,Diesel Oil Nacional,DIESEL_NACIONAL,Provincia,
2026-09-09,2026-09-07,True,True,Santa Cruz,DIESEL OIL NACIONAL EESS,5000.0,L,ESTACION DE SERVICIO COLINDRES-CARMEN MARY IRIARTE BARBA,1170-DFK,Diesel Oil Nacional,DIESEL_NACIONAL,Provincia,
2026-09-09,2026-09-07,True,True,Santa Cruz,GLP DISTRIB. 10 KILOS NAL,12150.0,L,DIST. GLP. VALLE GAS - Nancy Arteaga de Lazo,363-XPE,GLP,GLP,,
2026-09-09,2026-09-07,True,True,Santa Cruz,DIESEL OIL NACIONAL EESS,5000.0,L,SURTIDOR CHARAGUA,1148-XGX,Diesel Oil Nacional,DIESEL_NACIONAL,Provincia,
2026-09-09,2026-09-07,True,True,Santa Cruz,GLP DISTRIB. 10 KILOS NAL,10530.0,L,JYRL GAS - LOURDES MORALES DE QUIROZ,1892-EBR,GLP,GLP,,
2026-09-09,2026-09-05,True,True,Santa Cruz,GLP DISTRIB. 10 KILOS NAL,2160.0,L,DIST. GLP. VALLE GAS - Nancy Arteaga de Lazo,3075-TFX,GLP,GLP,,
2026-09-08,2026-09-08,True,False,Santa Cruz,GASOLINA ESPECIAL + EESS,20000.0,L,ESTACION DE SERVICIO SUR SRL-SUCURSAL 4,380-RHB,Gasolina Especial +,GASOLINA_ESPECIAL_MAS,Provincia,
2026-09-08,2026-09-08,True,False,Santa Cruz,DIESEL OIL IMPORTADO GRACO,20000.0,L,EMPRESA AGROINDUSTRIAL TOTAI CITRUS S.A.,814-CKS,Diesel Oil Importado,DIESEL_IMPORTADO,,
2026-09-08,2026-09-08,True,False,Santa Cruz,DIESEL OIL IMPORTADO GRACO,25000.0,L,EMPRESA AGROINDUSTRIAL TOTAI CITRUS S.A.,2319-HAS,Diesel Oil Importado,DIESEL_IMPORTADO,,
2026-09-08,2026-09-08,True,False,Santa Cruz,DIESEL OIL IMPORTADO EESS,35000.0,L,SURTIDOR VARDONA - SUSANA POEHLMANN GARCIA,863-RUI,Diesel Oil Importado,DIESEL_IMPORTADO,Ciudad,
2026-09-08,2026-09-08,True,False,Santa Cruz,DIESEL OIL NACIONAL EESS,20000.0,L,ESTACION DE SERVICIO SAN JAVIER-MARISOL NEGRETE AGUIRRE,379-LRR,Diesel Oil Nacional,DIESEL_NACIONAL,Provincia,
2026-09-08,2026-09-08,True,False,Santa Cruz,DIESEL OIL IMPORTADO CF,10000.0,L,DAVID NEUFELD BAMAN,495-YPN,Diesel Oil Importado,DIESEL_IMPORTADO,,
2026-09-08,2026-09-08,True,False,Santa Cruz,DIESEL OIL IMPORTADO EESS,35000.0,L,ESTACION DE SERVICIO SAN LUIS,244-ANI,Diesel Oil Importado,DIESEL_IMPORTADO,Ciudad,
2026-09-08,2026-09-08,True,False,Santa Cruz,DIESEL OIL IMPORTADO EESS,25000.0,L,ESTACION DE SERVICIO SAN LUIS I,543-PUY,Diesel Oil Importado,DIESEL_IMPORTADO,Ciudad,
2026-09-08,2026-09-08,True,False,Santa Cruz,DIESEL OIL IMPORTADO CF,10000.0,L,CAROLA ROSARIO MURILLO SANGUEZA,475-CBB,Diesel Oil Importado,DIESEL_IMPORTADO,,
2026-09-08,2026-09-08,True,False,Santa Cruz,DIESEL OIL IMPORTADO CF,15000.0,L,SOCIEDAD AGROPECUARIA LA CASTAÑA S.A.,884-LIG,Diesel Oil Importado,DIESEL_IMPORTADO,,
2026-09-08,2026-09-08,True,False,Santa Cruz,DIESEL OIL IMPORTADO EESS,25000.0,L,ESTACION DE SERVICIO JOSE JALDIN S.R.L,331-PID,Diesel Oil Importado,DIESEL_IMPORTADO,Ciudad,
2026-09-08,2026-09-08,True,False,Santa Cruz,DIESEL OIL IMPORTADO EESS,15000.0,L,SURTIDOR EL PALMAR - DIONICIO CONDORI RODRIGUEZ,782-YPK,Diesel Oil Importado,DIESEL_IMPORTADO,Ciudad,
2026-09-08,2026-09-08,True,False,Santa Cruz,DIESEL OIL NACIONAL EESS,25000.0,L,TARIFA S.R.L.,5314-TZK,Diesel Oil Nacional,DIESEL_NACIONAL,Provincia,
2026-09-08,2026-09-08,True,False,Santa Cruz,GASOLINA ESPECIAL + EESS,20000.0,L,TARIFA S.R.L.,1636-FLK,Gasolina Especial +,GASOLINA_ESPECIAL_MAS,Provincia,
2026-09-08,2026-09-08,True,False,Santa Cruz,GASOLINA ESPECIAL + (S/DSI),15000.0,L,ESTACION DE SERVICIO VERGARA - FABIOLA NOEMI ZORRILLO VERGARA,1184-YND,Gasolina Especial +,GASOLINA_ESPECIAL_MAS,Ciudad,
2026-09-08,2026-09-08,True,False,Santa Cruz,DIESEL OIL IMPORTADO EESS,5000.0,L,ESTACION DE SERVICIO VERGARA - FABIOLA NOEMI ZORRILLO VERGARA,1184-YND,Diesel Oil Importado,DIESEL_IMPORTADO,Ciudad,
2026-09-08,2026-09-08,True,False,Santa Cruz,DIESEL OIL IMPORTADO EESS,20000.0,L,ESTACION DE SERVICIO VERGARA - FABIOLA NOEMI ZORRILLO VERGARA,1184-YND,Diesel Oil Importado,DIESEL_IMPORTADO,Ciudad,
2026-09-08,2026-09-08,True,False,Santa Cruz,DIESEL OIL IMPORTADO EESS,20000.0,L,ESTACION DE SERVICIO LAS CONCHAS S.R.L.-SUCURSAL LA ENCONADA,1024-TNA,Diesel Oil Importado,DIESEL_IMPORTADO,Provincia,
2026-09-08,2026-09-08,True,False,Santa Cruz,DIESEL OIL NACIONAL EESS,25000.0,L,ESTACION DE SERVICIO AGUAI S.R.L.,1487- PDD,Diesel Oil Nacional,DIESEL_NACIONAL,Provincia,
2026-09-08,2026-09-08,True,False,Santa Cruz,DIESEL OIL NACIONAL EESS,20000.0,L,ESTACION DE SERVICIO ARACATACA,652-SRU,Diesel Oil Nacional,DIESEL_NACIONAL,Provincia,
2026-09-08,2026-09-08,True,False,Santa Cruz,DIESEL OIL IMPORTADO EESS,10000.0,L,ESTACION DE SERVICIO EL TROMPILLO,380-GDB,Diesel Oil Importado,DIESEL_IMPORTADO,Ciudad,
2026-09-08,2026-09-08,True,False,Santa Cruz,GASOLINA ESPECIAL + (S/DSI),20000.0,L,ESTACION DE SERVICIO EL TROMPILLO,1285-UKF,Gasolina Especial +,GASOLINA_ESPECIAL_MAS,Ciudad,
2026-09-08,2026-09-08,True,False,Santa Cruz,GASOLINA ESPECIAL + (S/DSI),20000.0,L,SERVICIOS GENERALES LA CAÑADA S.R.L.,2215-HBF,Gasolina Especial +,GASOLINA_ESPECIAL_MAS,Ciudad,
2026-09-08,2026-09-08,True,False,Santa Cruz,DIESEL OIL IMPORTADO EESS,25000.0,L,GENEX S.A-SUCURSAL S.C ZONA GUARACACHI,851-SLG,Diesel Oil Importado,DIESEL_IMPORTADO,Ciudad,
2026-09-08,2026-09-08,True,False,Santa Cruz,GASOLINA ESPECIAL + (S/DSI),15000.0,L,GENEX S.A-SUCURSAL S.C ZONA GUARACACHI,1285-UKF,Gasolina Especial +,GASOLINA_ESPECIAL_MAS,Ciudad,
2026-09-08,2026-09-08,True,False,Santa Cruz,GLP DISTRIB. 10 KILOS NAL,2640.0,L,DIST. URBANA CENTRO GAS SUC. SANTA CRUZ - CABEZAS - CARMEN ROSARIO MELGAREJO GONZALES,5268-EST,GLP,GLP,,
2026-09-08,2026-09-08,True,False,Santa Cruz,DIESEL OIL NACIONAL EESS,30000.0,L,ESTACION DE SERVICIO MINERO-JHONNY QUINTEROS VASQUEZ,5351-UAG,Diesel Oil Nacional,DIESEL_NACIONAL,Provincia,
2026-09-08,2026-09-08,True,False,Santa Cruz,DIESEL OIL NACIONAL EESS,25000.0,L,"ESTACION DE SERVICIO ""S.J"" S.R.L.",3598-KXG,Diesel Oil Nacional,DIESEL_NACIONAL,Provincia,
2026-09-08,2026-09-08,True,False,Santa Cruz,DIESEL OIL NACIONAL EESS,25000.0,L,ESTACION DE SERVICIO EL AGRICULTOR-CLAUDINA PILLCO LOZA,2251-LZR,Diesel Oil Nacional,DIESEL_NACIONAL,Provincia,
2026-09-08,2026-09-08,True,False,Santa Cruz,DIESEL OIL NACIONAL EESS,30000.0,L,ESTACION DE SERVICIO SUR S.R.L. SUCURSAL MONTE VERDE,1095-ZCK,Diesel Oil Nacional,DIESEL_NACIONAL,Provincia,
2026-09-08,2026-09-08,True,False,Santa Cruz,GASOLINA ESPECIAL + EESS,30000.0,L,ESTACION DE SERVICIO SUR S.R.L. SUCURSAL MONTE VERDE,1469-PUA,Gasolina Especial +,GASOLINA_ESPECIAL_MAS,Provincia,
2026-09-08,2026-09-07,True,True,Santa Cruz,GASOLINA ESPECIAL + EESS,17500.0,L,ESTACION DE SERVICIO SAN JAVIER-MARISOL NEGRETE AGUIRRE,379-LRR,Gasolina Especial +,GASOLINA_ESPECIAL_MAS,Provincia,
2026-09-08,2026-09-08,True,False,Santa Cruz,GASOLINA ESPECIAL + (S/DSI),9900.0,L,ESTACION DE SERVICIO URBARI SRL,375-KIH,Gasolina Especial +,GASOLINA_ESPECIAL_MAS,Ciudad,
2026-09-08,2026-09-08,True,False,Santa Cruz,DIESEL OIL IMPORTADO EESS,9900.0,L,ESTACION DE SERVICIO URBARI SRL,375-KIH,Diesel Oil Importado,DIESEL_IMPORTADO,Ciudad,
2026-09-08,2026-09-08,True,False,Santa Cruz,DIESEL OIL NACIONAL EESS,25000.0,L,ESTACION DE SERVICIO LA CUEVA - ROLANDO CHAVEZ VACA,1176-SCT,Diesel Oil Nacional,DIESEL_NACIONAL,Provincia,
2026-09-08,2026-09-08,True,False,Santa Cruz,DIESEL OIL NACIONAL EESS,35000.0,L,ESTACION DE SERVICIO LOS BIBOSIS S.R.L.,5631-AZA,Diesel Oil Nacional,DIESEL_NACIONAL,Provincia,
2026-09-08,2026-09-08,True,False,Santa Cruz,DIESEL OIL NACIONAL EESS,30000.0,L,ESTACION DE SERVICIO SAN SILVESTRE,2265-BKN,Diesel Oil Nacional,DIESEL_NACIONAL,Provincia,
2026-09-08,2026-09-08,True,False,Santa Cruz,GASOLINA ESPECIAL + (S/DSI),20000.0,L,ESTACION DE SERVICIO DAVILA S.R.L.,1445-CDA,Gasolina Especial +,GASOLINA_ESPECIAL_MAS,Ciudad,
2026-09-08,2026-09-08,True,False,Santa Cruz,GASOLINA ESPECIAL + (S/DSI),20000.0,L,ESTACION DE SERVICIO LA CHORRERA SRL,1393-GFA,Gasolina Especial +,GASOLINA_ESPECIAL_MAS,Ciudad,
2026-09-08,2026-09-08,True,False,Santa Cruz,DIESEL OIL NACIONAL EESS,25000.0,L,ESTACION DE SERVICIO EL JUNTE II-ALEJANDRA MARIEL BALCAZAR PAZ,468-RHE(1),Diesel Oil Nacional,DIESEL_NACIONAL,Provincia,
2026-09-08,2026-09-07,True,True,Santa Cruz,GASOLINA ESPECIAL + EESS,10000.0,L,ESTACION DE SERVICIO EL JUNTE-ALEJANDRA MARIEL BALCAZAR PAZ,468-RHE(1),Gasolina Especial +,GASOLINA_ESPECIAL_MAS,Provincia,
2026-09-08,2026-09-08,True,False,Santa Cruz,DIESEL OIL NACIONAL EESS,25000.0,L,ESTACION DE SERVICIO ANTO - ANTONIO CARLOS LORGIO JUSTINIANO SANTOS,553-ESR,Diesel Oil Nacional,DIESEL_NACIONAL,Provincia,
2026-09-08,2026-09-07,True,True,Santa Cruz,GASOLINA ESPECIAL + EESS,10000.0,L,ESTACION DE SERVICIO ANTO - ANTONIO CARLOS LORGIO JUSTINIANO SANTOS,553-ESR,Gasolina Especial +,GASOLINA_ESPECIAL_MAS,Provincia,
2026-09-08,2026-09-08,True,False,Santa Cruz,DIESEL OIL IMPORTADO EESS,10000.0,L,ESTACION DE SERVICIO TRES PASOS AL FRENTE - VITALIANO ROJAS OLIVERA,2024-CIX,Diesel Oil Importado,DIESEL_IMPORTADO,Ciudad,
2026-09-08,2026-09-08,True,False,Santa Cruz,GASOLINA ESPECIAL + (S/DSI),15000.0,L,ESTACION DE SERVICIO TRES PASOS AL FRENTE - VITALIANO ROJAS OLIVERA,2024-CIX,Gasolina Especial +,GASOLINA_ESPECIAL_MAS,Ciudad,
2026-09-08,2026-09-08,True,False,Santa Cruz,DIESEL OIL IMPORTADO EESS,35000.0,L,CENTRO DE COMERCIO Y SERVICIOS VALDIVIA FERRUFINO S.R.L.,2330-NLD,Diesel Oil Importado,DIESEL_IMPORTADO,Ciudad,
2026-09-08,2026-09-08,True,False,Santa Cruz,GLP DISTRIB. 10 KILOS NAL,11000.0,L,DIST. GLP. CRUCEÑITA VASA S.R.L.,2492-YHT,GLP,GLP,,
2026-09-08,2026-09-08,True,False,Santa Cruz,GLP DISTRIB. 45 KILOS NAL,5130.0,L,DIST. GLP. CRUCEÑITA VASA S.R.L.,3460-KTK,GLP,GLP,,
2026-09-08,2026-09-07,True,True,Santa Cruz,GLP DISTRIB. 10 KILOS NAL,5730.0,L,DIST. GLP. CRUCEÑITA VASA S.R.L.,3460-KTK,GLP,GLP,,
2026-09-08,2026-09-07,True,True,Santa Cruz,GLP DISTRIB. 10 KILOS NAL,11000.0,L,DIST. GLP. CRUCEÑITA VASA S.R.L.,2492-YHT,GLP,GLP,,
2026-09-08,2026-09-08,True,False,Santa Cruz,GLP DISTRIB. 10 KILOS NAL,11020.0,L,DIST. GLP. ALTAMARGAS Juan Pablo Melgarejo Iriarte,1316-NUG,GLP,GLP,,
2026-09-08,2026-09-07,True,True,Santa Cruz,GLP DISTRIB. 10 KILOS NAL,11360.0,L,DIST. GLP. ALTAMARGAS Juan Pablo Melgarejo Iriarte,1316-NUG,GLP,GLP,,
2026-09-08,2026-09-08,True,False,Santa Cruz,GLP DISTRIB. 45 KILOS NAL,3600.0,L,DIST. GLP. ALTAMARGAS Juan Pablo Melgarejo Iriarte,3082-SBN,GLP,GLP,,
2026-09-08,2026-09-08,True,False,Santa Cruz,GLP DISTRIB. 45 KILOS NAL,4500.0,L,DIST. GLP. ALTAMARGAS Juan Pablo Melgarejo Iriarte,3586-ITS,GLP,GLP,,
2026-09-08,2026-09-07,True,True,Santa Cruz,DIESEL OIL NACIONAL EESS,20000.0,L,D-GAS S.A. SUCURSAL SANTA CRUZ,2511-RLA,Diesel Oil Nacional,DIESEL_NACIONAL,Provincia,
2026-09-08,2026-09-08,True,False,Santa Cruz,GLP DISTRIB. 10 KILOS NAL,11520.0,L,CARMEN R. MELGAREJO GONZALES - DIST. CENTRO GAS,1697-FDN,GLP,GLP,,
2026-09-08,2026-09-07,True,True,Santa Cruz,DIESEL OIL NACIONAL EESS,25000.0,L,ESTACION DE SERVICIO GASOCONCE - ENRIQUE SERAFIN SUAREZ CASTEDO,1070-DDA,Diesel Oil Nacional,DIESEL_NACIONAL,Provincia,
2026-09-08,2026-09-08,True,False,Santa Cruz,GLP DISTRIB. 10 KILOS NAL,4920.0,L,SOPESE S.R.L.,578-IEC,GLP,GLP,,
2026-09-08,2026-09-08,True,False,Santa Cruz,GLP DISTRIB. 10 KILOS NAL,5790.0,L,SOPESE S.R.L.,5741-ADC,GLP,GLP,,
2026-09-08,2026-09-08,True,False,Santa Cruz,GLP DISTRIB. 45 KILOS NAL,4050.0,L,SOPESE S.R.L.,6393-FTT,GLP,GLP,,
2026-09-08,2026-09-07,True,True,Santa Cruz,DIESEL OIL NACIONAL EESS,5000.0,L,ESTACION DE SERVICIO EL BATO,1502-UIR,Diesel Oil Nacional,DIESEL_NACIONAL,Provincia,
2026-09-08,2026-09-07,True,True,Santa Cruz,GASOLINA ESPECIAL + EESS,25000.0,L,ESTACION DE SERVICIO CASCABEL SUC. CUATRO CAÑADAS-YOHANA PAOLA VACA GUZMAN,466-RYE,Gasolina Especial +,GASOLINA_ESPECIAL_MAS,Provincia,
2026-09-08,2026-09-07,True,True,Santa Cruz,GASOLINA ESPECIAL + EESS,20000.0,L,ESTACION DE SERVICIO FLORES-SIMONA FLORES FLORES,1757-BGC,Gasolina Especial +,GASOLINA_ESPECIAL_MAS,Provincia,
2026-09-08,2026-09-06,True,True,Santa Cruz,DIESEL OIL NACIONAL EESS,20000.0,L,SURTIDOR VIRGEN DE CHARAGUA S.R.L.,1308-IKG,Diesel Oil Nacional,DIESEL_NACIONAL,Provincia,
2026-09-08,2026-09-05,True,True,Santa Cruz,DIESEL OIL NACIONAL EESS,30000.0,L,ESTACION DE SERVICIO ARACATACA,1166-FCU,Diesel Oil Nacional,DIESEL_NACIONAL,Provincia,
2026-09-08,2026-09-07,True,True,Santa Cruz,GASOLINA ESPECIAL + (S/DSI),15000.0,L,ESTACION DE SERVICIO LAS CONCHAS S.R.L.-SUCURSAL LA ENCONADA,389-IPX,Gasolina Especial +,GASOLINA_ESPECIAL_MAS,Provincia,
2026-09-08,2026-09-05,True,True,Santa Cruz,GASOLINA ESPECIAL + EESS,15000.0,L,ESTACION DE SERVICIO LAS CONCHAS S.R.L.,389-IPX,Gasolina Especial +,GASOLINA_ESPECIAL_MAS,Provincia,
2026-09-08,2026-09-07,True,True,Santa Cruz,GASOLINA ESPECIAL + (S/DSI),5000.0,L,ESTACION DE SERVICIO SANTOS DUMONT NOGALES,961-XHP,Gasolina Especial +,GASOLINA_ESPECIAL_MAS,Ciudad,
2026-09-08,2026-09-07,True,True,Santa Cruz,DIESEL OIL NACIONAL EESS,25000.0,L,ESTACION DE SERVICIO EL BATO,1502-UIR,Diesel Oil Nacional,DIESEL_NACIONAL,Provincia,
2026-09-08,2026-09-07,True,True,Santa Cruz,GLP DISTRIB. 10 KILOS NAL,11220.0,L,DIST. GLP. ALTAMARGAS Juan Pablo Melgarejo Iriarte,1294-GFE,GLP,GLP,,
2026-09-08,2026-09-07,True,True,Santa Cruz,GLP DISTRIB. 10 KILOS NAL,12240.0,L,DIST. GLP. ALTAMARGAS Juan Pablo Melgarejo Iriarte,6683-TRA,GLP,GLP,,
2026-09-08,2026-09-07,True,True,Santa Cruz,GLP DISTRIB. 10 KILOS NAL,11520.0,L,CARMEN R. MELGAREJO GONZALES - DIST. CENTRO GAS,1697-FDN,GLP,GLP,,
2026-09-08,2026-09-07,True,True,Santa Cruz,GLP DISTRIB. 10 KILOS NAL,10420.0,L,CARMEN R. MELGAREJO GONZALES - DIST. CENTRO GAS,2832-PDP,GLP,GLP,,
2026-09-08,2026-09-07,True,True,Santa Cruz,GLP DISTRIB. 45 KILOS NAL,2250.0,L,CARMEN R. MELGAREJO GONZALES - DIST. CENTRO GAS,6663-IUD,GLP,GLP,,
2026-09-08,2026-09-07,True,True,Santa Cruz,GLP DISTRIB. 45 KILOS NAL,3600.0,L,DIST. GLP. CRUCEÑITA VASA S.R.L.,400-PAF,GLP,GLP,,
2026-09-08,2026-09-07,True,True,Santa Cruz,GLP DISTRIB. 10 KILOS NAL,7010.0,L,DIST. GLP. CRUCEÑITA VASA S.R.L.,2492-YHT,GLP,GLP,,
2026-09-08,2026-09-04,True,True,Santa Cruz,GLP DISTRIB. 10 KILOS NAL,10530.0,L,JYRL GAS - LOURDES MORALES DE QUIROZ,1892-EBR,GLP,GLP,,
2026-09-08,2026-09-07,True,True,Santa Cruz,GLP DISTRIB. 10 KILOS NAL,6000.0,L,JYRL GAS - LOURDES MORALES DE QUIROZ,1178-ADY,GLP,GLP,,
2026-09-08,2026-09-07,True,True,Santa Cruz,GLP DISTRIB. 10 KILOS NAL,13200.0,L,JYRL GAS - LOURDES MORALES DE QUIROZ,302-HDB,GLP,GLP,,
2026-09-08,2026-09-03,True,True,Santa Cruz,GLP DISTRIB. 45 KILOS NAL,3600.0,L,DIST. GLP. ALTAMARGAS Juan Pablo Melgarejo Iriarte,3082-SBN,GLP,GLP,,
2026-09-08,2026-07-20,True,True,Santa Cruz,GLP DISTRIB. 10 KILOS NAL,6000.0,L,JYRL GAS SUCURSAL CABEZAS CALLE TAJIBO - LOURDES MORALES DE QUIROZ,1178-ADY,GLP,GLP,,
2026-09-08,2026-09-08,True,False,Santa Cruz,GASOLINA ESPECIAL + EESS,14000.0,L,ESTACION DE SERVICIO DANA S.R.L.,5638-CXH,Gasolina Especial +,GASOLINA_ESPECIAL_MAS,Provincia,
2026-09-08,2026-09-08,True,False,Santa Cruz,GASOLINA ESPECIAL + EESS,20000.0,L,ESTACION DE SERVICIO DURAZNERO-DANA FLORES DAVALOS,5638-CXH,Gasolina Especial +,GASOLINA_ESPECIAL_MAS,Provincia,
2026-09-08,2026-09-08,True,False,Santa Cruz,GASOLINA ESPECIAL + (S/DSI),15000.0,L,SURTIDOR EL PALMAR - DIONICIO CONDORI RODRIGUEZ,782-YPK,Gasolina Especial +,GASOLINA_ESPECIAL_MAS,Ciudad,
2026-09-08,2026-09-08,True,False,Santa Cruz,DIESEL OIL NACIONAL EESS,25000.0,L,ESTACION DE SERVICIO CONCEPCION SRL,483-XYF,Diesel Oil Nacional,DIESEL_NACIONAL,Provincia,
2026-09-08,2026-09-08,True,False,Santa Cruz,GLP DISTRIB. 10 KILOS NAL,5730.0,L,DIST. GLP. CRUCEÑITA VASA S.R.L.,3460-KTK,GLP,GLP,,
2026-09-08,2026-09-08,True,False,Santa Cruz,DIESEL OIL NACIONAL EESS,25000.0,L,ESTACION DE SERVICIO EL TAJIBO OKINAWA,1122-SRR,Diesel Oil Nacional,DIESEL_NACIONAL,Provincia,
2026-09-08,2026-09-08,True,False,Santa Cruz,GASOLINA ESPECIAL + EESS,15000.0,L,ESTACION DE SERVICIO VALLES CRUCEÑOS,1362-KXF,Gasolina Especial +,GASOLINA_ESPECIAL_MAS,Provincia,
2026-09-08,2026-09-08,True,False,Santa Cruz,DIESEL OIL NACIONAL EESS,35000.0,L,SURTIDOR ACIPA - SJ S.R.L.,4120-ZTR,Diesel Oil Nacional,DIESEL_NACIONAL,Provincia,
2026-09-08,2026-09-08,True,False,Santa Cruz,DIESEL OIL IMPORTADO EESS,30000.0,L,ESTACION DE SERVICIOS VIRGEN DE COTOCA S.R.L.,1174-GCP,Diesel Oil Importado,DIESEL_IMPORTADO,Ciudad,
2026-09-08,2026-09-08,True,False,Santa Cruz,DIESEL OIL NACIONAL EESS,25000.0,L,JARAJORECHI S.R.L.,1285-UKF,Diesel Oil Nacional,DIESEL_NACIONAL,Provincia,
2026-09-08,2026-09-08,True,False,Santa Cruz,DIESEL OIL NACIONAL EESS,10000.0,L,ESTACION DE SERVICIO ARACATACA,1285-UKF,Diesel Oil Nacional,DIESEL_NACIONAL,Provincia,
2026-09-08,2026-09-08,True,False,Santa Cruz,DIESEL OIL NACIONAL EESS,5000.0,L,ESTACION DE SERVICIO LA GUARDIA,1803-YHK,Diesel Oil Nacional,DIESEL_NACIONAL,Provincia,
2026-09-08,2026-09-08,True,False,Santa Cruz,DIESEL OIL IMPORTADO EESS,25000.0,L,SERVICIOS GENERALES LA CAÑADA S.R.L.,2215-HBF,Diesel Oil Importado,DIESEL_IMPORTADO,Ciudad,
2026-09-08,2026-09-08,True,False,Santa Cruz,GASOLINA ESPECIAL + (S/DSI),10000.0,L,GENEX S.A-SUCURSAL S.C ZONA GUARACACHI,863-XYY,Gasolina Especial +,GASOLINA_ESPECIAL_MAS,Ciudad,
2026-09-08,2026-09-08,True,False,Santa Cruz,GASOLINA ESPECIAL + (S/DSI),5000.0,L,ESTACION DE SERVICIO 3F OIL S.R.L.,953-UFL,Gasolina Especial +,GASOLINA_ESPECIAL_MAS,Ciudad,
2026-09-08,2026-09-08,True,False,Santa Cruz,DIESEL OIL IMPORTADO EESS,25000.0,L,ESTACION DE SERVICIO 3F OIL S.R.L.,953-UFL,Diesel Oil Importado,DIESEL_IMPORTADO,Ciudad,
2026-09-08,2026-09-08,True,False,Santa Cruz,GASOLINA ESPECIAL + (S/DSI),5000.0,L,GENEX S.A SUCURSAL S.C ZONA GUALBERTO VILLARROEL,863-XYY,Gasolina Especial +,GASOLINA_ESPECIAL_MAS,Ciudad,
2026-09-08,2026-09-08,True,False,Santa Cruz,GASOLINA ESPECIAL + EESS,20000.0,L,ESTACION DE SERVICIO PETRO VAL S.R.L.,1292-AKT,Gasolina Especial +,GASOLINA_ESPECIAL_MAS,Provincia,
2026-09-08,2026-09-08,True,False,Santa Cruz,GASOLINA ESPECIAL + EESS,20000.0,L,ESTACION DE SERVICIO RUTA NORTE S.R.L.,3994-CKU,Gasolina Especial +,GASOLINA_ESPECIAL_MAS,Provincia,
2026-09-08,2026-09-08,True,False,Santa Cruz,DIESEL OIL NACIONAL EESS,30000.0,L,ESTACION DE SERVICIO PAULINA S.R.L.,130-TKT,Diesel Oil Nacional,DIESEL_NACIONAL,Provincia,
2026-09-08,2026-09-08,True,False,Santa Cruz,DIESEL OIL IMPORTADO EESS,25000.0,L,EMPRESA DE SERVICIOS 8 DE NOVIEMBRE LTDA.,1831-SEK,Diesel Oil Importado,DIESEL_IMPORTADO,Ciudad,
2026-09-08,2026-09-08,True,False,Santa Cruz,GASOLINA ESPECIAL + EESS,20000.0,L,ESTACION DE SERVICIO MIRANDA S.R.L.,2522-BEF,Gasolina Especial +,GASOLINA_ESPECIAL_MAS,Provincia,
2026-09-08,2026-09-08,True,False,Santa Cruz,GLP DISTRIB. 10 KILOS NAL,10740.0,L,DIST. GLP. MAIRANA GAS ANA LOURDES MENDOZA,1005-XTD,GLP,GLP,,
2026-09-08,2026-09-08,True,False,Santa Cruz,DIESEL OIL NACIONAL EESS,35000.0,L,ESTACION DE SERVICIO TORRIAYALA S.R.L.,4491-PRD,Diesel Oil Nacional,DIESEL_NACIONAL,Provincia,
2026-09-08,2026-09-08,True,False,Santa Cruz,DIESEL OIL IMPORTADO EESS,10000.0,L,LAS PALMAS S.R.L.,967-HFA,Diesel Oil Importado,DIESEL_IMPORTADO,Ciudad,
2026-09-08,2026-09-08,True,False,Santa Cruz,DIESEL OIL NACIONAL EESS,20000.0,L,ESTACION DE SERVICIO LA GUARDIA,1803-YHK,Diesel Oil Nacional,DIESEL_NACIONAL,Provincia,
2026-09-08,2026-09-08,True,False,Santa Cruz,DIESEL OIL NACIONAL EESS,35000.0,L,ESTACION DE SERVICIO SAN SALVADOR - SILVIA VARGAS CRESPO,2307-HGK,Diesel Oil Nacional,DIESEL_NACIONAL,Provincia,
2026-09-08,2026-09-08,True,False,Santa Cruz,GASOLINA ESPECIAL + EESS,20000.0,L,ESTACION DE SERVICIO SAN SALVADOR - SILVIA VARGAS CRESPO,2382-TSC,Gasolina Especial +,GASOLINA_ESPECIAL_MAS,Provincia,
2026-09-08,2026-09-08,True,False,Santa Cruz,DIESEL OIL NACIONAL EESS,20000.0,L,ESTACION DE SERVICIO MACONDO,2293-AFN,Diesel Oil Nacional,DIESEL_NACIONAL,Provincia,
2026-09-08,2026-09-08,True,False,Santa Cruz,DIESEL OIL NACIONAL EESS,5000.0,L,ESTACION DE SERVICIO MACONDO,1074-IHH,Diesel Oil Nacional,DIESEL_NACIONAL,Provincia,
2026-09-08,2026-09-08,True,False,Santa Cruz,DIESEL OIL NACIONAL EESS,25000.0,L,ESTACION DE SERVICIO CHANE,1074-IHH,Diesel Oil Nacional,DIESEL_NACIONAL,Provincia,
2026-09-08,2026-09-08,True,False,Santa Cruz,GASOLINA ESPECIAL + (S/DSI),10000.0,L,ESTACION DE SERVICIO SUR S.R.L. SUCURSAL 2,4410-KXK,Gasolina Especial +,GASOLINA_ESPECIAL_MAS,Ciudad,
2026-09-08,2026-09-08,True,False,Santa Cruz,GASOLINA ESPECIAL + (S/DSI),10000.0,L,ESTACION DE SERVICIO SUR S.R.L. SUCURSAL 1,4410-KXK,Gasolina Especial +,GASOLINA_ESPECIAL_MAS,Ciudad,
2026-09-08,2026-09-08,True,False,Santa Cruz,GASOLINA ESPECIAL + (S/DSI),5000.0,L,REFINERIA ORIENTAL S.A. SUCURSAL MONTECRISTO,4410-KXK,Gasolina Especial +,GASOLINA_ESPECIAL_MAS,Ciudad,
2026-09-08,2026-09-08,True,False,Santa Cruz,DIESEL OIL NACIONAL EESS,25000.0,L,ABERI SRL,303-DEH,Diesel Oil Nacional,DIESEL_NACIONAL,Provincia,
2026-09-08,2026-09-07,True,True,Santa Cruz,DIESEL OIL IMPORTADO EESS,20000.0,L,REFINERIA ORIENTAL S.A. SUCURSAL MONTECRISTO,1493-PDD,Diesel Oil Importado,DIESEL_IMPORTADO,Ciudad,
2026-09-08,2026-09-07,True,True,Santa Cruz,DIESEL OIL IMPORTADO EESS,10000.0,L,ESTACION DE SERVICIO JOSE JALDIN S.R.L,110-IYX,Diesel Oil Importado,DIESEL_IMPORTADO,Ciudad,
2026-09-08,2026-09-08,True,False,Santa Cruz,DIESEL OIL NACIONAL EESS,25000.0,L,ESTACION DE SERVICIO EL MIRADOR - SONIA SORUCO ROCA,4803-IRB,Diesel Oil Nacional,DIESEL_NACIONAL,Provincia,
2026-09-08,2026-09-08,True,False,Santa Cruz,GASOLINA ESPECIAL + (S/DSI),20000.0,L,ESTACION DE SERVICIO APAZA-PATRICIA JORGE DE APAZA,2066-KRR,Gasolina Especial +,GASOLINA_ESPECIAL_MAS,Ciudad,
2026-09-08,2026-09-08,True,False,Santa Cruz,DIESEL OIL IMPORTADO EESS,5000.0,L,ESTACION DE SERVICIO APAZA-PATRICIA JORGE DE APAZA,2066-KRR,Diesel Oil Importado,DIESEL_IMPORTADO,Ciudad,
2026-09-08,2026-09-08,True,False,Santa Cruz,GASOLINA ESPECIAL + EESS,20000.0,L,ESTACION DE SERVICIO ARNEZ - LUIS ARNEZ ONOFRE,1163-LHT,Gasolina Especial +,GASOLINA_ESPECIAL_MAS,Provincia,
2026-09-08,2026-09-08,True,False,Santa Cruz,DIESEL OIL NACIONAL EESS,30000.0,L,ESTACION DE SERVICIO ARNEZ - LUIS ARNEZ ONOFRE,4493-XXT,Diesel Oil Nacional,DIESEL_NACIONAL,Provincia,
2026-09-08,2026-09-08,True,False,Santa Cruz,DIESEL OIL IMPORTADO EESS,25000.0,L,COMPLEJO AUTOMOTRIZ VIRGEN DE URKUPIÑA S.R.L.,1135-RGC,Diesel Oil Importado,DIESEL_IMPORTADO,Ciudad,
2026-09-08,2026-09-08,True,False,Santa Cruz,GASOLINA ESPECIAL + (S/DSI),20000.0,L,ESTACION DE SERVICIO RADIAL 10 - HUGO FLORERO ORELLANA,948-PYS,Gasolina Especial +,GASOLINA_ESPECIAL_MAS,Ciudad,
2026-09-08,2026-09-08,True,False,Santa Cruz,DIESEL OIL IMPORTADO EESS,10000.0,L,ESTACION DE SERVICIO EL TERO TERO DE CHICHITA - RODRIGO REMY AQUINO ALVARADO,2468-GTE,Diesel Oil Importado,DIESEL_IMPORTADO,Ciudad,
2026-09-08,2026-09-07,True,True,Santa Cruz,DIESEL OIL NACIONAL EESS,15000.0,L,ESTACION DE SERVICIO EL BIBOSI MANANTIAL-LIMBERT JIMENEZ JALDIN,2014-TNN,Diesel Oil Nacional,DIESEL_NACIONAL,Provincia,
2026-09-08,2026-09-07,True,True,Santa Cruz,GASOLINA ESPECIAL + EESS,20000.0,L,ESTACION DE SERVICIO EL BIBOSI MANANTIAL-LIMBERT JIMENEZ JALDIN,2014-TNN,Gasolina Especial +,GASOLINA_ESPECIAL_MAS,Provincia,
2026-09-08,2026-09-08,True,False,Santa Cruz,DIESEL OIL IMPORTADO EESS,20000.0,L,ESTACION DE SERVICIO BI-OCEANICA S.R.L.,4269-HNT,Diesel Oil Importado,DIESEL_IMPORTADO,Ciudad,
2026-09-08,2026-09-08,True,False,Santa Cruz,GASOLINA ESPECIAL + (S/DSI),20000.0,L,ESTACION DE SERVICIO LOS MANGALES S.R.L.,1005-XLH,Gasolina Especial +,GASOLINA_ESPECIAL_MAS,Ciudad,
2026-09-08,2026-09-08,True,False,Santa Cruz,GLP DISTRIB. 10 KILOS NAL,6090.0,L,DIST. DE GLP EL CUMPITO-EMILIO ELIAS ROBLES SUMOYA,1362-KXF,GLP,GLP,,
2026-09-08,2026-09-08,True,False,Santa Cruz,GLP DISTRIB. 10 KILOS NAL,12030.0,L,AGROGAS S.R.L.,547-ZXY,GLP,GLP,,
2026-09-08,2026-09-07,True,True,Santa Cruz,DIESEL OIL NACIONAL EESS,25000.0,L,"EE.SS. COOP. DE SERVICIOS PUBLICOS DE AGUA POTABLE Y ALCANTARILLADO ""MONTES CLAROS"" R.L.",3134-RAX,Diesel Oil Nacional,DIESEL_NACIONAL,Provincia,
2026-09-08,2026-09-07,True,True,Santa Cruz,GASOLINA ESPECIAL + EESS,20000.0,L,COMPAÑIA COMERCIALIZADORA BOLIVIANA DE HIDROCARBUROS CONFI S.R.L.,2986-INR,Gasolina Especial +,GASOLINA_ESPECIAL_MAS,Provincia,
2026-09-08,2026-09-08,True,False,Santa Cruz,GLP DISTRIB. 10 KILOS NAL,10530.0,L,SOPESE S.R.L.,578-IEC,GLP,GLP,,
2026-09-08,2026-09-07,True,True,Santa Cruz,GLP DISTRIB. 10 KILOS NAL,8890.0,L,SOPESE S.R.L.,5268-EKA,GLP,GLP,,
2026-09-08,2026-09-08,True,False,Santa Cruz,GLP DISTRIB. 10 KILOS NAL,4560.0,L,CTC-GAS,1860-YYY,GLP,GLP,,
2026-09-08,2026-09-08,True,False,Santa Cruz,GLP DISTRIB. 10 KILOS NAL,12150.0,L,DIST. GLP. VALLE GAS - Nancy Arteaga de Lazo,475-RHN,GLP,GLP,,
2026-09-08,2026-09-07,True,True,Santa Cruz,GLP DISTRIB. 10 KILOS NAL,2640.0,L,DIST. GLP. VALLE GAS - Nancy Arteaga de Lazo,3040-NGN,GLP,GLP,,
2026-09-08,2026-09-07,True,True,Santa Cruz,GASOLINA ESPECIAL + EESS,25000.0,L,ESTACION DE SERVICIO CARLOS ANDRES FI S.R.L.,2079-FUL,Gasolina Especial +,GASOLINA_ESPECIAL_MAS,Provincia,
2026-09-08,2026-09-08,True,False,Santa Cruz,GLP DISTRIB. 10 KILOS NAL,10690.0,L,DIST. GLP. OSCAR GAS - Betty Maldonado,2443-ICK,GLP,GLP,,
2026-09-08,2026-09-07,True,True,Santa Cruz,DIESEL OIL NACIONAL EESS,25000.0,L,ESTACION DE SERVICIO SAN JOSE DE YAPACANI S.R.L.,1488-SXU,Diesel Oil Nacional,DIESEL_NACIONAL,Provincia,
2026-09-08,2026-09-06,True,True,Santa Cruz,GASOLINA ESPECIAL + (S/DSI),10000.0,L,SURTIDOR COTOCA - JOSE RAMIRO AYALA FLORES,2338-FGD,Gasolina Especial +,GASOLINA_ESPECIAL_MAS,Ciudad,
2026-09-08,2026-09-06,True,True,Santa Cruz,GASOLINA ESPECIAL + EESS,5000.0,L,ESTACION DE SERVICIO VALLES CRUCEÑOS,1362-KXF,Gasolina Especial +,GASOLINA_ESPECIAL_MAS,Provincia,
2026-09-08,2026-09-07,True,True,Santa Cruz,DIESEL OIL NACIONAL EESS,31000.0,L,COMERCIALIZADORA DE HIDROCARBUROS ABJ S.R.L,6398-RNI,Diesel Oil Nacional,DIESEL_NACIONAL,Provincia,
2026-09-08,2026-09-07,True,True,Santa Cruz,DIESEL OIL IMPORTADO EESS,15000.0,L,ESTACION DE SERVICIO EL TROMPILLO,878-ENK,Diesel Oil Importado,DIESEL_IMPORTADO,Ciudad,
2026-09-08,2026-09-05,True,True,Santa Cruz,GASOLINA ESPECIAL + (S/DSI),10000.0,L,SURTIDOR COTOCA - JOSE RAMIRO AYALA FLORES,2338-FGD,Gasolina Especial +,GASOLINA_ESPECIAL_MAS,Ciudad,
2026-09-08,2026-09-05,True,True,Santa Cruz,GLP DISTRIB. 10 KILOS NAL,10530.0,L,JYRL GAS - LOURDES MORALES DE QUIROZ,1892-EBR,GLP,GLP,,
2026-09-08,2026-09-07,True,True,Santa Cruz,GLP DISTRIB. 10 KILOS NAL,5940.0,L,DIST. GLP. MARY-MARIA ELENA TAPIA USCAMAITA,526-ZZY,GLP,GLP,,
2026-09-08,2026-09-07,True,True,Santa Cruz,GLP DISTRIB. 10 KILOS NAL,13200.0,L,DIST.GLP.CAMPO GAS-ELSA FELICIDAD USCAMAYTA CHOQUE DE TAPIA,1805-ZNX,GLP,GLP,,
2026-09-08,2026-09-08,True,False,Santa Cruz,GASOLINA ESPECIAL + (S/DSI),20000.0,L,ESTACION DE SERVICIOS VIRGEN DE COTOCA S.R.L.,3850-ANL,Gasolina Especial +,GASOLINA_ESPECIAL_MAS,Ciudad,
2026-09-08,2026-09-08,True,False,Santa Cruz,GASOLINA ESPECIAL + (S/DSI),20000.0,L,SURTIDOR VARDONA - SUSANA POEHLMANN GARCIA,475-CBB,Gasolina Especial +,GASOLINA_ESPECIAL_MAS,Ciudad,
2026-09-08,2026-09-08,True,False,Santa Cruz,GASOLINA ESPECIAL + (S/DSI),15000.0,L,ESTACION DE SERVICIO 3F OIL S.R.L.,953-UFL,Gasolina Especial +,GASOLINA_ESPECIAL_MAS,Ciudad,
2026-09-08,2026-09-08,True,False,Santa Cruz,GASOLINA ESPECIAL + (S/DSI),20000.0,L,GENEX S.A SUCURSAL SANTA CRUZ ZONA ESTE,652-SRU,Gasolina Especial +,GASOLINA_ESPECIAL_MAS,Ciudad,
2026-09-08,2026-09-08,True,False,Santa Cruz,GASOLINA ESPECIAL + (S/DSI),15000.0,L,GENEX S.A SUCURSAL S.C ZONA GUALBERTO VILLARROEL,851-SLG,Gasolina Especial +,GASOLINA_ESPECIAL_MAS,Ciudad,
2026-09-08,2026-09-08,True,False,Santa Cruz,GASOLINA ESPECIAL + (S/DSI),20000.0,L,GENEX S.A SUCURSAL SANTA CRUZ ZONA LA RAMADA,863-XYY,Gasolina Especial +,GASOLINA_ESPECIAL_MAS,Ciudad,
2026-09-08,2026-09-08,True,False,Santa Cruz,GASOLINA ESPECIAL + (S/DSI),20000.0,L,CIA BOLIVIANA DE GAS NATURAL COMPRIMIDO GENEX SA,851-SLG,Gasolina Especial +,GASOLINA_ESPECIAL_MAS,Ciudad,
2026-09-08,2026-09-08,True,False,Santa Cruz,GASOLINA ESPECIAL + (S/DSI),15000.0,L,EMPRESA DE SERVICIOS 8 DE NOVIEMBRE LTDA.,1831-SEK,Gasolina Especial +,GASOLINA_ESPECIAL_MAS,Ciudad,
2026-09-08,2026-09-08,True,False,Santa Cruz,DIESEL OIL NACIONAL EESS,25000.0,L,ESTACION DE SERVICIO PETRO VAL S.R.L.,1110-USS,Diesel Oil Nacional,DIESEL_NACIONAL,Provincia,
2026-09-08,2026-09-08,True,False,Santa Cruz,DIESEL OIL IMPORTADO EESS,25000.0,L,ESTACION DE SERVICIO DICOR S.R.L.,3877-PTG,Diesel Oil Importado,DIESEL_IMPORTADO,Ciudad,
2026-09-08,2026-09-08,True,False,Santa Cruz,DIESEL OIL NACIONAL EESS,25000.0,L,ESTACION DE SERVICIO MINERO-JHONNY QUINTEROS VASQUEZ,5351-UAG,Diesel Oil Nacional,DIESEL_NACIONAL,Provincia,
2026-09-08,2026-09-08,True,False,Santa Cruz,GASOLINA ESPECIAL + (S/DSI),20000.0,L,ESTACION DE SERVICIO LOS COYUYOS-JULIA GONZALES,3589-UKG,Gasolina Especial +,GASOLINA_ESPECIAL_MAS,Ciudad,
2026-09-08,2026-09-08,True,False,Santa Cruz,DIESEL OIL IMPORTADO EESS,10000.0,L,REFINERIA ORIENTAL S.A. SUCURSAL MONTECRISTO,1999-CDP,Diesel Oil Importado,DIESEL_IMPORTADO,Ciudad,
2026-09-08,2026-09-08,True,False,Santa Cruz,DIESEL OIL IMPORTADO EESS,10000.0,L,ESTACION DE SERVICIO REFINERIA ORIENTAL S.A. - SUC. ZONA 4° ANILLO FRENTE A BUFALO PARK - SC,825-ATI,Diesel Oil Importado,DIESEL_IMPORTADO,Ciudad,
2026-09-08,2026-09-08,True,False,Santa Cruz,GASOLINA ESPECIAL + (S/DSI),20000.0,L,GASCO S.R.L.,5775-AXE,Gasolina Especial +,GASOLINA_ESPECIAL_MAS,Ciudad,
2026-09-08,2026-09-08,True,False,Santa Cruz,DIESEL OIL IMPORTADO EESS,20000.0,L,ESTACION DE SERVICIO PIRAI S.R.L. SUC. DOBLE VIA LA GUARDIA ESQ. OCTAVO ANILLO,1388-TGA,Diesel Oil Importado,DIESEL_IMPORTADO,Ciudad,
2026-09-08,2026-09-08,True,False,Santa Cruz,GASOLINA ESPECIAL + (S/DSI),20000.0,L,ESTACION DE SERVICIO PIRAI S.R.L. SUC. DOBLE VIA LA GUARDIA ESQ. OCTAVO ANILLO,1095-ZCK,Gasolina Especial +,GASOLINA_ESPECIAL_MAS,Ciudad,
2026-09-08,2026-09-08,True,False,Santa Cruz,GASOLINA ESPECIAL + (S/DSI),10000.0,L,ESTACION DE SERVICIO PIRAI S.R.L.,1095-ZCK,Gasolina Especial +,GASOLINA_ESPECIAL_MAS,Ciudad,
2026-09-08,2026-09-08,True,False,Santa Cruz,DIESEL OIL IMPORTADO EESS,25000.0,L,ESTACION DE SERVICIO SUR S.R.L.-SUCURSAL ESTACION DE SERVICIO LA TECA,2801-BYP,Diesel Oil Importado,DIESEL_IMPORTADO,Ciudad,
2026-09-08,2026-09-08,True,False,Santa Cruz,DIESEL OIL IMPORTADO EESS,25000.0,L,ESTACION DE SERVICIO SUR SRL SUCURSAL 3,4108-GPL,Diesel Oil Importado,DIESEL_IMPORTADO,Ciudad,
2026-09-08,2026-09-08,True,False,Santa Cruz,DIESEL OIL IMPORTADO EESS,25000.0,L,ESTACION DE SERVICIO SUR S.R.L. SUCURSAL 2,825-ATI,Diesel Oil Importado,DIESEL_IMPORTADO,Ciudad,
2026-09-08,2026-09-08,True,False,Santa Cruz,GASOLINA ESPECIAL + (S/DSI),20000.0,L,ESTACION DE SERVICIO SUR S.R.L.-SUCURSAL ESTACION DE SERVICIO LA TECA,437-KYY,Gasolina Especial +,GASOLINA_ESPECIAL_MAS,Ciudad,
2026-09-08,2026-09-08,True,False,Santa Cruz,GASOLINA ESPECIAL + (S/DSI),25000.0,L,ESTACION DE SERVICIO SUR SRL SUCURSAL 3,1390-DBC,Gasolina Especial +,GASOLINA_ESPECIAL_MAS,Ciudad,
2026-09-08,2026-09-08,True,False,Santa Cruz,GASOLINA ESPECIAL + (S/DSI),20000.0,L,ESTACION DE SERVICIO SUR S.R.L.,4410-LAU,Gasolina Especial +,GASOLINA_ESPECIAL_MAS,Ciudad,
2026-09-08,2026-09-08,True,False,Santa Cruz,DIESEL OIL IMPORTADO EESS,10000.0,L,REFINERIA ORIENTAL S.A.-SUC. BARRIO LAZARETO,1999-CDP,Diesel Oil Importado,DIESEL_IMPORTADO,Ciudad,
2026-09-08,2026-09-08,True,False,Santa Cruz,GASOLINA ESPECIAL + (S/DSI),15000.0,L,REFINERIA ORIENTAL S.A. SUCURSAL MONTECRISTO,437-KYY,Gasolina Especial +,GASOLINA_ESPECIAL_MAS,Ciudad,
2026-09-08,2026-09-08,True,False,Santa Cruz,GASOLINA ESPECIAL + (S/DSI),20000.0,L,REFINERIA ORIENTAL S.A. SUC. NOR ESTE,1388-TGA,Gasolina Especial +,GASOLINA_ESPECIAL_MAS,Ciudad,
2026-09-08,2026-09-08,True,False,Santa Cruz,GASOLINA ESPECIAL + (S/DSI),25000.0,L,ESTACION DE SERVICIO REFINERIA ORIENTAL S.A. - SUC. ZONA 4° ANILLO FRENTE A BUFALO PARK - SC,2447-AGD,Gasolina Especial +,GASOLINA_ESPECIAL_MAS,Ciudad,
2026-09-08,2026-09-08,True,False,Santa Cruz,GASOLINA ESPECIAL + (S/DSI),20000.0,L,REFINERIA ORIENTAL S.A.-SUC. TERCER ANILLO INTERNO FRENTE CANCHITA ROYAL,1113-EAA,Gasolina Especial +,GASOLINA_ESPECIAL_MAS,Ciudad,
2026-09-08,2026-09-08,True,False,Santa Cruz,GASOLINA ESPECIAL + (S/DSI),20000.0,L,REFINERIA ORIENTAL S.A.-SUC. BARRIO LAZARETO,514-HHE,Gasolina Especial +,GASOLINA_ESPECIAL_MAS,Ciudad,
2026-09-08,2026-09-08,True,False,Santa Cruz,GASOLINA ESPECIAL + (S/DSI),20000.0,L,REFINERIA ORIENTAL S.A.,4410-KXK,Gasolina Especial +,GASOLINA_ESPECIAL_MAS,Ciudad,
2026-09-08,2026-09-08,True,False,Santa Cruz,DIESEL OIL IMPORTADO EESS,30000.0,L,ESTACION DE SERVICIO GUAYACAN S.R.L.,1190-YPG,Diesel Oil Importado,DIESEL_IMPORTADO,Ciudad,
2026-09-08,2026-09-07,True,True,Santa Cruz,DIESEL OIL IMPORTADO EESS,5000.0,L,ESTACION DE SERVICIO SUR SRL SUCURSAL 3,4108-GPL,Diesel Oil Importado,DIESEL_IMPORTADO,Ciudad,
2026-09-08,2026-09-08,True,False,Santa Cruz,GASOLINA ESPECIAL + (S/DSI),5000.0,L,ESTACION DE SERVICIO SANTA MARIA,1044-PLP,Gasolina Especial +,GASOLINA_ESPECIAL_MAS,Ciudad,
2026-09-08,2026-09-08,True,False,Santa Cruz,DIESEL OIL IMPORTADO EESS,10000.0,L,ESTACION DE SERVICIO SANTA MARIA,514-HAC,Diesel Oil Importado,DIESEL_IMPORTADO,Ciudad,
2026-09-08,2026-09-08,True,False,Santa Cruz,DIESEL OIL IMPORTADO EESS,25000.0,L,ESTACION DE SERVICIO PALMASOLA,514-HAC,Diesel Oil Importado,DIESEL_IMPORTADO,Ciudad,
2026-09-08,2026-09-08,True,False,Santa Cruz,DIESEL OIL NACIONAL EESS,30000.0,L,ESTACION DE SERVICIO LAS CONCHAS S.R.L.,389-IPX,Diesel Oil Nacional,DIESEL_NACIONAL,Provincia,
2026-09-08,2026-09-08,True,False,Santa Cruz,DIESEL OIL IMPORTADO EESS,10000.0,L,Z & Z LTDA,110-IYX,Diesel Oil Importado,DIESEL_IMPORTADO,Ciudad,
2026-09-08,2026-09-08,True,False,Santa Cruz,GASOLINA ESPECIAL + EESS,20000.0,L,ESTACION DE SERVICIO ORTIZ S.R.L.,2506-IHP,Gasolina Especial +,GASOLINA_ESPECIAL_MAS,Provincia,
2026-09-08,2026-09-08,True,False,Santa Cruz,GASOLINA ESPECIAL + (S/DSI),20000.0,L,BICENTENARIO SRL,2434-YRP,Gasolina Especial +,GASOLINA_ESPECIAL_MAS,,
2026-09-08,2026-09-08,True,False,Santa Cruz,DIESEL OIL IMPORTADO EESS,25000.0,L,ESTACION DE SERVICIO CLUB GAZEL S.R.L.,2229-HLP,Diesel Oil Importado,DIESEL_IMPORTADO,Ciudad,
2026-09-08,2026-09-08,True,False,Santa Cruz,DIESEL OIL NACIONAL EESS,20000.0,L,GOTEON S.R.L.,453-IYH,Diesel Oil Nacional,DIESEL_NACIONAL,Provincia,
2026-09-08,2026-09-08,True,False,Santa Cruz,DIESEL OIL IMPORTADO EESS,25000.0,L,ESTACION DE SERVICIO LA COLORADA,2120-PKF,Diesel Oil Importado,DIESEL_IMPORTADO,Ciudad,
2026-09-08,2026-09-08,True,False,Santa Cruz,DIESEL OIL IMPORTADO EESS,25000.0,L,SURTIDOR COTOCA - JOSE RAMIRO AYALA FLORES,2338-FGD,Diesel Oil Importado,DIESEL_IMPORTADO,Ciudad,
2026-09-08,2026-09-08,True,False,Santa Cruz,DIESEL OIL IMPORTADO EESS,35000.0,L,ESTACION DE SERVICIO RADIAL 10 - HUGO FLORERO ORELLANA,948-PYS,Diesel Oil Importado,DIESEL_IMPORTADO,Ciudad,
2026-09-08,2026-09-08,True,False,Santa Cruz,GASOLINA ESPECIAL + (S/DSI),20000.0,L,ESTACION DE SERVICIO SAN LUIS,543-PUY,Gasolina Especial +,GASOLINA_ESPECIAL_MAS,Ciudad,
2026-09-08,2026-09-08,True,False,Santa Cruz,DIESEL OIL IMPORTADO EESS,25000.0,L,ESTACION DE SERVICIO DAVILA S.R.L.,1445-CDA,Diesel Oil Importado,DIESEL_IMPORTADO,Ciudad,
2026-09-08,2026-09-08,True,False,Santa Cruz,GASOLINA ESPECIAL + (S/DSI),15000.0,L,ESTACION DE SERVICIO SAN LUIS I,543-PUY,Gasolina Especial +,GASOLINA_ESPECIAL_MAS,Ciudad,
2026-09-08,2026-09-08,True,False,Santa Cruz,GASOLINA ESPECIAL + EESS,20000.0,L,ESTACION DE SERVICIO SAN SILVESTRE,2265-BKN,Gasolina Especial +,GASOLINA_ESPECIAL_MAS,Provincia,
2026-09-08,2026-09-08,True,False,Santa Cruz,GASOLINA ESPECIAL + (S/DSI),5000.0,L,ESTACION DE SERVICIO ORSA S.R.L.,6453-URG,Gasolina Especial +,GASOLINA_ESPECIAL_MAS,Ciudad,
2026-09-08,2026-09-08,True,False,Santa Cruz,DIESEL OIL NACIONAL EESS,25000.0,L,ESTACION DE SERVICIO COCA-ENRRIQUE COCA LOPEZ,1132-FZP,Diesel Oil Nacional,DIESEL_NACIONAL,Provincia,
2026-09-08,2026-09-08,True,False,Santa Cruz,DIESEL OIL IMPORTADO EESS,10000.0,L,ESTACION DE SERVICIO ORSA SRL-SUCURSAL 1,6453-URG,Diesel Oil Importado,DIESEL_IMPORTADO,Provincia,
2026-09-08,2026-09-08,True,False,Santa Cruz,DIESEL OIL IMPORTADO EESS,35000.0,L,ESTACION DE SERVICIO MONTAÑO S.R.L.,3031-PAN,Diesel Oil Importado,DIESEL_IMPORTADO,Ciudad,
2026-09-08,2026-09-08,True,False,Santa Cruz,GASOLINA ESPECIAL + (S/DSI),20000.0,L,ESTACION DE SERVICIO PANTANAL DEL ORIENTE-ALVARO LUIS AGUILAR ADRIAZOLA,584-RKD,Gasolina Especial +,GASOLINA_ESPECIAL_MAS,Ciudad,
2026-09-08,2026-09-08,True,False,Santa Cruz,GASOLINA ESPECIAL + (S/DSI),20000.0,L,ESTACION DE SERVICIO MORAGRANDE S.R.L. (SUC 1),2483-HBD,Gasolina Especial +,GASOLINA_ESPECIAL_MAS,Ciudad,
2026-09-08,2026-09-08,True,False,Santa Cruz,DIESEL OIL IMPORTADO EESS,10000.0,L,"ESTACION DE SERVICIO ""GUAPAY"" S.R.L.",447-PSY,Diesel Oil Importado,DIESEL_IMPORTADO,Ciudad,
2026-09-08,2026-09-08,True,False,Santa Cruz,DIESEL OIL IMPORTADO EESS,25000.0,L,ESTACION DE SERVICIO MORAGRANDE S.R.L.,1893-NTP,Diesel Oil Importado,DIESEL_IMPORTADO,Ciudad,
2026-09-08,2026-09-08,True,False,Santa Cruz,DIESEL OIL IMPORTADO EESS,30000.0,L,ESTACION DE SERVICIO EMANUEL S.R.L.,332-NTN,Diesel Oil Importado,DIESEL_IMPORTADO,Ciudad,
2026-09-08,2026-09-08,True,False,Santa Cruz,GASOLINA ESPECIAL + (S/DSI),20000.0,L,ESTACION DE SERVICIO REYNALDO CORTEZ QUISPE,5342-KHY,Gasolina Especial +,GASOLINA_ESPECIAL_MAS,Ciudad,
2026-09-08,2026-09-08,True,False,Santa Cruz,GASOLINA ESPECIAL + (S/DSI),20000.0,L,R&E 3000 S.R.L.,1197-ATI,Gasolina Especial +,GASOLINA_ESPECIAL_MAS,Ciudad,
2026-09-08,2026-09-08,True,False,Santa Cruz,DIESEL OIL IMPORTADO EESS,25000.0,L,ESTACION DE SERVICIO REYNALDO CORTEZ QUISPE,5312-NXE,Diesel Oil Importado,DIESEL_IMPORTADO,Ciudad,
2026-09-08,2026-09-08,True,False,Santa Cruz,GASOLINA ESPECIAL + (S/DSI),20000.0,L,YVU CENTRO DE SERVICIOS Y COMERCIO S.R.L.,1060-PIT,Gasolina Especial +,GASOLINA_ESPECIAL_MAS,Ciudad,
2026-09-08,2026-09-08,True,False,Santa Cruz,DIESEL OIL IMPORTADO EESS,25000.0,L,ESTACION DE SERVICIO LOS MANGALES S.R.L.,1005-XLH,Diesel Oil Importado,DIESEL_IMPORTADO,Ciudad,
2026-09-08,2026-09-07,True,True,Santa Cruz,DIESEL OIL NACIONAL EESS,25000.0,L,ESTACION DE SERVICIO ICHILO SRL,2076-CUF,Diesel Oil Nacional,DIESEL_NACIONAL,Provincia,
2026-09-08,2026-09-08,True,False,Santa Cruz,DIESEL OIL IMPORTADO EESS,25000.0,L,ESTACION DE SERVICIO PANTANAL DEL ORIENTE-ALVARO LUIS AGUILAR ADRIAZOLA,2497-AFH,Diesel Oil Importado,DIESEL_IMPORTADO,Ciudad,
2026-09-08,2026-09-07,True,True,Santa Cruz,DIESEL OIL NACIONAL EESS,30000.0,L,"ESTACION DE SERVICIO ""S.J"" S.R.L.",3598-KXG,Diesel Oil Nacional,DIESEL_NACIONAL,Provincia,
2026-09-08,2026-09-08,True,False,Santa Cruz,GASOLINA ESPECIAL + (S/DSI),5000.0,L,ESTACION DE SERVICIO RIVERO - LUIS ANTONIO RIVERO AÑEZ,681-FDU,Gasolina Especial +,GASOLINA_ESPECIAL_MAS,Ciudad,
2026-09-08,2026-09-07,True,True,Santa Cruz,GASOLINA ESPECIAL + EESS,10000.0,L,ESTACION DE SERVICIO EL AGRICULTOR-CLAUDINA PILLCO LOZA,145-LUY,Gasolina Especial +,GASOLINA_ESPECIAL_MAS,Provincia,
2026-09-08,2026-09-07,True,True,Santa Cruz,DIESEL OIL NACIONAL EESS,10000.0,L,ESTACION DE SERVICIO JATUMPAMPA SRL,2188-IEB,Diesel Oil Nacional,DIESEL_NACIONAL,Provincia,
2026-09-08,2026-09-07,True,True,Santa Cruz,GASOLINA ESPECIAL + EESS,20000.0,L,CENTRO DE COMERCIO SANTA RITAKM32 S.R.L.,3853-BSD,Gasolina Especial +,GASOLINA_ESPECIAL_MAS,Provincia,
2026-09-08,2026-09-07,True,True,Santa Cruz,GASOLINA ESPECIAL + EESS,20000.0,L,ESTACION DE SERVICIO SAYE S.R.L.,4414-NAH,Gasolina Especial +,GASOLINA_ESPECIAL_MAS,Provincia,
2026-09-08,2026-09-07,True,True,Santa Cruz,GASOLINA ESPECIAL + EESS,20000.0,L,D-GAS S.A. SUCURSAL SANTA CRUZ,2511-RLA,Gasolina Especial +,GASOLINA_ESPECIAL_MAS,Provincia,
2026-09-08,2026-09-06,True,True,Santa Cruz,DIESEL OIL NACIONAL EESS,25000.0,L,ESTACION DE SERVICIO JATUMPAMPA SRL,2188-IEB,Diesel Oil Nacional,DIESEL_NACIONAL,Provincia,
2026-09-08,2026-09-07,True,True,Santa Cruz,DIESEL OIL IMPORTADO EESS,10000.0,L,CIA BOLIVIANA DE GAS NATURAL COMPRIMIDO GENEX SA,1115-DLF,Diesel Oil Importado,DIESEL_IMPORTADO,Ciudad,
2026-09-08,2026-09-07,True,True,Santa Cruz,DIESEL OIL IMPORTADO EESS,20000.0,L,VANGAS S.A,1115-DLF,Diesel Oil Importado,DIESEL_IMPORTADO,Ciudad,
2026-09-08,2026-09-05,True,True,Santa Cruz,DIESEL OIL IMPORTADO EESS,10000.0,L,"ESTACION DE SERVICIO ""GUAPAY"" S.R.L.",447-PSY,Diesel Oil Importado,DIESEL_IMPORTADO,Ciudad,
2026-09-08,2026-09-08,True,False,Santa Cruz,GASOLINA ESPECIAL + (S/DSI),20000.0,L,ESTACION DE SERVICIO GUAYACAN S.R.L.,727-YTY,Gasolina Especial +,GASOLINA_ESPECIAL_MAS,Ciudad,
2026-09-08,2026-09-08,True,False,Santa Cruz,GASOLINA ESPECIAL + (S/DSI),15000.0,L,ESTACION DE SERVICIO SANTA MARIA,1044-PLP,Gasolina Especial +,GASOLINA_ESPECIAL_MAS,Ciudad,
2026-09-08,2026-09-08,True,False,Santa Cruz,GASOLINA ESPECIAL + (S/DSI),20000.0,L,ESTACION DE SERVICIO PALMASOLA,1044-PLP,Gasolina Especial +,GASOLINA_ESPECIAL_MAS,Ciudad,
2026-09-08,2026-09-08,True,False,Santa Cruz,DIESEL OIL NACIONAL EESS,25000.0,L,ESTACION DE SERVICIO EL TINTO S.R.L.,1408-PLU,Diesel Oil Nacional,DIESEL_NACIONAL,Provincia,
2026-09-08,2026-09-08,True,False,Santa Cruz,GASOLINA ESPECIAL + (S/DSI),24900.0,L,ESTACION DE SERVICIO LA CIMA,297-ACK,Gasolina Especial +,GASOLINA_ESPECIAL_MAS,Ciudad,
2026-09-08,2026-09-08,True,False,Santa Cruz,GASOLINA ESPECIAL + (S/DSI),20000.0,L,Z & Z LTDA,331-PID,Gasolina Especial +,GASOLINA_ESPECIAL_MAS,Ciudad,
2026-09-08,2026-09-08,True,False,Santa Cruz,GASOLINA ESPECIAL + (S/DSI),20000.0,L,ESTACION DE SERVICIO DICOR S.R.L.,583-PTR,Gasolina Especial +,GASOLINA_ESPECIAL_MAS,Ciudad,
2026-09-08,2026-09-08,True,False,Santa Cruz,GASOLINA ESPECIAL + (S/DSI),20000.0,L,SURTIDOR CLUBOL - RUTH JIMENEZ DE MONROY,5312-NXE,Gasolina Especial +,GASOLINA_ESPECIAL_MAS,Ciudad,
2026-09-08,2026-09-07,True,True,Santa Cruz,DIESEL OIL IMPORTADO EESS,20000.0,L,ESTACION DE SERVICIO LOS COYUYOS-JULIA GONZALES,3589-UKG,Diesel Oil Importado,DIESEL_IMPORTADO,Ciudad,
2026-09-08,2026-09-08,True,False,Santa Cruz,DIESEL OIL NACIONAL EESS,25000.0,L,SURTIDOR EL PATUJU - ROGELIO LA FUENTE OLIVERA,1330-AEN,Diesel Oil Nacional,DIESEL_NACIONAL,Provincia,
2026-09-08,2026-09-08,True,False,Santa Cruz,DIESEL OIL IMPORTADO EESS,20000.0,L,ESTACION DE SERVICIO APAZA-PATRICIA JORGE DE APAZA,2066-KRR,Diesel Oil Importado,DIESEL_IMPORTADO,Ciudad,
2026-09-08,2026-09-08,True,False,Santa Cruz,DIESEL OIL IMPORTADO EESS,35000.0,L,BICENTENARIO SRL,2434-YRP,Diesel Oil Importado,DIESEL_IMPORTADO,,
2026-09-08,2026-09-08,True,False,Santa Cruz,GASOLINA ESPECIAL + (S/DSI),20000.0,L,ESTACION DE SERVICIO CLUB GAZEL S.R.L.,2229-HLP,Gasolina Especial +,GASOLINA_ESPECIAL_MAS,Ciudad,
2026-09-08,2026-09-08,True,False,Santa Cruz,GASOLINA ESPECIAL + (S/DSI),20000.0,L,ESTACION DE SERVICIO LA COLORADA,2120-PKF,Gasolina Especial +,GASOLINA_ESPECIAL_MAS,Ciudad,
2026-09-08,2026-09-08,True,False,Santa Cruz,DIESEL OIL NACIONAL EESS,35000.0,L,ESTACION DE SERVICIO CASCABEL SUC. CUATRO CAÑADAS-YOHANA PAOLA VACA GUZMAN,466-RYE,Diesel Oil Nacional,DIESEL_NACIONAL,Provincia,
2026-09-08,2026-09-08,True,False,Santa Cruz,GASOLINA ESPECIAL + (S/DSI),20000.0,L,ESTACION DE SERVICIO EL TERO TERO DE CHICHITA - RODRIGO REMY AQUINO ALVARADO,2468-GTE,Gasolina Especial +,GASOLINA_ESPECIAL_MAS,Ciudad,
2026-09-08,2026-09-08,True,False,Santa Cruz,GASOLINA ESPECIAL + (S/DSI),20000.0,L,ESTACION DE SERVICIO ORSA SRL-SUCURSAL 1,5583-ADI,Gasolina Especial +,GASOLINA_ESPECIAL_MAS,Provincia,
2026-09-08,2026-09-08,True,False,Santa Cruz,GASOLINA ESPECIAL + EESS,25000.0,L,ESTACION DE SERVICIO SOMOS GAS SRL,2257-EEE,Gasolina Especial +,GASOLINA_ESPECIAL_MAS,Provincia,
2026-09-08,2026-09-08,True,False,Santa Cruz,GASOLINA ESPECIAL + (S/DSI),20000.0,L,"ESTACION DE SERVICIO ""GUAPAY"" S.R.L.",447-PSY,Gasolina Especial +,GASOLINA_ESPECIAL_MAS,Ciudad,
2026-09-08,2026-09-08,True,False,Santa Cruz,GASOLINA ESPECIAL + (S/DSI),20000.0,L,ESTACION DE SERVICIO YOTAU S.R.L.,1066-ISS,Gasolina Especial +,GASOLINA_ESPECIAL_MAS,Ciudad,
2026-09-08,2026-09-08,True,False,Santa Cruz,DIESEL OIL IMPORTADO EESS,35000.0,L,ESTACION DE SERVICIO YOTAU S.R.L.,3792-ENE,Diesel Oil Importado,DIESEL_IMPORTADO,Ciudad,
2026-09-08,2026-09-07,True,True,Santa Cruz,DIESEL OIL NACIONAL EESS,30000.0,L,ESTACION DE SERVICIO COCA-ENRRIQUE COCA LOPEZ,2134-FYF,Diesel Oil Nacional,DIESEL_NACIONAL,Provincia,
2026-09-08,2026-09-07,True,True,Santa Cruz,GASOLINA ESPECIAL + EESS,10000.0,L,ESTACION DE SERVICIO VELEZ-HEBERTH VELEZ CORTEZ,1504-CKU,Gasolina Especial +,GASOLINA_ESPECIAL_MAS,Provincia,
2026-09-08,2026-09-08,True,False,Santa Cruz,DIESEL OIL IMPORTADO EESS,25000.0,L,ESTACION DE SERVICIO MORAGRANDE S.R.L. (SUC 1),2483-HBD,Diesel Oil Importado,DIESEL_IMPORTADO,Ciudad,
2026-09-08,2026-09-08,True,False,Santa Cruz,DIESEL OIL NACIONAL EESS,25000.0,L,ESTACION DE SERVICIO VELEZ-HEBERTH VELEZ CORTEZ,1504-CKU,Diesel Oil Nacional,DIESEL_NACIONAL,Provincia,
2026-09-08,2026-09-08,True,False,Santa Cruz,GASOLINA ESPECIAL + (S/DSI),10000.0,L,ESTACION DE SERVICIO EL TAROPE - JHONNY AGUILAR ADRIAZOLA,1745-PCU,Gasolina Especial +,GASOLINA_ESPECIAL_MAS,Ciudad,
2026-09-08,2026-09-08,True,False,Santa Cruz,DIESEL OIL NACIONAL EESS,35000.0,L,ESTACION DE SERVICIO EL JUNTE-ALEJANDRA MARIEL BALCAZAR PAZ,2883-XTL,Diesel Oil Nacional,DIESEL_NACIONAL,Provincia,
2026-09-08,2026-09-08,True,False,Santa Cruz,GASOLINA ESPECIAL + (S/DSI),20000.0,L,ESTACION DE SERVICIO MORAGRANDE S.R.L.,1893-NTP,Gasolina Especial +,GASOLINA_ESPECIAL_MAS,Ciudad,
2026-09-08,2026-09-08,True,False,Santa Cruz,DIESEL OIL NACIONAL EESS,25000.0,L,CENTRO DE COMERCIO SANTA RITAKM32 S.R.L.,3853-BSD,Diesel Oil Nacional,DIESEL_NACIONAL,Provincia,
2026-09-08,2026-09-08,True,False,Santa Cruz,DIESEL OIL IMPORTADO EESS,25000.0,L,ESTACION DE SERVICIO TRES PASOS AL FRENTE - VITALIANO ROJAS OLIVERA,5002-IBN,Diesel Oil Importado,DIESEL_IMPORTADO,Ciudad,
2026-09-08,2026-09-08,True,False,Santa Cruz,GASOLINA ESPECIAL + (S/DSI),15000.0,L,CENTRO DE COMERCIO Y SERVICIOS VALDIVIA FERRUFINO S.R.L.,2330-NLD,Gasolina Especial +,GASOLINA_ESPECIAL_MAS,Ciudad,
2026-09-08,2026-09-08,True,False,Santa Cruz,DIESEL OIL IMPORTADO EESS,24000.0,L,YVU CENTRO DE SERVICIOS Y COMERCIO S.R.L.,1060-PIT,Diesel Oil Importado,DIESEL_IMPORTADO,Ciudad,
2026-09-08,2026-09-08,True,False,Santa Cruz,DIESEL OIL IMPORTADO EESS,25000.0,L,ESTACION DE SERVICIO EL TAROPE - JHONNY AGUILAR ADRIAZOLA,1744-UZH,Diesel Oil Importado,DIESEL_IMPORTADO,Ciudad,
2026-09-08,2026-09-08,True,False,Santa Cruz,DIESEL OIL IMPORTADO EESS,15000.0,L,ESTACION DE SERVICIO BI-OCEANICA S.R.L.,4096-LDR,Diesel Oil Importado,DIESEL_IMPORTADO,Ciudad,
2026-09-08,2026-09-08,True,False,Santa Cruz,DIESEL OIL NACIONAL EESS,25000.0,L,MUYURINA LTDA,647-NPX,Diesel Oil Nacional,DIESEL_NACIONAL,Provincia,
2026-09-08,2026-09-08,True,False,Santa Cruz,GASOLINA ESPECIAL + (S/DSI),20000.0,L,"EMPRESA DAVILA IMPORTADORA-EXPORTADORA S.R.L. ""DAIMPORT - EXPORT LTDA""",1189-IUF,Gasolina Especial +,GASOLINA_ESPECIAL_MAS,Ciudad,
2026-09-08,2026-09-08,True,False,Santa Cruz,DIESEL OIL IMPORTADO EESS,30000.0,L,ESTACION DE SERVICIO LAS ORQUIDEAS S.R.L.,5351-UAG,Diesel Oil Importado,DIESEL_IMPORTADO,Ciudad,
2026-09-08,2026-09-08,True,False,Santa Cruz,GASOLINA ESPECIAL + (S/DSI),20000.0,L,ESTACION DE SERVICIO LAS ORQUIDEAS S.R.L.,711-XUH,Gasolina Especial +,GASOLINA_ESPECIAL_MAS,Ciudad,
2026-09-08,2026-09-08,True,False,Santa Cruz,GASOLINA ESPECIAL + (S/DSI),20000.0,L,ESTACION DE SERVICIO BI-OCEANICA S.R.L.,4096-LDR,Gasolina Especial +,GASOLINA_ESPECIAL_MAS,Ciudad,
2026-09-08,2026-09-08,True,False,Santa Cruz,DIESEL OIL IMPORTADO EESS,25000.0,L,R&E 3000 S.R.L.,1197-ATI,Diesel Oil Importado,DIESEL_IMPORTADO,Ciudad,
2026-09-08,2026-09-08,True,False,Santa Cruz,DIESEL OIL IMPORTADO EESS,35000.0,L,ESTACION DE SERVICIO ELISA S.R.L.,1176-UST,Diesel Oil Importado,DIESEL_IMPORTADO,Ciudad,
2026-09-08,2026-09-08,True,False,Santa Cruz,DIESEL OIL IMPORTADO EESS,35000.0,L,ESTACION DE SERVICIO LA CHORRERA SRL,1329-NRI,Diesel Oil Importado,DIESEL_IMPORTADO,Ciudad,
2026-09-08,2026-09-08,True,False,Santa Cruz,DIESEL OIL IMPORTADO EESS,25000.0,L,"EMPRESA DAVILA IMPORTADORA-EXPORTADORA S.R.L. ""DAIMPORT - EXPORT LTDA""",1383-DKA,Diesel Oil Importado,DIESEL_IMPORTADO,Ciudad,
2026-09-08,2026-09-08,True,False,Santa Cruz,DIESEL OIL IMPORTADO EESS,35000.0,L,ESTACION DE SERVICIO QUINTO ANILLO S.R.L.,558-XDK(1),Diesel Oil Importado,DIESEL_IMPORTADO,Ciudad,
2026-09-08,2026-09-08,True,False,Santa Cruz,DIESEL OIL IMPORTADO EESS,35000.0,L,ESTACION DE SERVICIO TOTAITU N&T S.R.L.,2390-XBX,Diesel Oil Importado,DIESEL_IMPORTADO,Ciudad,
2026-09-08,2026-09-08,True,False,Santa Cruz,GASOLINA ESPECIAL + (S/DSI),20000.0,L,ESTACION DE SERVICIO QUINTO ANILLO S.R.L.,3018-UKU,Gasolina Especial +,GASOLINA_ESPECIAL_MAS,Ciudad,
2026-09-08,2026-09-08,True,False,Santa Cruz,GASOLINA ESPECIAL + (S/DSI),20000.0,L,ESTACION DE SERVICIO TOTAITU N&T S.R.L.,1029-ZIN,Gasolina Especial +,GASOLINA_ESPECIAL_MAS,Ciudad,
2026-09-08,2026-09-07,True,True,Santa Cruz,DIESEL OIL IMPORTADO EESS,10000.0,L,ESTACION DE SERVICIO YOTAU S.R.L.,1066-ISS,Diesel Oil Importado,DIESEL_IMPORTADO,Ciudad,
2026-09-08,2026-09-07,True,True,Santa Cruz,DIESEL OIL IMPORTADO EESS,10000.0,L,ESTACION DE SERVICIO QUINTO ANILLO S.R.L.,3018-UKU,Diesel Oil Importado,DIESEL_IMPORTADO,Ciudad,
2026-09-08,2026-09-07,True,True,Santa Cruz,DIESEL OIL NACIONAL EESS,20000.0,L,COMPAÑIA COMERCIALIZADORA BOLIVIANA DE HIDROCARBUROS CONFI S.R.L.,5297-DNG,Diesel Oil Nacional,DIESEL_NACIONAL,Provincia,
2026-09-08,2026-09-07,True,True,Santa Cruz,DIESEL OIL IMPORTADO EESS,10000.0,L,ESTACION DE SERVICIO TOTAITU N&T S.R.L.,1029-ZIN,Diesel Oil Importado,DIESEL_IMPORTADO,Ciudad,
2026-09-08,2026-09-08,True,False,Santa Cruz,GASOLINA ESPECIAL + (S/DSI),20000.0,L,ESTACION DE SERVICIO RIVERO - LUIS ANTONIO RIVERO AÑEZ,681-FDU,Gasolina Especial +,GASOLINA_ESPECIAL_MAS,Ciudad,
2026-09-08,2026-09-08,True,False,Santa Cruz,GASOLINA ESPECIAL + (S/DSI),10000.0,L,ESTACION DE SERVICIO ORSA S.R.L.,5583-ADI,Gasolina Especial +,GASOLINA_ESPECIAL_MAS,Ciudad,
2026-09-08,2026-09-08,True,False,Santa Cruz,GASOLINA ESPECIAL + (S/DSI),20000.0,L,ESTACION DE SERVICIO EL ARROYO S.R.L.,1299-GNA,Gasolina Especial +,GASOLINA_ESPECIAL_MAS,Ciudad,
2026-09-08,2026-09-07,True,True,Santa Cruz,DIESEL OIL NACIONAL EESS,35000.0,L,ESTACION DE SERVICIO LOS BIBOSIS S.R.L.,5631-AZA,Diesel Oil Nacional,DIESEL_NACIONAL,Provincia,
2026-09-08,2026-09-07,True,True,Santa Cruz,GASOLINA ESPECIAL + EESS,25000.0,L,ESTACION DE SERVICIO EL TAJIBO OKINAWA,2338-GRG,Gasolina Especial +,GASOLINA_ESPECIAL_MAS,Provincia,
2026-09-07,2026-09-07,True,False,Santa Cruz,GLP DISTRIB. 45 KILOS NAL,5355.0,L,DIST. GLP. CRUCEÑITA VASA S.R.L.,400-PAF,GLP,GLP,,
2026-09-07,2026-09-07,True,False,Santa Cruz,GLP DISTRIB. 45 KILOS NAL,4500.0,L,DIST. GLP. ALTAMARGAS Juan Pablo Melgarejo Iriarte,3586-ITS,GLP,GLP,,
2026-09-07,2026-09-07,True,False,Santa Cruz,GLP DISTRIB. 45 KILOS NAL,4050.0,L,SOPESE S.R.L.,6393-FTT,GLP,GLP,,
2026-09-07,2026-09-07,True,False,Santa Cruz,GLP DISTRIB. 10 KILOS NAL,6480.0,L,CENTER GAS - RICHARD MAMANI VILLCA,681-ECP,GLP,GLP,,
2026-09-07,2026-09-05,True,True,Santa Cruz,GLP DISTRIB. 10 KILOS NAL,11220.0,L,DIST. GLP. ALTAMARGAS Juan Pablo Melgarejo Iriarte,1294-GFE,GLP,GLP,,
2026-09-07,2026-09-05,True,True,Santa Cruz,GLP DISTRIB. 10 KILOS NAL,11310.0,L,DIST. GLP. ALTAMARGAS Juan Pablo Melgarejo Iriarte,1316-NUG,GLP,GLP,,
2026-09-07,2026-09-05,True,True,Santa Cruz,GLP DISTRIB. 45 KILOS NAL,3600.0,L,DIST. GLP. ALTAMARGAS Juan Pablo Melgarejo Iriarte,3082-SBN,GLP,GLP,,
2026-09-07,2026-09-05,True,True,Santa Cruz,GLP DISTRIB. 45 KILOS NAL,4500.0,L,DIST. GLP. ALTAMARGAS Juan Pablo Melgarejo Iriarte,3586-ITS,GLP,GLP,,
2026-09-07,2026-09-07,True,False,Santa Cruz,GLP DISTRIB. 10 KILOS NAL,11520.0,L,CARMEN R. MELGAREJO GONZALES - DIST. CENTRO GAS,515-HGI,GLP,GLP,,
2026-09-07,2026-09-05,True,True,Santa Cruz,GLP DISTRIB. 45 KILOS NAL,2250.0,L,CARMEN R. MELGAREJO GONZALES - DIST. CENTRO GAS,6663-IUD,GLP,GLP,,
2026-09-07,2026-09-05,True,True,Santa Cruz,GLP DISTRIB. 10 KILOS NAL,11520.0,L,CARMEN R. MELGAREJO GONZALES - DIST. CENTRO GAS,515-HGI,GLP,GLP,,
2026-09-07,2026-09-07,True,False,Santa Cruz,GLP DISTRIB. 10 KILOS NAL,6040.0,L,SOPESE S.R.L.,5741-ADC,GLP,GLP,,
2026-09-07,2026-09-07,True,False,Santa Cruz,GLP DISTRIB. 10 KILOS NAL,6970.0,L,SOPESE S.R.L.,5268-EKA,GLP,GLP,,
2026-09-07,2026-09-05,True,True,Santa Cruz,GLP DISTRIB. 10 KILOS NAL,10500.0,L,DIST. GLP. CRUCEÑITA VASA S.R.L.,2492-YHT,GLP,GLP,,
2026-09-07,2026-09-07,True,False,Santa Cruz,GLP DISTRIB. 45 KILOS NAL,5220.0,L,DIST. GLP. CRUCEÑITA VASA S.R.L.,3460-KTK,GLP,GLP,,
2026-09-07,2026-09-07,True,False,Santa Cruz,GLP DISTRIB. 10 KILOS NAL,5460.0,L,CTC-GAS,1860-YYY,GLP,GLP,,
2026-09-07,2026-09-05,True,True,Santa Cruz,GLP DISTRIB. 10 KILOS NAL,6000.0,L,JYRL GAS SUCURSAL CABEZAS CALLE TAJIBO - LOURDES MORALES DE QUIROZ,1178-ADY,GLP,GLP,,
2026-09-07,2026-09-07,True,False,Santa Cruz,GLP DISTRIB. 10 KILOS NAL,8560.0,L,JYRL GAS - LOURDES MORALES DE QUIROZ,1892-EBR,GLP,GLP,,
2026-09-07,2026-09-05,True,True,Santa Cruz,GLP DISTRIB. 10 KILOS NAL,5940.0,L,DIST. GLP. MARY-MARIA ELENA TAPIA USCAMAITA,526-ZZY,GLP,GLP,,
2026-09-07,2026-09-05,True,True,Santa Cruz,GLP DISTRIB. 10 KILOS NAL,12150.0,L,DIST. GLP. VALLE GAS - Nancy Arteaga de Lazo,475-RHN,GLP,GLP,,
2026-09-07,2026-09-04,True,True,Santa Cruz,GLP DISTRIB. 10 KILOS NAL,10500.0,L,DIST. GLP. CRUCEÑITA VASA S.R.L.,2492-YHT,GLP,GLP,,
2026-09-07,2026-09-04,True,True,Santa Cruz,GLP DISTRIB. 10 KILOS NAL,10560.0,L,DIST. GLP. ALTAMARGAS Juan Pablo Melgarejo Iriarte,6683-TRA,GLP,GLP,,
2026-09-07,2026-09-07,True,False,Santa Cruz,DIESEL OIL NACIONAL EESS,25000.0,L,ESTACION DE SERVICIO AGUAI S.R.L.,1487-PDD,Diesel Oil Nacional,DIESEL_NACIONAL,Provincia,
2026-09-07,2026-09-07,True,False,Santa Cruz,GASOLINA ESPECIAL + (S/DSI),10000.0,L,ESTACION DE SERVICIO EMANUEL S.R.L.,3853-BSD,Gasolina Especial +,GASOLINA_ESPECIAL_MAS,Ciudad,
2026-09-07,2026-09-06,True,True,Santa Cruz,DIESEL OIL NACIONAL EESS,20000.0,L,ESTACION DE SERVICIO ANTO - ANTONIO CARLOS LORGIO JUSTINIANO SANTOS,2093-GRU,Diesel Oil Nacional,DIESEL_NACIONAL,Provincia,
2026-09-07,2026-09-07,True,False,Santa Cruz,DIESEL OIL IMPORTADO EESS,5000.0,L,ESTACION DE SERVICIO SANTOS DUMONT NOGALES,961-XHP,Diesel Oil Importado,DIESEL_IMPORTADO,Ciudad,
2026-09-07,2026-09-05,True,True,Santa Cruz,GASOLINA ESPECIAL + (S/DSI),5000.0,L,ESTACION DE SERVICIO SANTOS DUMONT NOGALES,961-XHP,Gasolina Especial +,GASOLINA_ESPECIAL_MAS,Ciudad,
2026-09-07,2026-09-07,True,False,Santa Cruz,GASOLINA ESPECIAL + (S/DSI),10000.0,L,EMPRESA DE SERVICIOS 8 DE NOVIEMBRE LTDA.,1831-SEK,Gasolina Especial +,GASOLINA_ESPECIAL_MAS,Ciudad,
2026-09-07,2026-09-07,True,False,Santa Cruz,DIESEL OIL NACIONAL EESS,25000.0,L,ESTACION DE SERVICIO VALLES CRUCEÑOS,1100-GFG,Diesel Oil Nacional,DIESEL_NACIONAL,Provincia,
2026-09-07,2026-09-07,True,False,Santa Cruz,DIESEL OIL IMPORTADO EESS,20000.0,L,ESTACION DE SERVICIO REFINERIA ORIENTAL S.A. - SUC. ZONA 4° ANILLO FRENTE A BUFALO PARK - SC,4410-KXK,Diesel Oil Importado,DIESEL_IMPORTADO,Ciudad,
2026-09-07,2026-09-07,True,False,Santa Cruz,DIESEL OIL NACIONAL EESS,20000.0,L,ESTACION DE SERVICIO EL AGRICULTOR-CLAUDINA PILLCO LOZA,2293-AFN,Diesel Oil Nacional,DIESEL_NACIONAL,Provincia,
2026-09-07,2026-09-07,True,False,Santa Cruz,DIESEL OIL IMPORTADO EESS,10000.0,L,GENEX S.A-SUCURSAL S.C ZONA GUARACACHI,652-SRU,Diesel Oil Importado,DIESEL_IMPORTADO,Ciudad,
2026-09-07,2026-09-07,True,False,Santa Cruz,GASOLINA ESPECIAL + EESS,25000.0,L,ESTACION DE SERVICIO CONCEPCION SRL,442-IZR,Gasolina Especial +,GASOLINA_ESPECIAL_MAS,Provincia,
2026-09-07,2026-09-07,True,False,Santa Cruz,DIESEL OIL IMPORTADO EESS,10000.0,L,CIA BOLIVIANA DE GAS NATURAL COMPRIMIDO GENEX SA,652-SRU,Diesel Oil Importado,DIESEL_IMPORTADO,Ciudad,
2026-09-07,2026-09-07,True,False,Santa Cruz,DIESEL OIL IMPORTADO EESS,15000.0,L,ESTACION DE SERVICIO 3F OIL S.R.L.,953-UFL,Diesel Oil Importado,DIESEL_IMPORTADO,Ciudad,
2026-09-07,2026-09-07,True,False,Santa Cruz,DIESEL OIL IMPORTADO EESS,10000.0,L,ESTACION DE SERVICIO EMANUEL S.R.L.,3853-BSD,Diesel Oil Importado,DIESEL_IMPORTADO,Ciudad,
2026-09-07,2026-09-07,True,False,Santa Cruz,DIESEL OIL IMPORTADO EESS,5000.0,L,CENTRO DE COMERCIO Y SERVICIOS VALDIVIA FERRUFINO S.R.L.,3853-BSD,Diesel Oil Importado,DIESEL_IMPORTADO,Ciudad,
2026-09-07,2026-09-07,True,False,Santa Cruz,DIESEL OIL NACIONAL EESS,25000.0,L,ESTACION DE SERVICIO PORTACHUELO LTDA,5295-KFY,Diesel Oil Nacional,DIESEL_NACIONAL,Provincia,
2026-09-07,2026-09-07,True,False,Santa Cruz,DIESEL OIL IMPORTADO EESS,35000.0,L,SURTIDOR VARDONA - SUSANA POEHLMANN GARCIA,863-RUI,Diesel Oil Importado,DIESEL_IMPORTADO,Ciudad,
2026-09-07,2026-09-07,True,False,Santa Cruz,DIESEL OIL IMPORTADO EESS,20000.0,L,ESTACION DE SERVICIO JOSE JALDIN S.R.L,331-PID,Diesel Oil Importado,DIESEL_IMPORTADO,Ciudad,
2026-09-07,2026-09-07,True,False,Santa Cruz,DIESEL OIL NACIONAL EESS,25000.0,L,ESTACION DE SERVICIO CONCEPCION SRL,4713-YZU,Diesel Oil Nacional,DIESEL_NACIONAL,Provincia,
2026-09-07,2026-09-07,True,False,Santa Cruz,DIESEL OIL NACIONAL EESS,20000.0,L,ESTACION DE SERVICIO TIERRAS BAJAS SRL.,483-XYF,Diesel Oil Nacional,DIESEL_NACIONAL,Provincia,
2026-09-07,2026-09-07,True,False,Santa Cruz,DIESEL OIL IMPORTADO EESS,10000.0,L,ESTACION DE SERVICIO MORAGRANDE S.R.L.,1893-NTP,Diesel Oil Importado,DIESEL_IMPORTADO,Ciudad,
2026-09-07,2026-09-07,True,False,Santa Cruz,GASOLINA ESPECIAL + (S/DSI),20000.0,L,ESTACION DE SERVICIOS VIRGEN DE COTOCA S.R.L.,3850-ANL,Gasolina Especial +,GASOLINA_ESPECIAL_MAS,Ciudad,
2026-09-07,2026-09-07,True,False,Santa Cruz,DIESEL OIL NACIONAL EESS,20000.0,L,ESTACION DE SERVICIO JATUMPAMPA SRL,1635-FXE,Diesel Oil Nacional,DIESEL_NACIONAL,Provincia,
2026-09-07,2026-09-07,True,False,Santa Cruz,DIESEL OIL IMPORTADO EESS,15000.0,L,SURTIDOR EL PALMAR - DIONICIO CONDORI RODRIGUEZ,782-YPK,Diesel Oil Importado,DIESEL_IMPORTADO,Ciudad,
2026-09-07,2026-09-07,True,False,Santa Cruz,DIESEL OIL IMPORTADO EESS,25000.0,L,ESTACION DE SERVICIO SAN LUIS I,543-PUY,Diesel Oil Importado,DIESEL_IMPORTADO,Ciudad,
2026-09-07,2026-09-07,True,False,Santa Cruz,DIESEL OIL NACIONAL EESS,25000.0,L,ESTACION DE SERVICIO SUR SRL-SUCURSAL 4,5297-HAT,Diesel Oil Nacional,DIESEL_NACIONAL,Provincia,
2026-09-07,2026-09-07,True,False,Santa Cruz,DIESEL OIL NACIONAL EESS,25000.0,L,ESTACION DE SERVICIO EL TAJIBO OKINAWA,1122-SRR,Diesel Oil Nacional,DIESEL_NACIONAL,Provincia,
2026-09-07,2026-09-07,True,False,Santa Cruz,DIESEL OIL NACIONAL EESS,20000.0,L,ESTACION DE SERVICIO MONTERO - MARIA DEL ROSARIO COLQUE QUIROZ,935-TCT,Diesel Oil Nacional,DIESEL_NACIONAL,Provincia,
2026-09-07,2026-09-07,True,False,Santa Cruz,DIESEL OIL NACIONAL EESS,10000.0,L,ESTACION DE SERVICIO EL BATO,1502-UIR,Diesel Oil Nacional,DIESEL_NACIONAL,Provincia,
2026-09-07,2026-09-07,True,False,Santa Cruz,DIESEL OIL NACIONAL EESS,15000.0,L,ESTACION DE SERVICIO COLINDRES-CARMEN MARY IRIARTE BARBA,1170-DFK,Diesel Oil Nacional,DIESEL_NACIONAL,Provincia,
2026-09-07,2026-09-07,True,False,Santa Cruz,GASOLINA ESPECIAL + (S/DSI),20000.0,L,ESTACION DE SERVICIO VERGARA - FABIOLA NOEMI ZORRILLO VERGARA,1184-YND,Gasolina Especial +,GASOLINA_ESPECIAL_MAS,Ciudad,
2026-09-07,2026-09-07,True,False,Santa Cruz,DIESEL OIL NACIONAL EESS,25000.0,L,TARIFA S.R.L.,5314-TZK,Diesel Oil Nacional,DIESEL_NACIONAL,Provincia,
2026-09-07,2026-09-07,True,False,Santa Cruz,DIESEL OIL IMPORTADO EESS,20000.0,L,ESTACION DE SERVICIO VERGARA - FABIOLA NOEMI ZORRILLO VERGARA,1184-YND,Diesel Oil Importado,DIESEL_IMPORTADO,Ciudad,
2026-09-07,2026-09-07,True,False,Santa Cruz,DIESEL OIL IMPORTADO EESS,10000.0,L,GAS DEL ESTE S.R.L.,622-IUN,Diesel Oil Importado,DIESEL_IMPORTADO,Ciudad,
2026-09-07,2026-09-07,True,False,Santa Cruz,DIESEL OIL NACIONAL EESS,25000.0,L,SURTIDOR LOS NEGROS - NERY TABOADA CONTRERAS,1871-FDS,Diesel Oil Nacional,DIESEL_NACIONAL,Provincia,
2026-09-07,2026-09-07,True,False,Santa Cruz,DIESEL OIL NACIONAL EESS,30000.0,L,ESTACION DE SERVICIO SAN SILVESTRE,514-CEK,Diesel Oil Nacional,DIESEL_NACIONAL,Provincia,
2026-09-07,2026-09-07,True,False,Santa Cruz,DIESEL OIL NACIONAL EESS,25000.0,L,ESTACION DE SERVICIO TORRIAYALA S.R.L.,4491-PRD,Diesel Oil Nacional,DIESEL_NACIONAL,Provincia,
2026-09-07,2026-09-07,True,False,Santa Cruz,DIESEL OIL IMPORTADO EESS,15000.0,L,ESTACION DE SERVICIO TRES PASOS AL FRENTE - VITALIANO ROJAS OLIVERA,5002-IBN,Diesel Oil Importado,DIESEL_IMPORTADO,Ciudad,
2026-09-07,2026-09-07,True,False,Santa Cruz,GASOLINA ESPECIAL + (S/DSI),20000.0,L,SERVICIOS GENERALES LA CAÑADA S.R.L.,2215-HBF,Gasolina Especial +,GASOLINA_ESPECIAL_MAS,Ciudad,
2026-09-07,2026-09-07,True,False,Santa Cruz,GASOLINA ESPECIAL + (S/DSI),19800.0,L,ESTACION DE SERVICIO URBARI SRL,375-KIH,Gasolina Especial +,GASOLINA_ESPECIAL_MAS,Ciudad,
2026-09-07,2026-09-07,True,False,Santa Cruz,GASOLINA ESPECIAL + EESS,15000.0,L,ESTACION DE SERVICIO MACONDO,399-LZN,Gasolina Especial +,GASOLINA_ESPECIAL_MAS,Provincia,
2026-09-07,2026-09-07,True,False,Santa Cruz,GASOLINA ESPECIAL + EESS,10000.0,L,ESTACION DE SERVICIO EL JUNTE-ALEJANDRA MARIEL BALCAZAR PAZ,1631-HII,Gasolina Especial +,GASOLINA_ESPECIAL_MAS,Provincia,
2026-09-07,2026-09-07,True,False,Santa Cruz,DIESEL OIL NACIONAL EESS,25000.0,L,ESTACION DE SERVICIO EL JUNTE II-ALEJANDRA MARIEL BALCAZAR PAZ,1631-HII,Diesel Oil Nacional,DIESEL_NACIONAL,Provincia,
2026-09-07,2026-09-07,True,False,Santa Cruz,GASOLINA ESPECIAL + (S/DSI),15000.0,L,ESTACION DE SERVICIO 3F OIL S.R.L.,953-UFL,Gasolina Especial +,GASOLINA_ESPECIAL_MAS,Ciudad,
2026-09-07,2026-09-07,True,False,Santa Cruz,DIESEL OIL IMPORTADO EESS,5000.0,L,ESTACION DE SERVICIO 3F OIL S.R.L.,953-UFL,Diesel Oil Importado,DIESEL_IMPORTADO,Ciudad,
2026-09-07,2026-09-07,True,False,Santa Cruz,GASOLINA ESPECIAL + EESS,20000.0,L,ESTACION DE SERVICIO LOS BIBOSIS S.R.L.,5631-AZA,Gasolina Especial +,GASOLINA_ESPECIAL_MAS,Provincia,
2026-09-07,2026-09-07,True,False,Santa Cruz,GASOLINA ESPECIAL + EESS,15000.0,L,ESTACION DE SERVICIO EL MIRADOR - SONIA SORUCO ROCA,6014-GEE,Gasolina Especial +,GASOLINA_ESPECIAL_MAS,Provincia,
2026-09-07,2026-09-07,True,False,Santa Cruz,GASOLINA ESPECIAL + EESS,20000.0,L,ESTACION DE SERVICIO LA CUEVA - ROLANDO CHAVEZ VACA,6014-GEE,Gasolina Especial +,GASOLINA_ESPECIAL_MAS,Provincia,
2026-09-07,2026-09-07,True,False,Santa Cruz,DIESEL OIL NACIONAL EESS,25000.0,L,ESTACION DE SERVICIO LA CUEVA - ROLANDO CHAVEZ VACA,1176-SCT,Diesel Oil Nacional,DIESEL_NACIONAL,Provincia,
2026-09-07,2026-09-07,True,False,Santa Cruz,DIESEL OIL NACIONAL EESS,25000.0,L,ESTACION DE SERVICIO EL MIRADOR - SONIA SORUCO ROCA,1128-PIA,Diesel Oil Nacional,DIESEL_NACIONAL,Provincia,
2026-09-07,2026-09-07,True,False,Santa Cruz,GASOLINA ESPECIAL + (S/DSI),20000.0,L,ESTACION DE SERVICIO RIVERO - LUIS ANTONIO RIVERO AÑEZ,681-FDU,Gasolina Especial +,GASOLINA_ESPECIAL_MAS,Ciudad,
2026-09-07,2026-09-07,True,False,Santa Cruz,GASOLINA ESPECIAL + (S/DSI),20000.0,L,REFRIGAS S.R.L.,1123-RNR,Gasolina Especial +,GASOLINA_ESPECIAL_MAS,Ciudad,
2026-09-07,2026-09-07,True,False,Santa Cruz,GASOLINA ESPECIAL + (S/DSI),15000.0,L,CENTRO DE COMERCIO Y SERVICIOS VALDIVIA FERRUFINO S.R.L.,3853-BSD,Gasolina Especial +,GASOLINA_ESPECIAL_MAS,Ciudad,
2026-09-07,2026-09-07,True,False,Santa Cruz,DIESEL OIL IMPORTADO EESS,20000.0,L,ESTACION DE SERVICIO DICOR S.R.L.,583-PTR,Diesel Oil Importado,DIESEL_IMPORTADO,Ciudad,
2026-09-07,2026-09-07,True,False,Santa Cruz,GASOLINA ESPECIAL + (S/DSI),20000.0,L,ESTACION DE SERVICIO DICOR S.R.L.,583-PTR,Gasolina Especial +,GASOLINA_ESPECIAL_MAS,Ciudad,
2026-09-07,2026-09-07,True,False,Santa Cruz,DIESEL OIL IMPORTADO EESS,20000.0,L,COMPAÑIA COMERCIAL DE GAS COMPRIMIDO C.G.C. S.R.L.,2511-RLA,Diesel Oil Importado,DIESEL_IMPORTADO,Ciudad,
2026-09-07,2026-09-07,True,False,Santa Cruz,DIESEL OIL IMPORTADO EESS,20000.0,L,ESTACION DE SERVICIO DAVILA S.R.L.,1445-CDA,Diesel Oil Importado,DIESEL_IMPORTADO,Ciudad,
2026-09-07,2026-09-07,True,False,Santa Cruz,DIESEL OIL NACIONAL EESS,20000.0,L,ESTACION DE SERVICIO DANA S.R.L.,846-IXK,Diesel Oil Nacional,DIESEL_NACIONAL,Provincia,
2026-09-07,2026-09-07,True,False,Santa Cruz,DIESEL OIL NACIONAL EESS,20000.0,L,ESTACION DE SERVICIO DURAZNERO-DANA FLORES DAVALOS,2182-HII,Diesel Oil Nacional,DIESEL_NACIONAL,Provincia,
2026-09-07,2026-09-06,True,True,Santa Cruz,GASOLINA ESPECIAL + EESS,5000.0,L,ESTACION DE SERVICIO DURAZNERO-DANA FLORES DAVALOS,5638-CXH,Gasolina Especial +,GASOLINA_ESPECIAL_MAS,Provincia,
2026-09-07,2026-09-06,True,True,Santa Cruz,GASOLINA ESPECIAL + (S/DSI),10000.0,L,ESTACION DE SERVICIO LOS COYUYOS-JULIA GONZALES,3994-CKU,Gasolina Especial +,GASOLINA_ESPECIAL_MAS,Ciudad,
2026-09-07,2026-09-06,True,True,Santa Cruz,DIESEL OIL IMPORTADO EESS,20000.0,L,ESTACION DE SERVICIO EL TROMPILLO,1166-FCU,Diesel Oil Importado,DIESEL_IMPORTADO,Ciudad,
2026-09-07,2026-09-07,True,False,Santa Cruz,GASOLINA ESPECIAL + EESS,25000.0,L,ESTACION DE SERVICIO SOMOS GAS SRL,2257-EEE,Gasolina Especial +,GASOLINA_ESPECIAL_MAS,Provincia,
2026-09-07,2026-09-06,True,True,Santa Cruz,GASOLINA ESPECIAL + (S/DSI),10000.0,L,ESTACION DE SERVICIO EL TROMPILLO,1115-DLF,Gasolina Especial +,GASOLINA_ESPECIAL_MAS,Ciudad,
2026-09-07,2026-09-06,True,True,Santa Cruz,DIESEL OIL NACIONAL EESS,20000.0,L,JARAJORECHI S.R.L.,878-ENK,Diesel Oil Nacional,DIESEL_NACIONAL,Provincia,
2026-09-07,2026-09-06,True,True,Santa Cruz,GASOLINA ESPECIAL + EESS,10000.0,L,JARAJORECHI S.R.L.,863-XYY,Gasolina Especial +,GASOLINA_ESPECIAL_MAS,Provincia,
2026-09-07,2026-09-06,True,True,Santa Cruz,DIESEL OIL IMPORTADO EESS,25000.0,L,ESTACION DE SERVICIO SAN LUIS I,2855-ICG,Diesel Oil Importado,DIESEL_IMPORTADO,Ciudad,
2026-09-07,2026-09-06,True,True,Santa Cruz,GASOLINA ESPECIAL + EESS,10000.0,L,ESTACION DE SERVICIO ARACATACA,863-XYY,Gasolina Especial +,GASOLINA_ESPECIAL_MAS,Provincia,
2026-09-07,2026-09-06,True,True,Santa Cruz,DIESEL OIL IMPORTADO EESS,15000.0,L,GENEX S.A-SUCURSAL S.C ZONA GUARACACHI,1166-FCU,Diesel Oil Importado,DIESEL_IMPORTADO,Ciudad,
2026-09-07,2026-09-07,True,False,Santa Cruz,DIESEL OIL NACIONAL EESS,35000.0,L,ESTACION DE SERVICIO CASCABEL SUC. CUATRO CAÑADAS-YOHANA PAOLA VACA GUZMAN,466-RYE,Diesel Oil Nacional,DIESEL_NACIONAL,Provincia,
2026-09-07,2026-09-06,True,True,Santa Cruz,GASOLINA ESPECIAL + (S/DSI),10000.0,L,GENEX S.A. SUCURSAL ZONA NOR ESTE,1115-DLF,Gasolina Especial +,GASOLINA_ESPECIAL_MAS,Ciudad,
2026-09-07,2026-09-06,True,True,Santa Cruz,GASOLINA ESPECIAL + (S/DSI),10000.0,L,CIA BOLIVIANA DE GAS NATURAL COMPRIMIDO GENEX SA,1115-DLF,Gasolina Especial +,GASOLINA_ESPECIAL_MAS,Ciudad,
2026-09-07,2026-09-06,True,True,Santa Cruz,GASOLINA ESPECIAL + EESS,10000.0,L,ESTACION DE SERVICIO CASCABEL SUC. CUATRO CAÑADAS-YOHANA PAOLA VACA GUZMAN,710-KXS,Gasolina Especial +,GASOLINA_ESPECIAL_MAS,Provincia,
2026-09-07,2026-09-06,True,True,Santa Cruz,DIESEL OIL NACIONAL EESS,20000.0,L,ESTACION DE SERVICIO CASCABEL SUC. CUATRO CAÑADAS-YOHANA PAOLA VACA GUZMAN,710-KXS,Diesel Oil Nacional,DIESEL_NACIONAL,Provincia,
2026-09-07,2026-09-06,True,True,Santa Cruz,DIESEL OIL NACIONAL EESS,5000.0,L,SURTIDOR CHARAGUA,466-UHP,Diesel Oil Nacional,DIESEL_NACIONAL,Provincia,
2026-09-07,2026-09-06,True,True,Santa Cruz,DIESEL OIL NACIONAL EESS,20000.0,L,ESTACION DE SERVICIO SAN JAVIER-MARISOL NEGRETE AGUIRRE,1283-DGH,Diesel Oil Nacional,DIESEL_NACIONAL,Provincia,
2026-09-07,2026-09-06,True,True,Santa Cruz,GASOLINA ESPECIAL + EESS,10000.0,L,ESTACION DE SERVICIO SAN JAVIER-MARISOL NEGRETE AGUIRRE,1283-DGH,Gasolina Especial +,GASOLINA_ESPECIAL_MAS,Provincia,
2026-09-07,2026-09-06,True,True,Santa Cruz,GASOLINA ESPECIAL + EESS,10000.0,L,ESTACION DE SERVICIO ANTO - ANTONIO CARLOS LORGIO JUSTINIANO SANTOS,2093-GRU,Gasolina Especial +,GASOLINA_ESPECIAL_MAS,Provincia,
2026-09-07,2026-09-06,True,True,Santa Cruz,GASOLINA ESPECIAL + EESS,10000.0,L,ESTACION DE SERVICIO RUTA NORTE S.R.L.,3589-UKG,Gasolina Especial +,GASOLINA_ESPECIAL_MAS,Provincia,
2026-09-07,2026-09-06,True,True,Santa Cruz,DIESEL OIL IMPORTADO EESS,5000.0,L,LAS PALMAS S.R.L.,967-HFA,Diesel Oil Importado,DIESEL_IMPORTADO,Ciudad,
2026-09-07,2026-09-06,True,True,Santa Cruz,DIESEL OIL NACIONAL EESS,10000.0,L,TARIFA S.R.L.,1636-FLK,Diesel Oil Nacional,DIESEL_NACIONAL,Provincia,
2026-09-07,2026-09-06,True,True,Santa Cruz,GASOLINA ESPECIAL + EESS,10000.0,L,TARIFA S.R.L.,1636-FLK,Gasolina Especial +,GASOLINA_ESPECIAL_MAS,Provincia,
2026-09-07,2026-09-06,True,True,Santa Cruz,DIESEL OIL NACIONAL EESS,20000.0,L,ESTACION DE SERVICIO EL TAJIBO OKINAWA,2338-GRG,Diesel Oil Nacional,DIESEL_NACIONAL,Provincia,
2026-09-07,2026-09-06,True,True,Santa Cruz,GASOLINA ESPECIAL + EESS,10000.0,L,ESTACION DE SERVICIO EL TAJIBO OKINAWA,2338-GRG,Gasolina Especial +,GASOLINA_ESPECIAL_MAS,Provincia,
2026-09-07,2026-09-07,True,False,Santa Cruz,GASOLINA ESPECIAL + (S/DSI),20000.0,L,ESTACION DE SERVICIO APAZA-PATRICIA JORGE DE APAZA,2066-KRR,Gasolina Especial +,GASOLINA_ESPECIAL_MAS,Ciudad,
2026-09-07,2026-09-06,True,True,Santa Cruz,DIESEL OIL NACIONAL EESS,25000.0,L,ESTACION DE SERVICIO DURAZNERO-DANA FLORES DAVALOS,5638-CXH,Diesel Oil Nacional,DIESEL_NACIONAL,Provincia,
2026-09-07,2026-09-06,True,True,Santa Cruz,GASOLINA ESPECIAL + EESS,10000.0,L,ESTACION DE SERVICIO JATUMPAMPA SRL,2188-IEB,Gasolina Especial +,GASOLINA_ESPECIAL_MAS,Provincia,
2026-09-07,2026-09-06,True,True,Santa Cruz,GASOLINA ESPECIAL + EESS,10000.0,L,COMERCIALIZADORA DE HIDROCARBUROS ABJ S.R.L,6398-RNI,Gasolina Especial +,GASOLINA_ESPECIAL_MAS,Provincia,
2026-09-07,2026-09-07,True,False,Santa Cruz,DIESEL OIL IMPORTADO EESS,10000.0,L,ESTACION DE SERVICIO ORSA SRL-SUCURSAL 1,5583-ADI,Diesel Oil Importado,DIESEL_IMPORTADO,Provincia,
2026-09-07,2026-09-06,True,True,Santa Cruz,GASOLINA ESPECIAL + EESS,10000.0,L,ESTACION DE SERVICIO EUSE CRUZ,869-TZE,Gasolina Especial +,GASOLINA_ESPECIAL_MAS,Provincia,
2026-09-07,2026-09-07,True,False,Santa Cruz,GASOLINA ESPECIAL + EESS,20000.0,L,ESTACION DE SERVICIO EUSE CRUZ,869-TZE,Gasolina Especial +,GASOLINA_ESPECIAL_MAS,Provincia,
2026-09-07,2026-09-06,True,True,Santa Cruz,DIESEL OIL IMPORTADO EESS,25000.0,L,COMPLEJO AUTOMOTRIZ VIRGEN DE URKUPIÑA S.R.L.,1135-RGC,Diesel Oil Importado,DIESEL_IMPORTADO,Ciudad,
2026-09-07,2026-09-06,True,True,Santa Cruz,GASOLINA ESPECIAL + (S/DSI),10000.0,L,COMPLEJO AUTOMOTRIZ VIRGEN DE URKUPIÑA S.R.L.,1135-RGC,Gasolina Especial +,GASOLINA_ESPECIAL_MAS,Ciudad,
2026-09-07,2026-09-06,True,True,Santa Cruz,GASOLINA ESPECIAL + (S/DSI),10000.0,L,ESTACION DE SERVICIO RADIAL 10 - HUGO FLORERO ORELLANA,948-PYS,Gasolina Especial +,GASOLINA_ESPECIAL_MAS,Ciudad,
2026-09-07,2026-09-06,True,True,Santa Cruz,DIESEL OIL IMPORTADO EESS,25000.0,L,COMPAÑIA COMERCIAL DE GAS COMPRIMIDO C.G.C. S.R.L.,2511-RLA,Diesel Oil Importado,DIESEL_IMPORTADO,Ciudad,
2026-09-07,2026-09-06,True,True,Santa Cruz,DIESEL OIL NACIONAL EESS,25000.0,L,D-GAS S.A. SUCURSAL SANTA CRUZ,2511-RLA,Diesel Oil Nacional,DIESEL_NACIONAL,Provincia,
2026-09-07,2026-09-06,True,True,Santa Cruz,GASOLINA ESPECIAL + EESS,10000.0,L,ESTACION DE SERVICIO PIRAI S.R.L. SUCURSAL 1,717-IFH,Gasolina Especial +,GASOLINA_ESPECIAL_MAS,Provincia,
2026-09-07,2026-09-06,True,True,Santa Cruz,GASOLINA ESPECIAL + EESS,10000.0,L,ESTACION DE SERVICIO SUR S.R.L. SUCURSAL MONTE VERDE,4410-LAU,Gasolina Especial +,GASOLINA_ESPECIAL_MAS,Provincia,
2026-09-07,2026-09-07,True,False,Santa Cruz,DIESEL OIL NACIONAL EESS,30000.0,L,ESTACION DE SERVICIO FLORES-SIMONA FLORES FLORES,4059-FXU,Diesel Oil Nacional,DIESEL_NACIONAL,Provincia,
2026-09-07,2026-09-06,True,True,Santa Cruz,GASOLINA ESPECIAL + EESS,10000.0,L,GOTEON S.R.L.,1082-GDH,Gasolina Especial +,GASOLINA_ESPECIAL_MAS,Provincia,
2026-09-07,2026-09-06,True,True,Santa Cruz,DIESEL OIL IMPORTADO EESS,5000.0,L,ESTACION DE SERVICIO ORSA SRL-SUCURSAL 1,5583-ADI,Diesel Oil Importado,DIESEL_IMPORTADO,Provincia,
2026-09-07,2026-09-06,True,True,Santa Cruz,DIESEL OIL NACIONAL EESS,20000.0,L,ESTACION DE SERVICIO COLINDRES-CARMEN MARY IRIARTE BARBA,1170-DFK,Diesel Oil Nacional,DIESEL_NACIONAL,Provincia,
2026-09-07,2026-09-06,True,True,Santa Cruz,DIESEL OIL NACIONAL EESS,20000.0,L,SAN JOAQUIN I S.R.L.,1066-TLK,Diesel Oil Nacional,DIESEL_NACIONAL,Provincia,
2026-09-07,2026-09-06,True,True,Santa Cruz,GASOLINA ESPECIAL + EESS,10000.0,L,ESTACION DE SERVICIO FLORES-SIMONA FLORES FLORES,1757-BGC,Gasolina Especial +,GASOLINA_ESPECIAL_MAS,Provincia,
2026-09-07,2026-09-06,True,True,Santa Cruz,DIESEL OIL NACIONAL EESS,20000.0,L,ESTACION DE SERVICIO FLORES-SIMONA FLORES FLORES,1757-BGC,Diesel Oil Nacional,DIESEL_NACIONAL,Provincia,
2026-09-07,2026-09-06,True,True,Santa Cruz,GASOLINA ESPECIAL + EESS,5000.0,L,SAN JOAQUIN I S.R.L.,1066-TLK,Gasolina Especial +,GASOLINA_ESPECIAL_MAS,Provincia,
2026-09-07,2026-09-06,True,True,Santa Cruz,GASOLINA ESPECIAL + EESS,10000.0,L,ESTACION DE SERVICIO PAULINA S.R.L.,571-PDN,Gasolina Especial +,GASOLINA_ESPECIAL_MAS,Provincia,
2026-09-07,2026-09-07,True,False,Santa Cruz,DIESEL OIL NACIONAL EESS,35000.0,L,ESTACION DE SERVICIO EL JUNTE-ALEJANDRA MARIEL BALCAZAR PAZ,468-RHE(1),Diesel Oil Nacional,DIESEL_NACIONAL,Provincia,
2026-09-07,2026-09-07,True,False,Santa Cruz,DIESEL OIL IMPORTADO EESS,20000.0,L,YVU CENTRO DE SERVICIOS Y COMERCIO S.R.L.,1060-PIT,Diesel Oil Importado,DIESEL_IMPORTADO,Ciudad,
2026-09-07,2026-09-06,True,True,Santa Cruz,GASOLINA ESPECIAL + EESS,10000.0,L,ESTACION DE SERVICIO TORRIAYALA S.R.L.,4491-PRD,Gasolina Especial +,GASOLINA_ESPECIAL_MAS,Provincia,
2026-09-07,2026-09-06,True,True,Santa Cruz,DIESEL OIL NACIONAL EESS,20000.0,L,ESTACION DE SERVICIO TORRIAYALA S.R.L.,4491-PRD,Diesel Oil Nacional,DIESEL_NACIONAL,Provincia,
2026-09-07,2026-09-07,True,False,Santa Cruz,GASOLINA ESPECIAL + (S/DSI),20000.0,L,YVU CENTRO DE SERVICIOS Y COMERCIO S.R.L.,1060-PIT,Gasolina Especial +,GASOLINA_ESPECIAL_MAS,Ciudad,
2026-09-07,2026-09-06,True,True,Santa Cruz,GASOLINA ESPECIAL + EESS,10000.0,L,ESTACION DE SERVICIO EL JUNTE II-ALEJANDRA MARIEL BALCAZAR PAZ,1105-YXR,Gasolina Especial +,GASOLINA_ESPECIAL_MAS,Provincia,
2026-09-07,2026-09-06,True,True,Santa Cruz,DIESEL OIL NACIONAL EESS,20000.0,L,ESTACION DE SERVICIO EL JUNTE II-ALEJANDRA MARIEL BALCAZAR PAZ,1105-YXR,Diesel Oil Nacional,DIESEL_NACIONAL,Provincia,
2026-09-07,2026-09-06,True,True,Santa Cruz,GASOLINA ESPECIAL + EESS,10000.0,L,ESTACION DE SERVICIO SAYE S.R.L.,4414-NAH,Gasolina Especial +,GASOLINA_ESPECIAL_MAS,Provincia,
2026-09-07,2026-09-06,True,True,Santa Cruz,DIESEL OIL NACIONAL EESS,20000.0,L,ESTACION DE SERVICIO SAYE S.R.L.,4414-NAH,Diesel Oil Nacional,DIESEL_NACIONAL,Provincia,
2026-09-07,2026-09-06,True,True,Santa Cruz,GASOLINA ESPECIAL + EESS,10000.0,L,ESTACION DE SERVICIO EL BATO,1502-UIR,Gasolina Especial +,GASOLINA_ESPECIAL_MAS,Provincia,
2026-09-07,2026-09-06,True,True,Santa Cruz,DIESEL OIL NACIONAL EESS,20000.0,L,ESTACION DE SERVICIO EL BATO,1502-UIR,Diesel Oil Nacional,DIESEL_NACIONAL,Provincia,
2026-09-07,2026-09-05,True,True,Santa Cruz,GASOLINA ESPECIAL + EESS,20000.0,L,ESTACION DE SERVICIO COCA-ENRRIQUE COCA LOPEZ,1132-FZP,Gasolina Especial +,GASOLINA_ESPECIAL_MAS,Provincia,
2026-09-07,2026-09-07,True,False,Santa Cruz,DIESEL OIL NACIONAL EESS,10000.0,L,ESTACION DE SERVICIO EL BIBOSI MANANTIAL-LIMBERT JIMENEZ JALDIN,2014-TNN,Diesel Oil Nacional,DIESEL_NACIONAL,Provincia,
2026-09-07,2026-09-06,True,True,Santa Cruz,GASOLINA ESPECIAL + EESS,10000.0,L,ESTACION DE SERVICIO SOMOS GAS SRL,2257-EEE,Gasolina Especial +,GASOLINA_ESPECIAL_MAS,Provincia,
2026-09-07,2026-09-07,True,False,Santa Cruz,DIESEL OIL NACIONAL EESS,5000.0,L,SURTIDOR CHARAGUA,466-UHP,Diesel Oil Nacional,DIESEL_NACIONAL,Provincia,
2026-09-07,2026-09-07,True,False,Santa Cruz,DIESEL OIL IMPORTADO EESS,20000.0,L,ESTACION DE SERVICIO APAZA-PATRICIA JORGE DE APAZA,2066-KRR,Diesel Oil Importado,DIESEL_IMPORTADO,Ciudad,
2026-09-07,2026-09-05,True,True,Santa Cruz,GASOLINA ESPECIAL + EESS,5000.0,L,SURTIDOR CHARAGUA,1148-XGX,Gasolina Especial +,GASOLINA_ESPECIAL_MAS,Provincia,
2026-09-07,2026-09-05,True,True,Santa Cruz,GASOLINA ESPECIAL + EESS,20000.0,L,ESTACION DE SERVICIO JATUMPAMPA SRL,2188-IEB,Gasolina Especial +,GASOLINA_ESPECIAL_MAS,Provincia,
2026-09-07,2026-09-07,True,False,Santa Cruz,GASOLINA ESPECIAL + (S/DSI),20000.0,L,SURTIDOR CLUBOL - RUTH JIMENEZ DE MONROY,5312-NXE,Gasolina Especial +,GASOLINA_ESPECIAL_MAS,Ciudad,
2026-09-07,2026-09-07,True,False,Santa Cruz,DIESEL OIL IMPORTADO EESS,10000.0,L,SURTIDOR CLUBOL - RUTH JIMENEZ DE MONROY,5312-NXE,Diesel Oil Importado,DIESEL_IMPORTADO,Ciudad,
2026-09-07,2026-09-07,True,False,Santa Cruz,GASOLINA ESPECIAL + (S/DSI),20000.0,L,REFINERIA ORIENTAL S.A.-SUC. TERCER ANILLO INTERNO FRENTE CANCHITA ROYAL,514-HHE,Gasolina Especial +,GASOLINA_ESPECIAL_MAS,Ciudad,
2026-09-07,2026-09-07,True,False,Santa Cruz,GASOLINA ESPECIAL + (S/DSI),20000.0,L,BICENTENARIO SRL,2434-YRP,Gasolina Especial +,GASOLINA_ESPECIAL_MAS,,
2026-09-07,2026-09-07,True,False,Santa Cruz,GASOLINA ESPECIAL + (S/DSI),20000.0,L,ESTACION DE SERVICIO CLUB GAZEL S.R.L.,2229-HLP,Gasolina Especial +,GASOLINA_ESPECIAL_MAS,Ciudad,
2026-09-07,2026-09-07,True,False,Santa Cruz,GASOLINA ESPECIAL + (S/DSI),20000.0,L,ESTACION DE SERVICIO LA COLORADA,2120-PKF,Gasolina Especial +,GASOLINA_ESPECIAL_MAS,Ciudad,
2026-09-07,2026-09-07,True,False,Santa Cruz,DIESEL OIL IMPORTADO EESS,20000.0,L,ESTACION DE SERVICIO SUR S.R.L.-SUCURSAL ESTACION DE SERVICIO LA TECA,437-KYY,Diesel Oil Importado,DIESEL_IMPORTADO,Ciudad,
2026-09-07,2026-09-07,True,False,Santa Cruz,GASOLINA ESPECIAL + (S/DSI),10000.0,L,ESTACION DE SERVICIO SUR S.R.L. SUCURSAL 2,1493-PDD,Gasolina Especial +,GASOLINA_ESPECIAL_MAS,Ciudad,
2026-09-07,2026-09-05,True,True,Santa Cruz,DIESEL OIL IMPORTADO EESS,10000.0,L,ESTACION DE SERVICIO SUR SRL SUCURSAL 3,1388-TGA,Diesel Oil Importado,DIESEL_IMPORTADO,Ciudad,
2026-09-07,2026-09-07,True,False,Santa Cruz,DIESEL OIL IMPORTADO EESS,25000.0,L,ESTACION DE SERVICIO SUR SRL SUCURSAL 3,1390-DBC,Diesel Oil Importado,DIESEL_IMPORTADO,Ciudad,
2026-09-07,2026-09-05,True,True,Santa Cruz,DIESEL OIL IMPORTADO EESS,10000.0,L,ESTACION DE SERVICIO SUR S.R.L. SUCURSAL 2,1388-TGA,Diesel Oil Importado,DIESEL_IMPORTADO,Ciudad,
2026-09-07,2026-09-07,True,False,Santa Cruz,DIESEL OIL IMPORTADO EESS,15000.0,L,ESTACION DE SERVICIO SUR S.R.L. SUCURSAL 2,4108-GPL,Diesel Oil Importado,DIESEL_IMPORTADO,Ciudad,
2026-09-07,2026-09-07,True,False,Santa Cruz,DIESEL OIL IMPORTADO EESS,10000.0,L,ESTACION DE SERVICIO SUR S.R.L. SUCURSAL 2,1390-DBC,Diesel Oil Importado,DIESEL_IMPORTADO,Ciudad,
2026-09-07,2026-09-07,True,False,Santa Cruz,GASOLINA ESPECIAL + (S/DSI),20000.0,L,ESTACION DE SERVICIO MONTAÑO S.R.L.,1062-SLY,Gasolina Especial +,GASOLINA_ESPECIAL_MAS,Ciudad,
2026-09-07,2026-09-07,True,False,Santa Cruz,DIESEL OIL NACIONAL EESS,30000.0,L,ESTACION DE SERVICIO SUR S.R.L. SUCURSAL MONTE VERDE,1095-ZCK,Diesel Oil Nacional,DIESEL_NACIONAL,Provincia,
2026-09-07,2026-09-05,True,True,Santa Cruz,GASOLINA ESPECIAL + EESS,20000.0,L,COMERCIALIZADORA DE HIDROCARBUROS ABJ S.R.L,6398-RNI,Gasolina Especial +,GASOLINA_ESPECIAL_MAS,Provincia,
2026-09-07,2026-09-07,True,False,Santa Cruz,GASOLINA ESPECIAL + (S/DSI),20000.0,L,ESTACION DE SERVICIO SUR S.R.L.-SUCURSAL ESTACION DE SERVICIO LA TECA,2801-BYP,Gasolina Especial +,GASOLINA_ESPECIAL_MAS,Ciudad,
2026-09-07,2026-09-07,True,False,Santa Cruz,GASOLINA ESPECIAL + (S/DSI),25000.0,L,ESTACION DE SERVICIO SUR SRL SUCURSAL 3,2447-AGD,Gasolina Especial +,GASOLINA_ESPECIAL_MAS,Ciudad,
2026-09-07,2026-09-07,True,False,Santa Cruz,DIESEL OIL IMPORTADO EESS,20000.0,L,ESTACION DE SERVICIO PIRAI S.R.L. SUC. DOBLE VIA LA GUARDIA ESQ. OCTAVO ANILLO,1999-CDP,Diesel Oil Importado,DIESEL_IMPORTADO,Ciudad,
2026-09-07,2026-09-07,True,False,Santa Cruz,DIESEL OIL NACIONAL EESS,25000.0,L,ESTACION DE SERVICIO PIRAI S.R.L. SUCURSAL 1,4530-FIY,Diesel Oil Nacional,DIESEL_NACIONAL,Provincia,
2026-09-07,2026-09-07,True,False,Santa Cruz,GASOLINA ESPECIAL + (S/DSI),20000.0,L,ESTACION DE SERVICIO PIRAI S.R.L. SUC. DOBLE VIA LA GUARDIA ESQ. OCTAVO ANILLO,717-IFH,Gasolina Especial +,GASOLINA_ESPECIAL_MAS,Ciudad,
2026-09-07,2026-09-07,True,False,Santa Cruz,GASOLINA ESPECIAL + (S/DSI),10000.0,L,ESTACION DE SERVICIO PIRAI S.R.L.,1493-PDD,Gasolina Especial +,GASOLINA_ESPECIAL_MAS,Ciudad,
2026-09-07,2026-09-07,True,False,Santa Cruz,GASOLINA ESPECIAL + (S/DSI),10000.0,L,ESTACION DE SERVICIO SUR S.R.L. SUCURSAL 1,4410-KXK,Gasolina Especial +,GASOLINA_ESPECIAL_MAS,Ciudad,
2026-09-07,2026-09-07,True,False,Santa Cruz,GASOLINA ESPECIAL + (S/DSI),20000.0,L,ESTACION DE SERVICIO SUR S.R.L.,4410-LAU,Gasolina Especial +,GASOLINA_ESPECIAL_MAS,Ciudad,
2026-09-07,2026-09-07,True,False,Santa Cruz,DIESEL OIL IMPORTADO EESS,15000.0,L,REFINERIA ORIENTAL S.A. SUCURSAL MONTECRISTO,437-KYY,Diesel Oil Importado,DIESEL_IMPORTADO,Ciudad,
2026-09-07,2026-09-07,True,False,Santa Cruz,DIESEL OIL IMPORTADO EESS,5000.0,L,REFINERIA ORIENTAL S.A. SUCURSAL MONTECRISTO,4108-GPL,Diesel Oil Importado,DIESEL_IMPORTADO,Ciudad,
2026-09-07,2026-09-07,True,False,Santa Cruz,DIESEL OIL IMPORTADO EESS,10000.0,L,ESTACION DE SERVICIO LA CIMA,297-ACK,Diesel Oil Importado,DIESEL_IMPORTADO,Ciudad,
2026-09-07,2026-09-07,True,False,Santa Cruz,DIESEL OIL IMPORTADO EESS,15000.0,L,ESTACION DE SERVICIO ELISA S.R.L.,1176-UST,Diesel Oil Importado,DIESEL_IMPORTADO,Ciudad,
2026-09-07,2026-09-07,True,False,Santa Cruz,DIESEL OIL IMPORTADO EESS,10000.0,L,REFINERIA ORIENTAL S.A. SUC. NOR ESTE,4108-GPL,Diesel Oil Importado,DIESEL_IMPORTADO,Ciudad,
2026-09-07,2026-09-07,True,False,Santa Cruz,GASOLINA ESPECIAL + (S/DSI),5000.0,L,REFINERIA ORIENTAL S.A. SUCURSAL MONTECRISTO,1095-ZCK,Gasolina Especial +,GASOLINA_ESPECIAL_MAS,Ciudad,
2026-09-07,2026-09-07,True,False,Santa Cruz,GASOLINA ESPECIAL + (S/DSI),15000.0,L,REFINERIA ORIENTAL S.A. SUCURSAL MONTECRISTO,2801-BYP,Gasolina Especial +,GASOLINA_ESPECIAL_MAS,Ciudad,
2026-09-07,2026-09-07,True,False,Santa Cruz,DIESEL OIL NACIONAL EESS,20000.0,L,ESTACION DE SERVICIO ARACATACA,863-XYY,Diesel Oil Nacional,DIESEL_NACIONAL,Provincia,
2026-09-07,2026-09-07,True,False,Santa Cruz,GASOLINA ESPECIAL + (S/DSI),20000.0,L,REFINERIA ORIENTAL S.A. SUC. NOR ESTE,1095-ZCK,Gasolina Especial +,GASOLINA_ESPECIAL_MAS,Ciudad,
2026-09-07,2026-09-07,True,False,Santa Cruz,DIESEL OIL IMPORTADO EESS,35000.0,L,ESTACION DE SERVICIO MONTAÑO S.R.L.,3031-PAN,Diesel Oil Importado,DIESEL_IMPORTADO,Ciudad,
2026-09-07,2026-09-07,True,False,Santa Cruz,GASOLINA ESPECIAL + (S/DSI),20000.0,L,ESTACION DE SERVICIO REFINERIA ORIENTAL S.A. - SUC. ZONA 4° ANILLO FRENTE A BUFALO PARK - SC,4530-FIY,Gasolina Especial +,GASOLINA_ESPECIAL_MAS,Ciudad,
2026-09-07,2026-09-07,True,False,Santa Cruz,GASOLINA ESPECIAL + (S/DSI),19900.0,L,ESTACION DE SERVICIO LA CIMA,297-ACK,Gasolina Especial +,GASOLINA_ESPECIAL_MAS,Ciudad,
2026-09-07,2026-09-07,True,False,Santa Cruz,GASOLINA ESPECIAL + EESS,20000.0,L,JARAJORECHI S.R.L.,652-SRU,Gasolina Especial +,GASOLINA_ESPECIAL_MAS,Provincia,
2026-09-07,2026-09-07,True,False,Santa Cruz,GASOLINA ESPECIAL + (S/DSI),20000.0,L,REFINERIA ORIENTAL S.A.-SUC. BARRIO LAZARETO,1113-EAA,Gasolina Especial +,GASOLINA_ESPECIAL_MAS,Ciudad,
2026-09-07,2026-09-07,True,False,Santa Cruz,GASOLINA ESPECIAL + (S/DSI),20000.0,L,REFINERIA ORIENTAL S.A.,4410-KXK,Gasolina Especial +,GASOLINA_ESPECIAL_MAS,Ciudad,
2026-09-07,2026-09-07,True,False,Santa Cruz,DIESEL OIL IMPORTADO EESS,15000.0,L,ESTACION DE SERVICIO EL TROMPILLO,851-SLG,Diesel Oil Importado,DIESEL_IMPORTADO,Ciudad,
2026-09-07,2026-09-07,True,False,Santa Cruz,GASOLINA ESPECIAL + (S/DSI),20000.0,L,ESTACION DE SERVICIO EL TROMPILLO,878-ENK,Gasolina Especial +,GASOLINA_ESPECIAL_MAS,Ciudad,
2026-09-07,2026-09-07,True,False,Santa Cruz,DIESEL OIL IMPORTADO EESS,20000.0,L,GENEX S.A-SUCURSAL S.C ZONA GUARACACHI,851-SLG,Diesel Oil Importado,DIESEL_IMPORTADO,Ciudad,
2026-09-07,2026-09-07,True,False,Santa Cruz,GASOLINA ESPECIAL + (S/DSI),25000.0,L,GENEX S.A-SUCURSAL S.C ZONA GUARACACHI,1115-DLF,Gasolina Especial +,GASOLINA_ESPECIAL_MAS,Ciudad,
2026-09-07,2026-09-07,True,False,Santa Cruz,GASOLINA ESPECIAL + (S/DSI),10000.0,L,GENEX S.A. SUCURSAL ZONA NOR ESTE,1169-YKS,Gasolina Especial +,GASOLINA_ESPECIAL_MAS,Ciudad,
2026-09-07,2026-09-07,True,False,Santa Cruz,GASOLINA ESPECIAL + (S/DSI),20000.0,L,GENEX S.A SUCURSAL SANTA CRUZ ZONA SANTA ROSA,1285-UKF,Gasolina Especial +,GASOLINA_ESPECIAL_MAS,Ciudad,
2026-09-07,2026-09-07,True,False,Santa Cruz,GASOLINA ESPECIAL + (S/DSI),20000.0,L,GENEX S.A SUCURSAL SANTA CRUZ ZONA ESTE,1169-YKS,Gasolina Especial +,GASOLINA_ESPECIAL_MAS,Ciudad,
2026-09-07,2026-09-05,True,True,Santa Cruz,DIESEL OIL NACIONAL EESS,25000.0,L,ESTACION DE SERVICIO EL BIBOSI MANANTIAL-LIMBERT JIMENEZ JALDIN,2014-TNN,Diesel Oil Nacional,DIESEL_NACIONAL,Provincia,
2026-09-07,2026-09-07,True,False,Santa Cruz,GASOLINA ESPECIAL + (S/DSI),20000.0,L,GENEX S.A SUCURSAL S.C ZONA GUALBERTO VILLARROEL,851-SLG,Gasolina Especial +,GASOLINA_ESPECIAL_MAS,Ciudad,
2026-09-07,2026-09-07,True,False,Santa Cruz,GASOLINA ESPECIAL + (S/DSI),15000.0,L,GENEX S.A SUCURSAL SANTA CRUZ ZONA LA RAMADA,1285-UKF,Gasolina Especial +,GASOLINA_ESPECIAL_MAS,Ciudad,
2026-09-07,2026-09-07,True,False,Santa Cruz,GASOLINA ESPECIAL + (S/DSI),20000.0,L,CIA BOLIVIANA DE GAS NATURAL COMPRIMIDO GENEX SA,1166-FCU,Gasolina Especial +,GASOLINA_ESPECIAL_MAS,Ciudad,
2026-09-07,2026-09-07,True,False,Santa Cruz,DIESEL OIL NACIONAL EESS,20000.0,L,ESTACION DE SERVICIO GASCAR S.R.L.,5342-KHY,Diesel Oil Nacional,DIESEL_NACIONAL,Provincia,
2026-09-07,2026-09-07,True,False,Santa Cruz,DIESEL OIL NACIONAL EESS,20000.0,L,ESTACION DE SERVICIO MIRANDA S.R.L.,2522-BEF,Diesel Oil Nacional,DIESEL_NACIONAL,Provincia,
2026-09-07,2026-09-07,True,False,Santa Cruz,DIESEL OIL IMPORTADO EESS,20000.0,L,ESTACION DE SERVICIO BI-OCEANICA S.R.L.,4269-HNT,Diesel Oil Importado,DIESEL_IMPORTADO,Ciudad,
2026-09-07,2026-09-07,True,False,Santa Cruz,DIESEL OIL IMPORTADO EESS,15000.0,L,ESTACION DE SERVICIO BI-OCEANICA S.R.L.,4269-HNT,Diesel Oil Importado,DIESEL_IMPORTADO,Ciudad,
2026-09-07,2026-09-07,True,False,Santa Cruz,GASOLINA ESPECIAL + (S/DSI),20000.0,L,ESTACION DE SERVICIO BI-OCEANICA S.R.L.,4269-HNT,Gasolina Especial +,GASOLINA_ESPECIAL_MAS,Ciudad,
2026-09-07,2026-09-07,True,False,Santa Cruz,DIESEL OIL NACIONAL EESS,25000.0,L,ESTACION DE SERVICIO MINERO-JHONNY QUINTEROS VASQUEZ,5351-UAG,Diesel Oil Nacional,DIESEL_NACIONAL,Provincia,
2026-09-07,2026-09-07,True,False,Santa Cruz,GASOLINA ESPECIAL + EESS,20000.0,L,ESTACION DE SERVICIO EL TINTO S.R.L.,303-DEH,Gasolina Especial +,GASOLINA_ESPECIAL_MAS,Provincia,
2026-09-07,2026-09-07,True,False,Santa Cruz,DIESEL OIL IMPORTADO EESS,35000.0,L,ESTACION DE SERVICIO RADIAL 10 - HUGO FLORERO ORELLANA,948-PYS,Diesel Oil Importado,DIESEL_IMPORTADO,Ciudad,
2026-09-07,2026-09-07,True,False,Santa Cruz,GASOLINA ESPECIAL + (S/DSI),10000.0,L,ESTACION DE SERVICIO RADIAL 10 - HUGO FLORERO ORELLANA,948-PYS,Gasolina Especial +,GASOLINA_ESPECIAL_MAS,Ciudad,
2026-09-07,2026-09-07,True,False,Santa Cruz,GASOLINA ESPECIAL + (S/DSI),10000.0,L,VANGAS S.A,1166-FCU,Gasolina Especial +,GASOLINA_ESPECIAL_MAS,Ciudad,
2026-09-07,2026-09-07,True,False,Santa Cruz,DIESEL OIL IMPORTADO EESS,20000.0,L,COMPLEJO AUTOMOTRIZ VIRGEN DE URKUPIÑA S.R.L.,1135-RGC,Diesel Oil Importado,DIESEL_IMPORTADO,Ciudad,
2026-09-07,2026-09-07,True,False,Santa Cruz,GASOLINA ESPECIAL + (S/DSI),20000.0,L,COMPLEJO AUTOMOTRIZ VIRGEN DE URKUPIÑA S.R.L.,950-ZBY,Gasolina Especial +,GASOLINA_ESPECIAL_MAS,Ciudad,
2026-09-07,2026-09-07,True,False,Santa Cruz,GASOLINA ESPECIAL + EESS,20000.0,L,ESTACION DE SERVICIO MINERO-JHONNY QUINTEROS VASQUEZ,512-ZZA,Gasolina Especial +,GASOLINA_ESPECIAL_MAS,Provincia,
2026-09-07,2026-09-07,True,False,Santa Cruz,GASOLINA ESPECIAL + (S/DSI),20000.0,L,ESTACION DE SERVICIO TRES PASOS AL FRENTE - VITALIANO ROJAS OLIVERA,2024-CIX,Gasolina Especial +,GASOLINA_ESPECIAL_MAS,Ciudad,
2026-09-07,2026-09-07,True,False,Santa Cruz,GASOLINA ESPECIAL + EESS,20000.0,L,SURTIDOR ACIPA - SJ S.R.L.,5247-XTG,Gasolina Especial +,GASOLINA_ESPECIAL_MAS,Provincia,
2026-09-07,2026-09-07,True,False,Santa Cruz,DIESEL OIL IMPORTADO EESS,20000.0,L,ESTACION DE SERVICIO TRES PASOS AL FRENTE - VITALIANO ROJAS OLIVERA,5002-IBN,Diesel Oil Importado,DIESEL_IMPORTADO,Ciudad,
2026-09-07,2026-09-07,True,False,Santa Cruz,GASOLINA ESPECIAL + (S/DSI),10000.0,L,ESTACION DE SERVICIO ORSA S.R.L.,5583-ADI,Gasolina Especial +,GASOLINA_ESPECIAL_MAS,Ciudad,
2026-09-07,2026-09-05,True,True,Santa Cruz,DIESEL OIL IMPORTADO EESS,5000.0,L,ESTACION DE SERVICIO TRES PASOS AL FRENTE - VITALIANO ROJAS OLIVERA,5002-IBN,Diesel Oil Importado,DIESEL_IMPORTADO,Ciudad,
2026-09-07,2026-09-07,True,False,Santa Cruz,DIESEL OIL NACIONAL EESS,25000.0,L,ESTACION DE SERVICIO PAULINA S.R.L.,130-TKT,Diesel Oil Nacional,DIESEL_NACIONAL,Provincia,
2026-09-07,2026-09-07,True,False,Santa Cruz,GASOLINA ESPECIAL + EESS,20000.0,L,ESTACION DE SERVICIO PAULINA S.R.L.,571-PDN,Gasolina Especial +,GASOLINA_ESPECIAL_MAS,Provincia,
2026-09-07,2026-09-07,True,False,Santa Cruz,DIESEL OIL IMPORTADO EESS,20000.0,L,ESTACION DE SERVICIO ELISA S.R.L.,1176-UST,Diesel Oil Importado,DIESEL_IMPORTADO,Ciudad,
2026-09-07,2026-09-05,True,True,Santa Cruz,GASOLINA ESPECIAL + EESS,20000.0,L,ESTACION DE SERVICIO KM. 75 S.R.L,107-XTA,Gasolina Especial +,GASOLINA_ESPECIAL_MAS,Provincia,
2026-09-07,2026-09-07,True,False,Santa Cruz,DIESEL OIL NACIONAL EESS,20000.0,L,ESTACION DE SERVICIO KM. 75 S.R.L,5305-YZL,Diesel Oil Nacional,DIESEL_NACIONAL,Provincia,
2026-09-07,2026-09-07,True,False,Santa Cruz,GASOLINA ESPECIAL + (S/DSI),5000.0,L,ESTACION DE SERVICIO 3F OIL S.R.L.,953-UFL,Gasolina Especial +,GASOLINA_ESPECIAL_MAS,Ciudad,
2026-09-07,2026-09-07,True,False,Santa Cruz,DIESEL OIL IMPORTADO EESS,10000.0,L,ESTACION DE SERVICIO 3F OIL S.R.L.,953-UFL,Diesel Oil Importado,DIESEL_IMPORTADO,Ciudad,
2026-09-07,2026-09-07,True,False,Santa Cruz,DIESEL OIL NACIONAL EESS,20000.0,L,ESTACION DE SERVICIO ORTIZ S.R.L.,086-BDL,Diesel Oil Nacional,DIESEL_NACIONAL,Provincia,
2026-09-07,2026-09-07,True,False,Santa Cruz,DIESEL OIL IMPORTADO EESS,20000.0,L,ESTACION DE SERVICIO MORAGRANDE S.R.L.,1893-NTP,Diesel Oil Importado,DIESEL_IMPORTADO,Ciudad,
2026-09-07,2026-09-05,True,True,Santa Cruz,GASOLINA ESPECIAL + EESS,5000.0,L,ESTACION DE SERVICIO VALLES CRUCEÑOS,1100-GFG,Gasolina Especial +,GASOLINA_ESPECIAL_MAS,Provincia,
2026-09-07,2026-09-07,True,False,Santa Cruz,DIESEL OIL IMPORTADO EESS,20000.0,L,ESTACION DE SERVICIO MORAGRANDE S.R.L. (SUC 1),2483-HBD,Diesel Oil Importado,DIESEL_IMPORTADO,Ciudad,
2026-09-07,2026-09-05,True,True,Santa Cruz,DIESEL OIL NACIONAL EESS,20000.0,L,SAN JOAQUIN I S.R.L.,1066-TKG,Diesel Oil Nacional,DIESEL_NACIONAL,Provincia,
2026-09-07,2026-09-07,True,False,Santa Cruz,GASOLINA ESPECIAL + (S/DSI),10000.0,L,LAS PALMAS S.R.L.,967-HFA,Gasolina Especial +,GASOLINA_ESPECIAL_MAS,Ciudad,
2026-09-07,2026-09-07,True,False,Santa Cruz,DIESEL OIL IMPORTADO EESS,30000.0,L,ESTACION DE SERVICIO EMANUEL S.R.L.,332-NTN,Diesel Oil Importado,DIESEL_IMPORTADO,Ciudad,
2026-09-07,2026-09-07,True,False,Santa Cruz,GASOLINA ESPECIAL + EESS,20000.0,L,ESTACION DE SERVICIO PORTACHUELO LTDA,599-AEA,Gasolina Especial +,GASOLINA_ESPECIAL_MAS,Provincia,
2026-09-07,2026-09-07,True,False,Santa Cruz,DIESEL OIL NACIONAL EESS,20000.0,L,PARTICIPACIONES E INVERSIONES EN GAS - PIGAS S.A.,1169-YKS,Diesel Oil Nacional,DIESEL_NACIONAL,Provincia,
2026-09-07,2026-09-07,True,False,Santa Cruz,DIESEL OIL IMPORTADO EESS,35000.0,L,CENTRO DE COMERCIO Y SERVICIOS VALDIVIA FERRUFINO S.R.L.,2330-NLD,Diesel Oil Importado,DIESEL_IMPORTADO,Ciudad,
2026-09-07,2026-09-05,True,True,Santa Cruz,GASOLINA ESPECIAL + EESS,20000.0,L,"EE.SS. COOP. DE SERVICIOS PUBLICOS DE AGUA POTABLE Y ALCANTARILLADO ""MONTES CLAROS"" R.L.",3134-RAX,Gasolina Especial +,GASOLINA_ESPECIAL_MAS,Provincia,
2026-09-07,2026-09-07,True,False,Santa Cruz,GASOLINA ESPECIAL + EESS,25000.0,L,"ESTACION DE SERVICIO ""S.J"" S.R.L.",3598-KXG,Gasolina Especial +,GASOLINA_ESPECIAL_MAS,Provincia,
2026-09-07,2026-09-05,True,True,Santa Cruz,GASOLINA ESPECIAL + EESS,10000.0,L,SURTIDOR SANTIAGUITO - E. FABIOLA TORRICO C.,2483-HPX,Gasolina Especial +,GASOLINA_ESPECIAL_MAS,Provincia,
2026-09-07,2026-09-05,True,True,Santa Cruz,GASOLINA ESPECIAL + EESS,20000.0,L,ESTACION DE SERVICIO GASCAR S.R.L.,5342-KHY,Gasolina Especial +,GASOLINA_ESPECIAL_MAS,Provincia,
2026-09-07,2026-09-05,True,True,Santa Cruz,GASOLINA ESPECIAL + EESS,15000.0,L,SAN JOAQUIN I S.R.L.,1066-TKG,Gasolina Especial +,GASOLINA_ESPECIAL_MAS,Provincia,
2026-09-07,2026-09-07,True,False,Santa Cruz,DIESEL OIL IMPORTADO EESS,20000.0,L,EMPRESA DE SERVICIOS 8 DE NOVIEMBRE LTDA.,1831-SEK,Diesel Oil Importado,DIESEL_IMPORTADO,Ciudad,
2026-09-07,2026-09-05,True,True,Santa Cruz,GASOLINA ESPECIAL + (S/DSI),5000.0,L,COMPLEJO AUTOMOTRIZ VIRGEN DE URKUPIÑA S.R.L.,950-ZBY,Gasolina Especial +,GASOLINA_ESPECIAL_MAS,Ciudad,
2026-09-07,2026-09-07,True,False,Santa Cruz,GASOLINA ESPECIAL + EESS,20000.0,L,ESTACION DE SERVICIO ICHILO SRL,2076-CUF,Gasolina Especial +,GASOLINA_ESPECIAL_MAS,Provincia,
2026-09-07,2026-09-07,True,False,Santa Cruz,GASOLINA ESPECIAL + (S/DSI),15000.0,L,ESTACION DE SERVICIO EL GASOMETRO S.R.L.,885-PZL,Gasolina Especial +,GASOLINA_ESPECIAL_MAS,Ciudad,
2026-09-07,2026-09-07,True,False,Santa Cruz,GASOLINA ESPECIAL + (S/DSI),25000.0,L,ESTACION DE SERVICIO ORSA SRL-SUCURSAL 1,5583-ADI,Gasolina Especial +,GASOLINA_ESPECIAL_MAS,Provincia,
2026-09-07,2026-09-07,True,False,Santa Cruz,DIESEL OIL IMPORTADO EESS,20000.0,L,ESTACION DE SERVICIO EL TAROPE - JHONNY AGUILAR ADRIAZOLA,1745-PCU,Diesel Oil Importado,DIESEL_IMPORTADO,Ciudad,
2026-09-07,2026-09-07,True,False,Santa Cruz,GASOLINA ESPECIAL + (S/DSI),20000.0,L,ESTACION DE SERVICIO LA CHORRERA SRL,885-PZL,Gasolina Especial +,GASOLINA_ESPECIAL_MAS,Ciudad,
2026-09-07,2026-09-07,True,False,Santa Cruz,DIESEL OIL IMPORTADO EESS,20000.0,L,ESTACION DE SERVICIO CLUB GAZEL S.R.L.,2229-HLP,Diesel Oil Importado,DIESEL_IMPORTADO,Ciudad,
2026-09-07,2026-09-07,True,False,Santa Cruz,DIESEL OIL IMPORTADO EESS,20000.0,L,ESTACION DE SERVICIO LA COLORADA,2120-PKF,Diesel Oil Importado,DIESEL_IMPORTADO,Ciudad,
2026-09-07,2026-09-07,True,False,Santa Cruz,DIESEL OIL IMPORTADO EESS,25000.0,L,ESTACION DE SERVICIO LAS ORQUIDEAS S.R.L.,5351-UAG,Diesel Oil Importado,DIESEL_IMPORTADO,Ciudad,
2026-09-07,2026-09-07,True,False,Santa Cruz,DIESEL OIL IMPORTADO EESS,35000.0,L,BICENTENARIO SRL,2434-YRP,Diesel Oil Importado,DIESEL_IMPORTADO,,
2026-09-07,2026-09-07,True,False,Santa Cruz,GASOLINA ESPECIAL + (S/DSI),20000.0,L,ESTACION DE SERVICIO LAS ORQUIDEAS S.R.L.,711-XUH,Gasolina Especial +,GASOLINA_ESPECIAL_MAS,Ciudad,
2026-09-07,2026-09-07,True,False,Santa Cruz,DIESEL OIL IMPORTADO EESS,20000.0,L,ESTACION DE SERVICIO PANTANAL DEL ORIENTE-ALVARO LUIS AGUILAR ADRIAZOLA,955-YPK,Diesel Oil Importado,DIESEL_IMPORTADO,Ciudad,
2026-09-07,2026-09-07,True,False,Santa Cruz,DIESEL OIL IMPORTADO EESS,35000.0,L,ESTACION DE SERVICIO LA CHORRERA SRL,885-PYH,Diesel Oil Importado,DIESEL_IMPORTADO,Ciudad,
2026-09-07,2026-09-07,True,False,Santa Cruz,DIESEL OIL IMPORTADO EESS,20000.0,L,SURTIDOR COTOCA - JOSE RAMIRO AYALA FLORES,2338-FGD,Diesel Oil Importado,DIESEL_IMPORTADO,Ciudad,
2026-09-07,2026-09-07,True,False,Santa Cruz,GASOLINA ESPECIAL + (S/DSI),10000.0,L,ESTACION DE SERVICIO MORAGRANDE S.R.L.,1893-NTP,Gasolina Especial +,GASOLINA_ESPECIAL_MAS,Ciudad,
2026-09-07,2026-09-07,True,False,Santa Cruz,DIESEL OIL NACIONAL EESS,35000.0,L,SURTIDOR ACIPA - SJ S.R.L.,6475-PAS,Diesel Oil Nacional,DIESEL_NACIONAL,Provincia,
2026-09-07,2026-09-07,True,False,Santa Cruz,GASOLINA ESPECIAL + (S/DSI),20000.0,L,ESTACION DE SERVICIO YOTAU S.R.L.,3792-ENE,Gasolina Especial +,GASOLINA_ESPECIAL_MAS,Ciudad,
2026-09-07,2026-09-07,True,False,Santa Cruz,DIESEL OIL IMPORTADO EESS,35000.0,L,ESTACION DE SERVICIO YOTAU S.R.L.,1066-ISS,Diesel Oil Importado,DIESEL_IMPORTADO,Ciudad,
2026-09-07,2026-09-07,True,False,Santa Cruz,GASOLINA ESPECIAL + (S/DSI),20000.0,L,ESTACION DE SERVICIO EL ARROYO S.R.L.,1299-GNA,Gasolina Especial +,GASOLINA_ESPECIAL_MAS,Ciudad,
2026-09-07,2026-09-07,True,False,Santa Cruz,GASOLINA ESPECIAL + (S/DSI),10000.0,L,ESTACION DE SERVICIO LOS MANGALES S.R.L.,1005-XLH,Gasolina Especial +,GASOLINA_ESPECIAL_MAS,Ciudad,
2026-09-07,2026-09-07,True,False,Santa Cruz,DIESEL OIL NACIONAL EESS,25000.0,L,ESTACION DE SERVICIO LAS CONCHAS S.R.L.,1275-RHG,Diesel Oil Nacional,DIESEL_NACIONAL,Provincia,
2026-09-07,2026-09-07,True,False,Santa Cruz,DIESEL OIL IMPORTADO EESS,30000.0,L,ESTACION DE SERVICIO GUAYACAN S.R.L.,294-PHT,Diesel Oil Importado,DIESEL_IMPORTADO,Ciudad,
2026-09-07,2026-09-07,True,False,Santa Cruz,GASOLINA ESPECIAL + (S/DSI),20000.0,L,ESTACION DE SERVICIO GUAYACAN S.R.L.,727-YTY,Gasolina Especial +,GASOLINA_ESPECIAL_MAS,Ciudad,
2026-09-07,2026-09-07,True,False,Santa Cruz,GASOLINA ESPECIAL + EESS,20000.0,L,ABERI SRL,1408-PLU,Gasolina Especial +,GASOLINA_ESPECIAL_MAS,Provincia,
2026-09-07,2026-09-07,True,False,Santa Cruz,DIESEL OIL IMPORTADO EESS,25000.0,L,ESTACION DE SERVICIO LOS MANGALES S.R.L.,1005-XLH,Diesel Oil Importado,DIESEL_IMPORTADO,Ciudad,
2026-09-07,2026-09-07,True,False,Santa Cruz,DIESEL OIL IMPORTADO EESS,10000.0,L,ESTACION DE SERVICIO RIVERO - LUIS ANTONIO RIVERO AÑEZ,681-FDU,Diesel Oil Importado,DIESEL_IMPORTADO,Ciudad,
2026-09-07,2026-09-07,True,False,Santa Cruz,GASOLINA ESPECIAL + EESS,20000.0,L,SURTIDOR EL PATUJU - ROGELIO LA FUENTE OLIVERA,1330-AEN,Gasolina Especial +,GASOLINA_ESPECIAL_MAS,Provincia,
2026-09-07,2026-09-07,True,False,Santa Cruz,DIESEL OIL NACIONAL EESS,30000.0,L,ESTACION DE SERVICIO ARNEZ - LUIS ARNEZ ONOFRE,1163-LHT,Diesel Oil Nacional,DIESEL_NACIONAL,Provincia,
2026-09-07,2026-09-07,True,False,Santa Cruz,GASOLINA ESPECIAL + (S/DSI),20000.0,L,R&E 3000 S.R.L.,1197-ATI,Gasolina Especial +,GASOLINA_ESPECIAL_MAS,Ciudad,
2026-09-07,2026-09-07,True,False,Santa Cruz,DIESEL OIL IMPORTADO EESS,20000.0,L,R&E 3000 S.R.L.,1197-ATI,Diesel Oil Importado,DIESEL_IMPORTADO,Ciudad,
2026-09-07,2026-09-07,True,False,Santa Cruz,GASOLINA ESPECIAL + EESS,5000.0,L,ESTACION DE SERVICIO MONTERO - MARIA DEL ROSARIO COLQUE QUIROZ,1330-AEN,Gasolina Especial +,GASOLINA_ESPECIAL_MAS,Provincia,
2026-09-07,2026-09-07,True,False,Santa Cruz,GASOLINA ESPECIAL + EESS,15000.0,L,ESTACION DE SERVICIO MONTERO - MARIA DEL ROSARIO COLQUE QUIROZ,1798-PKI,Gasolina Especial +,GASOLINA_ESPECIAL_MAS,Provincia,
2026-09-07,2026-09-07,True,False,Santa Cruz,GASOLINA ESPECIAL + (S/DSI),20000.0,L,"EMPRESA DAVILA IMPORTADORA-EXPORTADORA S.R.L. ""DAIMPORT - EXPORT LTDA""",1383-DKA,Gasolina Especial +,GASOLINA_ESPECIAL_MAS,Ciudad,
2026-09-07,2026-09-07,True,False,Santa Cruz,GASOLINA ESPECIAL + (S/DSI),20000.0,L,"ESTACION DE SERVICIO ""GUAPAY"" S.R.L.",447-PSY,Gasolina Especial +,GASOLINA_ESPECIAL_MAS,Ciudad,
2026-09-07,2026-09-07,True,False,Santa Cruz,DIESEL OIL IMPORTADO EESS,25000.0,L,ESTACION DE SERVICIO REYNALDO CORTEZ QUISPE,5312-NXE,Diesel Oil Importado,DIESEL_IMPORTADO,Ciudad,
2026-09-07,2026-09-07,True,False,Santa Cruz,GASOLINA ESPECIAL + EESS,20000.0,L,ESTACION DE SERVICIO EL BATO,1502-UIR,Gasolina Especial +,GASOLINA_ESPECIAL_MAS,Provincia,
2026-09-07,2026-09-07,True,False,Santa Cruz,DIESEL OIL IMPORTADO EESS,35000.0,L,ESTACION DE SERVICIO TOTAITU N&T S.R.L.,2390-XBX,Diesel Oil Importado,DIESEL_IMPORTADO,Ciudad,
2026-09-07,2026-09-07,True,False,Santa Cruz,GASOLINA ESPECIAL + (S/DSI),20000.0,L,ESTACION DE SERVICIO MORAGRANDE S.R.L. (SUC 1),2483-HBD,Gasolina Especial +,GASOLINA_ESPECIAL_MAS,Ciudad,
2026-09-07,2026-09-07,True,False,Santa Cruz,GASOLINA ESPECIAL + (S/DSI),20000.0,L,ESTACION DE SERVICIO TOTAITU N&T S.R.L.,1029-ZIN,Gasolina Especial +,GASOLINA_ESPECIAL_MAS,Ciudad,
2026-09-07,2026-09-07,True,False,Santa Cruz,DIESEL OIL IMPORTADO EESS,20000.0,L,"EMPRESA DAVILA IMPORTADORA-EXPORTADORA S.R.L. ""DAIMPORT - EXPORT LTDA""",846-IXK,Diesel Oil Importado,DIESEL_IMPORTADO,Ciudad,
2026-09-07,2026-09-07,True,False,Santa Cruz,GASOLINA ESPECIAL + (S/DSI),20000.0,L,ESTACION DE SERVICIO QUINTO ANILLO S.R.L.,558-XDK(1),Gasolina Especial +,GASOLINA_ESPECIAL_MAS,Ciudad,
2026-09-07,2026-09-07,True,False,Santa Cruz,DIESEL OIL IMPORTADO EESS,35000.0,L,ESTACION DE SERVICIO QUINTO ANILLO S.R.L.,3018-UKU,Diesel Oil Importado,DIESEL_IMPORTADO,Ciudad,
2026-09-07,2026-09-07,True,False,Santa Cruz,DIESEL OIL IMPORTADO EESS,10000.0,L,ESTACION DE SERVICIO EL ARROYO S.R.L.,1299-GNA,Diesel Oil Importado,DIESEL_IMPORTADO,Ciudad,
2026-09-07,2026-09-05,True,True,Santa Cruz,GASOLINA ESPECIAL + (S/DSI),20000.0,L,COMPAÑIA COMERCIAL DE GAS COMPRIMIDO C.G.C. S.R.L.,2511-RLA,Gasolina Especial +,GASOLINA_ESPECIAL_MAS,Ciudad,
2026-09-07,2026-09-04,True,True,Santa Cruz,DIESEL OIL NACIONAL EESS,25000.0,L,ESTACION DE SERVICIO GASOCONCE - ENRIQUE SERAFIN SUAREZ CASTEDO,1070-DDA,Diesel Oil Nacional,DIESEL_NACIONAL,Provincia,
2026-09-07,2026-09-04,True,True,Santa Cruz,DIESEL OIL NACIONAL EESS,10000.0,L,"EE.SS. COOP. DE SERVICIOS PUBLICOS DE AGUA POTABLE Y ALCANTARILLADO ""MONTES CLAROS"" R.L.",3134-RAX,Diesel Oil Nacional,DIESEL_NACIONAL,Provincia,
2026-09-07,2026-09-07,True,False,Santa Cruz,GLP DISTRIB. 10 KILOS NAL,8100.0,L,SOPESE S.R.L.,578-IEC,GLP,GLP,,
2026-09-07,2026-09-07,True,False,Santa Cruz,GLP DISTRIB. 10 KILOS NAL,6900.0,L,GONZALES A. RONALD LEONEL - DIST. CORDIGAS,472-KZD,GLP,GLP,,
2026-09-07,2026-09-05,True,True,Santa Cruz,GLP DISTRIB. 10 KILOS NAL,7700.0,L,DIST. GLP. CRUCEÑITA VASA S.R.L.,2492-YHT,GLP,GLP,,
2026-09-07,2026-09-07,True,False,Santa Cruz,GLP DISTRIB. 10 KILOS NAL,12030.0,L,AGROGAS S.R.L.,547-ZXY,GLP,GLP,,
2026-09-07,2026-09-04,True,True,Santa Cruz,GASOLINA ESPECIAL + EESS,15000.0,L,PARTICIPACIONES E INVERSIONES EN GAS - PIGAS S.A.,1169-YKS,Gasolina Especial +,GASOLINA_ESPECIAL_MAS,Provincia,
2026-09-07,2026-09-07,True,False,Santa Cruz,GLP DISTRIB. 10 KILOS NAL,9740.0,L,DIST. GLP. OSCAR GAS - Betty Maldonado,2443-ICK,GLP,GLP,,
2026-09-07,2026-09-05,True,True,Santa Cruz,GLP DISTRIB. 10 KILOS NAL,10680.0,L,DIST.GLP.CAMPO GAS-ELSA FELICIDAD USCAMAYTA CHOQUE DE TAPIA,324 - TXH,GLP,GLP,,
2026-09-07,2026-09-04,True,True,Santa Cruz,DIESEL OIL NACIONAL EESS,25000.0,L,ESTACION DE SERVICIO SAN JOSE DE YAPACANI S.R.L.,1488-SXU,Diesel Oil Nacional,DIESEL_NACIONAL,Provincia,
2026-09-07,2026-09-07,True,False,Santa Cruz,GLP DISTRIB. 45 KILOS NAL,3330.0,L,DIST. GLP. VALLE GAS - Nancy Arteaga de Lazo,727-LNX,GLP,GLP,,
2026-09-07,2026-09-04,True,True,Santa Cruz,GASOLINA ESPECIAL + (S/DSI),20000.0,L,SURTIDOR COTOCA - JOSE RAMIRO AYALA FLORES,2338-FGD,Gasolina Especial +,GASOLINA_ESPECIAL_MAS,Ciudad,
2026-09-07,2026-09-04,True,True,Santa Cruz,GLP DISTRIB. 10 KILOS NAL,11720.0,L,DIST. GLP. ALTAMARGAS Juan Pablo Melgarejo Iriarte,6683-TRA,GLP,GLP,,
2026-09-07,2026-09-03,True,True,Santa Cruz,GLP DISTRIB. 10 KILOS NAL,2160.0,L,DIST. GLP. VALLE GAS - Nancy Arteaga de Lazo,3040-NGN,GLP,GLP,,
2026-09-07,2026-09-04,True,True,Santa Cruz,GLP DISTRIB. 10 KILOS NAL,12330.0,L,JYRL GAS - LOURDES MORALES DE QUIROZ,302-HDB,GLP,GLP,,
2026-09-07,2026-09-07,True,False,Santa Cruz,DIESEL OIL IMPORTADO EESS,10000.0,L,ESTACION DE SERVICIO BI-OCEANICA S.R.L.,4269-HNT,Diesel Oil Importado,DIESEL_IMPORTADO,Ciudad,
2026-09-07,2026-09-07,True,False,Santa Cruz,DIESEL OIL IMPORTADO EESS,30000.0,L,ESTACION DE SERVICIOS VIRGEN DE COTOCA S.R.L.,1174-GCP,Diesel Oil Importado,DIESEL_IMPORTADO,Ciudad,
2026-09-07,2026-09-07,True,False,Santa Cruz,DIESEL OIL IMPORTADO EESS,20000.0,L,ESTACION DE SERVICIO LA CHORRERA SRL,885-PYH,Diesel Oil Importado,DIESEL_IMPORTADO,Ciudad,
2026-09-07,2026-09-07,True,False,Santa Cruz,GASOLINA ESPECIAL + (S/DSI),15000.0,L,SURTIDOR EL PALMAR - DIONICIO CONDORI RODRIGUEZ,782-YPK,Gasolina Especial +,GASOLINA_ESPECIAL_MAS,Ciudad,
2026-09-07,2026-09-07,True,False,Santa Cruz,DIESEL OIL IMPORTADO EESS,35000.0,L,ESTACION DE SERVICIO SAN LUIS,244-ANI,Diesel Oil Importado,DIESEL_IMPORTADO,Ciudad,
2026-09-07,2026-09-07,True,False,Santa Cruz,GASOLINA ESPECIAL + (S/DSI),15000.0,L,GAS DEL ESTE S.R.L.,622-IUN,Gasolina Especial +,GASOLINA_ESPECIAL_MAS,Ciudad,
2026-09-07,2026-09-07,True,False,Santa Cruz,GASOLINA ESPECIAL + EESS,20000.0,L,ESTACION DE SERVICIO LA GUARDIA,1803-YHK,Gasolina Especial +,GASOLINA_ESPECIAL_MAS,Provincia,
2026-09-07,2026-09-07,True,False,Santa Cruz,DIESEL OIL NACIONAL EESS,35000.0,L,ESTACION DE SERVICIO SAYE S.R.L.,2079-FUL,Diesel Oil Nacional,DIESEL_NACIONAL,Provincia,
2026-09-07,2026-09-07,True,False,Santa Cruz,DIESEL OIL NACIONAL EESS,25000.0,L,SURTIDOR SANTIAGUITO - E. FABIOLA TORRICO C.,2483-HPX,Diesel Oil Nacional,DIESEL_NACIONAL,Provincia,
2026-09-07,2026-09-07,True,False,Santa Cruz,DIESEL OIL NACIONAL EESS,20000.0,L,ESTACION DE SERVICIO RUTA NORTE S.R.L.,3589-UKG,Diesel Oil Nacional,DIESEL_NACIONAL,Provincia,
2026-09-07,2026-09-07,True,False,Santa Cruz,GASOLINA ESPECIAL + (S/DSI),20000.0,L,ESTACION DE SERVICIO DAVILA S.R.L.,1445-CDA,Gasolina Especial +,GASOLINA_ESPECIAL_MAS,Ciudad,
2026-09-07,2026-09-07,True,False,Santa Cruz,GASOLINA ESPECIAL + (S/DSI),20000.0,L,ESTACION DE SERVICIO PANTANAL DEL ORIENTE-ALVARO LUIS AGUILAR ADRIAZOLA,2497-AFH,Gasolina Especial +,GASOLINA_ESPECIAL_MAS,Ciudad,
2026-09-07,2026-09-07,True,False,Santa Cruz,DIESEL OIL NACIONAL EESS,25000.0,L,ESTACION DE SERVICIO CARLOS ANDRES FI S.R.L.,373-ACE,Diesel Oil Nacional,DIESEL_NACIONAL,Provincia,
2026-09-07,2026-09-07,True,False,Santa Cruz,DIESEL OIL NACIONAL EESS,25000.0,L,ESTACION DE SERVICIO MACONDO,1074-IHH,Diesel Oil Nacional,DIESEL_NACIONAL,Provincia,
2026-09-07,2026-09-07,True,False,Santa Cruz,DIESEL OIL NACIONAL EESS,5000.0,L,ESTACION DE SERVICIO CHANE,1074-IHH,Diesel Oil Nacional,DIESEL_NACIONAL,Provincia,
2026-09-07,2026-09-07,True,False,Santa Cruz,DIESEL OIL NACIONAL EESS,20000.0,L,ESTACION DE SERVICIO CHANE,399-LZN,Diesel Oil Nacional,DIESEL_NACIONAL,Provincia,
2026-09-07,2026-09-07,True,False,Santa Cruz,GLP DISTRIB. 10 KILOS NAL,6970.0,L,DIST. GLP TURISMO GAS - JOSE FRANKLIN ORQUERA PAZ,1554-XYI,GLP,GLP,,
2026-09-07,2026-09-07,True,False,Santa Cruz,GASOLINA ESPECIAL + (S/DSI),20000.0,L,GASCO S.R.L.,5775-AXE,Gasolina Especial +,GASOLINA_ESPECIAL_MAS,Ciudad,
2026-09-07,2026-09-07,True,False,Santa Cruz,DIESEL OIL IMPORTADO EESS,25000.0,L,SERVICIOS GENERALES LA CAÑADA S.R.L.,2215-HBF,Diesel Oil Importado,DIESEL_IMPORTADO,Ciudad,
2026-09-07,2026-09-07,True,False,Santa Cruz,GASOLINA ESPECIAL + (S/DSI),5000.0,L,ESTACION DE SERVICIO SANTA MARIA,1044-PLP,Gasolina Especial +,GASOLINA_ESPECIAL_MAS,Ciudad,
2026-09-07,2026-09-07,True,False,Santa Cruz,GASOLINA ESPECIAL + (S/DSI),15000.0,L,ESTACION DE SERVICIO SANTA MARIA,1044-PLP,Gasolina Especial +,GASOLINA_ESPECIAL_MAS,Ciudad,
2026-09-07,2026-09-07,True,False,Santa Cruz,GASOLINA ESPECIAL + (S/DSI),20000.0,L,SURTIDOR VARDONA - SUSANA POEHLMANN GARCIA,475-CBB,Gasolina Especial +,GASOLINA_ESPECIAL_MAS,Ciudad,
2026-09-07,2026-09-07,True,False,Santa Cruz,GASOLINA ESPECIAL + (S/DSI),20000.0,L,ESTACION DE SERVICIO PALMASOLA,1044-PLP,Gasolina Especial +,GASOLINA_ESPECIAL_MAS,Ciudad,
2026-09-07,2026-09-07,True,False,Santa Cruz,DIESEL OIL IMPORTADO EESS,25000.0,L,ESTACION DE SERVICIO PALMASOLA,514-HAC,Diesel Oil Importado,DIESEL_IMPORTADO,Ciudad,
2026-09-07,2026-09-07,True,False,Santa Cruz,GASOLINA ESPECIAL + (S/DSI),20000.0,L,Z & Z LTDA,331-PID,Gasolina Especial +,GASOLINA_ESPECIAL_MAS,Ciudad,
2026-09-07,2026-09-07,True,False,Santa Cruz,GLP DISTRIB. 10 KILOS NAL,6360.0,L,DIST. GLP ÑUFLO DE CHAVEZ-KALA QUISPE RINA,2215-UHR,GLP,GLP,,
2026-09-07,2026-09-07,True,False,Santa Cruz,GASOLINA ESPECIAL + (S/DSI),15000.0,L,ESTACION DE SERVICIO SAN LUIS I,543-PUY,Gasolina Especial +,GASOLINA_ESPECIAL_MAS,Ciudad,
2026-09-07,2026-09-07,True,False,Santa Cruz,GASOLINA ESPECIAL + (S/DSI),20000.0,L,ESTACION DE SERVICIO SAN LUIS,543-PUY,Gasolina Especial +,GASOLINA_ESPECIAL_MAS,Ciudad,
2026-09-07,2026-09-07,True,False,Santa Cruz,GASOLINA ESPECIAL + (S/DSI),20000.0,L,ESTACION DE SERVICIO LOS COYUYOS-JULIA GONZALES,3994-CKU,Gasolina Especial +,GASOLINA_ESPECIAL_MAS,Ciudad,
2026-09-07,2026-09-07,True,False,Santa Cruz,GASOLINA ESPECIAL + (S/DSI),20000.0,L,ESTACION DE SERVICIO EL TERO TERO DE CHICHITA - RODRIGO REMY AQUINO ALVARADO,2468-GTE,Gasolina Especial +,GASOLINA_ESPECIAL_MAS,Ciudad,
2026-09-07,2026-09-07,True,False,Santa Cruz,GASOLINA ESPECIAL + (S/DSI),10000.0,L,ESTACION DE SERVICIO EL TAROPE - JHONNY AGUILAR ADRIAZOLA,1745-PCU,Gasolina Especial +,GASOLINA_ESPECIAL_MAS,Ciudad,
2026-09-06,2026-09-06,True,False,Santa Cruz,DIESEL OIL IMPORTADO EESS,5000.0,L,ESTACION DE SERVICIO EL TROMPILLO,652-SRU,Diesel Oil Importado,DIESEL_IMPORTADO,Ciudad,
2026-09-06,2026-09-06,True,False,Santa Cruz,DIESEL OIL IMPORTADO EESS,25000.0,L,ESTACION DE SERVICIO SAN LUIS,1896-RPH,Diesel Oil Importado,DIESEL_IMPORTADO,Ciudad,
2026-09-06,2026-09-06,True,False,Santa Cruz,DIESEL OIL NACIONAL EESS,20000.0,L,ESTACION DE SERVICIO ARACATACA,863-XYY,Diesel Oil Nacional,DIESEL_NACIONAL,Provincia,
2026-09-06,2026-09-06,True,False,Santa Cruz,DIESEL OIL IMPORTADO EESS,10000.0,L,GENEX S.A-SUCURSAL S.C ZONA GUARACACHI,652-SRU,Diesel Oil Importado,DIESEL_IMPORTADO,Ciudad,
2026-09-06,2026-09-06,True,False,Santa Cruz,DIESEL OIL IMPORTADO EESS,5000.0,L,CIA BOLIVIANA DE GAS NATURAL COMPRIMIDO GENEX SA,652-SRU,Diesel Oil Importado,DIESEL_IMPORTADO,Ciudad,
2026-09-06,2026-09-06,True,False,Santa Cruz,DIESEL OIL NACIONAL EESS,20000.0,L,MUYURINA LTDA,647-NPX,Diesel Oil Nacional,DIESEL_NACIONAL,Provincia,
2026-09-06,2026-09-06,True,False,Santa Cruz,DIESEL OIL IMPORTADO EESS,25000.0,L,ESTACION DE SERVICIO LOS COYUYOS-JULIA GONZALES,3994-CKU,Diesel Oil Importado,DIESEL_IMPORTADO,Ciudad,
2026-09-06,2026-09-06,True,False,Santa Cruz,GASOLINA ESPECIAL + (S/DSI),10000.0,L,GASCO S.R.L.,1493-PDD,Gasolina Especial +,GASOLINA_ESPECIAL_MAS,Ciudad,
2026-09-06,2026-09-06,True,False,Santa Cruz,DIESEL OIL IMPORTADO EESS,5000.0,L,ESTACION DE SERVICIO LA CIMA,297-ACK,Diesel Oil Importado,DIESEL_IMPORTADO,Ciudad,
2026-09-06,2026-09-06,True,False,Santa Cruz,GASOLINA ESPECIAL + (S/DSI),10000.0,L,ESTACION DE SERVICIO LA CIMA,297-ACK,Gasolina Especial +,GASOLINA_ESPECIAL_MAS,Ciudad,
2026-09-06,2026-09-05,True,True,Santa Cruz,DIESEL OIL NACIONAL EESS,35000.0,L,ESTACION DE SERVICIO SAYE S.R.L.,344-ZDG,Diesel Oil Nacional,DIESEL_NACIONAL,Provincia,
2026-09-06,2026-09-06,True,False,Santa Cruz,DIESEL OIL NACIONAL EESS,20000.0,L,ESTACION DE SERVICIO EL AGRICULTOR-CLAUDINA PILLCO LOZA,873-XBS,Diesel Oil Nacional,DIESEL_NACIONAL,Provincia,
2026-09-06,2026-09-06,True,False,Santa Cruz,DIESEL OIL IMPORTADO EESS,25000.0,L,ESTACION DE SERVICIO VERGARA - FABIOLA NOEMI ZORRILLO VERGARA,846-IXK,Diesel Oil Importado,DIESEL_IMPORTADO,Ciudad,
2026-09-06,2026-09-06,True,False,Santa Cruz,DIESEL OIL NACIONAL EESS,20000.0,L,ESTACION DE SERVICIO GASCAR S.R.L.,5342-KHY,Diesel Oil Nacional,DIESEL_NACIONAL,Provincia,
2026-09-06,2026-09-06,True,False,Santa Cruz,DIESEL OIL NACIONAL EESS,20000.0,L,ESTACION DE SERVICIO TIERRAS BAJAS SRL.,483-XYF,Diesel Oil Nacional,DIESEL_NACIONAL,Provincia,
2026-09-06,2026-09-06,True,False,Santa Cruz,DIESEL OIL NACIONAL EESS,20000.0,L,ESTACION DE SERVICIO CONCEPCION SRL,4713-YZU,Diesel Oil Nacional,DIESEL_NACIONAL,Provincia,
2026-09-06,2026-09-06,True,False,Santa Cruz,GASOLINA ESPECIAL + EESS,10000.0,L,ESTACION DE SERVICIO CONCEPCION SRL,4713-YZU,Gasolina Especial +,GASOLINA_ESPECIAL_MAS,Provincia,
2026-09-06,2026-09-06,True,False,Santa Cruz,DIESEL OIL NACIONAL EESS,25000.0,L,ESTACION DE SERVICIO RUTA NORTE S.R.L.,3589-UKG,Diesel Oil Nacional,DIESEL_NACIONAL,Provincia,
2026-09-06,2026-09-06,True,False,Santa Cruz,DIESEL OIL NACIONAL EESS,20000.0,L,ESTACION DE SERVICIO SUR SRL-SUCURSAL 4,5297-HAT,Diesel Oil Nacional,DIESEL_NACIONAL,Provincia,
2026-09-06,2026-09-06,True,False,Santa Cruz,DIESEL OIL NACIONAL EESS,20000.0,L,COMPAÑIA COMERCIALIZADORA BOLIVIANA DE HIDROCARBUROS CONFI S.R.L.,2986-INR,Diesel Oil Nacional,DIESEL_NACIONAL,Provincia,
2026-09-06,2026-09-06,True,False,Santa Cruz,DIESEL OIL NACIONAL EESS,20000.0,L,ESTACION DE SERVICIO AGUAI S.R.L.,1487-PDD,Diesel Oil Nacional,DIESEL_NACIONAL,Provincia,
2026-09-06,2026-09-06,True,False,Santa Cruz,DIESEL OIL NACIONAL EESS,20000.0,L,"ESTACION DE SERVICIO ""S.J"" S.R.L.",3598-KXG,Diesel Oil Nacional,DIESEL_NACIONAL,Provincia,
2026-09-06,2026-09-06,True,False,Santa Cruz,GASOLINA ESPECIAL + (S/DSI),10000.0,L,ESTACION DE SERVICIO EL TERO TERO DE CHICHITA - RODRIGO REMY AQUINO ALVARADO,2468-GTE,Gasolina Especial +,GASOLINA_ESPECIAL_MAS,Ciudad,
2026-09-06,2026-09-06,True,False,Santa Cruz,DIESEL OIL IMPORTADO EESS,5000.0,L,ESTACION DE SERVICIO EL TERO TERO DE CHICHITA - RODRIGO REMY AQUINO ALVARADO,2468-GTE,Diesel Oil Importado,DIESEL_IMPORTADO,Ciudad,
2026-09-06,2026-09-06,True,False,Santa Cruz,GASOLINA ESPECIAL + EESS,10000.0,L,ESTACION DE SERVICIO MINERO-JHONNY QUINTEROS VASQUEZ,512-ZZA,Gasolina Especial +,GASOLINA_ESPECIAL_MAS,Provincia,
2026-09-06,2026-09-06,True,False,Santa Cruz,DIESEL OIL NACIONAL EESS,20000.0,L,ESTACION DE SERVICIO MINERO-JHONNY QUINTEROS VASQUEZ,5351-UAG,Diesel Oil Nacional,DIESEL_NACIONAL,Provincia,
2026-09-06,2026-09-06,True,False,Santa Cruz,DIESEL OIL NACIONAL EESS,20000.0,L,ESTACION DE SERVICIO DANA S.R.L.,2182-HII,Diesel Oil Nacional,DIESEL_NACIONAL,Provincia,
2026-09-06,2026-09-06,True,False,Santa Cruz,DIESEL OIL NACIONAL EESS,20000.0,L,ESTACION DE SERVICIO SAN SILVESTRE,2265-BKN,Diesel Oil Nacional,DIESEL_NACIONAL,Provincia,
2026-09-06,2026-09-06,True,False,Santa Cruz,GASOLINA ESPECIAL + EESS,10000.0,L,ESTACION DE SERVICIO SAN SILVESTRE,2265-BKN,Gasolina Especial +,GASOLINA_ESPECIAL_MAS,Provincia,
2026-09-06,2026-09-06,True,False,Santa Cruz,GASOLINA ESPECIAL + (S/DSI),10000.0,L,ESTACION DE SERVICIO VERGARA - FABIOLA NOEMI ZORRILLO VERGARA,1189-IUF,Gasolina Especial +,GASOLINA_ESPECIAL_MAS,Ciudad,
2026-09-06,2026-09-06,True,False,Santa Cruz,DIESEL OIL IMPORTADO EESS,5000.0,L,ESTACION DE SERVICIO RADIAL 10 - HUGO FLORERO ORELLANA,948-PYS,Diesel Oil Importado,DIESEL_IMPORTADO,Ciudad,
2026-09-06,2026-09-06,True,False,Santa Cruz,GASOLINA ESPECIAL + (S/DSI),10000.0,L,ESTACION DE SERVICIO LAS CONCHAS S.R.L.-SUCURSAL LA ENCONADA,1275-RHG,Gasolina Especial +,GASOLINA_ESPECIAL_MAS,Provincia,
2026-09-06,2026-09-06,True,False,Santa Cruz,DIESEL OIL IMPORTADO EESS,20000.0,L,ESTACION DE SERVICIO RADIAL 10 - HUGO FLORERO ORELLANA,948-PYS,Diesel Oil Importado,DIESEL_IMPORTADO,Ciudad,
2026-09-06,2026-09-06,True,False,Santa Cruz,DIESEL OIL NACIONAL EESS,20000.0,L,ESTACION DE SERVICIO LAS CONCHAS S.R.L.,1275-RHG,Diesel Oil Nacional,DIESEL_NACIONAL,Provincia,
2026-09-06,2026-09-06,True,False,Santa Cruz,DIESEL OIL IMPORTADO EESS,25000.0,L,ESTACION DE SERVICIO PIRAI S.R.L. SUC. DOBLE VIA LA GUARDIA ESQ. OCTAVO ANILLO,4410-KXK,Diesel Oil Importado,DIESEL_IMPORTADO,Ciudad,
2026-09-06,2026-09-06,True,False,Santa Cruz,DIESEL OIL NACIONAL EESS,25000.0,L,ESTACION DE SERVICIO ICHILO SRL,2076-CUF,Diesel Oil Nacional,DIESEL_NACIONAL,Provincia,
2026-09-06,2026-09-06,True,False,Santa Cruz,DIESEL OIL NACIONAL EESS,20000.0,L,ESTACION DE SERVICIO PIRAI S.R.L. SUCURSAL 1,4530-FIY,Diesel Oil Nacional,DIESEL_NACIONAL,Provincia,
2026-09-06,2026-09-06,True,False,Santa Cruz,GASOLINA ESPECIAL + (S/DSI),10000.0,L,ESTACION DE SERVICIO PIRAI S.R.L. SUC. DOBLE VIA LA GUARDIA ESQ. OCTAVO ANILLO,1999-CDP,Gasolina Especial +,GASOLINA_ESPECIAL_MAS,Ciudad,
2026-09-06,2026-09-06,True,False,Santa Cruz,GASOLINA ESPECIAL + (S/DSI),10000.0,L,ESTACION DE SERVICIO PIRAI S.R.L.,717-IFH,Gasolina Especial +,GASOLINA_ESPECIAL_MAS,Ciudad,
2026-09-06,2026-09-06,True,False,Santa Cruz,DIESEL OIL IMPORTADO EESS,25000.0,L,ESTACION DE SERVICIO SUR S.R.L.-SUCURSAL ESTACION DE SERVICIO LA TECA,1390-DBC,Diesel Oil Importado,DIESEL_IMPORTADO,Ciudad,
2026-09-06,2026-09-06,True,False,Santa Cruz,DIESEL OIL IMPORTADO EESS,5000.0,L,ESTACION DE SERVICIO URBARI SRL,375-KIH,Diesel Oil Importado,DIESEL_IMPORTADO,Ciudad,
2026-09-06,2026-09-06,True,False,Santa Cruz,DIESEL OIL IMPORTADO EESS,5000.0,L,ESTACION DE SERVICIO SUR SRL SUCURSAL 3,1113-EAA,Diesel Oil Importado,DIESEL_IMPORTADO,Ciudad,
2026-09-06,2026-09-06,True,False,Santa Cruz,DIESEL OIL IMPORTADO EESS,20000.0,L,ESTACION DE SERVICIO SUR SRL SUCURSAL 3,437-KYY,Diesel Oil Importado,DIESEL_IMPORTADO,Ciudad,
2026-09-06,2026-09-06,True,False,Santa Cruz,DIESEL OIL IMPORTADO EESS,10000.0,L,ESTACION DE SERVICIO SUR S.R.L. SUCURSAL 2,1113-EAA,Diesel Oil Importado,DIESEL_IMPORTADO,Ciudad,
2026-09-06,2026-09-06,True,False,Santa Cruz,DIESEL OIL IMPORTADO EESS,15000.0,L,ESTACION DE SERVICIO SUR S.R.L. SUCURSAL 2,437-KYY,Diesel Oil Importado,DIESEL_IMPORTADO,Ciudad,
2026-09-06,2026-09-06,True,False,Santa Cruz,DIESEL OIL NACIONAL EESS,20000.0,L,ESTACION DE SERVICIO SUR S.R.L. SUCURSAL MONTE VERDE,1095-ZCK,Diesel Oil Nacional,DIESEL_NACIONAL,Provincia,
2026-09-06,2026-09-06,True,False,Santa Cruz,GASOLINA ESPECIAL + (S/DSI),10000.0,L,ESTACION DE SERVICIO SUR S.R.L.-SUCURSAL ESTACION DE SERVICIO LA TECA,1388-TGA,Gasolina Especial +,GASOLINA_ESPECIAL_MAS,Ciudad,
2026-09-06,2026-09-06,True,False,Santa Cruz,GASOLINA ESPECIAL + (S/DSI),10000.0,L,ESTACION DE SERVICIO SUR SRL SUCURSAL 3,5775-AXE,Gasolina Especial +,GASOLINA_ESPECIAL_MAS,Ciudad,
2026-09-06,2026-09-06,True,False,Santa Cruz,GASOLINA ESPECIAL + (S/DSI),10000.0,L,ESTACION DE SERVICIO SUR S.R.L. SUCURSAL 2,5775-AXE,Gasolina Especial +,GASOLINA_ESPECIAL_MAS,Ciudad,
2026-09-06,2026-09-06,True,False,Santa Cruz,GASOLINA ESPECIAL + (S/DSI),10000.0,L,ESTACION DE SERVICIO SUR S.R.L. SUCURSAL 1,514-HHE,Gasolina Especial +,GASOLINA_ESPECIAL_MAS,Ciudad,
2026-09-06,2026-09-06,True,False,Santa Cruz,GASOLINA ESPECIAL + (S/DSI),10000.0,L,ESTACION DE SERVICIO SUR S.R.L.,4410-LAU,Gasolina Especial +,GASOLINA_ESPECIAL_MAS,Ciudad,
2026-09-06,2026-09-06,True,False,Santa Cruz,DIESEL OIL IMPORTADO EESS,15000.0,L,REFINERIA ORIENTAL S.A. SUCURSAL MONTECRISTO,4108-GPL,Diesel Oil Importado,DIESEL_IMPORTADO,Ciudad,
2026-09-06,2026-09-06,True,False,Santa Cruz,DIESEL OIL IMPORTADO EESS,10000.0,L,REFINERIA ORIENTAL S.A. SUCURSAL MONTECRISTO,1390-DBC,Diesel Oil Importado,DIESEL_IMPORTADO,Ciudad,
2026-09-06,2026-09-06,True,False,Santa Cruz,DIESEL OIL IMPORTADO EESS,5000.0,L,REFINERIA ORIENTAL S.A. SUC. NOR ESTE,4108-GPL,Diesel Oil Importado,DIESEL_IMPORTADO,Ciudad,
2026-09-06,2026-09-06,True,False,Santa Cruz,DIESEL OIL IMPORTADO EESS,5000.0,L,ESTACION DE SERVICIO REFINERIA ORIENTAL S.A. - SUC. ZONA 4° ANILLO FRENTE A BUFALO PARK - SC,1113-EAA,Diesel Oil Importado,DIESEL_IMPORTADO,Ciudad,
2026-09-06,2026-09-06,True,False,Santa Cruz,GASOLINA ESPECIAL + (S/DSI),9900.0,L,ESTACION DE SERVICIO URBARI SRL,375-KIH,Gasolina Especial +,GASOLINA_ESPECIAL_MAS,Ciudad,
2026-09-06,2026-09-06,True,False,Santa Cruz,DIESEL OIL IMPORTADO EESS,10000.0,L,REFINERIA ORIENTAL S.A.-SUC. BARRIO LAZARETO,4108-GPL,Diesel Oil Importado,DIESEL_IMPORTADO,Ciudad,
2026-09-06,2026-09-06,True,False,Santa Cruz,GASOLINA ESPECIAL + (S/DSI),10000.0,L,REFINERIA ORIENTAL S.A. SUCURSAL MONTECRISTO,1388-TGA,Gasolina Especial +,GASOLINA_ESPECIAL_MAS,Ciudad,
2026-09-06,2026-09-06,True,False,Santa Cruz,GASOLINA ESPECIAL + (S/DSI),10000.0,L,REFINERIA ORIENTAL S.A. SUC. NOR ESTE,1999-CDP,Gasolina Especial +,GASOLINA_ESPECIAL_MAS,Ciudad,
2026-09-06,2026-09-06,True,False,Santa Cruz,GASOLINA ESPECIAL + (S/DSI),10000.0,L,ESTACION DE SERVICIO REFINERIA ORIENTAL S.A. - SUC. ZONA 4° ANILLO FRENTE A BUFALO PARK - SC,717-IFH,Gasolina Especial +,GASOLINA_ESPECIAL_MAS,Ciudad,
2026-09-06,2026-09-06,True,False,Santa Cruz,GASOLINA ESPECIAL + (S/DSI),10000.0,L,REFINERIA ORIENTAL S.A.-SUC. TERCER ANILLO INTERNO FRENTE CANCHITA ROYAL,4410-LAU,Gasolina Especial +,GASOLINA_ESPECIAL_MAS,Ciudad,
2026-09-06,2026-09-06,True,False,Santa Cruz,GASOLINA ESPECIAL + (S/DSI),10000.0,L,REFINERIA ORIENTAL S.A.-SUC. BARRIO LAZARETO,1493-PDD,Gasolina Especial +,GASOLINA_ESPECIAL_MAS,Ciudad,
2026-09-06,2026-09-06,True,False,Santa Cruz,GASOLINA ESPECIAL + (S/DSI),10000.0,L,REFINERIA ORIENTAL S.A.,514-HHE,Gasolina Especial +,GASOLINA_ESPECIAL_MAS,Ciudad,
2026-09-06,2026-09-06,True,False,Santa Cruz,GASOLINA ESPECIAL + (S/DSI),10000.0,L,ESTACION DE SERVICIO SAN LUIS,543-PUY,Gasolina Especial +,GASOLINA_ESPECIAL_MAS,Ciudad,
2026-09-06,2026-09-06,True,False,Santa Cruz,GASOLINA ESPECIAL + (S/DSI),10000.0,L,ESTACION DE SERVICIO SAN LUIS I,543-PUY,Gasolina Especial +,GASOLINA_ESPECIAL_MAS,Ciudad,
2026-09-06,2026-09-06,True,False,Santa Cruz,DIESEL OIL NACIONAL EESS,25000.0,L,COMERCIALIZADORA DE HIDROCARBUROS ABJ S.R.L,6398-RNI,Diesel Oil Nacional,DIESEL_NACIONAL,Provincia,
2026-09-06,2026-09-06,True,False,Santa Cruz,DIESEL OIL IMPORTADO EESS,25000.0,L,R&E 3000 S.R.L.,1197-ATI,Diesel Oil Importado,DIESEL_IMPORTADO,Ciudad,
2026-09-06,2026-09-06,True,False,Santa Cruz,DIESEL OIL NACIONAL EESS,20000.0,L,GOTEON S.R.L.,2093-GRU,Diesel Oil Nacional,DIESEL_NACIONAL,Provincia,
2026-09-06,2026-09-06,True,False,Santa Cruz,GASOLINA ESPECIAL + (S/DSI),10000.0,L,ESTACION DE SERVICIO ORSA S.R.L.,5583-ADI,Gasolina Especial +,GASOLINA_ESPECIAL_MAS,Ciudad,
2026-09-06,2026-09-06,True,False,Santa Cruz,DIESEL OIL IMPORTADO EESS,5000.0,L,ESTACION DE SERVICIO ORSA SRL-SUCURSAL 1,5583-ADI,Diesel Oil Importado,DIESEL_IMPORTADO,Provincia,
2026-09-06,2026-09-06,True,False,Santa Cruz,DIESEL OIL IMPORTADO EESS,25000.0,L,SURTIDOR COTOCA - JOSE RAMIRO AYALA FLORES,2338-FGD,Diesel Oil Importado,DIESEL_IMPORTADO,Ciudad,
2026-09-06,2026-09-06,True,False,Santa Cruz,DIESEL OIL NACIONAL EESS,20000.0,L,ESTACION DE SERVICIO LA CUEVA - ROLANDO CHAVEZ VACA,1176-SCT,Diesel Oil Nacional,DIESEL_NACIONAL,Provincia,
2026-09-06,2026-09-06,True,False,Santa Cruz,DIESEL OIL NACIONAL EESS,20000.0,L,ESTACION DE SERVICIO EL MIRADOR - SONIA SORUCO ROCA,1128-PIA,Diesel Oil Nacional,DIESEL_NACIONAL,Provincia,
2026-09-06,2026-09-06,True,False,Santa Cruz,DIESEL OIL NACIONAL EESS,20000.0,L,ESTACION DE SERVICIO VELEZ-HEBERTH VELEZ CORTEZ,2801-GAB,Diesel Oil Nacional,DIESEL_NACIONAL,Provincia,
2026-09-06,2026-09-06,True,False,Santa Cruz,DIESEL OIL NACIONAL EESS,20000.0,L,ESTACION DE SERVICIO PAULINA S.R.L.,571-PDN,Diesel Oil Nacional,DIESEL_NACIONAL,Provincia,
2026-09-06,2026-09-06,True,False,Santa Cruz,DIESEL OIL IMPORTADO EESS,25000.0,L,ESTACION DE SERVICIO DAVILA S.R.L.,1445-CDA,Diesel Oil Importado,DIESEL_IMPORTADO,Ciudad,
2026-09-06,2026-09-06,True,False,Santa Cruz,GASOLINA ESPECIAL + (S/DSI),10000.0,L,ESTACION DE SERVICIO CLUB GAZEL S.R.L.,2434-YRP,Gasolina Especial +,GASOLINA_ESPECIAL_MAS,Ciudad,
2026-09-06,2026-09-06,True,False,Santa Cruz,DIESEL OIL IMPORTADO EESS,25000.0,L,ESTACION DE SERVICIO CLUB GAZEL S.R.L.,2434-YRP,Diesel Oil Importado,DIESEL_IMPORTADO,Ciudad,
2026-09-06,2026-09-06,True,False,Santa Cruz,DIESEL OIL NACIONAL EESS,20000.0,L,ESTACION DE SERVICIO PORTACHUELO LTDA,6397-KXT,Diesel Oil Nacional,DIESEL_NACIONAL,Provincia,
2026-09-06,2026-09-06,True,False,Santa Cruz,GASOLINA ESPECIAL + (S/DSI),10000.0,L,ESTACION DE SERVICIO LA COLORADA,2229-HLP,Gasolina Especial +,GASOLINA_ESPECIAL_MAS,Ciudad,
2026-09-06,2026-09-06,True,False,Santa Cruz,DIESEL OIL IMPORTADO EESS,25000.0,L,ESTACION DE SERVICIO LA COLORADA,2229-HLP,Diesel Oil Importado,DIESEL_IMPORTADO,Ciudad,
2026-09-06,2026-09-05,True,True,Santa Cruz,GASOLINA ESPECIAL + EESS,20000.0,L,ESTACION DE SERVICIO DURAZNERO-DANA FLORES DAVALOS,2182-HII,Gasolina Especial +,GASOLINA_ESPECIAL_MAS,Provincia,
2026-09-06,2026-09-06,True,False,Santa Cruz,DIESEL OIL IMPORTADO EESS,25000.0,L,ESTACION DE SERVICIO REYNALDO CORTEZ QUISPE,5312-NXE,Diesel Oil Importado,DIESEL_IMPORTADO,Ciudad,
2026-09-06,2026-09-06,True,False,Santa Cruz,DIESEL OIL IMPORTADO EESS,25000.0,L,BICENTENARIO SRL,2120-PKF,Diesel Oil Importado,DIESEL_IMPORTADO,,
2026-09-06,2026-09-06,True,False,Santa Cruz,DIESEL OIL IMPORTADO EESS,24000.0,L,YVU CENTRO DE SERVICIOS Y COMERCIO S.R.L.,1060-PIT,Diesel Oil Importado,DIESEL_IMPORTADO,Ciudad,
2026-09-06,2026-09-06,True,False,Santa Cruz,GASOLINA ESPECIAL + (S/DSI),10000.0,L,ESTACION DE SERVICIO DICOR S.R.L.,1557-ICL-1,Gasolina Especial +,GASOLINA_ESPECIAL_MAS,Ciudad,
2026-09-06,2026-09-06,True,False,Santa Cruz,DIESEL OIL IMPORTADO EESS,15000.0,L,ESTACION DE SERVICIO TRES PASOS AL FRENTE - VITALIANO ROJAS OLIVERA,5002-IBN,Diesel Oil Importado,DIESEL_IMPORTADO,Ciudad,
2026-09-06,2026-09-06,True,False,Santa Cruz,GASOLINA ESPECIAL + (S/DSI),10000.0,L,ESTACION DE SERVICIO EL GASOMETRO S.R.L.,1329-NRI,Gasolina Especial +,GASOLINA_ESPECIAL_MAS,Ciudad,
2026-09-06,2026-09-06,True,False,Santa Cruz,GASOLINA ESPECIAL + (S/DSI),10000.0,L,ESTACION DE SERVICIO TRES PASOS AL FRENTE - VITALIANO ROJAS OLIVERA,5002-IBN,Gasolina Especial +,GASOLINA_ESPECIAL_MAS,Ciudad,
2026-09-06,2026-09-06,True,False,Santa Cruz,GASOLINA ESPECIAL + EESS,10000.0,L,SURTIDOR EL PATUJU - ROGELIO LA FUENTE OLIVERA,1330-AEN,Gasolina Especial +,GASOLINA_ESPECIAL_MAS,Provincia,
2026-09-06,2026-09-06,True,False,Santa Cruz,DIESEL OIL IMPORTADO EESS,25000.0,L,ESTACION DE SERVICIO DICOR S.R.L.,1557-ICL,Diesel Oil Importado,DIESEL_IMPORTADO,Ciudad,
2026-09-06,2026-09-06,True,False,Santa Cruz,GASOLINA ESPECIAL + (S/DSI),10000.0,L,YVU CENTRO DE SERVICIOS Y COMERCIO S.R.L.,1060-PIT,Gasolina Especial +,GASOLINA_ESPECIAL_MAS,Ciudad,
2026-09-06,2026-09-06,True,False,Santa Cruz,DIESEL OIL NACIONAL EESS,20000.0,L,SURTIDOR EL PATUJU - ROGELIO LA FUENTE OLIVERA,1330-AEN,Diesel Oil Nacional,DIESEL_NACIONAL,Provincia,
2026-09-06,2026-09-06,True,False,Santa Cruz,GASOLINA ESPECIAL + EESS,10000.0,L,ESTACION DE SERVICIO ARNEZ - LUIS ARNEZ ONOFRE,4093-ZZN,Gasolina Especial +,GASOLINA_ESPECIAL_MAS,Provincia,
2026-09-06,2026-09-06,True,False,Santa Cruz,DIESEL OIL NACIONAL EESS,20000.0,L,ESTACION DE SERVICIO ARNEZ - LUIS ARNEZ ONOFRE,4093-ZZN,Diesel Oil Nacional,DIESEL_NACIONAL,Provincia,
2026-09-06,2026-09-06,True,False,Santa Cruz,GASOLINA ESPECIAL + (S/DSI),10000.0,L,ESTACION DE SERVICIO 3F OIL S.R.L.,953-UFL,Gasolina Especial +,GASOLINA_ESPECIAL_MAS,Ciudad,
2026-09-06,2026-09-06,True,False,Santa Cruz,GASOLINA ESPECIAL + EESS,10000.0,L,ESTACION DE SERVICIO MONTERO - MARIA DEL ROSARIO COLQUE QUIROZ,1865-TSA,Gasolina Especial +,GASOLINA_ESPECIAL_MAS,Provincia,
2026-09-06,2026-09-06,True,False,Santa Cruz,GASOLINA ESPECIAL + EESS,10000.0,L,ESTACION DE SERVICIO EL JUNTE-ALEJANDRA MARIEL BALCAZAR PAZ,553-ESR,Gasolina Especial +,GASOLINA_ESPECIAL_MAS,Provincia,
2026-09-06,2026-09-06,True,False,Santa Cruz,DIESEL OIL NACIONAL EESS,20000.0,L,ESTACION DE SERVICIO MONTERO - MARIA DEL ROSARIO COLQUE QUIROZ,1865-TSA,Diesel Oil Nacional,DIESEL_NACIONAL,Provincia,
2026-09-06,2026-09-06,True,False,Santa Cruz,DIESEL OIL NACIONAL EESS,20000.0,L,ESTACION DE SERVICIO EL JUNTE-ALEJANDRA MARIEL BALCAZAR PAZ,553-ESR,Diesel Oil Nacional,DIESEL_NACIONAL,Provincia,
2026-09-06,2026-09-06,True,False,Santa Cruz,DIESEL OIL NACIONAL EESS,20000.0,L,ESTACION DE SERVICIO VALLES CRUCEÑOS,4524-HSA,Diesel Oil Nacional,DIESEL_NACIONAL,Provincia,
2026-09-06,2026-09-06,True,False,Santa Cruz,DIESEL OIL IMPORTADO EESS,5000.0,L,"ESTACION DE SERVICIO ""GUAPAY"" S.R.L.",447-PSY,Diesel Oil Importado,DIESEL_IMPORTADO,Ciudad,
2026-09-06,2026-09-06,True,False,Santa Cruz,DIESEL OIL IMPORTADO EESS,25000.0,L,ESTACION DE SERVICIO 3F OIL S.R.L.,953-UFL,Diesel Oil Importado,DIESEL_IMPORTADO,Ciudad,
2026-09-06,2026-09-06,True,False,Santa Cruz,GASOLINA ESPECIAL + (S/DSI),10000.0,L,"ESTACION DE SERVICIO ""GUAPAY"" S.R.L.",447-PSY,Gasolina Especial +,GASOLINA_ESPECIAL_MAS,Ciudad,
2026-09-06,2026-09-06,True,False,Santa Cruz,DIESEL OIL IMPORTADO EESS,25000.0,L,ESTACION DE SERVICIO EL TAROPE - JHONNY AGUILAR ADRIAZOLA,1745-PCU,Diesel Oil Importado,DIESEL_IMPORTADO,Ciudad,
2026-09-06,2026-09-06,True,False,Santa Cruz,DIESEL OIL IMPORTADO EESS,5000.0,L,ESTACION DE SERVICIO APAZA-PATRICIA JORGE DE APAZA,2858-XHR,Diesel Oil Importado,DIESEL_IMPORTADO,Ciudad,
2026-09-06,2026-09-06,True,False,Santa Cruz,DIESEL OIL IMPORTADO EESS,20000.0,L,ESTACION DE SERVICIO APAZA-PATRICIA JORGE DE APAZA,2858-XHR,Diesel Oil Importado,DIESEL_IMPORTADO,Ciudad,
2026-09-06,2026-09-06,True,False,Santa Cruz,GASOLINA ESPECIAL + (S/DSI),10000.0,L,ESTACION DE SERVICIO APAZA-PATRICIA JORGE DE APAZA,2858-XHR,Gasolina Especial +,GASOLINA_ESPECIAL_MAS,Ciudad,
2026-09-06,2026-09-06,True,False,Santa Cruz,DIESEL OIL NACIONAL EESS,20000.0,L,SURTIDOR ACIPA - SJ S.R.L.,4120-ZNB,Diesel Oil Nacional,DIESEL_NACIONAL,Provincia,
2026-09-06,2026-09-06,True,False,Santa Cruz,GASOLINA ESPECIAL + EESS,10000.0,L,SURTIDOR ACIPA - SJ S.R.L.,4120-ZNB,Gasolina Especial +,GASOLINA_ESPECIAL_MAS,Provincia,
2026-09-06,2026-09-06,True,False,Santa Cruz,DIESEL OIL NACIONAL EESS,20000.0,L,ESTACION DE SERVICIO LOS BIBOSIS S.R.L.,5631-AZA,Diesel Oil Nacional,DIESEL_NACIONAL,Provincia,
2026-09-06,2026-09-06,True,False,Santa Cruz,DIESEL OIL IMPORTADO EESS,5000.0,L,Z & Z LTDA,110-IYX,Diesel Oil Importado,DIESEL_IMPORTADO,Ciudad,
2026-09-06,2026-09-06,True,False,Santa Cruz,GASOLINA ESPECIAL + (S/DSI),10000.0,L,ESTACION DE SERVICIO SANTA MARIA,1044-PLP,Gasolina Especial +,GASOLINA_ESPECIAL_MAS,Ciudad,
2026-09-06,2026-09-06,True,False,Santa Cruz,DIESEL OIL IMPORTADO EESS,25000.0,L,ESTACION DE SERVICIO GUAYACAN S.R.L.,1190-YPG,Diesel Oil Importado,DIESEL_IMPORTADO,Ciudad,
2026-09-06,2026-09-06,True,False,Santa Cruz,DIESEL OIL IMPORTADO EESS,5000.0,L,ESTACION DE SERVICIO SANTA MARIA,1044-PLP,Diesel Oil Importado,DIESEL_IMPORTADO,Ciudad,
2026-09-06,2026-09-06,True,False,Santa Cruz,GASOLINA ESPECIAL + (S/DSI),10000.0,L,ESTACION DE SERVICIO PALMASOLA,1044-PLP,Gasolina Especial +,GASOLINA_ESPECIAL_MAS,Ciudad,
2026-09-06,2026-09-06,True,False,Santa Cruz,GASOLINA ESPECIAL + (S/DSI),10000.0,L,ESTACION DE SERVICIO GUAYACAN S.R.L.,2506-IHP,Gasolina Especial +,GASOLINA_ESPECIAL_MAS,Ciudad,
2026-09-06,2026-09-06,True,False,Santa Cruz,DIESEL OIL IMPORTADO EESS,25000.0,L,ESTACION DE SERVICIO PALMASOLA,1044-PLP,Diesel Oil Importado,DIESEL_IMPORTADO,Ciudad,
2026-09-06,2026-09-05,True,True,Santa Cruz,DIESEL OIL NACIONAL EESS,20000.0,L,ESTACION DE SERVICIO COCA-ENRRIQUE COCA LOPEZ,1132-FZP,Diesel Oil Nacional,DIESEL_NACIONAL,Provincia,
2026-09-06,2026-09-06,True,False,Santa Cruz,DIESEL OIL IMPORTADO EESS,25000.0,L,ESTACION DE SERVICIO ELISA S.R.L.,5351-UAG,Diesel Oil Importado,DIESEL_IMPORTADO,Ciudad,
2026-09-06,2026-09-06,True,False,Santa Cruz,DIESEL OIL IMPORTADO EESS,20000.0,L,ESTACION DE SERVICIO MONTAÑO S.R.L.,1062-SLY,Diesel Oil Importado,DIESEL_IMPORTADO,Ciudad,
2026-09-06,2026-09-06,True,False,Santa Cruz,GASOLINA ESPECIAL + (S/DSI),10000.0,L,Z & Z LTDA,110-IYX,Gasolina Especial +,GASOLINA_ESPECIAL_MAS,Ciudad,
2026-09-06,2026-09-06,True,False,Santa Cruz,DIESEL OIL IMPORTADO EESS,5000.0,L,ESTACION DE SERVICIO MONTAÑO S.R.L.,1062-SLY,Diesel Oil Importado,DIESEL_IMPORTADO,Ciudad,
2026-09-06,2026-09-06,True,False,Santa Cruz,GASOLINA ESPECIAL + (S/DSI),10000.0,L,ESTACION DE SERVICIO MONTAÑO S.R.L.,1062-SLY,Gasolina Especial +,GASOLINA_ESPECIAL_MAS,Ciudad,
2026-09-06,2026-09-06,True,False,Santa Cruz,GASOLINA ESPECIAL + EESS,10000.0,L,ESTACION DE SERVICIO LOS BIBOSIS S.R.L.,5631-AZA,Gasolina Especial +,GASOLINA_ESPECIAL_MAS,Provincia,
2026-09-06,2026-09-06,True,False,Santa Cruz,DIESEL OIL NACIONAL EESS,20000.0,L,ESTACION DE SERVICIO PETRO VAL S.R.L.,1292-AKT,Diesel Oil Nacional,DIESEL_NACIONAL,Provincia,
2026-09-06,2026-09-06,True,False,Santa Cruz,DIESEL OIL NACIONAL EESS,20000.0,L,CENTRO DE COMERCIO SANTA RITAKM32 S.R.L.,3853-BSD,Diesel Oil Nacional,DIESEL_NACIONAL,Provincia,
2026-09-06,2026-09-06,True,False,Santa Cruz,DIESEL OIL IMPORTADO EESS,5000.0,L,ESTACION DE SERVICIO BI-OCEANICA S.R.L.,4269-HNT,Diesel Oil Importado,DIESEL_IMPORTADO,Ciudad,
2026-09-06,2026-09-06,True,False,Santa Cruz,DIESEL OIL IMPORTADO EESS,25000.0,L,ESTACION DE SERVICIO EMANUEL S.R.L.,332-NTN,Diesel Oil Importado,DIESEL_IMPORTADO,Ciudad,
2026-09-06,2026-09-06,True,False,Santa Cruz,DIESEL OIL IMPORTADO EESS,5000.0,L,SURTIDOR CLUBOL - RUTH JIMENEZ DE MONROY,5312-NXE,Diesel Oil Importado,DIESEL_IMPORTADO,Ciudad,
2026-09-06,2026-09-06,True,False,Santa Cruz,GASOLINA ESPECIAL + EESS,10000.0,L,ESTACION DE SERVICIO PORTACHUELO LTDA,599-AEA,Gasolina Especial +,GASOLINA_ESPECIAL_MAS,Provincia,
2026-09-06,2026-09-06,True,False,Santa Cruz,GASOLINA ESPECIAL + (S/DSI),10000.0,L,SURTIDOR CLUBOL - RUTH JIMENEZ DE MONROY,5312-NXE,Gasolina Especial +,GASOLINA_ESPECIAL_MAS,Ciudad,
2026-09-06,2026-09-06,True,False,Santa Cruz,DIESEL OIL IMPORTADO EESS,20000.0,L,ESTACION DE SERVICIO BI-OCEANICA S.R.L.,4269-HNT,Diesel Oil Importado,DIESEL_IMPORTADO,Ciudad,
2026-09-06,2026-09-06,True,False,Santa Cruz,DIESEL OIL IMPORTADO EESS,5000.0,L,ESTACION DE SERVICIO RIVERO - LUIS ANTONIO RIVERO AÑEZ,681-FDU,Diesel Oil Importado,DIESEL_IMPORTADO,Ciudad,
2026-09-06,2026-09-06,True,False,Santa Cruz,GASOLINA ESPECIAL + (S/DSI),10000.0,L,ESTACION DE SERVICIO ORSA SRL-SUCURSAL 1,5583-ADI,Gasolina Especial +,GASOLINA_ESPECIAL_MAS,Provincia,
2026-09-06,2026-09-06,True,False,Santa Cruz,DIESEL OIL IMPORTADO EESS,25000.0,L,ESTACION DE SERVICIO LAS ORQUIDEAS S.R.L.,5351-UAG,Diesel Oil Importado,DIESEL_IMPORTADO,Ciudad,
2026-09-06,2026-09-06,True,False,Santa Cruz,GASOLINA ESPECIAL + (S/DSI),10000.0,L,ESTACION DE SERVICIO RIVERO - LUIS ANTONIO RIVERO AÑEZ,681-FDU,Gasolina Especial +,GASOLINA_ESPECIAL_MAS,Ciudad,
2026-09-06,2026-09-06,True,False,Santa Cruz,DIESEL OIL IMPORTADO EESS,25000.0,L,CENTRO DE COMERCIO Y SERVICIOS VALDIVIA FERRUFINO S.R.L.,2330-NLD,Diesel Oil Importado,DIESEL_IMPORTADO,Ciudad,
2026-09-06,2026-09-06,True,False,Santa Cruz,DIESEL OIL IMPORTADO EESS,25000.0,L,ESTACION DE SERVICIO LOS MANGALES S.R.L.,1005-XLH,Diesel Oil Importado,DIESEL_IMPORTADO,Ciudad,
2026-09-06,2026-09-06,True,False,Santa Cruz,GASOLINA ESPECIAL + (S/DSI),10000.0,L,ESTACION DE SERVICIO BI-OCEANICA S.R.L.,4269-HNT,Gasolina Especial +,GASOLINA_ESPECIAL_MAS,Ciudad,
2026-09-06,2026-09-06,True,False,Santa Cruz,DIESEL OIL IMPORTADO EESS,25000.0,L,ESTACION DE SERVICIO MORAGRANDE S.R.L. (SUC 1),2483-HBD,Diesel Oil Importado,DIESEL_IMPORTADO,Ciudad,
2026-09-06,2026-09-06,True,False,Santa Cruz,GASOLINA ESPECIAL + (S/DSI),10000.0,L,ESTACION DE SERVICIO LA CHORRERA SRL,1393-GFA,Gasolina Especial +,GASOLINA_ESPECIAL_MAS,Ciudad,
2026-09-06,2026-09-06,True,False,Santa Cruz,DIESEL OIL IMPORTADO EESS,25000.0,L,ESTACION DE SERVICIO LA CHORRERA SRL,1393-GFA,Diesel Oil Importado,DIESEL_IMPORTADO,Ciudad,
2026-09-06,2026-09-06,True,False,Santa Cruz,DIESEL OIL IMPORTADO EESS,25000.0,L,ESTACION DE SERVICIO MORAGRANDE S.R.L.,1893-NTP,Diesel Oil Importado,DIESEL_IMPORTADO,Ciudad,
2026-09-06,2026-09-06,True,False,Santa Cruz,DIESEL OIL IMPORTADO EESS,25000.0,L,ESTACION DE SERVICIO PANTANAL DEL ORIENTE-ALVARO LUIS AGUILAR ADRIAZOLA,584-RKD,Diesel Oil Importado,DIESEL_IMPORTADO,Ciudad,
2026-09-06,2026-09-06,True,False,Santa Cruz,DIESEL OIL IMPORTADO EESS,5000.0,L,ESTACION DE SERVICIO EL ARROYO S.R.L.,1299-GNA,Diesel Oil Importado,DIESEL_IMPORTADO,Ciudad,
2026-09-06,2026-09-06,True,False,Santa Cruz,DIESEL OIL IMPORTADO EESS,25000.0,L,ESTACION DE SERVICIO TOTAITU N&T S.R.L.,1029-ZIN,Diesel Oil Importado,DIESEL_IMPORTADO,Ciudad,
2026-09-06,2026-09-06,True,False,Santa Cruz,DIESEL OIL IMPORTADO EESS,25000.0,L,ESTACION DE SERVICIO YOTAU S.R.L.,1066-ISS,Diesel Oil Importado,DIESEL_IMPORTADO,Ciudad,
2026-09-06,2026-09-06,True,False,Santa Cruz,DIESEL OIL IMPORTADO EESS,25000.0,L,"EMPRESA DAVILA IMPORTADORA-EXPORTADORA S.R.L. ""DAIMPORT - EXPORT LTDA""",1383-DKA,Diesel Oil Importado,DIESEL_IMPORTADO,Ciudad,
2026-09-06,2026-09-06,True,False,Santa Cruz,DIESEL OIL IMPORTADO EESS,25000.0,L,ESTACION DE SERVICIO QUINTO ANILLO S.R.L.,558-XDK(1),Diesel Oil Importado,DIESEL_IMPORTADO,Ciudad,
2026-09-06,2026-09-06,True,False,Santa Cruz,GASOLINA ESPECIAL + (S/DSI),10000.0,L,R&E 3000 S.R.L.,5351-UAG,Gasolina Especial +,GASOLINA_ESPECIAL_MAS,Ciudad,
2026-09-06,2026-09-06,True,False,Santa Cruz,GASOLINA ESPECIAL + (S/DSI),10000.0,L,ESTACION DE SERVICIO LAS ORQUIDEAS S.R.L.,5351-UAG,Gasolina Especial +,GASOLINA_ESPECIAL_MAS,Ciudad,
2026-09-06,2026-09-06,True,False,Santa Cruz,GASOLINA ESPECIAL + (S/DSI),10000.0,L,"EMPRESA DAVILA IMPORTADORA-EXPORTADORA S.R.L. ""DAIMPORT - EXPORT LTDA""",846-IXK,Gasolina Especial +,GASOLINA_ESPECIAL_MAS,Ciudad,
2026-09-06,2026-09-06,True,False,Santa Cruz,GASOLINA ESPECIAL + (S/DSI),10000.0,L,ESTACION DE SERVICIO EL ARROYO S.R.L.,1299-GNA,Gasolina Especial +,GASOLINA_ESPECIAL_MAS,Ciudad,
2026-09-06,2026-09-06,True,False,Santa Cruz,GASOLINA ESPECIAL + (S/DSI),10000.0,L,ESTACION DE SERVICIO PANTANAL DEL ORIENTE-ALVARO LUIS AGUILAR ADRIAZOLA,584-RKD,Gasolina Especial +,GASOLINA_ESPECIAL_MAS,Ciudad,
2026-09-06,2026-09-06,True,False,Santa Cruz,GASOLINA ESPECIAL + (S/DSI),10000.0,L,ESTACION DE SERVICIO MORAGRANDE S.R.L. (SUC 1),2483-HBD,Gasolina Especial +,GASOLINA_ESPECIAL_MAS,Ciudad,
2026-09-06,2026-09-06,True,False,Santa Cruz,GASOLINA ESPECIAL + (S/DSI),10000.0,L,ESTACION DE SERVICIO QUINTO ANILLO S.R.L.,558-XDK(1),Gasolina Especial +,GASOLINA_ESPECIAL_MAS,Ciudad,
2026-09-06,2026-09-06,True,False,Santa Cruz,GASOLINA ESPECIAL + (S/DSI),10000.0,L,ESTACION DE SERVICIO LOS MANGALES S.R.L.,1005-XLH,Gasolina Especial +,GASOLINA_ESPECIAL_MAS,Ciudad,
2026-09-06,2026-09-06,True,False,Santa Cruz,GASOLINA ESPECIAL + (S/DSI),10000.0,L,ESTACION DE SERVICIO YOTAU S.R.L.,1066-ISS,Gasolina Especial +,GASOLINA_ESPECIAL_MAS,Ciudad,
2026-09-06,2026-09-06,True,False,Santa Cruz,GASOLINA ESPECIAL + (S/DSI),10000.0,L,ESTACION DE SERVICIO MORAGRANDE S.R.L.,1893-NTP,Gasolina Especial +,GASOLINA_ESPECIAL_MAS,Ciudad,
2026-09-06,2026-09-06,True,False,Santa Cruz,GASOLINA ESPECIAL + (S/DSI),10000.0,L,ESTACION DE SERVICIO TOTAITU N&T S.R.L.,3598-NKD,Gasolina Especial +,GASOLINA_ESPECIAL_MAS,Ciudad,
2026-09-06,2026-09-05,True,True,Santa Cruz,DIESEL OIL NACIONAL EESS,20000.0,L,GOTEON S.R.L.,453-IYH,Diesel Oil Nacional,DIESEL_NACIONAL,Provincia,
2026-09-06,2026-09-05,True,True,Santa Cruz,DIESEL OIL NACIONAL EESS,30000.0,L,ESTACION DE SERVICIO EL TAJIBO OKINAWA,1122-SRR,Diesel Oil Nacional,DIESEL_NACIONAL,Provincia,
2026-09-06,2026-09-05,True,True,Santa Cruz,GASOLINA ESPECIAL + (S/DSI),20000.0,L,VANGAS S.A,1115-DLF,Gasolina Especial +,GASOLINA_ESPECIAL_MAS,Ciudad,
2026-09-06,2026-09-05,True,True,Santa Cruz,GASOLINA ESPECIAL + (S/DSI),9900.0,L,ESTACION DE SERVICIO URBARI SRL,375-KIH,Gasolina Especial +,GASOLINA_ESPECIAL_MAS,Ciudad,
2026-09-06,2026-09-05,True,True,Santa Cruz,GASOLINA ESPECIAL + (S/DSI),20000.0,L,GENEX S.A SUCURSAL SANTA CRUZ ZONA SANTA ROSA,652-SRU,Gasolina Especial +,GASOLINA_ESPECIAL_MAS,Ciudad,
2026-09-06,2026-09-05,True,True,Santa Cruz,GASOLINA ESPECIAL + (S/DSI),10000.0,L,GENEX S.A SUCURSAL SANTA CRUZ ZONA LA RAMADA,1115-DLF,Gasolina Especial +,GASOLINA_ESPECIAL_MAS,Ciudad,
2026-09-06,2026-09-05,True,True,Santa Cruz,DIESEL OIL NACIONAL EESS,35000.0,L,ESTACION DE SERVICIO ANTO - ANTONIO CARLOS LORGIO JUSTINIANO SANTOS,3877-PTG,Diesel Oil Nacional,DIESEL_NACIONAL,Provincia,
2026-09-06,2026-09-05,True,True,Santa Cruz,GASOLINA ESPECIAL + EESS,20000.0,L,ESTACION DE SERVICIO PIRAI S.R.L. SUCURSAL 1,717-IFH,Gasolina Especial +,GASOLINA_ESPECIAL_MAS,Provincia,
2026-09-06,2026-09-05,True,True,Santa Cruz,GASOLINA ESPECIAL + EESS,20000.0,L,ESTACION DE SERVICIO SUR S.R.L. SUCURSAL MONTE VERDE,4410-LAU,Gasolina Especial +,GASOLINA_ESPECIAL_MAS,Provincia,
2026-09-06,2026-09-05,True,True,Santa Cruz,GASOLINA ESPECIAL + (S/DSI),20000.0,L,ESTACION DE SERVICIO ELISA S.R.L.,2291-ATI,Gasolina Especial +,GASOLINA_ESPECIAL_MAS,Ciudad,
2026-09-06,2026-09-04,True,True,Santa Cruz,GASOLINA ESPECIAL + EESS,10000.0,L,ESTACION DE SERVICIO VELEZ-HEBERTH VELEZ CORTEZ,2801-GAB,Gasolina Especial +,GASOLINA_ESPECIAL_MAS,Provincia,
2026-09-06,2026-09-04,True,True,Santa Cruz,GASOLINA ESPECIAL + EESS,25000.0,L,ESTACION DE SERVICIO CASCABEL SUC. CUATRO CAÑADAS-YOHANA PAOLA VACA GUZMAN,466-RYE,Gasolina Especial +,GASOLINA_ESPECIAL_MAS,Provincia,
2026-09-05,2026-09-05,True,False,Santa Cruz,GLP DISTRIB. 45 KILOS NAL,3600.0,L,SOPESE S.R.L.,6393-FTT,GLP,GLP,,
2026-09-05,2026-09-05,True,False,Santa Cruz,GLP DISTRIB. 10 KILOS NAL,6170.0,L,CENTER GAS - RICHARD MAMANI VILLCA,681-ECP,GLP,GLP,,
2026-09-05,2026-09-05,True,False,Santa Cruz,GLP DISTRIB. 10 KILOS NAL,5070.0,L,SOPESE S.R.L.,5741-ADC,GLP,GLP,,
2026-09-05,2026-09-05,True,False,Santa Cruz,GLP DISTRIB. 45 KILOS NAL,4050.0,L,SOPESE S.R.L.,6393-FTT,GLP,GLP,,
2026-09-05,2026-09-05,True,False,Santa Cruz,GLP DISTRIB. 10 KILOS NAL,5730.0,L,DIST. GLP. CRUCEÑITA VASA S.R.L.,3460-KTK,GLP,GLP,,
2026-09-05,2026-09-05,True,False,Santa Cruz,GLP DISTRIB. 10 KILOS NAL,12000.0,L,AGROGAS S.R.L.,1163-LRS,GLP,GLP,,
2026-09-05,2026-09-05,True,False,Santa Cruz,GLP DISTRIB. 10 KILOS NAL,5460.0,L,CTC-GAS,1860-YYY,GLP,GLP,,
2026-09-05,2026-09-05,True,False,Santa Cruz,GLP DISTRIB. 10 KILOS NAL,11080.0,L,JYRL GAS - LOURDES MORALES DE QUIROZ,302-HDB,GLP,GLP,,
2026-09-05,2026-09-05,True,False,Santa Cruz,GLP DISTRIB. 10 KILOS NAL,9180.0,L,DIST. GLP. MAIRANA GAS ANA LOURDES MENDOZA,1005-XTD,GLP,GLP,,
2026-09-05,2026-09-04,True,True,Santa Cruz,GLP DISTRIB. 10 KILOS NAL,2270.0,L,DIST. GLP. VALLE GAS - Nancy Arteaga de Lazo,3040-NGN,GLP,GLP,,
2026-09-05,2026-09-03,True,True,Santa Cruz,GLP DISTRIB. 10 KILOS NAL,10500.0,L,DIST. GLP. CRUCEÑITA VASA S.R.L.,2492-YHT,GLP,GLP,,
2026-09-05,2026-09-04,True,True,Santa Cruz,GLP DISTRIB. 10 KILOS NAL,11220.0,L,DIST. GLP. ALTAMARGAS Juan Pablo Melgarejo Iriarte,1294-GFE,GLP,GLP,,
2026-09-05,2026-09-04,True,True,Santa Cruz,GLP DISTRIB. 45 KILOS NAL,3600.0,L,DIST. GLP. ALTAMARGAS Juan Pablo Melgarejo Iriarte,3082-SBN,GLP,GLP,,
2026-09-05,2026-09-04,True,True,Santa Cruz,GLP DISTRIB. 10 KILOS NAL,11520.0,L,CARMEN R. MELGAREJO GONZALES - DIST. CENTRO GAS,515-HGI,GLP,GLP,,
2026-09-05,2026-09-04,True,True,Santa Cruz,GLP DISTRIB. 10 KILOS NAL,5940.0,L,DIST. GLP. MARY-MARIA ELENA TAPIA USCAMAITA,526-ZZY,GLP,GLP,,
2026-09-05,2026-09-04,True,True,Santa Cruz,GLP DISTRIB. 10 KILOS NAL,13200.0,L,DIST.GLP.CAMPO GAS-ELSA FELICIDAD USCAMAYTA CHOQUE DE TAPIA,1805-ZNX,GLP,GLP,,
2026-09-05,2026-09-03,True,True,Santa Cruz,GLP DISTRIB. 45 KILOS NAL,2250.0,L,CARMEN R. MELGAREJO GONZALES - DIST. CENTRO GAS,6663-IUD,GLP,GLP,,
2026-09-05,2026-09-05,True,False,Santa Cruz,GLP DISTRIB. 10 KILOS NAL,6480.0,L,DIST. DE GLP EL CUMPITO-EMILIO ELIAS ROBLES SUMOYA,2302-GYK,GLP,GLP,,
2026-09-05,2026-09-05,True,False,Santa Cruz,GLP DISTRIB. 10 KILOS NAL,11220.0,L,DIST. GLP. ALTAMARGAS Juan Pablo Melgarejo Iriarte,1294-GFE,GLP,GLP,,
2026-09-05,2026-09-05,True,False,Santa Cruz,GLP DISTRIB. 10 KILOS NAL,11520.0,L,CARMEN R. MELGAREJO GONZALES - DIST. CENTRO GAS,2832-PDP,GLP,GLP,,
2026-09-05,2026-09-05,True,False,Santa Cruz,GLP DISTRIB. 10 KILOS NAL,10560.0,L,CARMEN R. MELGAREJO GONZALES - DIST. CENTRO GAS,515-HGI,GLP,GLP,,
2026-09-05,2026-09-05,True,False,Santa Cruz,GLP DISTRIB. 10 KILOS NAL,6810.0,L,SOPESE S.R.L.,578-IEC,GLP,GLP,,
2026-09-05,2026-09-05,True,False,Santa Cruz,GLP DISTRIB. 10 KILOS NAL,9060.0,L,SOPESE S.R.L.,5268-EKA,GLP,GLP,,
2026-09-05,2026-09-05,True,False,Santa Cruz,GLP DISTRIB. 10 KILOS NAL,7220.0,L,SOPESE S.R.L.,578-IEC,GLP,GLP,,
2026-09-05,2026-09-05,True,False,Santa Cruz,GLP DISTRIB. 45 KILOS NAL,4905.0,L,DIST. GLP. CRUCEÑITA VASA S.R.L.,3460-KTK,GLP,GLP,,
2026-09-05,2026-09-05,True,False,Santa Cruz,GLP DISTRIB. 10 KILOS NAL,12030.0,L,AGROGAS S.R.L.,547-ZXY,GLP,GLP,,
2026-09-05,2026-09-05,True,False,Santa Cruz,GLP DISTRIB. 10 KILOS NAL,10500.0,L,DIST. GLP. OSCAR GAS - Betty Maldonado,2443-ICK,GLP,GLP,,
2026-09-05,2026-09-04,True,True,Santa Cruz,GLP DISTRIB. 10 KILOS NAL,10530.0,L,JYRL GAS - LOURDES MORALES DE QUIROZ,1892-EBR,GLP,GLP,,
2026-09-05,2026-09-05,True,False,Santa Cruz,GLP DISTRIB. 10 KILOS NAL,2640.0,L,DIST. GLP. VALLE GAS - Nancy Arteaga de Lazo,3040-NGN,GLP,GLP,,
2026-09-05,2026-09-04,True,True,Santa Cruz,DIESEL OIL NACIONAL EESS,25000.0,L,ESTACION DE SERVICIO EL BATO,1502-UIR,Diesel Oil Nacional,DIESEL_NACIONAL,Provincia,
2026-09-05,2026-09-04,True,True,Santa Cruz,DIESEL OIL NACIONAL EESS,30000.0,L,ESTACION DE SERVICIO EL BATO,1115-DLF,Diesel Oil Nacional,DIESEL_NACIONAL,Provincia,
2026-09-05,2026-09-04,True,True,Santa Cruz,GASOLINA ESPECIAL + EESS,20000.0,L,CENTRO DE COMERCIO SANTA RITAKM32 S.R.L.,3853-BSD,Gasolina Especial +,GASOLINA_ESPECIAL_MAS,Provincia,
2026-09-05,2026-09-04,True,True,Santa Cruz,GASOLINA ESPECIAL + EESS,20000.0,L,D-GAS S.A. SUCURSAL SANTA CRUZ,2511-RLA,Gasolina Especial +,GASOLINA_ESPECIAL_MAS,Provincia,
2026-09-05,2026-09-03,True,True,Santa Cruz,DIESEL OIL NACIONAL EESS,25000.0,L,ESTACION DE SERVICIO EUSE CRUZ,1505-LRF,Diesel Oil Nacional,DIESEL_NACIONAL,Provincia,
2026-09-05,2026-09-04,True,True,Santa Cruz,GLP DISTRIB. 10 KILOS NAL,11000.0,L,DIST. GLP. CRUCEÑITA VASA S.R.L.,816-FTN,GLP,GLP,,
2026-09-05,2026-09-03,True,True,Santa Cruz,DIESEL OIL NACIONAL EESS,25000.0,L,ESTACION DE SERVICIO GASOCONCE - ENRIQUE SERAFIN SUAREZ CASTEDO,1024-TNA,Diesel Oil Nacional,DIESEL_NACIONAL,Provincia,
2026-09-05,2026-09-03,True,True,Santa Cruz,GASOLINA ESPECIAL + EESS,20000.0,L,ESTACION DE SERVICIO COCA-ENRRIQUE COCA LOPEZ,1132-FZP,Gasolina Especial +,GASOLINA_ESPECIAL_MAS,Provincia,
2026-09-05,2026-09-03,True,True,Santa Cruz,DIESEL OIL NACIONAL EESS,25000.0,L,ESTACION DE SERVICIO PORTACHUELO LTDA,4004-BNK,Diesel Oil Nacional,DIESEL_NACIONAL,Provincia,
2026-09-05,2026-09-03,True,True,Santa Cruz,GASOLINA ESPECIAL + EESS,10000.0,L,ESTACION DE SERVICIO TIERRAS BAJAS SRL.,483-XYF,Gasolina Especial +,GASOLINA_ESPECIAL_MAS,Provincia,
2026-09-05,2026-09-03,True,True,Santa Cruz,GASOLINA ESPECIAL + (S/DSI),20000.0,L,SURTIDOR COTOCA - JOSE RAMIRO AYALA FLORES,2338-FGD,Gasolina Especial +,GASOLINA_ESPECIAL_MAS,Ciudad,
2026-09-05,2026-09-02,True,True,Santa Cruz,DIESEL OIL NACIONAL EESS,10000.0,L,ESTACION DE SERVICIO GASOCONCE - ENRIQUE SERAFIN SUAREZ CASTEDO,1024-TNA,Diesel Oil Nacional,DIESEL_NACIONAL,Provincia,
2026-09-05,2026-09-03,True,True,Santa Cruz,GLP DISTRIB. 10 KILOS NAL,4200.0,L,DIST. GLP. VALLE GAS - Nancy Arteaga de Lazo,3040-NGN,GLP,GLP,,
2026-09-05,2026-09-02,True,True,Santa Cruz,GLP DISTRIB. 10 KILOS NAL,4200.0,L,DIST. GLP. VALLE GAS - Nancy Arteaga de Lazo,3040-NGN,GLP,GLP,,
2026-09-05,2026-09-04,True,True,Santa Cruz,GLP DISTRIB. 10 KILOS NAL,6000.0,L,JYRL GAS SUCURSAL CABEZAS CALLE TAJIBO - LOURDES MORALES DE QUIROZ,1178-ADY,GLP,GLP,,
2026-09-05,2026-09-05,True,False,Santa Cruz,DIESEL OIL IMPORTADO EESS,10000.0,L,ESTACION DE SERVICIO LOS COYUYOS-JULIA GONZALES,3994-CKU,Diesel Oil Importado,DIESEL_IMPORTADO,Ciudad,
2026-09-05,2026-09-05,True,False,Santa Cruz,GASOLINA ESPECIAL + EESS,20000.0,L,ESTACION DE SERVICIO DANA S.R.L.,5638-CXH,Gasolina Especial +,GASOLINA_ESPECIAL_MAS,Provincia,
2026-09-05,2026-09-05,True,False,Santa Cruz,GASOLINA ESPECIAL + (S/DSI),15000.0,L,ESTACION DE SERVICIO VERGARA - FABIOLA NOEMI ZORRILLO VERGARA,1184-YND,Gasolina Especial +,GASOLINA_ESPECIAL_MAS,Ciudad,
2026-09-05,2026-09-05,True,False,Santa Cruz,DIESEL OIL NACIONAL EESS,25000.0,L,ESTACION DE SERVICIO CONCEPCION SRL,442-IZR,Diesel Oil Nacional,DIESEL_NACIONAL,Provincia,
2026-09-05,2026-09-05,True,False,Santa Cruz,DIESEL OIL NACIONAL EESS,25000.0,L,ESTACION DE SERVICIO EL AGRICULTOR-CLAUDINA PILLCO LOZA,2251-LZR,Diesel Oil Nacional,DIESEL_NACIONAL,Provincia,
2026-09-05,2026-09-05,True,False,Santa Cruz,GASOLINA ESPECIAL + (S/DSI),20000.0,L,ESTACION DE SERVICIO DAVILA S.R.L.,1445-CDA,Gasolina Especial +,GASOLINA_ESPECIAL_MAS,Ciudad,
2026-09-05,2026-09-05,True,False,Santa Cruz,DIESEL OIL IMPORTADO EESS,10000.0,L,SURTIDOR EL PALMAR - DIONICIO CONDORI RODRIGUEZ,782-YPK,Diesel Oil Importado,DIESEL_IMPORTADO,Ciudad,
2026-09-05,2026-09-05,True,False,Santa Cruz,GASOLINA ESPECIAL + (S/DSI),15000.0,L,SURTIDOR EL PALMAR - DIONICIO CONDORI RODRIGUEZ,782-YPK,Gasolina Especial +,GASOLINA_ESPECIAL_MAS,Ciudad,
2026-09-05,2026-09-05,True,False,Santa Cruz,GASOLINA ESPECIAL + EESS,20000.0,L,TARIFA S.R.L.,1636-FLK,Gasolina Especial +,GASOLINA_ESPECIAL_MAS,Provincia,
2026-09-05,2026-09-05,True,False,Santa Cruz,DIESEL OIL IMPORTADO EESS,20000.0,L,ESTACION DE SERVICIO VERGARA - FABIOLA NOEMI ZORRILLO VERGARA,1184-YND,Diesel Oil Importado,DIESEL_IMPORTADO,Ciudad,
2026-09-05,2026-09-05,True,False,Santa Cruz,DIESEL OIL NACIONAL EESS,25000.0,L,ESTACION DE SERVICIO EL TAJIBO OKINAWA,1122-SRR,Diesel Oil Nacional,DIESEL_NACIONAL,Provincia,
2026-09-05,2026-09-05,True,False,Santa Cruz,GASOLINA ESPECIAL + EESS,20000.0,L,ESTACION DE SERVICIO RUTA NORTE S.R.L.,3589-UKG,Gasolina Especial +,GASOLINA_ESPECIAL_MAS,Provincia,
2026-09-05,2026-09-05,True,False,Santa Cruz,DIESEL OIL NACIONAL EESS,20000.0,L,JARAJORECHI S.R.L.,652-SRU,Diesel Oil Nacional,DIESEL_NACIONAL,Provincia,
2026-09-05,2026-09-05,True,False,Santa Cruz,DIESEL OIL IMPORTADO EESS,35000.0,L,SURTIDOR VARDONA - SUSANA POEHLMANN GARCIA,863-RUI,Diesel Oil Importado,DIESEL_IMPORTADO,Ciudad,
2026-09-05,2026-09-05,True,False,Santa Cruz,GASOLINA ESPECIAL + EESS,20000.0,L,ESTACION DE SERVICIO ARACATACA,878-ENK,Gasolina Especial +,GASOLINA_ESPECIAL_MAS,Provincia,
2026-09-05,2026-09-05,True,False,Santa Cruz,GASOLINA ESPECIAL + (S/DSI),20000.0,L,SURTIDOR VARDONA - SUSANA POEHLMANN GARCIA,863-RUI,Gasolina Especial +,GASOLINA_ESPECIAL_MAS,Ciudad,
2026-09-05,2026-09-05,True,False,Santa Cruz,DIESEL OIL IMPORTADO EESS,15000.0,L,ESTACION DE SERVICIO EL TROMPILLO,851-SLG,Diesel Oil Importado,DIESEL_IMPORTADO,Ciudad,
2026-09-05,2026-09-05,True,False,Santa Cruz,DIESEL OIL IMPORTADO EESS,20000.0,L,ESTACION DE SERVICIO JOSE JALDIN S.R.L,2319-UPC,Diesel Oil Importado,DIESEL_IMPORTADO,Ciudad,
2026-09-05,2026-09-05,True,False,Santa Cruz,GASOLINA ESPECIAL + (S/DSI),5000.0,L,ESTACION DE SERVICIO EL TROMPILLO,2150-INT,Gasolina Especial +,GASOLINA_ESPECIAL_MAS,Ciudad,
2026-09-05,2026-09-05,True,False,Santa Cruz,DIESEL OIL IMPORTADO EESS,35000.0,L,ESTACION DE SERVICIO SAN LUIS,244-ANI,Diesel Oil Importado,DIESEL_IMPORTADO,Ciudad,
2026-09-05,2026-09-05,True,False,Santa Cruz,GASOLINA ESPECIAL + (S/DSI),15000.0,L,ESTACION DE SERVICIO EL TROMPILLO,851-SLG,Gasolina Especial +,GASOLINA_ESPECIAL_MAS,Ciudad,
2026-09-05,2026-09-05,True,False,Santa Cruz,DIESEL OIL IMPORTADO EESS,20000.0,L,VANGAS S.A,851-SLG,Diesel Oil Importado,DIESEL_IMPORTADO,Ciudad,
2026-09-05,2026-09-05,True,False,Santa Cruz,DIESEL OIL IMPORTADO EESS,9900.0,L,ESTACION DE SERVICIO URBARI SRL,375-KIH,Diesel Oil Importado,DIESEL_IMPORTADO,Ciudad,
2026-09-05,2026-09-05,True,False,Santa Cruz,DIESEL OIL IMPORTADO EESS,20000.0,L,GENEX S.A-SUCURSAL S.C ZONA GUARACACHI,1285-UKF,Diesel Oil Importado,DIESEL_IMPORTADO,Ciudad,
2026-09-05,2026-09-05,True,False,Santa Cruz,GASOLINA ESPECIAL + (S/DSI),20000.0,L,GENEX S.A-SUCURSAL S.C ZONA GUARACACHI,851-SLG,Gasolina Especial +,GASOLINA_ESPECIAL_MAS,Ciudad,
2026-09-05,2026-09-05,True,False,Santa Cruz,GASOLINA ESPECIAL + (S/DSI),20000.0,L,GENEX S.A. SUCURSAL ZONA NOR ESTE,2150-INT,Gasolina Especial +,GASOLINA_ESPECIAL_MAS,Ciudad,
2026-09-05,2026-09-05,True,False,Santa Cruz,GASOLINA ESPECIAL + (S/DSI),20000.0,L,GENEX S.A SUCURSAL SANTA CRUZ ZONA ESTE,1115-DLF,Gasolina Especial +,GASOLINA_ESPECIAL_MAS,Ciudad,
2026-09-05,2026-09-05,True,False,Santa Cruz,GASOLINA ESPECIAL + (S/DSI),5000.0,L,GENEX S.A SUCURSAL S.C ZONA GUALBERTO VILLARROEL,2150-INT,Gasolina Especial +,GASOLINA_ESPECIAL_MAS,Ciudad,
2026-09-05,2026-09-05,True,False,Santa Cruz,GASOLINA ESPECIAL + (S/DSI),15000.0,L,GENEX S.A SUCURSAL S.C ZONA GUALBERTO VILLARROEL,1169-YKS,Gasolina Especial +,GASOLINA_ESPECIAL_MAS,Ciudad,
2026-09-05,2026-09-05,True,False,Santa Cruz,GASOLINA ESPECIAL + (S/DSI),10000.0,L,GENEX S.A SUCURSAL SANTA CRUZ ZONA LA RAMADA,1115-DLF,Gasolina Especial +,GASOLINA_ESPECIAL_MAS,Ciudad,
2026-09-05,2026-09-05,True,False,Santa Cruz,GASOLINA ESPECIAL + (S/DSI),20000.0,L,CIA BOLIVIANA DE GAS NATURAL COMPRIMIDO GENEX SA,1169-YKS,Gasolina Especial +,GASOLINA_ESPECIAL_MAS,Ciudad,
2026-09-05,2026-09-05,True,False,Santa Cruz,GASOLINA ESPECIAL + (S/DSI),20000.0,L,SERVICIOS GENERALES LA CAÑADA S.R.L.,2215-HBF,Gasolina Especial +,GASOLINA_ESPECIAL_MAS,Ciudad,
2026-09-05,2026-09-05,True,False,Santa Cruz,GASOLINA ESPECIAL + (S/DSI),10000.0,L,SURTIDOR COTOCA - JOSE RAMIRO AYALA FLORES,2338-FGD,Gasolina Especial +,GASOLINA_ESPECIAL_MAS,Ciudad,
2026-09-05,2026-09-05,True,False,Santa Cruz,GASOLINA ESPECIAL + (S/DSI),20000.0,L,ESTACION DE SERVICIO SAN LUIS I,543-PUY,Gasolina Especial +,GASOLINA_ESPECIAL_MAS,Ciudad,
2026-09-05,2026-09-05,True,False,Santa Cruz,DIESEL OIL NACIONAL EESS,20000.0,L,ESTACION DE SERVICIO TORRIAYALA S.R.L.,4491-PRD,Diesel Oil Nacional,DIESEL_NACIONAL,Provincia,
2026-09-05,2026-09-05,True,False,Santa Cruz,GASOLINA ESPECIAL + (S/DSI),5000.0,L,ESTACION DE SERVICIO VERGARA - FABIOLA NOEMI ZORRILLO VERGARA,1184-YND,Gasolina Especial +,GASOLINA_ESPECIAL_MAS,Ciudad,
2026-09-05,2026-09-05,True,False,Santa Cruz,GASOLINA ESPECIAL + EESS,20000.0,L,ESTACION DE SERVICIO SAN SALVADOR - SILVIA VARGAS CRESPO,820-AHG,Gasolina Especial +,GASOLINA_ESPECIAL_MAS,Provincia,
2026-09-05,2026-09-05,True,False,Santa Cruz,DIESEL OIL NACIONAL EESS,20000.0,L,SURTIDOR VIRGEN DE CHARAGUA S.R.L.,1308-IKG,Diesel Oil Nacional,DIESEL_NACIONAL,Provincia,
2026-09-05,2026-09-05,True,False,Santa Cruz,DIESEL OIL NACIONAL EESS,35000.0,L,ESTACION DE SERVICIO SAN SALVADOR - SILVIA VARGAS CRESPO,2307-HGK,Diesel Oil Nacional,DIESEL_NACIONAL,Provincia,
2026-09-05,2026-09-05,True,False,Santa Cruz,DIESEL OIL NACIONAL EESS,35000.0,L,ESTACION DE SERVICIO TORRIAYALA S.R.L.,4491-PRD,Diesel Oil Nacional,DIESEL_NACIONAL,Provincia,
2026-09-05,2026-09-05,True,False,Santa Cruz,DIESEL OIL NACIONAL EESS,25000.0,L,ESTACION DE SERVICIO LA GUARDIA,1803-YHK,Diesel Oil Nacional,DIESEL_NACIONAL,Provincia,
2026-09-05,2026-09-05,True,False,Santa Cruz,DIESEL OIL IMPORTADO EESS,10000.0,L,Z & Z LTDA,110-IYX,Diesel Oil Importado,DIESEL_IMPORTADO,Ciudad,
2026-09-05,2026-09-05,True,False,Santa Cruz,DIESEL OIL IMPORTADO EESS,30000.0,L,ESTACION DE SERVICIOS VIRGEN DE COTOCA S.R.L.,1174-GCP,Diesel Oil Importado,DIESEL_IMPORTADO,Ciudad,
2026-09-05,2026-09-05,True,False,Santa Cruz,GASOLINA ESPECIAL + (S/DSI),20000.0,L,ESTACION DE SERVICIOS VIRGEN DE COTOCA S.R.L.,3850-ANL,Gasolina Especial +,GASOLINA_ESPECIAL_MAS,Ciudad,
2026-09-05,2026-09-05,True,False,Santa Cruz,DIESEL OIL IMPORTADO EESS,25000.0,L,SERVICIOS GENERALES LA CAÑADA S.R.L.,2215-HBF,Diesel Oil Importado,DIESEL_IMPORTADO,Ciudad,
2026-09-05,2026-09-05,True,False,Santa Cruz,GASOLINA ESPECIAL + (S/DSI),20000.0,L,Z & Z LTDA,2319-UPC,Gasolina Especial +,GASOLINA_ESPECIAL_MAS,Ciudad,
2026-09-05,2026-09-05,True,False,Santa Cruz,GASOLINA ESPECIAL + EESS,5000.0,L,ESTACION DE SERVICIO EL JUNTE II-ALEJANDRA MARIEL BALCAZAR PAZ,468-RHE(1),Gasolina Especial +,GASOLINA_ESPECIAL_MAS,Provincia,
2026-09-05,2026-09-05,True,False,Santa Cruz,DIESEL OIL IMPORTADO EESS,10000.0,L,LAS PALMAS S.R.L.,967-HFA,Diesel Oil Importado,DIESEL_IMPORTADO,Ciudad,
2026-09-05,2026-09-05,True,False,Santa Cruz,DIESEL OIL NACIONAL EESS,25000.0,L,ESTACION DE SERVICIO EL JUNTE II-ALEJANDRA MARIEL BALCAZAR PAZ,468-RHE(1),Diesel Oil Nacional,DIESEL_NACIONAL,Provincia,
2026-09-05,2026-09-05,True,False,Santa Cruz,GASOLINA ESPECIAL + (S/DSI),10000.0,L,LAS PALMAS S.R.L.,967-HFA,Gasolina Especial +,GASOLINA_ESPECIAL_MAS,Ciudad,
2026-09-05,2026-09-05,True,False,Santa Cruz,DIESEL OIL NACIONAL EESS,25000.0,L,ESTACION DE SERVICIO SUR SRL-SUCURSAL 4,1487- PDD,Diesel Oil Nacional,DIESEL_NACIONAL,Provincia,
2026-09-05,2026-09-05,True,False,Santa Cruz,GASOLINA ESPECIAL + (S/DSI),10000.0,L,ESTACION DE SERVICIO EMANUEL S.R.L.,332-NTN,Gasolina Especial +,GASOLINA_ESPECIAL_MAS,Ciudad,
2026-09-05,2026-09-05,True,False,Santa Cruz,GASOLINA ESPECIAL + EESS,20000.0,L,ESTACION DE SERVICIO SUR SRL-SUCURSAL 4,380-RHB,Gasolina Especial +,GASOLINA_ESPECIAL_MAS,Provincia,
2026-09-05,2026-09-05,True,False,Santa Cruz,DIESEL OIL NACIONAL EESS,20000.0,L,COMPAÑIA COMERCIALIZADORA BOLIVIANA DE HIDROCARBUROS CONFI S.R.L.,2986-INR,Diesel Oil Nacional,DIESEL_NACIONAL,Provincia,
2026-09-05,2026-09-05,True,False,Santa Cruz,GASOLINA ESPECIAL + EESS,25000.0,L,ESTACION DE SERVICIO GASOCONCE - ENRIQUE SERAFIN SUAREZ CASTEDO,1070-DDA,Gasolina Especial +,GASOLINA_ESPECIAL_MAS,Provincia,
2026-09-05,2026-09-05,True,False,Santa Cruz,DIESEL OIL NACIONAL EESS,25000.0,L,ESTACION DE SERVICIO AGUAI S.R.L.,5297-HAT,Diesel Oil Nacional,DIESEL_NACIONAL,Provincia,
2026-09-05,2026-09-05,True,False,Santa Cruz,DIESEL OIL NACIONAL EESS,35000.0,L,ESTACION DE SERVICIO CHANE,1074-IHH,Diesel Oil Nacional,DIESEL_NACIONAL,Provincia,
2026-09-05,2026-09-05,True,False,Santa Cruz,GASOLINA ESPECIAL + EESS,20000.0,L,ESTACION DE SERVICIO CHANE,1094-EIF,Gasolina Especial +,GASOLINA_ESPECIAL_MAS,Provincia,
2026-09-05,2026-09-05,True,False,Santa Cruz,GASOLINA ESPECIAL + EESS,20000.0,L,MUYURINA LTDA,647-NPX,Gasolina Especial +,GASOLINA_ESPECIAL_MAS,Provincia,
2026-09-05,2026-09-05,True,False,Santa Cruz,GASOLINA ESPECIAL + (S/DSI),10000.0,L,CENTRO DE COMERCIO Y SERVICIOS VALDIVIA FERRUFINO S.R.L.,332-NTN,Gasolina Especial +,GASOLINA_ESPECIAL_MAS,Ciudad,
2026-09-05,2026-09-05,True,False,Santa Cruz,DIESEL OIL NACIONAL EESS,25000.0,L,ESTACION DE SERVICIO PORTACHUELO LTDA,415-NGK(1),Diesel Oil Nacional,DIESEL_NACIONAL,Provincia,
2026-09-05,2026-09-05,True,False,Santa Cruz,DIESEL OIL NACIONAL EESS,20000.0,L,ESTACION DE SERVICIO PAULINA S.R.L.,2502-IZB,Diesel Oil Nacional,DIESEL_NACIONAL,Provincia,
2026-09-05,2026-09-05,True,False,Santa Cruz,GASOLINA ESPECIAL + EESS,20000.0,L,ESTACION DE SERVICIO MIRANDA S.R.L.,2522-BEF,Gasolina Especial +,GASOLINA_ESPECIAL_MAS,Provincia,
2026-09-05,2026-09-05,True,False,Santa Cruz,GASOLINA ESPECIAL + EESS,20000.0,L,ESTACION DE SERVICIO PETRO VAL S.R.L.,1292-AKT,Gasolina Especial +,GASOLINA_ESPECIAL_MAS,Provincia,
2026-09-05,2026-09-05,True,False,Santa Cruz,DIESEL OIL NACIONAL EESS,20000.0,L,MUYURINA LTDA,647-NPX,Diesel Oil Nacional,DIESEL_NACIONAL,Provincia,
2026-09-05,2026-09-05,True,False,Santa Cruz,DIESEL OIL NACIONAL EESS,25000.0,L,"ESTACION DE SERVICIO ""S.J"" S.R.L.",3598-KXG,Diesel Oil Nacional,DIESEL_NACIONAL,Provincia,
2026-09-05,2026-09-05,True,False,Santa Cruz,GASOLINA ESPECIAL + EESS,5000.0,L,SURTIDOR SANTIAGUITO - E. FABIOLA TORRICO C.,2483-HPX,Gasolina Especial +,GASOLINA_ESPECIAL_MAS,Provincia,
2026-09-05,2026-09-05,True,False,Santa Cruz,GASOLINA ESPECIAL + (S/DSI),20000.0,L,ESTACION DE SERVICIO LOS COYUYOS-JULIA GONZALES,3994-CKU,Gasolina Especial +,GASOLINA_ESPECIAL_MAS,Ciudad,
2026-09-05,2026-09-05,True,False,Santa Cruz,DIESEL OIL NACIONAL EESS,25000.0,L,ESTACION DE SERVICIO SAN JAVIER-MARISOL NEGRETE AGUIRRE,379-LRR,Diesel Oil Nacional,DIESEL_NACIONAL,Provincia,
2026-09-05,2026-09-05,True,False,Santa Cruz,DIESEL OIL IMPORTADO EESS,25000.0,L,ESTACION DE SERVICIO SAN LUIS I,543-PUY,Diesel Oil Importado,DIESEL_IMPORTADO,Ciudad,
2026-09-05,2026-09-05,True,False,Santa Cruz,GASOLINA ESPECIAL + (S/DSI),5000.0,L,ESTACION DE SERVICIO DICOR S.R.L.,583-PTR,Gasolina Especial +,GASOLINA_ESPECIAL_MAS,Ciudad,
2026-09-05,2026-09-05,True,False,Santa Cruz,DIESEL OIL IMPORTADO EESS,20000.0,L,EMPRESA DE SERVICIOS 8 DE NOVIEMBRE LTDA.,1831-SEK,Diesel Oil Importado,DIESEL_IMPORTADO,Ciudad,
2026-09-05,2026-09-05,True,False,Santa Cruz,GASOLINA ESPECIAL + (S/DSI),15000.0,L,EMPRESA DE SERVICIOS 8 DE NOVIEMBRE LTDA.,1831-SEK,Gasolina Especial +,GASOLINA_ESPECIAL_MAS,Ciudad,
2026-09-05,2026-09-05,True,False,Santa Cruz,DIESEL OIL NACIONAL EESS,25000.0,L,ESTACION DE SERVICIO MINERO-JHONNY QUINTEROS VASQUEZ,514-CEK,Diesel Oil Nacional,DIESEL_NACIONAL,Provincia,
2026-09-05,2026-09-05,True,False,Santa Cruz,DIESEL OIL NACIONAL EESS,25000.0,L,TARIFA S.R.L.,5314-TZK,Diesel Oil Nacional,DIESEL_NACIONAL,Provincia,
2026-09-05,2026-09-05,True,False,Santa Cruz,DIESEL OIL IMPORTADO EESS,20000.0,L,COMPLEJO AUTOMOTRIZ VIRGEN DE URKUPIÑA S.R.L.,1135-RGC,Diesel Oil Importado,DIESEL_IMPORTADO,Ciudad,
2026-09-05,2026-09-05,True,False,Santa Cruz,GASOLINA ESPECIAL + (S/DSI),15000.0,L,COMPLEJO AUTOMOTRIZ VIRGEN DE URKUPIÑA S.R.L.,1135-RGC,Gasolina Especial +,GASOLINA_ESPECIAL_MAS,Ciudad,
2026-09-05,2026-09-05,True,False,Santa Cruz,DIESEL OIL NACIONAL EESS,30000.0,L,ESTACION DE SERVICIO FLORES-SIMONA FLORES FLORES,4059-FXU,Diesel Oil Nacional,DIESEL_NACIONAL,Provincia,
2026-09-05,2026-09-05,True,False,Santa Cruz,GASOLINA ESPECIAL + EESS,20000.0,L,ESTACION DE SERVICIO TORRIAYALA S.R.L.,1066-TLK,Gasolina Especial +,GASOLINA_ESPECIAL_MAS,Provincia,
2026-09-05,2026-09-05,True,False,Santa Cruz,GASOLINA ESPECIAL + (S/DSI),20000.0,L,ESTACION DE SERVICIO SAN LUIS,244-ANI,Gasolina Especial +,GASOLINA_ESPECIAL_MAS,Ciudad,
2026-09-05,2026-09-05,True,False,Santa Cruz,GASOLINA ESPECIAL + (S/DSI),15000.0,L,ESTACION DE SERVICIO EL GASOMETRO S.R.L.,1393-GEU,Gasolina Especial +,GASOLINA_ESPECIAL_MAS,Ciudad,
2026-09-05,2026-09-05,True,False,Santa Cruz,GASOLINA ESPECIAL + (S/DSI),20000.0,L,ESTACION DE SERVICIO LA CHORRERA SRL,1393-GEU,Gasolina Especial +,GASOLINA_ESPECIAL_MAS,Ciudad,
2026-09-05,2026-09-05,True,False,Santa Cruz,GASOLINA ESPECIAL + (S/DSI),20000.0,L,ESTACION DE SERVICIO EL TERO TERO DE CHICHITA - RODRIGO REMY AQUINO ALVARADO,2468-GTE,Gasolina Especial +,GASOLINA_ESPECIAL_MAS,Ciudad,
2026-09-05,2026-09-05,True,False,Santa Cruz,DIESEL OIL IMPORTADO EESS,10000.0,L,ESTACION DE SERVICIO EL TERO TERO DE CHICHITA - RODRIGO REMY AQUINO ALVARADO,2468-GTE,Diesel Oil Importado,DIESEL_IMPORTADO,Ciudad,
2026-09-05,2026-09-05,True,False,Santa Cruz,DIESEL OIL NACIONAL EESS,35000.0,L,ESTACION DE SERVICIO LOS BIBOSIS S.R.L.,5631-AZA,Diesel Oil Nacional,DIESEL_NACIONAL,Provincia,
2026-09-05,2026-09-05,True,False,Santa Cruz,GASOLINA ESPECIAL + (S/DSI),5000.0,L,ESTACION DE SERVICIO APAZA-PATRICIA JORGE DE APAZA,2066-KRR,Gasolina Especial +,GASOLINA_ESPECIAL_MAS,Ciudad,
2026-09-05,2026-09-05,True,False,Santa Cruz,GASOLINA ESPECIAL + (S/DSI),5000.0,L,ESTACION DE SERVICIO SANTA MARIA,1044-PLP,Gasolina Especial +,GASOLINA_ESPECIAL_MAS,Ciudad,
2026-09-05,2026-09-05,True,False,Santa Cruz,GASOLINA ESPECIAL + (S/DSI),15000.0,L,ESTACION DE SERVICIO SANTA MARIA,1044-PLP,Gasolina Especial +,GASOLINA_ESPECIAL_MAS,Ciudad,
2026-09-05,2026-09-05,True,False,Santa Cruz,DIESEL OIL IMPORTADO EESS,10000.0,L,ESTACION DE SERVICIO SANTA MARIA,1044-PLP,Diesel Oil Importado,DIESEL_IMPORTADO,Ciudad,
2026-09-05,2026-09-05,True,False,Santa Cruz,GASOLINA ESPECIAL + (S/DSI),20000.0,L,ESTACION DE SERVICIO PALMASOLA,1044-PLP,Gasolina Especial +,GASOLINA_ESPECIAL_MAS,Ciudad,
2026-09-05,2026-09-05,True,False,Santa Cruz,DIESEL OIL IMPORTADO EESS,25000.0,L,ESTACION DE SERVICIO PALMASOLA,1044-PLP,Diesel Oil Importado,DIESEL_IMPORTADO,Ciudad,
2026-09-05,2026-09-05,True,False,Santa Cruz,DIESEL OIL IMPORTADO EESS,20000.0,L,SURTIDOR COTOCA - JOSE RAMIRO AYALA FLORES,2338-FGD,Diesel Oil Importado,DIESEL_IMPORTADO,Ciudad,
2026-09-05,2026-09-05,True,False,Santa Cruz,DIESEL OIL IMPORTADO EESS,20000.0,L,ESTACION DE SERVICIO DAVILA S.R.L.,1445-CDA,Diesel Oil Importado,DIESEL_IMPORTADO,Ciudad,
2026-09-05,2026-09-05,True,False,Santa Cruz,DIESEL OIL NACIONAL EESS,20000.0,L,ESTACION DE SERVICIO ICHILO SRL,2076-CUF,Diesel Oil Nacional,DIESEL_NACIONAL,Provincia,
2026-09-05,2026-09-05,True,False,Santa Cruz,GASOLINA ESPECIAL + (S/DSI),20000.0,L,SURTIDOR CLUBOL - RUTH JIMENEZ DE MONROY,5312-NXE,Gasolina Especial +,GASOLINA_ESPECIAL_MAS,Ciudad,
2026-09-05,2026-09-05,True,False,Santa Cruz,DIESEL OIL NACIONAL EESS,10000.0,L,ESTACION DE SERVICIO EUSE CRUZ,1505-LRF,Diesel Oil Nacional,DIESEL_NACIONAL,Provincia,
2026-09-05,2026-09-05,True,False,Santa Cruz,DIESEL OIL IMPORTADO EESS,10000.0,L,ESTACION DE SERVICIO ORSA SRL-SUCURSAL 1,5583-ADI,Diesel Oil Importado,DIESEL_IMPORTADO,Provincia,
2026-09-05,2026-09-05,True,False,Santa Cruz,DIESEL OIL IMPORTADO EESS,35000.0,L,ESTACION DE SERVICIO RADIAL 10 - HUGO FLORERO ORELLANA,948-PYS,Diesel Oil Importado,DIESEL_IMPORTADO,Ciudad,
2026-09-05,2026-09-05,True,False,Santa Cruz,GASOLINA ESPECIAL + (S/DSI),10000.0,L,ESTACION DE SERVICIO RADIAL 10 - HUGO FLORERO ORELLANA,948-PYS,Gasolina Especial +,GASOLINA_ESPECIAL_MAS,Ciudad,
2026-09-05,2026-09-05,True,False,Santa Cruz,GASOLINA ESPECIAL + (S/DSI),10000.0,L,ESTACION DE SERVICIO ORSA S.R.L.,6453-URG,Gasolina Especial +,GASOLINA_ESPECIAL_MAS,Ciudad,
2026-09-05,2026-09-05,True,False,Santa Cruz,DIESEL OIL IMPORTADO EESS,20000.0,L,ESTACION DE SERVICIO LOS COYUYOS-JULIA GONZALES,3994-CKU,Diesel Oil Importado,DIESEL_IMPORTADO,Ciudad,
2026-09-05,2026-09-05,True,False,Santa Cruz,DIESEL OIL NACIONAL EESS,35000.0,L,SURTIDOR ACIPA - SJ S.R.L.,4120-ZTR,Diesel Oil Nacional,DIESEL_NACIONAL,Provincia,
2026-09-05,2026-09-05,True,False,Santa Cruz,GASOLINA ESPECIAL + (S/DSI),20000.0,L,BICENTENARIO SRL,2120-PKF,Gasolina Especial +,GASOLINA_ESPECIAL_MAS,,
2026-09-05,2026-09-05,True,False,Santa Cruz,GASOLINA ESPECIAL + (S/DSI),9900.0,L,ESTACION DE SERVICIO URBARI SRL,375-KIH,Gasolina Especial +,GASOLINA_ESPECIAL_MAS,Ciudad,
2026-09-05,2026-09-05,True,False,Santa Cruz,DIESEL OIL IMPORTADO EESS,20000.0,L,ESTACION DE SERVICIO LA COLORADA,2229-HLP,Diesel Oil Importado,DIESEL_IMPORTADO,Ciudad,
2026-09-05,2026-09-05,True,False,Santa Cruz,DIESEL OIL NACIONAL EESS,25000.0,L,ESTACION DE SERVICIO LAS CONCHAS S.R.L.,1275-RHG,Diesel Oil Nacional,DIESEL_NACIONAL,Provincia,
2026-09-05,2026-09-05,True,False,Santa Cruz,GASOLINA ESPECIAL + (S/DSI),20000.0,L,REFRIGAS S.R.L.,1123-RNR,Gasolina Especial +,GASOLINA_ESPECIAL_MAS,Ciudad,
2026-09-05,2026-09-05,True,False,Santa Cruz,GASOLINA ESPECIAL + (S/DSI),20000.0,L,ESTACION DE SERVICIO LA COLORADA,2229-HLP,Gasolina Especial +,GASOLINA_ESPECIAL_MAS,Ciudad,
2026-09-05,2026-09-05,True,False,Santa Cruz,GASOLINA ESPECIAL + (S/DSI),20000.0,L,ESTACION DE SERVICIO GUAYACAN S.R.L.,727-YTY,Gasolina Especial +,GASOLINA_ESPECIAL_MAS,Ciudad,
2026-09-05,2026-09-05,True,False,Santa Cruz,DIESEL OIL IMPORTADO EESS,20000.0,L,ESTACION DE SERVICIO CLUB GAZEL S.R.L.,2434-YRP,Diesel Oil Importado,DIESEL_IMPORTADO,Ciudad,
2026-09-05,2026-09-05,True,False,Santa Cruz,DIESEL OIL IMPORTADO EESS,30000.0,L,ESTACION DE SERVICIO GUAYACAN S.R.L.,1190-YPG,Diesel Oil Importado,DIESEL_IMPORTADO,Ciudad,
2026-09-05,2026-09-05,True,False,Santa Cruz,GASOLINA ESPECIAL + (S/DSI),20000.0,L,ESTACION DE SERVICIO REFINERIA ORIENTAL S.A. - SUC. ZONA 4° ANILLO FRENTE A BUFALO PARK - SC,2447-AGD,Gasolina Especial +,GASOLINA_ESPECIAL_MAS,Ciudad,
2026-09-05,2026-09-05,True,False,Santa Cruz,GASOLINA ESPECIAL + (S/DSI),20000.0,L,ESTACION DE SERVICIO CLUB GAZEL S.R.L.,2434-YRP,Gasolina Especial +,GASOLINA_ESPECIAL_MAS,Ciudad,
2026-09-05,2026-09-05,True,False,Santa Cruz,DIESEL OIL IMPORTADO EESS,5000.0,L,ESTACION DE SERVICIO TRES PASOS AL FRENTE - VITALIANO ROJAS OLIVERA,2024-CIX,Diesel Oil Importado,DIESEL_IMPORTADO,Ciudad,
2026-09-05,2026-09-05,True,False,Santa Cruz,GASOLINA ESPECIAL + (S/DSI),15000.0,L,ESTACION DE SERVICIO 3F OIL S.R.L.,953-UFL,Gasolina Especial +,GASOLINA_ESPECIAL_MAS,Ciudad,
2026-09-05,2026-09-05,True,False,Santa Cruz,GASOLINA ESPECIAL + (S/DSI),5000.0,L,ESTACION DE SERVICIO 3F OIL S.R.L.,953-UFL,Gasolina Especial +,GASOLINA_ESPECIAL_MAS,Ciudad,
2026-09-05,2026-09-05,True,False,Santa Cruz,DIESEL OIL IMPORTADO EESS,25000.0,L,ESTACION DE SERVICIO 3F OIL S.R.L.,953-UFL,Diesel Oil Importado,DIESEL_IMPORTADO,Ciudad,
2026-09-05,2026-09-05,True,False,Santa Cruz,DIESEL OIL NACIONAL EESS,20000.0,L,ABERI SRL,303-DEH,Diesel Oil Nacional,DIESEL_NACIONAL,Provincia,
2026-09-05,2026-09-05,True,False,Santa Cruz,DIESEL OIL IMPORTADO EESS,35000.0,L,BICENTENARIO SRL,2120-PKF,Diesel Oil Importado,DIESEL_IMPORTADO,,
2026-09-05,2026-09-05,True,False,Santa Cruz,GASOLINA ESPECIAL + (S/DSI),20000.0,L,GASCO S.R.L.,514-HHE,Gasolina Especial +,GASOLINA_ESPECIAL_MAS,Ciudad,
2026-09-05,2026-09-05,True,False,Santa Cruz,DIESEL OIL IMPORTADO EESS,20000.0,L,ESTACION DE SERVICIO PIRAI S.R.L. SUC. DOBLE VIA LA GUARDIA ESQ. OCTAVO ANILLO,4530-FIY,Diesel Oil Importado,DIESEL_IMPORTADO,Ciudad,
2026-09-05,2026-09-05,True,False,Santa Cruz,GASOLINA ESPECIAL + (S/DSI),20000.0,L,ESTACION DE SERVICIO TRES PASOS AL FRENTE - VITALIANO ROJAS OLIVERA,2024-CIX,Gasolina Especial +,GASOLINA_ESPECIAL_MAS,Ciudad,
2026-09-05,2026-09-05,True,False,Santa Cruz,GASOLINA ESPECIAL + (S/DSI),20000.0,L,ESTACION DE SERVICIO PIRAI S.R.L. SUC. DOBLE VIA LA GUARDIA ESQ. OCTAVO ANILLO,4108-GPL,Gasolina Especial +,GASOLINA_ESPECIAL_MAS,Ciudad,
2026-09-05,2026-09-05,True,False,Santa Cruz,GASOLINA ESPECIAL + (S/DSI),10000.0,L,ESTACION DE SERVICIO PIRAI S.R.L.,2447-AGD,Gasolina Especial +,GASOLINA_ESPECIAL_MAS,Ciudad,
2026-09-05,2026-09-05,True,False,Santa Cruz,DIESEL OIL IMPORTADO EESS,25000.0,L,ESTACION DE SERVICIO TRES PASOS AL FRENTE - VITALIANO ROJAS OLIVERA,5002-IBN,Diesel Oil Importado,DIESEL_IMPORTADO,Ciudad,
2026-09-05,2026-09-05,True,False,Santa Cruz,DIESEL OIL NACIONAL EESS,20000.0,L,SURTIDOR EL PATUJU - ROGELIO LA FUENTE OLIVERA,1330-AEN,Diesel Oil Nacional,DIESEL_NACIONAL,Provincia,
2026-09-05,2026-09-05,True,False,Santa Cruz,DIESEL OIL NACIONAL EESS,35000.0,L,ESTACION DE SERVICIO MACONDO,1074-IHH,Diesel Oil Nacional,DIESEL_NACIONAL,Provincia,
2026-09-05,2026-09-05,True,False,Santa Cruz,DIESEL OIL NACIONAL EESS,30000.0,L,ESTACION DE SERVICIO SUR S.R.L. SUCURSAL MONTE VERDE,1095-ZCK,Diesel Oil Nacional,DIESEL_NACIONAL,Provincia,
2026-09-05,2026-09-05,True,False,Santa Cruz,GASOLINA ESPECIAL + (S/DSI),15000.0,L,ESTACION DE SERVICIO APAZA-PATRICIA JORGE DE APAZA,2066-KRR,Gasolina Especial +,GASOLINA_ESPECIAL_MAS,Ciudad,
2026-09-05,2026-09-05,True,False,Santa Cruz,GASOLINA ESPECIAL + (S/DSI),10000.0,L,ESTACION DE SERVICIO EL TAROPE - JHONNY AGUILAR ADRIAZOLA,1744-UZH,Gasolina Especial +,GASOLINA_ESPECIAL_MAS,Ciudad,
2026-09-05,2026-09-05,True,False,Santa Cruz,GASOLINA ESPECIAL + EESS,20000.0,L,ESTACION DE SERVICIO ARNEZ - LUIS ARNEZ ONOFRE,1163-LHT,Gasolina Especial +,GASOLINA_ESPECIAL_MAS,Provincia,
2026-09-05,2026-09-05,True,False,Santa Cruz,DIESEL OIL IMPORTADO EESS,20000.0,L,ESTACION DE SERVICIO EL TAROPE - JHONNY AGUILAR ADRIAZOLA,1744-UZH,Diesel Oil Importado,DIESEL_IMPORTADO,Ciudad,
2026-09-05,2026-09-05,True,False,Santa Cruz,DIESEL OIL NACIONAL EESS,20000.0,L,ESTACION DE SERVICIO EL TINTO S.R.L.,5305-YZL,Diesel Oil Nacional,DIESEL_NACIONAL,Provincia,
2026-09-05,2026-09-05,True,False,Santa Cruz,DIESEL OIL NACIONAL EESS,30000.0,L,ESTACION DE SERVICIO ARNEZ - LUIS ARNEZ ONOFRE,2995-XGK,Diesel Oil Nacional,DIESEL_NACIONAL,Provincia,
2026-09-05,2026-09-05,True,False,Santa Cruz,DIESEL OIL IMPORTADO EESS,20000.0,L,ESTACION DE SERVICIO SUR S.R.L.-SUCURSAL ESTACION DE SERVICIO LA TECA,825-ATI,Diesel Oil Importado,DIESEL_IMPORTADO,Ciudad,
2026-09-05,2026-09-05,True,False,Santa Cruz,DIESEL OIL IMPORTADO EESS,20000.0,L,ESTACION DE SERVICIO SUR SRL SUCURSAL 3,1390-DBC,Diesel Oil Importado,DIESEL_IMPORTADO,Ciudad,
2026-09-05,2026-09-05,True,False,Santa Cruz,DIESEL OIL IMPORTADO EESS,5000.0,L,ESTACION DE SERVICIO SUR S.R.L. SUCURSAL 2,1388-TGA,Diesel Oil Importado,DIESEL_IMPORTADO,Ciudad,
2026-09-05,2026-09-05,True,False,Santa Cruz,DIESEL OIL IMPORTADO EESS,15000.0,L,ESTACION DE SERVICIO SUR S.R.L. SUCURSAL 2,1390-DBC,Diesel Oil Importado,DIESEL_IMPORTADO,Ciudad,
2026-09-05,2026-09-05,True,False,Santa Cruz,GASOLINA ESPECIAL + (S/DSI),15000.0,L,ESTACION DE SERVICIO DICOR S.R.L.,583-PTR,Gasolina Especial +,GASOLINA_ESPECIAL_MAS,Ciudad,
2026-09-05,2026-09-05,True,False,Santa Cruz,DIESEL OIL NACIONAL EESS,35000.0,L,ESTACION DE SERVICIO CASCABEL SUC. CUATRO CAÑADAS-YOHANA PAOLA VACA GUZMAN,466-RYE,Diesel Oil Nacional,DIESEL_NACIONAL,Provincia,
2026-09-05,2026-09-05,True,False,Santa Cruz,DIESEL OIL NACIONAL EESS,30000.0,L,ESTACION DE SERVICIO SAN SILVESTRE,2265-BKN,Diesel Oil Nacional,DIESEL_NACIONAL,Provincia,
2026-09-05,2026-09-05,True,False,Santa Cruz,DIESEL OIL NACIONAL EESS,25000.0,L,ESTACION DE SERVICIO VELEZ-HEBERTH VELEZ CORTEZ,1504-CKU,Diesel Oil Nacional,DIESEL_NACIONAL,Provincia,
2026-09-05,2026-09-05,True,False,Santa Cruz,DIESEL OIL NACIONAL EESS,20000.0,L,ESTACION DE SERVICIO CHANE,2293-AFN,Diesel Oil Nacional,DIESEL_NACIONAL,Provincia,
2026-09-05,2026-09-05,True,False,Santa Cruz,GASOLINA ESPECIAL + EESS,20000.0,L,ESTACION DE SERVICIO ORTIZ S.R.L.,2506-IHP,Gasolina Especial +,GASOLINA_ESPECIAL_MAS,Provincia,
2026-09-05,2026-09-05,True,False,Santa Cruz,GASOLINA ESPECIAL + (S/DSI),20000.0,L,ESTACION DE SERVICIO SUR S.R.L.-SUCURSAL ESTACION DE SERVICIO LA TECA,2801-BYP,Gasolina Especial +,GASOLINA_ESPECIAL_MAS,Ciudad,
2026-09-05,2026-09-05,True,False,Santa Cruz,DIESEL OIL IMPORTADO EESS,20000.0,L,ESTACION DE SERVICIO DICOR S.R.L.,583-PTR,Diesel Oil Importado,DIESEL_IMPORTADO,Ciudad,
2026-09-05,2026-09-05,True,False,Santa Cruz,GASOLINA ESPECIAL + (S/DSI),20000.0,L,ESTACION DE SERVICIO SUR SRL SUCURSAL 3,437-KYY,Gasolina Especial +,GASOLINA_ESPECIAL_MAS,Ciudad,
2026-09-05,2026-09-05,True,False,Santa Cruz,DIESEL OIL IMPORTADO EESS,20000.0,L,ESTACION DE SERVICIO APAZA-PATRICIA JORGE DE APAZA,2066-KRR,Diesel Oil Importado,DIESEL_IMPORTADO,Ciudad,
2026-09-05,2026-09-05,True,False,Santa Cruz,GASOLINA ESPECIAL + (S/DSI),5000.0,L,ESTACION DE SERVICIO SUR S.R.L. SUCURSAL 2,1999-CDP,Gasolina Especial +,GASOLINA_ESPECIAL_MAS,Ciudad,
2026-09-05,2026-09-05,True,False,Santa Cruz,DIESEL OIL NACIONAL EESS,20000.0,L,ESTACION DE SERVICIO MACONDO,873-XBS,Diesel Oil Nacional,DIESEL_NACIONAL,Provincia,
2026-09-05,2026-09-05,True,False,Santa Cruz,GASOLINA ESPECIAL + (S/DSI),15000.0,L,ESTACION DE SERVICIO SUR S.R.L. SUCURSAL 2,437-KYY,Gasolina Especial +,GASOLINA_ESPECIAL_MAS,Ciudad,
2026-09-05,2026-09-05,True,False,Santa Cruz,GASOLINA ESPECIAL + (S/DSI),20000.0,L,R&E 3000 S.R.L.,1197-ATI,Gasolina Especial +,GASOLINA_ESPECIAL_MAS,Ciudad,
2026-09-05,2026-09-05,True,False,Santa Cruz,DIESEL OIL IMPORTADO EESS,10000.0,L,ESTACION DE SERVICIO BI-OCEANICA S.R.L.,4269-HNT,Diesel Oil Importado,DIESEL_IMPORTADO,Ciudad,
2026-09-05,2026-09-05,True,False,Santa Cruz,GASOLINA ESPECIAL + (S/DSI),20000.0,L,ESTACION DE SERVICIO REYNALDO CORTEZ QUISPE,5342-KHY,Gasolina Especial +,GASOLINA_ESPECIAL_MAS,Ciudad,
2026-09-05,2026-09-05,True,False,Santa Cruz,GASOLINA ESPECIAL + (S/DSI),10000.0,L,ESTACION DE SERVICIO SUR S.R.L. SUCURSAL 1,1999-CDP,Gasolina Especial +,GASOLINA_ESPECIAL_MAS,Ciudad,
2026-09-05,2026-09-05,True,False,Santa Cruz,GASOLINA ESPECIAL + (S/DSI),24900.0,L,ESTACION DE SERVICIO LA CIMA,297-ACK,Gasolina Especial +,GASOLINA_ESPECIAL_MAS,Ciudad,
2026-09-05,2026-09-05,True,False,Santa Cruz,DIESEL OIL IMPORTADO EESS,10000.0,L,ESTACION DE SERVICIO TOTAITU N&T S.R.L.,3598-NKD,Diesel Oil Importado,DIESEL_IMPORTADO,Ciudad,
2026-09-05,2026-09-05,True,False,Santa Cruz,GASOLINA ESPECIAL + (S/DSI),20000.0,L,ESTACION DE SERVICIO SUR S.R.L.,4410-LAU,Gasolina Especial +,GASOLINA_ESPECIAL_MAS,Ciudad,
2026-09-05,2026-09-05,True,False,Santa Cruz,DIESEL OIL IMPORTADO EESS,20000.0,L,R&E 3000 S.R.L.,1197-ATI,Diesel Oil Importado,DIESEL_IMPORTADO,Ciudad,
2026-09-05,2026-09-05,True,False,Santa Cruz,GASOLINA ESPECIAL + (S/DSI),20000.0,L,ESTACION DE SERVICIO BI-OCEANICA S.R.L.,312-YSU,Gasolina Especial +,GASOLINA_ESPECIAL_MAS,Ciudad,
2026-09-05,2026-09-05,True,False,Santa Cruz,DIESEL OIL NACIONAL EESS,25000.0,L,ESTACION DE SERVICIO EL BATO,1502-UIR,Diesel Oil Nacional,DIESEL_NACIONAL,Provincia,
2026-09-05,2026-09-05,True,False,Santa Cruz,GASOLINA ESPECIAL + (S/DSI),5000.0,L,ESTACION DE SERVICIO MORAGRANDE S.R.L. (SUC 1),846-IXK,Gasolina Especial +,GASOLINA_ESPECIAL_MAS,Ciudad,
2026-09-05,2026-09-05,True,False,Santa Cruz,DIESEL OIL IMPORTADO EESS,25000.0,L,ESTACION DE SERVICIO REYNALDO CORTEZ QUISPE,5312-NXE,Diesel Oil Importado,DIESEL_IMPORTADO,Ciudad,
2026-09-05,2026-09-05,True,False,Santa Cruz,DIESEL OIL IMPORTADO EESS,20000.0,L,COMPAÑIA COMERCIAL DE GAS COMPRIMIDO C.G.C. S.R.L.,2511-RLA,Diesel Oil Importado,DIESEL_IMPORTADO,Ciudad,
2026-09-05,2026-09-05,True,False,Santa Cruz,DIESEL OIL NACIONAL EESS,35000.0,L,ESTACION DE SERVICIO EL JUNTE-ALEJANDRA MARIEL BALCAZAR PAZ,1631-HII,Diesel Oil Nacional,DIESEL_NACIONAL,Provincia,
2026-09-05,2026-09-05,True,False,Santa Cruz,GASOLINA ESPECIAL + (S/DSI),15000.0,L,ESTACION DE SERVICIO MORAGRANDE S.R.L. (SUC 1),846-IXK,Gasolina Especial +,GASOLINA_ESPECIAL_MAS,Ciudad,
2026-09-05,2026-09-05,True,False,Santa Cruz,DIESEL OIL IMPORTADO EESS,5000.0,L,REFINERIA ORIENTAL S.A. SUCURSAL MONTECRISTO,1388-TGA,Diesel Oil Importado,DIESEL_IMPORTADO,Ciudad,
2026-09-05,2026-09-05,True,False,Santa Cruz,DIESEL OIL NACIONAL EESS,20000.0,L,CENTRO DE COMERCIO SANTA RITAKM32 S.R.L.,3853-BSD,Diesel Oil Nacional,DIESEL_NACIONAL,Provincia,
2026-09-05,2026-09-05,True,False,Santa Cruz,DIESEL OIL IMPORTADO EESS,35000.0,L,ESTACION DE SERVICIO MONTAÑO S.R.L.,3031-PAN,Diesel Oil Importado,DIESEL_IMPORTADO,Ciudad,
2026-09-05,2026-09-05,True,False,Santa Cruz,GASOLINA ESPECIAL + EESS,15000.0,L,ESTACION DE SERVICIO EL JUNTE II-ALEJANDRA MARIEL BALCAZAR PAZ,2883-XTL,Gasolina Especial +,GASOLINA_ESPECIAL_MAS,Provincia,
2026-09-05,2026-09-05,True,False,Santa Cruz,DIESEL OIL NACIONAL EESS,30000.0,L,ESTACION DE SERVICIO LA CUEVA - ROLANDO CHAVEZ VACA,860-LTA(1),Diesel Oil Nacional,DIESEL_NACIONAL,Provincia,
2026-09-05,2026-09-05,True,False,Santa Cruz,DIESEL OIL IMPORTADO EESS,35000.0,L,ESTACION DE SERVICIO BI-OCEANICA S.R.L.,4269-HNT,Diesel Oil Importado,DIESEL_IMPORTADO,Ciudad,
2026-09-05,2026-09-05,True,False,Santa Cruz,DIESEL OIL IMPORTADO EESS,15000.0,L,REFINERIA ORIENTAL S.A. SUCURSAL MONTECRISTO,825-ATI,Diesel Oil Importado,DIESEL_IMPORTADO,Ciudad,
2026-09-05,2026-09-05,True,False,Santa Cruz,DIESEL OIL IMPORTADO EESS,30000.0,L,ESTACION DE SERVICIO EMANUEL S.R.L.,332-NTN,Diesel Oil Importado,DIESEL_IMPORTADO,Ciudad,
2026-09-05,2026-09-05,True,False,Santa Cruz,DIESEL OIL IMPORTADO EESS,20000.0,L,ESTACION DE SERVICIO MORAGRANDE S.R.L. (SUC 1),2483-HBD,Diesel Oil Importado,DIESEL_IMPORTADO,Ciudad,
2026-09-05,2026-09-05,True,False,Santa Cruz,DIESEL OIL IMPORTADO EESS,10000.0,L,ESTACION DE SERVICIO REFINERIA ORIENTAL S.A. - SUC. ZONA 4° ANILLO FRENTE A BUFALO PARK - SC,4530-FIY,Diesel Oil Importado,DIESEL_IMPORTADO,Ciudad,
2026-09-05,2026-09-05,True,False,Santa Cruz,GASOLINA ESPECIAL + EESS,20000.0,L,ESTACION DE SERVICIO SAN SILVESTRE,2265-BKN,Gasolina Especial +,GASOLINA_ESPECIAL_MAS,Provincia,
2026-09-05,2026-09-05,True,False,Santa Cruz,GASOLINA ESPECIAL + (S/DSI),10000.0,L,ESTACION DE SERVICIO LOS MANGALES S.R.L.,1005-XLH,Gasolina Especial +,GASOLINA_ESPECIAL_MAS,Ciudad,
2026-09-05,2026-09-05,True,False,Santa Cruz,DIESEL OIL IMPORTADO EESS,10000.0,L,REFINERIA ORIENTAL S.A.-SUC. BARRIO LAZARETO,1388-TGA,Diesel Oil Importado,DIESEL_IMPORTADO,Ciudad,
2026-09-05,2026-09-05,True,False,Santa Cruz,GASOLINA ESPECIAL + (S/DSI),10000.0,L,ESTACION DE SERVICIO MORAGRANDE S.R.L.,1893-NTP,Gasolina Especial +,GASOLINA_ESPECIAL_MAS,Ciudad,
2026-09-05,2026-09-05,True,False,Santa Cruz,DIESEL OIL IMPORTADO EESS,20000.0,L,YVU CENTRO DE SERVICIOS Y COMERCIO S.R.L.,1060-PIT,Diesel Oil Importado,DIESEL_IMPORTADO,Ciudad,
2026-09-05,2026-09-05,True,False,Santa Cruz,GASOLINA ESPECIAL + (S/DSI),5000.0,L,REFINERIA ORIENTAL S.A. SUCURSAL MONTECRISTO,1999-CDP,Gasolina Especial +,GASOLINA_ESPECIAL_MAS,Ciudad,
2026-09-05,2026-09-05,True,False,Santa Cruz,DIESEL OIL IMPORTADO EESS,20000.0,L,ESTACION DE SERVICIO MORAGRANDE S.R.L.,1893-NTP,Diesel Oil Importado,DIESEL_IMPORTADO,Ciudad,
2026-09-05,2026-09-05,True,False,Santa Cruz,GASOLINA ESPECIAL + (S/DSI),15000.0,L,REFINERIA ORIENTAL S.A. SUCURSAL MONTECRISTO,2801-BYP,Gasolina Especial +,GASOLINA_ESPECIAL_MAS,Ciudad,
2026-09-05,2026-09-05,True,False,Santa Cruz,DIESEL OIL NACIONAL EESS,30000.0,L,ESTACION DE SERVICIO EL MIRADOR - SONIA SORUCO ROCA,4803-IRB,Diesel Oil Nacional,DIESEL_NACIONAL,Provincia,
2026-09-05,2026-09-05,True,False,Santa Cruz,DIESEL OIL IMPORTADO EESS,35000.0,L,CENTRO DE COMERCIO Y SERVICIOS VALDIVIA FERRUFINO S.R.L.,2330-NLD,Diesel Oil Importado,DIESEL_IMPORTADO,Ciudad,
2026-09-05,2026-09-05,True,False,Santa Cruz,GASOLINA ESPECIAL + (S/DSI),5000.0,L,ESTACION DE SERVICIO RIVERO - LUIS ANTONIO RIVERO AÑEZ,681-FDU,Gasolina Especial +,GASOLINA_ESPECIAL_MAS,Ciudad,
2026-09-05,2026-09-05,True,False,Santa Cruz,GASOLINA ESPECIAL + (S/DSI),20000.0,L,REFINERIA ORIENTAL S.A. SUC. NOR ESTE,717-IFH,Gasolina Especial +,GASOLINA_ESPECIAL_MAS,Ciudad,
2026-09-05,2026-09-05,True,False,Santa Cruz,GASOLINA ESPECIAL + (S/DSI),20000.0,L,YVU CENTRO DE SERVICIOS Y COMERCIO S.R.L.,1060-PIT,Gasolina Especial +,GASOLINA_ESPECIAL_MAS,Ciudad,
2026-09-05,2026-09-05,True,False,Santa Cruz,GASOLINA ESPECIAL + (S/DSI),20000.0,L,ESTACION DE SERVICIO LAS ORQUIDEAS S.R.L.,711-XUH,Gasolina Especial +,GASOLINA_ESPECIAL_MAS,Ciudad,
2026-09-05,2026-09-05,True,False,Santa Cruz,GASOLINA ESPECIAL + (S/DSI),20000.0,L,REFINERIA ORIENTAL S.A.-SUC. TERCER ANILLO INTERNO FRENTE CANCHITA ROYAL,5775-AXE,Gasolina Especial +,GASOLINA_ESPECIAL_MAS,Ciudad,
2026-09-05,2026-09-05,True,False,Santa Cruz,DIESEL OIL IMPORTADO EESS,25000.0,L,ESTACION DE SERVICIO LAS ORQUIDEAS S.R.L.,5351-UAG,Diesel Oil Importado,DIESEL_IMPORTADO,Ciudad,
2026-09-05,2026-09-05,True,False,Santa Cruz,GASOLINA ESPECIAL + (S/DSI),20000.0,L,ESTACION DE SERVICIO YOTAU S.R.L.,3792-ENE,Gasolina Especial +,GASOLINA_ESPECIAL_MAS,Ciudad,
2026-09-05,2026-09-05,True,False,Santa Cruz,GASOLINA ESPECIAL + (S/DSI),20000.0,L,ESTACION DE SERVICIO RIVERO - LUIS ANTONIO RIVERO AÑEZ,681-FDU,Gasolina Especial +,GASOLINA_ESPECIAL_MAS,Ciudad,
2026-09-05,2026-09-05,True,False,Santa Cruz,DIESEL OIL IMPORTADO EESS,35000.0,L,ESTACION DE SERVICIO ELISA S.R.L.,1176-UST,Diesel Oil Importado,DIESEL_IMPORTADO,Ciudad,
2026-09-05,2026-09-05,True,False,Santa Cruz,GASOLINA ESPECIAL + (S/DSI),25000.0,L,ESTACION DE SERVICIO ORSA SRL-SUCURSAL 1,6453-URG,Gasolina Especial +,GASOLINA_ESPECIAL_MAS,Provincia,
2026-09-05,2026-09-05,True,False,Santa Cruz,GASOLINA ESPECIAL + EESS,5000.0,L,ESTACION DE SERVICIO SOMOS GAS SRL,2257-EEE,Gasolina Especial +,GASOLINA_ESPECIAL_MAS,Provincia,
2026-09-05,2026-09-05,True,False,Santa Cruz,GASOLINA ESPECIAL + (S/DSI),20000.0,L,REFINERIA ORIENTAL S.A.-SUC. BARRIO LAZARETO,1113-EAA,Gasolina Especial +,GASOLINA_ESPECIAL_MAS,Ciudad,
2026-09-05,2026-09-05,True,False,Santa Cruz,GASOLINA ESPECIAL + (S/DSI),20000.0,L,"EMPRESA DAVILA IMPORTADORA-EXPORTADORA S.R.L. ""DAIMPORT - EXPORT LTDA""",846-IXK,Gasolina Especial +,GASOLINA_ESPECIAL_MAS,Ciudad,
2026-09-05,2026-09-05,True,False,Santa Cruz,GASOLINA ESPECIAL + (S/DSI),20000.0,L,"ESTACION DE SERVICIO ""GUAPAY"" S.R.L.",447-PSY,Gasolina Especial +,GASOLINA_ESPECIAL_MAS,Ciudad,
2026-09-05,2026-09-05,True,False,Santa Cruz,GASOLINA ESPECIAL + EESS,20000.0,L,ESTACION DE SERVICIO SOMOS GAS SRL,2257-EEE,Gasolina Especial +,GASOLINA_ESPECIAL_MAS,Provincia,
2026-09-05,2026-09-05,True,False,Santa Cruz,GASOLINA ESPECIAL + (S/DSI),20000.0,L,ESTACION DE SERVICIO QUINTO ANILLO S.R.L.,3018-UKU,Gasolina Especial +,GASOLINA_ESPECIAL_MAS,Ciudad,
2026-09-05,2026-09-05,True,False,Santa Cruz,DIESEL OIL NACIONAL EESS,20000.0,L,ESTACION DE SERVICIO PETRO VAL S.R.L.,1292-AKT,Diesel Oil Nacional,DIESEL_NACIONAL,Provincia,
2026-09-05,2026-09-05,True,False,Santa Cruz,GASOLINA ESPECIAL + (S/DSI),20000.0,L,ESTACION DE SERVICIO PANTANAL DEL ORIENTE-ALVARO LUIS AGUILAR ADRIAZOLA,584-RKD,Gasolina Especial +,GASOLINA_ESPECIAL_MAS,Ciudad,
2026-09-05,2026-09-05,True,False,Santa Cruz,GASOLINA ESPECIAL + (S/DSI),25000.0,L,ESTACION DE SERVICIO TOTAITU N&T S.R.L.,3598-NKD,Gasolina Especial +,GASOLINA_ESPECIAL_MAS,Ciudad,
2026-09-05,2026-09-05,True,False,Santa Cruz,DIESEL OIL IMPORTADO EESS,35000.0,L,ESTACION DE SERVICIO YOTAU S.R.L.,1066-ISS,Diesel Oil Importado,DIESEL_IMPORTADO,Ciudad,
2026-09-05,2026-09-05,True,False,Santa Cruz,GASOLINA ESPECIAL + (S/DSI),20000.0,L,REFINERIA ORIENTAL S.A.,4410-KXK,Gasolina Especial +,GASOLINA_ESPECIAL_MAS,Ciudad,
2026-09-05,2026-09-05,True,False,Santa Cruz,DIESEL OIL IMPORTADO EESS,25000.0,L,ESTACION DE SERVICIO LOS MANGALES S.R.L.,1005-XLH,Diesel Oil Importado,DIESEL_IMPORTADO,Ciudad,
2026-09-05,2026-09-05,True,False,Santa Cruz,DIESEL OIL IMPORTADO EESS,35000.0,L,ESTACION DE SERVICIO QUINTO ANILLO S.R.L.,558-XDK(1),Diesel Oil Importado,DIESEL_IMPORTADO,Ciudad,
2026-09-05,2026-09-05,True,False,Santa Cruz,DIESEL OIL IMPORTADO EESS,35000.0,L,ESTACION DE SERVICIO LA CHORRERA SRL,1329-NRI,Diesel Oil Importado,DIESEL_IMPORTADO,Ciudad,
2026-09-05,2026-09-05,True,False,Santa Cruz,DIESEL OIL IMPORTADO EESS,20000.0,L,ESTACION DE SERVICIO PANTANAL DEL ORIENTE-ALVARO LUIS AGUILAR ADRIAZOLA,2497-AFH,Diesel Oil Importado,DIESEL_IMPORTADO,Ciudad,
2026-09-05,2026-09-05,True,False,Santa Cruz,DIESEL OIL IMPORTADO EESS,35000.0,L,ESTACION DE SERVICIO TOTAITU N&T S.R.L.,1029-ZIN,Diesel Oil Importado,DIESEL_IMPORTADO,Ciudad,
2026-09-05,2026-09-05,True,False,Santa Cruz,DIESEL OIL IMPORTADO EESS,20000.0,L,"EMPRESA DAVILA IMPORTADORA-EXPORTADORA S.R.L. ""DAIMPORT - EXPORT LTDA""",1383-DKA,Diesel Oil Importado,DIESEL_IMPORTADO,Ciudad,
2026-09-05,2026-09-05,True,False,Santa Cruz,GASOLINA ESPECIAL + (S/DSI),20000.0,L,ESTACION DE SERVICIO EL ARROYO S.R.L.,1299-GNA,Gasolina Especial +,GASOLINA_ESPECIAL_MAS,Ciudad,
2026-09-05,2026-09-04,True,True,Santa Cruz,GASOLINA ESPECIAL + EESS,10000.0,L,ESTACION DE SERVICIO VELEZ-HEBERTH VELEZ CORTEZ,1504-CKU,Gasolina Especial +,GASOLINA_ESPECIAL_MAS,Provincia,
2026-09-05,2026-09-04,True,True,Santa Cruz,GASOLINA ESPECIAL + EESS,20000.0,L,ESTACION DE SERVICIO SAN JAVIER-MARISOL NEGRETE AGUIRRE,3448-YKA,Gasolina Especial +,GASOLINA_ESPECIAL_MAS,Provincia,
2026-09-05,2026-09-04,True,True,Santa Cruz,GASOLINA ESPECIAL + EESS,20000.0,L,ESTACION DE SERVICIO LOS BIBOSIS S.R.L.,5631-AZA,Gasolina Especial +,GASOLINA_ESPECIAL_MAS,Provincia,
2026-09-05,2026-09-04,True,True,Santa Cruz,DIESEL OIL NACIONAL EESS,35000.0,L,ESTACION DE SERVICIO ANTO - ANTONIO CARLOS LORGIO JUSTINIANO SANTOS,1105-YXR,Diesel Oil Nacional,DIESEL_NACIONAL,Provincia,
2026-09-05,2026-09-04,True,True,Santa Cruz,GASOLINA ESPECIAL + EESS,20000.0,L,SURTIDOR LOS NEGROS - NERY TABOADA CONTRERAS,1871-FDS,Gasolina Especial +,GASOLINA_ESPECIAL_MAS,Provincia,
2026-09-05,2026-09-04,True,True,Santa Cruz,DIESEL OIL NACIONAL EESS,20000.0,L,ESTACION DE SERVICIO TIERRAS BAJAS SRL.,483-XYF,Diesel Oil Nacional,DIESEL_NACIONAL,Provincia,
2026-09-05,2026-09-04,True,True,Santa Cruz,GASOLINA ESPECIAL + EESS,10000.0,L,ESTACION DE SERVICIO COLINDRES-CARMEN MARY IRIARTE BARBA,1170-DFK,Gasolina Especial +,GASOLINA_ESPECIAL_MAS,Provincia,
2026-09-05,2026-09-04,True,True,Santa Cruz,DIESEL OIL NACIONAL EESS,20000.0,L,ESTACION DE SERVICIO COLINDRES-CARMEN MARY IRIARTE BARBA,1170-DFK,Diesel Oil Nacional,DIESEL_NACIONAL,Provincia,
2026-09-05,2026-09-04,True,True,Santa Cruz,DIESEL OIL IMPORTADO GRACO,35000.0,L,CIA. INDUST. AZUCARERA SAN AURELIO S.A.,724-SSK,Diesel Oil Importado,DIESEL_IMPORTADO,,
2026-09-05,2026-09-04,True,True,Santa Cruz,GASOLINA ESPECIAL + (S/DSI),5000.0,L,ESTACION DE SERVICIO VERGARA - FABIOLA NOEMI ZORRILLO VERGARA,1184-YND,Gasolina Especial +,GASOLINA_ESPECIAL_MAS,Ciudad,
2026-09-05,2026-09-04,True,True,Santa Cruz,DIESEL OIL NACIONAL EESS,20000.0,L,ESTACION DE SERVICIO JATUMPAMPA SRL,1635-FXE,Diesel Oil Nacional,DIESEL_NACIONAL,Provincia,
2026-09-05,2026-09-04,True,True,Santa Cruz,DIESEL OIL NACIONAL EESS,30000.0,L,ESTACION DE SERVICIO EL TAJIBO OKINAWA,2338-GRG,Diesel Oil Nacional,DIESEL_NACIONAL,Provincia,
2026-09-05,2026-09-04,True,True,Santa Cruz,GASOLINA ESPECIAL + (S/DSI),5000.0,L,ESTACION DE SERVICIO SAN LUIS I,543-PUY,Gasolina Especial +,GASOLINA_ESPECIAL_MAS,Ciudad,
2026-09-05,2026-09-04,True,True,Santa Cruz,DIESEL OIL NACIONAL EESS,5000.0,L,SURTIDOR CHARAGUA,466-UHP,Diesel Oil Nacional,DIESEL_NACIONAL,Provincia,
2026-09-05,2026-09-04,True,True,Santa Cruz,GASOLINA ESPECIAL + (S/DSI),20000.0,L,COMPAÑIA COMERCIAL DE GAS COMPRIMIDO C.G.C. S.R.L.,2511-RLA,Gasolina Especial +,GASOLINA_ESPECIAL_MAS,Ciudad,
2026-09-05,2026-09-04,True,True,Santa Cruz,GASOLINA ESPECIAL + EESS,10000.0,L,SURTIDOR VIRGEN DE CHARAGUA S.R.L.,466-UHP,Gasolina Especial +,GASOLINA_ESPECIAL_MAS,Provincia,
2026-09-05,2026-09-04,True,True,Santa Cruz,DIESEL OIL NACIONAL EESS,25000.0,L,SURTIDOR SANTIAGUITO - E. FABIOLA TORRICO C.,2483-HPX,Diesel Oil Nacional,DIESEL_NACIONAL,Provincia,
2026-09-05,2026-09-04,True,True,Santa Cruz,GASOLINA ESPECIAL + EESS,20000.0,L,GOTEON S.R.L.,453-IYH,Gasolina Especial +,GASOLINA_ESPECIAL_MAS,Provincia,
2026-09-05,2026-09-04,True,True,Santa Cruz,GASOLINA ESPECIAL + EESS,20000.0,L,ESTACION DE SERVICIO EL JUNTE-ALEJANDRA MARIEL BALCAZAR PAZ,2883-XTL,Gasolina Especial +,GASOLINA_ESPECIAL_MAS,Provincia,
2026-09-05,2026-09-04,True,True,Santa Cruz,DIESEL OIL IMPORTADO EESS,5000.0,L,ESTACION DE SERVICIO TOTAITU N&T S.R.L.,3598-NKD,Diesel Oil Importado,DIESEL_IMPORTADO,Ciudad,
2026-09-05,2026-09-04,True,True,Santa Cruz,GASOLINA ESPECIAL + (S/DSI),20000.0,L,GENEX S.A SUCURSAL SANTA CRUZ ZONA SANTA ROSA,863-XYY,Gasolina Especial +,GASOLINA_ESPECIAL_MAS,Ciudad,
2026-09-05,2026-09-04,True,True,Santa Cruz,GASOLINA ESPECIAL + (S/DSI),20000.0,L,ESTACION DE SERVICIOS VIRGEN DE COTOCA S.R.L.,3850-ANL,Gasolina Especial +,GASOLINA_ESPECIAL_MAS,Ciudad,
2026-09-05,2026-09-04,True,True,Santa Cruz,DIESEL OIL IMPORTADO EESS,20000.0,L,VANGAS S.A,652-SRU,Diesel Oil Importado,DIESEL_IMPORTADO,Ciudad,
2026-09-05,2026-09-04,True,True,Santa Cruz,DIESEL OIL NACIONAL EESS,5000.0,L,TARIFA S.R.L.,5314-TZK,Diesel Oil Nacional,DIESEL_NACIONAL,Provincia,
2026-09-05,2026-09-04,True,True,Santa Cruz,DIESEL OIL NACIONAL EESS,25000.0,L,ESTACION DE SERVICIO EL BIBOSI MANANTIAL-LIMBERT JIMENEZ JALDIN,2014-TNN,Diesel Oil Nacional,DIESEL_NACIONAL,Provincia,
2026-09-05,2026-09-04,True,True,Santa Cruz,DIESEL OIL NACIONAL EESS,25000.0,L,ESTACION DE SERVICIO PORTACHUELO LTDA,415-NGK(1),Diesel Oil Nacional,DIESEL_NACIONAL,Provincia,
2026-09-05,2026-09-04,True,True,Santa Cruz,DIESEL OIL NACIONAL EESS,20000.0,L,COMERCIALIZADORA DE HIDROCARBUROS ABJ S.R.L,6398-RNI,Diesel Oil Nacional,DIESEL_NACIONAL,Provincia,
2026-09-04,2026-09-04,True,False,Santa Cruz,GLP DISTRIB. 10 KILOS NAL,9910.0,L,JYRL GAS - LOURDES MORALES DE QUIROZ,302-HDB,GLP,GLP,,
2026-09-04,2026-09-04,True,False,Santa Cruz,GLP DISTRIB. 10 KILOS NAL,6300.0,L,DIST. GLP TURISMO GAS - JOSE FRANKLIN ORQUERA PAZ,1554-XYI,GLP,GLP,,
2026-09-04,2026-09-04,True,False,Santa Cruz,GLP DISTRIB. 10 KILOS NAL,6900.0,L,GONZALES A. RONALD LEONEL - DIST. CORDIGAS,1771-LLY,GLP,GLP,,
2026-09-04,2026-09-04,True,False,Santa Cruz,GLP DISTRIB. 10 KILOS NAL,6090.0,L,DIST. DE GLP EL CUMPITO-EMILIO ELIAS ROBLES SUMOYA,1362-RXK,GLP,GLP,,
2026-09-04,2026-09-03,True,True,Santa Cruz,GLP DISTRIB. 10 KILOS NAL,7420.0,L,DIST. GLP. CRUCEÑITA VASA S.R.L.,2360-THG,GLP,GLP,,
2026-09-04,2026-09-04,True,False,Santa Cruz,GLP DISTRIB. 10 KILOS NAL,7080.0,L,SOPESE S.R.L.,5268-EKA,GLP,GLP,,
2026-09-04,2026-09-04,True,False,Santa Cruz,GLP DISTRIB. 10 KILOS NAL,9340.0,L,CARMEN R. MELGAREJO GONZALES - DIST. CENTRO GAS,2832-PDP,GLP,GLP,,
2026-09-04,2026-09-04,True,False,Santa Cruz,GLP DISTRIB. 10 KILOS NAL,10270.0,L,DIST. GLP. OSCAR GAS - Betty Maldonado,2443-ICK,GLP,GLP,,
2026-09-04,2026-09-04,True,False,Santa Cruz,GLP DISTRIB. 10 KILOS NAL,5460.0,L,CTC-GAS,1860-YYY,GLP,GLP,,
2026-09-04,2026-09-04,True,False,Santa Cruz,GLP DISTRIB. 10 KILOS NAL,6210.0,L,CAMPO GAS-MONTE ALTO-ELSA FELICIDAD USCAMAYTA CHOQUE DE TAPIA,795-YII,GLP,GLP,,
2026-09-04,2026-09-04,True,False,Santa Cruz,GLP DISTRIB. 10 KILOS NAL,10250.0,L,AGROGAS S.R.L.,547-ZXY,GLP,GLP,,
2026-09-04,2026-09-03,True,True,Santa Cruz,GLP DISTRIB. 10 KILOS NAL,6130.0,L,CAMPO GAS-BALCON 1-ELSA FELICIDAD USCAMAYTA CHOQUE DE TAPIA,795-YII,GLP,GLP,,
2026-09-04,2026-09-03,True,True,Santa Cruz,GLP DISTRIB. 10 KILOS NAL,12240.0,L,DIST. GLP. ALTAMARGAS Juan Pablo Melgarejo Iriarte,1316-NUG,GLP,GLP,,
2026-09-04,2026-09-03,True,True,Santa Cruz,GLP DISTRIB. 45 KILOS NAL,4500.0,L,DIST. GLP. ALTAMARGAS Juan Pablo Melgarejo Iriarte,3586-ITS,GLP,GLP,,
2026-09-04,2026-09-03,True,True,Santa Cruz,GLP DISTRIB. 45 KILOS NAL,3600.0,L,SOPESE S.R.L.,6393-FTT,GLP,GLP,,
2026-09-04,2026-09-02,True,True,Santa Cruz,GLP DISTRIB. 10 KILOS NAL,5730.0,L,DIST. GLP. CRUCEÑITA VASA S.R.L.,3460-KTK,GLP,GLP,,
2026-09-04,2026-09-03,True,True,Santa Cruz,GLP DISTRIB. 10 KILOS NAL,10920.0,L,CARMEN R. MELGAREJO GONZALES - DIST. CENTRO GAS,2832-PDP,GLP,GLP,,
2026-09-04,2026-09-02,True,True,Santa Cruz,GLP DISTRIB. 10 KILOS NAL,6750.0,L,DIST. GLP. MARY-MARIA ELENA TAPIA USCAMAITA,599-DIT,GLP,GLP,,
2026-09-04,2026-07-27,True,True,Santa Cruz,GASOLINA ESPECIAL + EESS,15000.0,L,ESTACION DE SERVICIO JATUMPAMPA SRL,2188-IEB,Gasolina Especial +,GASOLINA_ESPECIAL_MAS,Provincia,
2026-09-04,2026-09-04,True,False,Santa Cruz,GLP DISTRIB. 10 KILOS NAL,12150.0,L,DIST. GLP. VALLE GAS - Nancy Arteaga de Lazo,363-XPE,GLP,GLP,,
2026-09-04,2026-09-04,True,False,Santa Cruz,DIESEL OIL NACIONAL EESS,35000.0,L,ESTACION DE SERVICIO LOS BIBOSIS S.R.L.,5631-AZA,Diesel Oil Nacional,DIESEL_NACIONAL,Provincia,
2026-09-04,2026-09-04,True,False,Santa Cruz,DIESEL OIL IMPORTADO EESS,30000.0,L,ESTACION DE SERVICIO GUAYACAN S.R.L.,1190-YPG,Diesel Oil Importado,DIESEL_IMPORTADO,Ciudad,
2026-09-04,2026-09-04,True,False,Santa Cruz,GASOLINA ESPECIAL + (S/DSI),20000.0,L,ESTACION DE SERVICIO GUAYACAN S.R.L.,727-YTY,Gasolina Especial +,GASOLINA_ESPECIAL_MAS,Ciudad,
2026-09-04,2026-09-04,True,False,Santa Cruz,GASOLINA ESPECIAL + EESS,20000.0,L,ABERI SRL,1408-PLU,Gasolina Especial +,GASOLINA_ESPECIAL_MAS,Provincia,
2026-09-04,2026-09-04,True,False,Santa Cruz,GASOLINA ESPECIAL + EESS,20000.0,L,ESTACION DE SERVICIO EL TINTO S.R.L.,303-DEH,Gasolina Especial +,GASOLINA_ESPECIAL_MAS,Provincia,
2026-09-04,2026-09-04,True,False,Santa Cruz,GASOLINA ESPECIAL + (S/DSI),15000.0,L,ESTACION DE SERVICIO EL GASOMETRO S.R.L.,885-PZL,Gasolina Especial +,GASOLINA_ESPECIAL_MAS,Ciudad,
2026-09-04,2026-09-04,True,False,Santa Cruz,GASOLINA ESPECIAL + (S/DSI),20000.0,L,ESTACION DE SERVICIO LA CHORRERA SRL,885-PZL,Gasolina Especial +,GASOLINA_ESPECIAL_MAS,Ciudad,
2026-09-04,2026-09-04,True,False,Santa Cruz,DIESEL OIL NACIONAL EESS,20000.0,L,ESTACION DE SERVICIO KM. 75 S.R.L,5305-YZL,Diesel Oil Nacional,DIESEL_NACIONAL,Provincia,
2026-09-04,2026-09-04,True,False,Santa Cruz,DIESEL OIL IMPORTADO EESS,20000.0,L,SURTIDOR COTOCA - JOSE RAMIRO AYALA FLORES,2338-FGD,Diesel Oil Importado,DIESEL_IMPORTADO,Ciudad,
2026-09-04,2026-09-04,True,False,Santa Cruz,DIESEL OIL IMPORTADO EESS,20000.0,L,ESTACION DE SERVICIO LOS COYUYOS-JULIA GONZALES,3994-CKU,Diesel Oil Importado,DIESEL_IMPORTADO,Ciudad,
2026-09-04,2026-09-04,True,False,Santa Cruz,DIESEL OIL NACIONAL EESS,20000.0,L,ESTACION DE SERVICIO ORTIZ S.R.L.,086-BDL,Diesel Oil Nacional,DIESEL_NACIONAL,Provincia,
2026-09-04,2026-09-04,True,False,Santa Cruz,GASOLINA ESPECIAL + EESS,20000.0,L,SURTIDOR EL PATUJU - ROGELIO LA FUENTE OLIVERA,1330-AEN,Gasolina Especial +,GASOLINA_ESPECIAL_MAS,Provincia,
2026-09-04,2026-09-03,True,True,Santa Cruz,GASOLINA ESPECIAL + EESS,5000.0,L,SURTIDOR CHARAGUA,1148-XGX,Gasolina Especial +,GASOLINA_ESPECIAL_MAS,Provincia,
2026-09-04,2026-09-04,True,False,Santa Cruz,GASOLINA ESPECIAL + EESS,5000.0,L,ESTACION DE SERVICIO MONTERO - MARIA DEL ROSARIO COLQUE QUIROZ,1330-AEN,Gasolina Especial +,GASOLINA_ESPECIAL_MAS,Provincia,
2026-09-04,2026-09-04,True,False,Santa Cruz,DIESEL OIL IMPORTADO EESS,35000.0,L,ESTACION DE SERVICIO RADIAL 10 - HUGO FLORERO ORELLANA,948-PYS,Diesel Oil Importado,DIESEL_IMPORTADO,Ciudad,
2026-09-04,2026-09-04,True,False,Santa Cruz,GASOLINA ESPECIAL + (S/DSI),10000.0,L,ESTACION DE SERVICIO RADIAL 10 - HUGO FLORERO ORELLANA,948-PYS,Gasolina Especial +,GASOLINA_ESPECIAL_MAS,Ciudad,
2026-09-04,2026-09-04,True,False,Santa Cruz,GASOLINA ESPECIAL + EESS,15000.0,L,ESTACION DE SERVICIO MONTERO - MARIA DEL ROSARIO COLQUE QUIROZ,1798-PKI,Gasolina Especial +,GASOLINA_ESPECIAL_MAS,Provincia,
2026-09-04,2026-09-04,True,False,Santa Cruz,DIESEL OIL IMPORTADO EESS,20000.0,L,COMPLEJO AUTOMOTRIZ VIRGEN DE URKUPIÑA S.R.L.,1135-RGC,Diesel Oil Importado,DIESEL_IMPORTADO,Ciudad,
2026-09-04,2026-09-04,True,False,Santa Cruz,DIESEL OIL NACIONAL EESS,20000.0,L,ESTACION DE SERVICIO MONTERO - MARIA DEL ROSARIO COLQUE QUIROZ,1798-PKI,Diesel Oil Nacional,DIESEL_NACIONAL,Provincia,
2026-09-04,2026-09-04,True,False,Santa Cruz,GASOLINA ESPECIAL + (S/DSI),20000.0,L,COMPLEJO AUTOMOTRIZ VIRGEN DE URKUPIÑA S.R.L.,950-ZBY,Gasolina Especial +,GASOLINA_ESPECIAL_MAS,Ciudad,
2026-09-04,2026-09-04,True,False,Santa Cruz,GASOLINA ESPECIAL + (S/DSI),9900.0,L,ESTACION DE SERVICIO URBARI SRL,375-KIH,Gasolina Especial +,GASOLINA_ESPECIAL_MAS,Ciudad,
2026-09-04,2026-09-04,True,False,Santa Cruz,GASOLINA ESPECIAL + (S/DSI),15000.0,L,ESTACION DE SERVICIO 3F OIL S.R.L.,953-UFL,Gasolina Especial +,GASOLINA_ESPECIAL_MAS,Ciudad,
2026-09-04,2026-09-04,True,False,Santa Cruz,GASOLINA ESPECIAL + (S/DSI),5000.0,L,ESTACION DE SERVICIO 3F OIL S.R.L.,953-UFL,Gasolina Especial +,GASOLINA_ESPECIAL_MAS,Ciudad,
2026-09-04,2026-09-04,True,False,Santa Cruz,DIESEL OIL IMPORTADO EESS,25000.0,L,ESTACION DE SERVICIO 3F OIL S.R.L.,953-UFL,Diesel Oil Importado,DIESEL_IMPORTADO,Ciudad,
2026-09-04,2026-09-04,True,False,Santa Cruz,GASOLINA ESPECIAL + EESS,20000.0,L,ESTACION DE SERVICIO EL BATO,1502-UIR,Gasolina Especial +,GASOLINA_ESPECIAL_MAS,Provincia,
2026-09-04,2026-09-04,True,False,Santa Cruz,DIESEL OIL NACIONAL EESS,25000.0,L,ESTACION DE SERVICIO VALLES CRUCEÑOS,1362-KXF,Diesel Oil Nacional,DIESEL_NACIONAL,Provincia,
2026-09-04,2026-09-04,True,False,Santa Cruz,GASOLINA ESPECIAL + (S/DSI),20000.0,L,Z & Z LTDA,2319-UPC,Gasolina Especial +,GASOLINA_ESPECIAL_MAS,Ciudad,
2026-09-04,2026-09-04,True,False,Santa Cruz,GASOLINA ESPECIAL + EESS,20000.0,L,ESTACION DE SERVICIO FLORES-SIMONA FLORES FLORES,1757-BGC,Gasolina Especial +,GASOLINA_ESPECIAL_MAS,Provincia,
2026-09-04,2026-09-04,True,False,Santa Cruz,DIESEL OIL NACIONAL EESS,30000.0,L,ESTACION DE SERVICIO FLORES-SIMONA FLORES FLORES,4059-FXU,Diesel Oil Nacional,DIESEL_NACIONAL,Provincia,
2026-09-04,2026-09-04,True,False,Santa Cruz,GASOLINA ESPECIAL + (S/DSI),15000.0,L,BICENTENARIO SRL,2120-PKF,Gasolina Especial +,GASOLINA_ESPECIAL_MAS,,
2026-09-04,2026-09-04,True,False,Santa Cruz,DIESEL OIL NACIONAL EESS,25000.0,L,ESTACION DE SERVICIO LAS CONCHAS S.R.L.,1275-RHG,Diesel Oil Nacional,DIESEL_NACIONAL,Provincia,
2026-09-04,2026-09-04,True,False,Santa Cruz,GASOLINA ESPECIAL + (S/DSI),15000.0,L,ESTACION DE SERVICIO LAS CONCHAS S.R.L.-SUCURSAL LA ENCONADA,389-IPX,Gasolina Especial +,GASOLINA_ESPECIAL_MAS,Provincia,
2026-09-04,2026-09-04,True,False,Santa Cruz,DIESEL OIL NACIONAL EESS,25000.0,L,ESTACION DE SERVICIO EL MIRADOR - SONIA SORUCO ROCA,4803-IRB,Diesel Oil Nacional,DIESEL_NACIONAL,Provincia,
2026-09-04,2026-09-04,True,False,Santa Cruz,GASOLINA ESPECIAL + EESS,10000.0,L,ESTACION DE SERVICIO ANTO - ANTONIO CARLOS LORGIO JUSTINIANO SANTOS,3877-PTG,Gasolina Especial +,GASOLINA_ESPECIAL_MAS,Provincia,
2026-09-04,2026-09-04,True,False,Santa Cruz,DIESEL OIL NACIONAL EESS,25000.0,L,ESTACION DE SERVICIO LA CUEVA - ROLANDO CHAVEZ VACA,1176-SCT,Diesel Oil Nacional,DIESEL_NACIONAL,Provincia,
2026-09-04,2026-09-04,True,False,Santa Cruz,DIESEL OIL IMPORTADO EESS,10000.0,L,ESTACION DE SERVICIO ORSA SRL-SUCURSAL 1,6453-URG,Diesel Oil Importado,DIESEL_IMPORTADO,Provincia,
2026-09-04,2026-09-04,True,False,Santa Cruz,GASOLINA ESPECIAL + (S/DSI),5000.0,L,ESTACION DE SERVICIO ORSA S.R.L.,6453-URG,Gasolina Especial +,GASOLINA_ESPECIAL_MAS,Ciudad,
2026-09-04,2026-09-04,True,False,Santa Cruz,GASOLINA ESPECIAL + (S/DSI),20000.0,L,ESTACION DE SERVICIO ORSA SRL-SUCURSAL 1,6453-URG,Gasolina Especial +,GASOLINA_ESPECIAL_MAS,Provincia,
2026-09-04,2026-09-04,True,False,Santa Cruz,GASOLINA ESPECIAL + (S/DSI),20000.0,L,ESTACION DE SERVICIO EL TERO TERO DE CHICHITA - RODRIGO REMY AQUINO ALVARADO,2468-GTE,Gasolina Especial +,GASOLINA_ESPECIAL_MAS,Ciudad,
2026-09-04,2026-09-04,True,False,Santa Cruz,GASOLINA ESPECIAL + (S/DSI),20000.0,L,ESTACION DE SERVICIO REYNALDO CORTEZ QUISPE,5342-KHY,Gasolina Especial +,GASOLINA_ESPECIAL_MAS,Ciudad,
2026-09-04,2026-09-04,True,False,Santa Cruz,DIESEL OIL IMPORTADO EESS,25000.0,L,ESTACION DE SERVICIO REYNALDO CORTEZ QUISPE,5312-NXE,Diesel Oil Importado,DIESEL_IMPORTADO,Ciudad,
2026-09-04,2026-09-04,True,False,Santa Cruz,DIESEL OIL IMPORTADO EESS,10000.0,L,ESTACION DE SERVICIO TRES PASOS AL FRENTE - VITALIANO ROJAS OLIVERA,5002-IBN,Diesel Oil Importado,DIESEL_IMPORTADO,Ciudad,
2026-09-04,2026-09-04,True,False,Santa Cruz,GASOLINA ESPECIAL + (S/DSI),20000.0,L,GASCO S.R.L.,514-HHE,Gasolina Especial +,GASOLINA_ESPECIAL_MAS,Ciudad,
2026-09-04,2026-09-04,True,False,Santa Cruz,DIESEL OIL IMPORTADO EESS,20000.0,L,ESTACION DE SERVICIO BI-OCEANICA S.R.L.,4269-HNT,Diesel Oil Importado,DIESEL_IMPORTADO,Ciudad,
2026-09-04,2026-09-04,True,False,Santa Cruz,DIESEL OIL IMPORTADO EESS,20000.0,L,ESTACION DE SERVICIO PIRAI S.R.L. SUC. DOBLE VIA LA GUARDIA ESQ. OCTAVO ANILLO,1999-CDP,Diesel Oil Importado,DIESEL_IMPORTADO,Ciudad,
2026-09-04,2026-09-04,True,False,Santa Cruz,DIESEL OIL NACIONAL EESS,25000.0,L,ESTACION DE SERVICIO PIRAI S.R.L. SUCURSAL 1,4530-FIY,Diesel Oil Nacional,DIESEL_NACIONAL,Provincia,
2026-09-04,2026-09-04,True,False,Santa Cruz,GASOLINA ESPECIAL + (S/DSI),20000.0,L,ESTACION DE SERVICIO TRES PASOS AL FRENTE - VITALIANO ROJAS OLIVERA,2024-CIX,Gasolina Especial +,GASOLINA_ESPECIAL_MAS,Ciudad,
2026-09-04,2026-09-04,True,False,Santa Cruz,GASOLINA ESPECIAL + (S/DSI),20000.0,L,ESTACION DE SERVICIO PIRAI S.R.L. SUC. DOBLE VIA LA GUARDIA ESQ. OCTAVO ANILLO,4108-GPL,Gasolina Especial +,GASOLINA_ESPECIAL_MAS,Ciudad,
2026-09-04,2026-09-04,True,False,Santa Cruz,GASOLINA ESPECIAL + (S/DSI),10000.0,L,ESTACION DE SERVICIO PIRAI S.R.L.,4530-FIY,Gasolina Especial +,GASOLINA_ESPECIAL_MAS,Ciudad,
2026-09-04,2026-09-04,True,False,Santa Cruz,DIESEL OIL NACIONAL EESS,25000.0,L,ESTACION DE SERVICIO EL TAJIBO OKINAWA,2338-GRG,Diesel Oil Nacional,DIESEL_NACIONAL,Provincia,
2026-09-04,2026-09-04,True,False,Santa Cruz,DIESEL OIL IMPORTADO EESS,20000.0,L,ESTACION DE SERVICIO SUR S.R.L.-SUCURSAL ESTACION DE SERVICIO LA TECA,825-ATI,Diesel Oil Importado,DIESEL_IMPORTADO,Ciudad,
2026-09-04,2026-09-04,True,False,Santa Cruz,DIESEL OIL IMPORTADO EESS,20000.0,L,ESTACION DE SERVICIO SUR SRL SUCURSAL 3,1390-DBC,Diesel Oil Importado,DIESEL_IMPORTADO,Ciudad,
2026-09-04,2026-09-04,True,False,Santa Cruz,GASOLINA ESPECIAL + EESS,20000.0,L,ESTACION DE SERVICIO EL TAJIBO OKINAWA,1122-SRR,Gasolina Especial +,GASOLINA_ESPECIAL_MAS,Provincia,
2026-09-04,2026-09-04,True,False,Santa Cruz,DIESEL OIL IMPORTADO EESS,5000.0,L,ESTACION DE SERVICIO SUR S.R.L. SUCURSAL 2,1388-TGA,Diesel Oil Importado,DIESEL_IMPORTADO,Ciudad,
2026-09-04,2026-09-04,True,False,Santa Cruz,DIESEL OIL IMPORTADO EESS,25000.0,L,ESTACION DE SERVICIO TRES PASOS AL FRENTE - VITALIANO ROJAS OLIVERA,5002-IBN,Diesel Oil Importado,DIESEL_IMPORTADO,Ciudad,
2026-09-04,2026-09-04,True,False,Santa Cruz,DIESEL OIL IMPORTADO EESS,15000.0,L,ESTACION DE SERVICIO SUR S.R.L. SUCURSAL 2,1390-DBC,Diesel Oil Importado,DIESEL_IMPORTADO,Ciudad,
2026-09-04,2026-09-04,True,False,Santa Cruz,DIESEL OIL NACIONAL EESS,30000.0,L,ESTACION DE SERVICIO SUR S.R.L. SUCURSAL MONTE VERDE,1095-ZCK,Diesel Oil Nacional,DIESEL_NACIONAL,Provincia,
2026-09-04,2026-09-04,True,False,Santa Cruz,GASOLINA ESPECIAL + (S/DSI),20000.0,L,ESTACION DE SERVICIO SUR S.R.L.-SUCURSAL ESTACION DE SERVICIO LA TECA,2801-BYP,Gasolina Especial +,GASOLINA_ESPECIAL_MAS,Ciudad,
2026-09-04,2026-09-04,True,False,Santa Cruz,GASOLINA ESPECIAL + (S/DSI),20000.0,L,ESTACION DE SERVICIO SUR SRL SUCURSAL 3,437-KYY,Gasolina Especial +,GASOLINA_ESPECIAL_MAS,Ciudad,
2026-09-04,2026-09-04,True,False,Santa Cruz,GASOLINA ESPECIAL + (S/DSI),5000.0,L,ESTACION DE SERVICIO SUR S.R.L. SUCURSAL 2,4410-KXK,Gasolina Especial +,GASOLINA_ESPECIAL_MAS,Ciudad,
2026-09-04,2026-09-04,True,False,Santa Cruz,GASOLINA ESPECIAL + (S/DSI),15000.0,L,ESTACION DE SERVICIO SUR S.R.L. SUCURSAL 2,437-KYY,Gasolina Especial +,GASOLINA_ESPECIAL_MAS,Ciudad,
2026-09-04,2026-09-04,True,False,Santa Cruz,GASOLINA ESPECIAL + (S/DSI),20000.0,L,ESTACION DE SERVICIO SUR S.R.L. SUCURSAL 1,1128-FUX,Gasolina Especial +,GASOLINA_ESPECIAL_MAS,Ciudad,
2026-09-04,2026-09-04,True,False,Santa Cruz,DIESEL OIL NACIONAL EESS,25000.0,L,ESTACION DE SERVICIO TORRIAYALA S.R.L.,4491-PRD,Diesel Oil Nacional,DIESEL_NACIONAL,Provincia,
2026-09-04,2026-09-04,True,False,Santa Cruz,GASOLINA ESPECIAL + (S/DSI),20000.0,L,ESTACION DE SERVICIO SUR S.R.L.,4410-LAU,Gasolina Especial +,GASOLINA_ESPECIAL_MAS,Ciudad,
2026-09-04,2026-09-04,True,False,Santa Cruz,DIESEL OIL IMPORTADO EESS,5000.0,L,REFINERIA ORIENTAL S.A. SUCURSAL MONTECRISTO,1388-TGA,Diesel Oil Importado,DIESEL_IMPORTADO,Ciudad,
2026-09-04,2026-09-04,True,False,Santa Cruz,DIESEL OIL IMPORTADO EESS,15000.0,L,REFINERIA ORIENTAL S.A. SUCURSAL MONTECRISTO,825-ATI,Diesel Oil Importado,DIESEL_IMPORTADO,Ciudad,
2026-09-04,2026-09-04,True,False,Santa Cruz,GASOLINA ESPECIAL + (S/DSI),20000.0,L,SURTIDOR CLUBOL - RUTH JIMENEZ DE MONROY,5312-NXE,Gasolina Especial +,GASOLINA_ESPECIAL_MAS,Ciudad,
2026-09-04,2026-09-04,True,False,Santa Cruz,DIESEL OIL IMPORTADO EESS,10000.0,L,REFINERIA ORIENTAL S.A. SUC. NOR ESTE,1388-TGA,Diesel Oil Importado,DIESEL_IMPORTADO,Ciudad,
2026-09-04,2026-09-04,True,False,Santa Cruz,DIESEL OIL IMPORTADO EESS,10000.0,L,SURTIDOR CLUBOL - RUTH JIMENEZ DE MONROY,5312-NXE,Diesel Oil Importado,DIESEL_IMPORTADO,Ciudad,
2026-09-04,2026-09-04,True,False,Santa Cruz,GASOLINA ESPECIAL + (S/DSI),5000.0,L,REFINERIA ORIENTAL S.A. SUCURSAL MONTECRISTO,1095-ZCK,Gasolina Especial +,GASOLINA_ESPECIAL_MAS,Ciudad,
2026-09-04,2026-09-04,True,False,Santa Cruz,GASOLINA ESPECIAL + (S/DSI),15000.0,L,REFINERIA ORIENTAL S.A. SUCURSAL MONTECRISTO,2801-BYP,Gasolina Especial +,GASOLINA_ESPECIAL_MAS,Ciudad,
2026-09-04,2026-09-04,True,False,Santa Cruz,GASOLINA ESPECIAL + (S/DSI),20000.0,L,REFINERIA ORIENTAL S.A. SUC. NOR ESTE,1095-ZCK,Gasolina Especial +,GASOLINA_ESPECIAL_MAS,Ciudad,
2026-09-04,2026-09-04,True,False,Santa Cruz,GASOLINA ESPECIAL + (S/DSI),20000.0,L,ESTACION DE SERVICIO REFINERIA ORIENTAL S.A. - SUC. ZONA 4° ANILLO FRENTE A BUFALO PARK - SC,4530-FIY,Gasolina Especial +,GASOLINA_ESPECIAL_MAS,Ciudad,
2026-09-04,2026-09-04,True,False,Santa Cruz,GASOLINA ESPECIAL + (S/DSI),20000.0,L,REFINERIA ORIENTAL S.A.-SUC. TERCER ANILLO INTERNO FRENTE CANCHITA ROYAL,5775-AXE,Gasolina Especial +,GASOLINA_ESPECIAL_MAS,Ciudad,
2026-09-04,2026-09-04,True,False,Santa Cruz,GASOLINA ESPECIAL + (S/DSI),20000.0,L,REFINERIA ORIENTAL S.A.-SUC. BARRIO LAZARETO,1113-EAA,Gasolina Especial +,GASOLINA_ESPECIAL_MAS,Ciudad,
2026-09-04,2026-09-04,True,False,Santa Cruz,GASOLINA ESPECIAL + (S/DSI),20000.0,L,REFINERIA ORIENTAL S.A.,4410-KXK,Gasolina Especial +,GASOLINA_ESPECIAL_MAS,Ciudad,
2026-09-04,2026-09-04,True,False,Santa Cruz,GASOLINA ESPECIAL + EESS,25000.0,L,ESTACION DE SERVICIO CARLOS ANDRES FI S.R.L.,373-ACE,Gasolina Especial +,GASOLINA_ESPECIAL_MAS,Provincia,
2026-09-04,2026-09-04,True,False,Santa Cruz,DIESEL OIL IMPORTADO EESS,20000.0,L,ESTACION DE SERVICIO DAVILA S.R.L.,1445-CDA,Diesel Oil Importado,DIESEL_IMPORTADO,Ciudad,
2026-09-04,2026-09-04,True,False,Santa Cruz,DIESEL OIL IMPORTADO EESS,20000.0,L,ESTACION DE SERVICIO DICOR S.R.L.,583-PTR,Diesel Oil Importado,DIESEL_IMPORTADO,Ciudad,
2026-09-04,2026-09-04,True,False,Santa Cruz,GASOLINA ESPECIAL + (S/DSI),20000.0,L,ESTACION DE SERVICIO DICOR S.R.L.,583-PTR,Gasolina Especial +,GASOLINA_ESPECIAL_MAS,Ciudad,
2026-09-04,2026-09-04,True,False,Santa Cruz,DIESEL OIL IMPORTADO EESS,10000.0,L,ESTACION DE SERVICIO LA CIMA,297-ACK,Diesel Oil Importado,DIESEL_IMPORTADO,Ciudad,
2026-09-04,2026-09-04,True,False,Santa Cruz,GASOLINA ESPECIAL + EESS,15000.0,L,ESTACION DE SERVICIO EL MIRADOR - SONIA SORUCO ROCA,5204-RAS,Gasolina Especial +,GASOLINA_ESPECIAL_MAS,Provincia,
2026-09-04,2026-09-04,True,False,Santa Cruz,GASOLINA ESPECIAL + (S/DSI),19900.0,L,ESTACION DE SERVICIO LA CIMA,297-ACK,Gasolina Especial +,GASOLINA_ESPECIAL_MAS,Ciudad,
2026-09-04,2026-09-04,True,False,Santa Cruz,GASOLINA ESPECIAL + EESS,20000.0,L,ESTACION DE SERVICIO LA CUEVA - ROLANDO CHAVEZ VACA,5204-RAS,Gasolina Especial +,GASOLINA_ESPECIAL_MAS,Provincia,
2026-09-04,2026-09-04,True,False,Santa Cruz,DIESEL OIL IMPORTADO EESS,35000.0,L,ESTACION DE SERVICIO MONTAÑO S.R.L.,3031-PAN,Diesel Oil Importado,DIESEL_IMPORTADO,Ciudad,
2026-09-04,2026-09-04,True,False,Santa Cruz,DIESEL OIL IMPORTADO EESS,25000.0,L,ESTACION DE SERVICIO SAN LUIS I,543-PUY,Diesel Oil Importado,DIESEL_IMPORTADO,Ciudad,
2026-09-04,2026-09-04,True,False,Santa Cruz,DIESEL OIL IMPORTADO EESS,35000.0,L,ESTACION DE SERVICIO SAN LUIS,244-ANI,Diesel Oil Importado,DIESEL_IMPORTADO,Ciudad,
2026-09-04,2026-09-04,True,False,Santa Cruz,GASOLINA ESPECIAL + EESS,20000.0,L,ESTACION DE SERVICIO PORTACHUELO LTDA,599-AEA,Gasolina Especial +,GASOLINA_ESPECIAL_MAS,Provincia,
2026-09-04,2026-09-04,True,False,Santa Cruz,DIESEL OIL IMPORTADO EESS,20000.0,L,YVU CENTRO DE SERVICIOS Y COMERCIO S.R.L.,1060-PIT,Diesel Oil Importado,DIESEL_IMPORTADO,Ciudad,
2026-09-04,2026-09-04,True,False,Santa Cruz,GASOLINA ESPECIAL + (S/DSI),20000.0,L,YVU CENTRO DE SERVICIOS Y COMERCIO S.R.L.,1060-PIT,Gasolina Especial +,GASOLINA_ESPECIAL_MAS,Ciudad,
2026-09-04,2026-09-04,True,False,Santa Cruz,DIESEL OIL NACIONAL EESS,20000.0,L,D-GAS S.A. SUCURSAL SANTA CRUZ,2511-RLA,Diesel Oil Nacional,DIESEL_NACIONAL,Provincia,
2026-09-04,2026-09-04,True,False,Santa Cruz,DIESEL OIL IMPORTADO EESS,20000.0,L,COMPAÑIA COMERCIAL DE GAS COMPRIMIDO C.G.C. S.R.L.,2511-RLA,Diesel Oil Importado,DIESEL_IMPORTADO,Ciudad,
2026-09-04,2026-09-04,True,False,Santa Cruz,GASOLINA ESPECIAL + EESS,20000.0,L,ESTACION DE SERVICIO PAULINA S.R.L.,571-PDN,Gasolina Especial +,GASOLINA_ESPECIAL_MAS,Provincia,
2026-09-04,2026-09-04,True,False,Santa Cruz,DIESEL OIL IMPORTADO EESS,10000.0,L,GAS DEL ESTE S.R.L.,622-IUN,Diesel Oil Importado,DIESEL_IMPORTADO,Ciudad,
2026-09-04,2026-09-03,True,True,Santa Cruz,DIESEL OIL NACIONAL EESS,35000.0,L,ESTACION DE SERVICIO SAYE S.R.L.,4414-NAH,Diesel Oil Nacional,DIESEL_NACIONAL,Provincia,
2026-09-04,2026-09-04,True,False,Santa Cruz,GASOLINA ESPECIAL + EESS,20000.0,L,ESTACION DE SERVICIO EUSE CRUZ,869-TZE,Gasolina Especial +,GASOLINA_ESPECIAL_MAS,Provincia,
2026-09-04,2026-09-04,True,False,Santa Cruz,GASOLINA ESPECIAL + EESS,20000.0,L,ESTACION DE SERVICIO MINERO-JHONNY QUINTEROS VASQUEZ,512-ZZA,Gasolina Especial +,GASOLINA_ESPECIAL_MAS,Provincia,
2026-09-04,2026-09-04,True,False,Santa Cruz,DIESEL OIL NACIONAL EESS,35000.0,L,ESTACION DE SERVICIO EL JUNTE-ALEJANDRA MARIEL BALCAZAR PAZ,553-ESR,Diesel Oil Nacional,DIESEL_NACIONAL,Provincia,
2026-09-04,2026-09-04,True,False,Santa Cruz,DIESEL OIL NACIONAL EESS,25000.0,L,ESTACION DE SERVICIO MINERO-JHONNY QUINTEROS VASQUEZ,5351-UAG,Diesel Oil Nacional,DIESEL_NACIONAL,Provincia,
2026-09-04,2026-09-04,True,False,Santa Cruz,GASOLINA ESPECIAL + EESS,20000.0,L,"ESTACION DE SERVICIO ""S.J"" S.R.L.",3598-KXG,Gasolina Especial +,GASOLINA_ESPECIAL_MAS,Provincia,
2026-09-04,2026-09-04,True,False,Santa Cruz,DIESEL OIL NACIONAL EESS,25000.0,L,ESTACION DE SERVICIO EL JUNTE II-ALEJANDRA MARIEL BALCAZAR PAZ,468-RHE(1),Diesel Oil Nacional,DIESEL_NACIONAL,Provincia,
2026-09-04,2026-09-04,True,False,Santa Cruz,DIESEL OIL IMPORTADO EESS,20000.0,L,ESTACION DE SERVICIO APAZA-PATRICIA JORGE DE APAZA,2066-KRR,Diesel Oil Importado,DIESEL_IMPORTADO,Ciudad,
2026-09-04,2026-09-04,True,False,Santa Cruz,GASOLINA ESPECIAL + (S/DSI),15000.0,L,ESTACION DE SERVICIO APAZA-PATRICIA JORGE DE APAZA,2066-KRR,Gasolina Especial +,GASOLINA_ESPECIAL_MAS,Ciudad,
2026-09-04,2026-09-04,True,False,Santa Cruz,DIESEL OIL NACIONAL EESS,20000.0,L,PARTICIPACIONES E INVERSIONES EN GAS - PIGAS S.A.,1169-YKS,Diesel Oil Nacional,DIESEL_NACIONAL,Provincia,
2026-09-04,2026-09-04,True,False,Santa Cruz,DIESEL OIL NACIONAL EESS,35000.0,L,SURTIDOR ACIPA - SJ S.R.L.,6475-PAS,Diesel Oil Nacional,DIESEL_NACIONAL,Provincia,
2026-09-04,2026-09-04,True,False,Santa Cruz,GASOLINA ESPECIAL + EESS,20000.0,L,SURTIDOR ACIPA - SJ S.R.L.,5247-XTG,Gasolina Especial +,GASOLINA_ESPECIAL_MAS,Provincia,
2026-09-04,2026-09-04,True,False,Santa Cruz,GLP DISTRIB. 45 KILOS NAL,4500.0,L,DIST. GLP. CRUCEÑITA VASA S.R.L.,3460-KTK,GLP,GLP,,
2026-09-04,2026-09-03,True,True,Santa Cruz,GASOLINA ESPECIAL + EESS,15000.0,L,ESTACION DE SERVICIO LAS CONCHAS S.R.L.,389-IPX,Gasolina Especial +,GASOLINA_ESPECIAL_MAS,Provincia,
2026-09-04,2026-09-04,True,False,Santa Cruz,GASOLINA ESPECIAL + (S/DSI),15000.0,L,ESTACION DE SERVICIO EL TAROPE - JHONNY AGUILAR ADRIAZOLA,1745-PCU,Gasolina Especial +,GASOLINA_ESPECIAL_MAS,Ciudad,
2026-09-04,2026-09-04,True,False,Santa Cruz,GLP DISTRIB. 10 KILOS NAL,11220.0,L,DIST. GLP. ALTAMARGAS Juan Pablo Melgarejo Iriarte,1294-GFE,GLP,GLP,,
2026-09-04,2026-09-04,True,False,Santa Cruz,GASOLINA ESPECIAL + EESS,10000.0,L,ESTACION DE SERVICIO SOMOS GAS SRL,2257-EEE,Gasolina Especial +,GASOLINA_ESPECIAL_MAS,Provincia,
2026-09-04,2026-09-04,True,False,Santa Cruz,GASOLINA ESPECIAL + EESS,10000.0,L,ESTACION DE SERVICIO MACONDO,1094-EIF,Gasolina Especial +,GASOLINA_ESPECIAL_MAS,Provincia,
2026-09-04,2026-09-04,True,False,Santa Cruz,DIESEL OIL NACIONAL EESS,25000.0,L,ESTACION DE SERVICIO MACONDO,1074-IHH,Diesel Oil Nacional,DIESEL_NACIONAL,Provincia,
2026-09-04,2026-09-04,True,False,Santa Cruz,DIESEL OIL IMPORTADO EESS,35000.0,L,CENTRO DE COMERCIO Y SERVICIOS VALDIVIA FERRUFINO S.R.L.,2330-NLD,Diesel Oil Importado,DIESEL_IMPORTADO,Ciudad,
2026-09-04,2026-09-04,True,False,Santa Cruz,GLP DISTRIB. 45 KILOS NAL,4500.0,L,DIST. GLP. ALTAMARGAS Juan Pablo Melgarejo Iriarte,3586-ITS,GLP,GLP,,
2026-09-04,2026-09-04,True,False,Santa Cruz,DIESEL OIL IMPORTADO EESS,20000.0,L,ESTACION DE SERVICIO EL TAROPE - JHONNY AGUILAR ADRIAZOLA,1745-PCU,Diesel Oil Importado,DIESEL_IMPORTADO,Ciudad,
2026-09-04,2026-09-04,True,False,Santa Cruz,DIESEL OIL IMPORTADO EESS,30000.0,L,ESTACION DE SERVICIO EMANUEL S.R.L.,332-NTN,Diesel Oil Importado,DIESEL_IMPORTADO,Ciudad,
2026-09-04,2026-09-04,True,False,Santa Cruz,GASOLINA ESPECIAL + EESS,15000.0,L,ESTACION DE SERVICIO SOMOS GAS SRL,2257-EEE,Gasolina Especial +,GASOLINA_ESPECIAL_MAS,Provincia,
2026-09-04,2026-09-04,True,False,Santa Cruz,GASOLINA ESPECIAL + (S/DSI),20000.0,L,ESTACION DE SERVICIO ELISA S.R.L.,2291-ATI,Gasolina Especial +,GASOLINA_ESPECIAL_MAS,Ciudad,
2026-09-04,2026-09-04,True,False,Santa Cruz,GASOLINA ESPECIAL + (S/DSI),20000.0,L,ESTACION DE SERVICIO PANTANAL DEL ORIENTE-ALVARO LUIS AGUILAR ADRIAZOLA,955-YPK,Gasolina Especial +,GASOLINA_ESPECIAL_MAS,Ciudad,
2026-09-04,2026-09-04,True,False,Santa Cruz,DIESEL OIL IMPORTADO EESS,20000.0,L,ESTACION DE SERVICIO PANTANAL DEL ORIENTE-ALVARO LUIS AGUILAR ADRIAZOLA,584-RKD,Diesel Oil Importado,DIESEL_IMPORTADO,Ciudad,
2026-09-04,2026-09-04,True,False,Santa Cruz,DIESEL OIL NACIONAL EESS,5000.0,L,ESTACION DE SERVICIO CHANE,1074-IHH,Diesel Oil Nacional,DIESEL_NACIONAL,Provincia,
2026-09-04,2026-09-04,True,False,Santa Cruz,DIESEL OIL NACIONAL EESS,20000.0,L,ESTACION DE SERVICIO CHANE,399-LZN,Diesel Oil Nacional,DIESEL_NACIONAL,Provincia,
2026-09-04,2026-09-04,True,False,Santa Cruz,DIESEL OIL IMPORTADO EESS,15000.0,L,ESTACION DE SERVICIO BI-OCEANICA S.R.L.,4269-HNT,Diesel Oil Importado,DIESEL_IMPORTADO,Ciudad,
2026-09-04,2026-09-04,True,False,Santa Cruz,GASOLINA ESPECIAL + (S/DSI),20000.0,L,"EMPRESA DAVILA IMPORTADORA-EXPORTADORA S.R.L. ""DAIMPORT - EXPORT LTDA""",846-IXK,Gasolina Especial +,GASOLINA_ESPECIAL_MAS,Ciudad,
2026-09-04,2026-09-04,True,False,Santa Cruz,GASOLINA ESPECIAL + (S/DSI),10000.0,L,ESTACION DE SERVICIO ORSA S.R.L.,6453-URG,Gasolina Especial +,GASOLINA_ESPECIAL_MAS,Ciudad,
2026-09-04,2026-09-04,True,False,Santa Cruz,DIESEL OIL IMPORTADO EESS,20000.0,L,ESTACION DE SERVICIO LA COLORADA,2229-HLP,Diesel Oil Importado,DIESEL_IMPORTADO,Ciudad,
2026-09-04,2026-09-04,True,False,Santa Cruz,GASOLINA ESPECIAL + (S/DSI),20000.0,L,ESTACION DE SERVICIO LA COLORADA,2229-HLP,Gasolina Especial +,GASOLINA_ESPECIAL_MAS,Ciudad,
2026-09-04,2026-09-04,True,False,Santa Cruz,DIESEL OIL IMPORTADO EESS,20000.0,L,ESTACION DE SERVICIO CLUB GAZEL S.R.L.,2434-YRP,Diesel Oil Importado,DIESEL_IMPORTADO,Ciudad,
2026-09-04,2026-09-04,True,False,Santa Cruz,DIESEL OIL IMPORTADO EESS,20000.0,L,"EMPRESA DAVILA IMPORTADORA-EXPORTADORA S.R.L. ""DAIMPORT - EXPORT LTDA""",1383-DKA,Diesel Oil Importado,DIESEL_IMPORTADO,Ciudad,
2026-09-04,2026-09-04,True,False,Santa Cruz,GASOLINA ESPECIAL + (S/DSI),20000.0,L,ESTACION DE SERVICIO CLUB GAZEL S.R.L.,2434-YRP,Gasolina Especial +,GASOLINA_ESPECIAL_MAS,Ciudad,
2026-09-04,2026-09-04,True,False,Santa Cruz,GLP DISTRIB. 10 KILOS NAL,7360.0,L,SOPESE S.R.L.,5268-EKA,GLP,GLP,,
2026-09-04,2026-09-04,True,False,Santa Cruz,GASOLINA ESPECIAL + (S/DSI),20000.0,L,ESTACION DE SERVICIO LAS ORQUIDEAS S.R.L.,711-XUH,Gasolina Especial +,GASOLINA_ESPECIAL_MAS,Ciudad,
2026-09-04,2026-09-04,True,False,Santa Cruz,GASOLINA ESPECIAL + (S/DSI),20000.0,L,ESTACION DE SERVICIO BI-OCEANICA S.R.L.,4269-HNT,Gasolina Especial +,GASOLINA_ESPECIAL_MAS,Ciudad,
2026-09-04,2026-09-04,True,False,Santa Cruz,GLP DISTRIB. 10 KILOS NAL,8310.0,L,SOPESE S.R.L.,578-IEC,GLP,GLP,,
2026-09-04,2026-09-03,True,True,Santa Cruz,DIESEL OIL IMPORTADO GRACO,35000.0,L,UNAGRO S.A.,5314-TZK,Diesel Oil Importado,DIESEL_IMPORTADO,,
2026-09-04,2026-09-04,True,False,Santa Cruz,GLP DISTRIB. 10 KILOS NAL,9000.0,L,SOPESE S.R.L.,5741-ADC,GLP,GLP,,
2026-09-04,2026-09-04,True,False,Santa Cruz,GASOLINA ESPECIAL + (S/DSI),20000.0,L,"ESTACION DE SERVICIO ""GUAPAY"" S.R.L.",447-PSY,Gasolina Especial +,GASOLINA_ESPECIAL_MAS,Ciudad,
2026-09-04,2026-09-04,True,False,Santa Cruz,DIESEL OIL IMPORTADO EESS,35000.0,L,BICENTENARIO SRL,2120-PKF,Diesel Oil Importado,DIESEL_IMPORTADO,,
2026-09-04,2026-09-04,True,False,Santa Cruz,GASOLINA ESPECIAL + (S/DSI),5000.0,L,ESTACION DE SERVICIO MORAGRANDE S.R.L. (SUC 1),2483-HBD,Gasolina Especial +,GASOLINA_ESPECIAL_MAS,Ciudad,
2026-09-04,2026-09-04,True,False,Santa Cruz,GASOLINA ESPECIAL + (S/DSI),20000.0,L,R&E 3000 S.R.L.,1197-ATI,Gasolina Especial +,GASOLINA_ESPECIAL_MAS,Ciudad,
2026-09-04,2026-09-04,True,False,Santa Cruz,GLP DISTRIB. 10 KILOS NAL,10340.0,L,DIST. GLP ÑUFLO DE CHAVEZ-KALA QUISPE RINA,2746-ZIN,GLP,GLP,,
2026-09-04,2026-09-04,True,False,Santa Cruz,GASOLINA ESPECIAL + (S/DSI),15000.0,L,ESTACION DE SERVICIO MORAGRANDE S.R.L. (SUC 1),2483-HBD,Gasolina Especial +,GASOLINA_ESPECIAL_MAS,Ciudad,
2026-09-04,2026-09-04,True,False,Santa Cruz,GASOLINA ESPECIAL + (S/DSI),10000.0,L,ESTACION DE SERVICIO MORAGRANDE S.R.L.,1893-NTP,Gasolina Especial +,GASOLINA_ESPECIAL_MAS,Ciudad,
2026-09-04,2026-09-04,True,False,Santa Cruz,GASOLINA ESPECIAL + (S/DSI),20000.0,L,ESTACION DE SERVICIO RIVERO - LUIS ANTONIO RIVERO AÑEZ,681-FDU,Gasolina Especial +,GASOLINA_ESPECIAL_MAS,Ciudad,
2026-09-04,2026-09-04,True,False,Santa Cruz,GLP DISTRIB. 45 KILOS NAL,4050.0,L,SOPESE S.R.L.,6393-FTT,GLP,GLP,,
2026-09-04,2026-09-04,True,False,Santa Cruz,GASOLINA ESPECIAL + (S/DSI),20000.0,L,ESTACION DE SERVICIO LOS MANGALES S.R.L.,1005-XLH,Gasolina Especial +,GASOLINA_ESPECIAL_MAS,Ciudad,
2026-09-04,2026-09-04,True,False,Santa Cruz,GASOLINA ESPECIAL + (S/DSI),20000.0,L,ESTACION DE SERVICIO QUINTO ANILLO S.R.L.,3018-UKU,Gasolina Especial +,GASOLINA_ESPECIAL_MAS,Ciudad,
2026-09-04,2026-09-04,True,False,Santa Cruz,GASOLINA ESPECIAL + (S/DSI),20000.0,L,ESTACION DE SERVICIO YOTAU S.R.L.,3792-ENE,Gasolina Especial +,GASOLINA_ESPECIAL_MAS,Ciudad,
2026-09-04,2026-09-04,True,False,Santa Cruz,GASOLINA ESPECIAL + (S/DSI),20000.0,L,ESTACION DE SERVICIO EL ARROYO S.R.L.,1299-GNA,Gasolina Especial +,GASOLINA_ESPECIAL_MAS,Ciudad,
2026-09-04,2026-09-04,True,False,Santa Cruz,GASOLINA ESPECIAL + (S/DSI),20000.0,L,ESTACION DE SERVICIO TOTAITU N&T S.R.L.,3598-NKD,Gasolina Especial +,GASOLINA_ESPECIAL_MAS,Ciudad,
2026-09-04,2026-09-03,True,True,Santa Cruz,GASOLINA ESPECIAL + EESS,10000.0,L,ESTACION DE SERVICIO CHANE,1094-EIF,Gasolina Especial +,GASOLINA_ESPECIAL_MAS,Provincia,
2026-09-04,2026-09-03,True,True,Santa Cruz,GASOLINA ESPECIAL + EESS,20000.0,L,ESTACION DE SERVICIO JATUMPAMPA SRL,2188-IEB,Gasolina Especial +,GASOLINA_ESPECIAL_MAS,Provincia,
2026-09-04,2026-09-04,True,False,Santa Cruz,DIESEL OIL IMPORTADO EESS,35000.0,L,ESTACION DE SERVICIO ELISA S.R.L.,1176-UST,Diesel Oil Importado,DIESEL_IMPORTADO,Ciudad,
2026-09-04,2026-09-04,True,False,Santa Cruz,DIESEL OIL IMPORTADO EESS,10000.0,L,ESTACION DE SERVICIO RIVERO - LUIS ANTONIO RIVERO AÑEZ,681-FDU,Diesel Oil Importado,DIESEL_IMPORTADO,Ciudad,
2026-09-04,2026-09-04,True,False,Santa Cruz,DIESEL OIL IMPORTADO EESS,25000.0,L,ESTACION DE SERVICIO LAS ORQUIDEAS S.R.L.,5351-UAG,Diesel Oil Importado,DIESEL_IMPORTADO,Ciudad,
2026-09-04,2026-09-04,True,False,Santa Cruz,DIESEL OIL IMPORTADO EESS,20000.0,L,ESTACION DE SERVICIO MORAGRANDE S.R.L. (SUC 1),2483-HBD,Diesel Oil Importado,DIESEL_IMPORTADO,Ciudad,
2026-09-04,2026-09-04,True,False,Santa Cruz,DIESEL OIL IMPORTADO EESS,20000.0,L,ESTACION DE SERVICIO MORAGRANDE S.R.L.,1893-NTP,Diesel Oil Importado,DIESEL_IMPORTADO,Ciudad,
2026-09-04,2026-09-03,True,True,Santa Cruz,GASOLINA ESPECIAL + EESS,20000.0,L,"EE.SS. COOP. DE SERVICIOS PUBLICOS DE AGUA POTABLE Y ALCANTARILLADO ""MONTES CLAROS"" R.L.",3134-RAX,Gasolina Especial +,GASOLINA_ESPECIAL_MAS,Provincia,
2026-09-04,2026-09-04,True,False,Santa Cruz,DIESEL OIL IMPORTADO EESS,25000.0,L,ESTACION DE SERVICIO LOS MANGALES S.R.L.,1005-XLH,Diesel Oil Importado,DIESEL_IMPORTADO,Ciudad,
2026-09-04,2026-09-04,True,False,Santa Cruz,GLP DISTRIB. 10 KILOS NAL,11520.0,L,CARMEN R. MELGAREJO GONZALES - DIST. CENTRO GAS,1697-FDN,GLP,GLP,,
2026-09-04,2026-09-04,True,False,Santa Cruz,DIESEL OIL IMPORTADO EESS,35000.0,L,ESTACION DE SERVICIO QUINTO ANILLO S.R.L.,558-XDK(1),Diesel Oil Importado,DIESEL_IMPORTADO,Ciudad,
2026-09-04,2026-09-04,True,False,Santa Cruz,GLP DISTRIB. 10 KILOS NAL,4530.0,L,CARMEN R. MELGAREJO GONZALES - DIST. CENTRO GAS,515-HGI,GLP,GLP,,
2026-09-04,2026-09-04,True,False,Santa Cruz,DIESEL OIL IMPORTADO EESS,20000.0,L,R&E 3000 S.R.L.,1197-ATI,Diesel Oil Importado,DIESEL_IMPORTADO,Ciudad,
2026-09-04,2026-09-04,True,False,Santa Cruz,DIESEL OIL IMPORTADO EESS,35000.0,L,ESTACION DE SERVICIO LA CHORRERA SRL,885-PYH,Diesel Oil Importado,DIESEL_IMPORTADO,Ciudad,
2026-09-04,2026-09-04,True,False,Santa Cruz,DIESEL OIL IMPORTADO EESS,35000.0,L,ESTACION DE SERVICIO YOTAU S.R.L.,1066-ISS,Diesel Oil Importado,DIESEL_IMPORTADO,Ciudad,
2026-09-04,2026-09-04,True,False,Santa Cruz,DIESEL OIL IMPORTADO EESS,10000.0,L,ESTACION DE SERVICIO EL ARROYO S.R.L.,1299-GNA,Diesel Oil Importado,DIESEL_IMPORTADO,Ciudad,
2026-09-04,2026-09-04,True,False,Santa Cruz,DIESEL OIL IMPORTADO EESS,35000.0,L,ESTACION DE SERVICIO TOTAITU N&T S.R.L.,1029-ZIN,Diesel Oil Importado,DIESEL_IMPORTADO,Ciudad,
2026-09-04,2026-09-03,True,True,Santa Cruz,DIESEL OIL NACIONAL EESS,20000.0,L,ESTACION DE SERVICIO COCA-ENRRIQUE COCA LOPEZ,1132-FZP,Diesel Oil Nacional,DIESEL_NACIONAL,Provincia,
2026-09-04,2026-09-03,True,True,Santa Cruz,DIESEL OIL NACIONAL EESS,25000.0,L,ESTACION DE SERVICIO SUR SRL-SUCURSAL 4,5297-DNG,Diesel Oil Nacional,DIESEL_NACIONAL,Provincia,
2026-09-04,2026-09-03,True,True,Santa Cruz,GASOLINA ESPECIAL + (S/DSI),10000.0,L,LAS PALMAS S.R.L.,967-HFA,Gasolina Especial +,GASOLINA_ESPECIAL_MAS,Ciudad,
2026-09-04,2026-09-03,True,True,Santa Cruz,GASOLINA ESPECIAL + EESS,20000.0,L,ESTACION DE SERVICIO KM. 75 S.R.L,5305-ZAN,Gasolina Especial +,GASOLINA_ESPECIAL_MAS,Provincia,
2026-09-04,2026-09-03,True,True,Santa Cruz,DIESEL OIL NACIONAL EESS,35000.0,L,ESTACION DE SERVICIO SAN SALVADOR - SILVIA VARGAS CRESPO,2307-HGK,Diesel Oil Nacional,DIESEL_NACIONAL,Provincia,
2026-09-04,2026-09-03,True,True,Santa Cruz,GASOLINA ESPECIAL + EESS,20000.0,L,ESTACION DE SERVICIO SAN SALVADOR - SILVIA VARGAS CRESPO,820-AHG,Gasolina Especial +,GASOLINA_ESPECIAL_MAS,Provincia,
2026-09-04,2026-09-03,True,True,Santa Cruz,GASOLINA ESPECIAL + EESS,10000.0,L,ESTACION DE SERVICIO EL JUNTE II-ALEJANDRA MARIEL BALCAZAR PAZ,468-RHE(1),Gasolina Especial +,GASOLINA_ESPECIAL_MAS,Provincia,
2026-09-04,2026-09-03,True,True,Santa Cruz,GASOLINA ESPECIAL + (S/DSI),20000.0,L,GENEX S.A SUCURSAL SANTA CRUZ ZONA SANTA ROSA,878-ENK,Gasolina Especial +,GASOLINA_ESPECIAL_MAS,Ciudad,
2026-09-04,2026-09-03,True,True,Santa Cruz,GASOLINA ESPECIAL + EESS,20000.0,L,ESTACION DE SERVICIO PIRAI S.R.L. SUCURSAL 1,1128-FUX,Gasolina Especial +,GASOLINA_ESPECIAL_MAS,Provincia,
2026-09-04,2026-09-03,True,True,Santa Cruz,GASOLINA ESPECIAL + EESS,20000.0,L,COMERCIALIZADORA DE HIDROCARBUROS ABJ S.R.L,6398-RNI,Gasolina Especial +,GASOLINA_ESPECIAL_MAS,Provincia,
2026-09-04,2026-09-03,True,True,Santa Cruz,GASOLINA ESPECIAL + EESS,15000.0,L,SAN JOAQUIN I S.R.L.,1066-TKG,Gasolina Especial +,GASOLINA_ESPECIAL_MAS,Provincia,
2026-09-04,2026-09-03,True,True,Santa Cruz,DIESEL OIL NACIONAL EESS,20000.0,L,SAN JOAQUIN I S.R.L.,1066-TKG,Diesel Oil Nacional,DIESEL_NACIONAL,Provincia,
2026-09-04,2026-09-03,True,True,Santa Cruz,DIESEL OIL NACIONAL EESS,20000.0,L,ESTACION DE SERVICIO ICHILO SRL,2076-CUF,Diesel Oil Nacional,DIESEL_NACIONAL,Provincia,
2026-09-04,2026-09-03,True,True,Santa Cruz,DIESEL OIL NACIONAL EESS,20000.0,L,SURTIDOR VIRGEN DE CHARAGUA S.R.L.,466-UHP,Diesel Oil Nacional,DIESEL_NACIONAL,Provincia,
2026-09-04,2026-09-03,True,True,Santa Cruz,GASOLINA ESPECIAL + (S/DSI),20000.0,L,BICENTENARIO SRL,2120-PKF,Gasolina Especial +,GASOLINA_ESPECIAL_MAS,,
2026-09-04,2026-09-03,True,True,Santa Cruz,GASOLINA ESPECIAL + (S/DSI),5000.0,L,COMPLEJO AUTOMOTRIZ VIRGEN DE URKUPIÑA S.R.L.,950-ZBY,Gasolina Especial +,GASOLINA_ESPECIAL_MAS,Ciudad,
2026-09-04,2026-09-03,True,True,Santa Cruz,GASOLINA ESPECIAL + (S/DSI),20000.0,L,COMPAÑIA COMERCIAL DE GAS COMPRIMIDO C.G.C. S.R.L.,2511-RLA,Gasolina Especial +,GASOLINA_ESPECIAL_MAS,Ciudad,
2026-09-04,2026-09-03,True,True,Santa Cruz,DIESEL OIL NACIONAL EESS,25000.0,L,ESTACION DE SERVICIO EL BATO,1502-UIR,Diesel Oil Nacional,DIESEL_NACIONAL,Provincia,
2026-09-04,2026-09-03,True,True,Santa Cruz,DIESEL OIL IMPORTADO EESS,9900.0,L,ESTACION DE SERVICIO URBARI SRL,375-KIH,Diesel Oil Importado,DIESEL_IMPORTADO,Ciudad,
2026-09-04,2026-09-03,True,True,Santa Cruz,GASOLINA ESPECIAL + EESS,20000.0,L,ESTACION DE SERVICIO SUR S.R.L. SUCURSAL MONTE VERDE,4410-LAU,Gasolina Especial +,GASOLINA_ESPECIAL_MAS,Provincia,
2026-09-04,2026-09-03,True,True,Santa Cruz,DIESEL OIL IMPORTADO EESS,10000.0,L,ESTACION DE SERVICIO TRES PASOS AL FRENTE - VITALIANO ROJAS OLIVERA,5002-IBN,Diesel Oil Importado,DIESEL_IMPORTADO,Ciudad,
2026-09-04,2026-09-03,True,True,Santa Cruz,GASOLINA ESPECIAL + EESS,25000.0,L,ESTACION DE SERVICIO CASCABEL SUC. CUATRO CAÑADAS-YOHANA PAOLA VACA GUZMAN,4124-YBX,Gasolina Especial +,GASOLINA_ESPECIAL_MAS,Provincia,
2026-09-04,2026-09-02,True,True,Santa Cruz,GASOLINA ESPECIAL + EESS,20000.0,L,ESTACION DE SERVICIO ANTO - ANTONIO CARLOS LORGIO JUSTINIANO SANTOS,3877-PTG,Gasolina Especial +,GASOLINA_ESPECIAL_MAS,Provincia,
2026-09-04,2026-09-03,True,True,Santa Cruz,GLP DISTRIB. 10 KILOS NAL,10050.0,L,DIST. GLP. ALTAMARGAS Juan Pablo Melgarejo Iriarte,1316-NUG,GLP,GLP,,
2026-09-04,2026-09-03,True,True,Santa Cruz,GLP DISTRIB. 10 KILOS NAL,10720.0,L,DIST. GLP. CRUCEÑITA VASA S.R.L.,2492-YHT,GLP,GLP,,
2026-09-04,2026-09-03,True,True,Santa Cruz,GLP DISTRIB. 45 KILOS NAL,2250.0,L,CARMEN R. MELGAREJO GONZALES - DIST. CENTRO GAS,6663-IUD,GLP,GLP,,
2026-09-04,2026-09-02,True,True,Santa Cruz,GASOLINA ESPECIAL + EESS,20000.0,L,ESTACION DE SERVICIO EL BIBOSI MANANTIAL-LIMBERT JIMENEZ JALDIN,2014-TNN,Gasolina Especial +,GASOLINA_ESPECIAL_MAS,Provincia,
2026-09-04,2026-09-02,True,True,Santa Cruz,DIESEL OIL NACIONAL EESS,25000.0,L,ESTACION DE SERVICIO PORTACHUELO LTDA,415-NGK(1),Diesel Oil Nacional,DIESEL_NACIONAL,Provincia,
2026-09-04,2026-09-02,True,True,Santa Cruz,GASOLINA ESPECIAL + EESS,20000.0,L,ESTACION DE SERVICIO ICHILO SRL,2076-CUF,Gasolina Especial +,GASOLINA_ESPECIAL_MAS,Provincia,
2026-09-04,2026-09-02,True,True,Santa Cruz,GASOLINA ESPECIAL + EESS,20000.0,L,ESTACION DE SERVICIO SAN JOSE DE YAPACANI S.R.L.,1488-SXU,Gasolina Especial +,GASOLINA_ESPECIAL_MAS,Provincia,
2026-09-04,2026-09-02,True,True,Santa Cruz,GASOLINA ESPECIAL + EESS,10000.0,L,ESTACION DE SERVICIO EUSE CRUZ,869-TZE,Gasolina Especial +,GASOLINA_ESPECIAL_MAS,Provincia,
2026-09-04,2026-09-02,True,True,Santa Cruz,DIESEL OIL NACIONAL EESS,25000.0,L,ESTACION DE SERVICIO EL BATO,1502-UIR,Diesel Oil Nacional,DIESEL_NACIONAL,Provincia,
2026-09-04,2026-09-03,True,True,Santa Cruz,GLP DISTRIB. 10 KILOS NAL,10530.0,L,JYRL GAS - LOURDES MORALES DE QUIROZ,302-HDB,GLP,GLP,,
2026-09-04,2026-09-04,True,False,Santa Cruz,GASOLINA ESPECIAL + (S/DSI),5000.0,L,ESTACION DE SERVICIO EMANUEL S.R.L.,2330-NLD,Gasolina Especial +,GASOLINA_ESPECIAL_MAS,Ciudad,
2026-09-04,2026-09-04,True,False,Santa Cruz,GASOLINA ESPECIAL + (S/DSI),10000.0,L,CENTRO DE COMERCIO Y SERVICIOS VALDIVIA FERRUFINO S.R.L.,2330-NLD,Gasolina Especial +,GASOLINA_ESPECIAL_MAS,Ciudad,
2026-09-04,2026-09-04,True,False,Santa Cruz,GASOLINA ESPECIAL + EESS,25000.0,L,ESTACION DE SERVICIO CONCEPCION SRL,442-IZR,Gasolina Especial +,GASOLINA_ESPECIAL_MAS,Provincia,
2026-09-04,2026-09-04,True,False,Santa Cruz,DIESEL OIL NACIONAL EESS,25000.0,L,ESTACION DE SERVICIO CONCEPCION SRL,4713-YZU,Diesel Oil Nacional,DIESEL_NACIONAL,Provincia,
2026-09-04,2026-09-04,True,False,Santa Cruz,GASOLINA ESPECIAL + (S/DSI),20000.0,L,ESTACION DE SERVICIO MONTAÑO S.R.L.,1062-SLY,Gasolina Especial +,GASOLINA_ESPECIAL_MAS,Ciudad,
2026-09-04,2026-09-04,True,False,Santa Cruz,GASOLINA ESPECIAL + EESS,20000.0,L,ESTACION DE SERVICIO EL AGRICULTOR-CLAUDINA PILLCO LOZA,2293-AFN,Gasolina Especial +,GASOLINA_ESPECIAL_MAS,Provincia,
2026-09-04,2026-09-04,True,False,Santa Cruz,DIESEL OIL IMPORTADO CF,19900.0,L,COMERCIAL INDUSTRIAL AGROPECUARIA CIAGRO S.A.,561-DCK,Diesel Oil Importado,DIESEL_IMPORTADO,,
2026-09-04,2026-09-04,True,False,Santa Cruz,DIESEL OIL IMPORTADO CF,15000.0,L,PAULO AFONSO CORAL,3042-SED,Diesel Oil Importado,DIESEL_IMPORTADO,,
2026-09-04,2026-09-04,True,False,Santa Cruz,DIESEL OIL IMPORTADO EESS,35000.0,L,SURTIDOR VARDONA - SUSANA POEHLMANN GARCIA,2855-ICG,Diesel Oil Importado,DIESEL_IMPORTADO,Ciudad,
2026-09-04,2026-09-04,True,False,Santa Cruz,DIESEL OIL IMPORTADO CF,19900.0,L,AGRO QUEREMBA S.A.,495-YPN,Diesel Oil Importado,DIESEL_IMPORTADO,,
2026-09-04,2026-09-04,True,False,Santa Cruz,DIESEL OIL IMPORTADO EESS,20000.0,L,ESTACION DE SERVICIO JOSE JALDIN S.R.L,331-PID,Diesel Oil Importado,DIESEL_IMPORTADO,Ciudad,
2026-09-04,2026-09-04,True,False,Santa Cruz,GASOLINA ESPECIAL + (S/DSI),15000.0,L,ESTACION DE SERVICIO VERGARA - FABIOLA NOEMI ZORRILLO VERGARA,1184-YND,Gasolina Especial +,GASOLINA_ESPECIAL_MAS,Ciudad,
2026-09-04,2026-09-04,True,False,Santa Cruz,GASOLINA ESPECIAL + (S/DSI),10000.0,L,SURTIDOR EL PALMAR - DIONICIO CONDORI RODRIGUEZ,782-YPK,Gasolina Especial +,GASOLINA_ESPECIAL_MAS,Ciudad,
2026-09-04,2026-09-04,True,False,Santa Cruz,DIESEL OIL IMPORTADO EESS,15000.0,L,SURTIDOR EL PALMAR - DIONICIO CONDORI RODRIGUEZ,782-YPK,Diesel Oil Importado,DIESEL_IMPORTADO,Ciudad,
2026-09-04,2026-09-04,True,False,Santa Cruz,DIESEL OIL NACIONAL EESS,20000.0,L,ESTACION DE SERVICIO JATUMPAMPA SRL,2858-XHR,Diesel Oil Nacional,DIESEL_NACIONAL,Provincia,
2026-09-04,2026-09-04,True,False,Santa Cruz,DIESEL OIL NACIONAL EESS,30000.0,L,ESTACION DE SERVICIO EL AGRICULTOR-CLAUDINA PILLCO LOZA,2251-LZR,Diesel Oil Nacional,DIESEL_NACIONAL,Provincia,
2026-09-04,2026-09-04,True,False,Santa Cruz,DIESEL OIL NACIONAL EESS,25000.0,L,ESTACION DE SERVICIO SUR SRL-SUCURSAL 4,5297-HAT,Diesel Oil Nacional,DIESEL_NACIONAL,Provincia,
2026-09-04,2026-09-04,True,False,Santa Cruz,GASOLINA ESPECIAL + (S/DSI),20000.0,L,ESTACION DE SERVICIO LOS COYUYOS-JULIA GONZALES,3994-CKU,Gasolina Especial +,GASOLINA_ESPECIAL_MAS,Ciudad,
2026-09-04,2026-09-04,True,False,Santa Cruz,GASOLINA ESPECIAL + EESS,20000.0,L,COMPAÑIA COMERCIALIZADORA BOLIVIANA DE HIDROCARBUROS CONFI S.R.L.,2986-INR,Gasolina Especial +,GASOLINA_ESPECIAL_MAS,Provincia,
2026-09-04,2026-09-04,True,False,Santa Cruz,DIESEL OIL NACIONAL EESS,25000.0,L,ESTACION DE SERVICIO AGUAI S.R.L.,1487-PDD,Diesel Oil Nacional,DIESEL_NACIONAL,Provincia,
2026-09-04,2026-09-04,True,False,Santa Cruz,GASOLINA ESPECIAL + EESS,20000.0,L,ESTACION DE SERVICIO AGUAI S.R.L.,5297-DNG,Gasolina Especial +,GASOLINA_ESPECIAL_MAS,Provincia,
2026-09-04,2026-09-04,True,False,Santa Cruz,GASOLINA ESPECIAL + EESS,15000.0,L,ESTACION DE SERVICIO ICHILO SRL,2076-CUF,Gasolina Especial +,GASOLINA_ESPECIAL_MAS,Provincia,
2026-09-04,2026-09-04,True,False,Santa Cruz,DIESEL OIL IMPORTADO EESS,10000.0,L,ESTACION DE SERVICIO LOS COYUYOS-JULIA GONZALES,3994-CKU,Diesel Oil Importado,DIESEL_IMPORTADO,Ciudad,
2026-09-04,2026-09-04,True,False,Santa Cruz,DIESEL OIL NACIONAL EESS,30000.0,L,ESTACION DE SERVICIO TORRIAYALA S.R.L.,4491-PRD,Diesel Oil Nacional,DIESEL_NACIONAL,Provincia,
2026-09-04,2026-09-04,True,False,Santa Cruz,DIESEL OIL IMPORTADO GRACO,25000.0,L,JACOB FEHR HARMS,2326-XRR,Diesel Oil Importado,DIESEL_IMPORTADO,,
2026-09-04,2026-09-04,True,False,Santa Cruz,DIESEL OIL NACIONAL EESS,25000.0,L,ESTACION DE SERVICIO PAULINA S.R.L.,130-TKT,Diesel Oil Nacional,DIESEL_NACIONAL,Provincia,
2026-09-04,2026-09-04,True,False,Santa Cruz,DIESEL OIL IMPORTADO EESS,20000.0,L,EMPRESA DE SERVICIOS 8 DE NOVIEMBRE LTDA.,1831-SEK,Diesel Oil Importado,DIESEL_IMPORTADO,Ciudad,
2026-09-04,2026-09-04,True,False,Santa Cruz,GASOLINA ESPECIAL + (S/DSI),10000.0,L,EMPRESA DE SERVICIOS 8 DE NOVIEMBRE LTDA.,1831-SEK,Gasolina Especial +,GASOLINA_ESPECIAL_MAS,Ciudad,
2026-09-04,2026-09-04,True,False,Santa Cruz,DIESEL OIL IMPORTADO EESS,30000.0,L,ESTACION DE SERVICIO SUR SRL SUCURSAL 3,1469-PUA,Diesel Oil Importado,DIESEL_IMPORTADO,Ciudad,
2026-09-04,2026-09-04,True,False,Santa Cruz,GASOLINA ESPECIAL + (S/DSI),20000.0,L,SURTIDOR VARDONA - SUSANA POEHLMANN GARCIA,1113-EAA,Gasolina Especial +,GASOLINA_ESPECIAL_MAS,Ciudad,
2026-09-04,2026-09-04,True,False,Santa Cruz,GASOLINA ESPECIAL + (S/DSI),15000.0,L,ESTACION DE SERVICIO SAN LUIS I,543-PUY,Gasolina Especial +,GASOLINA_ESPECIAL_MAS,Ciudad,
2026-09-04,2026-09-04,True,False,Santa Cruz,GASOLINA ESPECIAL + (S/DSI),20000.0,L,ESTACION DE SERVICIO SAN LUIS,543-PUY,Gasolina Especial +,GASOLINA_ESPECIAL_MAS,Ciudad,
2026-09-04,2026-09-04,True,False,Santa Cruz,GASOLINA ESPECIAL + (S/DSI),20000.0,L,ESTACION DE SERVICIO DAVILA S.R.L.,1445-CDA,Gasolina Especial +,GASOLINA_ESPECIAL_MAS,Ciudad,
2026-09-04,2026-09-04,True,False,Santa Cruz,GASOLINA ESPECIAL + EESS,5000.0,L,SURTIDOR VIRGEN DE CHARAGUA S.R.L.,466-UHP,Gasolina Especial +,GASOLINA_ESPECIAL_MAS,Provincia,
2026-09-04,2026-09-04,True,False,Santa Cruz,DIESEL OIL IMPORTADO EESS,25000.0,L,SERVICIOS GENERALES LA CAÑADA S.R.L.,2215-HBF,Diesel Oil Importado,DIESEL_IMPORTADO,Ciudad,
2026-09-04,2026-09-04,True,False,Santa Cruz,GASOLINA ESPECIAL + (S/DSI),20000.0,L,SERVICIOS GENERALES LA CAÑADA S.R.L.,2215-HBF,Gasolina Especial +,GASOLINA_ESPECIAL_MAS,Ciudad,
2026-09-04,2026-09-04,True,False,Santa Cruz,GASOLINA ESPECIAL + EESS,20000.0,L,JARAJORECHI S.R.L.,652-SRU,Gasolina Especial +,GASOLINA_ESPECIAL_MAS,Provincia,
2026-09-04,2026-09-04,True,False,Santa Cruz,DIESEL OIL NACIONAL EESS,30000.0,L,ESTACION DE SERVICIO ARACATACA,2150-INT,Diesel Oil Nacional,DIESEL_NACIONAL,Provincia,
2026-09-04,2026-09-04,True,False,Santa Cruz,DIESEL OIL NACIONAL EESS,20000.0,L,ESTACION DE SERVICIO ARACATACA,863-XYY,Diesel Oil Nacional,DIESEL_NACIONAL,Provincia,
2026-09-04,2026-09-04,True,False,Santa Cruz,DIESEL OIL NACIONAL EESS,25000.0,L,SURTIDOR LOS NEGROS - NERY TABOADA CONTRERAS,1871-FDS,Diesel Oil Nacional,DIESEL_NACIONAL,Provincia,
2026-09-04,2026-09-04,True,False,Santa Cruz,DIESEL OIL IMPORTADO EESS,20000.0,L,GENEX S.A-SUCURSAL S.C ZONA GUARACACHI,1166-FCU,Diesel Oil Importado,DIESEL_IMPORTADO,Ciudad,
2026-09-04,2026-09-04,True,False,Santa Cruz,DIESEL OIL IMPORTADO EESS,10000.0,L,CIA BOLIVIANA DE GAS NATURAL COMPRIMIDO GENEX SA,2150-INT,Diesel Oil Importado,DIESEL_IMPORTADO,Ciudad,
2026-09-04,2026-09-04,True,False,Santa Cruz,GASOLINA ESPECIAL + (S/DSI),10000.0,L,GENEX S.A-SUCURSAL S.C ZONA GUARACACHI,878-ENK,Gasolina Especial +,GASOLINA_ESPECIAL_MAS,Ciudad,
2026-09-04,2026-09-04,True,False,Santa Cruz,DIESEL OIL NACIONAL EESS,30000.0,L,ESTACION DE SERVICIO SAN SILVESTRE,2538-ZBI,Diesel Oil Nacional,DIESEL_NACIONAL,Provincia,
2026-09-04,2026-09-04,True,False,Santa Cruz,GASOLINA ESPECIAL + (S/DSI),20000.0,L,GENEX S.A. SUCURSAL ZONA NOR ESTE,1115-DLF,Gasolina Especial +,GASOLINA_ESPECIAL_MAS,Ciudad,
2026-09-04,2026-09-04,True,False,Santa Cruz,DIESEL OIL IMPORTADO EESS,30000.0,L,ESTACION DE SERVICIOS VIRGEN DE COTOCA S.R.L.,1174-GCP,Diesel Oil Importado,DIESEL_IMPORTADO,Ciudad,
2026-09-04,2026-09-04,True,False,Santa Cruz,GASOLINA ESPECIAL + (S/DSI),10000.0,L,GENEX S.A SUCURSAL SANTA CRUZ ZONA ESTE,878-ENK,Gasolina Especial +,GASOLINA_ESPECIAL_MAS,Ciudad,
2026-09-04,2026-09-04,True,False,Santa Cruz,DIESEL OIL NACIONAL EESS,20000.0,L,ESTACION DE SERVICIO RUTA NORTE S.R.L.,3589-UKG,Diesel Oil Nacional,DIESEL_NACIONAL,Provincia,
2026-09-04,2026-09-04,True,False,Santa Cruz,GASOLINA ESPECIAL + EESS,15000.0,L,ESTACION DE SERVICIO SAN JOSE DE YAPACANI S.R.L.,1488-SXU,Gasolina Especial +,GASOLINA_ESPECIAL_MAS,Provincia,
2026-09-04,2026-09-04,True,False,Santa Cruz,GASOLINA ESPECIAL + (S/DSI),20000.0,L,GENEX S.A SUCURSAL S.C ZONA GUALBERTO VILLARROEL,1285-UKF,Gasolina Especial +,GASOLINA_ESPECIAL_MAS,Ciudad,
2026-09-04,2026-09-04,True,False,Santa Cruz,GASOLINA ESPECIAL + (S/DSI),15000.0,L,GENEX S.A SUCURSAL SANTA CRUZ ZONA LA RAMADA,851-SLG,Gasolina Especial +,GASOLINA_ESPECIAL_MAS,Ciudad,
2026-09-04,2026-09-04,True,False,Santa Cruz,DIESEL OIL NACIONAL EESS,20000.0,L,ESTACION DE SERVICIO GASCAR S.R.L.,5342-KHY,Diesel Oil Nacional,DIESEL_NACIONAL,Provincia,
2026-09-04,2026-09-04,True,False,Santa Cruz,GASOLINA ESPECIAL + (S/DSI),20000.0,L,CIA BOLIVIANA DE GAS NATURAL COMPRIMIDO GENEX SA,1115-DLF,Gasolina Especial +,GASOLINA_ESPECIAL_MAS,Ciudad,
2026-09-04,2026-09-04,True,False,Santa Cruz,DIESEL OIL NACIONAL EESS,20000.0,L,ESTACION DE SERVICIO MIRANDA S.R.L.,2522-BEF,Diesel Oil Nacional,DIESEL_NACIONAL,Provincia,
2026-09-04,2026-09-04,True,False,Santa Cruz,GASOLINA ESPECIAL + (S/DSI),10000.0,L,VANGAS S.A,1115-DLF,Gasolina Especial +,GASOLINA_ESPECIAL_MAS,Ciudad,
2026-09-04,2026-09-04,True,False,Santa Cruz,DIESEL OIL IMPORTADO EESS,15000.0,L,ESTACION DE SERVICIO EL TROMPILLO,2150-INT,Diesel Oil Importado,DIESEL_IMPORTADO,Ciudad,
2026-09-04,2026-09-04,True,False,Santa Cruz,GASOLINA ESPECIAL + (S/DSI),20000.0,L,ESTACION DE SERVICIO EL TROMPILLO,851-SLG,Gasolina Especial +,GASOLINA_ESPECIAL_MAS,Ciudad,
2026-09-04,2026-09-04,True,False,Santa Cruz,DIESEL OIL NACIONAL EESS,35000.0,L,ESTACION DE SERVICIO CASCABEL SUC. CUATRO CAÑADAS-YOHANA PAOLA VACA GUZMAN,4124-YBX,Diesel Oil Nacional,DIESEL_NACIONAL,Provincia,
2026-09-04,2026-09-04,True,False,Santa Cruz,DIESEL OIL NACIONAL EESS,15000.0,L,"EE.SS. COOP. DE SERVICIOS PUBLICOS DE AGUA POTABLE Y ALCANTARILLADO ""MONTES CLAROS"" R.L.",3134-RAX,Diesel Oil Nacional,DIESEL_NACIONAL,Provincia,
2026-09-04,2026-09-04,True,False,Santa Cruz,GASOLINA ESPECIAL + EESS,20000.0,L,ESTACION DE SERVICIO SAYE S.R.L.,2079-FUL,Gasolina Especial +,GASOLINA_ESPECIAL_MAS,Provincia,
2026-09-04,2026-09-04,True,False,Santa Cruz,DIESEL OIL NACIONAL EESS,20000.0,L,TARIFA S.R.L.,1636-FLK,Diesel Oil Nacional,DIESEL_NACIONAL,Provincia,
2026-09-04,2026-09-04,True,False,Santa Cruz,DIESEL OIL NACIONAL EESS,20000.0,L,ESTACION DE SERVICIO DANA S.R.L.,5638-CXH,Diesel Oil Nacional,DIESEL_NACIONAL,Provincia,
2026-09-04,2026-09-04,True,False,Santa Cruz,DIESEL OIL NACIONAL EESS,20000.0,L,ESTACION DE SERVICIO DURAZNERO-DANA FLORES DAVALOS,2182-HII,Diesel Oil Nacional,DIESEL_NACIONAL,Provincia,
2026-09-04,2026-09-04,True,False,Santa Cruz,GASOLINA ESPECIAL + EESS,15000.0,L,ESTACION DE SERVICIO EL BIBOSI MANANTIAL-LIMBERT JIMENEZ JALDIN,2014-TNN,Gasolina Especial +,GASOLINA_ESPECIAL_MAS,Provincia,
2026-09-04,2026-09-04,True,False,Santa Cruz,GASOLINA ESPECIAL + EESS,20000.0,L,ESTACION DE SERVICIO LA GUARDIA,1803-YHK,Gasolina Especial +,GASOLINA_ESPECIAL_MAS,Provincia,
2026-09-04,2026-09-04,True,False,Santa Cruz,DIESEL OIL NACIONAL EESS,35000.0,L,ESTACION DE SERVICIO SAYE S.R.L.,1886-ATR,Diesel Oil Nacional,DIESEL_NACIONAL,Provincia,
2026-09-04,2026-09-04,True,False,Santa Cruz,DIESEL OIL IMPORTADO EESS,20000.0,L,ESTACION DE SERVICIO VERGARA - FABIOLA NOEMI ZORRILLO VERGARA,1184-YND,Diesel Oil Importado,DIESEL_IMPORTADO,Ciudad,
2026-09-04,2026-09-04,True,False,Santa Cruz,GASOLINA ESPECIAL + (S/DSI),5000.0,L,ESTACION DE SERVICIO APAZA-PATRICIA JORGE DE APAZA,2066-KRR,Gasolina Especial +,GASOLINA_ESPECIAL_MAS,Ciudad,
2026-09-04,2026-09-04,True,False,Santa Cruz,GASOLINA ESPECIAL + (S/DSI),5000.0,L,ESTACION DE SERVICIO SANTA MARIA,1044-PLP,Gasolina Especial +,GASOLINA_ESPECIAL_MAS,Ciudad,
2026-09-04,2026-09-04,True,False,Santa Cruz,GASOLINA ESPECIAL + (S/DSI),15000.0,L,ESTACION DE SERVICIO SANTA MARIA,1044-PLP,Gasolina Especial +,GASOLINA_ESPECIAL_MAS,Ciudad,
2026-09-04,2026-09-04,True,False,Santa Cruz,GASOLINA ESPECIAL + (S/DSI),20000.0,L,ESTACION DE SERVICIO PALMASOLA,1044-PLP,Gasolina Especial +,GASOLINA_ESPECIAL_MAS,Ciudad,
2026-09-04,2026-09-04,True,False,Santa Cruz,DIESEL OIL IMPORTADO EESS,25000.0,L,ESTACION DE SERVICIO PALMASOLA,1044-PLP,Diesel Oil Importado,DIESEL_IMPORTADO,Ciudad,
2026-09-03,2026-09-03,True,False,Santa Cruz,GLP DISTRIB. 10 KILOS NAL,9960.0,L,DIST. GLP. MAIRANA GAS ANA LOURDES MENDOZA,1005-XTD,GLP,GLP,,
2026-09-03,2026-09-03,True,False,Santa Cruz,GLP DISTRIB. 10 KILOS NAL,6480.0,L,CENTER GAS - RICHARD MAMANI VILLCA,681-ECP,GLP,GLP,,
2026-09-03,2026-09-03,True,False,Santa Cruz,GLP DISTRIB. 10 KILOS NAL,10730.0,L,DIST. GLP. ALTAMARGAS Juan Pablo Melgarejo Iriarte,6683-TRA,GLP,GLP,,
2026-09-03,2026-09-02,True,True,Santa Cruz,GLP DISTRIB. 10 KILOS NAL,10520.0,L,DIST. GLP. ALTAMARGAS Juan Pablo Melgarejo Iriarte,1294-GFE,GLP,GLP,,
2026-09-03,2026-09-03,True,False,Santa Cruz,GLP DISTRIB. 10 KILOS NAL,11960.0,L,DIST.GLP.CAMPO GAS-ELSA FELICIDAD USCAMAYTA CHOQUE DE TAPIA,1805-ZNX,GLP,GLP,,
2026-09-03,2026-09-03,True,False,Santa Cruz,GLP DISTRIB. 10 KILOS NAL,5920.0,L,DIST. GLP. MARY-MARIA ELENA TAPIA USCAMAITA,599-DIT,GLP,GLP,,
2026-09-03,2026-09-03,True,False,Santa Cruz,GLP DISTRIB. 10 KILOS NAL,5560.0,L,DIST. GLP. MARY-MARIA ELENA TAPIA USCAMAITA,526-ZZY,GLP,GLP,,
2026-09-03,2026-09-03,True,False,Santa Cruz,GLP DISTRIB. 45 KILOS NAL,3600.0,L,DIST. GLP. ALTAMARGAS Juan Pablo Melgarejo Iriarte,3082-SBN,GLP,GLP,,
2026-09-03,2026-09-03,True,False,Santa Cruz,GLP DISTRIB. 10 KILOS NAL,6040.0,L,SOPESE S.R.L.,578-IEC,GLP,GLP,,
2026-09-03,2026-09-03,True,False,Santa Cruz,GLP DISTRIB. 10 KILOS NAL,10500.0,L,DIST. GLP. CRUCEÑITA VASA S.R.L.,816-FTN,GLP,GLP,,
2026-09-03,2026-09-03,True,False,Santa Cruz,GLP DISTRIB. 10 KILOS NAL,11520.0,L,CARMEN R. MELGAREJO GONZALES - DIST. CENTRO GAS,515-HGI,GLP,GLP,,
2026-09-03,2026-09-03,True,False,Santa Cruz,GLP DISTRIB. 10 KILOS NAL,10150.0,L,DIST. GLP. OSCAR GAS - Betty Maldonado,2443-ICK,GLP,GLP,,
2026-09-03,2026-09-03,True,False,Santa Cruz,GLP DISTRIB. 10 KILOS NAL,4050.0,L,CTC-GAS,1860-YYY,GLP,GLP,,
2026-09-03,2026-09-02,True,True,Santa Cruz,GLP DISTRIB. 45 KILOS NAL,2295.0,L,GONZALES A. RONALD LEONEL - DIST. CORDIGAS,2088 SLD,GLP,GLP,,
2026-09-03,2026-09-02,True,True,Santa Cruz,GLP DISTRIB. 10 KILOS NAL,6210.0,L,CAMPO GAS-VALPARAISO-ELSA FELICIDAD USCAMAYTA CHOQUE DE TAPIA,795-YII,GLP,GLP,,
2026-09-03,2026-09-01,True,True,Santa Cruz,GLP DISTRIB. 45 KILOS NAL,5130.0,L,DIST. GLP. CRUCEÑITA VASA S.R.L.,3460-KTK,GLP,GLP,,
2026-09-03,2026-09-02,True,True,Santa Cruz,GLP DISTRIB. 10 KILOS NAL,10610.0,L,JYRL GAS - LOURDES MORALES DE QUIROZ,302-HDB,GLP,GLP,,
2026-09-03,2026-09-02,True,True,Santa Cruz,GLP DISTRIB. 10 KILOS NAL,8560.0,L,JYRL GAS - LOURDES MORALES DE QUIROZ,1892-EBR,GLP,GLP,,
2026-09-03,2026-09-01,True,True,Santa Cruz,GLP DISTRIB. 10 KILOS NAL,10530.0,L,SOPESE S.R.L.,578-IEC,GLP,GLP,,
2026-09-03,2026-09-03,True,False,Santa Cruz,DIESEL OIL NACIONAL EESS,25000.0,L,ESTACION DE SERVICIO SAN JAVIER-MARISOL NEGRETE AGUIRRE,3448-YKA,Diesel Oil Nacional,DIESEL_NACIONAL,Provincia,
2026-09-03,2026-09-03,True,False,Santa Cruz,DIESEL OIL NACIONAL EESS,25000.0,L,ESTACION DE SERVICIO EL AGRICULTOR-CLAUDINA PILLCO LOZA,2251-LZR,Diesel Oil Nacional,DIESEL_NACIONAL,Provincia,
2026-09-03,2026-09-03,True,False,Santa Cruz,DIESEL OIL IMPORTADO EESS,35000.0,L,ESTACION DE SERVICIO MONTAÑO S.R.L.,3031-PAN,Diesel Oil Importado,DIESEL_IMPORTADO,Ciudad,
2026-09-03,2026-09-03,True,False,Santa Cruz,GASOLINA ESPECIAL + EESS,25000.0,L,ESTACION DE SERVICIO GASOCONCE - ENRIQUE SERAFIN SUAREZ CASTEDO,1070-DDA,Gasolina Especial +,GASOLINA_ESPECIAL_MAS,Provincia,
2026-09-03,2026-09-03,True,False,Santa Cruz,GASOLINA ESPECIAL CF,12000.0,L,MERPEDD S.R.L.,5312-NXE,Gasolina Especial,GASOLINA_ESPECIAL,,
2026-09-03,2026-09-03,True,False,Santa Cruz,DIESEL OIL IMPORTADO EESS,35000.0,L,SURTIDOR VARDONA - SUSANA POEHLMANN GARCIA,863-RUI,Diesel Oil Importado,DIESEL_IMPORTADO,Ciudad,
2026-09-03,2026-09-03,True,False,Santa Cruz,DIESEL OIL NACIONAL EESS,30000.0,L,ESTACION DE SERVICIO PAULINA S.R.L.,514-CEK,Diesel Oil Nacional,DIESEL_NACIONAL,Provincia,
2026-09-03,2026-09-03,True,False,Santa Cruz,GASOLINA ESPECIAL + (S/DSI),20000.0,L,ESTACION DE SERVICIO VERGARA - FABIOLA NOEMI ZORRILLO VERGARA,1184-YND,Gasolina Especial +,GASOLINA_ESPECIAL_MAS,Ciudad,
2026-09-03,2026-09-03,True,False,Santa Cruz,DIESEL OIL NACIONAL EESS,25000.0,L,ESTACION DE SERVICIO CONCEPCION SRL,483-XYF,Diesel Oil Nacional,DIESEL_NACIONAL,Provincia,
2026-09-03,2026-09-03,True,False,Santa Cruz,DIESEL OIL IMPORTADO EESS,20000.0,L,ESTACION DE SERVICIO JOSE JALDIN S.R.L,331-PID,Diesel Oil Importado,DIESEL_IMPORTADO,Ciudad,
2026-09-03,2026-09-03,True,False,Santa Cruz,GASOLINA ESPECIAL + (S/DSI),20000.0,L,ESTACION DE SERVICIOS VIRGEN DE COTOCA S.R.L.,3850-ANL,Gasolina Especial +,GASOLINA_ESPECIAL_MAS,Ciudad,
2026-09-03,2026-09-03,True,False,Santa Cruz,DIESEL OIL NACIONAL EESS,25000.0,L,ESTACION DE SERVICIO LA GUARDIA,1803-YHK,Diesel Oil Nacional,DIESEL_NACIONAL,Provincia,
2026-09-03,2026-09-03,True,False,Santa Cruz,DIESEL OIL IMPORTADO EESS,30000.0,L,ESTACION DE SERVICIOS VIRGEN DE COTOCA S.R.L.,1174-GCP,Diesel Oil Importado,DIESEL_IMPORTADO,Ciudad,
2026-09-03,2026-09-03,True,False,Santa Cruz,GASOLINA ESPECIAL + (S/DSI),20000.0,L,REFRIGAS S.R.L.,312-YSU,Gasolina Especial +,GASOLINA_ESPECIAL_MAS,Ciudad,
2026-09-03,2026-09-03,True,False,Santa Cruz,DIESEL OIL NACIONAL EESS,35000.0,L,ESTACION DE SERVICIO LOS BIBOSIS S.R.L.,5631-AZA,Diesel Oil Nacional,DIESEL_NACIONAL,Provincia,
2026-09-03,2026-09-03,True,False,Santa Cruz,DIESEL OIL IMPORTADO EESS,10000.0,L,SURTIDOR EL PALMAR - DIONICIO CONDORI RODRIGUEZ,782-YPK,Diesel Oil Importado,DIESEL_IMPORTADO,Ciudad,
2026-09-03,2026-09-03,True,False,Santa Cruz,GASOLINA ESPECIAL + (S/DSI),15000.0,L,SURTIDOR EL PALMAR - DIONICIO CONDORI RODRIGUEZ,782-YPK,Gasolina Especial +,GASOLINA_ESPECIAL_MAS,Ciudad,
2026-09-03,2026-09-03,True,False,Santa Cruz,DIESEL OIL IMPORTADO EESS,20000.0,L,ESTACION DE SERVICIO VERGARA - FABIOLA NOEMI ZORRILLO VERGARA,1184-YND,Diesel Oil Importado,DIESEL_IMPORTADO,Ciudad,
2026-09-03,2026-09-03,True,False,Santa Cruz,DIESEL OIL NACIONAL EESS,25000.0,L,ESTACION DE SERVICIO EL BIBOSI MANANTIAL-LIMBERT JIMENEZ JALDIN,2014-TNN,Diesel Oil Nacional,DIESEL_NACIONAL,Provincia,
2026-09-03,2026-09-03,True,False,Santa Cruz,GASOLINA ESPECIAL + EESS,5000.0,L,ESTACION DE SERVICIO VALLES CRUCEÑOS,1100-GFG,Gasolina Especial +,GASOLINA_ESPECIAL_MAS,Provincia,
2026-09-03,2026-09-03,True,False,Santa Cruz,GASOLINA ESPECIAL + EESS,10000.0,L,ESTACION DE SERVICIO VALLES CRUCEÑOS,1100-GFG,Gasolina Especial +,GASOLINA_ESPECIAL_MAS,Provincia,
2026-09-03,2026-09-03,True,False,Santa Cruz,GASOLINA ESPECIAL + EESS,20000.0,L,ESTACION DE SERVICIO SUR SRL-SUCURSAL 4,380-RHB,Gasolina Especial +,GASOLINA_ESPECIAL_MAS,Provincia,
2026-09-03,2026-09-03,True,False,Santa Cruz,DIESEL OIL NACIONAL EESS,20000.0,L,COMPAÑIA COMERCIALIZADORA BOLIVIANA DE HIDROCARBUROS CONFI S.R.L.,2986-INR,Diesel Oil Nacional,DIESEL_NACIONAL,Provincia,
2026-09-03,2026-09-03,True,False,Santa Cruz,DIESEL OIL NACIONAL EESS,25000.0,L,ESTACION DE SERVICIO AGUAI S.R.L.,5297-HAT,Diesel Oil Nacional,DIESEL_NACIONAL,Provincia,
2026-09-03,2026-09-03,True,False,Santa Cruz,DIESEL OIL IMPORTADO EESS,10000.0,L,LAS PALMAS S.R.L.,967-HFA,Diesel Oil Importado,DIESEL_IMPORTADO,Ciudad,
2026-09-03,2026-09-03,True,False,Santa Cruz,DIESEL OIL NACIONAL EESS,30000.0,L,ESTACION DE SERVICIO MINERO-JHONNY QUINTEROS VASQUEZ,1176-UST,Diesel Oil Nacional,DIESEL_NACIONAL,Provincia,
2026-09-03,2026-09-03,True,False,Santa Cruz,GASOLINA ESPECIAL + (S/DSI),20000.0,L,ESTACION DE SERVICIO EL TERO TERO DE CHICHITA - RODRIGO REMY AQUINO ALVARADO,2468-GTE,Gasolina Especial +,GASOLINA_ESPECIAL_MAS,Ciudad,
2026-09-03,2026-09-03,True,False,Santa Cruz,DIESEL OIL IMPORTADO EESS,10000.0,L,ESTACION DE SERVICIO EL TERO TERO DE CHICHITA - RODRIGO REMY AQUINO ALVARADO,2468-GTE,Diesel Oil Importado,DIESEL_IMPORTADO,Ciudad,
2026-09-03,2026-09-03,True,False,Santa Cruz,DIESEL OIL IMPORTADO EESS,35000.0,L,ESTACION DE SERVICIO SAN LUIS,514-CEK,Diesel Oil Importado,DIESEL_IMPORTADO,Ciudad,
2026-09-03,2026-09-03,True,False,Santa Cruz,GASOLINA ESPECIAL + (S/DSI),20000.0,L,ESTACION DE SERVICIO MONTAÑO S.R.L.,1062-SLY,Gasolina Especial +,GASOLINA_ESPECIAL_MAS,Ciudad,
2026-09-03,2026-09-03,True,False,Santa Cruz,GASOLINA ESPECIAL + (S/DSI),15000.0,L,GAS DEL ESTE S.R.L.,622-IUN,Gasolina Especial +,GASOLINA_ESPECIAL_MAS,Ciudad,
2026-09-03,2026-09-03,True,False,Santa Cruz,DIESEL OIL IMPORTADO EESS,25000.0,L,SERVICIOS GENERALES LA CAÑADA S.R.L.,2215-HBF,Diesel Oil Importado,DIESEL_IMPORTADO,Ciudad,
2026-09-03,2026-09-03,True,False,Santa Cruz,GASOLINA ESPECIAL + (S/DSI),20000.0,L,SERVICIOS GENERALES LA CAÑADA S.R.L.,2215-HBF,Gasolina Especial +,GASOLINA_ESPECIAL_MAS,Ciudad,
2026-09-03,2026-09-03,True,False,Santa Cruz,DIESEL OIL NACIONAL EESS,25000.0,L,ESTACION DE SERVICIO EL TAJIBO OKINAWA,2338-GRG,Diesel Oil Nacional,DIESEL_NACIONAL,Provincia,
2026-09-03,2026-09-03,True,False,Santa Cruz,DIESEL OIL NACIONAL EESS,25000.0,L,"ESTACION DE SERVICIO ""S.J"" S.R.L.",3598-KXG,Diesel Oil Nacional,DIESEL_NACIONAL,Provincia,
2026-09-03,2026-09-03,True,False,Santa Cruz,DIESEL OIL IMPORTADO EESS,20000.0,L,VANGAS S.A,863-XYY,Diesel Oil Importado,DIESEL_IMPORTADO,Ciudad,
2026-09-03,2026-09-03,True,False,Santa Cruz,GASOLINA ESPECIAL + (S/DSI),10000.0,L,VANGAS S.A,1166-FCU,Gasolina Especial +,GASOLINA_ESPECIAL_MAS,Ciudad,
2026-09-03,2026-09-03,True,False,Santa Cruz,DIESEL OIL IMPORTADO EESS,10000.0,L,ESTACION DE SERVICIO EL TROMPILLO,2150-INT,Diesel Oil Importado,DIESEL_IMPORTADO,Ciudad,
2026-09-03,2026-09-03,True,False,Santa Cruz,DIESEL OIL IMPORTADO EESS,20000.0,L,ESTACION DE SERVICIO EL TROMPILLO,863-XYY,Diesel Oil Importado,DIESEL_IMPORTADO,Ciudad,
2026-09-03,2026-09-03,True,False,Santa Cruz,GASOLINA ESPECIAL + (S/DSI),20000.0,L,ESTACION DE SERVICIO EL TROMPILLO,851-SLG,Gasolina Especial +,GASOLINA_ESPECIAL_MAS,Ciudad,
2026-09-03,2026-09-03,True,False,Santa Cruz,DIESEL OIL IMPORTADO EESS,20000.0,L,"EMPRESA DAVILA IMPORTADORA-EXPORTADORA S.R.L. ""DAIMPORT - EXPORT LTDA""",1383-DKA,Diesel Oil Importado,DIESEL_IMPORTADO,Ciudad,
2026-09-03,2026-09-03,True,False,Santa Cruz,DIESEL OIL NACIONAL EESS,20000.0,L,JARAJORECHI S.R.L.,652-SRU,Diesel Oil Nacional,DIESEL_NACIONAL,Provincia,
2026-09-03,2026-09-03,True,False,Santa Cruz,GASOLINA ESPECIAL + (S/DSI),20000.0,L,SURTIDOR VARDONA - SUSANA POEHLMANN GARCIA,475-CBB,Gasolina Especial +,GASOLINA_ESPECIAL_MAS,Ciudad,
2026-09-03,2026-09-03,True,False,Santa Cruz,DIESEL OIL IMPORTADO EESS,20000.0,L,EMPRESA DE SERVICIOS 8 DE NOVIEMBRE LTDA.,1831-SEK,Diesel Oil Importado,DIESEL_IMPORTADO,Ciudad,
2026-09-03,2026-09-03,True,False,Santa Cruz,GASOLINA ESPECIAL + EESS,20000.0,L,ESTACION DE SERVICIO ARACATACA,878-ENK,Gasolina Especial +,GASOLINA_ESPECIAL_MAS,Provincia,
2026-09-03,2026-09-03,True,False,Santa Cruz,GASOLINA ESPECIAL + (S/DSI),15000.0,L,EMPRESA DE SERVICIOS 8 DE NOVIEMBRE LTDA.,1831-SEK,Gasolina Especial +,GASOLINA_ESPECIAL_MAS,Ciudad,
2026-09-03,2026-09-03,True,False,Santa Cruz,DIESEL OIL IMPORTADO EESS,20000.0,L,GENEX S.A-SUCURSAL S.C ZONA GUARACACHI,2150-INT,Diesel Oil Importado,DIESEL_IMPORTADO,Ciudad,
2026-09-03,2026-09-03,True,False,Santa Cruz,GASOLINA ESPECIAL + (S/DSI),10000.0,L,GENEX S.A-SUCURSAL S.C ZONA GUARACACHI,851-SLG,Gasolina Especial +,GASOLINA_ESPECIAL_MAS,Ciudad,
2026-09-03,2026-09-03,True,False,Santa Cruz,DIESEL OIL NACIONAL EESS,25000.0,L,ESTACION DE SERVICIO VELEZ-HEBERTH VELEZ CORTEZ,1504-CKU,Diesel Oil Nacional,DIESEL_NACIONAL,Provincia,
2026-09-03,2026-09-03,True,False,Santa Cruz,GASOLINA ESPECIAL + (S/DSI),10000.0,L,GENEX S.A. SUCURSAL ZONA NOR ESTE,1115-DLF,Gasolina Especial +,GASOLINA_ESPECIAL_MAS,Ciudad,
2026-09-03,2026-09-03,True,False,Santa Cruz,GASOLINA ESPECIAL + (S/DSI),20000.0,L,GENEX S.A SUCURSAL SANTA CRUZ ZONA ESTE,851-SLG,Gasolina Especial +,GASOLINA_ESPECIAL_MAS,Ciudad,
2026-09-03,2026-09-03,True,False,Santa Cruz,GASOLINA ESPECIAL + (S/DSI),20000.0,L,GENEX S.A SUCURSAL S.C ZONA GUALBERTO VILLARROEL,1285-UKF,Gasolina Especial +,GASOLINA_ESPECIAL_MAS,Ciudad,
2026-09-03,2026-09-03,True,False,Santa Cruz,GASOLINA ESPECIAL + (S/DSI),20000.0,L,GENEX S.A SUCURSAL SANTA CRUZ ZONA LA RAMADA,1115-DLF,Gasolina Especial +,GASOLINA_ESPECIAL_MAS,Ciudad,
2026-09-03,2026-09-03,True,False,Santa Cruz,GASOLINA ESPECIAL + (S/DSI),20000.0,L,CIA BOLIVIANA DE GAS NATURAL COMPRIMIDO GENEX SA,1166-FCU,Gasolina Especial +,GASOLINA_ESPECIAL_MAS,Ciudad,
2026-09-03,2026-09-03,True,False,Santa Cruz,DIESEL OIL IMPORTADO EESS,26200.0,L,ESTACION DE SERVICIO SAN LUIS I,1896-RPH,Diesel Oil Importado,DIESEL_IMPORTADO,Ciudad,
2026-09-03,2026-09-03,True,False,Santa Cruz,GASOLINA ESPECIAL + EESS,20000.0,L,ESTACION DE SERVICIO DURAZNERO-DANA FLORES DAVALOS,2182-HII,Gasolina Especial +,GASOLINA_ESPECIAL_MAS,Provincia,
2026-09-03,2026-09-03,True,False,Santa Cruz,GASOLINA ESPECIAL + EESS,20000.0,L,ESTACION DE SERVICIO DANA S.R.L.,5638-CXH,Gasolina Especial +,GASOLINA_ESPECIAL_MAS,Provincia,
2026-09-03,2026-09-03,True,False,Santa Cruz,GASOLINA ESPECIAL + EESS,10000.0,L,ESTACION DE SERVICIO EL JUNTE II-ALEJANDRA MARIEL BALCAZAR PAZ,1631-HII,Gasolina Especial +,GASOLINA_ESPECIAL_MAS,Provincia,
2026-09-03,2026-09-03,True,False,Santa Cruz,DIESEL OIL NACIONAL EESS,25000.0,L,ESTACION DE SERVICIO EL JUNTE II-ALEJANDRA MARIEL BALCAZAR PAZ,1631-HII,Diesel Oil Nacional,DIESEL_NACIONAL,Provincia,
2026-09-03,2026-09-03,True,False,Santa Cruz,GASOLINA ESPECIAL + EESS,20000.0,L,TARIFA S.R.L.,1636-FLK,Gasolina Especial +,GASOLINA_ESPECIAL_MAS,Provincia,
2026-09-03,2026-09-03,True,False,Santa Cruz,GASOLINA ESPECIAL + EESS,20000.0,L,ESTACION DE SERVICIO GASCAR S.R.L.,5342-KHY,Gasolina Especial +,GASOLINA_ESPECIAL_MAS,Provincia,
2026-09-03,2026-09-03,True,False,Santa Cruz,GASOLINA ESPECIAL + (S/DSI),20000.0,L,ESTACION DE SERVICIO SAN LUIS,244-ANI,Gasolina Especial +,GASOLINA_ESPECIAL_MAS,Ciudad,
2026-09-03,2026-09-03,True,False,Santa Cruz,GASOLINA ESPECIAL + (S/DSI),10000.0,L,ESTACION DE SERVICIO SAN LUIS I,244-ANI,Gasolina Especial +,GASOLINA_ESPECIAL_MAS,Ciudad,
2026-09-03,2026-09-03,True,False,Santa Cruz,GASOLINA ESPECIAL + (S/DSI),10000.0,L,CENTRO DE COMERCIO Y SERVICIOS VALDIVIA FERRUFINO S.R.L.,332-NTN,Gasolina Especial +,GASOLINA_ESPECIAL_MAS,Ciudad,
2026-09-03,2026-09-03,True,False,Santa Cruz,GASOLINA ESPECIAL + EESS,20000.0,L,ESTACION DE SERVICIO RUTA NORTE S.R.L.,3589-UKG,Gasolina Especial +,GASOLINA_ESPECIAL_MAS,Provincia,
2026-09-03,2026-09-03,True,False,Santa Cruz,GASOLINA ESPECIAL + EESS,20000.0,L,ESTACION DE SERVICIO MIRANDA S.R.L.,2522-BEF,Gasolina Especial +,GASOLINA_ESPECIAL_MAS,Provincia,
2026-09-03,2026-09-03,True,False,Santa Cruz,DIESEL OIL NACIONAL EESS,20000.0,L,MUYURINA LTDA,647-NPX,Diesel Oil Nacional,DIESEL_NACIONAL,Provincia,
2026-09-03,2026-09-03,True,False,Santa Cruz,GASOLINA ESPECIAL + EESS,20000.0,L,MUYURINA LTDA,647-NPX,Gasolina Especial +,GASOLINA_ESPECIAL_MAS,Provincia,
2026-09-03,2026-09-03,True,False,Santa Cruz,GASOLINA ESPECIAL + EESS,20000.0,L,ESTACION DE SERVICIO TORRIAYALA S.R.L.,1066-TLK,Gasolina Especial +,GASOLINA_ESPECIAL_MAS,Provincia,
2026-09-03,2026-09-03,True,False,Santa Cruz,DIESEL OIL NACIONAL EESS,25000.0,L,TARIFA S.R.L.,5314-TZK,Diesel Oil Nacional,DIESEL_NACIONAL,Provincia,
2026-09-03,2026-09-03,True,False,Santa Cruz,GASOLINA ESPECIAL + (S/DSI),10000.0,L,ESTACION DE SERVICIO EMANUEL S.R.L.,332-NTN,Gasolina Especial +,GASOLINA_ESPECIAL_MAS,Ciudad,
2026-09-03,2026-09-03,True,False,Santa Cruz,DIESEL OIL IMPORTADO EESS,10000.0,L,Z & Z LTDA,110-IYX,Diesel Oil Importado,DIESEL_IMPORTADO,Ciudad,
2026-09-03,2026-09-03,True,False,Santa Cruz,DIESEL OIL IMPORTADO EESS,10000.0,L,ESTACION DE SERVICIO ORSA SRL-SUCURSAL 1,6453-URG,Diesel Oil Importado,DIESEL_IMPORTADO,Provincia,
2026-09-03,2026-09-03,True,False,Santa Cruz,GASOLINA ESPECIAL + (S/DSI),5000.0,L,ESTACION DE SERVICIO ORSA S.R.L.,6453-URG,Gasolina Especial +,GASOLINA_ESPECIAL_MAS,Ciudad,
2026-09-03,2026-09-03,True,False,Santa Cruz,GASOLINA ESPECIAL + (S/DSI),20000.0,L,Z & Z LTDA,2319-UPC,Gasolina Especial +,GASOLINA_ESPECIAL_MAS,Ciudad,
2026-09-03,2026-09-03,True,False,Santa Cruz,DIESEL OIL NACIONAL EESS,25000.0,L,ESTACION DE SERVICIO TORRIAYALA S.R.L.,4491-PRD,Diesel Oil Nacional,DIESEL_NACIONAL,Provincia,
2026-09-03,2026-09-03,True,False,Santa Cruz,DIESEL OIL NACIONAL EESS,35000.0,L,ESTACION DE SERVICIO EL JUNTE-ALEJANDRA MARIEL BALCAZAR PAZ,2883-XTL,Diesel Oil Nacional,DIESEL_NACIONAL,Provincia,
2026-09-03,2026-09-03,True,False,Santa Cruz,DIESEL OIL IMPORTADO EESS,20000.0,L,ESTACION DE SERVICIO BI-OCEANICA S.R.L.,4269-HNT,Diesel Oil Importado,DIESEL_IMPORTADO,Ciudad,
2026-09-03,2026-09-03,True,False,Santa Cruz,DIESEL OIL IMPORTADO EESS,35000.0,L,BICENTENARIO SRL,2120-PKF,Diesel Oil Importado,DIESEL_IMPORTADO,,
2026-09-03,2026-09-03,True,False,Santa Cruz,DIESEL OIL IMPORTADO EESS,20000.0,L,COMPLEJO AUTOMOTRIZ VIRGEN DE URKUPIÑA S.R.L.,1135-RGC,Diesel Oil Importado,DIESEL_IMPORTADO,Ciudad,
2026-09-03,2026-09-03,True,False,Santa Cruz,GASOLINA ESPECIAL + (S/DSI),15000.0,L,COMPLEJO AUTOMOTRIZ VIRGEN DE URKUPIÑA S.R.L.,1135-RGC,Gasolina Especial +,GASOLINA_ESPECIAL_MAS,Ciudad,
2026-09-03,2026-09-03,True,False,Santa Cruz,DIESEL OIL IMPORTADO EESS,20000.0,L,ESTACION DE SERVICIO CLUB GAZEL S.R.L.,2434-YRP,Diesel Oil Importado,DIESEL_IMPORTADO,Ciudad,
2026-09-03,2026-09-03,True,False,Santa Cruz,DIESEL OIL IMPORTADO EESS,35000.0,L,ESTACION DE SERVICIO RADIAL 10 - HUGO FLORERO ORELLANA,948-PYS,Diesel Oil Importado,DIESEL_IMPORTADO,Ciudad,
2026-09-03,2026-09-03,True,False,Santa Cruz,GASOLINA ESPECIAL + (S/DSI),20000.0,L,ESTACION DE SERVICIO CLUB GAZEL S.R.L.,2434-YRP,Gasolina Especial +,GASOLINA_ESPECIAL_MAS,Ciudad,
2026-09-03,2026-09-03,True,False,Santa Cruz,GASOLINA ESPECIAL + (S/DSI),10000.0,L,ESTACION DE SERVICIO RADIAL 10 - HUGO FLORERO ORELLANA,948-PYS,Gasolina Especial +,GASOLINA_ESPECIAL_MAS,Ciudad,
2026-09-03,2026-09-03,True,False,Santa Cruz,DIESEL OIL IMPORTADO EESS,20000.0,L,COMPAÑIA COMERCIAL DE GAS COMPRIMIDO C.G.C. S.R.L.,2511-RLA,Diesel Oil Importado,DIESEL_IMPORTADO,Ciudad,
2026-09-03,2026-09-03,True,False,Santa Cruz,DIESEL OIL IMPORTADO EESS,20000.0,L,ESTACION DE SERVICIO LA COLORADA,2229-HLP,Diesel Oil Importado,DIESEL_IMPORTADO,Ciudad,
2026-09-03,2026-09-03,True,False,Santa Cruz,GASOLINA ESPECIAL + (S/DSI),20000.0,L,ESTACION DE SERVICIO LA COLORADA,2229-HLP,Gasolina Especial +,GASOLINA_ESPECIAL_MAS,Ciudad,
2026-09-03,2026-09-03,True,False,Santa Cruz,DIESEL OIL NACIONAL EESS,20000.0,L,SURTIDOR EL PATUJU - ROGELIO LA FUENTE OLIVERA,1330-AEN,Diesel Oil Nacional,DIESEL_NACIONAL,Provincia,
2026-09-03,2026-09-03,True,False,Santa Cruz,DIESEL OIL NACIONAL EESS,25000.0,L,ESTACION DE SERVICIO LAS CONCHAS S.R.L.,1275-RHG,Diesel Oil Nacional,DIESEL_NACIONAL,Provincia,
2026-09-03,2026-09-03,True,False,Santa Cruz,GASOLINA ESPECIAL + EESS,20000.0,L,ESTACION DE SERVICIO ARNEZ - LUIS ARNEZ ONOFRE,4493-XXT,Gasolina Especial +,GASOLINA_ESPECIAL_MAS,Provincia,
2026-09-03,2026-09-03,True,False,Santa Cruz,DIESEL OIL NACIONAL EESS,30000.0,L,ESTACION DE SERVICIO ARNEZ - LUIS ARNEZ ONOFRE,1163-LHT,Diesel Oil Nacional,DIESEL_NACIONAL,Provincia,
2026-09-03,2026-09-03,True,False,Santa Cruz,GASOLINA ESPECIAL + EESS,20000.0,L,ESTACION DE SERVICIO SAN SILVESTRE,2265-BKN,Gasolina Especial +,GASOLINA_ESPECIAL_MAS,Provincia,
2026-09-03,2026-09-03,True,False,Santa Cruz,DIESEL OIL NACIONAL EESS,25000.0,L,ESTACION DE SERVICIO ANTO - ANTONIO CARLOS LORGIO JUSTINIANO SANTOS,2093-GRU,Diesel Oil Nacional,DIESEL_NACIONAL,Provincia,
2026-09-03,2026-09-03,True,False,Santa Cruz,DIESEL OIL NACIONAL EESS,30000.0,L,ESTACION DE SERVICIO SAN SILVESTRE,1135-EYL,Diesel Oil Nacional,DIESEL_NACIONAL,Provincia,
2026-09-03,2026-09-03,True,False,Santa Cruz,GASOLINA ESPECIAL + (S/DSI),20000.0,L,ESTACION DE SERVICIO DICOR S.R.L.,1557-ICL,Gasolina Especial +,GASOLINA_ESPECIAL_MAS,Ciudad,
2026-09-03,2026-09-03,True,False,Santa Cruz,GASOLINA ESPECIAL + (S/DSI),20000.0,L,ESTACION DE SERVICIO REYNALDO CORTEZ QUISPE,5342-KHY,Gasolina Especial +,GASOLINA_ESPECIAL_MAS,Ciudad,
2026-09-03,2026-09-03,True,False,Santa Cruz,DIESEL OIL IMPORTADO EESS,25000.0,L,ESTACION DE SERVICIO REYNALDO CORTEZ QUISPE,5312-NXE,Diesel Oil Importado,DIESEL_IMPORTADO,Ciudad,
2026-09-03,2026-09-03,True,False,Santa Cruz,DIESEL OIL IMPORTADO EESS,20000.0,L,ESTACION DE SERVICIO DICOR S.R.L.,583-PTR,Diesel Oil Importado,DIESEL_IMPORTADO,Ciudad,
2026-09-03,2026-09-03,True,False,Santa Cruz,DIESEL OIL NACIONAL EESS,25000.0,L,ESTACION DE SERVICIO MACONDO,1074-IHH,Diesel Oil Nacional,DIESEL_NACIONAL,Provincia,
2026-09-03,2026-09-03,True,False,Santa Cruz,DIESEL OIL NACIONAL EESS,5000.0,L,ESTACION DE SERVICIO CHANE,1074-IHH,Diesel Oil Nacional,DIESEL_NACIONAL,Provincia,
2026-09-03,2026-09-03,True,False,Santa Cruz,DIESEL OIL NACIONAL EESS,20000.0,L,ESTACION DE SERVICIO CHANE,399-LZN,Diesel Oil Nacional,DIESEL_NACIONAL,Provincia,
2026-09-03,2026-09-03,True,False,Santa Cruz,GASOLINA ESPECIAL + (S/DSI),9900.0,L,ESTACION DE SERVICIO URBARI SRL,375-KIH,Gasolina Especial +,GASOLINA_ESPECIAL_MAS,Ciudad,
2026-09-03,2026-09-03,True,False,Santa Cruz,GASOLINA ESPECIAL + (S/DSI),20000.0,L,GASCO S.R.L.,514-HHE,Gasolina Especial +,GASOLINA_ESPECIAL_MAS,Ciudad,
2026-09-03,2026-09-03,True,False,Santa Cruz,DIESEL OIL IMPORTADO EESS,20000.0,L,ESTACION DE SERVICIO PIRAI S.R.L. SUC. DOBLE VIA LA GUARDIA ESQ. OCTAVO ANILLO,1999-CDP,Diesel Oil Importado,DIESEL_IMPORTADO,Ciudad,
2026-09-03,2026-09-03,True,False,Santa Cruz,GASOLINA ESPECIAL + (S/DSI),14000.0,L,ESTACION DE SERVICIO EL TAROPE - JHONNY AGUILAR ADRIAZOLA,1744-UZH,Gasolina Especial +,GASOLINA_ESPECIAL_MAS,Ciudad,
2026-09-03,2026-09-03,True,False,Santa Cruz,GASOLINA ESPECIAL + (S/DSI),20000.0,L,ESTACION DE SERVICIO PIRAI S.R.L. SUC. DOBLE VIA LA GUARDIA ESQ. OCTAVO ANILLO,437-KYY,Gasolina Especial +,GASOLINA_ESPECIAL_MAS,Ciudad,
2026-09-03,2026-09-03,True,False,Santa Cruz,GASOLINA ESPECIAL + (S/DSI),5000.0,L,ESTACION DE SERVICIO PIRAI S.R.L.,4530-FIY,Gasolina Especial +,GASOLINA_ESPECIAL_MAS,Ciudad,
2026-09-03,2026-09-03,True,False,Santa Cruz,DIESEL OIL IMPORTADO EESS,20000.0,L,ESTACION DE SERVICIO EL TAROPE - JHONNY AGUILAR ADRIAZOLA,1744-UZH,Diesel Oil Importado,DIESEL_IMPORTADO,Ciudad,
2026-09-03,2026-09-03,True,False,Santa Cruz,DIESEL OIL NACIONAL EESS,35000.0,L,SURTIDOR ACIPA - SJ S.R.L.,4120-ZTR,Diesel Oil Nacional,DIESEL_NACIONAL,Provincia,
2026-09-03,2026-09-03,True,False,Santa Cruz,GASOLINA ESPECIAL + (S/DSI),15000.0,L,ESTACION DE SERVICIO PIRAI S.R.L.,437-KYY,Gasolina Especial +,GASOLINA_ESPECIAL_MAS,Ciudad,
2026-09-03,2026-09-03,True,False,Santa Cruz,DIESEL OIL IMPORTADO EESS,20000.0,L,ESTACION DE SERVICIO SUR S.R.L.-SUCURSAL ESTACION DE SERVICIO LA TECA,825-ATI,Diesel Oil Importado,DIESEL_IMPORTADO,Ciudad,
2026-09-03,2026-09-03,True,False,Santa Cruz,DIESEL OIL IMPORTADO EESS,20000.0,L,ESTACION DE SERVICIO SUR SRL SUCURSAL 3,1390-DBC,Diesel Oil Importado,DIESEL_IMPORTADO,Ciudad,
2026-09-03,2026-09-03,True,False,Santa Cruz,DIESEL OIL NACIONAL EESS,25000.0,L,ESTACION DE SERVICIO EL MIRADOR - SONIA SORUCO ROCA,1128-PIA,Diesel Oil Nacional,DIESEL_NACIONAL,Provincia,
2026-09-03,2026-09-03,True,False,Santa Cruz,DIESEL OIL IMPORTADO EESS,5000.0,L,ESTACION DE SERVICIO SUR S.R.L. SUCURSAL 2,1388-TGA,Diesel Oil Importado,DIESEL_IMPORTADO,Ciudad,
2026-09-03,2026-09-03,True,False,Santa Cruz,DIESEL OIL IMPORTADO EESS,15000.0,L,ESTACION DE SERVICIO SUR S.R.L. SUCURSAL 2,1390-DBC,Diesel Oil Importado,DIESEL_IMPORTADO,Ciudad,
2026-09-03,2026-09-03,True,False,Santa Cruz,DIESEL OIL NACIONAL EESS,25000.0,L,ESTACION DE SERVICIO LA CUEVA - ROLANDO CHAVEZ VACA,6014-GEE,Diesel Oil Nacional,DIESEL_NACIONAL,Provincia,
2026-09-03,2026-09-03,True,False,Santa Cruz,DIESEL OIL NACIONAL EESS,30000.0,L,ESTACION DE SERVICIO SUR S.R.L. SUCURSAL MONTE VERDE,1095-ZCK,Diesel Oil Nacional,DIESEL_NACIONAL,Provincia,
2026-09-03,2026-09-03,True,False,Santa Cruz,DIESEL OIL IMPORTADO EESS,20000.0,L,SURTIDOR COTOCA - JOSE RAMIRO AYALA FLORES,2338-FGD,Diesel Oil Importado,DIESEL_IMPORTADO,Ciudad,
2026-09-03,2026-09-03,True,False,Santa Cruz,GASOLINA ESPECIAL + (S/DSI),20000.0,L,ESTACION DE SERVICIO SUR S.R.L.-SUCURSAL ESTACION DE SERVICIO LA TECA,2801-BYP,Gasolina Especial +,GASOLINA_ESPECIAL_MAS,Ciudad,
2026-09-03,2026-09-03,True,False,Santa Cruz,GASOLINA ESPECIAL + (S/DSI),20000.0,L,ESTACION DE SERVICIO SUR SRL SUCURSAL 3,2447-AGD,Gasolina Especial +,GASOLINA_ESPECIAL_MAS,Ciudad,
2026-09-03,2026-09-03,True,False,Santa Cruz,GASOLINA ESPECIAL + (S/DSI),15000.0,L,ESTACION DE SERVICIO 3F OIL S.R.L.,953-UFL,Gasolina Especial +,GASOLINA_ESPECIAL_MAS,Ciudad,
2026-09-03,2026-09-03,True,False,Santa Cruz,GASOLINA ESPECIAL + (S/DSI),5000.0,L,ESTACION DE SERVICIO 3F OIL S.R.L.,953-UFL,Gasolina Especial +,GASOLINA_ESPECIAL_MAS,Ciudad,
2026-09-03,2026-09-03,True,False,Santa Cruz,GASOLINA ESPECIAL + (S/DSI),5000.0,L,ESTACION DE SERVICIO SUR S.R.L. SUCURSAL 2,4410-KXK,Gasolina Especial +,GASOLINA_ESPECIAL_MAS,Ciudad,
2026-09-03,2026-09-03,True,False,Santa Cruz,DIESEL OIL IMPORTADO EESS,25000.0,L,ESTACION DE SERVICIO 3F OIL S.R.L.,953-UFL,Diesel Oil Importado,DIESEL_IMPORTADO,Ciudad,
2026-09-03,2026-09-03,True,False,Santa Cruz,GASOLINA ESPECIAL + (S/DSI),15000.0,L,ESTACION DE SERVICIO SUR S.R.L. SUCURSAL 2,2447-AGD,Gasolina Especial +,GASOLINA_ESPECIAL_MAS,Ciudad,
2026-09-03,2026-09-03,True,False,Santa Cruz,GASOLINA ESPECIAL + (S/DSI),20000.0,L,ESTACION DE SERVICIO SUR S.R.L. SUCURSAL 1,4530-GKD,Gasolina Especial +,GASOLINA_ESPECIAL_MAS,Ciudad,
2026-09-03,2026-09-03,True,False,Santa Cruz,GASOLINA ESPECIAL + (S/DSI),20000.0,L,ESTACION DE SERVICIO SUR S.R.L.,4410-LAU,Gasolina Especial +,GASOLINA_ESPECIAL_MAS,Ciudad,
2026-09-03,2026-09-03,True,False,Santa Cruz,DIESEL OIL IMPORTADO EESS,5000.0,L,REFINERIA ORIENTAL S.A. SUCURSAL MONTECRISTO,1388-TGA,Diesel Oil Importado,DIESEL_IMPORTADO,Ciudad,
2026-09-03,2026-09-03,True,False,Santa Cruz,DIESEL OIL IMPORTADO EESS,15000.0,L,ESTACION DE SERVICIO BI-OCEANICA S.R.L.,4269-HNT,Diesel Oil Importado,DIESEL_IMPORTADO,Ciudad,
2026-09-03,2026-09-03,True,False,Santa Cruz,DIESEL OIL IMPORTADO EESS,15000.0,L,REFINERIA ORIENTAL S.A. SUCURSAL MONTECRISTO,825-ATI,Diesel Oil Importado,DIESEL_IMPORTADO,Ciudad,
2026-09-03,2026-09-03,True,False,Santa Cruz,DIESEL OIL NACIONAL EESS,20000.0,L,GOTEON S.R.L.,453-IYH,Diesel Oil Nacional,DIESEL_NACIONAL,Provincia,
2026-09-03,2026-09-03,True,False,Santa Cruz,DIESEL OIL NACIONAL EESS,20000.0,L,ABERI SRL,5305-YZL,Diesel Oil Nacional,DIESEL_NACIONAL,Provincia,
2026-09-03,2026-09-03,True,False,Santa Cruz,DIESEL OIL IMPORTADO EESS,10000.0,L,ESTACION DE SERVICIO REFINERIA ORIENTAL S.A. - SUC. ZONA 4° ANILLO FRENTE A BUFALO PARK - SC,4410-KXK,Diesel Oil Importado,DIESEL_IMPORTADO,Ciudad,
2026-09-03,2026-09-03,True,False,Santa Cruz,DIESEL OIL IMPORTADO EESS,10000.0,L,REFINERIA ORIENTAL S.A.-SUC. BARRIO LAZARETO,1388-TGA,Diesel Oil Importado,DIESEL_IMPORTADO,Ciudad,
2026-09-03,2026-09-03,True,False,Santa Cruz,GASOLINA ESPECIAL + (S/DSI),20000.0,L,ESTACION DE SERVICIO GUAYACAN S.R.L.,727-YTY,Gasolina Especial +,GASOLINA_ESPECIAL_MAS,Ciudad,
2026-09-03,2026-09-03,True,False,Santa Cruz,DIESEL OIL IMPORTADO EESS,30000.0,L,ESTACION DE SERVICIO GUAYACAN S.R.L.,1190-YPG,Diesel Oil Importado,DIESEL_IMPORTADO,Ciudad,
2026-09-03,2026-09-03,True,False,Santa Cruz,GASOLINA ESPECIAL + (S/DSI),5000.0,L,REFINERIA ORIENTAL S.A. SUCURSAL MONTECRISTO,1095-ZCK,Gasolina Especial +,GASOLINA_ESPECIAL_MAS,Ciudad,
2026-09-03,2026-09-03,True,False,Santa Cruz,GASOLINA ESPECIAL + (S/DSI),20000.0,L,ESTACION DE SERVICIO BI-OCEANICA S.R.L.,4269-HNT,Gasolina Especial +,GASOLINA_ESPECIAL_MAS,Ciudad,
2026-09-03,2026-09-03,True,False,Santa Cruz,GASOLINA ESPECIAL + (S/DSI),15000.0,L,REFINERIA ORIENTAL S.A. SUCURSAL MONTECRISTO,2801-BYP,Gasolina Especial +,GASOLINA_ESPECIAL_MAS,Ciudad,
2026-09-03,2026-09-03,True,False,Santa Cruz,GASOLINA ESPECIAL + (S/DSI),20000.0,L,REFINERIA ORIENTAL S.A. SUC. NOR ESTE,1095-ZCK,Gasolina Especial +,GASOLINA_ESPECIAL_MAS,Ciudad,
2026-09-03,2026-09-03,True,False,Santa Cruz,GASOLINA ESPECIAL + (S/DSI),19900.0,L,ESTACION DE SERVICIO LA CIMA,297-ACK,Gasolina Especial +,GASOLINA_ESPECIAL_MAS,Ciudad,
2026-09-03,2026-09-03,True,False,Santa Cruz,GASOLINA ESPECIAL + (S/DSI),20000.0,L,ESTACION DE SERVICIO REFINERIA ORIENTAL S.A. - SUC. ZONA 4° ANILLO FRENTE A BUFALO PARK - SC,4530-FIY,Gasolina Especial +,GASOLINA_ESPECIAL_MAS,Ciudad,
2026-09-03,2026-09-03,True,False,Santa Cruz,GASOLINA ESPECIAL + (S/DSI),20000.0,L,ESTACION DE SERVICIO RIVERO - LUIS ANTONIO RIVERO AÑEZ,681-FDU,Gasolina Especial +,GASOLINA_ESPECIAL_MAS,Ciudad,
2026-09-03,2026-09-03,True,False,Santa Cruz,DIESEL OIL IMPORTADO EESS,25000.0,L,ESTACION DE SERVICIO TRES PASOS AL FRENTE - VITALIANO ROJAS OLIVERA,5002-IBN,Diesel Oil Importado,DIESEL_IMPORTADO,Ciudad,
2026-09-03,2026-09-03,True,False,Santa Cruz,GASOLINA ESPECIAL + (S/DSI),20000.0,L,REFINERIA ORIENTAL S.A.-SUC. TERCER ANILLO INTERNO FRENTE CANCHITA ROYAL,1493-PDD,Gasolina Especial +,GASOLINA_ESPECIAL_MAS,Ciudad,
2026-09-03,2026-09-03,True,False,Santa Cruz,GASOLINA ESPECIAL + EESS,20000.0,L,ESTACION DE SERVICIO PETRO VAL S.R.L.,1110-USS,Gasolina Especial +,GASOLINA_ESPECIAL_MAS,Provincia,
2026-09-03,2026-09-03,True,False,Santa Cruz,GASOLINA ESPECIAL + (S/DSI),20000.0,L,REFINERIA ORIENTAL S.A.-SUC. BARRIO LAZARETO,1113-EAA,Gasolina Especial +,GASOLINA_ESPECIAL_MAS,Ciudad,
2026-09-03,2026-09-03,True,False,Santa Cruz,GASOLINA ESPECIAL + (S/DSI),20000.0,L,ESTACION DE SERVICIO TRES PASOS AL FRENTE - VITALIANO ROJAS OLIVERA,2024-CIX,Gasolina Especial +,GASOLINA_ESPECIAL_MAS,Ciudad,
2026-09-03,2026-09-03,True,False,Santa Cruz,GASOLINA ESPECIAL + (S/DSI),20000.0,L,REFINERIA ORIENTAL S.A.,4410-KXK,Gasolina Especial +,GASOLINA_ESPECIAL_MAS,Ciudad,
2026-09-03,2026-09-03,True,False,Santa Cruz,GASOLINA ESPECIAL + (S/DSI),20000.0,L,ESTACION DE SERVICIO DAVILA S.R.L.,1445-CDA,Gasolina Especial +,GASOLINA_ESPECIAL_MAS,Ciudad,
2026-09-03,2026-09-03,True,False,Santa Cruz,DIESEL OIL IMPORTADO EESS,20000.0,L,ESTACION DE SERVICIO DAVILA S.R.L.,1445-CDA,Diesel Oil Importado,DIESEL_IMPORTADO,Ciudad,
2026-09-03,2026-09-03,True,False,Santa Cruz,DIESEL OIL NACIONAL EESS,20000.0,L,ESTACION DE SERVICIO PETRO VAL S.R.L.,1110-USS,Diesel Oil Nacional,DIESEL_NACIONAL,Provincia,
2026-09-03,2026-09-03,True,False,Santa Cruz,GASOLINA ESPECIAL + (S/DSI),20000.0,L,ESTACION DE SERVICIO ORSA SRL-SUCURSAL 1,5583-ADI,Gasolina Especial +,GASOLINA_ESPECIAL_MAS,Provincia,
2026-09-03,2026-09-03,True,False,Santa Cruz,GASOLINA ESPECIAL + (S/DSI),15000.0,L,ESTACION DE SERVICIO ORSA S.R.L.,5583-ADI,Gasolina Especial +,GASOLINA_ESPECIAL_MAS,Ciudad,
2026-09-03,2026-09-03,True,False,Santa Cruz,DIESEL OIL NACIONAL EESS,20000.0,L,ESTACION DE SERVICIO EL TINTO S.R.L.,1408-PLU,Diesel Oil Nacional,DIESEL_NACIONAL,Provincia,
2026-09-03,2026-09-03,True,False,Santa Cruz,GASOLINA ESPECIAL + EESS,5000.0,L,ESTACION DE SERVICIO SOMOS GAS SRL,2257-EEE,Gasolina Especial +,GASOLINA_ESPECIAL_MAS,Provincia,
2026-09-03,2026-09-03,True,False,Santa Cruz,GASOLINA ESPECIAL + EESS,20000.0,L,ESTACION DE SERVICIO SOMOS GAS SRL,2257-EEE,Gasolina Especial +,GASOLINA_ESPECIAL_MAS,Provincia,
2026-09-03,2026-09-03,True,False,Santa Cruz,GASOLINA ESPECIAL + (S/DSI),15000.0,L,ESTACION DE SERVICIO EL GASOMETRO S.R.L.,1393-GFA,Gasolina Especial +,GASOLINA_ESPECIAL_MAS,Ciudad,
2026-09-03,2026-09-03,True,False,Santa Cruz,DIESEL OIL IMPORTADO EESS,30000.0,L,ESTACION DE SERVICIO EMANUEL S.R.L.,332-NTN,Diesel Oil Importado,DIESEL_IMPORTADO,Ciudad,
2026-09-03,2026-09-03,True,False,Santa Cruz,GASOLINA ESPECIAL + (S/DSI),20000.0,L,ESTACION DE SERVICIO LA CHORRERA SRL,1393-GFA,Gasolina Especial +,GASOLINA_ESPECIAL_MAS,Ciudad,
2026-09-03,2026-09-03,True,False,Santa Cruz,DIESEL OIL IMPORTADO EESS,35000.0,L,CENTRO DE COMERCIO Y SERVICIOS VALDIVIA FERRUFINO S.R.L.,2330-NLD,Diesel Oil Importado,DIESEL_IMPORTADO,Ciudad,
2026-09-03,2026-09-03,True,False,Santa Cruz,GASOLINA ESPECIAL + EESS,20000.0,L,ESTACION DE SERVICIO ORTIZ S.R.L.,2506-IHP,Gasolina Especial +,GASOLINA_ESPECIAL_MAS,Provincia,
2026-09-03,2026-09-03,True,False,Santa Cruz,DIESEL OIL IMPORTADO EESS,35000.0,L,ESTACION DE SERVICIO LA CHORRERA SRL,1329-NRI,Diesel Oil Importado,DIESEL_IMPORTADO,Ciudad,
2026-09-03,2026-09-03,True,False,Santa Cruz,GASOLINA ESPECIAL + (S/DSI),20000.0,L,ESTACION DE SERVICIO PANTANAL DEL ORIENTE-ALVARO LUIS AGUILAR ADRIAZOLA,955-YPK,Gasolina Especial +,GASOLINA_ESPECIAL_MAS,Ciudad,
2026-09-03,2026-09-03,True,False,Santa Cruz,DIESEL OIL IMPORTADO EESS,10000.0,L,"ESTACION DE SERVICIO ""GUAPAY"" S.R.L.",447-PSY,Diesel Oil Importado,DIESEL_IMPORTADO,Ciudad,
2026-09-03,2026-09-03,True,False,Santa Cruz,DIESEL OIL IMPORTADO EESS,20000.0,L,ESTACION DE SERVICIO PANTANAL DEL ORIENTE-ALVARO LUIS AGUILAR ADRIAZOLA,584-RKD,Diesel Oil Importado,DIESEL_IMPORTADO,Ciudad,
2026-09-03,2026-09-03,True,False,Santa Cruz,DIESEL OIL NACIONAL EESS,20000.0,L,CENTRO DE COMERCIO SANTA RITAKM32 S.R.L.,3853-BSD,Diesel Oil Nacional,DIESEL_NACIONAL,Provincia,
2026-09-03,2026-09-03,True,False,Santa Cruz,GASOLINA ESPECIAL + (S/DSI),5000.0,L,ESTACION DE SERVICIO SANTA MARIA,1044-PLP,Gasolina Especial +,GASOLINA_ESPECIAL_MAS,Ciudad,
2026-09-03,2026-09-03,True,False,Santa Cruz,GASOLINA ESPECIAL + (S/DSI),15000.0,L,ESTACION DE SERVICIO SANTA MARIA,1044-PLP,Gasolina Especial +,GASOLINA_ESPECIAL_MAS,Ciudad,
2026-09-03,2026-09-03,True,False,Santa Cruz,DIESEL OIL IMPORTADO EESS,10000.0,L,ESTACION DE SERVICIO SANTA MARIA,1044-PLP,Diesel Oil Importado,DIESEL_IMPORTADO,Ciudad,
2026-09-03,2026-09-03,True,False,Santa Cruz,GASOLINA ESPECIAL + (S/DSI),20000.0,L,ESTACION DE SERVICIO PALMASOLA,1044-PLP,Gasolina Especial +,GASOLINA_ESPECIAL_MAS,Ciudad,
2026-09-03,2026-09-03,True,False,Santa Cruz,DIESEL OIL IMPORTADO EESS,25000.0,L,ESTACION DE SERVICIO PALMASOLA,1044-PLP,Diesel Oil Importado,DIESEL_IMPORTADO,Ciudad,
2026-09-03,2026-09-03,True,False,Santa Cruz,GASOLINA ESPECIAL + (S/DSI),20000.0,L,"ESTACION DE SERVICIO ""GUAPAY"" S.R.L.",447-PSY,Gasolina Especial +,GASOLINA_ESPECIAL_MAS,Ciudad,
2026-09-03,2026-09-03,True,False,Santa Cruz,GASOLINA ESPECIAL + (S/DSI),20000.0,L,SURTIDOR CLUBOL - RUTH JIMENEZ DE MONROY,5312-NXE,Gasolina Especial +,GASOLINA_ESPECIAL_MAS,Ciudad,
2026-09-03,2026-09-03,True,False,Santa Cruz,GASOLINA ESPECIAL + (S/DSI),20000.0,L,ESTACION DE SERVICIO ELISA S.R.L.,2291-ATI,Gasolina Especial +,GASOLINA_ESPECIAL_MAS,Ciudad,
2026-09-03,2026-09-03,True,False,Santa Cruz,DIESEL OIL IMPORTADO EESS,20000.0,L,YVU CENTRO DE SERVICIOS Y COMERCIO S.R.L.,1060-PIT,Diesel Oil Importado,DIESEL_IMPORTADO,Ciudad,
2026-09-03,2026-09-03,True,False,Santa Cruz,DIESEL OIL IMPORTADO EESS,35000.0,L,ESTACION DE SERVICIO ELISA S.R.L.,1176-UST,Diesel Oil Importado,DIESEL_IMPORTADO,Ciudad,
2026-09-03,2026-09-03,True,False,Santa Cruz,GASOLINA ESPECIAL + (S/DSI),20000.0,L,ESTACION DE SERVICIO APAZA-PATRICIA JORGE DE APAZA,2066-KRR,Gasolina Especial +,GASOLINA_ESPECIAL_MAS,Ciudad,
2026-09-03,2026-09-03,True,False,Santa Cruz,DIESEL OIL IMPORTADO EESS,20000.0,L,ESTACION DE SERVICIO APAZA-PATRICIA JORGE DE APAZA,2066-KRR,Diesel Oil Importado,DIESEL_IMPORTADO,Ciudad,
2026-09-03,2026-09-03,True,False,Santa Cruz,GASOLINA ESPECIAL + (S/DSI),20000.0,L,YVU CENTRO DE SERVICIOS Y COMERCIO S.R.L.,1060-PIT,Gasolina Especial +,GASOLINA_ESPECIAL_MAS,Ciudad,
2026-09-03,2026-09-03,True,False,Santa Cruz,GASOLINA ESPECIAL + (S/DSI),20000.0,L,"EMPRESA DAVILA IMPORTADORA-EXPORTADORA S.R.L. ""DAIMPORT - EXPORT LTDA""",846-IXK,Gasolina Especial +,GASOLINA_ESPECIAL_MAS,Ciudad,
2026-09-03,2026-09-03,True,False,Santa Cruz,DIESEL OIL NACIONAL EESS,35000.0,L,ESTACION DE SERVICIO CASCABEL SUC. CUATRO CAÑADAS-YOHANA PAOLA VACA GUZMAN,4124-YBX,Diesel Oil Nacional,DIESEL_NACIONAL,Provincia,
2026-09-03,2026-09-03,True,False,Santa Cruz,DIESEL OIL IMPORTADO EESS,25000.0,L,ESTACION DE SERVICIO LOS MANGALES S.R.L.,1005-XLH,Diesel Oil Importado,DIESEL_IMPORTADO,Ciudad,
2026-09-03,2026-09-03,True,False,Santa Cruz,GASOLINA ESPECIAL + (S/DSI),20000.0,L,ESTACION DE SERVICIO LAS ORQUIDEAS S.R.L.,711-XUH,Gasolina Especial +,GASOLINA_ESPECIAL_MAS,Ciudad,
2026-09-03,2026-09-03,True,False,Santa Cruz,DIESEL OIL IMPORTADO EESS,25000.0,L,ESTACION DE SERVICIO LAS ORQUIDEAS S.R.L.,5351-UAG,Diesel Oil Importado,DIESEL_IMPORTADO,Ciudad,
2026-09-03,2026-09-03,True,False,Santa Cruz,GASOLINA ESPECIAL + (S/DSI),10000.0,L,ESTACION DE SERVICIO LOS MANGALES S.R.L.,1299-GNA,Gasolina Especial +,GASOLINA_ESPECIAL_MAS,Ciudad,
2026-09-03,2026-09-03,True,False,Santa Cruz,GASOLINA ESPECIAL + (S/DSI),20000.0,L,R&E 3000 S.R.L.,1197-ATI,Gasolina Especial +,GASOLINA_ESPECIAL_MAS,Ciudad,
2026-09-03,2026-09-03,True,False,Santa Cruz,GASOLINA ESPECIAL + (S/DSI),20000.0,L,ESTACION DE SERVICIO YOTAU S.R.L.,3792-ENE,Gasolina Especial +,GASOLINA_ESPECIAL_MAS,Ciudad,
2026-09-03,2026-09-03,True,False,Santa Cruz,DIESEL OIL IMPORTADO EESS,20000.0,L,R&E 3000 S.R.L.,1197-ATI,Diesel Oil Importado,DIESEL_IMPORTADO,Ciudad,
2026-09-03,2026-09-03,True,False,Santa Cruz,GASOLINA ESPECIAL + (S/DSI),20000.0,L,ESTACION DE SERVICIO LOS COYUYOS-JULIA GONZALES,3994-CKU,Gasolina Especial +,GASOLINA_ESPECIAL_MAS,Ciudad,
2026-09-03,2026-09-03,True,False,Santa Cruz,DIESEL OIL IMPORTADO EESS,20000.0,L,ESTACION DE SERVICIO LOS COYUYOS-JULIA GONZALES,3994-CKU,Diesel Oil Importado,DIESEL_IMPORTADO,Ciudad,
2026-09-03,2026-09-03,True,False,Santa Cruz,DIESEL OIL IMPORTADO EESS,35000.0,L,ESTACION DE SERVICIO YOTAU S.R.L.,1066-ISS,Diesel Oil Importado,DIESEL_IMPORTADO,Ciudad,
2026-09-03,2026-09-03,True,False,Santa Cruz,GASOLINA ESPECIAL + (S/DSI),20000.0,L,ESTACION DE SERVICIO EL ARROYO S.R.L.,1299-GNA,Gasolina Especial +,GASOLINA_ESPECIAL_MAS,Ciudad,
2026-09-03,2026-09-03,True,False,Santa Cruz,GASOLINA ESPECIAL + (S/DSI),20000.0,L,ESTACION DE SERVICIO MORAGRANDE S.R.L. (SUC 1),2483-HBD,Gasolina Especial +,GASOLINA_ESPECIAL_MAS,Ciudad,
2026-09-03,2026-09-03,True,False,Santa Cruz,DIESEL OIL IMPORTADO EESS,35000.0,L,ESTACION DE SERVICIO MORAGRANDE S.R.L. (SUC 1),2483-HBD,Diesel Oil Importado,DIESEL_IMPORTADO,Ciudad,
2026-09-03,2026-09-03,True,False,Santa Cruz,DIESEL OIL IMPORTADO EESS,5000.0,L,ESTACION DE SERVICIO MORAGRANDE S.R.L.,1893-NTP,Diesel Oil Importado,DIESEL_IMPORTADO,Ciudad,
2026-09-03,2026-09-03,True,False,Santa Cruz,GASOLINA ESPECIAL + (S/DSI),20000.0,L,ESTACION DE SERVICIO MORAGRANDE S.R.L.,1893-NTP,Gasolina Especial +,GASOLINA_ESPECIAL_MAS,Ciudad,
2026-09-03,2026-09-03,True,False,Santa Cruz,DIESEL OIL IMPORTADO EESS,30000.0,L,ESTACION DE SERVICIO MORAGRANDE S.R.L.,1893-NTP,Diesel Oil Importado,DIESEL_IMPORTADO,Ciudad,
2026-09-03,2026-09-03,True,False,Santa Cruz,GASOLINA ESPECIAL + (S/DSI),20000.0,L,ESTACION DE SERVICIO QUINTO ANILLO S.R.L.,3018-UKU,Gasolina Especial +,GASOLINA_ESPECIAL_MAS,Ciudad,
2026-09-03,2026-09-03,True,False,Santa Cruz,DIESEL OIL IMPORTADO EESS,35000.0,L,ESTACION DE SERVICIO QUINTO ANILLO S.R.L.,558-XDK(1),Diesel Oil Importado,DIESEL_IMPORTADO,Ciudad,
2026-09-03,2026-09-03,True,False,Santa Cruz,GASOLINA ESPECIAL + (S/DSI),20000.0,L,ESTACION DE SERVICIO TOTAITU N&T S.R.L.,3598-NKD,Gasolina Especial +,GASOLINA_ESPECIAL_MAS,Ciudad,
2026-09-03,2026-09-03,True,False,Santa Cruz,DIESEL OIL IMPORTADO EESS,35000.0,L,ESTACION DE SERVICIO TOTAITU N&T S.R.L.,1029-ZIN,Diesel Oil Importado,DIESEL_IMPORTADO,Ciudad,
2026-09-03,2026-09-02,True,True,Santa Cruz,GASOLINA ESPECIAL + EESS,15000.0,L,ESTACION DE SERVICIO CONCEPCION SRL,4713-YZU,Gasolina Especial +,GASOLINA_ESPECIAL_MAS,Provincia,
2026-09-03,2026-09-02,True,True,Santa Cruz,GASOLINA ESPECIAL + EESS,20000.0,L,ESTACION DE SERVICIO VELEZ-HEBERTH VELEZ CORTEZ,2801-GAB,Gasolina Especial +,GASOLINA_ESPECIAL_MAS,Provincia,
2026-09-03,2026-09-02,True,True,Santa Cruz,GASOLINA ESPECIAL + EESS,15000.0,L,ESTACION DE SERVICIO COLINDRES-CARMEN MARY IRIARTE BARBA,1170-DFK,Gasolina Especial +,GASOLINA_ESPECIAL_MAS,Provincia,
2026-09-03,2026-09-02,True,True,Santa Cruz,DIESEL OIL NACIONAL EESS,20000.0,L,ESTACION DE SERVICIO COLINDRES-CARMEN MARY IRIARTE BARBA,1170-DFK,Diesel Oil Nacional,DIESEL_NACIONAL,Provincia,
2026-09-03,2026-09-03,True,False,Santa Cruz,GLP DISTRIB. 10 KILOS NAL,12040.0,L,DIST. GLP. ALTAMARGAS Juan Pablo Melgarejo Iriarte,1316-NUG,GLP,GLP,,
2026-09-03,2026-09-02,True,True,Santa Cruz,DIESEL OIL NACIONAL EESS,20000.0,L,ESTACION DE SERVICIO TIERRAS BAJAS SRL.,483-XYF,Diesel Oil Nacional,DIESEL_NACIONAL,Provincia,
2026-09-03,2026-09-03,True,False,Santa Cruz,GLP DISTRIB. 10 KILOS NAL,11220.0,L,DIST. GLP. ALTAMARGAS Juan Pablo Melgarejo Iriarte,1294-GFE,GLP,GLP,,
2026-09-03,2026-09-03,True,False,Santa Cruz,GLP DISTRIB. 45 KILOS NAL,4005.0,L,SOPESE S.R.L.,6393-FTT,GLP,GLP,,
2026-09-03,2026-09-03,True,False,Santa Cruz,GLP DISTRIB. 10 KILOS NAL,6120.0,L,SOPESE S.R.L.,578-IEC,GLP,GLP,,
2026-09-03,2026-09-02,True,True,Santa Cruz,DIESEL OIL NACIONAL EESS,20000.0,L,ESTACION DE SERVICIO CONCEPCION SRL,4713-YZU,Diesel Oil Nacional,DIESEL_NACIONAL,Provincia,
2026-09-03,2026-09-03,True,False,Santa Cruz,GLP DISTRIB. 45 KILOS NAL,3600.0,L,DIST. GLP. CRUCEÑITA VASA S.R.L.,3460-KTK,GLP,GLP,,
2026-09-03,2026-09-02,True,True,Santa Cruz,GASOLINA ESPECIAL + (S/DSI),10000.0,L,LAS PALMAS S.R.L.,967-HFA,Gasolina Especial +,GASOLINA_ESPECIAL_MAS,Ciudad,
2026-09-03,2026-09-02,True,True,Santa Cruz,DIESEL OIL NACIONAL EESS,30000.0,L,ESTACION DE SERVICIO EL BATO,1115-DLF,Diesel Oil Nacional,DIESEL_NACIONAL,Provincia,
2026-09-03,2026-09-02,True,True,Santa Cruz,DIESEL OIL NACIONAL EESS,25000.0,L,ESTACION DE SERVICIO SAYE S.R.L.,2079-FUL,Diesel Oil Nacional,DIESEL_NACIONAL,Provincia,
2026-09-03,2026-09-02,True,True,Santa Cruz,GASOLINA ESPECIAL + EESS,20000.0,L,ESTACION DE SERVICIO SAYE S.R.L.,4414-NAH,Gasolina Especial +,GASOLINA_ESPECIAL_MAS,Provincia,
2026-09-03,2026-09-02,True,True,Santa Cruz,GASOLINA ESPECIAL + EESS,20000.0,L,SURTIDOR LOS NEGROS - NERY TABOADA CONTRERAS,1871-FDS,Gasolina Especial +,GASOLINA_ESPECIAL_MAS,Provincia,
2026-09-03,2026-09-03,True,False,Santa Cruz,GLP DISTRIB. 10 KILOS NAL,12030.0,L,AGROGAS S.R.L.,547-ZXY,GLP,GLP,,
2026-09-03,2026-09-02,True,True,Santa Cruz,GASOLINA ESPECIAL + EESS,20000.0,L,ESTACION DE SERVICIO PAULINA S.R.L.,571-PDN,Gasolina Especial +,GASOLINA_ESPECIAL_MAS,Provincia,
2026-09-03,2026-09-02,True,True,Santa Cruz,DIESEL OIL NACIONAL EESS,10000.0,L,ESTACION DE SERVICIO GASOCONCE - ENRIQUE SERAFIN SUAREZ CASTEDO,1024-TNA,Diesel Oil Nacional,DIESEL_NACIONAL,Provincia,
2026-09-03,2026-09-02,True,True,Santa Cruz,DIESEL OIL NACIONAL EESS,20000.0,L,COMERCIALIZADORA DE HIDROCARBUROS ABJ S.R.L,6398-RNI,Diesel Oil Nacional,DIESEL_NACIONAL,Provincia,
2026-09-03,2026-09-03,True,False,Santa Cruz,GLP DISTRIB. 10 KILOS NAL,12150.0,L,DIST. GLP. VALLE GAS - Nancy Arteaga de Lazo,475-RHN,GLP,GLP,,
2026-09-03,2026-09-02,True,True,Santa Cruz,GLP DISTRIB. 10 KILOS NAL,2160.0,L,DIST. GLP. VALLE GAS - Nancy Arteaga de Lazo,3040-NGN,GLP,GLP,,
2026-09-03,2026-09-02,True,True,Santa Cruz,DIESEL OIL NACIONAL EESS,20000.0,L,SURTIDOR SANTIAGUITO - E. FABIOLA TORRICO C.,2483-HPX,Diesel Oil Nacional,DIESEL_NACIONAL,Provincia,
2026-09-03,2026-09-02,True,True,Santa Cruz,GASOLINA ESPECIAL + EESS,20000.0,L,D-GAS S.A. SUCURSAL SANTA CRUZ,2511-RLA,Gasolina Especial +,GASOLINA_ESPECIAL_MAS,Provincia,
2026-09-03,2026-09-02,True,True,Santa Cruz,DIESEL OIL NACIONAL EESS,30000.0,L,ESTACION DE SERVICIO FLORES-SIMONA FLORES FLORES,4004-BNK,Diesel Oil Nacional,DIESEL_NACIONAL,Provincia,
2026-09-03,2026-09-01,True,True,Santa Cruz,DIESEL OIL NACIONAL EESS,25000.0,L,ESTACION DE SERVICIO GASOCONCE - ENRIQUE SERAFIN SUAREZ CASTEDO,1024-TNA,Diesel Oil Nacional,DIESEL_NACIONAL,Provincia,
2026-09-03,2026-09-02,True,True,Santa Cruz,DIESEL OIL NACIONAL EESS,35000.0,L,ESTACION DE SERVICIO EL JUNTE-ALEJANDRA MARIEL BALCAZAR PAZ,1105-YXR,Diesel Oil Nacional,DIESEL_NACIONAL,Provincia,
2026-09-03,2026-09-02,True,True,Santa Cruz,GASOLINA ESPECIAL + EESS,25000.0,L,ESTACION DE SERVICIO CASCABEL SUC. CUATRO CAÑADAS-YOHANA PAOLA VACA GUZMAN,466-RYE,Gasolina Especial +,GASOLINA_ESPECIAL_MAS,Provincia,
2026-09-03,2026-09-02,True,True,Santa Cruz,GLP DISTRIB. 10 KILOS NAL,8870.0,L,SOPESE S.R.L.,5268-EKA,GLP,GLP,,
2026-09-03,2026-09-02,True,True,Santa Cruz,GLP DISTRIB. 45 KILOS NAL,4050.0,L,SOPESE S.R.L.,6393-FTT,GLP,GLP,,
2026-09-03,2026-09-01,True,True,Santa Cruz,GASOLINA ESPECIAL + EESS,15000.0,L,SURTIDOR SANTIAGUITO - E. FABIOLA TORRICO C.,2483-HPX,Gasolina Especial +,GASOLINA_ESPECIAL_MAS,Provincia,
2026-09-03,2026-09-01,True,True,Santa Cruz,GLP DISTRIB. 10 KILOS NAL,10530.0,L,COMARAPA GAS-ARMANDO LIJERON ROCA,3122-BUN,GLP,GLP,,
2026-09-03,2026-09-03,True,False,Santa Cruz,GLP DISTRIB. 10 KILOS NAL,9870.0,L,JYRL GAS - LOURDES MORALES DE QUIROZ,1892-EBR,GLP,GLP,,
2026-09-03,2026-09-01,True,True,Santa Cruz,DIESEL OIL IMPORTADO EESS,10000.0,L,"ESTACION DE SERVICIO ""GUAPAY"" S.R.L.",447-PSY,Diesel Oil Importado,DIESEL_IMPORTADO,Ciudad,
2026-09-03,2026-09-01,True,True,Santa Cruz,GLP DISTRIB. 45 KILOS NAL,2250.0,L,CARMEN R. MELGAREJO GONZALES - DIST. CENTRO GAS,6663-IUD,GLP,GLP,,
2026-09-03,2026-09-03,True,False,Santa Cruz,GLP DISTRIB. 10 KILOS NAL,6630.0,L,SOPESE S.R.L.,5741-ADC,GLP,GLP,,
2026-09-03,2026-09-03,True,False,Santa Cruz,GLP DISTRIB. 10 KILOS NAL,7090.0,L,CARMEN R. MELGAREJO GONZALES - DIST. CENTRO GAS,515-HGI,GLP,GLP,,
2026-09-03,2026-09-03,True,False,Santa Cruz,GLP DISTRIB. 10 KILOS NAL,2640.0,L,DIST. GLP. VALLE GAS - Nancy Arteaga de Lazo,3040-NGN,GLP,GLP,,
2026-09-03,2026-09-01,True,True,Santa Cruz,GLP DISTRIB. 45 KILOS NAL,4500.0,L,DIST. GLP. ALTAMARGAS Juan Pablo Melgarejo Iriarte,3586-ITS,GLP,GLP,,
2026-09-02,2026-09-02,True,False,Santa Cruz,GLP DISTRIB. 10 KILOS NAL,7830.0,L,DIST. GLP. CRUCEÑITA VASA S.R.L.,816-FTN,GLP,GLP,,
2026-09-02,2026-09-02,True,False,Santa Cruz,GLP DISTRIB. 10 KILOS NAL,10680.0,L,DIST.GLP.CAMPO GAS-ELSA FELICIDAD USCAMAYTA CHOQUE DE TAPIA,324 - TXH,GLP,GLP,,
2026-09-02,2026-09-02,True,False,Santa Cruz,GLP DISTRIB. 10 KILOS NAL,6910.0,L,DIST. GLP TURISMO GAS - JOSE FRANKLIN ORQUERA PAZ,1554-XYI,GLP,GLP,,
2026-09-02,2026-09-02,True,False,Santa Cruz,GLP DISTRIB. 10 KILOS NAL,6480.0,L,DIST. DE GLP EL CUMPITO-EMILIO ELIAS ROBLES SUMOYA,2302-GYK,GLP,GLP,,
2026-09-02,2026-09-02,True,False,Santa Cruz,GLP DISTRIB. 45 KILOS NAL,2250.0,L,CARMEN R. MELGAREJO GONZALES - DIST. CENTRO GAS,6663-IUD,GLP,GLP,,
2026-09-02,2026-09-02,True,False,Santa Cruz,GLP DISTRIB. 10 KILOS NAL,8130.0,L,SOPESE S.R.L.,578-IEC,GLP,GLP,,
2026-09-02,2026-09-02,True,False,Santa Cruz,GLP DISTRIB. 10 KILOS NAL,5940.0,L,DIST. GLP. MARY-MARIA ELENA TAPIA USCAMAITA,526-ZZY,GLP,GLP,,
2026-09-02,2026-09-02,True,False,Santa Cruz,GLP DISTRIB. 10 KILOS NAL,11840.0,L,DIST. GLP. ALTAMARGAS Juan Pablo Melgarejo Iriarte,1316-NUG,GLP,GLP,,
2026-09-02,2026-09-02,True,False,Santa Cruz,GLP DISTRIB. 10 KILOS NAL,11220.0,L,DIST. GLP. ALTAMARGAS Juan Pablo Melgarejo Iriarte,1294-GFE,GLP,GLP,,
2026-09-02,2026-09-02,True,False,Santa Cruz,GLP DISTRIB. 10 KILOS NAL,1530.0,L,CARMEN R. MELGAREJO GONZALES - DIST. CENTRO GAS,2832-PDP,GLP,GLP,,
2026-09-02,2026-09-02,True,False,Santa Cruz,GLP DISTRIB. 10 KILOS NAL,11520.0,L,CARMEN R. MELGAREJO GONZALES - DIST. CENTRO GAS,515-HGI,GLP,GLP,,
2026-09-02,2026-09-01,True,True,Santa Cruz,GLP DISTRIB. 10 KILOS NAL,5660.0,L,DIST. GLP. CRUCEÑITA VASA S.R.L.,816-FTN,GLP,GLP,,
2026-09-02,2026-09-01,True,True,Santa Cruz,GLP DISTRIB. 10 KILOS NAL,4720.0,L,DIST. GLP. MARY-MARIA ELENA TAPIA USCAMAITA,599-DIT,GLP,GLP,,
2026-09-02,2026-09-02,True,False,Santa Cruz,GLP DISTRIB. 10 KILOS NAL,12030.0,L,AGROGAS S.R.L.,547-ZXY,GLP,GLP,,
2026-09-02,2026-09-02,True,False,Santa Cruz,GLP DISTRIB. 10 KILOS NAL,10410.0,L,DIST. GLP. OSCAR GAS - Betty Maldonado,2443-ICK,GLP,GLP,,
2026-09-02,2026-09-01,True,True,Santa Cruz,GLP DISTRIB. 45 KILOS NAL,3600.0,L,DIST. GLP. ALTAMARGAS Juan Pablo Melgarejo Iriarte,3082-SBN,GLP,GLP,,
2026-09-02,2026-09-02,True,False,Santa Cruz,GLP DISTRIB. 10 KILOS NAL,1440.0,L,CTC-GAS,1860-YYY,GLP,GLP,,
2026-09-02,2026-09-01,True,True,Santa Cruz,GLP DISTRIB. 10 KILOS NAL,13200.0,L,JYRL GAS - LOURDES MORALES DE QUIROZ,302-HDB,GLP,GLP,,
2026-09-02,2026-09-02,True,False,Santa Cruz,GASOLINA ESPECIAL + (S/DSI),10000.0,L,GENEX S.A SUCURSAL SANTA CRUZ ZONA SANTA ROSA,1115-DLF,Gasolina Especial +,GASOLINA_ESPECIAL_MAS,Ciudad,
2026-09-02,2026-09-02,True,False,Santa Cruz,GASOLINA ESPECIAL + (S/DSI),20000.0,L,GENEX S.A SUCURSAL SANTA CRUZ ZONA ESTE,1115-DLF,Gasolina Especial +,GASOLINA_ESPECIAL_MAS,Ciudad,
2026-09-02,2026-09-02,True,False,Santa Cruz,GASOLINA ESPECIAL + (S/DSI),20000.0,L,COMPAÑIA COMERCIAL DE GAS COMPRIMIDO C.G.C. S.R.L.,2511-RLA,Gasolina Especial +,GASOLINA_ESPECIAL_MAS,Ciudad,
2026-09-02,2026-09-02,True,False,Santa Cruz,GASOLINA ESPECIAL + (S/DSI),20000.0,L,ESTACION DE SERVICIO DAVILA S.R.L.,1445-CDA,Gasolina Especial +,GASOLINA_ESPECIAL_MAS,Ciudad,
2026-09-02,2026-09-02,True,False,Santa Cruz,DIESEL OIL NACIONAL EESS,5000.0,L,SURTIDOR CHARAGUA,466-UHP,Diesel Oil Nacional,DIESEL_NACIONAL,Provincia,
2026-09-02,2026-09-02,True,False,Santa Cruz,GASOLINA ESPECIAL + CF,15000.0,L,FABARDI S.R.L.,5312-NXE,Gasolina Especial +,GASOLINA_ESPECIAL_MAS,,
2026-09-02,2026-09-02,True,False,Santa Cruz,DIESEL OIL IMPORTADO CF,19900.0,L,CHAJEMA S.R.L.,126-CTT,Diesel Oil Importado,DIESEL_IMPORTADO,,
2026-09-02,2026-09-02,True,False,Santa Cruz,DIESEL OIL IMPORTADO CF,19900.0,L,AGROPECUARIA POZO DEL TIGRE S.A,475-CBB,Diesel Oil Importado,DIESEL_IMPORTADO,,
2026-09-02,2026-09-02,True,False,Santa Cruz,DIESEL OIL IMPORTADO CF,10000.0,L,SAICOR S.R.L.,495-YPN,Diesel Oil Importado,DIESEL_IMPORTADO,,
2026-09-02,2026-09-02,True,False,Santa Cruz,DIESEL OIL IMPORTADO EESS,35000.0,L,SURTIDOR VARDONA - SUSANA POEHLMANN GARCIA,2855-ICG,Diesel Oil Importado,DIESEL_IMPORTADO,Ciudad,
2026-09-02,2026-09-02,True,False,Santa Cruz,DIESEL OIL IMPORTADO EESS,20000.0,L,VANGAS S.A,652-SRU,Diesel Oil Importado,DIESEL_IMPORTADO,Ciudad,
2026-09-02,2026-09-02,True,False,Santa Cruz,DIESEL OIL IMPORTADO EESS,10000.0,L,SURTIDOR EL PALMAR - DIONICIO CONDORI RODRIGUEZ,782-YPK,Diesel Oil Importado,DIESEL_IMPORTADO,Ciudad,
2026-09-02,2026-09-02,True,False,Santa Cruz,GASOLINA ESPECIAL + (S/DSI),15000.0,L,SURTIDOR EL PALMAR - DIONICIO CONDORI RODRIGUEZ,782-YPK,Gasolina Especial +,GASOLINA_ESPECIAL_MAS,Ciudad,
2026-09-02,2026-09-02,True,False,Santa Cruz,GASOLINA ESPECIAL + EESS,20000.0,L,ESTACION DE SERVICIO EL AGRICULTOR-CLAUDINA PILLCO LOZA,873-XBS,Gasolina Especial +,GASOLINA_ESPECIAL_MAS,Provincia,
2026-09-02,2026-09-02,True,False,Santa Cruz,DIESEL OIL NACIONAL EESS,20000.0,L,ESTACION DE SERVICIO EL AGRICULTOR-CLAUDINA PILLCO LOZA,2251-LZR,Diesel Oil Nacional,DIESEL_NACIONAL,Provincia,
2026-09-02,2026-09-02,True,False,Santa Cruz,GASOLINA ESPECIAL + (S/DSI),20000.0,L,ESTACION DE SERVICIO VERGARA - FABIOLA NOEMI ZORRILLO VERGARA,1184-YND,Gasolina Especial +,GASOLINA_ESPECIAL_MAS,Ciudad,
2026-09-02,2026-09-02,True,False,Santa Cruz,DIESEL OIL NACIONAL EESS,30000.0,L,ESTACION DE SERVICIO MINERO-JHONNY QUINTEROS VASQUEZ,5351-UAG,Diesel Oil Nacional,DIESEL_NACIONAL,Provincia,
2026-09-02,2026-09-02,True,False,Santa Cruz,DIESEL OIL NACIONAL EESS,30000.0,L,ESTACION DE SERVICIO EL TAJIBO OKINAWA,1122-SRR,Diesel Oil Nacional,DIESEL_NACIONAL,Provincia,
2026-09-02,2026-09-02,True,False,Santa Cruz,GASOLINA ESPECIAL + (S/DSI),10000.0,L,LAS PALMAS S.R.L.,967-HFA,Gasolina Especial +,GASOLINA_ESPECIAL_MAS,Ciudad,
2026-09-02,2026-09-02,True,False,Santa Cruz,DIESEL OIL IMPORTADO EESS,20000.0,L,ESTACION DE SERVICIO JOSE JALDIN S.R.L,2319-UPC,Diesel Oil Importado,DIESEL_IMPORTADO,Ciudad,
2026-09-02,2026-09-02,True,False,Santa Cruz,DIESEL OIL NACIONAL EESS,25000.0,L,ESTACION DE SERVICIO CARLOS ANDRES FI S.R.L.,1526-TEI,Diesel Oil Nacional,DIESEL_NACIONAL,Provincia,
2026-09-02,2026-09-02,True,False,Santa Cruz,DIESEL OIL NACIONAL EESS,25000.0,L,ESTACION DE SERVICIO EL BIBOSI MANANTIAL-LIMBERT JIMENEZ JALDIN,2014-TNN,Diesel Oil Nacional,DIESEL_NACIONAL,Provincia,
2026-09-02,2026-09-02,True,False,Santa Cruz,DIESEL OIL NACIONAL EESS,25000.0,L,SURTIDOR LOS NEGROS - NERY TABOADA CONTRERAS,1871-FDS,Diesel Oil Nacional,DIESEL_NACIONAL,Provincia,
2026-09-02,2026-09-02,True,False,Santa Cruz,GASOLINA ESPECIAL + (S/DSI),20000.0,L,ESTACION DE SERVICIO EL TERO TERO DE CHICHITA - RODRIGO REMY AQUINO ALVARADO,5312-NXE,Gasolina Especial +,GASOLINA_ESPECIAL_MAS,Ciudad,
2026-09-02,2026-09-02,True,False,Santa Cruz,DIESEL OIL NACIONAL EESS,25000.0,L,ESTACION DE SERVICIO PAULINA S.R.L.,130-TKT,Diesel Oil Nacional,DIESEL_NACIONAL,Provincia,
2026-09-02,2026-09-02,True,False,Santa Cruz,DIESEL OIL IMPORTADO EESS,25000.0,L,SERVICIOS GENERALES LA CAÑADA S.R.L.,2215-HBF,Diesel Oil Importado,DIESEL_IMPORTADO,Ciudad,
2026-09-02,2026-09-02,True,False,Santa Cruz,GASOLINA ESPECIAL + (S/DSI),20000.0,L,SERVICIOS GENERALES LA CAÑADA S.R.L.,2215-HBF,Gasolina Especial +,GASOLINA_ESPECIAL_MAS,Ciudad,
2026-09-02,2026-09-02,True,False,Santa Cruz,DIESEL OIL NACIONAL EESS,20000.0,L,ESTACION DE SERVICIO GASCAR S.R.L.,5342-KHY,Diesel Oil Nacional,DIESEL_NACIONAL,Provincia,
2026-09-02,2026-09-02,True,False,Santa Cruz,GASOLINA ESPECIAL + (S/DSI),15000.0,L,ESTACION DE SERVICIO 3F OIL S.R.L.,953-UFL,Gasolina Especial +,GASOLINA_ESPECIAL_MAS,Ciudad,
2026-09-02,2026-09-02,True,False,Santa Cruz,DIESEL OIL NACIONAL EESS,25000.0,L,"EE.SS. COOP. DE SERVICIOS PUBLICOS DE AGUA POTABLE Y ALCANTARILLADO ""MONTES CLAROS"" R.L.",3134-RAX,Diesel Oil Nacional,DIESEL_NACIONAL,Provincia,
2026-09-02,2026-09-02,True,False,Santa Cruz,GASOLINA ESPECIAL + EESS,20000.0,L,"ESTACION DE SERVICIO ""S.J"" S.R.L.",3598-KXG,Gasolina Especial +,GASOLINA_ESPECIAL_MAS,Provincia,
2026-09-02,2026-09-02,True,False,Santa Cruz,DIESEL OIL NACIONAL EESS,30000.0,L,ESTACION DE SERVICIO LOS BIBOSIS S.R.L.,5631-AZA,Diesel Oil Nacional,DIESEL_NACIONAL,Provincia,
2026-09-02,2026-09-02,True,False,Santa Cruz,DIESEL OIL NACIONAL EESS,20000.0,L,ESTACION DE SERVICIO MIRANDA S.R.L.,2522-BEF,Diesel Oil Nacional,DIESEL_NACIONAL,Provincia,
2026-09-02,2026-09-02,True,False,Santa Cruz,GASOLINA ESPECIAL + EESS,20000.0,L,ESTACION DE SERVICIO LOS BIBOSIS S.R.L.,5631-AZA,Gasolina Especial +,GASOLINA_ESPECIAL_MAS,Provincia,
2026-09-02,2026-09-02,True,False,Santa Cruz,DIESEL OIL NACIONAL EESS,25000.0,L,ESTACION DE SERVICIO EL MIRADOR - SONIA SORUCO ROCA,5204-RAS,Diesel Oil Nacional,DIESEL_NACIONAL,Provincia,
2026-09-02,2026-09-02,True,False,Santa Cruz,GASOLINA ESPECIAL + EESS,5000.0,L,ESTACION DE SERVICIO EL MIRADOR - SONIA SORUCO ROCA,5204-RAS,Gasolina Especial +,GASOLINA_ESPECIAL_MAS,Provincia,
2026-09-02,2026-09-02,True,False,Santa Cruz,DIESEL OIL NACIONAL EESS,25000.0,L,ESTACION DE SERVICIO ARACATACA,2150-INT,Diesel Oil Nacional,DIESEL_NACIONAL,Provincia,
2026-09-02,2026-09-02,True,False,Santa Cruz,DIESEL OIL NACIONAL EESS,25000.0,L,ESTACION DE SERVICIO SUR SRL-SUCURSAL 4,5297-HAT,Diesel Oil Nacional,DIESEL_NACIONAL,Provincia,
2026-09-02,2026-09-02,True,False,Santa Cruz,GASOLINA ESPECIAL + (S/DSI),15000.0,L,VANGAS S.A,1166-FCU,Gasolina Especial +,GASOLINA_ESPECIAL_MAS,Ciudad,
2026-09-02,2026-09-02,True,False,Santa Cruz,GASOLINA ESPECIAL + EESS,20000.0,L,COMPAÑIA COMERCIALIZADORA BOLIVIANA DE HIDROCARBUROS CONFI S.R.L.,5297-DNG,Gasolina Especial +,GASOLINA_ESPECIAL_MAS,Provincia,
2026-09-02,2026-09-02,True,False,Santa Cruz,DIESEL OIL NACIONAL EESS,25000.0,L,ESTACION DE SERVICIO AGUAI S.R.L.,1487-PDD,Diesel Oil Nacional,DIESEL_NACIONAL,Provincia,
2026-09-02,2026-09-02,True,False,Santa Cruz,DIESEL OIL IMPORTADO EESS,10000.0,L,ESTACION DE SERVICIO EL TROMPILLO,878-ENK,Diesel Oil Importado,DIESEL_IMPORTADO,Ciudad,
2026-09-02,2026-09-02,True,False,Santa Cruz,DIESEL OIL IMPORTADO EESS,15000.0,L,ESTACION DE SERVICIO EL TROMPILLO,1285-UKF,Diesel Oil Importado,DIESEL_IMPORTADO,Ciudad,
2026-09-02,2026-09-02,True,False,Santa Cruz,GASOLINA ESPECIAL + (S/DSI),20000.0,L,ESTACION DE SERVICIO EL TROMPILLO,1166-FCU,Gasolina Especial +,GASOLINA_ESPECIAL_MAS,Ciudad,
2026-09-02,2026-09-02,True,False,Santa Cruz,GASOLINA ESPECIAL + EESS,20000.0,L,JARAJORECHI S.R.L.,652-SRU,Gasolina Especial +,GASOLINA_ESPECIAL_MAS,Provincia,
2026-09-02,2026-09-02,True,False,Santa Cruz,GASOLINA ESPECIAL + (S/DSI),20000.0,L,SURTIDOR VARDONA - SUSANA POEHLMANN GARCIA,475-CBB,Gasolina Especial +,GASOLINA_ESPECIAL_MAS,Ciudad,
2026-09-02,2026-09-02,True,False,Santa Cruz,GASOLINA ESPECIAL + (S/DSI),20000.0,L,Z & Z LTDA,2319-UPC,Gasolina Especial +,GASOLINA_ESPECIAL_MAS,Ciudad,
2026-09-02,2026-09-02,True,False,Santa Cruz,DIESEL OIL IMPORTADO EESS,20000.0,L,GENEX S.A-SUCURSAL S.C ZONA GUARACACHI,1285-UKF,Diesel Oil Importado,DIESEL_IMPORTADO,Ciudad,
2026-09-02,2026-09-02,True,False,Santa Cruz,GASOLINA ESPECIAL + EESS,20000.0,L,ESTACION DE SERVICIO PORTACHUELO LTDA,599-AEA,Gasolina Especial +,GASOLINA_ESPECIAL_MAS,Provincia,
2026-09-02,2026-09-02,True,False,Santa Cruz,DIESEL OIL IMPORTADO EESS,10000.0,L,CIA BOLIVIANA DE GAS NATURAL COMPRIMIDO GENEX SA,878-ENK,Diesel Oil Importado,DIESEL_IMPORTADO,Ciudad,
2026-09-02,2026-09-02,True,False,Santa Cruz,GASOLINA ESPECIAL + EESS,20000.0,L,GOTEON S.R.L.,453-IYH,Gasolina Especial +,GASOLINA_ESPECIAL_MAS,Provincia,
2026-09-02,2026-09-02,True,False,Santa Cruz,GASOLINA ESPECIAL + (S/DSI),20000.0,L,GENEX S.A-SUCURSAL S.C ZONA GUARACACHI,1285-UKF,Gasolina Especial +,GASOLINA_ESPECIAL_MAS,Ciudad,
2026-09-02,2026-09-02,True,False,Santa Cruz,GASOLINA ESPECIAL + EESS,20000.0,L,ESTACION DE SERVICIO LA GUARDIA,1803-YHK,Gasolina Especial +,GASOLINA_ESPECIAL_MAS,Provincia,
2026-09-02,2026-09-02,True,False,Santa Cruz,GASOLINA ESPECIAL + (S/DSI),10000.0,L,GENEX S.A. SUCURSAL ZONA NOR ESTE,1115-DLF,Gasolina Especial +,GASOLINA_ESPECIAL_MAS,Ciudad,
2026-09-02,2026-09-02,True,False,Santa Cruz,GASOLINA ESPECIAL + (S/DSI),20000.0,L,GENEX S.A SUCURSAL S.C ZONA GUALBERTO VILLARROEL,1115-DLF,Gasolina Especial +,GASOLINA_ESPECIAL_MAS,Ciudad,
2026-09-02,2026-09-02,True,False,Santa Cruz,GASOLINA ESPECIAL + (S/DSI),20000.0,L,GENEX S.A SUCURSAL SANTA CRUZ ZONA LA RAMADA,863-XYY,Gasolina Especial +,GASOLINA_ESPECIAL_MAS,Ciudad,
2026-09-02,2026-09-02,True,False,Santa Cruz,GASOLINA ESPECIAL + (S/DSI),20000.0,L,CIA BOLIVIANA DE GAS NATURAL COMPRIMIDO GENEX SA,851-SLG,Gasolina Especial +,GASOLINA_ESPECIAL_MAS,Ciudad,
2026-09-02,2026-09-02,True,False,Santa Cruz,DIESEL OIL NACIONAL EESS,20000.0,L,ESTACION DE SERVICIO SAN SALVADOR - SILVIA VARGAS CRESPO,2382-TSC,Diesel Oil Nacional,DIESEL_NACIONAL,Provincia,
2026-09-02,2026-09-02,True,False,Santa Cruz,DIESEL OIL IMPORTADO EESS,20000.0,L,ESTACION DE SERVICIO VERGARA - FABIOLA NOEMI ZORRILLO VERGARA,1184-YND,Diesel Oil Importado,DIESEL_IMPORTADO,Ciudad,
2026-09-02,2026-09-02,True,False,Santa Cruz,DIESEL OIL NACIONAL EESS,25000.0,L,ESTACION DE SERVICIO MINERO-JHONNY QUINTEROS VASQUEZ,1176-UST,Diesel Oil Nacional,DIESEL_NACIONAL,Provincia,
2026-09-02,2026-09-02,True,False,Santa Cruz,GASOLINA ESPECIAL + (S/DSI),20000.0,L,ESTACION DE SERVICIO SAN LUIS,244-ANI,Gasolina Especial +,GASOLINA_ESPECIAL_MAS,Ciudad,
2026-09-02,2026-09-02,True,False,Santa Cruz,GASOLINA ESPECIAL + EESS,20000.0,L,ESTACION DE SERVICIO SAN JAVIER-MARISOL NEGRETE AGUIRRE,379-LRR,Gasolina Especial +,GASOLINA_ESPECIAL_MAS,Provincia,
2026-09-02,2026-09-02,True,False,Santa Cruz,GASOLINA ESPECIAL + EESS,20000.0,L,SURTIDOR ACIPA - SJ S.R.L.,5247-XTG,Gasolina Especial +,GASOLINA_ESPECIAL_MAS,Provincia,
2026-09-02,2026-09-02,True,False,Santa Cruz,GASOLINA ESPECIAL + (S/DSI),10000.0,L,CENTRO DE COMERCIO Y SERVICIOS VALDIVIA FERRUFINO S.R.L.,2330-NLD,Gasolina Especial +,GASOLINA_ESPECIAL_MAS,Ciudad,
2026-09-02,2026-09-02,True,False,Santa Cruz,DIESEL OIL IMPORTADO EESS,25000.0,L,ESTACION DE SERVICIO SAN LUIS I,543-PUY,Diesel Oil Importado,DIESEL_IMPORTADO,Ciudad,
2026-09-02,2026-09-02,True,False,Santa Cruz,GASOLINA ESPECIAL + (S/DSI),10000.0,L,ESTACION DE SERVICIO EMANUEL S.R.L.,2330-NLD,Gasolina Especial +,GASOLINA_ESPECIAL_MAS,Ciudad,
2026-09-02,2026-09-02,True,False,Santa Cruz,GASOLINA ESPECIAL + EESS,10000.0,L,ESTACION DE SERVICIO EUSE CRUZ,869-TZE,Gasolina Especial +,GASOLINA_ESPECIAL_MAS,Provincia,
2026-09-02,2026-09-02,True,False,Santa Cruz,DIESEL OIL NACIONAL EESS,35000.0,L,SURTIDOR ACIPA - SJ S.R.L.,6475-PAS,Diesel Oil Nacional,DIESEL_NACIONAL,Provincia,
2026-09-02,2026-09-02,True,False,Santa Cruz,DIESEL OIL NACIONAL EESS,25000.0,L,ESTACION DE SERVICIO TORRIAYALA S.R.L.,1066-TLK,Diesel Oil Nacional,DIESEL_NACIONAL,Provincia,
2026-09-02,2026-09-02,True,False,Santa Cruz,DIESEL OIL IMPORTADO EESS,30000.0,L,ESTACION DE SERVICIOS VIRGEN DE COTOCA S.R.L.,1174-GCP,Diesel Oil Importado,DIESEL_IMPORTADO,Ciudad,
2026-09-02,2026-09-02,True,False,Santa Cruz,GASOLINA ESPECIAL + (S/DSI),20000.0,L,ESTACION DE SERVICIOS VIRGEN DE COTOCA S.R.L.,3850-ANL,Gasolina Especial +,GASOLINA_ESPECIAL_MAS,Ciudad,
2026-09-02,2026-09-02,True,False,Santa Cruz,DIESEL OIL NACIONAL EESS,20000.0,L,ESTACION DE SERVICIO RUTA NORTE S.R.L.,3589-UKG,Diesel Oil Nacional,DIESEL_NACIONAL,Provincia,
2026-09-02,2026-09-02,True,False,Santa Cruz,DIESEL OIL NACIONAL EESS,25000.0,L,ESTACION DE SERVICIO LA CUEVA - ROLANDO CHAVEZ VACA,1176-SCT,Diesel Oil Nacional,DIESEL_NACIONAL,Provincia,
2026-09-02,2026-09-02,True,False,Santa Cruz,GASOLINA ESPECIAL + EESS,15000.0,L,ESTACION DE SERVICIO EL MIRADOR - SONIA SORUCO ROCA,4803-IRB,Gasolina Especial +,GASOLINA_ESPECIAL_MAS,Provincia,
2026-09-02,2026-09-02,True,False,Santa Cruz,GASOLINA ESPECIAL + EESS,20000.0,L,ESTACION DE SERVICIO LA CUEVA - ROLANDO CHAVEZ VACA,4803-IRB,Gasolina Especial +,GASOLINA_ESPECIAL_MAS,Provincia,
2026-09-02,2026-09-02,True,False,Santa Cruz,DIESEL OIL NACIONAL EESS,20000.0,L,ESTACION DE SERVICIO JATUMPAMPA SRL,2858-XHR,Diesel Oil Nacional,DIESEL_NACIONAL,Provincia,
2026-09-02,2026-09-02,True,False,Santa Cruz,DIESEL OIL IMPORTADO EESS,10000.0,L,GAS DEL ESTE S.R.L.,622-IUN,Diesel Oil Importado,DIESEL_IMPORTADO,Ciudad,
2026-09-02,2026-09-02,True,False,Santa Cruz,GASOLINA ESPECIAL + (S/DSI),20000.0,L,"EMPRESA DAVILA IMPORTADORA-EXPORTADORA S.R.L. ""DAIMPORT - EXPORT LTDA""",846-IXK,Gasolina Especial +,GASOLINA_ESPECIAL_MAS,Ciudad,
2026-09-02,2026-09-02,True,False,Santa Cruz,DIESEL OIL NACIONAL EESS,25000.0,L,TARIFA S.R.L.,5314-TZK,Diesel Oil Nacional,DIESEL_NACIONAL,Provincia,
2026-09-02,2026-09-02,True,False,Santa Cruz,DIESEL OIL IMPORTADO EESS,20000.0,L,"EMPRESA DAVILA IMPORTADORA-EXPORTADORA S.R.L. ""DAIMPORT - EXPORT LTDA""",1383-DKA,Diesel Oil Importado,DIESEL_IMPORTADO,Ciudad,
2026-09-02,2026-09-02,True,False,Santa Cruz,DIESEL OIL IMPORTADO EESS,20000.0,L,EMPRESA DE SERVICIOS 8 DE NOVIEMBRE LTDA.,1831-SEK,Diesel Oil Importado,DIESEL_IMPORTADO,Ciudad,
2026-09-02,2026-09-02,True,False,Santa Cruz,GASOLINA ESPECIAL + (S/DSI),15000.0,L,EMPRESA DE SERVICIOS 8 DE NOVIEMBRE LTDA.,1831-SEK,Gasolina Especial +,GASOLINA_ESPECIAL_MAS,Ciudad,
2026-09-02,2026-09-02,True,False,Santa Cruz,DIESEL OIL NACIONAL EESS,35000.0,L,ESTACION DE SERVICIO SAN JOSE DE YAPACANI S.R.L.,1488-SXU,Diesel Oil Nacional,DIESEL_NACIONAL,Provincia,
2026-09-02,2026-09-02,True,False,Santa Cruz,GASOLINA ESPECIAL + EESS,15000.0,L,PARTICIPACIONES E INVERSIONES EN GAS - PIGAS S.A.,1169-YKS,Gasolina Especial +,GASOLINA_ESPECIAL_MAS,Provincia,
2026-09-02,2026-09-02,True,False,Santa Cruz,DIESEL OIL NACIONAL EESS,20000.0,L,PARTICIPACIONES E INVERSIONES EN GAS - PIGAS S.A.,1169-YKS,Diesel Oil Nacional,DIESEL_NACIONAL,Provincia,
2026-09-02,2026-09-02,True,False,Santa Cruz,GASOLINA ESPECIAL + (S/DSI),20000.0,L,R&E 3000 S.R.L.,1197-ATI,Gasolina Especial +,GASOLINA_ESPECIAL_MAS,Ciudad,
2026-09-02,2026-09-02,True,False,Santa Cruz,DIESEL OIL IMPORTADO EESS,25000.0,L,ESTACION DE SERVICIO SAN LUIS,244-ANI,Diesel Oil Importado,DIESEL_IMPORTADO,Ciudad,
2026-09-02,2026-09-02,True,False,Santa Cruz,GASOLINA ESPECIAL + (S/DSI),19800.0,L,ESTACION DE SERVICIO URBARI SRL,375-KIH,Gasolina Especial +,GASOLINA_ESPECIAL_MAS,Ciudad,
2026-09-02,2026-09-02,True,False,Santa Cruz,DIESEL OIL NACIONAL EESS,20000.0,L,D-GAS S.A. SUCURSAL SANTA CRUZ,2511-RLA,Diesel Oil Nacional,DIESEL_NACIONAL,Provincia,
2026-09-02,2026-09-02,True,False,Santa Cruz,GASOLINA ESPECIAL + (S/DSI),20000.0,L,ESTACION DE SERVICIO MONTAÑO S.R.L.,1062-SLY,Gasolina Especial +,GASOLINA_ESPECIAL_MAS,Ciudad,
2026-09-02,2026-09-02,True,False,Santa Cruz,DIESEL OIL NACIONAL EESS,25000.0,L,ESTACION DE SERVICIO VALLES CRUCEÑOS,1100-GFG,Diesel Oil Nacional,DIESEL_NACIONAL,Provincia,
2026-09-02,2026-09-02,True,False,Santa Cruz,DIESEL OIL IMPORTADO EESS,20000.0,L,COMPAÑIA COMERCIAL DE GAS COMPRIMIDO C.G.C. S.R.L.,2511-RLA,Diesel Oil Importado,DIESEL_IMPORTADO,Ciudad,
2026-09-02,2026-09-02,True,False,Santa Cruz,GASOLINA ESPECIAL + (S/DSI),20000.0,L,ESTACION DE SERVICIO ELISA S.R.L.,2291-ATI,Gasolina Especial +,GASOLINA_ESPECIAL_MAS,Ciudad,
2026-09-02,2026-09-02,True,False,Santa Cruz,DIESEL OIL IMPORTADO EESS,30000.0,L,ESTACION DE SERVICIO MONTAÑO S.R.L.,3031-PAN,Diesel Oil Importado,DIESEL_IMPORTADO,Ciudad,
2026-09-02,2026-09-02,True,False,Santa Cruz,DIESEL OIL IMPORTADO EESS,30000.0,L,ESTACION DE SERVICIO ELISA S.R.L.,5351-UAG,Diesel Oil Importado,DIESEL_IMPORTADO,Ciudad,
2026-09-02,2026-09-02,True,False,Santa Cruz,GASOLINA ESPECIAL + EESS,20000.0,L,ESTACION DE SERVICIO MACONDO,1094-EIF,Gasolina Especial +,GASOLINA_ESPECIAL_MAS,Provincia,
2026-09-02,2026-09-02,True,False,Santa Cruz,DIESEL OIL NACIONAL EESS,25000.0,L,ESTACION DE SERVICIO MACONDO,1074-IHH,Diesel Oil Nacional,DIESEL_NACIONAL,Provincia,
2026-09-02,2026-09-02,True,False,Santa Cruz,DIESEL OIL NACIONAL EESS,20000.0,L,ESTACION DE SERVICIO CHANE,399-LZN,Diesel Oil Nacional,DIESEL_NACIONAL,Provincia,
2026-09-02,2026-09-02,True,False,Santa Cruz,DIESEL OIL NACIONAL EESS,5000.0,L,ESTACION DE SERVICIO CHANE,1074-IHH,Diesel Oil Nacional,DIESEL_NACIONAL,Provincia,
2026-09-02,2026-09-02,True,False,Santa Cruz,DIESEL OIL IMPORTADO EESS,5000.0,L,ESTACION DE SERVICIO DICOR S.R.L.,583-PTR,Diesel Oil Importado,DIESEL_IMPORTADO,Ciudad,
2026-09-02,2026-09-02,True,False,Santa Cruz,DIESEL OIL NACIONAL EESS,20000.0,L,ESTACION DE SERVICIO DURAZNERO-DANA FLORES DAVALOS,2182-HII,Diesel Oil Nacional,DIESEL_NACIONAL,Provincia,
2026-09-02,2026-09-02,True,False,Santa Cruz,DIESEL OIL NACIONAL EESS,20000.0,L,ESTACION DE SERVICIO DANA S.R.L.,5638-CXH,Diesel Oil Nacional,DIESEL_NACIONAL,Provincia,
2026-09-02,2026-09-02,True,False,Santa Cruz,GASOLINA ESPECIAL + (S/DSI),20000.0,L,ESTACION DE SERVICIO EL ARROYO S.R.L.,1299-GNA,Gasolina Especial +,GASOLINA_ESPECIAL_MAS,Ciudad,
2026-09-02,2026-09-02,True,False,Santa Cruz,GASOLINA ESPECIAL + (S/DSI),15000.0,L,ESTACION DE SERVICIO LOS COYUYOS-JULIA GONZALES,3994-CKU,Gasolina Especial +,GASOLINA_ESPECIAL_MAS,Ciudad,
2026-09-02,2026-09-02,True,False,Santa Cruz,DIESEL OIL IMPORTADO EESS,10000.0,L,ESTACION DE SERVICIO EL ARROYO S.R.L.,1299-GNA,Diesel Oil Importado,DIESEL_IMPORTADO,Ciudad,
2026-09-02,2026-09-02,True,False,Santa Cruz,GASOLINA ESPECIAL + (S/DSI),20000.0,L,ESTACION DE SERVICIO TRES PASOS AL FRENTE - VITALIANO ROJAS OLIVERA,2024-CIX,Gasolina Especial +,GASOLINA_ESPECIAL_MAS,Ciudad,
2026-09-02,2026-09-02,True,False,Santa Cruz,GASOLINA ESPECIAL + EESS,20000.0,L,ESTACION DE SERVICIO EL TAJIBO OKINAWA,2338-GRG,Gasolina Especial +,GASOLINA_ESPECIAL_MAS,Provincia,
2026-09-02,2026-09-01,True,True,Santa Cruz,DIESEL OIL IMPORTADO EESS,20000.0,L,GENEX S.A-SUCURSAL S.C ZONA GUARACACHI,1166-FCU,Diesel Oil Importado,DIESEL_IMPORTADO,Ciudad,
2026-09-02,2026-09-01,True,True,Santa Cruz,GASOLINA ESPECIAL + (S/DSI),20000.0,L,GENEX S.A-SUCURSAL S.C ZONA GUARACACHI,863-XYY,Gasolina Especial +,GASOLINA_ESPECIAL_MAS,Ciudad,
2026-09-02,2026-09-02,True,False,Santa Cruz,GASOLINA ESPECIAL + EESS,20000.0,L,ABERI SRL,1408-PLU,Gasolina Especial +,GASOLINA_ESPECIAL_MAS,Provincia,
2026-09-02,2026-09-02,True,False,Santa Cruz,DIESEL OIL IMPORTADO EESS,30000.0,L,ESTACION DE SERVICIO GUAYACAN S.R.L.,294-PHT,Diesel Oil Importado,DIESEL_IMPORTADO,Ciudad,
2026-09-02,2026-09-02,True,False,Santa Cruz,GASOLINA ESPECIAL + (S/DSI),20000.0,L,ESTACION DE SERVICIO GUAYACAN S.R.L.,727-YTY,Gasolina Especial +,GASOLINA_ESPECIAL_MAS,Ciudad,
2026-09-02,2026-09-02,True,False,Santa Cruz,GASOLINA ESPECIAL + (S/DSI),20000.0,L,ESTACION DE SERVICIO REYNALDO CORTEZ QUISPE,5342-KHY,Gasolina Especial +,GASOLINA_ESPECIAL_MAS,Ciudad,
2026-09-02,2026-09-02,True,False,Santa Cruz,DIESEL OIL IMPORTADO EESS,20000.0,L,ESTACION DE SERVICIO LOS COYUYOS-JULIA GONZALES,3994-CKU,Diesel Oil Importado,DIESEL_IMPORTADO,Ciudad,
2026-09-02,2026-09-02,True,False,Santa Cruz,DIESEL OIL IMPORTADO EESS,25000.0,L,ESTACION DE SERVICIO REYNALDO CORTEZ QUISPE,5312-NXE,Diesel Oil Importado,DIESEL_IMPORTADO,Ciudad,
2026-09-02,2026-09-02,True,False,Santa Cruz,GASOLINA ESPECIAL + (S/DSI),5000.0,L,ESTACION DE SERVICIO SANTA MARIA,1044-PLP,Gasolina Especial +,GASOLINA_ESPECIAL_MAS,Ciudad,
2026-09-02,2026-09-02,True,False,Santa Cruz,GASOLINA ESPECIAL + (S/DSI),15000.0,L,ESTACION DE SERVICIO SANTA MARIA,1044-PLP,Gasolina Especial +,GASOLINA_ESPECIAL_MAS,Ciudad,
2026-09-02,2026-09-02,True,False,Santa Cruz,GASOLINA ESPECIAL + (S/DSI),20000.0,L,ESTACION DE SERVICIO PALMASOLA,1044-PLP,Gasolina Especial +,GASOLINA_ESPECIAL_MAS,Ciudad,
2026-09-02,2026-09-02,True,False,Santa Cruz,DIESEL OIL IMPORTADO EESS,25000.0,L,ESTACION DE SERVICIO PALMASOLA,1044-PLP,Diesel Oil Importado,DIESEL_IMPORTADO,Ciudad,
2026-09-02,2026-09-02,True,False,Santa Cruz,DIESEL OIL IMPORTADO EESS,30000.0,L,ESTACION DE SERVICIO EMANUEL S.R.L.,332-NTN,Diesel Oil Importado,DIESEL_IMPORTADO,Ciudad,
2026-09-02,2026-09-01,True,True,Santa Cruz,GASOLINA ESPECIAL + (S/DSI),15000.0,L,GAS DEL ESTE S.R.L.,622-IUN,Gasolina Especial +,GASOLINA_ESPECIAL_MAS,Ciudad,
2026-09-02,2026-09-02,True,False,Santa Cruz,DIESEL OIL IMPORTADO EESS,20000.0,L,ESTACION DE SERVICIO TRES PASOS AL FRENTE - VITALIANO ROJAS OLIVERA,5002-IBN,Diesel Oil Importado,DIESEL_IMPORTADO,Ciudad,
2026-09-02,2026-09-02,True,False,Santa Cruz,DIESEL OIL IMPORTADO EESS,10000.0,L,ESTACION DE SERVICIO LA CIMA,297-ACK,Diesel Oil Importado,DIESEL_IMPORTADO,Ciudad,
2026-09-02,2026-09-02,True,False,Santa Cruz,GASOLINA ESPECIAL + (S/DSI),19900.0,L,ESTACION DE SERVICIO LA CIMA,297-ACK,Gasolina Especial +,GASOLINA_ESPECIAL_MAS,Ciudad,
2026-09-02,2026-09-02,True,False,Santa Cruz,GASOLINA ESPECIAL + (S/DSI),20000.0,L,GASCO S.R.L.,514-HHE,Gasolina Especial +,GASOLINA_ESPECIAL_MAS,Ciudad,
2026-09-02,2026-09-02,True,False,Santa Cruz,DIESEL OIL IMPORTADO EESS,20000.0,L,ESTACION DE SERVICIO PIRAI S.R.L. SUC. DOBLE VIA LA GUARDIA ESQ. OCTAVO ANILLO,1999-CDP,Diesel Oil Importado,DIESEL_IMPORTADO,Ciudad,
2026-09-02,2026-09-02,True,False,Santa Cruz,DIESEL OIL NACIONAL EESS,25000.0,L,ESTACION DE SERVICIO PIRAI S.R.L. SUCURSAL 1,4530-FIY,Diesel Oil Nacional,DIESEL_NACIONAL,Provincia,
2026-09-02,2026-09-02,True,False,Santa Cruz,GASOLINA ESPECIAL + (S/DSI),20000.0,L,ESTACION DE SERVICIO PIRAI S.R.L. SUC. DOBLE VIA LA GUARDIA ESQ. OCTAVO ANILLO,437-KYY,Gasolina Especial +,GASOLINA_ESPECIAL_MAS,Ciudad,
2026-09-02,2026-09-02,True,False,Santa Cruz,GASOLINA ESPECIAL + (S/DSI),5000.0,L,ESTACION DE SERVICIO PIRAI S.R.L.,4530-FIY,Gasolina Especial +,GASOLINA_ESPECIAL_MAS,Ciudad,
2026-09-02,2026-09-02,True,False,Santa Cruz,GASOLINA ESPECIAL + (S/DSI),15000.0,L,ESTACION DE SERVICIO PIRAI S.R.L.,437-KYY,Gasolina Especial +,GASOLINA_ESPECIAL_MAS,Ciudad,
2026-09-02,2026-09-02,True,False,Santa Cruz,GASOLINA ESPECIAL + EESS,20000.0,L,SURTIDOR EL PATUJU - ROGELIO LA FUENTE OLIVERA,1330-AEN,Gasolina Especial +,GASOLINA_ESPECIAL_MAS,Provincia,
2026-09-02,2026-09-02,True,False,Santa Cruz,DIESEL OIL IMPORTADO EESS,30000.0,L,ESTACION DE SERVICIO RADIAL 10 - HUGO FLORERO ORELLANA,948-PYS,Diesel Oil Importado,DIESEL_IMPORTADO,Ciudad,
2026-09-02,2026-09-02,True,False,Santa Cruz,GASOLINA ESPECIAL + (S/DSI),10000.0,L,ESTACION DE SERVICIO RADIAL 10 - HUGO FLORERO ORELLANA,948-PYS,Gasolina Especial +,GASOLINA_ESPECIAL_MAS,Ciudad,
2026-09-02,2026-09-02,True,False,Santa Cruz,DIESEL OIL NACIONAL EESS,30000.0,L,ESTACION DE SERVICIO SUR S.R.L. SUCURSAL MONTE VERDE,1095-ZCK,Diesel Oil Nacional,DIESEL_NACIONAL,Provincia,
2026-09-02,2026-09-02,True,False,Santa Cruz,DIESEL OIL NACIONAL EESS,30000.0,L,ESTACION DE SERVICIO ARNEZ - LUIS ARNEZ ONOFRE,2995-XGK,Diesel Oil Nacional,DIESEL_NACIONAL,Provincia,
2026-09-02,2026-09-02,True,False,Santa Cruz,DIESEL OIL IMPORTADO EESS,10000.0,L,ESTACION DE SERVICIO TRES PASOS AL FRENTE - VITALIANO ROJAS OLIVERA,5002-IBN,Diesel Oil Importado,DIESEL_IMPORTADO,Ciudad,
2026-09-02,2026-09-02,True,False,Santa Cruz,DIESEL OIL IMPORTADO EESS,20000.0,L,ESTACION DE SERVICIO SUR S.R.L.-SUCURSAL ESTACION DE SERVICIO LA TECA,825-ATI,Diesel Oil Importado,DIESEL_IMPORTADO,Ciudad,
2026-09-02,2026-09-02,True,False,Santa Cruz,DIESEL OIL IMPORTADO EESS,20000.0,L,ESTACION DE SERVICIO SUR SRL SUCURSAL 3,1493-PDD,Diesel Oil Importado,DIESEL_IMPORTADO,Ciudad,
2026-09-02,2026-09-02,True,False,Santa Cruz,DIESEL OIL IMPORTADO EESS,5000.0,L,ESTACION DE SERVICIO SUR S.R.L. SUCURSAL 2,1388-TGA,Diesel Oil Importado,DIESEL_IMPORTADO,Ciudad,
2026-09-02,2026-09-02,True,False,Santa Cruz,DIESEL OIL IMPORTADO EESS,15000.0,L,ESTACION DE SERVICIO SUR S.R.L. SUCURSAL 2,1493-PDD,Diesel Oil Importado,DIESEL_IMPORTADO,Ciudad,
2026-09-02,2026-09-02,True,False,Santa Cruz,GASOLINA ESPECIAL + EESS,5000.0,L,ESTACION DE SERVICIO MONTERO - MARIA DEL ROSARIO COLQUE QUIROZ,1330-AEN,Gasolina Especial +,GASOLINA_ESPECIAL_MAS,Provincia,
2026-09-02,2026-09-02,True,False,Santa Cruz,GASOLINA ESPECIAL + (S/DSI),20000.0,L,ESTACION DE SERVICIO SUR S.R.L.-SUCURSAL ESTACION DE SERVICIO LA TECA,2801-BYP,Gasolina Especial +,GASOLINA_ESPECIAL_MAS,Ciudad,
2026-09-02,2026-09-02,True,False,Santa Cruz,GASOLINA ESPECIAL + (S/DSI),20000.0,L,ESTACION DE SERVICIO SUR SRL SUCURSAL 3,2447-AGD,Gasolina Especial +,GASOLINA_ESPECIAL_MAS,Ciudad,
2026-09-02,2026-09-02,True,False,Santa Cruz,DIESEL OIL IMPORTADO EESS,20000.0,L,COMPLEJO AUTOMOTRIZ VIRGEN DE URKUPIÑA S.R.L.,950-ZBY,Diesel Oil Importado,DIESEL_IMPORTADO,Ciudad,
2026-09-02,2026-09-02,True,False,Santa Cruz,GASOLINA ESPECIAL + EESS,15000.0,L,ESTACION DE SERVICIO MONTERO - MARIA DEL ROSARIO COLQUE QUIROZ,1798-PKI,Gasolina Especial +,GASOLINA_ESPECIAL_MAS,Provincia,
2026-09-02,2026-09-02,True,False,Santa Cruz,GASOLINA ESPECIAL + (S/DSI),20000.0,L,COMPLEJO AUTOMOTRIZ VIRGEN DE URKUPIÑA S.R.L.,1135-RGC,Gasolina Especial +,GASOLINA_ESPECIAL_MAS,Ciudad,
2026-09-02,2026-09-02,True,False,Santa Cruz,GASOLINA ESPECIAL + (S/DSI),5000.0,L,ESTACION DE SERVICIO SUR S.R.L. SUCURSAL 2,4410-KXK,Gasolina Especial +,GASOLINA_ESPECIAL_MAS,Ciudad,
2026-09-02,2026-09-02,True,False,Santa Cruz,GASOLINA ESPECIAL + (S/DSI),15000.0,L,ESTACION DE SERVICIO SUR S.R.L. SUCURSAL 2,2447-AGD,Gasolina Especial +,GASOLINA_ESPECIAL_MAS,Ciudad,
2026-09-02,2026-09-02,True,False,Santa Cruz,DIESEL OIL NACIONAL EESS,20000.0,L,ESTACION DE SERVICIO MONTERO - MARIA DEL ROSARIO COLQUE QUIROZ,1798-PKI,Diesel Oil Nacional,DIESEL_NACIONAL,Provincia,
2026-09-02,2026-09-02,True,False,Santa Cruz,GASOLINA ESPECIAL + (S/DSI),20000.0,L,ESTACION DE SERVICIO SUR S.R.L. SUCURSAL 1,4530-GKD,Gasolina Especial +,GASOLINA_ESPECIAL_MAS,Ciudad,
2026-09-02,2026-09-02,True,False,Santa Cruz,GASOLINA ESPECIAL + (S/DSI),20000.0,L,ESTACION DE SERVICIO SUR S.R.L.,4410-LAU,Gasolina Especial +,GASOLINA_ESPECIAL_MAS,Ciudad,
2026-09-02,2026-09-02,True,False,Santa Cruz,DIESEL OIL IMPORTADO EESS,5000.0,L,REFINERIA ORIENTAL S.A. SUCURSAL MONTECRISTO,1388-TGA,Diesel Oil Importado,DIESEL_IMPORTADO,Ciudad,
2026-09-02,2026-09-02,True,False,Santa Cruz,DIESEL OIL IMPORTADO EESS,15000.0,L,REFINERIA ORIENTAL S.A. SUCURSAL MONTECRISTO,825-ATI,Diesel Oil Importado,DIESEL_IMPORTADO,Ciudad,
2026-09-02,2026-09-02,True,False,Santa Cruz,DIESEL OIL IMPORTADO EESS,10000.0,L,REFINERIA ORIENTAL S.A. SUC. NOR ESTE,1388-TGA,Diesel Oil Importado,DIESEL_IMPORTADO,Ciudad,
2026-09-02,2026-09-02,True,False,Santa Cruz,GASOLINA ESPECIAL + (S/DSI),5000.0,L,REFINERIA ORIENTAL S.A. SUCURSAL MONTECRISTO,1095-ZCK,Gasolina Especial +,GASOLINA_ESPECIAL_MAS,Ciudad,
2026-09-02,2026-09-02,True,False,Santa Cruz,GASOLINA ESPECIAL + (S/DSI),15000.0,L,REFINERIA ORIENTAL S.A. SUCURSAL MONTECRISTO,2801-BYP,Gasolina Especial +,GASOLINA_ESPECIAL_MAS,Ciudad,
2026-09-02,2026-09-02,True,False,Santa Cruz,GASOLINA ESPECIAL + (S/DSI),20000.0,L,REFINERIA ORIENTAL S.A. SUC. NOR ESTE,1095-ZCK,Gasolina Especial +,GASOLINA_ESPECIAL_MAS,Ciudad,
2026-09-02,2026-09-02,True,False,Santa Cruz,GASOLINA ESPECIAL + (S/DSI),20000.0,L,ESTACION DE SERVICIO REFINERIA ORIENTAL S.A. - SUC. ZONA 4° ANILLO FRENTE A BUFALO PARK - SC,4530-FIY,Gasolina Especial +,GASOLINA_ESPECIAL_MAS,Ciudad,
2026-09-02,2026-09-02,True,False,Santa Cruz,GASOLINA ESPECIAL + (S/DSI),20000.0,L,REFINERIA ORIENTAL S.A.-SUC. TERCER ANILLO INTERNO FRENTE CANCHITA ROYAL,5775-AXE,Gasolina Especial +,GASOLINA_ESPECIAL_MAS,Ciudad,
2026-09-02,2026-09-01,True,True,Santa Cruz,DIESEL OIL IMPORTADO EESS,15000.0,L,ESTACION DE SERVICIO EL TROMPILLO,1166-FCU,Diesel Oil Importado,DIESEL_IMPORTADO,Ciudad,
2026-09-02,2026-09-02,True,False,Santa Cruz,GASOLINA ESPECIAL + (S/DSI),20000.0,L,REFINERIA ORIENTAL S.A.-SUC. BARRIO LAZARETO,1113-EAA,Gasolina Especial +,GASOLINA_ESPECIAL_MAS,Ciudad,
2026-09-02,2026-09-02,True,False,Santa Cruz,GASOLINA ESPECIAL + (S/DSI),20000.0,L,REFINERIA ORIENTAL S.A.,4410-KXK,Gasolina Especial +,GASOLINA_ESPECIAL_MAS,Ciudad,
2026-09-02,2026-09-02,True,False,Santa Cruz,DIESEL OIL NACIONAL EESS,20000.0,L,ESTACION DE SERVICIO ORTIZ S.R.L.,086-BDL,Diesel Oil Nacional,DIESEL_NACIONAL,Provincia,
2026-09-02,2026-09-02,True,False,Santa Cruz,GASOLINA ESPECIAL + EESS,20000.0,L,ESTACION DE SERVICIO FLORES-SIMONA FLORES FLORES,1757-BGC,Gasolina Especial +,GASOLINA_ESPECIAL_MAS,Provincia,
2026-09-02,2026-09-02,True,False,Santa Cruz,DIESEL OIL NACIONAL EESS,20000.0,L,ESTACION DE SERVICIO KM. 75 S.R.L,5305-YZL,Diesel Oil Nacional,DIESEL_NACIONAL,Provincia,
2026-09-02,2026-09-02,True,False,Santa Cruz,DIESEL OIL IMPORTADO EESS,20000.0,L,ESTACION DE SERVICIO DAVILA S.R.L.,1445-CDA,Diesel Oil Importado,DIESEL_IMPORTADO,Ciudad,
2026-09-02,2026-09-02,True,False,Santa Cruz,GASOLINA ESPECIAL + (S/DSI),15000.0,L,BICENTENARIO SRL,2120-PKF,Gasolina Especial +,GASOLINA_ESPECIAL_MAS,,
2026-09-02,2026-09-02,True,False,Santa Cruz,GASOLINA ESPECIAL + EESS,20000.0,L,ESTACION DE SERVICIO EL TINTO S.R.L.,303-DEH,Gasolina Especial +,GASOLINA_ESPECIAL_MAS,Provincia,
2026-09-02,2026-09-02,True,False,Santa Cruz,DIESEL OIL IMPORTADO EESS,30000.0,L,BICENTENARIO SRL,2120-PKF,Diesel Oil Importado,DIESEL_IMPORTADO,,
2026-09-02,2026-09-02,True,False,Santa Cruz,DIESEL OIL IMPORTADO EESS,25000.0,L,ESTACION DE SERVICIO LAS ORQUIDEAS S.R.L.,5351-UAG,Diesel Oil Importado,DIESEL_IMPORTADO,Ciudad,
2026-09-02,2026-09-02,True,False,Santa Cruz,DIESEL OIL IMPORTADO EESS,20000.0,L,YVU CENTRO DE SERVICIOS Y COMERCIO S.R.L.,1060-PIT,Diesel Oil Importado,DIESEL_IMPORTADO,Ciudad,
2026-09-02,2026-09-02,True,False,Santa Cruz,GASOLINA ESPECIAL + (S/DSI),20000.0,L,ESTACION DE SERVICIO LAS ORQUIDEAS S.R.L.,711-XUH,Gasolina Especial +,GASOLINA_ESPECIAL_MAS,Ciudad,
2026-09-02,2026-09-02,True,False,Santa Cruz,DIESEL OIL NACIONAL EESS,30000.0,L,ESTACION DE SERVICIO CASCABEL SUC. CUATRO CAÑADAS-YOHANA PAOLA VACA GUZMAN,4124-YBX,Diesel Oil Nacional,DIESEL_NACIONAL,Provincia,
2026-09-02,2026-09-02,True,False,Santa Cruz,GASOLINA ESPECIAL + (S/DSI),20000.0,L,YVU CENTRO DE SERVICIOS Y COMERCIO S.R.L.,1060-PIT,Gasolina Especial +,GASOLINA_ESPECIAL_MAS,Ciudad,
2026-09-02,2026-09-02,True,False,Santa Cruz,GASOLINA ESPECIAL + EESS,5000.0,L,SURTIDOR VIRGEN DE CHARAGUA S.R.L.,466-UHP,Gasolina Especial +,GASOLINA_ESPECIAL_MAS,Provincia,
2026-09-02,2026-09-02,True,False,Santa Cruz,GASOLINA ESPECIAL + (S/DSI),5000.0,L,ESTACION DE SERVICIO 3F OIL S.R.L.,953-UFL,Gasolina Especial +,GASOLINA_ESPECIAL_MAS,Ciudad,
2026-09-02,2026-09-02,True,False,Santa Cruz,DIESEL OIL IMPORTADO EESS,25000.0,L,ESTACION DE SERVICIO 3F OIL S.R.L.,953-UFL,Diesel Oil Importado,DIESEL_IMPORTADO,Ciudad,
2026-09-02,2026-09-02,True,False,Santa Cruz,GASOLINA ESPECIAL + EESS,20000.0,L,CENTRO DE COMERCIO SANTA RITAKM32 S.R.L.,3853-BSD,Gasolina Especial +,GASOLINA_ESPECIAL_MAS,Provincia,
2026-09-02,2026-09-02,True,False,Santa Cruz,GASOLINA ESPECIAL + EESS,20000.0,L,ESTACION DE SERVICIO MINERO-JHONNY QUINTEROS VASQUEZ,512-ZZA,Gasolina Especial +,GASOLINA_ESPECIAL_MAS,Provincia,
2026-09-02,2026-09-02,True,False,Santa Cruz,GASOLINA ESPECIAL + (S/DSI),20000.0,L,REFRIGAS S.R.L.,2351-XGD,Gasolina Especial +,GASOLINA_ESPECIAL_MAS,Ciudad,
2026-09-02,2026-09-02,True,False,Santa Cruz,GASOLINA ESPECIAL + (S/DSI),14000.0,L,ESTACION DE SERVICIO EL TAROPE - JHONNY AGUILAR ADRIAZOLA,1744-UZH,Gasolina Especial +,GASOLINA_ESPECIAL_MAS,Ciudad,
2026-09-02,2026-09-02,True,False,Santa Cruz,DIESEL OIL IMPORTADO EESS,15000.0,L,ESTACION DE SERVICIO DICOR S.R.L.,583-PTR,Diesel Oil Importado,DIESEL_IMPORTADO,Ciudad,
2026-09-02,2026-09-02,True,False,Santa Cruz,GASOLINA ESPECIAL + (S/DSI),20000.0,L,ESTACION DE SERVICIO DICOR S.R.L.,583-PTR,Gasolina Especial +,GASOLINA_ESPECIAL_MAS,Ciudad,
2026-09-02,2026-09-02,True,False,Santa Cruz,DIESEL OIL IMPORTADO EESS,20000.0,L,ESTACION DE SERVICIO EL TAROPE - JHONNY AGUILAR ADRIAZOLA,1744-UZH,Diesel Oil Importado,DIESEL_IMPORTADO,Ciudad,
2026-09-02,2026-09-02,True,False,Santa Cruz,GASOLINA ESPECIAL + (S/DSI),5000.0,L,ESTACION DE SERVICIO MORAGRANDE S.R.L. (SUC 1),2483-HBD,Gasolina Especial +,GASOLINA_ESPECIAL_MAS,Ciudad,
2026-09-02,2026-09-02,True,False,Santa Cruz,GASOLINA ESPECIAL + (S/DSI),15000.0,L,ESTACION DE SERVICIO MORAGRANDE S.R.L. (SUC 1),2483-HBD,Gasolina Especial +,GASOLINA_ESPECIAL_MAS,Ciudad,
2026-09-02,2026-09-02,True,False,Santa Cruz,DIESEL OIL IMPORTADO EESS,20000.0,L,ESTACION DE SERVICIO MORAGRANDE S.R.L. (SUC 1),2483-HBD,Diesel Oil Importado,DIESEL_IMPORTADO,Ciudad,
2026-09-02,2026-09-02,True,False,Santa Cruz,GASOLINA ESPECIAL + (S/DSI),10000.0,L,SURTIDOR CLUBOL - RUTH JIMENEZ DE MONROY,5312-NXE,Gasolina Especial +,GASOLINA_ESPECIAL_MAS,Ciudad,
2026-09-02,2026-09-02,True,False,Santa Cruz,DIESEL OIL IMPORTADO EESS,10000.0,L,SURTIDOR CLUBOL - RUTH JIMENEZ DE MONROY,5312-NXE,Diesel Oil Importado,DIESEL_IMPORTADO,Ciudad,
2026-09-02,2026-09-02,True,False,Santa Cruz,GASOLINA ESPECIAL + (S/DSI),20000.0,L,ESTACION DE SERVICIO MORAGRANDE S.R.L.,1893-NTP,Gasolina Especial +,GASOLINA_ESPECIAL_MAS,Ciudad,
2026-09-02,2026-09-01,True,True,Santa Cruz,DIESEL OIL NACIONAL EESS,25000.0,L,ESTACION DE SERVICIO PORTACHUELO LTDA,4004-BNK,Diesel Oil Nacional,DIESEL_NACIONAL,Provincia,
2026-09-02,2026-09-02,True,False,Santa Cruz,GASOLINA ESPECIAL + (S/DSI),10000.0,L,ESTACION DE SERVICIO LOS MANGALES S.R.L.,1005-XLH,Gasolina Especial +,GASOLINA_ESPECIAL_MAS,Ciudad,
2026-09-02,2026-09-02,True,False,Santa Cruz,DIESEL OIL NACIONAL EESS,25000.0,L,ESTACION DE SERVICIO SAN SILVESTRE,2265-BKN,Diesel Oil Nacional,DIESEL_NACIONAL,Provincia,
2026-09-02,2026-09-02,True,False,Santa Cruz,GASOLINA ESPECIAL + (S/DSI),15000.0,L,ESTACION DE SERVICIO LAS CONCHAS S.R.L.-SUCURSAL LA ENCONADA,389-IPX,Gasolina Especial +,GASOLINA_ESPECIAL_MAS,Provincia,
2026-09-02,2026-09-02,True,False,Santa Cruz,GASOLINA ESPECIAL + EESS,15000.0,L,ESTACION DE SERVICIO LAS CONCHAS S.R.L.,389-IPX,Gasolina Especial +,GASOLINA_ESPECIAL_MAS,Provincia,
2026-09-02,2026-09-02,True,False,Santa Cruz,DIESEL OIL NACIONAL EESS,25000.0,L,ESTACION DE SERVICIO LAS CONCHAS S.R.L.,1275-RHG,Diesel Oil Nacional,DIESEL_NACIONAL,Provincia,
2026-09-02,2026-09-02,True,False,Santa Cruz,DIESEL OIL IMPORTADO EESS,20000.0,L,ESTACION DE SERVICIO MORAGRANDE S.R.L.,1893-NTP,Diesel Oil Importado,DIESEL_IMPORTADO,Ciudad,
2026-09-02,2026-09-02,True,False,Santa Cruz,GASOLINA ESPECIAL + (S/DSI),5000.0,L,ESTACION DE SERVICIO ORSA S.R.L.,5583-ADI,Gasolina Especial +,GASOLINA_ESPECIAL_MAS,Ciudad,
2026-09-02,2026-09-02,True,False,Santa Cruz,GASOLINA ESPECIAL + (S/DSI),20000.0,L,ESTACION DE SERVICIO ORSA SRL-SUCURSAL 1,6453-URG,Gasolina Especial +,GASOLINA_ESPECIAL_MAS,Provincia,
2026-09-02,2026-09-02,True,False,Santa Cruz,GASOLINA ESPECIAL + EESS,20000.0,L,ESTACION DE SERVICIO EL BATO,1502-UIR,Gasolina Especial +,GASOLINA_ESPECIAL_MAS,Provincia,
2026-09-02,2026-09-02,True,False,Santa Cruz,DIESEL OIL IMPORTADO EESS,10000.0,L,ESTACION DE SERVICIO ORSA SRL-SUCURSAL 1,5583-ADI,Diesel Oil Importado,DIESEL_IMPORTADO,Provincia,
2026-09-02,2026-09-02,True,False,Santa Cruz,DIESEL OIL IMPORTADO EESS,20000.0,L,ESTACION DE SERVICIO APAZA-PATRICIA JORGE DE APAZA,2066-KRR,Diesel Oil Importado,DIESEL_IMPORTADO,Ciudad,
2026-09-02,2026-09-02,True,False,Santa Cruz,GASOLINA ESPECIAL + (S/DSI),20000.0,L,ESTACION DE SERVICIO APAZA-PATRICIA JORGE DE APAZA,2066-KRR,Gasolina Especial +,GASOLINA_ESPECIAL_MAS,Ciudad,
2026-09-02,2026-09-02,True,False,Santa Cruz,GASOLINA ESPECIAL + (S/DSI),20000.0,L,ESTACION DE SERVICIO BI-OCEANICA S.R.L.,4269-HNT,Gasolina Especial +,GASOLINA_ESPECIAL_MAS,Ciudad,
2026-09-02,2026-09-02,True,False,Santa Cruz,DIESEL OIL IMPORTADO EESS,20000.0,L,ESTACION DE SERVICIO CLUB GAZEL S.R.L.,2434-YRP,Diesel Oil Importado,DIESEL_IMPORTADO,Ciudad,
2026-09-02,2026-09-02,True,False,Santa Cruz,DIESEL OIL IMPORTADO EESS,25000.0,L,ESTACION DE SERVICIO LOS MANGALES S.R.L.,1299-GNA,Diesel Oil Importado,DIESEL_IMPORTADO,Ciudad,
2026-09-02,2026-09-02,True,False,Santa Cruz,DIESEL OIL IMPORTADO EESS,30000.0,L,ESTACION DE SERVICIO BI-OCEANICA S.R.L.,4096-LDR,Diesel Oil Importado,DIESEL_IMPORTADO,Ciudad,
2026-09-02,2026-09-02,True,False,Santa Cruz,GASOLINA ESPECIAL + (S/DSI),20000.0,L,ESTACION DE SERVICIO CLUB GAZEL S.R.L.,2434-YRP,Gasolina Especial +,GASOLINA_ESPECIAL_MAS,Ciudad,
2026-09-02,2026-09-02,True,False,Santa Cruz,DIESEL OIL IMPORTADO EESS,30000.0,L,CENTRO DE COMERCIO Y SERVICIOS VALDIVIA FERRUFINO S.R.L.,2330-NLD,Diesel Oil Importado,DIESEL_IMPORTADO,Ciudad,
2026-09-02,2026-09-02,True,False,Santa Cruz,GASOLINA ESPECIAL + EESS,15000.0,L,ESTACION DE SERVICIO SOMOS GAS SRL,2257-EEE,Gasolina Especial +,GASOLINA_ESPECIAL_MAS,Provincia,
2026-09-02,2026-09-02,True,False,Santa Cruz,GASOLINA ESPECIAL + (S/DSI),15000.0,L,ESTACION DE SERVICIO EL GASOMETRO S.R.L.,885-PZL,Gasolina Especial +,GASOLINA_ESPECIAL_MAS,Ciudad,
2026-09-02,2026-09-02,True,False,Santa Cruz,GASOLINA ESPECIAL + EESS,10000.0,L,ESTACION DE SERVICIO SOMOS GAS SRL,2257-EEE,Gasolina Especial +,GASOLINA_ESPECIAL_MAS,Provincia,
2026-09-02,2026-09-02,True,False,Santa Cruz,GASOLINA ESPECIAL + (S/DSI),20000.0,L,SURTIDOR COTOCA - JOSE RAMIRO AYALA FLORES,2338-FGD,Gasolina Especial +,GASOLINA_ESPECIAL_MAS,Ciudad,
2026-09-02,2026-09-02,True,False,Santa Cruz,DIESEL OIL IMPORTADO EESS,20000.0,L,ESTACION DE SERVICIO LA COLORADA,2229-HLP,Diesel Oil Importado,DIESEL_IMPORTADO,Ciudad,
2026-09-02,2026-09-02,True,False,Santa Cruz,GASOLINA ESPECIAL + (S/DSI),20000.0,L,ESTACION DE SERVICIO LA CHORRERA SRL,885-PZL,Gasolina Especial +,GASOLINA_ESPECIAL_MAS,Ciudad,
2026-09-02,2026-09-02,True,False,Santa Cruz,GASOLINA ESPECIAL + EESS,20000.0,L,ESTACION DE SERVICIO EL JUNTE-ALEJANDRA MARIEL BALCAZAR PAZ,468-RHE(1),Gasolina Especial +,GASOLINA_ESPECIAL_MAS,Provincia,
2026-09-02,2026-09-02,True,False,Santa Cruz,GASOLINA ESPECIAL + (S/DSI),20000.0,L,ESTACION DE SERVICIO LA COLORADA,2229-HLP,Gasolina Especial +,GASOLINA_ESPECIAL_MAS,Ciudad,
2026-09-02,2026-09-02,True,False,Santa Cruz,GASOLINA ESPECIAL + (S/DSI),20000.0,L,ESTACION DE SERVICIO PANTANAL DEL ORIENTE-ALVARO LUIS AGUILAR ADRIAZOLA,584-RKD,Gasolina Especial +,GASOLINA_ESPECIAL_MAS,Ciudad,
2026-09-02,2026-09-02,True,False,Santa Cruz,DIESEL OIL IMPORTADO EESS,20000.0,L,R&E 3000 S.R.L.,1197-ATI,Diesel Oil Importado,DIESEL_IMPORTADO,Ciudad,
2026-09-02,2026-09-02,True,False,Santa Cruz,DIESEL OIL IMPORTADO EESS,20000.0,L,SURTIDOR COTOCA - JOSE RAMIRO AYALA FLORES,2338-FGD,Diesel Oil Importado,DIESEL_IMPORTADO,Ciudad,
2026-09-02,2026-09-02,True,False,Santa Cruz,GASOLINA ESPECIAL + (S/DSI),20000.0,L,"ESTACION DE SERVICIO ""GUAPAY"" S.R.L.",447-PSY,Gasolina Especial +,GASOLINA_ESPECIAL_MAS,Ciudad,
2026-09-02,2026-09-02,True,False,Santa Cruz,GASOLINA ESPECIAL + (S/DSI),20000.0,L,ESTACION DE SERVICIO YOTAU S.R.L.,3792-ENE,Gasolina Especial +,GASOLINA_ESPECIAL_MAS,Ciudad,
2026-09-02,2026-09-02,True,False,Santa Cruz,DIESEL OIL IMPORTADO EESS,30000.0,L,ESTACION DE SERVICIO YOTAU S.R.L.,1066-ISS,Diesel Oil Importado,DIESEL_IMPORTADO,Ciudad,
2026-09-02,2026-09-02,True,False,Santa Cruz,DIESEL OIL IMPORTADO EESS,10000.0,L,ESTACION DE SERVICIO RIVERO - LUIS ANTONIO RIVERO AÑEZ,681-FDU,Diesel Oil Importado,DIESEL_IMPORTADO,Ciudad,
2026-09-02,2026-09-02,True,False,Santa Cruz,DIESEL OIL IMPORTADO EESS,20000.0,L,ESTACION DE SERVICIO PANTANAL DEL ORIENTE-ALVARO LUIS AGUILAR ADRIAZOLA,2497-AFH,Diesel Oil Importado,DIESEL_IMPORTADO,Ciudad,
2026-09-02,2026-09-02,True,False,Santa Cruz,GASOLINA ESPECIAL + (S/DSI),20000.0,L,ESTACION DE SERVICIO SAN LUIS I,543-PUY,Gasolina Especial +,GASOLINA_ESPECIAL_MAS,Ciudad,
2026-09-02,2026-09-02,True,False,Santa Cruz,GASOLINA ESPECIAL + (S/DSI),20000.0,L,ESTACION DE SERVICIO RIVERO - LUIS ANTONIO RIVERO AÑEZ,681-FDU,Gasolina Especial +,GASOLINA_ESPECIAL_MAS,Ciudad,
2026-09-02,2026-09-02,True,False,Santa Cruz,GASOLINA ESPECIAL + (S/DSI),10000.0,L,ESTACION DE SERVICIO ORSA S.R.L.,6453-URG,Gasolina Especial +,GASOLINA_ESPECIAL_MAS,Ciudad,
2026-09-02,2026-09-02,True,False,Santa Cruz,DIESEL OIL IMPORTADO EESS,30000.0,L,ESTACION DE SERVICIO LA CHORRERA SRL,885-PYH,Diesel Oil Importado,DIESEL_IMPORTADO,Ciudad,
2026-09-02,2026-09-02,True,False,Santa Cruz,GASOLINA ESPECIAL + (S/DSI),20000.0,L,ESTACION DE SERVICIO QUINTO ANILLO S.R.L.,3018-UKU,Gasolina Especial +,GASOLINA_ESPECIAL_MAS,Ciudad,
2026-09-02,2026-09-02,True,False,Santa Cruz,DIESEL OIL IMPORTADO EESS,30000.0,L,ESTACION DE SERVICIO TOTAITU N&T S.R.L.,2390-XBX,Diesel Oil Importado,DIESEL_IMPORTADO,Ciudad,
2026-09-02,2026-09-02,True,False,Santa Cruz,GASOLINA ESPECIAL + (S/DSI),20000.0,L,ESTACION DE SERVICIO TOTAITU N&T S.R.L.,3598-NKD,Gasolina Especial +,GASOLINA_ESPECIAL_MAS,Ciudad,
2026-09-02,2026-09-02,True,False,Santa Cruz,DIESEL OIL IMPORTADO EESS,30000.0,L,ESTACION DE SERVICIO QUINTO ANILLO S.R.L.,558-XDK(1),Diesel Oil Importado,DIESEL_IMPORTADO,Ciudad,
2026-09-02,2026-09-01,True,True,Santa Cruz,DIESEL OIL NACIONAL EESS,30000.0,L,ESTACION DE SERVICIO TORRIAYALA S.R.L.,4491-PRD,Diesel Oil Nacional,DIESEL_NACIONAL,Provincia,
2026-09-02,2026-09-01,True,True,Santa Cruz,DIESEL OIL NACIONAL EESS,30000.0,L,ESTACION DE SERVICIO PAULINA S.R.L.,514-CEK,Diesel Oil Nacional,DIESEL_NACIONAL,Provincia,
2026-09-02,2026-09-01,True,True,Santa Cruz,DIESEL OIL NACIONAL EESS,10000.0,L,ESTACION DE SERVICIO CHANE,1094-EIF,Diesel Oil Nacional,DIESEL_NACIONAL,Provincia,
2026-09-02,2026-09-01,True,True,Santa Cruz,DIESEL OIL NACIONAL EESS,20000.0,L,SURTIDOR VIRGEN DE CHARAGUA S.R.L.,466-UHP,Diesel Oil Nacional,DIESEL_NACIONAL,Provincia,
2026-09-02,2026-09-02,True,False,Santa Cruz,GLP DISTRIB. 10 KILOS NAL,10630.0,L,DIST. GLP. CRUCEÑITA VASA S.R.L.,2492-YHT,GLP,GLP,,
2026-09-02,2026-09-02,True,False,Santa Cruz,GLP DISTRIB. 10 KILOS NAL,9630.0,L,DIST. GLP. CRUCEÑITA VASA S.R.L.,816-FTN,GLP,GLP,,
2026-09-02,2026-09-01,True,True,Santa Cruz,GASOLINA ESPECIAL + EESS,20000.0,L,COMERCIALIZADORA DE HIDROCARBUROS ABJ S.R.L,6398-RNI,Gasolina Especial +,GASOLINA_ESPECIAL_MAS,Provincia,
2026-09-02,2026-09-02,True,False,Santa Cruz,GLP DISTRIB. 10 KILOS NAL,6360.0,L,GONZALES A. RONALD LEONEL - DIST. CORDIGAS,1771-LLY,GLP,GLP,,
2026-09-02,2026-09-02,True,False,Santa Cruz,GLP DISTRIB. 45 KILOS NAL,4050.0,L,SOPESE S.R.L.,6393-FTT,GLP,GLP,,
2026-09-02,2026-09-02,True,False,Santa Cruz,GLP DISTRIB. 10 KILOS NAL,8790.0,L,SOPESE S.R.L.,5741-ADC,GLP,GLP,,
2026-09-02,2026-09-02,True,False,Santa Cruz,GLP DISTRIB. 10 KILOS NAL,8180.0,L,SOPESE S.R.L.,578-IEC,GLP,GLP,,
2026-09-02,2026-09-02,True,False,Santa Cruz,GLP DISTRIB. 10 KILOS NAL,11460.0,L,DIST. GLP. ALTAMARGAS Juan Pablo Melgarejo Iriarte,1316-NUG,GLP,GLP,,
2026-09-02,2026-09-02,True,False,Santa Cruz,GLP DISTRIB. 10 KILOS NAL,10000.0,L,DIST. GLP. ALTAMARGAS Juan Pablo Melgarejo Iriarte,6683-TRA,GLP,GLP,,
2026-09-02,2026-09-01,True,True,Santa Cruz,GASOLINA ESPECIAL + EESS,10000.0,L,ESTACION DE SERVICIO CHANE,1094-EIF,Gasolina Especial +,GASOLINA_ESPECIAL_MAS,Provincia,
2026-09-02,2026-09-02,True,False,Santa Cruz,GLP DISTRIB. 10 KILOS NAL,9140.0,L,CARMEN R. MELGAREJO GONZALES - DIST. CENTRO GAS,515-HGI,GLP,GLP,,
2026-09-02,2026-09-01,True,True,Santa Cruz,GLP DISTRIB. 10 KILOS NAL,5730.0,L,DIST. GLP. CRUCEÑITA VASA S.R.L.,3460-KTK,GLP,GLP,,
2026-09-02,2026-09-01,True,True,Santa Cruz,GASOLINA ESPECIAL + EESS,20000.0,L,ESTACION DE SERVICIO KM. 75 S.R.L,107-XTA,Gasolina Especial +,GASOLINA_ESPECIAL_MAS,Provincia,
2026-09-02,2026-09-01,True,True,Santa Cruz,GASOLINA ESPECIAL + EESS,15000.0,L,ESTACION DE SERVICIO EL JUNTE II-ALEJANDRA MARIEL BALCAZAR PAZ,468-RHE(1),Gasolina Especial +,GASOLINA_ESPECIAL_MAS,Provincia,
2026-09-02,2026-09-01,True,True,Santa Cruz,DIESEL OIL NACIONAL EESS,25000.0,L,ESTACION DE SERVICIO ANTO - ANTONIO CARLOS LORGIO JUSTINIANO SANTOS,553-ESR,Diesel Oil Nacional,DIESEL_NACIONAL,Provincia,
2026-09-02,2026-09-01,True,True,Santa Cruz,GASOLINA ESPECIAL + (S/DSI),5000.0,L,ESTACION DE SERVICIO SAN LUIS I,543-PUY,Gasolina Especial +,GASOLINA_ESPECIAL_MAS,Ciudad,
2026-09-02,2026-09-01,True,True,Santa Cruz,DIESEL OIL IMPORTADO EESS,10000.0,L,ESTACION DE SERVICIO TRES PASOS AL FRENTE - VITALIANO ROJAS OLIVERA,5002-IBN,Diesel Oil Importado,DIESEL_IMPORTADO,Ciudad,
2026-09-02,2026-09-01,True,True,Santa Cruz,DIESEL OIL NACIONAL EESS,25000.0,L,ESTACION DE SERVICIO EUSE CRUZ,869-TZE,Diesel Oil Nacional,DIESEL_NACIONAL,Provincia,
2026-09-02,2026-09-01,True,True,Santa Cruz,GASOLINA ESPECIAL + (S/DSI),20000.0,L,BICENTENARIO SRL,2120-PKF,Gasolina Especial +,GASOLINA_ESPECIAL_MAS,,
2026-09-02,2026-09-01,True,True,Santa Cruz,GASOLINA ESPECIAL + EESS,20000.0,L,ESTACION DE SERVICIO COCA-ENRRIQUE COCA LOPEZ,1132-FZP,Gasolina Especial +,GASOLINA_ESPECIAL_MAS,Provincia,
2026-09-02,2026-09-01,True,True,Santa Cruz,GASOLINA ESPECIAL + EESS,15000.0,L,SAN JOAQUIN I S.R.L.,1066-TKG,Gasolina Especial +,GASOLINA_ESPECIAL_MAS,Provincia,
2026-09-02,2026-09-01,True,True,Santa Cruz,DIESEL OIL NACIONAL EESS,20000.0,L,SAN JOAQUIN I S.R.L.,1066-TKG,Diesel Oil Nacional,DIESEL_NACIONAL,Provincia,
2026-09-02,2026-09-01,True,True,Santa Cruz,GASOLINA ESPECIAL + (S/DSI),5000.0,L,COMPLEJO AUTOMOTRIZ VIRGEN DE URKUPIÑA S.R.L.,1135-RGC,Gasolina Especial +,GASOLINA_ESPECIAL_MAS,Ciudad,
2026-09-02,2026-09-02,True,False,Santa Cruz,GLP DISTRIB. 10 KILOS NAL,12150.0,L,DIST. GLP. VALLE GAS - Nancy Arteaga de Lazo,363-XPE,GLP,GLP,,
2026-09-02,2026-09-01,True,True,Santa Cruz,DIESEL OIL NACIONAL EESS,25000.0,L,ESTACION DE SERVICIO EL BATO,1502-UIR,Diesel Oil Nacional,DIESEL_NACIONAL,Provincia,
2026-09-02,2026-09-02,True,False,Santa Cruz,GLP DISTRIB. 10 KILOS NAL,2160.0,L,DIST. GLP. VALLE GAS - Nancy Arteaga de Lazo,3075-TFX,GLP,GLP,,
2026-09-02,2026-09-02,True,False,Santa Cruz,GLP DISTRIB. 10 KILOS NAL,9870.0,L,JYRL GAS - LOURDES MORALES DE QUIROZ,1892-EBR,GLP,GLP,,
2026-09-02,2026-09-02,True,False,Santa Cruz,GLP DISTRIB. 10 KILOS NAL,12390.0,L,JYRL GAS - LOURDES MORALES DE QUIROZ,302-HDB,GLP,GLP,,
2026-09-02,2026-09-01,True,True,Santa Cruz,GLP DISTRIB. 10 KILOS NAL,11610.0,L,SOPESE S.R.L.,5268-EKA,GLP,GLP,,
2026-09-02,2026-09-01,True,True,Santa Cruz,GLP DISTRIB. 10 KILOS NAL,6000.0,L,JYRL GAS SUCURSAL CABEZAS CALLE TAJIBO - LOURDES MORALES DE QUIROZ,1178-ADY,GLP,GLP,,
2026-09-02,2026-09-01,True,True,Santa Cruz,GLP DISTRIB. 45 KILOS NAL,1890.0,L,CARMEN R. MELGAREJO GONZALES - DIST. CENTRO GAS,6663-IUD,GLP,GLP,,
2026-09-01,2026-09-01,True,False,Santa Cruz,GLP DISTRIB. 45 KILOS NAL,3150.0,L,SOPESE S.R.L.,6393-FTT,GLP,GLP,,
2026-09-01,2026-09-01,True,False,Santa Cruz,GLP DISTRIB. 10 KILOS NAL,4350.0,L,DIST. GLP. MARY-MARIA ELENA TAPIA USCAMAITA,526-ZZY,GLP,GLP,,
2026-09-01,2026-09-01,True,False,Santa Cruz,GLP DISTRIB. 10 KILOS NAL,11820.0,L,DIST.GLP.CAMPO GAS-ELSA FELICIDAD USCAMAYTA CHOQUE DE TAPIA,1805-ZNX,GLP,GLP,,
2026-09-01,2026-09-01,True,False,Santa Cruz,GLP DISTRIB. 10 KILOS NAL,4620.0,L,CAMPO GAS-MONTE ALTO-ELSA FELICIDAD USCAMAYTA CHOQUE DE TAPIA,795-YII,GLP,GLP,,
2026-09-01,2026-09-01,True,False,Santa Cruz,GLP DISTRIB. 45 KILOS NAL,4500.0,L,DIST. GLP. ALTAMARGAS Juan Pablo Melgarejo Iriarte,3586-ITS,GLP,GLP,,
2026-09-01,2026-09-01,True,False,Santa Cruz,GLP DISTRIB. 10 KILOS NAL,10710.0,L,DIST. GLP. ALTAMARGAS Juan Pablo Melgarejo Iriarte,6683-TRA,GLP,GLP,,
2026-09-01,2026-09-01,True,False,Santa Cruz,GLP DISTRIB. 10 KILOS NAL,9990.0,L,DIST. GLP. ALTAMARGAS Juan Pablo Melgarejo Iriarte,1316-NUG,GLP,GLP,,
2026-09-01,2026-09-01,True,False,Santa Cruz,GLP DISTRIB. 10 KILOS NAL,9450.0,L,DIST. GLP. MAIRANA GAS ANA LOURDES MENDOZA,1005-XTD,GLP,GLP,,
2026-09-01,2026-09-01,True,False,Santa Cruz,GLP DISTRIB. 10 KILOS NAL,6200.0,L,DIST. GLP ÑUFLO DE CHAVEZ-KALA QUISPE RINA,2215-UHR,GLP,GLP,,
2026-09-01,2026-09-01,True,False,Santa Cruz,GLP DISTRIB. 10 KILOS NAL,5460.0,L,CTC-GAS,1860-YYY,GLP,GLP,,
2026-09-01,2026-09-01,True,False,Santa Cruz,GLP DISTRIB. 10 KILOS NAL,10800.0,L,DIST. GLP. OSCAR GAS - Betty Maldonado,2443-ICK,GLP,GLP,,
2026-09-01,2026-09-01,True,False,Santa Cruz,GLP DISTRIB. 10 KILOS NAL,10530.0,L,JYRL GAS - LOURDES MORALES DE QUIROZ,1892-EBR,GLP,GLP,,
2026-09-01,2026-09-01,True,False,Santa Cruz,GLP DISTRIB. 10 KILOS NAL,11210.0,L,AGROGAS S.R.L.,547-ZXY,GLP,GLP,,
2026-09-01,2026-09-01,True,False,Santa Cruz,GLP DISTRIB. 10 KILOS NAL,10680.0,L,SOPESE S.R.L.,5741-ADC,GLP,GLP,,
2026-09-01,2026-09-01,True,False,Santa Cruz,GLP DISTRIB. 45 KILOS NAL,3600.0,L,DIST. GLP. CRUCEÑITA VASA S.R.L.,400-PAF,GLP,GLP,,
2026-09-01,2026-09-01,True,False,Santa Cruz,GLP DISTRIB. 10 KILOS NAL,9440.0,L,DIST. GLP. CRUCEÑITA VASA S.R.L.,2492-YHT,GLP,GLP,,
2026-09-01,2026-09-01,True,False,Santa Cruz,GLP DISTRIB. 45 KILOS NAL,2160.0,L,CARMEN R. MELGAREJO GONZALES - DIST. CENTRO GAS,6663-IUD,GLP,GLP,,
2026-09-01,2026-09-01,True,False,Santa Cruz,GLP DISTRIB. 10 KILOS NAL,7920.0,L,CARMEN R. MELGAREJO GONZALES - DIST. CENTRO GAS,515-HGI,GLP,GLP,,
2026-09-01,2026-09-01,True,False,Santa Cruz,GLP DISTRIB. 10 KILOS NAL,6090.0,L,DIST. DE GLP EL CUMPITO-EMILIO ELIAS ROBLES SUMOYA,1362-RXK,GLP,GLP,,
2026-09-01,2026-08-31,True,True,Santa Cruz,GASOLINA ESPECIAL + EESS,20000.0,L,ESTACION DE SERVICIO CONCEPCION SRL,483-XYF,Gasolina Especial +,GASOLINA_ESPECIAL_MAS,Provincia,
2026-09-01,2026-08-28,True,True,Santa Cruz,GASOLINA ESPECIAL + EESS,5000.0,L,ESTACION DE SERVICIO CONCEPCION SRL,483-XYF,Gasolina Especial +,GASOLINA_ESPECIAL_MAS,Provincia,
2026-09-01,2026-09-01,True,False,Santa Cruz,GASOLINA ESPECIAL + (S/DSI),15000.0,L,ESTACION DE SERVICIO SANTA MARIA,1044-PLP,Gasolina Especial +,GASOLINA_ESPECIAL_MAS,Ciudad,
2026-09-01,2026-09-01,True,False,Santa Cruz,GASOLINA ESPECIAL + (S/DSI),20000.0,L,ESTACION DE SERVICIO GUAYACAN S.R.L.,727-YTY,Gasolina Especial +,GASOLINA_ESPECIAL_MAS,Ciudad,
2026-09-01,2026-09-01,True,False,Santa Cruz,DIESEL OIL IMPORTADO EESS,20000.0,L,ESTACION DE SERVICIO CLUB GAZEL S.R.L.,2434-YRP,Diesel Oil Importado,DIESEL_IMPORTADO,Ciudad,
2026-09-01,2026-09-01,True,False,Santa Cruz,DIESEL OIL IMPORTADO EESS,35000.0,L,BICENTENARIO SRL,2120-PKF,Diesel Oil Importado,DIESEL_IMPORTADO,,
2026-09-01,2026-09-01,True,False,Santa Cruz,DIESEL OIL IMPORTADO EESS,20000.0,L,ESTACION DE SERVICIO LA COLORADA,2229-HLP,Diesel Oil Importado,DIESEL_IMPORTADO,Ciudad,
2026-09-01,2026-09-01,True,False,Santa Cruz,GASOLINA ESPECIAL + (S/DSI),20000.0,L,GENEX S.A. SUCURSAL ZONA NOR ESTE,1166-FCU,Gasolina Especial +,GASOLINA_ESPECIAL_MAS,Ciudad,
2026-09-01,2026-09-01,True,False,Santa Cruz,GASOLINA ESPECIAL + (S/DSI),20000.0,L,GENEX S.A SUCURSAL SANTA CRUZ ZONA ESTE,1285-UKF,Gasolina Especial +,GASOLINA_ESPECIAL_MAS,Ciudad,
2026-09-01,2026-09-01,True,False,Santa Cruz,GASOLINA ESPECIAL + (S/DSI),15000.0,L,GENEX S.A SUCURSAL SANTA CRUZ ZONA SANTA ROSA,878-ENK,Gasolina Especial +,GASOLINA_ESPECIAL_MAS,Ciudad,
2026-09-01,2026-09-01,True,False,Santa Cruz,GASOLINA ESPECIAL + (S/DSI),10000.0,L,GENEX S.A SUCURSAL S.C ZONA GUALBERTO VILLARROEL,1166-FCU,Gasolina Especial +,GASOLINA_ESPECIAL_MAS,Ciudad,
2026-09-01,2026-09-01,True,False,Santa Cruz,GASOLINA ESPECIAL + (S/DSI),15000.0,L,GENEX S.A SUCURSAL SANTA CRUZ ZONA LA RAMADA,1285-UKF,Gasolina Especial +,GASOLINA_ESPECIAL_MAS,Ciudad,
2026-09-01,2026-09-01,True,False,Santa Cruz,GASOLINA ESPECIAL + (S/DSI),20000.0,L,CIA BOLIVIANA DE GAS NATURAL COMPRIMIDO GENEX SA,1115-DLF,Gasolina Especial +,GASOLINA_ESPECIAL_MAS,Ciudad,
2026-09-01,2026-09-01,True,False,Santa Cruz,GASOLINA ESPECIAL + EESS,20000.0,L,ESTACION DE SERVICIO ARACATACA,652-SRU,Gasolina Especial +,GASOLINA_ESPECIAL_MAS,Provincia,
2026-09-01,2026-09-01,True,False,Santa Cruz,GASOLINA ESPECIAL + (S/DSI),10000.0,L,VANGAS S.A,2150-INT,Gasolina Especial +,GASOLINA_ESPECIAL_MAS,Ciudad,
2026-09-01,2026-09-01,True,False,Santa Cruz,DIESEL OIL IMPORTADO EESS,20000.0,L,VANGAS S.A,851-SLG,Diesel Oil Importado,DIESEL_IMPORTADO,Ciudad,
2026-09-01,2026-09-01,True,False,Santa Cruz,DIESEL OIL IMPORTADO EESS,15000.0,L,ESTACION DE SERVICIO EL TROMPILLO,851-SLG,Diesel Oil Importado,DIESEL_IMPORTADO,Ciudad,
2026-09-01,2026-09-01,True,False,Santa Cruz,GASOLINA ESPECIAL + (S/DSI),20000.0,L,ESTACION DE SERVICIO EL TROMPILLO,2150-INT,Gasolina Especial +,GASOLINA_ESPECIAL_MAS,Ciudad,
2026-09-01,2026-09-01,True,False,Santa Cruz,DIESEL OIL NACIONAL EESS,20000.0,L,JARAJORECHI S.R.L.,863-XYY,Diesel Oil Nacional,DIESEL_NACIONAL,Provincia,
2026-09-01,2026-09-01,True,False,Santa Cruz,DIESEL OIL IMPORTADO EESS,15000.0,L,SURTIDOR EL PALMAR - DIONICIO CONDORI RODRIGUEZ,782-YPK,Diesel Oil Importado,DIESEL_IMPORTADO,Ciudad,
2026-09-01,2026-09-01,True,False,Santa Cruz,GASOLINA ESPECIAL + (S/DSI),20000.0,L,SURTIDOR COTOCA - JOSE RAMIRO AYALA FLORES,2338-FGD,Gasolina Especial +,GASOLINA_ESPECIAL_MAS,Ciudad,
2026-09-01,2026-09-01,True,False,Santa Cruz,DIESEL OIL IMPORTADO CF,19900.0,L,CENTRAL AGUIRRE PORTUARIA S.A.,2485-NHB,Diesel Oil Importado,DIESEL_IMPORTADO,,
2026-09-01,2026-09-01,True,False,Santa Cruz,DIESEL OIL NACIONAL EESS,5000.0,L,GOTEON S.R.L.,453-IYH,Diesel Oil Nacional,DIESEL_NACIONAL,Provincia,
2026-09-01,2026-09-01,True,False,Santa Cruz,DIESEL OIL NACIONAL EESS,30000.0,L,ESTACION DE SERVICIO MINERO-JHONNY QUINTEROS VASQUEZ,5351-UAG,Diesel Oil Nacional,DIESEL_NACIONAL,Provincia,
2026-09-01,2026-09-01,True,False,Santa Cruz,DIESEL OIL NACIONAL EESS,25000.0,L,ESTACION DE SERVICIO SAN JAVIER-MARISOL NEGRETE AGUIRRE,1283-DGH,Diesel Oil Nacional,DIESEL_NACIONAL,Provincia,
2026-09-01,2026-09-01,True,False,Santa Cruz,DIESEL OIL NACIONAL EESS,25000.0,L,ESTACION DE SERVICIO CONCEPCION SRL,4713-YZU,Diesel Oil Nacional,DIESEL_NACIONAL,Provincia,
2026-09-01,2026-09-01,True,False,Santa Cruz,DIESEL OIL NACIONAL EESS,20000.0,L,ESTACION DE SERVICIO CHANE,873-XBS,Diesel Oil Nacional,DIESEL_NACIONAL,Provincia,
2026-09-01,2026-09-01,True,False,Santa Cruz,DIESEL OIL NACIONAL EESS,25000.0,L,ESTACION DE SERVICIO EL AGRICULTOR-CLAUDINA PILLCO LOZA,2251-LZR,Diesel Oil Nacional,DIESEL_NACIONAL,Provincia,
2026-09-01,2026-09-01,True,False,Santa Cruz,DIESEL OIL IMPORTADO EESS,9900.0,L,ESTACION DE SERVICIO URBARI SRL,375-KIH,Diesel Oil Importado,DIESEL_IMPORTADO,Ciudad,
2026-09-01,2026-09-01,True,False,Santa Cruz,DIESEL OIL IMPORTADO EESS,20000.0,L,COMPAÑIA COMERCIAL DE GAS COMPRIMIDO C.G.C. S.R.L.,2511-RLA,Diesel Oil Importado,DIESEL_IMPORTADO,Ciudad,
2026-09-01,2026-09-01,True,False,Santa Cruz,DIESEL OIL IMPORTADO EESS,10000.0,L,Z & Z LTDA,110-IYX,Diesel Oil Importado,DIESEL_IMPORTADO,Ciudad,
2026-09-01,2026-09-01,True,False,Santa Cruz,GASOLINA ESPECIAL + (S/DSI),20000.0,L,Z & Z LTDA,2319-UPC,Gasolina Especial +,GASOLINA_ESPECIAL_MAS,Ciudad,
2026-09-01,2026-09-01,True,False,Santa Cruz,DIESEL OIL NACIONAL EESS,25000.0,L,ESTACION DE SERVICIO AGUAI S.R.L.,5297-HAT,Diesel Oil Nacional,DIESEL_NACIONAL,Provincia,
2026-09-01,2026-09-01,True,False,Santa Cruz,GASOLINA ESPECIAL + EESS,25000.0,L,ESTACION DE SERVICIO SUR SRL-SUCURSAL 4,2986-INR,Gasolina Especial +,GASOLINA_ESPECIAL_MAS,Provincia,
2026-09-01,2026-09-01,True,False,Santa Cruz,DIESEL OIL NACIONAL EESS,25000.0,L,ESTACION DE SERVICIO SUR SRL-SUCURSAL 4,1487-PDD,Diesel Oil Nacional,DIESEL_NACIONAL,Provincia,
2026-09-01,2026-09-01,True,False,Santa Cruz,GASOLINA ESPECIAL + EESS,25000.0,L,ESTACION DE SERVICIO TIERRAS BAJAS SRL.,394-IIX,Gasolina Especial +,GASOLINA_ESPECIAL_MAS,Provincia,
2026-09-01,2026-09-01,True,False,Santa Cruz,DIESEL OIL IMPORTADO EESS,35000.0,L,SURTIDOR VARDONA - SUSANA POEHLMANN GARCIA,863-RUI,Diesel Oil Importado,DIESEL_IMPORTADO,Ciudad,
2026-09-01,2026-09-01,True,False,Santa Cruz,DIESEL OIL NACIONAL EESS,25000.0,L,ESTACION DE SERVICIO EL MIRADOR - SONIA SORUCO ROCA,6014-GEE,Diesel Oil Nacional,DIESEL_NACIONAL,Provincia,
2026-09-01,2026-09-01,True,False,Santa Cruz,DIESEL OIL NACIONAL EESS,25000.0,L,ESTACION DE SERVICIO LA CUEVA - ROLANDO CHAVEZ VACA,1128-PIA,Diesel Oil Nacional,DIESEL_NACIONAL,Provincia,
2026-09-01,2026-09-01,True,False,Santa Cruz,GASOLINA ESPECIAL + (S/DSI),10000.0,L,ESTACION DE SERVICIO EMANUEL S.R.L.,3853-BSD,Gasolina Especial +,GASOLINA_ESPECIAL_MAS,Ciudad,
2026-09-01,2026-09-01,True,False,Santa Cruz,DIESEL OIL IMPORTADO EESS,20000.0,L,ESTACION DE SERVICIO VERGARA - FABIOLA NOEMI ZORRILLO VERGARA,1184-YND,Diesel Oil Importado,DIESEL_IMPORTADO,Ciudad,
2026-09-01,2026-09-01,True,False,Santa Cruz,GASOLINA ESPECIAL + (S/DSI),20000.0,L,ESTACION DE SERVICIO VERGARA - FABIOLA NOEMI ZORRILLO VERGARA,1184-YND,Gasolina Especial +,GASOLINA_ESPECIAL_MAS,Ciudad,
2026-09-01,2026-09-01,True,False,Santa Cruz,GASOLINA ESPECIAL + EESS,10000.0,L,SURTIDOR SANTIAGUITO - E. FABIOLA TORRICO C.,2483-HPX,Gasolina Especial +,GASOLINA_ESPECIAL_MAS,Provincia,
2026-09-01,2026-09-01,True,False,Santa Cruz,DIESEL OIL IMPORTADO EESS,20000.0,L,ESTACION DE SERVICIO JOSE JALDIN S.R.L,2319-UPC,Diesel Oil Importado,DIESEL_IMPORTADO,Ciudad,
2026-09-01,2026-09-01,True,False,Santa Cruz,GASOLINA ESPECIAL + (S/DSI),15000.0,L,ESTACION DE SERVICIO SAN LUIS I,543-PUY,Gasolina Especial +,GASOLINA_ESPECIAL_MAS,Ciudad,
2026-09-01,2026-09-01,True,False,Santa Cruz,DIESEL OIL NACIONAL EESS,35000.0,L,ESTACION DE SERVICIO LOS BIBOSIS S.R.L.,5631-AZA,Diesel Oil Nacional,DIESEL_NACIONAL,Provincia,
2026-09-01,2026-09-01,True,False,Santa Cruz,DIESEL OIL IMPORTADO EESS,25000.0,L,SERVICIOS GENERALES LA CAÑADA S.R.L.,2215-HBF,Diesel Oil Importado,DIESEL_IMPORTADO,Ciudad,
2026-09-01,2026-09-01,True,False,Santa Cruz,GASOLINA ESPECIAL + (S/DSI),20000.0,L,SERVICIOS GENERALES LA CAÑADA S.R.L.,2215-HBF,Gasolina Especial +,GASOLINA_ESPECIAL_MAS,Ciudad,
2026-09-01,2026-09-01,True,False,Santa Cruz,DIESEL OIL NACIONAL EESS,25000.0,L,ESTACION DE SERVICIO LA GUARDIA,1803-YHK,Diesel Oil Nacional,DIESEL_NACIONAL,Provincia,
2026-09-01,2026-09-01,True,False,Santa Cruz,DIESEL OIL NACIONAL EESS,25000.0,L,"ESTACION DE SERVICIO ""S.J"" S.R.L.",3598-KXG,Diesel Oil Nacional,DIESEL_NACIONAL,Provincia,
2026-09-01,2026-09-01,True,False,Santa Cruz,DIESEL OIL IMPORTADO EESS,30000.0,L,ESTACION DE SERVICIOS VIRGEN DE COTOCA S.R.L.,1174-GCP,Diesel Oil Importado,DIESEL_IMPORTADO,Ciudad,
2026-09-01,2026-09-01,True,False,Santa Cruz,GASOLINA ESPECIAL + (S/DSI),20000.0,L,ESTACION DE SERVICIOS VIRGEN DE COTOCA S.R.L.,3850-ANL,Gasolina Especial +,GASOLINA_ESPECIAL_MAS,Ciudad,
2026-09-01,2026-09-01,True,False,Santa Cruz,GASOLINA ESPECIAL + EESS,20000.0,L,ESTACION DE SERVICIO DANA S.R.L.,5638-CXH,Gasolina Especial +,GASOLINA_ESPECIAL_MAS,Provincia,
2026-09-01,2026-09-01,True,False,Santa Cruz,DIESEL OIL NACIONAL EESS,25000.0,L,ESTACION DE SERVICIO EL JUNTE II-ALEJANDRA MARIEL BALCAZAR PAZ,2883-XTL,Diesel Oil Nacional,DIESEL_NACIONAL,Provincia,
2026-09-01,2026-09-01,True,False,Santa Cruz,GASOLINA ESPECIAL + EESS,20000.0,L,ESTACION DE SERVICIO DURAZNERO-DANA FLORES DAVALOS,2182-HII,Gasolina Especial +,GASOLINA_ESPECIAL_MAS,Provincia,
2026-09-01,2026-09-01,True,False,Santa Cruz,GASOLINA ESPECIAL + EESS,10000.0,L,ESTACION DE SERVICIO EL JUNTE II-ALEJANDRA MARIEL BALCAZAR PAZ,2883-XTL,Gasolina Especial +,GASOLINA_ESPECIAL_MAS,Provincia,
2026-09-01,2026-09-01,True,False,Santa Cruz,DIESEL OIL NACIONAL EESS,20000.0,L,SURTIDOR EL PATUJU - ROGELIO LA FUENTE OLIVERA,1330-AEN,Diesel Oil Nacional,DIESEL_NACIONAL,Provincia,
2026-09-01,2026-09-01,True,False,Santa Cruz,GASOLINA ESPECIAL + EESS,20000.0,L,"EE.SS. COOP. DE SERVICIOS PUBLICOS DE AGUA POTABLE Y ALCANTARILLADO ""MONTES CLAROS"" R.L.",3134-RAX,Gasolina Especial +,GASOLINA_ESPECIAL_MAS,Provincia,
2026-09-01,2026-09-01,True,False,Santa Cruz,GASOLINA ESPECIAL + (S/DSI),20000.0,L,ESTACION DE SERVICIO SUR SRL SUCURSAL 3,1095-ZCK,Gasolina Especial +,GASOLINA_ESPECIAL_MAS,Ciudad,
2026-09-01,2026-09-01,True,False,Santa Cruz,GASOLINA ESPECIAL + (S/DSI),25000.0,L,ESTACION DE SERVICIO REFINERIA ORIENTAL S.A. - SUC. ZONA 4° ANILLO FRENTE A BUFALO PARK - SC,4108-GPL,Gasolina Especial +,GASOLINA_ESPECIAL_MAS,Ciudad,
2026-09-01,2026-09-01,True,False,Santa Cruz,GASOLINA ESPECIAL + (S/DSI),20000.0,L,REFINERIA ORIENTAL S.A.-SUC. BARRIO LAZARETO,1113-EAA,Gasolina Especial +,GASOLINA_ESPECIAL_MAS,Ciudad,
2026-09-01,2026-09-01,True,False,Santa Cruz,DIESEL OIL NACIONAL EESS,35000.0,L,ESTACION DE SERVICIO SAYE S.R.L.,4414-NAH,Diesel Oil Nacional,DIESEL_NACIONAL,Provincia,
2026-09-01,2026-09-01,True,False,Santa Cruz,GASOLINA ESPECIAL + EESS,20000.0,L,ESTACION DE SERVICIO MIRANDA S.R.L.,2522-BEF,Gasolina Especial +,GASOLINA_ESPECIAL_MAS,Provincia,
2026-09-01,2026-09-01,True,False,Santa Cruz,DIESEL OIL NACIONAL EESS,20000.0,L,COMPAÑIA COMERCIALIZADORA BOLIVIANA DE HIDROCARBUROS CONFI S.R.L.,5297-DNG,Diesel Oil Nacional,DIESEL_NACIONAL,Provincia,
2026-09-01,2026-09-01,True,False,Santa Cruz,GASOLINA ESPECIAL + (S/DSI),10000.0,L,CENTRO DE COMERCIO Y SERVICIOS VALDIVIA FERRUFINO S.R.L.,3853 - BSD,Gasolina Especial +,GASOLINA_ESPECIAL_MAS,Ciudad,
2026-09-01,2026-09-01,True,False,Santa Cruz,DIESEL OIL IMPORTADO EESS,25000.0,L,ESTACION DE SERVICIO TRES PASOS AL FRENTE - VITALIANO ROJAS OLIVERA,5002-IBN,Diesel Oil Importado,DIESEL_IMPORTADO,Ciudad,
2026-09-01,2026-09-01,True,False,Santa Cruz,GASOLINA ESPECIAL + (S/DSI),20000.0,L,ESTACION DE SERVICIO TRES PASOS AL FRENTE - VITALIANO ROJAS OLIVERA,2024-CIX,Gasolina Especial +,GASOLINA_ESPECIAL_MAS,Ciudad,
2026-09-01,2026-09-01,True,False,Santa Cruz,GASOLINA ESPECIAL + EESS,20000.0,L,ESTACION DE SERVICIO JATUMPAMPA SRL,2858-XHR,Gasolina Especial +,GASOLINA_ESPECIAL_MAS,Provincia,
2026-09-01,2026-09-01,True,False,Santa Cruz,DIESEL OIL IMPORTADO EESS,10000.0,L,LAS PALMAS S.R.L.,967-HFA,Diesel Oil Importado,DIESEL_IMPORTADO,Ciudad,
2026-09-01,2026-09-01,True,False,Santa Cruz,GASOLINA ESPECIAL + (S/DSI),10000.0,L,LAS PALMAS S.R.L.,967-HFA,Gasolina Especial +,GASOLINA_ESPECIAL_MAS,Ciudad,
2026-09-01,2026-09-01,True,False,Santa Cruz,GLP DISTRIB. 10 KILOS NAL,11520.0,L,CARMEN R. MELGAREJO GONZALES - DIST. CENTRO GAS,1697-FDN,GLP,GLP,,
2026-09-01,2026-09-01,True,False,Santa Cruz,GASOLINA ESPECIAL + (S/DSI),20000.0,L,ESTACION DE SERVICIO SAN LUIS,543-PUY,Gasolina Especial +,GASOLINA_ESPECIAL_MAS,Ciudad,
2026-09-01,2026-09-01,True,False,Santa Cruz,DIESEL OIL IMPORTADO EESS,35000.0,L,ESTACION DE SERVICIO SAN LUIS,244-ANI,Diesel Oil Importado,DIESEL_IMPORTADO,Ciudad,
2026-09-01,2026-09-01,True,False,Santa Cruz,GASOLINA ESPECIAL + EESS,20000.0,L,ESTACION DE SERVICIO RUTA NORTE S.R.L.,3589-UKG,Gasolina Especial +,GASOLINA_ESPECIAL_MAS,Provincia,
2026-09-01,2026-09-01,True,False,Santa Cruz,GASOLINA ESPECIAL + (S/DSI),20000.0,L,ESTACION DE SERVICIO CLUB GAZEL S.R.L.,2434-YRP,Gasolina Especial +,GASOLINA_ESPECIAL_MAS,Ciudad,
2026-09-01,2026-09-01,True,False,Santa Cruz,GASOLINA ESPECIAL + (S/DSI),20000.0,L,ESTACION DE SERVICIO LA COLORADA,2229-HLP,Gasolina Especial +,GASOLINA_ESPECIAL_MAS,Ciudad,
2026-09-01,2026-09-01,True,False,Santa Cruz,DIESEL OIL NACIONAL EESS,20000.0,L,ESTACION DE SERVICIO COCA-ENRRIQUE COCA LOPEZ,1132-FZP,Diesel Oil Nacional,DIESEL_NACIONAL,Provincia,
2026-09-01,2026-09-01,True,False,Santa Cruz,GASOLINA ESPECIAL + (S/DSI),15000.0,L,ESTACION DE SERVICIO 3F OIL S.R.L.,953-UFL,Gasolina Especial +,GASOLINA_ESPECIAL_MAS,Ciudad,
2026-09-01,2026-09-01,True,False,Santa Cruz,GASOLINA ESPECIAL + (S/DSI),5000.0,L,ESTACION DE SERVICIO 3F OIL S.R.L.,953-UFL,Gasolina Especial +,GASOLINA_ESPECIAL_MAS,Ciudad,
2026-09-01,2026-09-01,True,False,Santa Cruz,DIESEL OIL NACIONAL EESS,20000.0,L,MUYURINA LTDA,647-NPX,Diesel Oil Nacional,DIESEL_NACIONAL,Provincia,
2026-09-01,2026-09-01,True,False,Santa Cruz,GASOLINA ESPECIAL + EESS,20000.0,L,MUYURINA LTDA,647-NPX,Gasolina Especial +,GASOLINA_ESPECIAL_MAS,Provincia,
2026-09-01,2026-09-01,True,False,Santa Cruz,GASOLINA ESPECIAL + EESS,20000.0,L,ESTACION DE SERVICIO TORRIAYALA S.R.L.,1066-TLK,Gasolina Especial +,GASOLINA_ESPECIAL_MAS,Provincia,
2026-09-01,2026-09-01,True,False,Santa Cruz,DIESEL OIL NACIONAL EESS,25000.0,L,ESTACION DE SERVICIO TORRIAYALA S.R.L.,4491-PRD,Diesel Oil Nacional,DIESEL_NACIONAL,Provincia,
2026-09-01,2026-09-01,True,False,Santa Cruz,DIESEL OIL NACIONAL EESS,35000.0,L,ESTACION DE SERVICIO EL JUNTE-ALEJANDRA MARIEL BALCAZAR PAZ,1631-HII,Diesel Oil Nacional,DIESEL_NACIONAL,Provincia,
2026-09-01,2026-09-01,True,False,Santa Cruz,DIESEL OIL NACIONAL EESS,25000.0,L,ESTACION DE SERVICIO MACONDO,1074-IHH,Diesel Oil Nacional,DIESEL_NACIONAL,Provincia,
2026-09-01,2026-09-01,True,False,Santa Cruz,DIESEL OIL NACIONAL EESS,25000.0,L,ESTACION DE SERVICIO EL TAJIBO OKINAWA,1122-SRR,Diesel Oil Nacional,DIESEL_NACIONAL,Provincia,
2026-09-01,2026-09-01,True,False,Santa Cruz,DIESEL OIL NACIONAL EESS,5000.0,L,ESTACION DE SERVICIO CHANE,1074-IHH,Diesel Oil Nacional,DIESEL_NACIONAL,Provincia,
2026-09-01,2026-09-01,True,False,Santa Cruz,GASOLINA ESPECIAL + EESS,20000.0,L,ESTACION DE SERVICIO GASCAR S.R.L.,5342-KHY,Gasolina Especial +,GASOLINA_ESPECIAL_MAS,Provincia,
2026-09-01,2026-09-01,True,False,Santa Cruz,GASOLINA ESPECIAL + EESS,20000.0,L,ESTACION DE SERVICIO SAN SILVESTRE,2265-BKN,Gasolina Especial +,GASOLINA_ESPECIAL_MAS,Provincia,
2026-09-01,2026-09-01,True,False,Santa Cruz,DIESEL OIL IMPORTADO EESS,25000.0,L,ESTACION DE SERVICIO SAN LUIS I,543-PUY,Diesel Oil Importado,DIESEL_IMPORTADO,Ciudad,
2026-09-01,2026-09-01,True,False,Santa Cruz,DIESEL OIL NACIONAL EESS,30000.0,L,ESTACION DE SERVICIO SAN SILVESTRE,514-CEK,Diesel Oil Nacional,DIESEL_NACIONAL,Provincia,
2026-09-01,2026-09-01,True,False,Santa Cruz,DIESEL OIL IMPORTADO EESS,35000.0,L,ESTACION DE SERVICIO RADIAL 10 - HUGO FLORERO ORELLANA,948-PYS,Diesel Oil Importado,DIESEL_IMPORTADO,Ciudad,
2026-09-01,2026-09-01,True,False,Santa Cruz,GASOLINA ESPECIAL + (S/DSI),10000.0,L,ESTACION DE SERVICIO RADIAL 10 - HUGO FLORERO ORELLANA,948-PYS,Gasolina Especial +,GASOLINA_ESPECIAL_MAS,Ciudad,
2026-09-01,2026-09-01,True,False,Santa Cruz,DIESEL OIL IMPORTADO EESS,20000.0,L,COMPLEJO AUTOMOTRIZ VIRGEN DE URKUPIÑA S.R.L.,1135-RGC,Diesel Oil Importado,DIESEL_IMPORTADO,Ciudad,
2026-09-01,2026-09-01,True,False,Santa Cruz,GASOLINA ESPECIAL + (S/DSI),15000.0,L,COMPLEJO AUTOMOTRIZ VIRGEN DE URKUPIÑA S.R.L.,1135-RGC,Gasolina Especial +,GASOLINA_ESPECIAL_MAS,Ciudad,
2026-09-01,2026-09-01,True,False,Santa Cruz,DIESEL OIL NACIONAL EESS,30000.0,L,ESTACION DE SERVICIO FLORES-SIMONA FLORES FLORES,4059-FXU,Diesel Oil Nacional,DIESEL_NACIONAL,Provincia,
2026-09-01,2026-09-01,True,False,Santa Cruz,GLP DISTRIB. 10 KILOS NAL,2160.0,L,DIST. GLP. VALLE GAS - Nancy Arteaga de Lazo,3075-TFX,GLP,GLP,,
2026-09-01,2026-09-01,True,False,Santa Cruz,GLP DISTRIB. 10 KILOS NAL,10150.0,L,DIST. GLP. VALLE GAS - Nancy Arteaga de Lazo,475-RHN,GLP,GLP,,
2026-09-01,2026-09-01,True,False,Santa Cruz,DIESEL OIL NACIONAL EESS,25000.0,L,ESTACION DE SERVICIO VELEZ-HEBERTH VELEZ CORTEZ,1504-CKU,Diesel Oil Nacional,DIESEL_NACIONAL,Provincia,
2026-09-01,2026-09-01,True,False,Santa Cruz,GASOLINA ESPECIAL + EESS,20000.0,L,ESTACION DE SERVICIO ARNEZ - LUIS ARNEZ ONOFRE,4493-XXT,Gasolina Especial +,GASOLINA_ESPECIAL_MAS,Provincia,
2026-09-01,2026-09-01,True,False,Santa Cruz,DIESEL OIL NACIONAL EESS,30000.0,L,ESTACION DE SERVICIO ARNEZ - LUIS ARNEZ ONOFRE,1163-LHT,Diesel Oil Nacional,DIESEL_NACIONAL,Provincia,
2026-09-01,2026-09-01,True,False,Santa Cruz,DIESEL OIL NACIONAL EESS,20000.0,L,ESTACION DE SERVICIO ICHILO SRL,2076-CUF,Diesel Oil Nacional,DIESEL_NACIONAL,Provincia,
2026-09-01,2026-09-01,True,False,Santa Cruz,DIESEL OIL IMPORTADO EESS,20000.0,L,ESTACION DE SERVICIO DICOR S.R.L.,301-SEE,Diesel Oil Importado,DIESEL_IMPORTADO,Ciudad,
2026-09-01,2026-09-01,True,False,Santa Cruz,GLP DISTRIB. 10 KILOS NAL,13200.0,L,JYRL GAS - LOURDES MORALES DE QUIROZ,302-HDB,GLP,GLP,,
2026-09-01,2026-09-01,True,False,Santa Cruz,DIESEL OIL IMPORTADO EESS,25000.0,L,ESTACION DE SERVICIO 3F OIL S.R.L.,953-UFL,Diesel Oil Importado,DIESEL_IMPORTADO,Ciudad,
2026-09-01,2026-09-01,True,False,Santa Cruz,DIESEL OIL NACIONAL EESS,25000.0,L,ESTACION DE SERVICIO MINERO-JHONNY QUINTEROS VASQUEZ,5351-UAG,Diesel Oil Nacional,DIESEL_NACIONAL,Provincia,
2026-09-01,2026-09-01,True,False,Santa Cruz,GASOLINA ESPECIAL + (S/DSI),20000.0,L,GASCO S.R.L.,514-HHE,Gasolina Especial +,GASOLINA_ESPECIAL_MAS,Ciudad,
2026-09-01,2026-09-01,True,False,Santa Cruz,GASOLINA ESPECIAL + (S/DSI),20000.0,L,ESTACION DE SERVICIO DICOR S.R.L.,583-PTR,Gasolina Especial +,GASOLINA_ESPECIAL_MAS,Ciudad,
2026-09-01,2026-09-01,True,False,Santa Cruz,DIESEL OIL IMPORTADO EESS,20000.0,L,ESTACION DE SERVICIO PIRAI S.R.L. SUC. DOBLE VIA LA GUARDIA ESQ. OCTAVO ANILLO,1493-PDD,Diesel Oil Importado,DIESEL_IMPORTADO,Ciudad,
2026-09-01,2026-09-01,True,False,Santa Cruz,GASOLINA ESPECIAL + (S/DSI),20000.0,L,ESTACION DE SERVICIO PIRAI S.R.L. SUC. DOBLE VIA LA GUARDIA ESQ. OCTAVO ANILLO,437-KYY,Gasolina Especial +,GASOLINA_ESPECIAL_MAS,Ciudad,
2026-09-01,2026-09-01,True,False,Santa Cruz,GASOLINA ESPECIAL + (S/DSI),15000.0,L,ESTACION DE SERVICIO PIRAI S.R.L.,437-KYY,Gasolina Especial +,GASOLINA_ESPECIAL_MAS,Ciudad,
2026-09-01,2026-09-01,True,False,Santa Cruz,GASOLINA ESPECIAL + (S/DSI),5000.0,L,ESTACION DE SERVICIO PIRAI S.R.L.,4108-GPL,Gasolina Especial +,GASOLINA_ESPECIAL_MAS,Ciudad,
2026-09-01,2026-09-01,True,False,Santa Cruz,GASOLINA ESPECIAL + (S/DSI),20000.0,L,ESTACION DE SERVICIO REYNALDO CORTEZ QUISPE,5342-KHY,Gasolina Especial +,GASOLINA_ESPECIAL_MAS,Ciudad,
2026-09-01,2026-09-01,True,False,Santa Cruz,DIESEL OIL IMPORTADO EESS,20000.0,L,ESTACION DE SERVICIO SUR S.R.L.-SUCURSAL ESTACION DE SERVICIO LA TECA,825-ATI,Diesel Oil Importado,DIESEL_IMPORTADO,Ciudad,
2026-09-01,2026-09-01,True,False,Santa Cruz,DIESEL OIL IMPORTADO EESS,25000.0,L,ESTACION DE SERVICIO SUR SRL SUCURSAL 3,1390-DBC,Diesel Oil Importado,DIESEL_IMPORTADO,Ciudad,
2026-09-01,2026-09-01,True,False,Santa Cruz,DIESEL OIL IMPORTADO EESS,15000.0,L,ESTACION DE SERVICIO SUR S.R.L. SUCURSAL 2,1999-CDP,Diesel Oil Importado,DIESEL_IMPORTADO,Ciudad,
2026-09-01,2026-09-01,True,False,Santa Cruz,DIESEL OIL IMPORTADO EESS,10000.0,L,ESTACION DE SERVICIO SUR S.R.L. SUCURSAL 2,1390-DBC,Diesel Oil Importado,DIESEL_IMPORTADO,Ciudad,
2026-09-01,2026-09-01,True,False,Santa Cruz,DIESEL OIL NACIONAL EESS,30000.0,L,ESTACION DE SERVICIO SUR S.R.L. SUCURSAL MONTE VERDE,4530-FIY,Diesel Oil Nacional,DIESEL_NACIONAL,Provincia,
2026-09-01,2026-09-01,True,False,Santa Cruz,GASOLINA ESPECIAL + (S/DSI),20000.0,L,ESTACION DE SERVICIO SUR S.R.L.-SUCURSAL ESTACION DE SERVICIO LA TECA,2801-BYP,Gasolina Especial +,GASOLINA_ESPECIAL_MAS,Ciudad,
2026-09-01,2026-09-01,True,False,Santa Cruz,GASOLINA ESPECIAL + (S/DSI),10000.0,L,ESTACION DE SERVICIO SUR S.R.L. SUCURSAL 2,4410-KXK,Gasolina Especial +,GASOLINA_ESPECIAL_MAS,Ciudad,
2026-09-01,2026-09-01,True,False,Santa Cruz,DIESEL OIL NACIONAL EESS,20000.0,L,ABERI SRL,303-DEH,Diesel Oil Nacional,DIESEL_NACIONAL,Provincia,
2026-09-01,2026-09-01,True,False,Santa Cruz,DIESEL OIL IMPORTADO EESS,25000.0,L,ESTACION DE SERVICIO REYNALDO CORTEZ QUISPE,5312-NXE,Diesel Oil Importado,DIESEL_IMPORTADO,Ciudad,
2026-09-01,2026-09-01,True,False,Santa Cruz,GASOLINA ESPECIAL + (S/DSI),20000.0,L,ESTACION DE SERVICIO SUR S.R.L. SUCURSAL 1,4530-GKD,Gasolina Especial +,GASOLINA_ESPECIAL_MAS,Ciudad,
2026-09-01,2026-09-01,True,False,Santa Cruz,GASOLINA ESPECIAL + (S/DSI),20000.0,L,ESTACION DE SERVICIO YOTAU S.R.L.,3792-ENE,Gasolina Especial +,GASOLINA_ESPECIAL_MAS,Ciudad,
2026-09-01,2026-09-01,True,False,Santa Cruz,GASOLINA ESPECIAL + (S/DSI),5000.0,L,ESTACION DE SERVICIO SANTA MARIA,1044-PLP,Gasolina Especial +,GASOLINA_ESPECIAL_MAS,Ciudad,
2026-09-01,2026-09-01,True,False,Santa Cruz,GASOLINA ESPECIAL + (S/DSI),20000.0,L,ESTACION DE SERVICIO SUR S.R.L.,4410-LAU,Gasolina Especial +,GASOLINA_ESPECIAL_MAS,Ciudad,
2026-09-01,2026-09-01,True,False,Santa Cruz,DIESEL OIL IMPORTADO EESS,10000.0,L,ESTACION DE SERVICIO SANTA MARIA,1044-PLP,Diesel Oil Importado,DIESEL_IMPORTADO,Ciudad,
2026-09-01,2026-09-01,True,False,Santa Cruz,GASOLINA ESPECIAL + (S/DSI),20000.0,L,ESTACION DE SERVICIO PALMASOLA,1044-PLP,Gasolina Especial +,GASOLINA_ESPECIAL_MAS,Ciudad,
2026-09-01,2026-09-01,True,False,Santa Cruz,DIESEL OIL IMPORTADO EESS,25000.0,L,ESTACION DE SERVICIO PALMASOLA,1044-PLP,Diesel Oil Importado,DIESEL_IMPORTADO,Ciudad,
2026-09-01,2026-09-01,True,False,Santa Cruz,GASOLINA ESPECIAL + EESS,20000.0,L,ESTACION DE SERVICIO ORTIZ S.R.L.,2506-IHP,Gasolina Especial +,GASOLINA_ESPECIAL_MAS,Provincia,
2026-09-01,2026-09-01,True,False,Santa Cruz,DIESEL OIL IMPORTADO EESS,5000.0,L,REFINERIA ORIENTAL S.A. SUCURSAL MONTECRISTO,1999-CDP,Diesel Oil Importado,DIESEL_IMPORTADO,Ciudad,
2026-09-01,2026-09-01,True,False,Santa Cruz,DIESEL OIL IMPORTADO EESS,30000.0,L,ESTACION DE SERVICIO GUAYACAN S.R.L.,294-PHT,Diesel Oil Importado,DIESEL_IMPORTADO,Ciudad,
2026-09-01,2026-09-01,True,False,Santa Cruz,DIESEL OIL IMPORTADO EESS,15000.0,L,REFINERIA ORIENTAL S.A. SUCURSAL MONTECRISTO,825-ATI,Diesel Oil Importado,DIESEL_IMPORTADO,Ciudad,
2026-09-01,2026-09-01,True,False,Santa Cruz,DIESEL OIL IMPORTADO EESS,10000.0,L,ESTACION DE SERVICIO REFINERIA ORIENTAL S.A. - SUC. ZONA 4° ANILLO FRENTE A BUFALO PARK - SC,1388-TGA,Diesel Oil Importado,DIESEL_IMPORTADO,Ciudad,
2026-09-01,2026-09-01,True,False,Santa Cruz,DIESEL OIL IMPORTADO EESS,10000.0,L,REFINERIA ORIENTAL S.A.-SUC. BARRIO LAZARETO,1388-TGA,Diesel Oil Importado,DIESEL_IMPORTADO,Ciudad,
2026-09-01,2026-09-01,True,False,Santa Cruz,GASOLINA ESPECIAL + (S/DSI),10000.0,L,REFINERIA ORIENTAL S.A. SUCURSAL MONTECRISTO,1095-ZCK,Gasolina Especial +,GASOLINA_ESPECIAL_MAS,Ciudad,
2026-09-01,2026-09-01,True,False,Santa Cruz,DIESEL OIL NACIONAL EESS,20000.0,L,ESTACION DE SERVICIO EL TINTO S.R.L.,1408-PLU,Diesel Oil Nacional,DIESEL_NACIONAL,Provincia,
2026-09-01,2026-09-01,True,False,Santa Cruz,GASOLINA ESPECIAL + (S/DSI),15000.0,L,REFINERIA ORIENTAL S.A. SUCURSAL MONTECRISTO,2801-BYP,Gasolina Especial +,GASOLINA_ESPECIAL_MAS,Ciudad,
2026-09-01,2026-09-01,True,False,Santa Cruz,GASOLINA ESPECIAL + (S/DSI),20000.0,L,REFINERIA ORIENTAL S.A. SUC. NOR ESTE,1095-ZCK,Gasolina Especial +,GASOLINA_ESPECIAL_MAS,Ciudad,
2026-09-01,2026-09-01,True,False,Santa Cruz,GASOLINA ESPECIAL + (S/DSI),20000.0,L,REFINERIA ORIENTAL S.A.-SUC. TERCER ANILLO INTERNO FRENTE CANCHITA ROYAL,5775-AXE,Gasolina Especial +,GASOLINA_ESPECIAL_MAS,Ciudad,
2026-09-01,2026-09-01,True,False,Santa Cruz,GASOLINA ESPECIAL + (S/DSI),20000.0,L,REFINERIA ORIENTAL S.A.,4410-KXK,Gasolina Especial +,GASOLINA_ESPECIAL_MAS,Ciudad,
2026-09-01,2026-09-01,True,False,Santa Cruz,GASOLINA ESPECIAL + (S/DSI),20000.0,L,REFRIGAS S.R.L.,1123-RNR,Gasolina Especial +,GASOLINA_ESPECIAL_MAS,Ciudad,
2026-09-01,2026-09-01,True,False,Santa Cruz,GASOLINA ESPECIAL + (S/DSI),20000.0,L,SURTIDOR VARDONA - SUSANA POEHLMANN GARCIA,475-CBB,Gasolina Especial +,GASOLINA_ESPECIAL_MAS,Ciudad,
2026-09-01,2026-09-01,True,False,Santa Cruz,GLP DISTRIB. 45 KILOS NAL,3600.0,L,SOPESE S.R.L.,6393-FTT,GLP,GLP,,
2026-09-01,2026-09-01,True,False,Santa Cruz,GLP DISTRIB. 45 KILOS NAL,4050.0,L,SOPESE S.R.L.,6393-FTT,GLP,GLP,,
2026-09-01,2026-09-01,True,False,Santa Cruz,GASOLINA ESPECIAL + EESS,25000.0,L,ESTACION DE SERVICIO CASCABEL SUC. CUATRO CAÑADAS-YOHANA PAOLA VACA GUZMAN,466-RYE,Gasolina Especial +,GASOLINA_ESPECIAL_MAS,Provincia,
2026-09-01,2026-09-01,True,False,Santa Cruz,DIESEL OIL NACIONAL EESS,35000.0,L,ESTACION DE SERVICIO CASCABEL SUC. CUATRO CAÑADAS-YOHANA PAOLA VACA GUZMAN,4124-YBX,Diesel Oil Nacional,DIESEL_NACIONAL,Provincia,
2026-09-01,2026-09-01,True,False,Santa Cruz,GASOLINA ESPECIAL + (S/DSI),15000.0,L,ESTACION DE SERVICIO LOS COYUYOS-JULIA GONZALES,3994-CKU,Gasolina Especial +,GASOLINA_ESPECIAL_MAS,Ciudad,
2026-09-01,2026-09-01,True,False,Santa Cruz,DIESEL OIL IMPORTADO EESS,20000.0,L,ESTACION DE SERVICIO LOS COYUYOS-JULIA GONZALES,3994-CKU,Diesel Oil Importado,DIESEL_IMPORTADO,Ciudad,
2026-09-01,2026-09-01,True,False,Santa Cruz,GLP DISTRIB. 10 KILOS NAL,11610.0,L,SOPESE S.R.L.,5268-EKA,GLP,GLP,,
2026-09-01,2026-09-01,True,False,Santa Cruz,GLP DISTRIB. 10 KILOS NAL,10530.0,L,SOPESE S.R.L.,578-IEC,GLP,GLP,,
2026-09-01,2026-09-01,True,False,Santa Cruz,GASOLINA ESPECIAL + (S/DSI),20000.0,L,"ESTACION DE SERVICIO ""GUAPAY"" S.R.L.",447-PSY,Gasolina Especial +,GASOLINA_ESPECIAL_MAS,Ciudad,
2026-09-01,2026-09-01,True,False,Santa Cruz,GLP DISTRIB. 45 KILOS NAL,5400.0,L,DIST. GLP. CRUCEÑITA VASA S.R.L.,3460-KTK,GLP,GLP,,
2026-09-01,2026-09-01,True,False,Santa Cruz,GLP DISTRIB. 10 KILOS NAL,11000.0,L,DIST. GLP. CRUCEÑITA VASA S.R.L.,816-FTN,GLP,GLP,,
2026-09-01,2026-09-01,True,False,Santa Cruz,DIESEL OIL NACIONAL EESS,20000.0,L,ESTACION DE SERVICIO PETRO VAL S.R.L.,1110-USS,Diesel Oil Nacional,DIESEL_NACIONAL,Provincia,
2026-09-01,2026-09-01,True,False,Santa Cruz,GLP DISTRIB. 10 KILOS NAL,10500.0,L,DIST. GLP. CRUCEÑITA VASA S.R.L.,2360-THG,GLP,GLP,,
2026-09-01,2026-09-01,True,False,Santa Cruz,GASOLINA ESPECIAL + (S/DSI),20000.0,L,SURTIDOR CLUBOL - RUTH JIMENEZ DE MONROY,5312-NXE,Gasolina Especial +,GASOLINA_ESPECIAL_MAS,Ciudad,
2026-09-01,2026-09-01,True,False,Santa Cruz,GASOLINA ESPECIAL + (S/DSI),20000.0,L,ESTACION DE SERVICIO APAZA-PATRICIA JORGE DE APAZA,2066-KRR,Gasolina Especial +,GASOLINA_ESPECIAL_MAS,Ciudad,
2026-09-01,2026-09-01,True,False,Santa Cruz,DIESEL OIL IMPORTADO EESS,20000.0,L,ESTACION DE SERVICIO APAZA-PATRICIA JORGE DE APAZA,2066-KRR,Diesel Oil Importado,DIESEL_IMPORTADO,Ciudad,
2026-09-01,2026-09-01,True,False,Santa Cruz,GLP DISTRIB. 10 KILOS NAL,9340.0,L,CARMEN R. MELGAREJO GONZALES - DIST. CENTRO GAS,515-HGI,GLP,GLP,,
2026-09-01,2026-09-01,True,False,Santa Cruz,GLP DISTRIB. 10 KILOS NAL,12240.0,L,DIST. GLP. ALTAMARGAS Juan Pablo Melgarejo Iriarte,1316-NUG,GLP,GLP,,
2026-09-01,2026-09-01,True,False,Santa Cruz,GLP DISTRIB. 10 KILOS NAL,11220.0,L,DIST. GLP. ALTAMARGAS Juan Pablo Melgarejo Iriarte,1294-GFE,GLP,GLP,,
2026-09-01,2026-09-01,True,False,Santa Cruz,GASOLINA ESPECIAL + (S/DSI),24900.0,L,ESTACION DE SERVICIO LA CIMA,297-ACK,Gasolina Especial +,GASOLINA_ESPECIAL_MAS,Ciudad,
2026-09-01,2026-09-01,True,False,Santa Cruz,DIESEL OIL IMPORTADO EESS,20000.0,L,ESTACION DE SERVICIO EL TAROPE - JHONNY AGUILAR ADRIAZOLA,1745-PCU,Diesel Oil Importado,DIESEL_IMPORTADO,Ciudad,
2026-09-01,2026-09-01,True,False,Santa Cruz,GASOLINA ESPECIAL + (S/DSI),15000.0,L,ESTACION DE SERVICIO EL TAROPE - JHONNY AGUILAR ADRIAZOLA,1745-PCU,Gasolina Especial +,GASOLINA_ESPECIAL_MAS,Ciudad,
2026-09-01,2026-09-01,True,False,Santa Cruz,DIESEL OIL NACIONAL EESS,25000.0,L,ESTACION DE SERVICIO LAS CONCHAS S.R.L.,1275-RHG,Diesel Oil Nacional,DIESEL_NACIONAL,Provincia,
2026-09-01,2026-09-01,True,False,Santa Cruz,DIESEL OIL IMPORTADO EESS,25000.0,L,ESTACION DE SERVICIO LAS ORQUIDEAS S.R.L.,5351-UAG,Diesel Oil Importado,DIESEL_IMPORTADO,Ciudad,
2026-09-01,2026-09-01,True,False,Santa Cruz,GASOLINA ESPECIAL + (S/DSI),20000.0,L,ESTACION DE SERVICIO LAS ORQUIDEAS S.R.L.,711-XUH,Gasolina Especial +,GASOLINA_ESPECIAL_MAS,Ciudad,
2026-09-01,2026-09-01,True,False,Santa Cruz,GASOLINA ESPECIAL + (S/DSI),20000.0,L,ESTACION DE SERVICIO DAVILA S.R.L.,1445-CDA,Gasolina Especial +,GASOLINA_ESPECIAL_MAS,Ciudad,
2026-09-01,2026-09-01,True,False,Santa Cruz,DIESEL OIL IMPORTADO EESS,20000.0,L,SURTIDOR COTOCA - JOSE RAMIRO AYALA FLORES,2338-FGD,Diesel Oil Importado,DIESEL_IMPORTADO,Ciudad,
2026-09-01,2026-09-01,True,False,Santa Cruz,DIESEL OIL IMPORTADO EESS,10000.0,L,ESTACION DE SERVICIO EL TERO TERO DE CHICHITA - RODRIGO REMY AQUINO ALVARADO,2468-GTE,Diesel Oil Importado,DIESEL_IMPORTADO,Ciudad,
2026-09-01,2026-09-01,True,False,Santa Cruz,DIESEL OIL IMPORTADO EESS,20000.0,L,YVU CENTRO DE SERVICIOS Y COMERCIO S.R.L.,1060-PIT,Diesel Oil Importado,DIESEL_IMPORTADO,Ciudad,
2026-09-01,2026-09-01,True,False,Santa Cruz,GASOLINA ESPECIAL + (S/DSI),20000.0,L,ESTACION DE SERVICIO EL TERO TERO DE CHICHITA - RODRIGO REMY AQUINO ALVARADO,2468-GTE,Gasolina Especial +,GASOLINA_ESPECIAL_MAS,Ciudad,
2026-09-01,2026-09-01,True,False,Santa Cruz,GASOLINA ESPECIAL + (S/DSI),20000.0,L,ESTACION DE SERVICIO MONTAÑO S.R.L.,1062-SLY,Gasolina Especial +,GASOLINA_ESPECIAL_MAS,Ciudad,
2026-09-01,2026-09-01,True,False,Santa Cruz,GASOLINA ESPECIAL + (S/DSI),20000.0,L,YVU CENTRO DE SERVICIOS Y COMERCIO S.R.L.,1060-PIT,Gasolina Especial +,GASOLINA_ESPECIAL_MAS,Ciudad,
2026-09-01,2026-09-01,True,False,Santa Cruz,DIESEL OIL IMPORTADO EESS,35000.0,L,ESTACION DE SERVICIO MONTAÑO S.R.L.,3031-PAN,Diesel Oil Importado,DIESEL_IMPORTADO,Ciudad,
2026-09-01,2026-09-01,True,False,Santa Cruz,GASOLINA ESPECIAL + (S/DSI),20000.0,L,ESTACION DE SERVICIO BI-OCEANICA S.R.L.,4096-LDR,Gasolina Especial +,GASOLINA_ESPECIAL_MAS,Ciudad,
2026-09-01,2026-09-01,True,False,Santa Cruz,DIESEL OIL IMPORTADO EESS,35000.0,L,ESTACION DE SERVICIO BI-OCEANICA S.R.L.,4269-HNT,Diesel Oil Importado,DIESEL_IMPORTADO,Ciudad,
2026-09-01,2026-09-01,True,False,Santa Cruz,GASOLINA ESPECIAL + (S/DSI),10000.0,L,ESTACION DE SERVICIO LOS MANGALES S.R.L.,1299-GNA,Gasolina Especial +,GASOLINA_ESPECIAL_MAS,Ciudad,
2026-09-01,2026-09-01,True,False,Santa Cruz,DIESEL OIL NACIONAL EESS,20000.0,L,CENTRO DE COMERCIO SANTA RITAKM32 S.R.L.,3853-BSD,Diesel Oil Nacional,DIESEL_NACIONAL,Provincia,
2026-09-01,2026-09-01,True,False,Santa Cruz,DIESEL OIL IMPORTADO EESS,10000.0,L,ESTACION DE SERVICIO MORAGRANDE S.R.L.,1893-NTP,Diesel Oil Importado,DIESEL_IMPORTADO,Ciudad,
2026-09-01,2026-09-01,True,False,Santa Cruz,GASOLINA ESPECIAL + (S/DSI),20000.0,L,R&E 3000 S.R.L.,1197-ATI,Gasolina Especial +,GASOLINA_ESPECIAL_MAS,Ciudad,
2026-09-01,2026-09-01,True,False,Santa Cruz,GASOLINA ESPECIAL + (S/DSI),20000.0,L,ESTACION DE SERVICIO MORAGRANDE S.R.L.,1893-NTP,Gasolina Especial +,GASOLINA_ESPECIAL_MAS,Ciudad,
2026-09-01,2026-09-01,True,False,Santa Cruz,GASOLINA ESPECIAL + (S/DSI),15000.0,L,ESTACION DE SERVICIO EL GASOMETRO S.R.L.,1393-GFA,Gasolina Especial +,GASOLINA_ESPECIAL_MAS,Ciudad,
2026-09-01,2026-09-01,True,False,Santa Cruz,DIESEL OIL IMPORTADO EESS,5000.0,L,ESTACION DE SERVICIO MORAGRANDE S.R.L. (SUC 1),2483-HBD,Diesel Oil Importado,DIESEL_IMPORTADO,Ciudad,
2026-09-01,2026-09-01,True,False,Santa Cruz,DIESEL OIL IMPORTADO EESS,15000.0,L,ESTACION DE SERVICIO MORAGRANDE S.R.L. (SUC 1),2483-HBD,Diesel Oil Importado,DIESEL_IMPORTADO,Ciudad,
2026-09-01,2026-09-01,True,False,Santa Cruz,DIESEL OIL IMPORTADO EESS,35000.0,L,ESTACION DE SERVICIO ELISA S.R.L.,1176-UST,Diesel Oil Importado,DIESEL_IMPORTADO,Ciudad,
2026-09-01,2026-09-01,True,False,Santa Cruz,GASOLINA ESPECIAL + (S/DSI),20000.0,L,ESTACION DE SERVICIO MORAGRANDE S.R.L. (SUC 1),2483-HBD,Gasolina Especial +,GASOLINA_ESPECIAL_MAS,Ciudad,
2026-09-01,2026-09-01,True,False,Santa Cruz,DIESEL OIL IMPORTADO EESS,20000.0,L,R&E 3000 S.R.L.,1197-ATI,Diesel Oil Importado,DIESEL_IMPORTADO,Ciudad,
2026-09-01,2026-09-01,True,False,Santa Cruz,DIESEL OIL IMPORTADO EESS,25000.0,L,ESTACION DE SERVICIO LOS MANGALES S.R.L.,1005-XLH,Diesel Oil Importado,DIESEL_IMPORTADO,Ciudad,
2026-09-01,2026-09-01,True,False,Santa Cruz,GASOLINA ESPECIAL + (S/DSI),5000.0,L,ESTACION DE SERVICIO PANTANAL DEL ORIENTE-ALVARO LUIS AGUILAR ADRIAZOLA,955-YPK,Gasolina Especial +,GASOLINA_ESPECIAL_MAS,Ciudad,
2026-09-01,2026-09-01,True,False,Santa Cruz,DIESEL OIL IMPORTADO EESS,35000.0,L,CENTRO DE COMERCIO Y SERVICIOS VALDIVIA FERRUFINO S.R.L.,2330-NLD,Diesel Oil Importado,DIESEL_IMPORTADO,Ciudad,
2026-09-01,2026-09-01,True,False,Santa Cruz,GASOLINA ESPECIAL + (S/DSI),20000.0,L,ESTACION DE SERVICIO EL ARROYO S.R.L.,1299-GNA,Gasolina Especial +,GASOLINA_ESPECIAL_MAS,Ciudad,
2026-09-01,2026-09-01,True,False,Santa Cruz,GASOLINA ESPECIAL + (S/DSI),20000.0,L,ESTACION DE SERVICIO RIVERO - LUIS ANTONIO RIVERO AÑEZ,681-FDU,Gasolina Especial +,GASOLINA_ESPECIAL_MAS,Ciudad,
2026-09-01,2026-09-01,True,False,Santa Cruz,GASOLINA ESPECIAL + (S/DSI),15000.0,L,ESTACION DE SERVICIO PANTANAL DEL ORIENTE-ALVARO LUIS AGUILAR ADRIAZOLA,584-RKD,Gasolina Especial +,GASOLINA_ESPECIAL_MAS,Ciudad,
2026-09-01,2026-09-01,True,False,Santa Cruz,GASOLINA ESPECIAL + (S/DSI),5000.0,L,ESTACION DE SERVICIO RIVERO - LUIS ANTONIO RIVERO AÑEZ,681-FDU,Gasolina Especial +,GASOLINA_ESPECIAL_MAS,Ciudad,
2026-09-01,2026-09-01,True,False,Santa Cruz,DIESEL OIL IMPORTADO EESS,20000.0,L,ESTACION DE SERVICIO PANTANAL DEL ORIENTE-ALVARO LUIS AGUILAR ADRIAZOLA,584-RKD,Diesel Oil Importado,DIESEL_IMPORTADO,Ciudad,
2026-09-01,2026-09-01,True,False,Santa Cruz,GASOLINA ESPECIAL + (S/DSI),20000.0,L,"EMPRESA DAVILA IMPORTADORA-EXPORTADORA S.R.L. ""DAIMPORT - EXPORT LTDA""",846-IXK,Gasolina Especial +,GASOLINA_ESPECIAL_MAS,Ciudad,
2026-09-01,2026-09-01,True,False,Santa Cruz,GASOLINA ESPECIAL + (S/DSI),20000.0,L,ESTACION DE SERVICIO LA CHORRERA SRL,1393-GFA,Gasolina Especial +,GASOLINA_ESPECIAL_MAS,Ciudad,
2026-09-01,2026-09-01,True,False,Santa Cruz,GASOLINA ESPECIAL + (S/DSI),25000.0,L,ESTACION DE SERVICIO TOTAITU N&T S.R.L.,3598-NKD,Gasolina Especial +,GASOLINA_ESPECIAL_MAS,Ciudad,
2026-09-01,2026-09-01,True,False,Santa Cruz,DIESEL OIL IMPORTADO EESS,30000.0,L,ESTACION DE SERVICIO EMANUEL S.R.L.,332-NTN,Diesel Oil Importado,DIESEL_IMPORTADO,Ciudad,
2026-09-01,2026-09-01,True,False,Santa Cruz,DIESEL OIL IMPORTADO EESS,35000.0,L,ESTACION DE SERVICIO TOTAITU N&T S.R.L.,2390-XBX,Diesel Oil Importado,DIESEL_IMPORTADO,Ciudad,
2026-09-01,2026-09-01,True,False,Santa Cruz,DIESEL OIL IMPORTADO EESS,20000.0,L,"EMPRESA DAVILA IMPORTADORA-EXPORTADORA S.R.L. ""DAIMPORT - EXPORT LTDA""",1383-DKA,Diesel Oil Importado,DIESEL_IMPORTADO,Ciudad,
2026-09-01,2026-09-01,True,False,Santa Cruz,DIESEL OIL IMPORTADO EESS,20000.0,L,ESTACION DE SERVICIO DAVILA S.R.L.,1445-CDA,Diesel Oil Importado,DIESEL_IMPORTADO,Ciudad,
2026-09-01,2026-09-01,True,False,Santa Cruz,GASOLINA ESPECIAL + (S/DSI),5000.0,L,ESTACION DE SERVICIO URBARI SRL,375-KIH,Gasolina Especial +,GASOLINA_ESPECIAL_MAS,Ciudad,
2026-09-01,2026-09-01,True,False,Santa Cruz,GASOLINA ESPECIAL + (S/DSI),14800.0,L,ESTACION DE SERVICIO URBARI SRL,375-KIH,Gasolina Especial +,GASOLINA_ESPECIAL_MAS,Ciudad,
2026-09-01,2026-09-01,True,False,Santa Cruz,DIESEL OIL IMPORTADO EESS,30000.0,L,ESTACION DE SERVICIO YOTAU S.R.L.,1066-ISS,Diesel Oil Importado,DIESEL_IMPORTADO,Ciudad,
2026-09-01,2026-09-01,True,False,Santa Cruz,GASOLINA ESPECIAL + (S/DSI),10000.0,L,ESTACION DE SERVICIO ORSA S.R.L.,6453-URG,Gasolina Especial +,GASOLINA_ESPECIAL_MAS,Ciudad,
2026-09-01,2026-09-01,True,False,Santa Cruz,DIESEL OIL IMPORTADO EESS,10000.0,L,ESTACION DE SERVICIO ORSA SRL-SUCURSAL 1,6453-URG,Diesel Oil Importado,DIESEL_IMPORTADO,Provincia,
2026-09-01,2026-09-01,True,False,Santa Cruz,GASOLINA ESPECIAL + (S/DSI),20000.0,L,ESTACION DE SERVICIO QUINTO ANILLO S.R.L.,3018-UKU,Gasolina Especial +,GASOLINA_ESPECIAL_MAS,Ciudad,
2026-09-01,2026-09-01,True,False,Santa Cruz,DIESEL OIL IMPORTADO EESS,35000.0,L,ESTACION DE SERVICIO QUINTO ANILLO S.R.L.,558-XDK(1),Diesel Oil Importado,DIESEL_IMPORTADO,Ciudad,
2026-09-01,2026-09-01,True,False,Santa Cruz,GASOLINA ESPECIAL + EESS,15000.0,L,ESTACION DE SERVICIO SOMOS GAS SRL,2257-EEE,Gasolina Especial +,GASOLINA_ESPECIAL_MAS,Provincia,
2026-09-01,2026-09-01,True,False,Santa Cruz,GASOLINA ESPECIAL + EESS,10000.0,L,ESTACION DE SERVICIO SOMOS GAS SRL,2257-EEE,Gasolina Especial +,GASOLINA_ESPECIAL_MAS,Provincia,
2026-09-01,2026-09-01,True,False,Santa Cruz,DIESEL OIL IMPORTADO EESS,35000.0,L,ESTACION DE SERVICIO LA CHORRERA SRL,1393-GEU,Diesel Oil Importado,DIESEL_IMPORTADO,Ciudad,
2026-09-01,2026-09-01,True,False,Santa Cruz,GASOLINA ESPECIAL + (S/DSI),25000.0,L,ESTACION DE SERVICIO ORSA SRL-SUCURSAL 1,5583-ADI,Gasolina Especial +,GASOLINA_ESPECIAL_MAS,Provincia,
2026-09-01,2026-08-31,True,True,Santa Cruz,GASOLINA ESPECIAL + EESS,20000.0,L,ESTACION DE SERVICIO SOMOS GAS SRL,2257-EEE,Gasolina Especial +,GASOLINA_ESPECIAL_MAS,Provincia,
2026-09-01,2026-08-31,True,True,Santa Cruz,GASOLINA ESPECIAL + (S/DSI),10000.0,L,SURTIDOR CLUBOL - RUTH JIMENEZ DE MONROY,5312-NXE,Gasolina Especial +,GASOLINA_ESPECIAL_MAS,Ciudad,
2026-09-01,2026-08-29,True,True,Santa Cruz,GASOLINA ESPECIAL + EESS,10000.0,L,ESTACION DE SERVICIO SOMOS GAS SRL,2257-EEE,Gasolina Especial +,GASOLINA_ESPECIAL_MAS,Provincia,
2026-09-01,2026-08-29,True,True,Santa Cruz,GASOLINA ESPECIAL + EESS,25000.0,L,SURTIDOR SANTIAGUITO - E. FABIOLA TORRICO C.,2483-HPX,Gasolina Especial +,GASOLINA_ESPECIAL_MAS,Provincia,
2026-09-14,2026-09-14,True,False,Santa Cruz,GASOLINA ESPECIAL + EESS,20000.0,L,ESTACION DE SERVICIO ANTO - ANTONIO CARLOS LORGIO JUSTINIANO SANTOS,2093-GRU,Gasolina Especial +,GASOLINA_ESPECIAL_MAS,Provincia,
2026-09-14,2026-09-14,True,False,Santa Cruz,GASOLINA ESPECIAL + (S/DSI),10000.0,L,ESTACION DE SERVICIO EL GASOMETRO S.R.L.,1393-GFA,Gasolina Especial +,GASOLINA_ESPECIAL_MAS,Ciudad,
2026-09-14,2026-09-14,True,False,Santa Cruz,GASOLINA ESPECIAL + (S/DSI),20000.0,L,ESTACION DE SERVICIO LA CHORRERA SRL,1393-GFA,Gasolina Especial +,GASOLINA_ESPECIAL_MAS,Ciudad,
2026-09-15,2026-09-15,True,False,Santa Cruz,GASOLINA ESPECIAL + (S/DSI),20000.0,L,ESTACION DE SERVICIO PIRAI S.R.L. SUC. DOBLE VIA LA GUARDIA ESQ. OCTAVO ANILLO,4530-GKD,Gasolina Especial +,GASOLINA_ESPECIAL_MAS,Ciudad,
2026-09-15,2026-09-15,True,False,Santa Cruz,GASOLINA ESPECIAL + (S/DSI),10000.0,L,ESTACION DE SERVICIO PIRAI S.R.L.,4530-FIY,Gasolina Especial +,GASOLINA_ESPECIAL_MAS,Ciudad,
2026-09-15,2026-09-15,True,False,Santa Cruz,GASOLINA ESPECIAL + (S/DSI),20000.0,L,ESTACION DE SERVICIO LOS COYUYOS-JULIA GONZALES,3589-UKG,Gasolina Especial +,GASOLINA_ESPECIAL_MAS,Ciudad,
2026-09-15,2026-09-15,True,False,Santa Cruz,GASOLINA ESPECIAL + (S/DSI),20000.0,L,ESTACION DE SERVICIO SUR S.R.L. SUCURSAL 1,1999-CDP,Gasolina Especial +,GASOLINA_ESPECIAL_MAS,Ciudad,
2026-09-15,2026-09-15,True,False,Santa Cruz,GASOLINA ESPECIAL + (S/DSI),10000.0,L,REFINERIA ORIENTAL S.A. SUCURSAL MONTECRISTO,437-KYY,Gasolina Especial +,GASOLINA_ESPECIAL_MAS,Ciudad,
2026-09-15,2026-09-15,True,False,Santa Cruz,GASOLINA ESPECIAL + (S/DSI),20000.0,L,REFINERIA ORIENTAL S.A. SUC. NOR ESTE,437-KYY,Gasolina Especial +,GASOLINA_ESPECIAL_MAS,Ciudad,
2026-09-15,2026-09-15,True,False,Santa Cruz,GASOLINA ESPECIAL + (S/DSI),20000.0,L,ESTACION DE SERVICIO REFINERIA ORIENTAL S.A. - SUC. ZONA 4° ANILLO FRENTE A BUFALO PARK - SC,4530-FIY,Gasolina Especial +,GASOLINA_ESPECIAL_MAS,Ciudad,
2026-09-15,2026-09-15,True,False,Santa Cruz,GASOLINA ESPECIAL + (S/DSI),20000.0,L,REFINERIA ORIENTAL S.A.,1128-FUX,Gasolina Especial +,GASOLINA_ESPECIAL_MAS,Ciudad,
2026-09-15,2026-09-15,True,False,Santa Cruz,GASOLINA ESPECIAL + (S/DSI),20000.0,L,ESTACION DE SERVICIO GUAYACAN S.R.L.,727-YTY,Gasolina Especial +,GASOLINA_ESPECIAL_MAS,Ciudad,
2026-09-15,2026-09-15,True,False,Santa Cruz,GASOLINA ESPECIAL + EESS,20000.0,L,ESTACION DE SERVICIO ORTIZ S.R.L.,2506-IHP,Gasolina Especial +,GASOLINA_ESPECIAL_MAS,Provincia,
2026-09-15,2026-09-15,True,False,Santa Cruz,GASOLINA ESPECIAL + (S/DSI),20000.0,L,REFRIGAS S.R.L.,1123-RNR,Gasolina Especial +,GASOLINA_ESPECIAL_MAS,Ciudad,
2026-09-15,2026-09-15,True,False,Santa Cruz,GASOLINA ESPECIAL + (S/DSI),10000.0,L,ESTACION DE SERVICIO ORSA S.R.L.,5583-ADI,Gasolina Especial +,GASOLINA_ESPECIAL_MAS,Ciudad,
2026-09-15,2026-09-15,True,False,Santa Cruz,GASOLINA ESPECIAL + (S/DSI),24900.0,L,ESTACION DE SERVICIO LA CIMA,297-ACK,Gasolina Especial +,GASOLINA_ESPECIAL_MAS,Ciudad,
2026-09-15,2026-09-15,True,False,Santa Cruz,GASOLINA ESPECIAL + (S/DSI),5000.0,L,ESTACION DE SERVICIO TOTAITU N&T S.R.L.,3598-NKD,Gasolina Especial +,GASOLINA_ESPECIAL_MAS,Ciudad,
2026-09-15,2026-09-15,True,False,Santa Cruz,GASOLINA ESPECIAL + (S/DSI),20000.0,L,ESTACION DE SERVICIO EL TERO TERO DE CHICHITA - RODRIGO REMY AQUINO ALVARADO,2468-GTE,Gasolina Especial +,GASOLINA_ESPECIAL_MAS,Ciudad,
2026-09-15,2026-09-15,True,False,Santa Cruz,GASOLINA ESPECIAL + (S/DSI),20000.0,L,ESTACION DE SERVICIO LAS ORQUIDEAS S.R.L.,711-XUH,Gasolina Especial +,GASOLINA_ESPECIAL_MAS,Ciudad,
2026-09-15,2026-09-15,True,False,Santa Cruz,GASOLINA ESPECIAL + EESS,5000.0,L,ESTACION DE SERVICIO SOMOS GAS SRL,2257-EEE,Gasolina Especial +,GASOLINA_ESPECIAL_MAS,Provincia,
2026-09-15,2026-09-15,True,False,Santa Cruz,GASOLINA ESPECIAL + (S/DSI),20000.0,L,YVU CENTRO DE SERVICIOS Y COMERCIO S.R.L.,1060-PIT,Gasolina Especial +,GASOLINA_ESPECIAL_MAS,Ciudad,
2026-09-15,2026-09-15,True,False,Santa Cruz,GASOLINA ESPECIAL + EESS,20000.0,L,ESTACION DE SERVICIO SOMOS GAS SRL,2257-EEE,Gasolina Especial +,GASOLINA_ESPECIAL_MAS,Provincia,
2026-09-15,2026-09-15,True,False,Santa Cruz,GASOLINA ESPECIAL + (S/DSI),20000.0,L,"EMPRESA DAVILA IMPORTADORA-EXPORTADORA S.R.L. ""DAIMPORT - EXPORT LTDA""",846-IXK,Gasolina Especial +,GASOLINA_ESPECIAL_MAS,Ciudad,
2026-09-15,2026-09-15,True,False,Santa Cruz,GASOLINA ESPECIAL + (S/DSI),20000.0,L,ESTACION DE SERVICIO YOTAU S.R.L.,3792-ENE,Gasolina Especial +,GASOLINA_ESPECIAL_MAS,Ciudad,
2026-09-15,2026-09-15,True,False,Santa Cruz,GASOLINA ESPECIAL + (S/DSI),10000.0,L,ESTACION DE SERVICIO MORAGRANDE S.R.L.,1893-NTP,Gasolina Especial +,GASOLINA_ESPECIAL_MAS,Ciudad,
2026-09-15,2026-09-15,True,False,Santa Cruz,GASOLINA ESPECIAL + (S/DSI),20000.0,L,ESTACION DE SERVICIO TRES PASOS AL FRENTE - VITALIANO ROJAS OLIVERA,2024-CIX,Gasolina Especial +,GASOLINA_ESPECIAL_MAS,Ciudad,
2026-09-15,2026-09-15,True,False,Santa Cruz,GASOLINA ESPECIAL + (S/DSI),20000.0,L,"ESTACION DE SERVICIO ""GUAPAY"" S.R.L.",447-PSY,Gasolina Especial +,GASOLINA_ESPECIAL_MAS,Ciudad,
2026-09-15,2026-09-15,True,False,Santa Cruz,GASOLINA ESPECIAL + (S/DSI),10000.0,L,ESTACION DE SERVICIO LOS MANGALES S.R.L.,1005-XLH,Gasolina Especial +,GASOLINA_ESPECIAL_MAS,Ciudad,
2026-09-15,2026-09-15,True,False,Santa Cruz,GASOLINA ESPECIAL + (S/DSI),25000.0,L,ESTACION DE SERVICIO ORSA SRL-SUCURSAL 1,5583-ADI,Gasolina Especial +,GASOLINA_ESPECIAL_MAS,Provincia,
2026-09-15,2026-09-15,True,False,Santa Cruz,GASOLINA ESPECIAL + (S/DSI),20000.0,L,ESTACION DE SERVICIO MORAGRANDE S.R.L. (SUC 1),2483-HBD,Gasolina Especial +,GASOLINA_ESPECIAL_MAS,Ciudad,
2026-09-15,2026-09-15,True,False,Santa Cruz,GASOLINA ESPECIAL + (S/DSI),20000.0,L,R&E 3000 S.R.L.,1197-ATI,Gasolina Especial +,GASOLINA_ESPECIAL_MAS,Ciudad,
2026-09-15,2026-09-15,True,False,Santa Cruz,GASOLINA ESPECIAL + (S/DSI),25000.0,L,ESTACION DE SERVICIO BI-OCEANICA S.R.L.,4096-LDR,Gasolina Especial +,GASOLINA_ESPECIAL_MAS,Ciudad,
2026-09-15,2026-09-15,True,False,Santa Cruz,GASOLINA ESPECIAL + (S/DSI),15000.0,L,ESTACION DE SERVICIO QUINTO ANILLO S.R.L.,3018-UKU,Gasolina Especial +,GASOLINA_ESPECIAL_MAS,Ciudad,
2026-09-15,2026-09-15,True,False,Santa Cruz,GASOLINA ESPECIAL + (S/DSI),20000.0,L,ESTACION DE SERVICIO TOTAITU N&T S.R.L.,3598-NKD,Gasolina Especial +,GASOLINA_ESPECIAL_MAS,Ciudad,
2026-09-15,2026-09-15,True,False,Santa Cruz,GASOLINA ESPECIAL + (S/DSI),20000.0,L,ESTACION DE SERVICIO RIVERO - LUIS ANTONIO RIVERO AÑEZ,681-FDU,Gasolina Especial +,GASOLINA_ESPECIAL_MAS,Ciudad,
2026-09-15,2026-09-15,True,False,Santa Cruz,GASOLINA ESPECIAL + (S/DSI),20000.0,L,ESTACION DE SERVICIO EL ARROYO S.R.L.,1299-GNA,Gasolina Especial +,GASOLINA_ESPECIAL_MAS,Ciudad,
2026-09-15,2026-09-15,True,False,Santa Cruz,GLP DISTRIB. 45 KILOS NAL,5400.0,L,DIST. GLP. CRUCEÑITA VASA S.R.L.,3460-KTK,GLP,GLP,,
2026-09-15,2026-09-15,True,False,Santa Cruz,GLP DISTRIB. 10 KILOS NAL,8480.0,L,SOPESE S.R.L.,578-IEC,GLP,GLP,,
2026-09-15,2026-09-15,True,False,Santa Cruz,GLP DISTRIB. 10 KILOS NAL,12240.0,L,DIST. GLP. ALTAMARGAS Juan Pablo Melgarejo Iriarte,1316-NUG,GLP,GLP,,
2026-09-15,2026-09-14,True,True,Santa Cruz,GASOLINA ESPECIAL + EESS,20000.0,L,ESTACION DE SERVICIO FLORES-SIMONA FLORES FLORES,1757-BGC,Gasolina Especial +,GASOLINA_ESPECIAL_MAS,Provincia,
2026-09-15,2026-09-14,True,True,Santa Cruz,GASOLINA ESPECIAL + (S/DSI),10000.0,L,ESTACION DE SERVICIO MORAGRANDE S.R.L.,1893-NTP,Gasolina Especial +,GASOLINA_ESPECIAL_MAS,Ciudad,
2026-09-15,2026-09-12,True,True,Santa Cruz,GLP DISTRIB. 10 KILOS NAL,2640.0,L,DIST. GLP. VALLE GAS - Nancy Arteaga de Lazo,3040-NGN,GLP,GLP,,
2026-09-15,2026-09-12,True,True,Santa Cruz,GLP DISTRIB. 10 KILOS NAL,4200.0,L,DIST. GLP. VALLE GAS - Nancy Arteaga de Lazo,727-LNX,GLP,GLP,,
2026-09-15,2026-09-10,True,True,Santa Cruz,GLP DISTRIB. 45 KILOS NAL,3600.0,L,DIST. GLP. ALTAMARGAS Juan Pablo Melgarejo Iriarte,3082-SBN,GLP,GLP,,
2026-09-15,2026-09-14,True,True,Santa Cruz,GLP DISTRIB. 10 KILOS NAL,13200.0,L,JYRL GAS - LOURDES MORALES DE QUIROZ,302-HDB,GLP,GLP,,
2026-09-15,2026-09-15,True,False,Santa Cruz,GASOLINA ESPECIAL + (S/DSI),20000.0,L,ESTACION DE SERVICIO EL TAROPE - JHONNY AGUILAR ADRIAZOLA,1744-UZH,Gasolina Especial +,GASOLINA_ESPECIAL_MAS,Ciudad,
2026-09-15,2026-09-15,True,False,Santa Cruz,GASOLINA ESPECIAL + EESS,20000.0,L,ESTACION DE SERVICIO PETRO VAL S.R.L.,1292-AKT,Gasolina Especial +,GASOLINA_ESPECIAL_MAS,Provincia,
2026-09-15,2026-09-15,True,False,Santa Cruz,DIESEL OIL IMPORTADO EESS,25000.0,L,ESTACION DE SERVICIO LAS ORQUIDEAS S.R.L.,5351-UAG,Diesel Oil Importado,DIESEL_IMPORTADO,Ciudad,
2026-09-15,2026-09-15,True,False,Santa Cruz,DIESEL OIL IMPORTADO EESS,35000.0,L,ESTACION DE SERVICIO YOTAU S.R.L.,3792-ENE,Diesel Oil Importado,DIESEL_IMPORTADO,Ciudad,
2026-09-15,2026-09-15,True,False,Santa Cruz,DIESEL OIL IMPORTADO EESS,25000.0,L,ESTACION DE SERVICIO LA COLORADA,2434-YRP,Diesel Oil Importado,DIESEL_IMPORTADO,Ciudad,
2026-09-15,2026-09-15,True,False,Santa Cruz,DIESEL OIL IMPORTADO EESS,10000.0,L,ESTACION DE SERVICIO RIVERO - LUIS ANTONIO RIVERO AÑEZ,681-FDU,Diesel Oil Importado,DIESEL_IMPORTADO,Ciudad,
2026-09-15,2026-09-15,True,False,Santa Cruz,DIESEL OIL NACIONAL EESS,35000.0,L,ESTACION DE SERVICIO EL JUNTE-ALEJANDRA MARIEL BALCAZAR PAZ,1631-HII,Diesel Oil Nacional,DIESEL_NACIONAL,Provincia,
2026-09-15,2026-09-15,True,False,Santa Cruz,DIESEL OIL NACIONAL EESS,25000.0,L,ABERI SRL,5305-YZL,Diesel Oil Nacional,DIESEL_NACIONAL,Provincia,
2026-09-15,2026-09-15,True,False,Santa Cruz,DIESEL OIL IMPORTADO EESS,25000.0,L,ESTACION DE SERVICIO MORAGRANDE S.R.L. (SUC 1),2483-HBD,Diesel Oil Importado,DIESEL_IMPORTADO,Ciudad,
2026-09-15,2026-09-15,True,False,Santa Cruz,DIESEL OIL IMPORTADO EESS,25000.0,L,ESTACION DE SERVICIO PANTANAL DEL ORIENTE-ALVARO LUIS AGUILAR ADRIAZOLA,2497-AFH,Diesel Oil Importado,DIESEL_IMPORTADO,Ciudad,
2026-09-15,2026-09-15,True,False,Santa Cruz,DIESEL OIL IMPORTADO EESS,30000.0,L,ESTACION DE SERVICIO LOS MANGALES S.R.L.,1005-XLH,Diesel Oil Importado,DIESEL_IMPORTADO,Ciudad,
2026-09-15,2026-09-15,True,False,Santa Cruz,DIESEL OIL IMPORTADO EESS,30000.0,L,ESTACION DE SERVICIO EMANUEL S.R.L.,332-NTN,Diesel Oil Importado,DIESEL_IMPORTADO,Ciudad,
2026-09-15,2026-09-15,True,False,Santa Cruz,GASOLINA ESPECIAL + EESS,20000.0,L,ESTACION DE SERVICIO JATUMPAMPA SRL,2858-XHR,Gasolina Especial +,GASOLINA_ESPECIAL_MAS,Provincia,
2026-09-15,2026-09-14,True,True,Santa Cruz,GASOLINA ESPECIAL + (S/DSI),10000.0,L,ESTACION DE SERVICIO VERGARA - FABIOLA NOEMI ZORRILLO VERGARA,1184-YND,Gasolina Especial +,GASOLINA_ESPECIAL_MAS,Ciudad,
2026-09-15,2026-09-14,True,True,Santa Cruz,GASOLINA ESPECIAL + EESS,20000.0,L,ESTACION DE SERVICIO SAN JAVIER-MARISOL NEGRETE AGUIRRE,3448-YKA,Gasolina Especial +,GASOLINA_ESPECIAL_MAS,Provincia,
2026-09-15,2026-09-14,True,True,Santa Cruz,GASOLINA ESPECIAL + (S/DSI),5000.0,L,ESTACION DE SERVICIO SANTOS DUMONT NOGALES,961-XHP,Gasolina Especial +,GASOLINA_ESPECIAL_MAS,Ciudad,
2026-09-15,2026-09-14,True,True,Santa Cruz,GASOLINA ESPECIAL + (S/DSI),9900.0,L,ESTACION DE SERVICIO URBARI SRL,375-KIH,Gasolina Especial +,GASOLINA_ESPECIAL_MAS,Ciudad,
2026-09-15,2026-09-14,True,True,Santa Cruz,GASOLINA ESPECIAL + EESS,20000.0,L,ESTACION DE SERVICIO SAYE S.R.L.,1834-TFT,Gasolina Especial +,GASOLINA_ESPECIAL_MAS,Provincia,
2026-09-15,2026-09-14,True,True,Santa Cruz,DIESEL OIL IMPORTADO CF,19900.0,L,JOHAN FEHR HARMS,2326-XRR,Diesel Oil Importado,DIESEL_IMPORTADO,,
2026-09-15,2026-09-14,True,True,Santa Cruz,GASOLINA ESPECIAL + EESS,20000.0,L,ESTACION DE SERVICIO SAN JOSE DE YAPACANI S.R.L.,982-ZKH,Gasolina Especial +,GASOLINA_ESPECIAL_MAS,Provincia,
2026-09-15,2026-09-12,True,True,Santa Cruz,GASOLINA ESPECIAL + (S/DSI),4900.0,L,ESTACION DE SERVICIO URBARI SRL,375-KIH,Gasolina Especial +,GASOLINA_ESPECIAL_MAS,Ciudad,
2026-09-15,2026-09-15,True,False,Santa Cruz,DIESEL OIL IMPORTADO EESS,10000.0,L,ESTACION DE SERVICIO EL ARROYO S.R.L.,1299-GNA,Diesel Oil Importado,DIESEL_IMPORTADO,Ciudad,
2026-09-15,2026-09-15,True,False,Santa Cruz,DIESEL OIL IMPORTADO EESS,25000.0,L,R&E 3000 S.R.L.,1197-ATI,Diesel Oil Importado,DIESEL_IMPORTADO,Ciudad,
2026-09-15,2026-09-15,True,False,Santa Cruz,DIESEL OIL IMPORTADO EESS,30000.0,L,ESTACION DE SERVICIO QUINTO ANILLO S.R.L.,558-XDK(1),Diesel Oil Importado,DIESEL_IMPORTADO,Ciudad,
2026-09-15,2026-09-15,True,False,Santa Cruz,DIESEL OIL IMPORTADO EESS,30000.0,L,ESTACION DE SERVICIO TOTAITU N&T S.R.L.,2390-XBX,Diesel Oil Importado,DIESEL_IMPORTADO,Ciudad,
2026-09-15,2026-09-15,True,False,Santa Cruz,DIESEL OIL IMPORTADO EESS,35000.0,L,ESTACION DE SERVICIO BI-OCEANICA S.R.L.,4269-HNT,Diesel Oil Importado,DIESEL_IMPORTADO,Ciudad,
2026-09-15,2026-09-15,True,False,Santa Cruz,GASOLINA ESPECIAL + EESS,20000.0,L,ESTACION DE SERVICIO SAN SALVADOR - SILVIA VARGAS CRESPO,820-AHG,Gasolina Especial +,GASOLINA_ESPECIAL_MAS,Provincia,
2026-09-15,2026-09-15,True,False,Santa Cruz,GASOLINA ESPECIAL + EESS,20000.0,L,ESTACION DE SERVICIO ARACATACA,863-XYY,Gasolina Especial +,GASOLINA_ESPECIAL_MAS,Provincia,
2026-09-15,2026-09-15,True,False,Santa Cruz,GASOLINA ESPECIAL + (S/DSI),5000.0,L,ESTACION DE SERVICIO SANTOS DUMONT NOGALES,961-XHP,Gasolina Especial +,GASOLINA_ESPECIAL_MAS,Ciudad,
2026-09-15,2026-09-15,True,False,Santa Cruz,GASOLINA ESPECIAL + EESS,20000.0,L,ABERI SRL,1408-PLU,Gasolina Especial +,GASOLINA_ESPECIAL_MAS,Provincia,
2026-09-15,2026-09-15,True,False,Santa Cruz,GASOLINA ESPECIAL + (S/DSI),10000.0,L,ESTACION DE SERVICIO JOSE JALDIN S.R.L,110-IYX,Gasolina Especial +,GASOLINA_ESPECIAL_MAS,Ciudad,
2026-09-15,2026-09-15,True,False,Santa Cruz,GASOLINA ESPECIAL + EESS,20000.0,L,ESTACION DE SERVICIO SAN SILVESTRE,2265-BKN,Gasolina Especial +,GASOLINA_ESPECIAL_MAS,Provincia,
2026-09-15,2026-09-15,True,False,Santa Cruz,GASOLINA ESPECIAL + (S/DSI),20000.0,L,GASCO S.R.L.,1388-TGA,Gasolina Especial +,GASOLINA_ESPECIAL_MAS,Ciudad,
2026-09-15,2026-09-15,True,False,Santa Cruz,GASOLINA ESPECIAL + EESS,25000.0,L,ESTACION DE SERVICIO SUR S.R.L. SUCURSAL MONTE VERDE,1095-ZCK,Gasolina Especial +,GASOLINA_ESPECIAL_MAS,Provincia,
2026-09-15,2026-09-15,True,False,Santa Cruz,GASOLINA ESPECIAL + (S/DSI),20000.0,L,ESTACION DE SERVICIO SUR S.R.L.-SUCURSAL ESTACION DE SERVICIO LA TECA,825-ATI,Gasolina Especial +,GASOLINA_ESPECIAL_MAS,Ciudad,
2026-09-15,2026-09-15,True,False,Santa Cruz,GASOLINA ESPECIAL + (S/DSI),15000.0,L,ESTACION DE SERVICIO SANTA MARIA,1044-PLP,Gasolina Especial +,GASOLINA_ESPECIAL_MAS,Ciudad,
2026-09-15,2026-09-15,True,False,Santa Cruz,GASOLINA ESPECIAL + (S/DSI),20000.0,L,ESTACION DE SERVICIO PALMASOLA,1044-PLP,Gasolina Especial +,GASOLINA_ESPECIAL_MAS,Ciudad,
2026-09-15,2026-09-15,True,False,Santa Cruz,GASOLINA ESPECIAL + (S/DSI),20000.0,L,ESTACION DE SERVICIO SUR SRL SUCURSAL 3,2801-BYP,Gasolina Especial +,GASOLINA_ESPECIAL_MAS,Ciudad,
2026-09-15,2026-09-15,True,False,Santa Cruz,GASOLINA ESPECIAL + (S/DSI),10000.0,L,ESTACION DE SERVICIO SUR S.R.L. SUCURSAL 2,1493-PDD,Gasolina Especial +,GASOLINA_ESPECIAL_MAS,Ciudad,
2026-09-15,2026-09-15,True,False,Santa Cruz,GASOLINA ESPECIAL + (S/DSI),15000.0,L,ESTACION DE SERVICIO SUR S.R.L. SUCURSAL 2,2801-BYP,Gasolina Especial +,GASOLINA_ESPECIAL_MAS,Ciudad,
2026-09-15,2026-09-15,True,False,Santa Cruz,GASOLINA ESPECIAL + (S/DSI),20000.0,L,ESTACION DE SERVICIO SUR S.R.L.,4410-LAU,Gasolina Especial +,GASOLINA_ESPECIAL_MAS,Ciudad,
2026-09-15,2026-09-15,True,False,Santa Cruz,GASOLINA ESPECIAL + (S/DSI),20000.0,L,REFINERIA ORIENTAL S.A.-SUC. BARRIO LAZARETO,514-HHE,Gasolina Especial +,GASOLINA_ESPECIAL_MAS,Ciudad,
2026-09-15,2026-09-15,True,False,Santa Cruz,GASOLINA ESPECIAL + EESS,20000.0,L,ESTACION DE SERVICIO ARNEZ - LUIS ARNEZ ONOFRE,2995-XGK,Gasolina Especial +,GASOLINA_ESPECIAL_MAS,Provincia,
2026-09-15,2026-09-15,True,False,Santa Cruz,GASOLINA ESPECIAL + (S/DSI),5000.0,L,ESTACION DE SERVICIO RIVERO - LUIS ANTONIO RIVERO AÑEZ,681-FDU,Gasolina Especial +,GASOLINA_ESPECIAL_MAS,Ciudad,
2026-09-15,2026-09-15,True,False,Santa Cruz,GASOLINA ESPECIAL + EESS,20000.0,L,TARIFA S.R.L.,1636-FLK,Gasolina Especial +,GASOLINA_ESPECIAL_MAS,Provincia,
2026-09-15,2026-09-15,True,False,Santa Cruz,GASOLINA ESPECIAL + (S/DSI),20000.0,L,BICENTENARIO SRL,2229-HLP,Gasolina Especial +,GASOLINA_ESPECIAL_MAS,,
2026-09-15,2026-09-15,True,False,Santa Cruz,GASOLINA ESPECIAL + EESS,15000.0,L,ESTACION DE SERVICIO LAS CONCHAS S.R.L.,389-IPX,Gasolina Especial +,GASOLINA_ESPECIAL_MAS,Provincia,
2026-09-15,2026-09-15,True,False,Santa Cruz,GASOLINA ESPECIAL + (S/DSI),20000.0,L,ESTACION DE SERVICIO CLUB GAZEL S.R.L.,2120-PKF,Gasolina Especial +,GASOLINA_ESPECIAL_MAS,Ciudad,
2026-09-15,2026-09-14,True,True,Santa Cruz,GASOLINA ESPECIAL + (S/DSI),15000.0,L,ESTACION DE SERVICIO LAS CONCHAS S.R.L.-SUCURSAL LA ENCONADA,389-IPX,Gasolina Especial +,GASOLINA_ESPECIAL_MAS,Provincia,
2026-09-15,2026-09-15,True,False,Santa Cruz,GASOLINA ESPECIAL + EESS,20000.0,L,MUYURINA LTDA,647-NPX,Gasolina Especial +,GASOLINA_ESPECIAL_MAS,Provincia,
2026-09-15,2026-09-15,True,False,Santa Cruz,GASOLINA ESPECIAL + (S/DSI),20000.0,L,ESTACION DE SERVICIO PANTANAL DEL ORIENTE-ALVARO LUIS AGUILAR ADRIAZOLA,955-YPK,Gasolina Especial +,GASOLINA_ESPECIAL_MAS,Ciudad,
2026-09-15,2026-09-14,True,True,Santa Cruz,GASOLINA ESPECIAL + EESS,10000.0,L,GOTEON S.R.L.,1082-GDH,Gasolina Especial +,GASOLINA_ESPECIAL_MAS,Provincia,
2026-09-15,2026-09-15,True,False,Santa Cruz,GLP DISTRIB. 10 KILOS NAL,2640.0,L,DIST. URBANA CENTRO GAS SUC. SANTA CRUZ - CABEZAS - CARMEN ROSARIO MELGAREJO GONZALES,5187-NLY,GLP,GLP,,
2026-09-15,2026-09-15,True,False,Santa Cruz,GLP DISTRIB. 45 KILOS NAL,2250.0,L,CARMEN R. MELGAREJO GONZALES - DIST. CENTRO GAS,6663-IUD,GLP,GLP,,
2026-09-15,2026-09-14,True,True,Santa Cruz,GASOLINA ESPECIAL + EESS,10000.0,L,ESTACION DE SERVICIO MACONDO,1094-EIF,Gasolina Especial +,GASOLINA_ESPECIAL_MAS,Provincia,
2026-09-15,2026-09-15,True,False,Santa Cruz,GLP DISTRIB. 45 KILOS NAL,4050.0,L,SOPESE S.R.L.,6393-FTT,GLP,GLP,,
2026-09-15,2026-09-15,True,False,Santa Cruz,GLP DISTRIB. 10 KILOS NAL,11000.0,L,DIST. GLP. CRUCEÑITA VASA S.R.L.,816-FTN,GLP,GLP,,
2026-09-15,2026-09-15,True,False,Santa Cruz,GLP DISTRIB. 45 KILOS NAL,4500.0,L,DIST. GLP. ALTAMARGAS Juan Pablo Melgarejo Iriarte,3586-ITS,GLP,GLP,,
2026-09-15,2026-09-15,True,False,Santa Cruz,GLP DISTRIB. 10 KILOS NAL,11630.0,L,DIST. GLP. ALTAMARGAS Juan Pablo Melgarejo Iriarte,6683-TRA,GLP,GLP,,
2026-09-15,2026-09-15,True,False,Santa Cruz,GLP DISTRIB. 10 KILOS NAL,6210.0,L,JYRL GAS - LOURDES MORALES DE QUIROZ,1178-ADY,GLP,GLP,,
2026-09-15,2026-09-14,True,True,Santa Cruz,GASOLINA ESPECIAL + (S/DSI),10000.0,L,ESTACION DE SERVICIO RADIAL 10 - HUGO FLORERO ORELLANA,948-PYS,Gasolina Especial +,GASOLINA_ESPECIAL_MAS,Ciudad,
2026-09-15,2026-09-14,True,True,Santa Cruz,GASOLINA ESPECIAL + (S/DSI),10000.0,L,COMPLEJO AUTOMOTRIZ VIRGEN DE URKUPIÑA S.R.L.,1135-RGC,Gasolina Especial +,GASOLINA_ESPECIAL_MAS,Ciudad,
2026-09-15,2026-09-14,True,True,Santa Cruz,GASOLINA ESPECIAL + EESS,20000.0,L,"ESTACION DE SERVICIO ""S.J"" S.R.L.",3598-KXG,Gasolina Especial +,GASOLINA_ESPECIAL_MAS,Provincia,
2026-09-15,2026-09-14,True,True,Santa Cruz,GASOLINA ESPECIAL + (S/DSI),5000.0,L,ESTACION DE SERVICIO 3F OIL S.R.L.,953-UFL,Gasolina Especial +,GASOLINA_ESPECIAL_MAS,Ciudad,
2026-09-15,2026-09-12,True,True,Santa Cruz,DIESEL OIL IMPORTADO EESS,20000.0,L,ESTACION DE SERVICIO VERGARA - FABIOLA NOEMI ZORRILLO VERGARA,1184-YND,Diesel Oil Importado,DIESEL_IMPORTADO,Ciudad,
2026-09-15,2026-09-12,True,True,Santa Cruz,GASOLINA ESPECIAL + (S/DSI),15000.0,L,SURTIDOR CLUBOL - RUTH JIMENEZ DE MONROY,5312-NXE,Gasolina Especial +,GASOLINA_ESPECIAL_MAS,Ciudad,
2026-09-15,2026-09-12,True,True,Santa Cruz,GASOLINA ESPECIAL + (S/DSI),10000.0,L,SURTIDOR CLUBOL - RUTH JIMENEZ DE MONROY,5312-NXE,Gasolina Especial +,GASOLINA_ESPECIAL_MAS,Ciudad,
2026-09-15,2026-09-12,True,True,Santa Cruz,DIESEL OIL NACIONAL EESS,25000.0,L,ESTACION DE SERVICIO EL TAJIBO OKINAWA,2338-GRG,Diesel Oil Nacional,DIESEL_NACIONAL,Provincia,
2026-09-15,2026-09-12,True,True,Santa Cruz,DIESEL OIL NACIONAL EESS,20000.0,L,GOTEON S.R.L.,453-IYH,Diesel Oil Nacional,DIESEL_NACIONAL,Provincia,
2026-09-15,2026-09-12,True,True,Santa Cruz,DIESEL OIL NACIONAL EESS,25000.0,L,ESTACION DE SERVICIO TORRIAYALA S.R.L.,4491-PRD,Diesel Oil Nacional,DIESEL_NACIONAL,Provincia,
2026-09-15,2026-09-12,True,True,Santa Cruz,DIESEL OIL IMPORTADO EESS,5000.0,L,VANGAS S.A,878-ENK,Diesel Oil Importado,DIESEL_IMPORTADO,Ciudad,
2026-09-15,2026-09-12,True,True,Santa Cruz,DIESEL OIL IMPORTADO EESS,15000.0,L,ESTACION DE SERVICIO EL TROMPILLO,878-ENK,Diesel Oil Importado,DIESEL_IMPORTADO,Ciudad,
2026-09-15,2026-09-12,True,True,Santa Cruz,DIESEL OIL NACIONAL EESS,35000.0,L,ESTACION DE SERVICIO LOS BIBOSIS S.R.L.,373-ACE,Diesel Oil Nacional,DIESEL_NACIONAL,Provincia,
2026-09-15,2026-09-11,True,True,Santa Cruz,DIESEL OIL NACIONAL EESS,25000.0,L,ESTACION DE SERVICIO PORTACHUELO LTDA,6683-LEG,Diesel Oil Nacional,DIESEL_NACIONAL,Provincia,
2026-09-15,2026-09-12,True,True,Santa Cruz,GASOLINA ESPECIAL + EESS,10000.0,L,SAN JOAQUIN I S.R.L.,1066-TKG,Gasolina Especial +,GASOLINA_ESPECIAL_MAS,Provincia,
2026-09-15,2026-09-12,True,True,Santa Cruz,DIESEL OIL NACIONAL EESS,20000.0,L,SAN JOAQUIN I S.R.L.,1066-TKG,Diesel Oil Nacional,DIESEL_NACIONAL,Provincia,
2026-09-15,2026-09-14,True,True,Santa Cruz,GLP DISTRIB. 10 KILOS NAL,11520.0,L,CARMEN R. MELGAREJO GONZALES - DIST. CENTRO GAS,559-TXY,GLP,GLP,,
2026-09-15,2026-09-14,True,True,Santa Cruz,GLP DISTRIB. 10 KILOS NAL,10680.0,L,SOPESE S.R.L.,5268-EKA,GLP,GLP,,
2026-09-15,2026-09-12,True,True,Santa Cruz,DIESEL OIL NACIONAL EESS,25000.0,L,ESTACION DE SERVICIO EL BATO,1502-UIR,Diesel Oil Nacional,DIESEL_NACIONAL,Provincia,
2026-09-15,2026-09-12,True,True,Santa Cruz,GASOLINA ESPECIAL + EESS,20000.0,L,COMERCIALIZADORA DE HIDROCARBUROS ABJ S.R.L,6398-RNI,Gasolina Especial +,GASOLINA_ESPECIAL_MAS,Provincia,
2026-09-15,2026-09-12,True,True,Santa Cruz,DIESEL OIL IMPORTADO EESS,15000.0,L,ESTACION DE SERVICIO RADIAL 10 - HUGO FLORERO ORELLANA,948-PYS,Diesel Oil Importado,DIESEL_IMPORTADO,Ciudad,
2026-09-15,2026-09-12,True,True,Santa Cruz,GASOLINA ESPECIAL + (S/DSI),10000.0,L,ESTACION DE SERVICIO RADIAL 10 - HUGO FLORERO ORELLANA,948-PYS,Gasolina Especial +,GASOLINA_ESPECIAL_MAS,Ciudad,
2026-09-15,2026-09-10,True,True,Santa Cruz,DIESEL OIL IMPORTADO GRACO,30000.0,L,FRIGORIFICO BFC S.A.,1635-FXE,Diesel Oil Importado,DIESEL_IMPORTADO,,
2026-09-15,2026-09-10,True,True,Santa Cruz,DIESEL OIL IMPORTADO CF,15000.0,L,RICARDO SAUCEDO BORENSTEIN,377-EDB,Diesel Oil Importado,DIESEL_IMPORTADO,,
2026-09-15,2026-09-12,True,True,Santa Cruz,GLP DISTRIB. 10 KILOS NAL,9820.0,L,JYRL GAS - LOURDES MORALES DE QUIROZ,302-HDB,GLP,GLP,,
2026-09-15,2026-09-15,True,False,Santa Cruz,GASOLINA ESPECIAL + (S/DSI),20000.0,L,ESTACION DE SERVICIO LA CHORRERA SRL,885-PZL,Gasolina Especial +,GASOLINA_ESPECIAL_MAS,Ciudad,
2026-09-15,2026-09-15,True,False,Santa Cruz,GASOLINA ESPECIAL + (S/DSI),25000.0,L,ESTACION DE SERVICIOS VIRGEN DE COTOCA S.R.L.,3850-ANL,Gasolina Especial +,GASOLINA_ESPECIAL_MAS,Ciudad,
2026-09-15,2026-09-15,True,False,Santa Cruz,GASOLINA ESPECIAL + EESS,14000.0,L,ESTACION DE SERVICIO DURAZNERO-DANA FLORES DAVALOS,5638-CXH,Gasolina Especial +,GASOLINA_ESPECIAL_MAS,Provincia,
2026-09-15,2026-09-15,True,False,Santa Cruz,GASOLINA ESPECIAL + EESS,20000.0,L,ESTACION DE SERVICIO DANA S.R.L.,5638-CXH,Gasolina Especial +,GASOLINA_ESPECIAL_MAS,Provincia,
2026-09-15,2026-09-15,True,False,Santa Cruz,GASOLINA ESPECIAL + (S/DSI),5000.0,L,ESTACION DE SERVICIO DAVILA S.R.L.,1445-CDA,Gasolina Especial +,GASOLINA_ESPECIAL_MAS,Ciudad,
2026-09-15,2026-09-15,True,False,Santa Cruz,GASOLINA ESPECIAL + (S/DSI),20000.0,L,SURTIDOR EL PALMAR - DIONICIO CONDORI RODRIGUEZ,782-YPK,Gasolina Especial +,GASOLINA_ESPECIAL_MAS,Ciudad,
2026-09-15,2026-09-15,True,False,Santa Cruz,GASOLINA ESPECIAL + (S/DSI),10000.0,L,GENEX S.A SUCURSAL S.C ZONA GUALBERTO VILLARROEL,1285-UKF,Gasolina Especial +,GASOLINA_ESPECIAL_MAS,Ciudad,
2026-09-15,2026-09-15,True,False,Santa Cruz,GASOLINA ESPECIAL + (S/DSI),20000.0,L,GENEX S.A SUCURSAL SANTA CRUZ ZONA LA RAMADA,863-XYY,Gasolina Especial +,GASOLINA_ESPECIAL_MAS,Ciudad,
2026-09-15,2026-09-15,True,False,Santa Cruz,GASOLINA ESPECIAL + (S/DSI),25000.0,L,CIA BOLIVIANA DE GAS NATURAL COMPRIMIDO GENEX SA,1285-UKF,Gasolina Especial +,GASOLINA_ESPECIAL_MAS,Ciudad,
2026-09-15,2026-09-15,True,False,Santa Cruz,GASOLINA ESPECIAL + EESS,20000.0,L,ESTACION DE SERVICIO GASCAR S.R.L.,5342-KHY,Gasolina Especial +,GASOLINA_ESPECIAL_MAS,Provincia,
2026-09-15,2026-09-15,True,False,Santa Cruz,GASOLINA ESPECIAL + (S/DSI),10000.0,L,ESTACION DE SERVICIO DAVILA S.R.L.,1445-CDA,Gasolina Especial +,GASOLINA_ESPECIAL_MAS,Ciudad,
2026-09-15,2026-09-15,True,False,Santa Cruz,GASOLINA ESPECIAL + EESS,10000.0,L,ESTACION DE SERVICIO CHANE,1094-EIF,Gasolina Especial +,GASOLINA_ESPECIAL_MAS,Provincia,
2026-09-15,2026-09-15,True,False,Santa Cruz,GASOLINA ESPECIAL + EESS,20000.0,L,ESTACION DE SERVICIO COCA-ENRRIQUE COCA LOPEZ,1132-FZP,Gasolina Especial +,GASOLINA_ESPECIAL_MAS,Provincia,
2026-09-15,2026-09-15,True,False,Santa Cruz,GASOLINA ESPECIAL + (S/DSI),15000.0,L,ESTACION DE SERVICIO MONTAÑO S.R.L.,3031-PAN,Gasolina Especial +,GASOLINA_ESPECIAL_MAS,Ciudad,
2026-09-15,2026-09-15,True,False,Santa Cruz,GASOLINA ESPECIAL + EESS,20000.0,L,JARAJORECHI S.R.L.,652-SRU,Gasolina Especial +,GASOLINA_ESPECIAL_MAS,Provincia,
2026-09-15,2026-09-15,True,False,Santa Cruz,GASOLINA ESPECIAL + EESS,20000.0,L,ESTACION DE SERVICIO RUTA NORTE S.R.L.,3589-UKG,Gasolina Especial +,GASOLINA_ESPECIAL_MAS,Provincia,
2026-09-15,2026-09-15,True,False,Santa Cruz,GASOLINA ESPECIAL + (S/DSI),25000.0,L,SURTIDOR VARDONA - SUSANA POEHLMANN GARCIA,863-RUI,Gasolina Especial +,GASOLINA_ESPECIAL_MAS,Ciudad,
2026-09-15,2026-09-15,True,False,Santa Cruz,GASOLINA ESPECIAL + (S/DSI),15000.0,L,GENEX S.A. SUCURSAL ZONA NOR ESTE,851-SLG,Gasolina Especial +,GASOLINA_ESPECIAL_MAS,Ciudad,
2026-09-15,2026-09-15,True,False,Santa Cruz,GASOLINA ESPECIAL + (S/DSI),20000.0,L,GENEX S.A SUCURSAL SANTA CRUZ ZONA ESTE,851-SLG,Gasolina Especial +,GASOLINA_ESPECIAL_MAS,Ciudad,
2026-09-15,2026-09-15,True,False,Santa Cruz,GASOLINA ESPECIAL + (S/DSI),20000.0,L,SERVICIOS GENERALES LA CAÑADA S.R.L.,2215-HBF,Gasolina Especial +,GASOLINA_ESPECIAL_MAS,Ciudad,
2026-09-15,2026-09-15,True,False,Santa Cruz,GASOLINA ESPECIAL + (S/DSI),10000.0,L,VANGAS S.A,1166-FCU,Gasolina Especial +,GASOLINA_ESPECIAL_MAS,Ciudad,
2026-09-15,2026-09-15,True,False,Santa Cruz,GASOLINA ESPECIAL + (S/DSI),20000.0,L,ESTACION DE SERVICIO EL TROMPILLO,1166-FCU,Gasolina Especial +,GASOLINA_ESPECIAL_MAS,Ciudad,
2026-09-15,2026-09-15,True,False,Santa Cruz,GASOLINA ESPECIAL + (S/DSI),20000.0,L,Z & Z LTDA,2319-UPC,Gasolina Especial +,GASOLINA_ESPECIAL_MAS,Ciudad,
2026-09-15,2026-09-15,True,False,Santa Cruz,GASOLINA ESPECIAL + (S/DSI),10000.0,L,CENTRO DE COMERCIO Y SERVICIOS VALDIVIA FERRUFINO S.R.L.,3853-BSD,Gasolina Especial +,GASOLINA_ESPECIAL_MAS,Ciudad,
2026-09-15,2026-09-15,True,False,Santa Cruz,GASOLINA ESPECIAL + (S/DSI),10000.0,L,ESTACION DE SERVICIO EMANUEL S.R.L.,3853-BSD,Gasolina Especial +,GASOLINA_ESPECIAL_MAS,Ciudad,
2026-09-15,2026-09-15,True,False,Santa Cruz,GASOLINA ESPECIAL + (S/DSI),20000.0,L,ESTACION DE SERVICIO SAN LUIS,244-ANI,Gasolina Especial +,GASOLINA_ESPECIAL_MAS,Ciudad,
2026-09-15,2026-09-15,True,False,Santa Cruz,GASOLINA ESPECIAL + EESS,20000.0,L,ESTACION DE SERVICIO MIRANDA S.R.L.,2522-BEF,Gasolina Especial +,GASOLINA_ESPECIAL_MAS,Provincia,
2026-09-15,2026-09-15,True,False,Santa Cruz,GASOLINA ESPECIAL + (S/DSI),15000.0,L,ESTACION DE SERVICIO SAN LUIS I,244-ANI,Gasolina Especial +,GASOLINA_ESPECIAL_MAS,Ciudad,
2026-09-15,2026-09-15,True,False,Santa Cruz,GASOLINA ESPECIAL + (S/DSI),10000.0,L,ESTACION DE SERVICIO 3F OIL S.R.L.,953-UFL,Gasolina Especial +,GASOLINA_ESPECIAL_MAS,Ciudad,
2026-09-16,2026-09-16,True,False,Santa Cruz,GASOLINA ESPECIAL + (S/DSI),20000.0,L,ESTACION DE SERVICIO LAS ORQUIDEAS S.R.L.,711-XUH,Gasolina Especial +,GASOLINA_ESPECIAL_MAS,Ciudad,
2026-09-16,2026-09-15,True,True,Santa Cruz,DIESEL OIL IMPORTADO EESS,5000.0,L,ESTACION DE SERVICIO 3F OIL S.R.L.,953-UFL,Diesel Oil Importado,DIESEL_IMPORTADO,Ciudad,
2026-09-16,2026-09-15,True,True,Santa Cruz,DIESEL OIL IMPORTADO EESS,10000.0,L,SURTIDOR CLUBOL - RUTH JIMENEZ DE MONROY,5312-NXE,Diesel Oil Importado,DIESEL_IMPORTADO,Ciudad,
2026-09-16,2026-09-15,True,True,Santa Cruz,DIESEL OIL IMPORTADO EESS,20000.0,L,ESTACION DE SERVICIO 3F OIL S.R.L.,953-UFL,Diesel Oil Importado,DIESEL_IMPORTADO,Ciudad,
2026-09-16,2026-09-15,True,True,Santa Cruz,DIESEL OIL IMPORTADO EESS,20000.0,L,ESTACION DE SERVICIO CLUB GAZEL S.R.L.,2120-PKF,Diesel Oil Importado,DIESEL_IMPORTADO,Ciudad,
2026-09-16,2026-09-15,True,True,Santa Cruz,DIESEL OIL IMPORTADO EESS,30000.0,L,ESTACION DE SERVICIO GUAYACAN S.R.L.,1190-YPG,Diesel Oil Importado,DIESEL_IMPORTADO,Ciudad,
2026-09-16,2026-09-15,True,True,Santa Cruz,DIESEL OIL IMPORTADO EESS,25000.0,L,ESTACION DE SERVICIO REYNALDO CORTEZ QUISPE,5312-NXE,Diesel Oil Importado,DIESEL_IMPORTADO,Ciudad,
2026-09-16,2026-09-16,True,False,Santa Cruz,GASOLINA ESPECIAL + (S/DSI),20000.0,L,GENEX S.A SUCURSAL SANTA CRUZ ZONA ESTE,1166-FCU,Gasolina Especial +,GASOLINA_ESPECIAL_MAS,Ciudad,
2026-09-16,2026-09-16,True,False,Santa Cruz,GASOLINA ESPECIAL + (S/DSI),10000.0,L,ESTACION DE SERVICIO EL TROMPILLO,1166-FCU,Gasolina Especial +,GASOLINA_ESPECIAL_MAS,Ciudad,
2026-09-16,2026-09-16,True,False,Santa Cruz,DIESEL OIL NACIONAL EESS,25000.0,L,ESTACION DE SERVICIO GASCAR S.R.L.,5342-KHY,Diesel Oil Nacional,DIESEL_NACIONAL,Provincia,
2026-09-16,2026-09-16,True,False,Santa Cruz,GASOLINA ESPECIAL + (S/DSI),20000.0,L,ESTACION DE SERVICIO LA CHORRERA SRL,1393-GEU,Gasolina Especial +,GASOLINA_ESPECIAL_MAS,Ciudad,
2026-09-16,2026-09-16,True,False,Santa Cruz,DIESEL OIL NACIONAL EESS,15000.0,L,ESTACION DE SERVICIO LA GUARDIA,1803-YHK,Diesel Oil Nacional,DIESEL_NACIONAL,Provincia,
2026-09-16,2026-09-16,True,False,Santa Cruz,DIESEL OIL NACIONAL EESS,10000.0,L,ESTACION DE SERVICIO LA GUARDIA,1803-YHK,Diesel Oil Nacional,DIESEL_NACIONAL,Provincia,
2026-09-16,2026-09-16,True,False,Santa Cruz,GASOLINA ESPECIAL + (S/DSI),20000.0,L,REFINERIA ORIENTAL S.A.-SUC. TERCER ANILLO INTERNO FRENTE CANCHITA ROYAL,1113-EAA,Gasolina Especial +,GASOLINA_ESPECIAL_MAS,Ciudad,
2026-09-16,2026-09-15,True,True,Santa Cruz,DIESEL OIL NACIONAL EESS,30000.0,L,ESTACION DE SERVICIO EL TAJIBO OKINAWA,2338-GRG,Diesel Oil Nacional,DIESEL_NACIONAL,Provincia,
2026-09-16,2026-09-15,True,True,Santa Cruz,DIESEL OIL NACIONAL EESS,25000.0,L,ESTACION DE SERVICIO TIERRAS BAJAS SRL.,394-IIX,Diesel Oil Nacional,DIESEL_NACIONAL,Provincia,
2026-09-16,2026-09-15,True,True,Santa Cruz,DIESEL OIL NACIONAL EESS,30000.0,L,ESTACION DE SERVICIO ICHILO SRL,2076-CUF,Diesel Oil Nacional,DIESEL_NACIONAL,Provincia,
2026-09-16,2026-09-12,True,True,Santa Cruz,GASOLINA ESPECIAL + EESS,5000.0,L,ESTACION DE SERVICIO TIERRAS BAJAS SRL.,394-IIX,Gasolina Especial +,GASOLINA_ESPECIAL_MAS,Provincia,
2026-09-16,2026-09-16,True,False,Santa Cruz,GASOLINA ESPECIAL + (S/DSI),20000.0,L,"EMPRESA DAVILA IMPORTADORA-EXPORTADORA S.R.L. ""DAIMPORT - EXPORT LTDA""",846-IXK,Gasolina Especial +,GASOLINA_ESPECIAL_MAS,Ciudad,
2026-09-16,2026-09-16,True,False,Santa Cruz,GASOLINA ESPECIAL + (S/DSI),15000.0,L,COMPAÑIA COMERCIAL DE GAS COMPRIMIDO C.G.C. S.R.L.,2511-RLA,Gasolina Especial +,GASOLINA_ESPECIAL_MAS,Ciudad,
2026-09-16,2026-09-16,True,False,Santa Cruz,GASOLINA ESPECIAL + (S/DSI),20000.0,L,ESTACION DE SERVICIO VERGARA - FABIOLA NOEMI ZORRILLO VERGARA,1189-IUF,Gasolina Especial +,GASOLINA_ESPECIAL_MAS,Ciudad,
2026-09-16,2026-09-15,True,True,Santa Cruz,DIESEL OIL NACIONAL EESS,20000.0,L,ESTACION DE SERVICIO ARACATACA,652-SRU,Diesel Oil Nacional,DIESEL_NACIONAL,Provincia,
2026-09-16,2026-09-15,True,True,Santa Cruz,DIESEL OIL NACIONAL EESS,20000.0,L,COMERCIALIZADORA DE HIDROCARBUROS ABJ S.R.L,6398-RNI,Diesel Oil Nacional,DIESEL_NACIONAL,Provincia,
2026-09-16,2026-09-15,True,True,Santa Cruz,GASOLINA ESPECIAL + EESS,20000.0,L,ESTACION DE SERVICIO CASCABEL SUC. CUATRO CAÑADAS-YOHANA PAOLA VACA GUZMAN,466-RYE,Gasolina Especial +,GASOLINA_ESPECIAL_MAS,Provincia,
2026-09-16,2026-09-16,True,False,Santa Cruz,GASOLINA ESPECIAL + (S/DSI),5000.0,L,ESTACION DE SERVICIO ORSA S.R.L.,5583-ADI,Gasolina Especial +,GASOLINA_ESPECIAL_MAS,Ciudad,
2026-09-16,2026-09-16,True,False,Santa Cruz,GASOLINA ESPECIAL + (S/DSI),5000.0,L,ESTACION DE SERVICIO LAS CONCHAS S.R.L.-SUCURSAL LA ENCONADA,389-IPX,Gasolina Especial +,GASOLINA_ESPECIAL_MAS,Provincia,
2026-09-16,2026-09-16,True,False,Santa Cruz,GASOLINA ESPECIAL + (S/DSI),5000.0,L,"ESTACION DE SERVICIO ""GUAPAY"" S.R.L.",447-PSY,Gasolina Especial +,GASOLINA_ESPECIAL_MAS,Ciudad,
2026-09-16,2026-09-16,True,False,Santa Cruz,GASOLINA ESPECIAL + (S/DSI),15000.0,L,"ESTACION DE SERVICIO ""GUAPAY"" S.R.L.",447-PSY,Gasolina Especial +,GASOLINA_ESPECIAL_MAS,Ciudad,
2026-09-16,2026-09-15,True,True,Santa Cruz,DIESEL OIL NACIONAL EESS,30000.0,L,ESTACION DE SERVICIO ARNEZ - LUIS ARNEZ ONOFRE,1163-LHT,Diesel Oil Nacional,DIESEL_NACIONAL,Provincia,
2026-09-16,2026-09-15,True,True,Santa Cruz,DIESEL OIL IMPORTADO EESS,20000.0,L,ESTACION DE SERVICIO SUR SRL SUCURSAL 3,2447-AGD,Diesel Oil Importado,DIESEL_IMPORTADO,Ciudad,
2026-09-16,2026-09-15,True,True,Santa Cruz,DIESEL OIL NACIONAL EESS,20000.0,L,ESTACION DE SERVICIO COCA-ENRRIQUE COCA LOPEZ,1132-FZP,Diesel Oil Nacional,DIESEL_NACIONAL,Provincia,
2026-09-16,2026-09-15,True,True,Santa Cruz,DIESEL OIL IMPORTADO EESS,15000.0,L,ESTACION DE SERVICIO SUR S.R.L. SUCURSAL 2,2447-AGD,Diesel Oil Importado,DIESEL_IMPORTADO,Ciudad,
2026-09-16,2026-09-15,True,True,Santa Cruz,DIESEL OIL IMPORTADO EESS,10000.0,L,REFINERIA ORIENTAL S.A. SUCURSAL MONTECRISTO,5775-AXE,Diesel Oil Importado,DIESEL_IMPORTADO,Ciudad,
2026-09-16,2026-09-15,True,True,Santa Cruz,DIESEL OIL IMPORTADO EESS,5000.0,L,ESTACION DE SERVICIO PALMASOLA,514-HAC,Diesel Oil Importado,DIESEL_IMPORTADO,Ciudad,
2026-09-16,2026-09-15,True,True,Santa Cruz,DIESEL OIL IMPORTADO EESS,10000.0,L,REFINERIA ORIENTAL S.A. SUC. NOR ESTE,5775-AXE,Diesel Oil Importado,DIESEL_IMPORTADO,Ciudad,
2026-09-16,2026-09-15,True,True,Santa Cruz,DIESEL OIL NACIONAL EESS,20000.0,L,SURTIDOR CHARAGUA,1148-XGX,Diesel Oil Nacional,DIESEL_NACIONAL,Provincia,
2026-09-16,2026-09-15,True,True,Santa Cruz,DIESEL OIL NACIONAL EESS,30000.0,L,ESTACION DE SERVICIO LAS CONCHAS S.R.L.,1275-RHG,Diesel Oil Nacional,DIESEL_NACIONAL,Provincia,
2026-09-16,2026-09-15,True,True,Santa Cruz,DIESEL OIL IMPORTADO EESS,25000.0,L,COMPAÑIA COMERCIAL DE GAS COMPRIMIDO C.G.C. S.R.L.,2511-RLA,Diesel Oil Importado,DIESEL_IMPORTADO,Ciudad,
2026-09-16,2026-09-15,True,True,Santa Cruz,DIESEL OIL IMPORTADO EESS,10000.0,L,ESTACION DE SERVICIO SANTA MARIA,514-HAC,Diesel Oil Importado,DIESEL_IMPORTADO,Ciudad,
2026-09-16,2026-09-15,True,True,Santa Cruz,DIESEL OIL IMPORTADO EESS,20000.0,L,ESTACION DE SERVICIO PALMASOLA,514-HAC,Diesel Oil Importado,DIESEL_IMPORTADO,Ciudad,
2026-09-16,2026-09-15,True,True,Santa Cruz,DIESEL OIL NACIONAL EESS,5000.0,L,MUYURINA LTDA,3598-KXG,Diesel Oil Nacional,DIESEL_NACIONAL,Provincia,
2026-09-16,2026-09-15,True,True,Santa Cruz,GASOLINA ESPECIAL + (S/DSI),20000.0,L,SURTIDOR COTOCA - JOSE RAMIRO AYALA FLORES,2338-FGD,Gasolina Especial +,GASOLINA_ESPECIAL_MAS,Ciudad,
2026-09-16,2026-09-15,True,True,Santa Cruz,DIESEL OIL NACIONAL EESS,25000.0,L,"ESTACION DE SERVICIO ""S.J"" S.R.L.",3598-KXG,Diesel Oil Nacional,DIESEL_NACIONAL,Provincia,
2026-09-16,2026-09-15,True,True,Santa Cruz,DIESEL OIL NACIONAL EESS,20000.0,L,SURTIDOR SANTIAGUITO - E. FABIOLA TORRICO C.,2483-HPX,Diesel Oil Nacional,DIESEL_NACIONAL,Provincia,
2026-09-16,2026-09-15,True,True,Santa Cruz,DIESEL OIL NACIONAL EESS,25000.0,L,SURTIDOR LOS NEGROS - NERY TABOADA CONTRERAS,1871-FDS,Diesel Oil Nacional,DIESEL_NACIONAL,Provincia,
2026-09-16,2026-09-15,True,True,Santa Cruz,DIESEL OIL IMPORTADO EESS,10000.0,L,Z & Z LTDA,2319-UPC,Diesel Oil Importado,DIESEL_IMPORTADO,Ciudad,
2026-09-16,2026-09-15,True,True,Santa Cruz,DIESEL OIL NACIONAL EESS,30000.0,L,ESTACION DE SERVICIO SAN SALVADOR - SILVIA VARGAS CRESPO,2307-HGK,Diesel Oil Nacional,DIESEL_NACIONAL,Provincia,
2026-09-16,2026-09-15,True,True,Santa Cruz,DIESEL OIL NACIONAL EESS,20000.0,L,ESTACION DE SERVICIO PAULINA S.R.L.,130-TKT,Diesel Oil Nacional,DIESEL_NACIONAL,Provincia,
2026-09-16,2026-09-15,True,True,Santa Cruz,GASOLINA ESPECIAL + (S/DSI),10000.0,L,ESTACION DE SERVICIO DICOR S.R.L.,583-PTR,Gasolina Especial +,GASOLINA_ESPECIAL_MAS,Ciudad,
2026-09-16,2026-09-15,True,True,Santa Cruz,GASOLINA ESPECIAL + (S/DSI),10000.0,L,COMPLEJO AUTOMOTRIZ VIRGEN DE URKUPIÑA S.R.L.,1135-RGC,Gasolina Especial +,GASOLINA_ESPECIAL_MAS,Ciudad,
2026-09-16,2026-09-15,True,True,Santa Cruz,GASOLINA ESPECIAL + (S/DSI),5000.0,L,ESTACION DE SERVICIO SANTOS DUMONT NOGALES,961-XHP,Gasolina Especial +,GASOLINA_ESPECIAL_MAS,Ciudad,
2026-09-16,2026-09-15,True,True,Santa Cruz,GASOLINA ESPECIAL + EESS,15000.0,L,SURTIDOR SANTIAGUITO - E. FABIOLA TORRICO C.,2483-HPX,Gasolina Especial +,GASOLINA_ESPECIAL_MAS,Provincia,
2026-09-16,2026-09-14,True,True,Santa Cruz,GASOLINA ESPECIAL + EESS,10000.0,L,ESTACION DE SERVICIO VELEZ-HEBERTH VELEZ CORTEZ,1504-CKU,Gasolina Especial +,GASOLINA_ESPECIAL_MAS,Provincia,
2026-09-16,2026-09-14,True,True,Santa Cruz,GASOLINA ESPECIAL + (S/DSI),9900.0,L,ESTACION DE SERVICIO URBARI SRL,375-KIH,Gasolina Especial +,GASOLINA_ESPECIAL_MAS,Ciudad,
2026-09-16,2026-09-14,True,True,Santa Cruz,DIESEL OIL NACIONAL EESS,30000.0,L,ESTACION DE SERVICIO TORRIAYALA S.R.L.,4491-PRD,Diesel Oil Nacional,DIESEL_NACIONAL,Provincia,
2026-09-16,2026-09-16,True,False,Santa Cruz,DIESEL OIL IMPORTADO EESS,5000.0,L,ESTACION DE SERVICIO SANTOS DUMONT NOGALES,961-XHP,Diesel Oil Importado,DIESEL_IMPORTADO,Ciudad,
2026-09-16,2026-09-16,True,False,Santa Cruz,GASOLINA ESPECIAL + (S/DSI),20000.0,L,YVU CENTRO DE SERVICIOS Y COMERCIO S.R.L.,1060-PIT,Gasolina Especial +,GASOLINA_ESPECIAL_MAS,Ciudad,
2026-09-16,2026-09-16,True,False,Santa Cruz,GASOLINA ESPECIAL + (S/DSI),5000.0,L,ESTACION DE SERVICIO SUR S.R.L. SUCURSAL 2,1128-FUX,Gasolina Especial +,GASOLINA_ESPECIAL_MAS,Ciudad,
2026-09-16,2026-09-16,True,False,Santa Cruz,GASOLINA ESPECIAL + (S/DSI),5000.0,L,REFINERIA ORIENTAL S.A. SUCURSAL MONTECRISTO,1128-FUX,Gasolina Especial +,GASOLINA_ESPECIAL_MAS,Ciudad,
2026-09-16,2026-09-16,True,False,Santa Cruz,GASOLINA ESPECIAL + EESS,20000.0,L,ESTACION DE SERVICIO AGUAI S.R.L.,380-RHB,Gasolina Especial +,GASOLINA_ESPECIAL_MAS,Provincia,
2026-09-16,2026-09-16,True,False,Santa Cruz,GASOLINA ESPECIAL + (S/DSI),25000.0,L,ESTACION DE SERVICIO EL GASOMETRO S.R.L.,1393-GFA,Gasolina Especial +,GASOLINA_ESPECIAL_MAS,Ciudad,
2026-09-16,2026-09-16,True,False,Santa Cruz,GASOLINA ESPECIAL + EESS,15000.0,L,ESTACION DE SERVICIO VELEZ-HEBERTH VELEZ CORTEZ,1504-CKU,Gasolina Especial +,GASOLINA_ESPECIAL_MAS,Provincia,
2026-09-16,2026-09-16,True,False,Santa Cruz,GASOLINA ESPECIAL + (S/DSI),20000.0,L,BICENTENARIO SRL,2229-HLP,Gasolina Especial +,GASOLINA_ESPECIAL_MAS,,
2026-09-16,2026-09-16,True,False,Santa Cruz,GASOLINA ESPECIAL + EESS,20000.0,L,COMPAÑIA COMERCIALIZADORA BOLIVIANA DE HIDROCARBUROS CONFI S.R.L.,5297-DNG,Gasolina Especial +,GASOLINA_ESPECIAL_MAS,Provincia,
2026-09-16,2026-09-16,True,False,Santa Cruz,GASOLINA ESPECIAL + (S/DSI),15000.0,L,GAS DEL ESTE S.R.L.,622-IUN,Gasolina Especial +,GASOLINA_ESPECIAL_MAS,Ciudad,
2026-09-16,2026-09-16,True,False,Santa Cruz,GASOLINA ESPECIAL + EESS,20000.0,L,ESTACION DE SERVICIO EL TINTO S.R.L.,303-DEH,Gasolina Especial +,GASOLINA_ESPECIAL_MAS,Provincia,
2026-09-16,2026-09-16,True,False,Santa Cruz,GASOLINA ESPECIAL + EESS,15000.0,L,ESTACION DE SERVICIO EL MIRADOR - SONIA SORUCO ROCA,6014-GEE,Gasolina Especial +,GASOLINA_ESPECIAL_MAS,Provincia,
2026-09-16,2026-09-16,True,False,Santa Cruz,GASOLINA ESPECIAL + EESS,20000.0,L,ESTACION DE SERVICIO LA CUEVA - ROLANDO CHAVEZ VACA,6014-GEE,Gasolina Especial +,GASOLINA_ESPECIAL_MAS,Provincia,
2026-09-16,2026-09-15,True,True,Santa Cruz,DIESEL OIL NACIONAL EESS,35000.0,L,ESTACION DE SERVICIO ARACATACA,1166-FCU,Diesel Oil Nacional,DIESEL_NACIONAL,Provincia,
2026-09-16,2026-09-16,True,False,Santa Cruz,GASOLINA ESPECIAL + (S/DSI),20000.0,L,ESTACION DE SERVICIO TRES PASOS AL FRENTE - VITALIANO ROJAS OLIVERA,2024-CIX,Gasolina Especial +,GASOLINA_ESPECIAL_MAS,Ciudad,
2026-09-16,2026-09-16,True,False,Santa Cruz,GASOLINA ESPECIAL + (S/DSI),20000.0,L,ESTACION DE SERVICIO LOS COYUYOS-JULIA GONZALES,3589-UKG,Gasolina Especial +,GASOLINA_ESPECIAL_MAS,Ciudad,
2026-09-16,2026-09-16,True,False,Santa Cruz,GASOLINA ESPECIAL + EESS,5000.0,L,ESTACION DE SERVICIO EL JUNTE II-ALEJANDRA MARIEL BALCAZAR PAZ,468-RHE(1),Gasolina Especial +,GASOLINA_ESPECIAL_MAS,Provincia,
2026-09-16,2026-09-16,True,False,Santa Cruz,GASOLINA ESPECIAL + EESS,20000.0,L,SURTIDOR EL PATUJU - ROGELIO LA FUENTE OLIVERA,1330-AEN,Gasolina Especial +,GASOLINA_ESPECIAL_MAS,Provincia,
2026-09-16,2026-09-16,True,False,Santa Cruz,GASOLINA ESPECIAL + EESS,20000.0,L,ESTACION DE SERVICIO FLORES-SIMONA FLORES FLORES,1757-BGC,Gasolina Especial +,GASOLINA_ESPECIAL_MAS,Provincia,
2026-09-16,2026-09-16,True,False,Santa Cruz,GASOLINA ESPECIAL + EESS,15000.0,L,ESTACION DE SERVICIO EL JUNTE II-ALEJANDRA MARIEL BALCAZAR PAZ,553-ESR,Gasolina Especial +,GASOLINA_ESPECIAL_MAS,Provincia,
2026-09-16,2026-09-15,True,True,Santa Cruz,GASOLINA ESPECIAL + EESS,10000.0,L,ESTACION DE SERVICIO VALLES CRUCEÑOS,1100-GFG,Gasolina Especial +,GASOLINA_ESPECIAL_MAS,Provincia,
2026-09-16,2026-09-15,True,True,Santa Cruz,DIESEL OIL NACIONAL EESS,30000.0,L,ESTACION DE SERVICIO SUR S.R.L. SUCURSAL MONTE VERDE,1095-ZCK,Diesel Oil Nacional,DIESEL_NACIONAL,Provincia,
2026-09-16,2026-09-15,True,True,Santa Cruz,DIESEL OIL NACIONAL EESS,5000.0,L,SURTIDOR CHARAGUA,466-UHP,Diesel Oil Nacional,DIESEL_NACIONAL,Provincia,
2026-09-16,2026-09-15,True,True,Santa Cruz,DIESEL OIL IMPORTADO EESS,25000.0,L,COMPLEJO AUTOMOTRIZ VIRGEN DE URKUPIÑA S.R.L.,1135-RGC,Diesel Oil Importado,DIESEL_IMPORTADO,Ciudad,
2026-09-16,2026-09-15,True,True,Santa Cruz,DIESEL OIL IMPORTADO EESS,30000.0,L,ESTACION DE SERVICIO RADIAL 10 - HUGO FLORERO ORELLANA,948-PYS,Diesel Oil Importado,DIESEL_IMPORTADO,Ciudad,
2026-09-16,2026-09-15,True,True,Santa Cruz,DIESEL OIL NACIONAL EESS,10000.0,L,ESTACION DE SERVICIO CONCEPCION SRL,483-XYF,Diesel Oil Nacional,DIESEL_NACIONAL,Provincia,
2026-09-16,2026-09-15,True,True,Santa Cruz,DIESEL OIL NACIONAL EESS,15000.0,L,ESTACION DE SERVICIO CONCEPCION SRL,4713-YZU,Diesel Oil Nacional,DIESEL_NACIONAL,Provincia,
2026-09-16,2026-09-15,True,True,Santa Cruz,DIESEL OIL NACIONAL EESS,15000.0,L,ESTACION DE SERVICIO EUSE CRUZ,1505-LRF,Diesel Oil Nacional,DIESEL_NACIONAL,Provincia,
2026-09-16,2026-09-15,True,True,Santa Cruz,DIESEL OIL NACIONAL EESS,25000.0,L,MUYURINA LTDA,647-NPX,Diesel Oil Nacional,DIESEL_NACIONAL,Provincia,
2026-09-16,2026-09-15,True,True,Santa Cruz,DIESEL OIL NACIONAL EESS,25000.0,L,ESTACION DE SERVICIO ANTO - ANTONIO CARLOS LORGIO JUSTINIANO SANTOS,2093-GRU,Diesel Oil Nacional,DIESEL_NACIONAL,Provincia,
2026-09-16,2026-09-15,True,True,Santa Cruz,DIESEL OIL NACIONAL EESS,25000.0,L,"EMPRESA DAVILA IMPORTADORA-EXPORTADORA S.R.L. ""DAIMPORT - EXPORT LTDA""",1383-DKA,Diesel Oil Nacional,DIESEL_NACIONAL,Ciudad,
2026-09-16,2026-09-15,True,True,Santa Cruz,GASOLINA ESPECIAL + EESS,20000.0,L,ESTACION DE SERVICIO EL JUNTE-ALEJANDRA MARIEL BALCAZAR PAZ,553-ESR,Gasolina Especial +,GASOLINA_ESPECIAL_MAS,Provincia,
2026-09-16,2026-09-15,True,True,Santa Cruz,DIESEL OIL NACIONAL EESS,25000.0,L,ESTACION DE SERVICIO VALLES CRUCEÑOS,1100-GFG,Diesel Oil Nacional,DIESEL_NACIONAL,Provincia,
2026-09-16,2026-09-15,True,True,Santa Cruz,DIESEL OIL NACIONAL EESS,25000.0,L,ESTACION DE SERVICIO EL BATO,1502-UIR,Diesel Oil Nacional,DIESEL_NACIONAL,Provincia,
2026-09-16,2026-09-15,True,True,Santa Cruz,DIESEL OIL NACIONAL EESS,25000.0,L,ESTACION DE SERVICIO EL JUNTE II-ALEJANDRA MARIEL BALCAZAR PAZ,468-RHE(1),Diesel Oil Nacional,DIESEL_NACIONAL,Provincia,
2026-09-16,2026-09-15,True,True,Santa Cruz,DIESEL OIL IMPORTADO EESS,10000.0,L,"ESTACION DE SERVICIO ""GUAPAY"" S.R.L.",447-PSY,Diesel Oil Importado,DIESEL_IMPORTADO,Ciudad,
2026-09-16,2026-09-15,True,True,Santa Cruz,DIESEL OIL IMPORTADO EESS,24000.0,L,YVU CENTRO DE SERVICIOS Y COMERCIO S.R.L.,1060-PIT,Diesel Oil Importado,DIESEL_IMPORTADO,Ciudad,
2026-09-16,2026-09-15,True,True,Santa Cruz,DIESEL OIL IMPORTADO EESS,20000.0,L,ESTACION DE SERVICIO VERGARA - FABIOLA NOEMI ZORRILLO VERGARA,1184-YND,Diesel Oil Importado,DIESEL_IMPORTADO,Ciudad,
2026-09-16,2026-09-15,True,True,Santa Cruz,DIESEL OIL NACIONAL EESS,35000.0,L,ESTACION DE SERVICIO LOS BIBOSIS S.R.L.,5631-AZA,Diesel Oil Nacional,DIESEL_NACIONAL,Provincia,
2026-09-16,2026-09-15,True,True,Santa Cruz,GASOLINA ESPECIAL + (S/DSI),15000.0,L,ESTACION DE SERVICIO DICOR S.R.L.,583-PTR,Gasolina Especial +,GASOLINA_ESPECIAL_MAS,Ciudad,
2026-09-16,2026-09-15,True,True,Santa Cruz,GASOLINA ESPECIAL + EESS,20000.0,L,ESTACION DE SERVICIO KM. 75 S.R.L,5305-ZAN,Gasolina Especial +,GASOLINA_ESPECIAL_MAS,Provincia,
2026-09-16,2026-09-15,True,True,Santa Cruz,GASOLINA ESPECIAL + (S/DSI),5000.0,L,CENTRO DE COMERCIO Y SERVICIOS VALDIVIA FERRUFINO S.R.L.,3853-BSD,Gasolina Especial +,GASOLINA_ESPECIAL_MAS,Ciudad,
2026-09-16,2026-09-15,True,True,Santa Cruz,GASOLINA ESPECIAL + EESS,20000.0,L,SURTIDOR CHARAGUA,466-UHP,Gasolina Especial +,GASOLINA_ESPECIAL_MAS,Provincia,
2026-09-16,2026-09-15,True,True,Santa Cruz,GASOLINA ESPECIAL + (S/DSI),10000.0,L,ESTACION DE SERVICIO 3F OIL S.R.L.,953-UFL,Gasolina Especial +,GASOLINA_ESPECIAL_MAS,Ciudad,
2026-09-16,2026-09-14,True,True,Santa Cruz,GASOLINA ESPECIAL + EESS,20000.0,L,ESTACION DE SERVICIO CONCEPCION SRL,4713-YZU,Gasolina Especial +,GASOLINA_ESPECIAL_MAS,Provincia,
2026-09-16,2026-09-14,True,True,Santa Cruz,GASOLINA ESPECIAL + EESS,20000.0,L,ESTACION DE SERVICIO EL TAJIBO OKINAWA,1122-SRR,Gasolina Especial +,GASOLINA_ESPECIAL_MAS,Provincia,
2026-09-16,2026-09-14,True,True,Santa Cruz,GASOLINA ESPECIAL + EESS,19500.0,L,ESTACION DE SERVICIO EUSE CRUZ,1505-LRF,Gasolina Especial +,GASOLINA_ESPECIAL_MAS,Provincia,
2026-09-16,2026-09-12,True,True,Santa Cruz,GASOLINA ESPECIAL + EESS,20000.0,L,ESTACION DE SERVICIO PIRAI S.R.L. SUCURSAL 1,4410-LAU,Gasolina Especial +,GASOLINA_ESPECIAL_MAS,Provincia,
2026-09-16,2026-09-11,True,True,Santa Cruz,DIESEL OIL NACIONAL EESS,5000.0,L,SURTIDOR CHARAGUA,466-UHP,Diesel Oil Nacional,DIESEL_NACIONAL,Provincia,
2026-09-16,2026-09-12,True,True,Santa Cruz,GASOLINA ESPECIAL + (S/DSI),5000.0,L,"ESTACION DE SERVICIO ""GUAPAY"" S.R.L.",447-PSY,Gasolina Especial +,GASOLINA_ESPECIAL_MAS,Ciudad,
2026-09-16,2026-09-16,True,False,Santa Cruz,GASOLINA ESPECIAL + (S/DSI),10000.0,L,ESTACION DE SERVICIO JOSE JALDIN S.R.L,110-IYX,Gasolina Especial +,GASOLINA_ESPECIAL_MAS,Ciudad,
2026-09-16,2026-09-16,True,False,Santa Cruz,GASOLINA ESPECIAL + EESS,20000.0,L,ESTACION DE SERVICIO PAULINA S.R.L.,571-PDN,Gasolina Especial +,GASOLINA_ESPECIAL_MAS,Provincia,
2026-09-16,2026-09-16,True,False,Santa Cruz,GASOLINA ESPECIAL + EESS,20000.0,L,SURTIDOR ACIPA - SJ S.R.L.,5247-XTG,Gasolina Especial +,GASOLINA_ESPECIAL_MAS,Provincia,
2026-09-16,2026-09-16,True,False,Santa Cruz,GASOLINA ESPECIAL + EESS,20000.0,L,ESTACION DE SERVICIO CONCEPCION SRL,483-XYF,Gasolina Especial +,GASOLINA_ESPECIAL_MAS,Provincia,
2026-09-16,2026-09-16,True,False,Santa Cruz,GASOLINA ESPECIAL + (S/DSI),10000.0,L,GENEX S.A SUCURSAL SANTA CRUZ ZONA SANTA ROSA,863-XYY,Gasolina Especial +,GASOLINA_ESPECIAL_MAS,Ciudad,
2026-09-16,2026-09-16,True,False,Santa Cruz,GASOLINA ESPECIAL + (S/DSI),5000.0,L,VANGAS S.A,863-XYY,Gasolina Especial +,GASOLINA_ESPECIAL_MAS,Ciudad,
2026-09-16,2026-09-16,True,False,Santa Cruz,GASOLINA ESPECIAL + (S/DSI),15000.0,L,ESTACION DE SERVICIO DAVILA S.R.L.,1445-CDA,Gasolina Especial +,GASOLINA_ESPECIAL_MAS,Ciudad,
2026-09-16,2026-09-16,True,False,Santa Cruz,GASOLINA ESPECIAL + (S/DSI),5000.0,L,ESTACION DE SERVICIO 3F OIL S.R.L.,953-UFL,Gasolina Especial +,GASOLINA_ESPECIAL_MAS,Ciudad,
2026-09-16,2026-09-16,True,False,Santa Cruz,GASOLINA ESPECIAL + (S/DSI),20000.0,L,SURTIDOR VARDONA - SUSANA POEHLMANN GARCIA,863-RUI,Gasolina Especial +,GASOLINA_ESPECIAL_MAS,Ciudad,
2026-09-16,2026-09-16,True,False,Santa Cruz,GASOLINA ESPECIAL + (S/DSI),10000.0,L,LAS PALMAS S.R.L.,967-HFA,Gasolina Especial +,GASOLINA_ESPECIAL_MAS,Ciudad,
2026-09-16,2026-09-16,True,False,Santa Cruz,GASOLINA ESPECIAL + (S/DSI),10000.0,L,CENTRO DE COMERCIO Y SERVICIOS VALDIVIA FERRUFINO S.R.L.,3853-BSD,Gasolina Especial +,GASOLINA_ESPECIAL_MAS,Ciudad,
2026-09-16,2026-09-16,True,False,Santa Cruz,GASOLINA ESPECIAL + (S/DSI),5000.0,L,ESTACION DE SERVICIO EMANUEL S.R.L.,3853-BSD,Gasolina Especial +,GASOLINA_ESPECIAL_MAS,Ciudad,
2026-09-16,2026-09-16,True,False,Santa Cruz,GASOLINA ESPECIAL + (S/DSI),20000.0,L,SURTIDOR EL PALMAR - DIONICIO CONDORI RODRIGUEZ,782-YPK,Gasolina Especial +,GASOLINA_ESPECIAL_MAS,Ciudad,
2026-09-16,2026-09-16,True,False,Santa Cruz,GASOLINA ESPECIAL + (S/DSI),15000.0,L,ESTACION DE SERVICIO SAN LUIS I,244-ANI,Gasolina Especial +,GASOLINA_ESPECIAL_MAS,Ciudad,
2026-09-16,2026-09-16,True,False,Santa Cruz,GASOLINA ESPECIAL + (S/DSI),20000.0,L,ESTACION DE SERVICIO SAN LUIS,244-ANI,Gasolina Especial +,GASOLINA_ESPECIAL_MAS,Ciudad,
2026-09-16,2026-09-16,True,False,Santa Cruz,GASOLINA ESPECIAL + (S/DSI),20000.0,L,Z & Z LTDA,331-PID,Gasolina Especial +,GASOLINA_ESPECIAL_MAS,Ciudad,
2026-09-16,2026-09-16,True,False,Santa Cruz,GASOLINA ESPECIAL + (S/DSI),10000.0,L,ESTACION DE SERVICIO PIRAI S.R.L.,4108-GPL,Gasolina Especial +,GASOLINA_ESPECIAL_MAS,Ciudad,
2026-09-16,2026-09-16,True,False,Santa Cruz,GASOLINA ESPECIAL + (S/DSI),20000.0,L,ESTACION DE SERVICIO SUR S.R.L.-SUCURSAL ESTACION DE SERVICIO LA TECA,825-ATI,Gasolina Especial +,GASOLINA_ESPECIAL_MAS,Ciudad,
2026-09-16,2026-09-16,True,False,Santa Cruz,GASOLINA ESPECIAL + (S/DSI),15000.0,L,REFINERIA ORIENTAL S.A. SUCURSAL MONTECRISTO,825-ATI,Gasolina Especial +,GASOLINA_ESPECIAL_MAS,Ciudad,
2026-09-16,2026-09-16,True,False,Santa Cruz,GASOLINA ESPECIAL + (S/DSI),20000.0,L,ESTACION DE SERVICIO REFINERIA ORIENTAL S.A. - SUC. ZONA 4° ANILLO FRENTE A BUFALO PARK - SC,4108-GPL,Gasolina Especial +,GASOLINA_ESPECIAL_MAS,Ciudad,
2026-09-16,2026-09-16,True,False,Santa Cruz,GASOLINA ESPECIAL + (S/DSI),20000.0,L,GASCO S.R.L.,1388-TGA,Gasolina Especial +,GASOLINA_ESPECIAL_MAS,Ciudad,
2026-09-16,2026-09-16,True,False,Santa Cruz,GASOLINA ESPECIAL + (S/DSI),20000.0,L,REFINERIA ORIENTAL S.A.-SUC. BARRIO LAZARETO,514-HHE,Gasolina Especial +,GASOLINA_ESPECIAL_MAS,Ciudad,
2026-09-16,2026-09-16,True,False,Santa Cruz,GASOLINA ESPECIAL + (S/DSI),20000.0,L,REFINERIA ORIENTAL S.A.,1128-FUX,Gasolina Especial +,GASOLINA_ESPECIAL_MAS,Ciudad,
2026-09-16,2026-09-16,True,False,Santa Cruz,GASOLINA ESPECIAL + EESS,20000.0,L,ESTACION DE SERVICIO MINERO-JHONNY QUINTEROS VASQUEZ,512-ZZA,Gasolina Especial +,GASOLINA_ESPECIAL_MAS,Provincia,
2026-09-16,2026-09-16,True,False,Santa Cruz,GASOLINA ESPECIAL + (S/DSI),20000.0,L,ESTACION DE SERVICIO PIRAI S.R.L. SUC. DOBLE VIA LA GUARDIA ESQ. OCTAVO ANILLO,4530-GKD,Gasolina Especial +,GASOLINA_ESPECIAL_MAS,Ciudad,
2026-09-16,2026-09-16,True,False,Santa Cruz,GASOLINA ESPECIAL + (S/DSI),20000.0,L,ESTACION DE SERVICIO SUR S.R.L. SUCURSAL 1,1999-CDP,Gasolina Especial +,GASOLINA_ESPECIAL_MAS,Ciudad,
2026-09-16,2026-09-16,True,False,Santa Cruz,GASOLINA ESPECIAL + EESS,25000.0,L,ESTACION DE SERVICIO CARLOS ANDRES FI S.R.L.,373-ACE,Gasolina Especial +,GASOLINA_ESPECIAL_MAS,Provincia,
2026-09-16,2026-09-15,True,True,Santa Cruz,DIESEL OIL NACIONAL EESS,25000.0,L,ESTACION DE SERVICIO SAN JAVIER-MARISOL NEGRETE AGUIRRE,379-LRR,Diesel Oil Nacional,DIESEL_NACIONAL,Provincia,
2026-09-16,2026-09-15,True,True,Santa Cruz,DIESEL OIL NACIONAL EESS,20000.0,L,ESTACION DE SERVICIO MACONDO,399-LZN,Diesel Oil Nacional,DIESEL_NACIONAL,Provincia,
2026-09-16,2026-09-16,True,False,Santa Cruz,GASOLINA ESPECIAL + EESS,20000.0,L,ESTACION DE SERVICIO LA GUARDIA,1803-YHK,Gasolina Especial +,GASOLINA_ESPECIAL_MAS,Provincia,
2026-09-16,2026-09-16,True,False,Santa Cruz,GASOLINA ESPECIAL + EESS,20000.0,L,ESTACION DE SERVICIO PORTACHUELO LTDA,599-AEA,Gasolina Especial +,GASOLINA_ESPECIAL_MAS,Provincia,
2026-09-16,2026-09-16,True,False,Santa Cruz,GASOLINA ESPECIAL + (S/DSI),5000.0,L,ESTACION DE SERVICIO RIVERO - LUIS ANTONIO RIVERO AÑEZ,681-FDU,Gasolina Especial +,GASOLINA_ESPECIAL_MAS,Ciudad,
2026-09-16,2026-09-16,True,False,Santa Cruz,GASOLINA ESPECIAL + EESS,20000.0,L,ESTACION DE SERVICIO MONTERO - MARIA DEL ROSARIO COLQUE QUIROZ,935-TCT,Gasolina Especial +,GASOLINA_ESPECIAL_MAS,Provincia,
2026-09-16,2026-09-16,True,False,Santa Cruz,GASOLINA ESPECIAL + EESS,5000.0,L,ESTACION DE SERVICIO SOMOS GAS SRL,2257-EEE,Gasolina Especial +,GASOLINA_ESPECIAL_MAS,Provincia,
2026-09-16,2026-09-16,True,False,Santa Cruz,GASOLINA ESPECIAL + EESS,10000.0,L,ESTACION DE SERVICIO SOMOS GAS SRL,2257-EEE,Gasolina Especial +,GASOLINA_ESPECIAL_MAS,Provincia,
2026-09-16,2026-09-15,True,True,Santa Cruz,DIESEL OIL NACIONAL EESS,25000.0,L,ESTACION DE SERVICIO PIRAI S.R.L. SUCURSAL 1,4530-FIY,Diesel Oil Nacional,DIESEL_NACIONAL,Provincia,
2026-09-16,2026-09-15,True,True,Santa Cruz,DIESEL OIL NACIONAL EESS,35000.0,L,ESTACION DE SERVICIO SAN SILVESTRE,2265-BKN,Diesel Oil Nacional,DIESEL_NACIONAL,Provincia,
2026-09-16,2026-09-15,True,True,Santa Cruz,DIESEL OIL NACIONAL EESS,25000.0,L,ESTACION DE SERVICIO EL MIRADOR - SONIA SORUCO ROCA,1128-PIA,Diesel Oil Nacional,DIESEL_NACIONAL,Provincia,
2026-09-16,2026-09-15,True,True,Santa Cruz,DIESEL OIL NACIONAL EESS,25000.0,L,ESTACION DE SERVICIO LA CUEVA - ROLANDO CHAVEZ VACA,1176-SCT,Diesel Oil Nacional,DIESEL_NACIONAL,Provincia,
2026-09-16,2026-09-15,True,True,Santa Cruz,DIESEL OIL IMPORTADO EESS,35000.0,L,CENTRO DE COMERCIO Y SERVICIOS VALDIVIA FERRUFINO S.R.L.,2330-NLD,Diesel Oil Importado,DIESEL_IMPORTADO,Ciudad,
2026-09-16,2026-09-15,True,True,Santa Cruz,DIESEL OIL IMPORTADO EESS,25000.0,L,SURTIDOR COTOCA - JOSE RAMIRO AYALA FLORES,2338-FGD,Diesel Oil Importado,DIESEL_IMPORTADO,Ciudad,
2026-09-16,2026-09-15,True,True,Santa Cruz,DIESEL OIL NACIONAL EESS,25000.0,L,ESTACION DE SERVICIO MINERO-JHONNY QUINTEROS VASQUEZ,1176-UST,Diesel Oil Nacional,DIESEL_NACIONAL,Provincia,
2026-09-16,2026-09-15,True,True,Santa Cruz,DIESEL OIL IMPORTADO EESS,20000.0,L,ESTACION DE SERVICIO EL TAROPE - JHONNY AGUILAR ADRIAZOLA,1745-PCU,Diesel Oil Importado,DIESEL_IMPORTADO,Ciudad,
2026-09-16,2026-09-15,True,True,Santa Cruz,DIESEL OIL NACIONAL EESS,30000.0,L,TARIFA S.R.L.,5314-TZK,Diesel Oil Nacional,DIESEL_NACIONAL,Provincia,
2026-09-16,2026-09-15,True,True,Santa Cruz,GASOLINA ESPECIAL + (S/DSI),20000.0,L,GENEX S.A-SUCURSAL S.C ZONA GUARACACHI,851-SLG,Gasolina Especial +,GASOLINA_ESPECIAL_MAS,Ciudad,
2026-09-16,2026-09-15,True,True,Santa Cruz,GASOLINA ESPECIAL + EESS,20000.0,L,ESTACION DE SERVICIO SUR SRL-SUCURSAL 4,2986-INR,Gasolina Especial +,GASOLINA_ESPECIAL_MAS,Provincia,
2026-09-16,2026-09-15,True,True,Santa Cruz,GASOLINA ESPECIAL + (S/DSI),10000.0,L,GENEX S.A SUCURSAL SANTA CRUZ ZONA SANTA ROSA,851-SLG,Gasolina Especial +,GASOLINA_ESPECIAL_MAS,Ciudad,
2026-09-16,2026-09-15,True,True,Santa Cruz,GASOLINA ESPECIAL + EESS,20000.0,L,ESTACION DE SERVICIO TORRIAYALA S.R.L.,1066-TLK,Gasolina Especial +,GASOLINA_ESPECIAL_MAS,Provincia,
2026-09-16,2026-09-16,True,False,Santa Cruz,GASOLINA ESPECIAL + (S/DSI),10000.0,L,GENEX S.A. SUCURSAL ZONA NOR ESTE,1285-UKF,Gasolina Especial +,GASOLINA_ESPECIAL_MAS,Ciudad,
2026-09-16,2026-09-16,True,False,Santa Cruz,GASOLINA ESPECIAL + (S/DSI),25000.0,L,CIA BOLIVIANA DE GAS NATURAL COMPRIMIDO GENEX SA,1285-UKF,Gasolina Especial +,GASOLINA_ESPECIAL_MAS,Ciudad,
2026-09-16,2026-09-16,True,False,Santa Cruz,GASOLINA ESPECIAL + (S/DSI),20000.0,L,REFINERIA ORIENTAL S.A. SUC. NOR ESTE,2801-BYP,Gasolina Especial +,GASOLINA_ESPECIAL_MAS,Ciudad,
2026-09-16,2026-09-16,True,False,Santa Cruz,GASOLINA ESPECIAL + (S/DSI),20000.0,L,ESTACION DE SERVICIO GUAYACAN S.R.L.,727-YTY,Gasolina Especial +,GASOLINA_ESPECIAL_MAS,Ciudad,
2026-09-16,2026-09-16,True,False,Santa Cruz,GASOLINA ESPECIAL + (S/DSI),20000.0,L,ESTACION DE SERVICIO SUR SRL SUCURSAL 3,437-KYY,Gasolina Especial +,GASOLINA_ESPECIAL_MAS,Ciudad,
2026-09-16,2026-09-16,True,False,Santa Cruz,GASOLINA ESPECIAL + (S/DSI),15000.0,L,ESTACION DE SERVICIO SUR S.R.L. SUCURSAL 2,437-KYY,Gasolina Especial +,GASOLINA_ESPECIAL_MAS,Ciudad,
2026-09-16,2026-09-16,True,False,Santa Cruz,GASOLINA ESPECIAL + (S/DSI),20000.0,L,ESTACION DE SERVICIO EL TERO TERO DE CHICHITA - RODRIGO REMY AQUINO ALVARADO,2468-GTE,Gasolina Especial +,GASOLINA_ESPECIAL_MAS,Ciudad,
2026-09-16,2026-09-16,True,False,Santa Cruz,GASOLINA ESPECIAL + (S/DSI),20000.0,L,ESTACION DE SERVICIO SUR S.R.L.,4410-LAU,Gasolina Especial +,GASOLINA_ESPECIAL_MAS,Ciudad,
2026-09-16,2026-09-16,True,False,Santa Cruz,GASOLINA ESPECIAL + (S/DSI),20000.0,L,ESTACION DE SERVICIO ORSA SRL-SUCURSAL 1,5583-ADI,Gasolina Especial +,GASOLINA_ESPECIAL_MAS,Provincia,
2026-09-16,2026-09-16,True,False,Santa Cruz,GASOLINA ESPECIAL + (S/DSI),25000.0,L,ESTACION DE SERVICIO BI-OCEANICA S.R.L.,4096-LDR,Gasolina Especial +,GASOLINA_ESPECIAL_MAS,Ciudad,
2026-09-16,2026-09-16,True,False,Santa Cruz,GASOLINA ESPECIAL + (S/DSI),15000.0,L,ESTACION DE SERVICIO ORSA S.R.L.,5583-ADI,Gasolina Especial +,GASOLINA_ESPECIAL_MAS,Ciudad,
2026-09-16,2026-09-16,True,False,Santa Cruz,GASOLINA ESPECIAL + (S/DSI),20000.0,L,ESTACION DE SERVICIO CLUB GAZEL S.R.L.,2120-PKF,Gasolina Especial +,GASOLINA_ESPECIAL_MAS,Ciudad,
2026-09-16,2026-09-16,True,False,Santa Cruz,GASOLINA ESPECIAL + (S/DSI),24900.0,L,ESTACION DE SERVICIO LA CIMA,297-ACK,Gasolina Especial +,GASOLINA_ESPECIAL_MAS,Ciudad,
2026-09-16,2026-09-16,True,False,Santa Cruz,GASOLINA ESPECIAL + (S/DSI),20000.0,L,R&E 3000 S.R.L.,1197-ATI,Gasolina Especial +,GASOLINA_ESPECIAL_MAS,Ciudad,
2026-09-16,2026-09-16,True,False,Santa Cruz,GASOLINA ESPECIAL + (S/DSI),25000.0,L,ESTACION DE SERVICIO LA COLORADA,2434-YRP,Gasolina Especial +,GASOLINA_ESPECIAL_MAS,Ciudad,
2026-09-16,2026-09-16,True,False,Santa Cruz,GASOLINA ESPECIAL + (S/DSI),20000.0,L,ESTACION DE SERVICIO MORAGRANDE S.R.L. (SUC 1),2483-HBD,Gasolina Especial +,GASOLINA_ESPECIAL_MAS,Ciudad,
2026-09-16,2026-09-16,True,False,Santa Cruz,GASOLINA ESPECIAL + (S/DSI),20000.0,L,ESTACION DE SERVICIO PANTANAL DEL ORIENTE-ALVARO LUIS AGUILAR ADRIAZOLA,2497-AFH,Gasolina Especial +,GASOLINA_ESPECIAL_MAS,Ciudad,
2026-09-16,2026-09-16,True,False,Santa Cruz,GASOLINA ESPECIAL + (S/DSI),20000.0,L,ESTACION DE SERVICIO QUINTO ANILLO S.R.L.,3018-UKU,Gasolina Especial +,GASOLINA_ESPECIAL_MAS,Ciudad,
2026-09-16,2026-09-16,True,False,Santa Cruz,GASOLINA ESPECIAL + (S/DSI),20000.0,L,ESTACION DE SERVICIO RIVERO - LUIS ANTONIO RIVERO AÑEZ,681-FDU,Gasolina Especial +,GASOLINA_ESPECIAL_MAS,Ciudad,
2026-09-16,2026-09-16,True,False,Santa Cruz,GASOLINA ESPECIAL + (S/DSI),25000.0,L,ESTACION DE SERVICIO TOTAITU N&T S.R.L.,3598-NKD,Gasolina Especial +,GASOLINA_ESPECIAL_MAS,Ciudad,
2026-09-16,2026-09-16,True,False,Santa Cruz,GASOLINA ESPECIAL + (S/DSI),20000.0,L,ESTACION DE SERVICIO LOS MANGALES S.R.L.,1005-XLH,Gasolina Especial +,GASOLINA_ESPECIAL_MAS,Ciudad,
2026-09-16,2026-09-16,True,False,Santa Cruz,GASOLINA ESPECIAL + (S/DSI),20000.0,L,ESTACION DE SERVICIO EL ARROYO S.R.L.,1299-GNA,Gasolina Especial +,GASOLINA_ESPECIAL_MAS,Ciudad,
2026-09-16,2026-09-15,True,True,Santa Cruz,GASOLINA ESPECIAL + (S/DSI),10000.0,L,ESTACION DE SERVICIO VERGARA - FABIOLA NOEMI ZORRILLO VERGARA,1184-YND,Gasolina Especial +,GASOLINA_ESPECIAL_MAS,Ciudad,
2026-09-16,2026-09-15,True,True,Santa Cruz,DIESEL OIL NACIONAL EESS,30000.0,L,SURTIDOR ACIPA - SJ S.R.L.,6475-PAS,Diesel Oil Nacional,DIESEL_NACIONAL,Provincia,
2026-09-16,2026-09-15,True,True,Santa Cruz,DIESEL OIL NACIONAL EESS,25000.0,L,ESTACION DE SERVICIO PETRO VAL S.R.L.,1110-USS,Diesel Oil Nacional,DIESEL_NACIONAL,Provincia,
2026-09-16,2026-09-15,True,True,Santa Cruz,DIESEL OIL NACIONAL EESS,5000.0,L,ESTACION DE SERVICIO DANA S.R.L.,5638-CXH,Diesel Oil Nacional,DIESEL_NACIONAL,Provincia,
2026-09-16,2026-09-15,True,True,Santa Cruz,DIESEL OIL NACIONAL EESS,30000.0,L,ESTACION DE SERVICIO CASCABEL SUC. CUATRO CAÑADAS-YOHANA PAOLA VACA GUZMAN,466-RYE,Diesel Oil Nacional,DIESEL_NACIONAL,Provincia,
2026-09-16,2026-09-15,True,True,Santa Cruz,DIESEL OIL NACIONAL EESS,25000.0,L,ESTACION DE SERVICIO EL BIBOSI MANANTIAL-LIMBERT JIMENEZ JALDIN,2014-TNN,Diesel Oil Nacional,DIESEL_NACIONAL,Provincia,
2026-09-16,2026-09-15,True,True,Santa Cruz,DIESEL OIL NACIONAL EESS,20000.0,L,ESTACION DE SERVICIO DANA S.R.L.,2182-HII,Diesel Oil Nacional,DIESEL_NACIONAL,Provincia,
2026-09-16,2026-09-15,True,True,Santa Cruz,DIESEL OIL IMPORTADO EESS,20000.0,L,ESTACION DE SERVICIO DICOR S.R.L.,583-PTR,Diesel Oil Importado,DIESEL_IMPORTADO,Ciudad,
2026-09-16,2026-09-15,True,True,Santa Cruz,DIESEL OIL NACIONAL EESS,25000.0,L,ESTACION DE SERVICIO DURAZNERO-DANA FLORES DAVALOS,5638-CXH,Diesel Oil Nacional,DIESEL_NACIONAL,Provincia,
2026-09-16,2026-09-15,True,True,Santa Cruz,DIESEL OIL NACIONAL EESS,30000.0,L,ESTACION DE SERVICIO MINERO-JHONNY QUINTEROS VASQUEZ,5351-UAG,Diesel Oil Nacional,DIESEL_NACIONAL,Provincia,
2026-09-16,2026-09-15,True,True,Santa Cruz,DIESEL OIL NACIONAL EESS,5000.0,L,ESTACION DE SERVICIO COLINDRES-CARMEN MARY IRIARTE BARBA,1170-DFK,Diesel Oil Nacional,DIESEL_NACIONAL,Provincia,
2026-09-16,2026-09-15,True,True,Santa Cruz,DIESEL OIL NACIONAL EESS,20000.0,L,ESTACION DE SERVICIO COLINDRES-CARMEN MARY IRIARTE BARBA,1170-DFK,Diesel Oil Nacional,DIESEL_NACIONAL,Provincia,
2026-09-16,2026-09-15,True,True,Santa Cruz,DIESEL OIL IMPORTADO EESS,15000.0,L,SURTIDOR EL PALMAR - DIONICIO CONDORI RODRIGUEZ,782-YPK,Diesel Oil Importado,DIESEL_IMPORTADO,Ciudad,
2026-09-16,2026-09-15,True,True,Santa Cruz,DIESEL OIL NACIONAL EESS,25000.0,L,ESTACION DE SERVICIO CHANE,1074-IHH,Diesel Oil Nacional,DIESEL_NACIONAL,Provincia,
2026-09-16,2026-09-15,True,True,Santa Cruz,DIESEL OIL NACIONAL EESS,30000.0,L,D-GAS S.A. SUCURSAL SANTA CRUZ,2511-RLA,Diesel Oil Nacional,DIESEL_NACIONAL,Provincia,
2026-09-16,2026-09-15,True,True,Santa Cruz,DIESEL OIL IMPORTADO EESS,30000.0,L,ESTACION DE SERVICIO MONTAÑO S.R.L.,3031-PAN,Diesel Oil Importado,DIESEL_IMPORTADO,Ciudad,
2026-09-16,2026-09-15,True,True,Santa Cruz,DIESEL OIL IMPORTADO EESS,25000.0,L,ESTACION DE SERVICIO SAN LUIS I,543-PUY,Diesel Oil Importado,DIESEL_IMPORTADO,Ciudad,
2026-09-16,2026-09-15,True,True,Santa Cruz,DIESEL OIL NACIONAL EESS,30000.0,L,ESTACION DE SERVICIO FLORES-SIMONA FLORES FLORES,4059-FXU,Diesel Oil Nacional,DIESEL_NACIONAL,Provincia,
2026-09-16,2026-09-15,True,True,Santa Cruz,DIESEL OIL IMPORTADO EESS,35000.0,L,BICENTENARIO SRL,2229-HLP,Diesel Oil Importado,DIESEL_IMPORTADO,,
2026-09-16,2026-09-15,True,True,Santa Cruz,DIESEL OIL IMPORTADO EESS,30000.0,L,ESTACION DE SERVICIO SAN LUIS,244-ANI,Diesel Oil Importado,DIESEL_IMPORTADO,Ciudad,
2026-09-16,2026-09-15,True,True,Santa Cruz,DIESEL OIL NACIONAL EESS,20000.0,L,ESTACION DE SERVICIO KM. 75 S.R.L,303-DEH,Diesel Oil Nacional,DIESEL_NACIONAL,Provincia,
2026-09-16,2026-09-15,True,True,Santa Cruz,DIESEL OIL IMPORTADO EESS,25000.0,L,ESTACION DE SERVICIO DAVILA S.R.L.,1445-CDA,Diesel Oil Importado,DIESEL_IMPORTADO,Ciudad,
2026-09-16,2026-09-15,True,True,Santa Cruz,GASOLINA ESPECIAL + (S/DSI),20000.0,L,ESTACION DE SERVICIO ELISA S.R.L.,2291-ATI,Gasolina Especial +,GASOLINA_ESPECIAL_MAS,Ciudad,
2026-09-16,2026-09-15,True,True,Santa Cruz,DIESEL OIL IMPORTADO EESS,25000.0,L,ESTACION DE SERVICIO TRES PASOS AL FRENTE - VITALIANO ROJAS OLIVERA,5002-IBN,Diesel Oil Importado,DIESEL_IMPORTADO,Ciudad,
2026-09-16,2026-09-15,True,True,Santa Cruz,DIESEL OIL IMPORTADO EESS,30000.0,L,ESTACION DE SERVICIO MORAGRANDE S.R.L.,1893-NTP,Diesel Oil Importado,DIESEL_IMPORTADO,Ciudad,
2026-09-16,2026-09-15,True,True,Santa Cruz,DIESEL OIL NACIONAL EESS,25000.0,L,CENTRO DE COMERCIO SANTA RITAKM32 S.R.L.,3853-BSD,Diesel Oil Nacional,DIESEL_NACIONAL,Provincia,
2026-09-16,2026-09-15,True,True,Santa Cruz,DIESEL OIL IMPORTADO EESS,30000.0,L,ESTACION DE SERVICIO ELISA S.R.L.,1176-UST,Diesel Oil Importado,DIESEL_IMPORTADO,Ciudad,
2026-09-16,2026-09-15,True,True,Santa Cruz,DIESEL OIL IMPORTADO EESS,30000.0,L,ESTACION DE SERVICIO LA CHORRERA SRL,1329-NRI,Diesel Oil Importado,DIESEL_IMPORTADO,Ciudad,
2026-09-16,2026-09-15,True,True,Santa Cruz,GASOLINA ESPECIAL + (S/DSI),10000.0,L,LAS PALMAS S.R.L.,967-HFA,Gasolina Especial +,GASOLINA_ESPECIAL_MAS,Ciudad,
2026-09-16,2026-09-15,True,True,Santa Cruz,GASOLINA ESPECIAL + (S/DSI),5000.0,L,GENEX S.A. SUCURSAL ZONA NOR ESTE,878-ENK,Gasolina Especial +,GASOLINA_ESPECIAL_MAS,Ciudad,
2026-09-16,2026-09-15,True,True,Santa Cruz,GASOLINA ESPECIAL + (S/DSI),15000.0,L,GENEX S.A SUCURSAL S.C ZONA GUALBERTO VILLARROEL,878-ENK,Gasolina Especial +,GASOLINA_ESPECIAL_MAS,Ciudad,
2026-09-16,2026-09-15,True,True,Santa Cruz,GASOLINA ESPECIAL + (S/DSI),10000.0,L,VANGAS S.A,652-SRU,Gasolina Especial +,GASOLINA_ESPECIAL_MAS,Ciudad,
2026-09-16,2026-09-15,True,True,Santa Cruz,GASOLINA ESPECIAL + (S/DSI),20000.0,L,REFINERIA ORIENTAL S.A.-SUC. TERCER ANILLO INTERNO FRENTE CANCHITA ROYAL,1113-EAA,Gasolina Especial +,GASOLINA_ESPECIAL_MAS,Ciudad,
2026-09-16,2026-09-14,True,True,Santa Cruz,GASOLINA ESPECIAL + (S/DSI),10000.0,L,ESTACION DE SERVICIO RADIAL 10 - HUGO FLORERO ORELLANA,948-PYS,Gasolina Especial +,GASOLINA_ESPECIAL_MAS,Ciudad,
2026-09-16,2026-09-11,True,True,Santa Cruz,DIESEL OIL NACIONAL EESS,5000.0,L,ESTACION DE SERVICIO COLINDRES-CARMEN MARY IRIARTE BARBA,1170-DFK,Diesel Oil Nacional,DIESEL_NACIONAL,Provincia,
2026-09-16,2026-09-16,True,False,Santa Cruz,GASOLINA ESPECIAL + (S/DSI),10000.0,L,ESTACION DE SERVICIO SANTA MARIA,1044-PLP,Gasolina Especial +,GASOLINA_ESPECIAL_MAS,Ciudad,
2026-09-16,2026-09-16,True,False,Santa Cruz,GASOLINA ESPECIAL + (S/DSI),20000.0,L,ESTACION DE SERVICIO PALMASOLA,1044-PLP,Gasolina Especial +,GASOLINA_ESPECIAL_MAS,Ciudad,
2026-09-17,2026-09-17,True,False,Santa Cruz,GASOLINA ESPECIAL + (S/DSI),20000.0,L,ESTACION DE SERVICIO EL TERO TERO DE CHICHITA - RODRIGO REMY AQUINO ALVARADO,2468-GTE,Gasolina Especial +,GASOLINA_ESPECIAL_MAS,Ciudad,
2026-09-17,2026-09-17,True,False,Santa Cruz,GASOLINA ESPECIAL + (S/DSI),10000.0,L,ESTACION DE SERVICIO PIRAI S.R.L.,1999-CDP,Gasolina Especial +,GASOLINA_ESPECIAL_MAS,Ciudad,
2026-09-17,2026-09-16,True,True,Santa Cruz,GASOLINA ESPECIAL + (S/DSI),10000.0,L,ESTACION DE SERVICIO MORAGRANDE S.R.L.,1893-NTP,Gasolina Especial +,GASOLINA_ESPECIAL_MAS,Ciudad,
2026-09-17,2026-09-17,True,False,Santa Cruz,GASOLINA ESPECIAL + (S/DSI),20000.0,L,ESTACION DE SERVICIO MORAGRANDE S.R.L. (SUC 1),2483-HBD,Gasolina Especial +,GASOLINA_ESPECIAL_MAS,Ciudad,
2026-09-17,2026-09-16,True,True,Santa Cruz,GASOLINA ESPECIAL + EESS,20000.0,L,ESTACION DE SERVICIO SAN JOSE DE YAPACANI S.R.L.,982-ZKH,Gasolina Especial +,GASOLINA_ESPECIAL_MAS,Provincia,
2026-09-17,2026-09-17,True,False,Santa Cruz,GASOLINA ESPECIAL + (S/DSI),20000.0,L,ESTACION DE SERVICIO LOS COYUYOS-JULIA GONZALES,3589-UKG,Gasolina Especial +,GASOLINA_ESPECIAL_MAS,Ciudad,
2026-09-17,2026-09-17,True,False,Santa Cruz,GASOLINA ESPECIAL + (S/DSI),20000.0,L,ESTACION DE SERVICIO PIRAI S.R.L. SUC. DOBLE VIA LA GUARDIA ESQ. OCTAVO ANILLO,4530-GKD,Gasolina Especial +,GASOLINA_ESPECIAL_MAS,Ciudad,
2026-09-17,2026-09-17,True,False,Santa Cruz,GASOLINA ESPECIAL + (S/DSI),20000.0,L,ESTACION DE SERVICIO SUR S.R.L.-SUCURSAL ESTACION DE SERVICIO LA TECA,825-ATI,Gasolina Especial +,GASOLINA_ESPECIAL_MAS,Ciudad,
2026-09-17,2026-09-17,True,False,Santa Cruz,GASOLINA ESPECIAL + (S/DSI),20000.0,L,ESTACION DE SERVICIO SUR SRL SUCURSAL 3,437-KYY,Gasolina Especial +,GASOLINA_ESPECIAL_MAS,Ciudad,
2026-09-17,2026-09-17,True,False,Santa Cruz,GASOLINA ESPECIAL + (S/DSI),15000.0,L,ESTACION DE SERVICIO SUR S.R.L. SUCURSAL 2,437-KYY,Gasolina Especial +,GASOLINA_ESPECIAL_MAS,Ciudad,
2026-09-17,2026-09-17,True,False,Santa Cruz,GASOLINA ESPECIAL + (S/DSI),10000.0,L,ESTACION DE SERVICIO SUR S.R.L. SUCURSAL 1,1999-CDP,Gasolina Especial +,GASOLINA_ESPECIAL_MAS,Ciudad,
2026-09-17,2026-09-17,True,False,Santa Cruz,GASOLINA ESPECIAL + (S/DSI),20000.0,L,ESTACION DE SERVICIO REFINERIA ORIENTAL S.A. - SUC. ZONA 4° ANILLO FRENTE A BUFALO PARK - SC,4530-FIY,Gasolina Especial +,GASOLINA_ESPECIAL_MAS,Ciudad,
2026-09-17,2026-09-17,True,False,Santa Cruz,GASOLINA ESPECIAL + (S/DSI),20000.0,L,"ESTACION DE SERVICIO ""GUAPAY"" S.R.L.",447-PSY,Gasolina Especial +,GASOLINA_ESPECIAL_MAS,Ciudad,
2026-09-17,2026-09-17,True,False,Santa Cruz,GASOLINA ESPECIAL + (S/DSI),20000.0,L,ESTACION DE SERVICIO REYNALDO CORTEZ QUISPE,5342-KHY,Gasolina Especial +,GASOLINA_ESPECIAL_MAS,Ciudad,
2026-09-17,2026-09-17,True,False,Santa Cruz,GASOLINA ESPECIAL + (S/DSI),20000.0,L,ESTACION DE SERVICIO GUAYACAN S.R.L.,727-YTY,Gasolina Especial +,GASOLINA_ESPECIAL_MAS,Ciudad,
2026-09-17,2026-09-17,True,False,Santa Cruz,GASOLINA ESPECIAL + (S/DSI),20000.0,L,ESTACION DE SERVICIO YOTAU S.R.L.,3792-ENE,Gasolina Especial +,GASOLINA_ESPECIAL_MAS,Ciudad,
2026-09-17,2026-09-17,True,False,Santa Cruz,GASOLINA ESPECIAL + (S/DSI),20000.0,L,ESTACION DE SERVICIO EL ARROYO S.R.L.,1299-GNA,Gasolina Especial +,GASOLINA_ESPECIAL_MAS,Ciudad,
2026-09-17,2026-09-17,True,False,Santa Cruz,GASOLINA ESPECIAL + (S/DSI),20000.0,L,ESTACION DE SERVICIO QUINTO ANILLO S.R.L.,3018-UKU,Gasolina Especial +,GASOLINA_ESPECIAL_MAS,Ciudad,
2026-09-17,2026-09-17,True,False,Santa Cruz,GASOLINA ESPECIAL + (S/DSI),10000.0,L,ESTACION DE SERVICIO ORSA S.R.L.,6453-URG,Gasolina Especial +,GASOLINA_ESPECIAL_MAS,Ciudad,
2026-09-17,2026-09-17,True,False,Santa Cruz,GASOLINA ESPECIAL + (S/DSI),25000.0,L,ESTACION DE SERVICIO ORSA SRL-SUCURSAL 1,6453-URG,Gasolina Especial +,GASOLINA_ESPECIAL_MAS,Provincia,
2026-09-17,2026-09-17,True,False,Santa Cruz,GASOLINA ESPECIAL + (S/DSI),20000.0,L,ESTACION DE SERVICIO LAS ORQUIDEAS S.R.L.,711-XUH,Gasolina Especial +,GASOLINA_ESPECIAL_MAS,Ciudad,
2026-09-17,2026-09-17,True,False,Santa Cruz,GASOLINA ESPECIAL + (S/DSI),20000.0,L,ESTACION DE SERVICIO PANTANAL DEL ORIENTE-ALVARO LUIS AGUILAR ADRIAZOLA,584-RKD,Gasolina Especial +,GASOLINA_ESPECIAL_MAS,Ciudad,
2026-09-17,2026-09-17,True,False,Santa Cruz,GASOLINA ESPECIAL + (S/DSI),20000.0,L,ESTACION DE SERVICIO LOS MANGALES S.R.L.,1005-XLH,Gasolina Especial +,GASOLINA_ESPECIAL_MAS,Ciudad,
2026-09-17,2026-09-17,True,False,Santa Cruz,GASOLINA ESPECIAL + (S/DSI),20000.0,L,ESTACION DE SERVICIO RIVERO - LUIS ANTONIO RIVERO AÑEZ,681-FDU,Gasolina Especial +,GASOLINA_ESPECIAL_MAS,Ciudad,
2026-09-17,2026-09-17,True,False,Santa Cruz,GASOLINA ESPECIAL + (S/DSI),25000.0,L,ESTACION DE SERVICIO TOTAITU N&T S.R.L.,3598-NKD,Gasolina Especial +,GASOLINA_ESPECIAL_MAS,Ciudad,
2026-09-17,2026-09-16,True,True,Santa Cruz,GASOLINA ESPECIAL + (S/DSI),15000.0,L,ESTACION DE SERVICIO APAZA-PATRICIA JORGE DE APAZA,2066-KRR,Gasolina Especial +,GASOLINA_ESPECIAL_MAS,Ciudad,
2026-09-17,2026-09-15,True,True,Santa Cruz,DIESEL OIL IMPORTADO EESS,5000.0,L,ESTACION DE SERVICIO TOTAITU N&T S.R.L.,3598-NKD,Diesel Oil Importado,DIESEL_IMPORTADO,Ciudad,
2026-09-17,2026-09-17,True,False,Santa Cruz,GASOLINA ESPECIAL + EESS,5000.0,L,ESTACION DE SERVICIO SOMOS GAS SRL,2257-EEE,Gasolina Especial +,GASOLINA_ESPECIAL_MAS,Provincia,
2026-09-17,2026-09-17,True,False,Santa Cruz,GASOLINA ESPECIAL + EESS,20000.0,L,ESTACION DE SERVICIO SOMOS GAS SRL,2257-EEE,Gasolina Especial +,GASOLINA_ESPECIAL_MAS,Provincia,
2026-09-17,2026-09-17,True,False,Santa Cruz,GASOLINA ESPECIAL + EESS,20000.0,L,ESTACION DE SERVICIO ORTIZ S.R.L.,2506-IHP,Gasolina Especial +,GASOLINA_ESPECIAL_MAS,Provincia,
2026-09-17,2026-09-16,True,True,Santa Cruz,GASOLINA ESPECIAL + EESS,20000.0,L,ESTACION DE SERVICIO EL BATO,1502-UIR,Gasolina Especial +,GASOLINA_ESPECIAL_MAS,Provincia,
2026-09-17,2026-09-17,True,False,Santa Cruz,GASOLINA ESPECIAL + (S/DSI),15000.0,L,GENEX S.A-SUCURSAL S.C ZONA GUARACACHI,851-SLG,Gasolina Especial +,GASOLINA_ESPECIAL_MAS,Ciudad,
2026-09-17,2026-09-17,True,False,Santa Cruz,GASOLINA ESPECIAL + (S/DSI),20000.0,L,ESTACION DE SERVICIO EL TROMPILLO,851-SLG,Gasolina Especial +,GASOLINA_ESPECIAL_MAS,Ciudad,
2026-09-17,2026-09-16,True,True,Santa Cruz,GASOLINA ESPECIAL + (S/DSI),10000.0,L,ESTACION DE SERVICIO LAS CONCHAS S.R.L.-SUCURSAL LA ENCONADA,1275-RHG,Gasolina Especial +,GASOLINA_ESPECIAL_MAS,Provincia,
2026-09-17,2026-09-17,True,False,Santa Cruz,GASOLINA ESPECIAL + EESS,20000.0,L,ESTACION DE SERVICIO LAS CONCHAS S.R.L.,1275-RHG,Gasolina Especial +,GASOLINA_ESPECIAL_MAS,Provincia,
2026-09-17,2026-09-17,True,False,Santa Cruz,GASOLINA ESPECIAL + EESS,20000.0,L,ESTACION DE SERVICIO COCA-ENRRIQUE COCA LOPEZ,1132-FZP,Gasolina Especial +,GASOLINA_ESPECIAL_MAS,Provincia,
2026-09-17,2026-09-17,True,False,Santa Cruz,GASOLINA ESPECIAL + (S/DSI),10000.0,L,COMPLEJO AUTOMOTRIZ VIRGEN DE URKUPIÑA S.R.L.,1135-RGC,Gasolina Especial +,GASOLINA_ESPECIAL_MAS,Ciudad,
2026-09-17,2026-09-17,True,False,Santa Cruz,GASOLINA ESPECIAL + EESS,20000.0,L,TARIFA S.R.L.,1636-FLK,Gasolina Especial +,GASOLINA_ESPECIAL_MAS,Provincia,
2026-09-17,2026-09-17,True,False,Santa Cruz,GASOLINA ESPECIAL + EESS,20000.0,L,ESTACION DE SERVICIO SAN SALVADOR - SILVIA VARGAS CRESPO,2382-TSC,Gasolina Especial +,GASOLINA_ESPECIAL_MAS,Provincia,
2026-09-17,2026-09-17,True,False,Santa Cruz,GASOLINA ESPECIAL + (S/DSI),20000.0,L,ESTACION DE SERVICIO PALMASOLA,1044-PLP,Gasolina Especial +,GASOLINA_ESPECIAL_MAS,Ciudad,
2026-09-17,2026-09-17,True,False,Santa Cruz,GASOLINA ESPECIAL + (S/DSI),15000.0,L,ESTACION DE SERVICIO SANTA MARIA,1044-PLP,Gasolina Especial +,GASOLINA_ESPECIAL_MAS,Ciudad,
2026-09-17,2026-09-17,True,False,Santa Cruz,GASOLINA ESPECIAL + EESS,20000.0,L,ESTACION DE SERVICIO SAN SILVESTRE,2265-BKN,Gasolina Especial +,GASOLINA_ESPECIAL_MAS,Provincia,
2026-09-17,2026-09-17,True,False,Santa Cruz,GASOLINA ESPECIAL + EESS,15000.0,L,ESTACION DE SERVICIO JATUMPAMPA SRL,2188-IEB,Gasolina Especial +,GASOLINA_ESPECIAL_MAS,Provincia,
2026-09-17,2026-09-16,True,True,Santa Cruz,GASOLINA ESPECIAL + (S/DSI),15000.0,L,ESTACION DE SERVICIO MONTAÑO S.R.L.,3031-PAN,Gasolina Especial +,GASOLINA_ESPECIAL_MAS,Ciudad,
2026-09-17,2026-09-17,True,False,Santa Cruz,GASOLINA ESPECIAL + (S/DSI),24900.0,L,ESTACION DE SERVICIO LA CIMA,297-ACK,Gasolina Especial +,GASOLINA_ESPECIAL_MAS,Ciudad,
2026-09-17,2026-09-17,True,False,Santa Cruz,GASOLINA ESPECIAL + (S/DSI),20000.0,L,ESTACION DE SERVICIO CLUB GAZEL S.R.L.,2120-PKF,Gasolina Especial +,GASOLINA_ESPECIAL_MAS,Ciudad,
2026-09-17,2026-09-17,True,False,Santa Cruz,GASOLINA ESPECIAL + (S/DSI),5000.0,L,ESTACION DE SERVICIO SUR S.R.L. SUCURSAL 2,1128-FUX,Gasolina Especial +,GASOLINA_ESPECIAL_MAS,Ciudad,
2026-09-17,2026-09-17,True,False,Santa Cruz,GASOLINA ESPECIAL + (S/DSI),25000.0,L,ESTACION DE SERVICIO LA COLORADA,2434-YRP,Gasolina Especial +,GASOLINA_ESPECIAL_MAS,Ciudad,
2026-09-17,2026-09-17,True,False,Santa Cruz,GASOLINA ESPECIAL + (S/DSI),20000.0,L,ESTACION DE SERVICIO SUR S.R.L.,5775-AXE,Gasolina Especial +,GASOLINA_ESPECIAL_MAS,Ciudad,
2026-09-17,2026-09-17,True,False,Santa Cruz,GASOLINA ESPECIAL + (S/DSI),5000.0,L,REFINERIA ORIENTAL S.A. SUCURSAL MONTECRISTO,1128-FUX,Gasolina Especial +,GASOLINA_ESPECIAL_MAS,Ciudad,
2026-09-17,2026-09-17,True,False,Santa Cruz,GASOLINA ESPECIAL + (S/DSI),20000.0,L,ESTACION DE SERVICIO EL TAROPE - JHONNY AGUILAR ADRIAZOLA,1744-UZH,Gasolina Especial +,GASOLINA_ESPECIAL_MAS,Ciudad,
2026-09-17,2026-09-17,True,False,Santa Cruz,GASOLINA ESPECIAL + (S/DSI),20000.0,L,REFINERIA ORIENTAL S.A. SUC. NOR ESTE,1095-ZCK,Gasolina Especial +,GASOLINA_ESPECIAL_MAS,Ciudad,
2026-09-17,2026-09-17,True,False,Santa Cruz,GASOLINA ESPECIAL + (S/DSI),20000.0,L,YVU CENTRO DE SERVICIOS Y COMERCIO S.R.L.,1060-PIT,Gasolina Especial +,GASOLINA_ESPECIAL_MAS,Ciudad,
2026-09-17,2026-09-17,True,False,Santa Cruz,GASOLINA ESPECIAL + (S/DSI),20000.0,L,Z & Z LTDA,2319-UPC,Gasolina Especial +,GASOLINA_ESPECIAL_MAS,Ciudad,
2026-09-17,2026-09-17,True,False,Santa Cruz,GASOLINA ESPECIAL + (S/DSI),20000.0,L,R&E 3000 S.R.L.,1197-ATI,Gasolina Especial +,GASOLINA_ESPECIAL_MAS,Ciudad,
2026-09-17,2026-09-17,True,False,Santa Cruz,GASOLINA ESPECIAL + EESS,15000.0,L,ESTACION DE SERVICIO CASCABEL SUC. CUATRO CAÑADAS-YOHANA PAOLA VACA GUZMAN,466-RYE,Gasolina Especial +,GASOLINA_ESPECIAL_MAS,Provincia,
2026-09-17,2026-09-17,True,False,Santa Cruz,GASOLINA ESPECIAL + EESS,20000.0,L,MUYURINA LTDA,647-NPX,Gasolina Especial +,GASOLINA_ESPECIAL_MAS,Provincia,
2026-09-17,2026-09-17,True,False,Santa Cruz,GASOLINA ESPECIAL + (S/DSI),20000.0,L,ESTACION DE SERVICIO TRES PASOS AL FRENTE - VITALIANO ROJAS OLIVERA,5002-IBN,Gasolina Especial +,GASOLINA_ESPECIAL_MAS,Ciudad,
2026-09-17,2026-09-17,True,False,Santa Cruz,GASOLINA ESPECIAL + EESS,10000.0,L,ESTACION DE SERVICIO CHANE,1094-EIF,Gasolina Especial +,GASOLINA_ESPECIAL_MAS,Provincia,
2026-09-17,2026-09-16,True,True,Santa Cruz,GASOLINA ESPECIAL + (S/DSI),5000.0,L,ESTACION DE SERVICIO DAVILA S.R.L.,1445-CDA,Gasolina Especial +,GASOLINA_ESPECIAL_MAS,Ciudad,
2026-09-17,2026-09-16,True,True,Santa Cruz,GASOLINA ESPECIAL + EESS,20000.0,L,SURTIDOR LOS NEGROS - NERY TABOADA CONTRERAS,1871-FDS,Gasolina Especial +,GASOLINA_ESPECIAL_MAS,Provincia,
2026-09-17,2026-09-16,True,True,Santa Cruz,GASOLINA ESPECIAL + EESS,20000.0,L,ESTACION DE SERVICIO EL AGRICULTOR-CLAUDINA PILLCO LOZA,2251-LZR,Gasolina Especial +,GASOLINA_ESPECIAL_MAS,Provincia,
2026-09-17,2026-09-17,True,False,Santa Cruz,GASOLINA ESPECIAL + (S/DSI),5000.0,L,ESTACION DE SERVICIO RIVERO - LUIS ANTONIO RIVERO AÑEZ,681-FDU,Gasolina Especial +,GASOLINA_ESPECIAL_MAS,Ciudad,
2026-09-17,2026-09-16,True,True,Santa Cruz,GASOLINA ESPECIAL + (S/DSI),10000.0,L,ESTACION DE SERVICIO DICOR S.R.L.,583-PTR,Gasolina Especial +,GASOLINA_ESPECIAL_MAS,Ciudad,
2026-09-17,2026-09-16,True,True,Santa Cruz,GASOLINA ESPECIAL + EESS,10000.0,L,GOTEON S.R.L.,1082-GDH,Gasolina Especial +,GASOLINA_ESPECIAL_MAS,Provincia,
2026-09-17,2026-09-17,True,False,Santa Cruz,GLP DISTRIB. 10 KILOS NAL,12240.0,L,DIST. GLP. ALTAMARGAS Juan Pablo Melgarejo Iriarte,1316-NUG,GLP,GLP,,
2026-09-17,2026-09-17,True,False,Santa Cruz,GLP DISTRIB. 10 KILOS NAL,11800.0,L,DIST. GLP. ALTAMARGAS Juan Pablo Melgarejo Iriarte,6683-TRA,GLP,GLP,,
2026-09-17,2026-09-17,True,False,Santa Cruz,GLP DISTRIB. 10 KILOS NAL,2640.0,L,DIST. URBANA CENTRO GAS SUC. SANTA CRUZ - CABEZAS - CARMEN ROSARIO MELGAREJO GONZALES,5187-NLY,GLP,GLP,,
2026-09-17,2026-09-17,True,False,Santa Cruz,GLP DISTRIB. 10 KILOS NAL,11520.0,L,CARMEN R. MELGAREJO GONZALES - DIST. CENTRO GAS,2832-PDP,GLP,GLP,,
2026-09-17,2026-09-16,True,True,Santa Cruz,GASOLINA ESPECIAL + EESS,20000.0,L,ESTACION DE SERVICIO COLINDRES-CARMEN MARY IRIARTE BARBA,1170-DFK,Gasolina Especial +,GASOLINA_ESPECIAL_MAS,Provincia,
2026-09-17,2026-09-17,True,False,Santa Cruz,GLP DISTRIB. 10 KILOS NAL,10690.0,L,CARMEN R. MELGAREJO GONZALES - DIST. CENTRO GAS,515-HGI,GLP,GLP,,
2026-09-17,2026-09-17,True,False,Santa Cruz,GLP DISTRIB. 45 KILOS NAL,3915.0,L,SOPESE S.R.L.,6393-FTT,GLP,GLP,,
2026-09-17,2026-09-17,True,False,Santa Cruz,GLP DISTRIB. 10 KILOS NAL,8080.0,L,SOPESE S.R.L.,578-IEC,GLP,GLP,,
2026-09-17,2026-09-17,True,False,Santa Cruz,GLP DISTRIB. 10 KILOS NAL,8710.0,L,SOPESE S.R.L.,5741-ADC,GLP,GLP,,
2026-09-17,2026-09-17,True,False,Santa Cruz,GLP DISTRIB. 10 KILOS NAL,12030.0,L,AGROGAS S.R.L.,547-ZXY,GLP,GLP,,
2026-09-17,2026-09-16,True,True,Santa Cruz,GASOLINA ESPECIAL + (S/DSI),15000.0,L,ESTACION DE SERVICIO 3F OIL S.R.L.,953-UFL,Gasolina Especial +,GASOLINA_ESPECIAL_MAS,Ciudad,
2026-09-17,2026-09-16,True,True,Santa Cruz,GLP DISTRIB. 10 KILOS NAL,12150.0,L,DIST. GLP. VALLE GAS - Nancy Arteaga de Lazo,363-XPE,GLP,GLP,,
2026-09-17,2026-09-16,True,True,Santa Cruz,GLP DISTRIB. 10 KILOS NAL,4200.0,L,DIST. GLP. VALLE GAS - Nancy Arteaga de Lazo,727-LNX,GLP,GLP,,
2026-09-17,2026-09-16,True,True,Santa Cruz,GASOLINA ESPECIAL + (S/DSI),10000.0,L,COMPLEJO AUTOMOTRIZ VIRGEN DE URKUPIÑA S.R.L.,1135-RGC,Gasolina Especial +,GASOLINA_ESPECIAL_MAS,Ciudad,
2026-09-17,2026-09-16,True,True,Santa Cruz,GASOLINA ESPECIAL + EESS,20000.0,L,ESTACION DE SERVICIO EL TAJIBO OKINAWA,1122-SRR,Gasolina Especial +,GASOLINA_ESPECIAL_MAS,Provincia,
2026-09-17,2026-09-16,True,True,Santa Cruz,GASOLINA ESPECIAL + (S/DSI),20000.0,L,ESTACION DE SERVICIOS VIRGEN DE COTOCA S.R.L.,3850-ANL,Gasolina Especial +,GASOLINA_ESPECIAL_MAS,Ciudad,
2026-09-17,2026-09-16,True,True,Santa Cruz,GASOLINA ESPECIAL + EESS,15000.0,L,ESTACION DE SERVICIO EL BIBOSI MANANTIAL-LIMBERT JIMENEZ JALDIN,2014-TNN,Gasolina Especial +,GASOLINA_ESPECIAL_MAS,Provincia,
2026-09-17,2026-09-16,True,True,Santa Cruz,GASOLINA ESPECIAL + (S/DSI),20000.0,L,GENEX S.A-SUCURSAL S.C ZONA GUARACACHI,1169-YKS,Gasolina Especial +,GASOLINA_ESPECIAL_MAS,Ciudad,
2026-09-17,2026-09-16,True,True,Santa Cruz,GASOLINA ESPECIAL + (S/DSI),10000.0,L,GENEX S.A. SUCURSAL ZONA NOR ESTE,1166-FCU,Gasolina Especial +,GASOLINA_ESPECIAL_MAS,Ciudad,
2026-09-17,2026-09-16,True,True,Santa Cruz,GASOLINA ESPECIAL + (S/DSI),10000.0,L,GENEX S.A SUCURSAL SANTA CRUZ ZONA SANTA ROSA,652-SRU,Gasolina Especial +,GASOLINA_ESPECIAL_MAS,Ciudad,
2026-09-17,2026-09-16,True,True,Santa Cruz,GASOLINA ESPECIAL + (S/DSI),20000.0,L,GENEX S.A SUCURSAL S.C ZONA GUALBERTO VILLARROEL,1166-FCU,Gasolina Especial +,GASOLINA_ESPECIAL_MAS,Ciudad,
2026-09-17,2026-09-17,True,False,Santa Cruz,GLP DISTRIB. 45 KILOS NAL,3600.0,L,DIST. GLP. CRUCEÑITA VASA S.R.L.,400-PAF,GLP,GLP,,
2026-09-17,2026-09-16,True,True,Santa Cruz,GASOLINA ESPECIAL + (S/DSI),10000.0,L,VANGAS S.A,652-SRU,Gasolina Especial +,GASOLINA_ESPECIAL_MAS,Ciudad,
2026-09-17,2026-09-17,True,False,Santa Cruz,GLP DISTRIB. 45 KILOS NAL,5400.0,L,DIST. GLP. CRUCEÑITA VASA S.R.L.,3460-KTK,GLP,GLP,,
2026-09-17,2026-09-16,True,True,Santa Cruz,GASOLINA ESPECIAL + (S/DSI),10000.0,L,ESTACION DE SERVICIO EL TROMPILLO,1169-YKS,Gasolina Especial +,GASOLINA_ESPECIAL_MAS,Ciudad,
2026-09-17,2026-09-17,True,False,Santa Cruz,GLP DISTRIB. 10 KILOS NAL,11000.0,L,DIST. GLP. CRUCEÑITA VASA S.R.L.,2492-YHT,GLP,GLP,,
2026-09-17,2026-09-16,True,True,Santa Cruz,GASOLINA ESPECIAL + EESS,20000.0,L,"ESTACION DE SERVICIO ""S.J"" S.R.L.",3598-KXG,Gasolina Especial +,GASOLINA_ESPECIAL_MAS,Provincia,
2026-09-17,2026-09-16,True,True,Santa Cruz,GASOLINA ESPECIAL + EESS,20000.0,L,CENTRO DE COMERCIO SANTA RITAKM32 S.R.L.,3853-BSD,Gasolina Especial +,GASOLINA_ESPECIAL_MAS,Provincia,
2026-09-17,2026-09-16,True,True,Santa Cruz,GASOLINA ESPECIAL + EESS,10000.0,L,ESTACION DE SERVICIO MACONDO,1094-EIF,Gasolina Especial +,GASOLINA_ESPECIAL_MAS,Provincia,
2026-09-17,2026-09-16,True,True,Santa Cruz,GASOLINA ESPECIAL + EESS,20000.0,L,ESTACION DE SERVICIO CASCABEL SUC. CUATRO CAÑADAS-YOHANA PAOLA VACA GUZMAN,466-RYE,Gasolina Especial +,GASOLINA_ESPECIAL_MAS,Provincia,
2026-09-17,2026-09-16,True,True,Santa Cruz,GASOLINA ESPECIAL + EESS,20000.0,L,SURTIDOR VIRGEN DE CHARAGUA S.R.L.,466-UHP,Gasolina Especial +,GASOLINA_ESPECIAL_MAS,Provincia,
2026-09-17,2026-09-16,True,True,Santa Cruz,GASOLINA ESPECIAL + EESS,20000.0,L,ESTACION DE SERVICIO ICHILO SRL,2076-CUF,Gasolina Especial +,GASOLINA_ESPECIAL_MAS,Provincia,
2026-09-17,2026-09-16,True,True,Santa Cruz,GASOLINA ESPECIAL + EESS,20000.0,L,ESTACION DE SERVICIO LOS BIBOSIS S.R.L.,5631-AZA,Gasolina Especial +,GASOLINA_ESPECIAL_MAS,Provincia,
2026-09-17,2026-09-15,True,True,Santa Cruz,DIESEL OIL IMPORTADO EESS,5000.0,L,ESTACION DE SERVICIO TRES PASOS AL FRENTE - VITALIANO ROJAS OLIVERA,5002-IBN,Diesel Oil Importado,DIESEL_IMPORTADO,Ciudad,
2026-09-17,2026-09-15,True,True,Santa Cruz,DIESEL OIL IMPORTADO EESS,15000.0,L,VANGAS S.A,1169-YKS,Diesel Oil Importado,DIESEL_IMPORTADO,Ciudad,
2026-09-17,2026-09-15,True,True,Santa Cruz,DIESEL OIL IMPORTADO EESS,15000.0,L,ESTACION DE SERVICIO EL TROMPILLO,1169-YKS,Diesel Oil Importado,DIESEL_IMPORTADO,Ciudad,
2026-09-17,2026-09-15,True,True,Santa Cruz,DIESEL OIL IMPORTADO EESS,10000.0,L,ESTACION DE SERVICIO ORSA SRL-SUCURSAL 1,6453-URG,Diesel Oil Importado,DIESEL_IMPORTADO,Provincia,
2026-09-17,2026-09-15,True,True,Santa Cruz,DIESEL OIL NACIONAL EESS,20000.0,L,SURTIDOR VIRGEN DE CHARAGUA S.R.L.,1148-XGX,Diesel Oil Nacional,DIESEL_NACIONAL,Provincia,
2026-09-17,2026-09-15,True,True,Santa Cruz,DIESEL OIL NACIONAL EESS,20000.0,L,ESTACION DE SERVICIO JATUMPAMPA SRL,2188-IEB,Diesel Oil Nacional,DIESEL_NACIONAL,Provincia,
2026-09-17,2026-09-15,True,True,Santa Cruz,GASOLINA ESPECIAL + (S/DSI),9900.0,L,ESTACION DE SERVICIO URBARI SRL,375-KIH,Gasolina Especial +,GASOLINA_ESPECIAL_MAS,Ciudad,
2026-09-17,2026-09-15,True,True,Santa Cruz,DIESEL OIL NACIONAL EESS,35000.0,L,ESTACION DE SERVICIO TORRIAYALA S.R.L.,4491-PRD,Diesel Oil Nacional,DIESEL_NACIONAL,Provincia,
2026-09-17,2026-09-16,True,True,Santa Cruz,GLP DISTRIB. 45 KILOS NAL,3600.0,L,DIST. GLP. ALTAMARGAS Juan Pablo Melgarejo Iriarte,3082-SBN,GLP,GLP,,
2026-09-17,2026-09-16,True,True,Santa Cruz,GLP DISTRIB. 10 KILOS NAL,11220.0,L,DIST. GLP. ALTAMARGAS Juan Pablo Melgarejo Iriarte,1294-GFE,GLP,GLP,,
2026-09-17,2026-09-16,True,True,Santa Cruz,GLP DISTRIB. 10 KILOS NAL,11520.0,L,CARMEN R. MELGAREJO GONZALES - DIST. CENTRO GAS,559-TXY,GLP,GLP,,
2026-09-17,2026-09-16,True,True,Santa Cruz,GLP DISTRIB. 45 KILOS NAL,2250.0,L,CARMEN R. MELGAREJO GONZALES - DIST. CENTRO GAS,6663-IUD,GLP,GLP,,
2026-09-17,2026-09-15,True,True,Santa Cruz,GASOLINA ESPECIAL + EESS,20000.0,L,COMERCIALIZADORA DE HIDROCARBUROS ABJ S.R.L,6398-RNI,Gasolina Especial +,GASOLINA_ESPECIAL_MAS,Provincia,
2026-09-17,2026-09-16,True,True,Santa Cruz,GLP DISTRIB. 10 KILOS NAL,6350.0,L,SOPESE S.R.L.,5741-ADC,GLP,GLP,,
2026-09-17,2026-09-15,True,True,Santa Cruz,GASOLINA ESPECIAL + EESS,25000.0,L,SAN JOAQUIN I S.R.L.,1066-TLK,Gasolina Especial +,GASOLINA_ESPECIAL_MAS,Provincia,
2026-09-17,2026-09-15,True,True,Santa Cruz,GASOLINA ESPECIAL + (S/DSI),20000.0,L,ESTACION DE SERVICIO RADIAL 10 - HUGO FLORERO ORELLANA,948-PYS,Gasolina Especial +,GASOLINA_ESPECIAL_MAS,Ciudad,
2026-09-17,2026-09-14,True,True,Santa Cruz,GASOLINA ESPECIAL + (S/DSI),20000.0,L,SURTIDOR CLUBOL - RUTH JIMENEZ DE MONROY,5312-NXE,Gasolina Especial +,GASOLINA_ESPECIAL_MAS,Ciudad,
2026-09-17,2026-09-14,True,True,Santa Cruz,GASOLINA ESPECIAL + EESS,10000.0,L,ESTACION DE SERVICIO COLINDRES-CARMEN MARY IRIARTE BARBA,1170-DFK,Gasolina Especial +,GASOLINA_ESPECIAL_MAS,Provincia,
2026-09-17,2026-09-14,True,True,Santa Cruz,GASOLINA ESPECIAL + EESS,20000.0,L,ESTACION DE SERVICIO EL BIBOSI MANANTIAL-LIMBERT JIMENEZ JALDIN,2014-TNN,Gasolina Especial +,GASOLINA_ESPECIAL_MAS,Provincia,
2026-09-17,2026-09-17,True,False,Santa Cruz,GLP DISTRIB. 10 KILOS NAL,10530.0,L,JYRL GAS - LOURDES MORALES DE QUIROZ,1892-EBR,GLP,GLP,,
2026-09-17,2026-09-16,True,True,Santa Cruz,GLP DISTRIB. 10 KILOS NAL,12520.0,L,JYRL GAS - LOURDES MORALES DE QUIROZ,302-HDB,GLP,GLP,,
2026-09-17,2026-09-17,True,False,Santa Cruz,DIESEL OIL IMPORTADO EESS,5000.0,L,ESTACION DE SERVICIO VERGARA - FABIOLA NOEMI ZORRILLO VERGARA,1184-YND,Diesel Oil Importado,DIESEL_IMPORTADO,Ciudad,
2026-09-17,2026-09-17,True,False,Santa Cruz,GASOLINA ESPECIAL + EESS,14000.0,L,ESTACION DE SERVICIO DURAZNERO-DANA FLORES DAVALOS,5638-CXH,Gasolina Especial +,GASOLINA_ESPECIAL_MAS,Provincia,
2026-09-17,2026-09-17,True,False,Santa Cruz,GASOLINA ESPECIAL + EESS,20000.0,L,ESTACION DE SERVICIO DANA S.R.L.,5638-CXH,Gasolina Especial +,GASOLINA_ESPECIAL_MAS,Provincia,
2026-09-17,2026-09-17,True,False,Santa Cruz,GASOLINA ESPECIAL + EESS,5000.0,L,SURTIDOR CHARAGUA,466-UHP,Gasolina Especial +,GASOLINA_ESPECIAL_MAS,Provincia,
2026-09-17,2026-09-17,True,False,Santa Cruz,DIESEL OIL IMPORTADO EESS,25000.0,L,ESTACION DE SERVICIO LOS COYUYOS-JULIA GONZALES,3994-CKU,Diesel Oil Importado,DIESEL_IMPORTADO,Ciudad,
2026-09-17,2026-09-17,True,False,Santa Cruz,GASOLINA ESPECIAL + (S/DSI),20000.0,L,GENEX S.A SUCURSAL SANTA CRUZ ZONA ESTE,1166-FCU,Gasolina Especial +,GASOLINA_ESPECIAL_MAS,Ciudad,
2026-09-17,2026-09-17,True,False,Santa Cruz,GASOLINA ESPECIAL + (S/DSI),15000.0,L,GENEX S.A SUCURSAL S.C ZONA GUALBERTO VILLARROEL,1166-FCU,Gasolina Especial +,GASOLINA_ESPECIAL_MAS,Ciudad,
2026-09-17,2026-09-17,True,False,Santa Cruz,GASOLINA ESPECIAL + EESS,20000.0,L,ESTACION DE SERVICIO ARACATACA,652-SRU,Gasolina Especial +,GASOLINA_ESPECIAL_MAS,Provincia,
2026-09-17,2026-09-17,True,False,Santa Cruz,GASOLINA ESPECIAL + (S/DSI),20000.0,L,ESTACION DE SERVICIO ELISA S.R.L.,2291-ATI,Gasolina Especial +,GASOLINA_ESPECIAL_MAS,Ciudad,
2026-09-17,2026-09-17,True,False,Santa Cruz,GASOLINA ESPECIAL + (S/DSI),20000.0,L,REFRIGAS S.R.L.,1123-RNR,Gasolina Especial +,GASOLINA_ESPECIAL_MAS,Ciudad,
2026-09-17,2026-09-17,True,False,Santa Cruz,DIESEL OIL IMPORTADO EESS,30000.0,L,ESTACION DE SERVICIO 3F OIL S.R.L.,953-UFL,Diesel Oil Importado,DIESEL_IMPORTADO,Ciudad,
2026-09-17,2026-09-17,True,False,Santa Cruz,DIESEL OIL IMPORTADO EESS,30000.0,L,ESTACION DE SERVICIO SUR S.R.L. SUCURSAL 2,4530-FIY,Diesel Oil Importado,DIESEL_IMPORTADO,Ciudad,
2026-09-17,2026-09-17,True,False,Santa Cruz,GASOLINA ESPECIAL + EESS,20000.0,L,ESTACION DE SERVICIO ARNEZ - LUIS ARNEZ ONOFRE,4493-XXT,Gasolina Especial +,GASOLINA_ESPECIAL_MAS,Provincia,
2026-09-17,2026-09-17,True,False,Santa Cruz,DIESEL OIL IMPORTADO EESS,30000.0,L,ESTACION DE SERVICIO SUR SRL SUCURSAL 3,1095-ZCK,Diesel Oil Importado,DIESEL_IMPORTADO,Ciudad,
2026-09-17,2026-09-17,True,False,Santa Cruz,GASOLINA ESPECIAL + (S/DSI),15000.0,L,COMPAÑIA COMERCIAL DE GAS COMPRIMIDO C.G.C. S.R.L.,2511-RLA,Gasolina Especial +,GASOLINA_ESPECIAL_MAS,Ciudad,
2026-09-17,2026-09-17,True,False,Santa Cruz,GASOLINA ESPECIAL + (S/DSI),15000.0,L,ESTACION DE SERVICIO EL GASOMETRO S.R.L.,885-PZL,Gasolina Especial +,GASOLINA_ESPECIAL_MAS,Ciudad,
2026-09-17,2026-09-17,True,False,Santa Cruz,GASOLINA ESPECIAL + (S/DSI),20000.0,L,ESTACION DE SERVICIO LA CHORRERA SRL,885-PZL,Gasolina Especial +,GASOLINA_ESPECIAL_MAS,Ciudad,
2026-09-17,2026-09-17,True,False,Santa Cruz,DIESEL OIL IMPORTADO EESS,20000.0,L,ESTACION DE SERVICIO VERGARA - FABIOLA NOEMI ZORRILLO VERGARA,1184-YND,Diesel Oil Importado,DIESEL_IMPORTADO,Ciudad,
2026-09-17,2026-09-17,True,False,Santa Cruz,DIESEL OIL IMPORTADO EESS,35000.0,L,ESTACION DE SERVICIO TOTAITU N&T S.R.L.,2390-XBX,Diesel Oil Importado,DIESEL_IMPORTADO,Ciudad,
2026-09-17,2026-09-17,True,False,Santa Cruz,GASOLINA ESPECIAL + (S/DSI),10000.0,L,SURTIDOR EL PALMAR - DIONICIO CONDORI RODRIGUEZ,782-YPK,Gasolina Especial +,GASOLINA_ESPECIAL_MAS,Ciudad,
2026-09-17,2026-09-17,True,False,Santa Cruz,GASOLINA ESPECIAL + (S/DSI),5000.0,L,ESTACION DE SERVICIO EMANUEL S.R.L.,2330-NLD,Gasolina Especial +,GASOLINA_ESPECIAL_MAS,Ciudad,
2026-09-17,2026-09-17,True,False,Santa Cruz,GASOLINA ESPECIAL + (S/DSI),10000.0,L,CENTRO DE COMERCIO Y SERVICIOS VALDIVIA FERRUFINO S.R.L.,2330-NLD,Gasolina Especial +,GASOLINA_ESPECIAL_MAS,Ciudad,
2026-09-17,2026-09-17,True,False,Santa Cruz,GASOLINA ESPECIAL + (S/DSI),10000.0,L,ESTACION DE SERVICIO DAVILA S.R.L.,1445-CDA,Gasolina Especial +,GASOLINA_ESPECIAL_MAS,Ciudad,
2026-09-17,2026-09-17,True,False,Santa Cruz,GASOLINA ESPECIAL + EESS,20000.0,L,ABERI SRL,1408-PLU,Gasolina Especial +,GASOLINA_ESPECIAL_MAS,Provincia,
2026-09-17,2026-09-17,True,False,Santa Cruz,GASOLINA ESPECIAL + (S/DSI),10000.0,L,EMPRESA DE SERVICIOS 8 DE NOVIEMBRE LTDA.,1831-SEK,Gasolina Especial +,GASOLINA_ESPECIAL_MAS,Ciudad,
2026-09-17,2026-09-17,True,False,Santa Cruz,GASOLINA ESPECIAL + EESS,20000.0,L,JARAJORECHI S.R.L.,878-ENK,Gasolina Especial +,GASOLINA_ESPECIAL_MAS,Provincia,
2026-09-17,2026-09-17,True,False,Santa Cruz,GASOLINA ESPECIAL + (S/DSI),10000.0,L,ESTACION DE SERVICIO SAN LUIS I,244-ANI,Gasolina Especial +,GASOLINA_ESPECIAL_MAS,Ciudad,
2026-09-17,2026-09-17,True,False,Santa Cruz,GASOLINA ESPECIAL + (S/DSI),25000.0,L,ESTACION DE SERVICIO SAN LUIS,244-ANI,Gasolina Especial +,GASOLINA_ESPECIAL_MAS,Ciudad,
2026-09-17,2026-09-17,True,False,Santa Cruz,GASOLINA ESPECIAL + (S/DSI),25000.0,L,SURTIDOR VARDONA - SUSANA POEHLMANN GARCIA,863-RUI,Gasolina Especial +,GASOLINA_ESPECIAL_MAS,Ciudad,
2026-09-17,2026-09-17,True,False,Santa Cruz,GASOLINA ESPECIAL + (S/DSI),20000.0,L,GENEX S.A. SUCURSAL ZONA NOR ESTE,863-XYY,Gasolina Especial +,GASOLINA_ESPECIAL_MAS,Ciudad,
2026-09-17,2026-09-17,True,False,Santa Cruz,GASOLINA ESPECIAL + (S/DSI),25000.0,L,CIA BOLIVIANA DE GAS NATURAL COMPRIMIDO GENEX SA,851-SLG,Gasolina Especial +,GASOLINA_ESPECIAL_MAS,Ciudad,
2026-09-17,2026-09-17,True,False,Santa Cruz,GASOLINA ESPECIAL + (S/DSI),10000.0,L,VANGAS S.A,851-SLG,Gasolina Especial +,GASOLINA_ESPECIAL_MAS,Ciudad,
2026-09-17,2026-09-17,True,False,Santa Cruz,GASOLINA ESPECIAL + (S/DSI),20000.0,L,SERVICIOS GENERALES LA CAÑADA S.R.L.,2215-HBF,Gasolina Especial +,GASOLINA_ESPECIAL_MAS,Ciudad,
2026-09-17,2026-09-17,True,False,Santa Cruz,GASOLINA ESPECIAL + EESS,20000.0,L,ESTACION DE SERVICIO GASCAR S.R.L.,5342-KHY,Gasolina Especial +,GASOLINA_ESPECIAL_MAS,Provincia,
2026-09-17,2026-09-17,True,False,Santa Cruz,GASOLINA ESPECIAL + EESS,20000.0,L,ESTACION DE SERVICIO RUTA NORTE S.R.L.,3994-CKU,Gasolina Especial +,GASOLINA_ESPECIAL_MAS,Provincia,
2026-09-17,2026-09-17,True,False,Santa Cruz,GASOLINA ESPECIAL + EESS,20000.0,L,ESTACION DE SERVICIO MIRANDA S.R.L.,2522-BEF,Gasolina Especial +,GASOLINA_ESPECIAL_MAS,Provincia,
2026-09-17,2026-09-16,True,True,Santa Cruz,GASOLINA ESPECIAL + EESS,20000.0,L,D-GAS S.A. SUCURSAL SANTA CRUZ,2511-RLA,Gasolina Especial +,GASOLINA_ESPECIAL_MAS,Provincia,
2026-09-17,2026-09-17,True,False,Santa Cruz,GASOLINA ESPECIAL + (S/DSI),20000.0,L,REFINERIA ORIENTAL S.A.,1128-FUX,Gasolina Especial +,GASOLINA_ESPECIAL_MAS,Ciudad,
2026-09-17,2026-09-17,True,False,Santa Cruz,GASOLINA ESPECIAL + (S/DSI),20000.0,L,"EMPRESA DAVILA IMPORTADORA-EXPORTADORA S.R.L. ""DAIMPORT - EXPORT LTDA""",846-IXK,Gasolina Especial +,GASOLINA_ESPECIAL_MAS,Ciudad,
2026-09-17,2026-09-17,True,False,Santa Cruz,GASOLINA ESPECIAL + (S/DSI),20000.0,L,GASCO S.R.L.,1388-TGA,Gasolina Especial +,GASOLINA_ESPECIAL_MAS,Ciudad,
2026-09-17,2026-09-17,True,False,Santa Cruz,GASOLINA ESPECIAL + (S/DSI),15000.0,L,REFINERIA ORIENTAL S.A. SUCURSAL MONTECRISTO,825-ATI,Gasolina Especial +,GASOLINA_ESPECIAL_MAS,Ciudad,
2026-09-17,2026-09-17,True,False,Santa Cruz,GASOLINA ESPECIAL + (S/DSI),20000.0,L,REFINERIA ORIENTAL S.A.-SUC. BARRIO LAZARETO,514-HHE,Gasolina Especial +,GASOLINA_ESPECIAL_MAS,Ciudad,
2026-09-17,2026-09-16,True,True,Santa Cruz,DIESEL OIL NACIONAL EESS,25000.0,L,"EE.SS. COOP. DE SERVICIOS PUBLICOS DE AGUA POTABLE Y ALCANTARILLADO ""MONTES CLAROS"" R.L.",3134-RAX,Diesel Oil Nacional,DIESEL_NACIONAL,Provincia,
2026-09-16,2026-09-16,True,False,Santa Cruz,DIESEL OIL IMPORTADO CF,6100.0,L,NAVEGACION AEREA Y AEROPUERTOS BOLIVIANOS-NAABOL,2319-UPC,Diesel Oil Importado,DIESEL_IMPORTADO,,
2026-09-16,2026-09-16,True,False,Santa Cruz,GLP DISTRIB. 45 KILOS NAL,3600.0,L,DIST. GLP. CRUCEÑITA VASA S.R.L.,3460-KTK,GLP,GLP,,
2026-09-16,2026-09-16,True,False,Santa Cruz,GLP DISTRIB. 45 KILOS NAL,5400.0,L,DIST. GLP. CRUCEÑITA VASA S.R.L.,400-PAF,GLP,GLP,,
2026-09-16,2026-09-16,True,False,Santa Cruz,GLP DISTRIB. 10 KILOS NAL,11000.0,L,DIST. GLP. CRUCEÑITA VASA S.R.L.,816-FTN,GLP,GLP,,
2026-09-16,2026-09-16,True,False,Santa Cruz,GLP DISTRIB. 10 KILOS NAL,11640.0,L,DIST. GLP. ALTAMARGAS Juan Pablo Melgarejo Iriarte,6683-TRA,GLP,GLP,,
2026-09-16,2026-09-16,True,False,Santa Cruz,GLP DISTRIB. 10 KILOS NAL,11520.0,L,CARMEN R. MELGAREJO GONZALES - DIST. CENTRO GAS,2832-PDP,GLP,GLP,,
2026-09-16,2026-09-16,True,False,Santa Cruz,GLP DISTRIB. 10 KILOS NAL,2640.0,L,DIST. URBANA CENTRO GAS SUC. SANTA CRUZ - CABEZAS - CARMEN ROSARIO MELGAREJO GONZALES,5187-NLY,GLP,GLP,,
2026-09-16,2026-09-16,True,False,Santa Cruz,GLP DISTRIB. 45 KILOS NAL,4050.0,L,SOPESE S.R.L.,6393-FTT,GLP,GLP,,
2026-09-16,2026-09-16,True,False,Santa Cruz,GLP DISTRIB. 10 KILOS NAL,8560.0,L,SOPESE S.R.L.,578-IEC,GLP,GLP,,
2026-09-16,2026-09-16,True,False,Santa Cruz,GLP DISTRIB. 10 KILOS NAL,8790.0,L,SOPESE S.R.L.,5268-EKA,GLP,GLP,,
2026-09-16,2026-09-15,True,True,Santa Cruz,GLP DISTRIB. 45 KILOS NAL,2250.0,L,CARMEN R. MELGAREJO GONZALES - DIST. CENTRO GAS,6700-EDC,GLP,GLP,,
2026-09-16,2026-09-15,True,True,Santa Cruz,GLP DISTRIB. 10 KILOS NAL,8950.0,L,CARMEN R. MELGAREJO GONZALES - DIST. CENTRO GAS,515-HGI,GLP,GLP,,
2026-09-16,2026-09-12,True,True,Santa Cruz,GLP DISTRIB. 10 KILOS NAL,11220.0,L,DIST. GLP. ALTAMARGAS Juan Pablo Melgarejo Iriarte,1294-GFE,GLP,GLP,,
2026-09-16,2026-09-12,True,True,Santa Cruz,GLP DISTRIB. 10 KILOS NAL,12150.0,L,DIST. GLP. VALLE GAS - Nancy Arteaga de Lazo,363-XPE,GLP,GLP,,
2026-09-16,2026-09-14,True,True,Santa Cruz,GLP DISTRIB. 10 KILOS NAL,10530.0,L,COMARAPA GAS-ARMANDO LIJERON ROCA,3122-BUN,GLP,GLP,,
2026-09-16,2026-09-16,True,False,Santa Cruz,GLP DISTRIB. 10 KILOS NAL,6210.0,L,JYRL GAS - LOURDES MORALES DE QUIROZ,1178-ADY,GLP,GLP,,
2026-09-16,2026-09-16,True,False,Santa Cruz,GLP DISTRIB. 10 KILOS NAL,10500.0,L,DIST. GLP. CRUCEÑITA VASA S.R.L.,2492-YHT,GLP,GLP,,
2026-09-16,2026-09-16,True,False,Santa Cruz,GLP DISTRIB. 45 KILOS NAL,4500.0,L,DIST. GLP. ALTAMARGAS Juan Pablo Melgarejo Iriarte,3586-ITS,GLP,GLP,,
2026-09-16,2026-09-16,True,False,Santa Cruz,GLP DISTRIB. 10 KILOS NAL,11210.0,L,DIST. GLP. ALTAMARGAS Juan Pablo Melgarejo Iriarte,1316-NUG,GLP,GLP,,
2026-09-16,2026-09-16,True,False,Santa Cruz,GLP DISTRIB. 10 KILOS NAL,10080.0,L,CARMEN R. MELGAREJO GONZALES - DIST. CENTRO GAS,515-HGI,GLP,GLP,,
2026-09-16,2026-09-15,True,True,Santa Cruz,GLP DISTRIB. 10 KILOS NAL,5960.0,L,SOPESE S.R.L.,5268-EKA,GLP,GLP,,
2026-09-16,2026-09-16,True,False,Santa Cruz,GLP DISTRIB. 10 KILOS NAL,10090.0,L,JYRL GAS - LOURDES MORALES DE QUIROZ,1892-EBR,GLP,GLP,,
2026-09-18,2026-09-18,True,False,Santa Cruz,DIESEL OIL NACIONAL EESS,25000.0,L,ESTACION DE SERVICIO MINERO-JHONNY QUINTEROS VASQUEZ,5351-UAG,Diesel Oil Nacional,DIESEL_NACIONAL,Provincia,
2026-09-18,2026-09-18,True,False,Santa Cruz,DIESEL OIL NACIONAL EESS,35000.0,L,ESTACION DE SERVICIO LOS BIBOSIS S.R.L.,5631-AZA,Diesel Oil Nacional,DIESEL_NACIONAL,Provincia,
2026-09-18,2026-09-18,True,False,Santa Cruz,DIESEL OIL NACIONAL EESS,25000.0,L,ESTACION DE SERVICIO EL MIRADOR - SONIA SORUCO ROCA,1128-PIA,Diesel Oil Nacional,DIESEL_NACIONAL,Provincia,
2026-09-18,2026-09-18,True,False,Santa Cruz,DIESEL OIL NACIONAL EESS,30000.0,L,ESTACION DE SERVICIO FLORES-SIMONA FLORES FLORES,1757-BGC,Diesel Oil Nacional,DIESEL_NACIONAL,Provincia,
2026-09-18,2026-09-18,True,False,Santa Cruz,DIESEL OIL NACIONAL EESS,25000.0,L,ESTACION DE SERVICIO LA CUEVA - ROLANDO CHAVEZ VACA,1176-SCT,Diesel Oil Nacional,DIESEL_NACIONAL,Provincia,
2026-09-18,2026-09-18,True,False,Santa Cruz,DIESEL OIL NACIONAL EESS,20000.0,L,GOTEON S.R.L.,453-IYH,Diesel Oil Nacional,DIESEL_NACIONAL,Provincia,
2026-09-18,2026-09-18,True,False,Santa Cruz,DIESEL OIL IMPORTADO EESS,10000.0,L,SURTIDOR CLUBOL - RUTH JIMENEZ DE MONROY,5312-NXE,Diesel Oil Importado,DIESEL_IMPORTADO,Ciudad,
2026-09-18,2026-09-18,True,False,Santa Cruz,DIESEL OIL IMPORTADO EESS,10000.0,L,ESTACION DE SERVICIO ORSA SRL-SUCURSAL 1,6453-URG,Diesel Oil Importado,DIESEL_IMPORTADO,Provincia,
2026-09-18,2026-09-18,True,False,Santa Cruz,DIESEL OIL NACIONAL EESS,20000.0,L,ESTACION DE SERVICIO MACONDO,399-LZN,Diesel Oil Nacional,DIESEL_NACIONAL,Provincia,
2026-09-18,2026-09-18,True,False,Santa Cruz,DIESEL OIL NACIONAL EESS,20000.0,L,CENTRO DE COMERCIO SANTA RITAKM32 S.R.L.,3853-BSD,Diesel Oil Nacional,DIESEL_NACIONAL,Provincia,
2026-09-18,2026-09-18,True,False,Santa Cruz,DIESEL OIL IMPORTADO EESS,25000.0,L,ESTACION DE SERVICIO REYNALDO CORTEZ QUISPE,5312-NXE,Diesel Oil Importado,DIESEL_IMPORTADO,Ciudad,
2026-09-18,2026-09-18,True,False,Santa Cruz,DIESEL OIL NACIONAL EESS,25000.0,L,ESTACION DE SERVICIO EL JUNTE II-ALEJANDRA MARIEL BALCAZAR PAZ,1631-HII,Diesel Oil Nacional,DIESEL_NACIONAL,Provincia,
2026-09-18,2026-09-18,True,False,Santa Cruz,DIESEL OIL NACIONAL EESS,20000.0,L,ESTACION DE SERVICIO DANA S.R.L.,2182-HII,Diesel Oil Nacional,DIESEL_NACIONAL,Provincia,
2026-09-18,2026-09-18,True,False,Santa Cruz,DIESEL OIL IMPORTADO EESS,20000.0,L,ESTACION DE SERVICIO CLUB GAZEL S.R.L.,2120-PKF,Diesel Oil Importado,DIESEL_IMPORTADO,Ciudad,
2026-09-18,2026-09-18,True,False,Santa Cruz,DIESEL OIL NACIONAL EESS,35000.0,L,ESTACION DE SERVICIO EL JUNTE-ALEJANDRA MARIEL BALCAZAR PAZ,468-RHE(1),Diesel Oil Nacional,DIESEL_NACIONAL,Provincia,
2026-09-18,2026-09-18,True,False,Santa Cruz,DIESEL OIL NACIONAL EESS,5000.0,L,ESTACION DE SERVICIO MACONDO,1074-IHH,Diesel Oil Nacional,DIESEL_NACIONAL,Provincia,
2026-09-18,2026-09-18,True,False,Santa Cruz,DIESEL OIL IMPORTADO EESS,30000.0,L,ESTACION DE SERVICIO EMANUEL S.R.L.,332-NTN,Diesel Oil Importado,DIESEL_IMPORTADO,Ciudad,
2026-09-18,2026-09-18,True,False,Santa Cruz,DIESEL OIL NACIONAL EESS,25000.0,L,ESTACION DE SERVICIO VELEZ-HEBERTH VELEZ CORTEZ,2801-GAB,Diesel Oil Nacional,DIESEL_NACIONAL,Provincia,
2026-09-18,2026-09-18,True,False,Santa Cruz,DIESEL OIL NACIONAL EESS,25000.0,L,ESTACION DE SERVICIO CHANE,1074-IHH,Diesel Oil Nacional,DIESEL_NACIONAL,Provincia,
2026-09-18,2026-09-18,True,False,Santa Cruz,DIESEL OIL IMPORTADO EESS,25000.0,L,ESTACION DE SERVICIO LA COLORADA,2434-YRP,Diesel Oil Importado,DIESEL_IMPORTADO,Ciudad,
2026-09-18,2026-09-18,True,False,Santa Cruz,DIESEL OIL IMPORTADO EESS,35000.0,L,ESTACION DE SERVICIO BI-OCEANICA S.R.L.,4096-LDR,Diesel Oil Importado,DIESEL_IMPORTADO,Ciudad,
2026-09-18,2026-09-18,True,False,Santa Cruz,DIESEL OIL IMPORTADO EESS,25000.0,L,ESTACION DE SERVICIO LAS ORQUIDEAS S.R.L.,5351-UAG,Diesel Oil Importado,DIESEL_IMPORTADO,Ciudad,
2026-09-18,2026-09-18,True,False,Santa Cruz,DIESEL OIL IMPORTADO EESS,20000.0,L,ESTACION DE SERVICIO PANTANAL DEL ORIENTE-ALVARO LUIS AGUILAR ADRIAZOLA,2497-AFH,Diesel Oil Importado,DIESEL_IMPORTADO,Ciudad,
2026-09-18,2026-09-18,True,False,Santa Cruz,DIESEL OIL IMPORTADO EESS,20000.0,L,ESTACION DE SERVICIO DICOR S.R.L.,583-PTR,Diesel Oil Importado,DIESEL_IMPORTADO,Ciudad,
2026-09-18,2026-09-18,True,False,Santa Cruz,DIESEL OIL IMPORTADO EESS,35000.0,L,ESTACION DE SERVICIO LA CHORRERA SRL,885-PYH,Diesel Oil Importado,DIESEL_IMPORTADO,Ciudad,
2026-09-18,2026-09-18,True,False,Santa Cruz,DIESEL OIL IMPORTADO EESS,30000.0,L,ESTACION DE SERVICIO ELISA S.R.L.,1176-UST,Diesel Oil Importado,DIESEL_IMPORTADO,Ciudad,
2026-09-18,2026-09-18,True,False,Santa Cruz,DIESEL OIL IMPORTADO EESS,25000.0,L,ESTACION DE SERVICIO MORAGRANDE S.R.L.,1893-NTP,Diesel Oil Importado,DIESEL_IMPORTADO,Ciudad,
2026-09-18,2026-09-18,True,False,Santa Cruz,DIESEL OIL IMPORTADO EESS,25000.0,L,ESTACION DE SERVICIO MORAGRANDE S.R.L. (SUC 1),2483-HBD,Diesel Oil Importado,DIESEL_IMPORTADO,Ciudad,
2026-09-18,2026-09-18,True,False,Santa Cruz,DIESEL OIL IMPORTADO EESS,25000.0,L,R&E 3000 S.R.L.,1197-ATI,Diesel Oil Importado,DIESEL_IMPORTADO,Ciudad,
2026-09-18,2026-09-18,True,False,Santa Cruz,DIESEL OIL IMPORTADO EESS,35000.0,L,ESTACION DE SERVICIO YOTAU S.R.L.,1066-ISS,Diesel Oil Importado,DIESEL_IMPORTADO,Ciudad,
2026-09-18,2026-09-18,True,False,Santa Cruz,DIESEL OIL IMPORTADO EESS,25000.0,L,ESTACION DE SERVICIO LOS MANGALES S.R.L.,1005-XLH,Diesel Oil Importado,DIESEL_IMPORTADO,Ciudad,
2026-09-18,2026-09-18,True,False,Santa Cruz,DIESEL OIL IMPORTADO EESS,30000.0,L,ESTACION DE SERVICIO QUINTO ANILLO S.R.L.,558-XDK(1),Diesel Oil Importado,DIESEL_IMPORTADO,Ciudad,
2026-09-18,2026-09-18,True,False,Santa Cruz,DIESEL OIL IMPORTADO EESS,35000.0,L,ESTACION DE SERVICIO TOTAITU N&T S.R.L.,1029-ZIN,Diesel Oil Importado,DIESEL_IMPORTADO,Ciudad,
2026-09-18,2026-09-18,True,False,Santa Cruz,DIESEL OIL IMPORTADO EESS,10000.0,L,ESTACION DE SERVICIO EL ARROYO S.R.L.,1299-GNA,Diesel Oil Importado,DIESEL_IMPORTADO,Ciudad,
2026-09-18,2026-09-17,True,True,Santa Cruz,GASOLINA ESPECIAL + (S/DSI),15000.0,L,ESTACION DE SERVICIO DICOR S.R.L.,583-PTR,Gasolina Especial +,GASOLINA_ESPECIAL_MAS,Ciudad,
2026-09-18,2026-09-17,True,True,Santa Cruz,GASOLINA ESPECIAL + (S/DSI),20000.0,L,BICENTENARIO SRL,2229-HLP,Gasolina Especial +,GASOLINA_ESPECIAL_MAS,,
2026-09-18,2026-09-17,True,True,Santa Cruz,GASOLINA ESPECIAL + (S/DSI),20000.0,L,ESTACION DE SERVICIO 3F OIL S.R.L.,953-UFL,Gasolina Especial +,GASOLINA_ESPECIAL_MAS,Ciudad,
2026-09-18,2026-09-18,True,False,Santa Cruz,GLP DISTRIB. 45 KILOS NAL,3600.0,L,DIST. GLP. ALTAMARGAS Juan Pablo Melgarejo Iriarte,3082-SBN,GLP,GLP,,
2026-09-18,2026-09-18,True,False,Santa Cruz,GLP DISTRIB. 10 KILOS NAL,12240.0,L,DIST. GLP. ALTAMARGAS Juan Pablo Melgarejo Iriarte,1316-NUG,GLP,GLP,,
2026-09-18,2026-09-18,True,False,Santa Cruz,GLP DISTRIB. 10 KILOS NAL,9550.0,L,CARMEN R. MELGAREJO GONZALES - DIST. CENTRO GAS,515-HGI,GLP,GLP,,
2026-09-18,2026-09-18,True,False,Santa Cruz,GLP DISTRIB. 10 KILOS NAL,11520.0,L,CARMEN R. MELGAREJO GONZALES - DIST. CENTRO GAS,559-TXY,GLP,GLP,,
2026-09-18,2026-09-17,True,True,Santa Cruz,GASOLINA ESPECIAL + (S/DSI),10000.0,L,ESTACION DE SERVICIO JOSE JALDIN S.R.L,110-IYX,Gasolina Especial +,GASOLINA_ESPECIAL_MAS,Ciudad,
2026-09-18,2026-09-18,True,False,Santa Cruz,GLP DISTRIB. 45 KILOS NAL,4050.0,L,SOPESE S.R.L.,6393-FTT,GLP,GLP,,
2026-09-18,2026-09-18,True,False,Santa Cruz,GLP DISTRIB. 10 KILOS NAL,8520.0,L,SOPESE S.R.L.,5268-EKA,GLP,GLP,,
2026-09-18,2026-09-17,True,True,Santa Cruz,GASOLINA ESPECIAL + (S/DSI),5000.0,L,GENEX S.A-SUCURSAL S.C ZONA GUARACACHI,878-ENK,Gasolina Especial +,GASOLINA_ESPECIAL_MAS,Ciudad,
2026-09-18,2026-09-18,True,False,Santa Cruz,GLP DISTRIB. 10 KILOS NAL,8560.0,L,SOPESE S.R.L.,578-IEC,GLP,GLP,,
2026-09-18,2026-09-17,True,True,Santa Cruz,GASOLINA ESPECIAL + (S/DSI),5000.0,L,GENEX S.A SUCURSAL SANTA CRUZ ZONA SANTA ROSA,878-ENK,Gasolina Especial +,GASOLINA_ESPECIAL_MAS,Ciudad,
2026-09-18,2026-09-17,True,True,Santa Cruz,GASOLINA ESPECIAL + (S/DSI),10000.0,L,GENEX S.A SUCURSAL S.C ZONA GUALBERTO VILLARROEL,878-ENK,Gasolina Especial +,GASOLINA_ESPECIAL_MAS,Ciudad,
2026-09-18,2026-09-17,True,True,Santa Cruz,GASOLINA ESPECIAL + (S/DSI),20000.0,L,GENEX S.A SUCURSAL SANTA CRUZ ZONA LA RAMADA,863-XYY,Gasolina Especial +,GASOLINA_ESPECIAL_MAS,Ciudad,
2026-09-18,2026-09-17,True,True,Santa Cruz,GLP DISTRIB. 10 KILOS NAL,2640.0,L,DIST. GLP. VALLE GAS - Nancy Arteaga de Lazo,3040-NGN,GLP,GLP,,
2026-09-18,2026-09-18,True,False,Santa Cruz,GLP DISTRIB. 45 KILOS NAL,5400.0,L,DIST. GLP. CRUCEÑITA VASA S.R.L.,3460-KTK,GLP,GLP,,
2026-09-18,2026-09-18,True,False,Santa Cruz,GLP DISTRIB. 10 KILOS NAL,10700.0,L,DIST. GLP. CRUCEÑITA VASA S.R.L.,2360-THG,GLP,GLP,,
2026-09-18,2026-09-17,True,True,Santa Cruz,GLP DISTRIB. 10 KILOS NAL,11000.0,L,DIST. GLP. CRUCEÑITA VASA S.R.L.,2492-YHT,GLP,GLP,,
2026-09-18,2026-09-17,True,True,Santa Cruz,GASOLINA ESPECIAL + (S/DSI),20000.0,L,REFINERIA ORIENTAL S.A.-SUC. TERCER ANILLO INTERNO FRENTE CANCHITA ROYAL,1113-EAA,Gasolina Especial +,GASOLINA_ESPECIAL_MAS,Ciudad,
2026-09-18,2026-09-16,True,True,Santa Cruz,GASOLINA ESPECIAL + (S/DSI),15000.0,L,ESTACION DE SERVICIO DICOR S.R.L.,583-PTR,Gasolina Especial +,GASOLINA_ESPECIAL_MAS,Ciudad,
2026-09-18,2026-09-16,True,True,Santa Cruz,GASOLINA ESPECIAL + (S/DSI),5000.0,L,ESTACION DE SERVICIO SANTOS DUMONT NOGALES,961-XHP,Gasolina Especial +,GASOLINA_ESPECIAL_MAS,Ciudad,
2026-09-18,2026-09-17,True,True,Santa Cruz,GLP DISTRIB. 10 KILOS NAL,13200.0,L,JYRL GAS - LOURDES MORALES DE QUIROZ,302-HDB,GLP,GLP,,
2026-09-18,2026-09-18,True,False,Santa Cruz,DIESEL OIL IMPORTADO EESS,25000.0,L,"EMPRESA DAVILA IMPORTADORA-EXPORTADORA S.R.L. ""DAIMPORT - EXPORT LTDA""",1383-DKA,Diesel Oil Importado,DIESEL_IMPORTADO,Ciudad,
2026-09-18,2026-09-18,True,False,Santa Cruz,DIESEL OIL IMPORTADO CF,15000.0,L,SSAPEC S.R.L,710-KXS,Diesel Oil Importado,DIESEL_IMPORTADO,,
2026-09-18,2026-09-18,True,False,Santa Cruz,GASOLINA ESPECIAL + (S/DSI),5000.0,L,LAS PALMAS S.R.L.,967-HFA,Gasolina Especial +,GASOLINA_ESPECIAL_MAS,Ciudad,
2026-09-18,2026-09-18,True,False,Santa Cruz,GASOLINA ESPECIAL + (S/DSI),15000.0,L,SERVICIOS GENERALES LA CAÑADA S.R.L.,2215-HBF,Gasolina Especial +,GASOLINA_ESPECIAL_MAS,Ciudad,
2026-09-18,2026-09-18,True,False,Santa Cruz,GASOLINA ESPECIAL EESS,15000.0,L,ESTACION DE SERVICIO SAN LUIS I,543-PUY,Gasolina Especial,GASOLINA_ESPECIAL,Ciudad,
2026-09-18,2026-09-18,True,False,Santa Cruz,DIESEL OIL NACIONAL EESS,25000.0,L,ESTACION DE SERVICIO TIERRAS BAJAS SRL.,442-IZR,Diesel Oil Nacional,DIESEL_NACIONAL,Provincia,
2026-09-18,2026-09-18,True,False,Santa Cruz,DIESEL OIL NACIONAL EESS,30000.0,L,"ESTACION DE SERVICIO ""S.J"" S.R.L.",3598-KXG,Diesel Oil Nacional,DIESEL_NACIONAL,Provincia,
2026-09-18,2026-09-18,True,False,Santa Cruz,DIESEL OIL NACIONAL EESS,20000.0,L,SAN JOAQUIN I S.R.L.,1066-TKG,Diesel Oil Nacional,DIESEL_NACIONAL,Provincia,
2026-09-18,2026-09-18,True,False,Santa Cruz,GASOLINA ESPECIAL + (S/DSI),15000.0,L,ESTACION DE SERVICIO ELISA S.R.L.,2291-ATI,Gasolina Especial +,GASOLINA_ESPECIAL_MAS,Ciudad,
2026-09-18,2026-09-18,True,False,Santa Cruz,GASOLINA ESPECIAL EESS,15000.0,L,SURTIDOR EL PALMAR - DIONICIO CONDORI RODRIGUEZ,782-YPK,Gasolina Especial,GASOLINA_ESPECIAL,Ciudad,
2026-09-18,2026-09-18,True,False,Santa Cruz,DIESEL OIL NACIONAL EESS,20000.0,L,ESTACION DE SERVICIO EL AGRICULTOR-CLAUDINA PILLCO LOZA,2293-AFN,Diesel Oil Nacional,DIESEL_NACIONAL,Provincia,
2026-09-18,2026-09-18,True,False,Santa Cruz,GASOLINA ESPECIAL + (S/DSI),5000.0,L,ESTACION DE SERVICIO TRES PASOS AL FRENTE - VITALIANO ROJAS OLIVERA,2024-CIX,Gasolina Especial +,GASOLINA_ESPECIAL_MAS,Ciudad,
2026-09-18,2026-09-18,True,False,Santa Cruz,GASOLINA ESPECIAL + (S/DSI),10000.0,L,ESTACION DE SERVICIO TRES PASOS AL FRENTE - VITALIANO ROJAS OLIVERA,2024-CIX,Gasolina Especial +,GASOLINA_ESPECIAL_MAS,Ciudad,
2026-09-18,2026-09-18,True,False,Santa Cruz,GASOLINA ESPECIAL + (S/DSI),15000.0,L,ESTACION DE SERVICIO MONTAÑO S.R.L.,3031-PAN,Gasolina Especial +,GASOLINA_ESPECIAL_MAS,Ciudad,
2026-09-18,2026-09-18,True,False,Santa Cruz,GASOLINA ESPECIAL + (S/DSI),10000.0,L,LAS PALMAS S.R.L.,967-HFA,Gasolina Especial +,GASOLINA_ESPECIAL_MAS,Ciudad,
2026-09-18,2026-09-18,True,False,Santa Cruz,GASOLINA ESPECIAL EESS,20000.0,L,ESTACION DE SERVICIO APAZA-PATRICIA JORGE DE APAZA,2066-KRR,Gasolina Especial,GASOLINA_ESPECIAL,Ciudad,
2026-09-18,2026-09-18,True,False,Santa Cruz,DIESEL OIL NACIONAL EESS,30000.0,L,ESTACION DE SERVICIO AGUAI S.R.L.,1487-PDD,Diesel Oil Nacional,DIESEL_NACIONAL,Provincia,
2026-09-18,2026-09-18,True,False,Santa Cruz,GASOLINA ESPECIAL + (S/DSI),5000.0,L,ESTACION DE SERVICIO LAS CONCHAS S.R.L.-SUCURSAL LA ENCONADA,389-IPX,Gasolina Especial +,GASOLINA_ESPECIAL_MAS,Provincia,
2026-09-18,2026-09-18,True,False,Santa Cruz,GASOLINA ESPECIAL + (S/DSI),15000.0,L,ESTACION DE SERVICIOS VIRGEN DE COTOCA S.R.L.,3850-ANL,Gasolina Especial +,GASOLINA_ESPECIAL_MAS,Ciudad,
2026-09-18,2026-09-18,True,False,Santa Cruz,GASOLINA ESPECIAL EESS,20000.0,L,SURTIDOR VARDONA - SUSANA POEHLMANN GARCIA,863-RUI,Gasolina Especial,GASOLINA_ESPECIAL,Ciudad,
2026-09-18,2026-09-18,True,False,Santa Cruz,DIESEL OIL NACIONAL EESS,25000.0,L,ESTACION DE SERVICIO LA GUARDIA,1803-YHK,Diesel Oil Nacional,DIESEL_NACIONAL,Provincia,
2026-09-18,2026-09-18,True,False,Santa Cruz,GASOLINA ESPECIAL EESS,20000.0,L,YVU CENTRO DE SERVICIOS Y COMERCIO S.R.L.,1060-PIT,Gasolina Especial,GASOLINA_ESPECIAL,Ciudad,
2026-09-18,2026-09-18,True,False,Santa Cruz,GASOLINA ESPECIAL EESS,20000.0,L,ESTACION DE SERVICIO VERGARA - FABIOLA NOEMI ZORRILLO VERGARA,1189-IUF,Gasolina Especial,GASOLINA_ESPECIAL,Ciudad,
2026-09-18,2026-09-18,True,False,Santa Cruz,GASOLINA ESPECIAL + (S/DSI),15000.0,L,ESTACION DE SERVICIO SUR S.R.L.-SUCURSAL ESTACION DE SERVICIO LA TECA,825-ATI,Gasolina Especial +,GASOLINA_ESPECIAL_MAS,Ciudad,
2026-09-18,2026-09-18,True,False,Santa Cruz,GASOLINA ESPECIAL + (S/DSI),15000.0,L,ESTACION DE SERVICIO SUR SRL SUCURSAL 3,437-KYY,Gasolina Especial +,GASOLINA_ESPECIAL_MAS,Ciudad,
2026-09-18,2026-09-18,True,False,Santa Cruz,GASOLINA ESPECIAL + (S/DSI),15000.0,L,ESTACION DE SERVICIO SUR S.R.L. SUCURSAL 2,437-KYY,Gasolina Especial +,GASOLINA_ESPECIAL_MAS,Ciudad,
2026-09-18,2026-09-18,True,False,Santa Cruz,GASOLINA ESPECIAL + (S/DSI),5000.0,L,ESTACION DE SERVICIO SUR S.R.L. SUCURSAL 1,514-HHE,Gasolina Especial +,GASOLINA_ESPECIAL_MAS,Ciudad,
2026-09-18,2026-09-18,True,False,Santa Cruz,GASOLINA ESPECIAL + (S/DSI),15000.0,L,ESTACION DE SERVICIO SUR S.R.L.,4410-LAU,Gasolina Especial +,GASOLINA_ESPECIAL_MAS,Ciudad,
2026-09-18,2026-09-18,True,False,Santa Cruz,GASOLINA ESPECIAL + (S/DSI),15000.0,L,ESTACION DE SERVICIO SANTA MARIA,1044-PLP,Gasolina Especial +,GASOLINA_ESPECIAL_MAS,Ciudad,
2026-09-18,2026-09-18,True,False,Santa Cruz,DIESEL OIL IMPORTADO EESS,10000.0,L,ESTACION DE SERVICIO VERGARA - FABIOLA NOEMI ZORRILLO VERGARA,1184-YND,Diesel Oil Importado,DIESEL_IMPORTADO,Ciudad,
2026-09-18,2026-09-18,True,False,Santa Cruz,GASOLINA ESPECIAL + (S/DSI),15000.0,L,ESTACION DE SERVICIO PALMASOLA,1044-PLP,Gasolina Especial +,GASOLINA_ESPECIAL_MAS,Ciudad,
2026-09-18,2026-09-18,True,False,Santa Cruz,GASOLINA ESPECIAL + (S/DSI),15000.0,L,REFINERIA ORIENTAL S.A. SUCURSAL MONTECRISTO,825-ATI,Gasolina Especial +,GASOLINA_ESPECIAL_MAS,Ciudad,
2026-09-18,2026-09-18,True,False,Santa Cruz,GASOLINA ESPECIAL + (S/DSI),15000.0,L,REFINERIA ORIENTAL S.A. SUC. NOR ESTE,1128-FUX,Gasolina Especial +,GASOLINA_ESPECIAL_MAS,Ciudad,
2026-09-18,2026-09-18,True,False,Santa Cruz,GASOLINA ESPECIAL + (S/DSI),15000.0,L,GASCO S.R.L.,1388-TGA,Gasolina Especial +,GASOLINA_ESPECIAL_MAS,Ciudad,
2026-09-18,2026-09-18,True,False,Santa Cruz,GASOLINA ESPECIAL EESS,25000.0,L,ESTACION DE SERVICIO SAN LUIS,244-ANI,Gasolina Especial,GASOLINA_ESPECIAL,Ciudad,
2026-09-18,2026-09-18,True,False,Santa Cruz,GASOLINA ESPECIAL + (S/DSI),15000.0,L,REFINERIA ORIENTAL S.A.-SUC. BARRIO LAZARETO,514-HHE,Gasolina Especial +,GASOLINA_ESPECIAL_MAS,Ciudad,
2026-09-18,2026-09-18,True,False,Santa Cruz,GASOLINA ESPECIAL + (S/DSI),15000.0,L,REFINERIA ORIENTAL S.A.,1999-CDP,Gasolina Especial +,GASOLINA_ESPECIAL_MAS,Ciudad,
2026-09-18,2026-09-18,True,False,Santa Cruz,GASOLINA ESPECIAL + (S/DSI),15000.0,L,ESTACION DE SERVICIO LOS COYUYOS-JULIA GONZALES,3589-UKG,Gasolina Especial +,GASOLINA_ESPECIAL_MAS,Ciudad,
2026-09-18,2026-09-18,True,False,Santa Cruz,DIESEL OIL NACIONAL EESS,20000.0,L,ESTACION DE SERVICIO AGUAI S.R.L.,5297-HAT,Diesel Oil Nacional,DIESEL_NACIONAL,Provincia,
2026-09-18,2026-09-18,True,False,Santa Cruz,GASOLINA ESPECIAL + (S/DSI),24900.0,L,ESTACION DE SERVICIO LA CIMA,297-ACK,Gasolina Especial +,GASOLINA_ESPECIAL_MAS,Ciudad,
2026-09-18,2026-09-18,True,False,Santa Cruz,GASOLINA ESPECIAL + (S/DSI),15000.0,L,ESTACION DE SERVICIO EL GASOMETRO S.R.L.,1393-GEU,Gasolina Especial +,GASOLINA_ESPECIAL_MAS,Ciudad,
2026-09-18,2026-09-18,True,False,Santa Cruz,GASOLINA ESPECIAL EESS,10000.0,L,CENTRO DE COMERCIO Y SERVICIOS VALDIVIA FERRUFINO S.R.L.,3853-BSD,Gasolina Especial,GASOLINA_ESPECIAL,Ciudad,
2026-09-18,2026-09-18,True,False,Santa Cruz,DIESEL OIL NACIONAL EESS,20000.0,L,COMPAÑIA COMERCIALIZADORA BOLIVIANA DE HIDROCARBUROS CONFI S.R.L.,5297-DNG,Diesel Oil Nacional,DIESEL_NACIONAL,Provincia,
2026-09-18,2026-09-18,True,False,Santa Cruz,DIESEL OIL NACIONAL EESS,20000.0,L,ESTACION DE SERVICIO SUR SRL-SUCURSAL 4,2986-INR,Diesel Oil Nacional,DIESEL_NACIONAL,Provincia,
2026-09-18,2026-09-18,True,False,Santa Cruz,GASOLINA ESPECIAL + (S/DSI),5000.0,L,ESTACION DE SERVICIO MORAGRANDE S.R.L.,1893-NTP,Gasolina Especial +,GASOLINA_ESPECIAL_MAS,Ciudad,
2026-09-18,2026-09-18,True,False,Santa Cruz,GASOLINA ESPECIAL EESS,20000.0,L,ESTACION DE SERVICIO GUAYACAN S.R.L.,727-YTY,Gasolina Especial,GASOLINA_ESPECIAL,Ciudad,
2026-09-18,2026-09-18,True,False,Santa Cruz,GASOLINA ESPECIAL EESS,20000.0,L,"ESTACION DE SERVICIO ""GUAPAY"" S.R.L.",447-PSY,Gasolina Especial,GASOLINA_ESPECIAL,Ciudad,
2026-09-18,2026-09-18,True,False,Santa Cruz,GASOLINA ESPECIAL EESS,20000.0,L,ESTACION DE SERVICIO LA CHORRERA SRL,1393-GEU,Gasolina Especial,GASOLINA_ESPECIAL,Ciudad,
2026-09-18,2026-09-18,True,False,Santa Cruz,DIESEL OIL NACIONAL EESS,30000.0,L,ESTACION DE SERVICIO EL AGRICULTOR-CLAUDINA PILLCO LOZA,2251-LZR,Diesel Oil Nacional,DIESEL_NACIONAL,Provincia,
2026-09-18,2026-09-18,True,False,Santa Cruz,GASOLINA ESPECIAL + (S/DSI),15000.0,L,ESTACION DE SERVICIO ORSA S.R.L.,5583-ADI,Gasolina Especial +,GASOLINA_ESPECIAL_MAS,Ciudad,
2026-09-18,2026-09-18,True,False,Santa Cruz,GASOLINA ESPECIAL EESS,20000.0,L,ESTACION DE SERVICIO EL TERO TERO DE CHICHITA - RODRIGO REMY AQUINO ALVARADO,2468-GTE,Gasolina Especial,GASOLINA_ESPECIAL,Ciudad,
2026-09-18,2026-09-18,True,False,Santa Cruz,GASOLINA ESPECIAL EESS,20000.0,L,ESTACION DE SERVICIO LA COLORADA,2434-YRP,Gasolina Especial,GASOLINA_ESPECIAL,Ciudad,
2026-09-18,2026-09-18,True,False,Santa Cruz,GASOLINA ESPECIAL EESS,20000.0,L,ESTACION DE SERVICIO ORSA SRL-SUCURSAL 1,5583-ADI,Gasolina Especial,GASOLINA_ESPECIAL,Provincia,
2026-09-18,2026-09-18,True,False,Santa Cruz,DIESEL OIL NACIONAL EESS,25000.0,L,SURTIDOR LOS NEGROS - NERY TABOADA CONTRERAS,1871-FDS,Diesel Oil Nacional,DIESEL_NACIONAL,Provincia,
2026-09-18,2026-09-18,True,False,Santa Cruz,DIESEL OIL NACIONAL EESS,25000.0,L,ESTACION DE SERVICIO CARLOS ANDRES FI S.R.L.,1526-TEI,Diesel Oil Nacional,DIESEL_NACIONAL,Provincia,
2026-09-18,2026-09-18,True,False,Santa Cruz,DIESEL OIL NACIONAL EESS,25000.0,L,ESTACION DE SERVICIO CONCEPCION SRL,4713-YZU,Diesel Oil Nacional,DIESEL_NACIONAL,Provincia,
2026-09-18,2026-09-18,True,False,Santa Cruz,DIESEL OIL NACIONAL EESS,35000.0,L,ESTACION DE SERVICIO SAYE S.R.L.,2079-FUL,Diesel Oil Nacional,DIESEL_NACIONAL,Provincia,
2026-09-18,2026-09-18,True,False,Santa Cruz,DIESEL OIL IMPORTADO EESS,10000.0,L,VANGAS S.A,1166-FCU,Diesel Oil Importado,DIESEL_IMPORTADO,Ciudad,
2026-09-18,2026-09-18,True,False,Santa Cruz,DIESEL OIL NACIONAL EESS,20000.0,L,JARAJORECHI S.R.L.,863-XYY,Diesel Oil Nacional,DIESEL_NACIONAL,Provincia,
2026-09-18,2026-09-18,True,False,Santa Cruz,DIESEL OIL IMPORTADO EESS,5000.0,L,ESTACION DE SERVICIO EL TROMPILLO,878-ENK,Diesel Oil Importado,DIESEL_IMPORTADO,Ciudad,
2026-09-18,2026-09-18,True,False,Santa Cruz,DIESEL OIL IMPORTADO EESS,20000.0,L,ESTACION DE SERVICIO EL TROMPILLO,1166-FCU,Diesel Oil Importado,DIESEL_IMPORTADO,Ciudad,
2026-09-18,2026-09-18,True,False,Santa Cruz,DIESEL OIL NACIONAL EESS,25000.0,L,ESTACION DE SERVICIO ARACATACA,380-GDB,Diesel Oil Nacional,DIESEL_NACIONAL,Provincia,
2026-09-18,2026-09-18,True,False,Santa Cruz,DIESEL OIL IMPORTADO EESS,25000.0,L,GENEX S.A-SUCURSAL S.C ZONA GUARACACHI,1285-UKF,Diesel Oil Importado,DIESEL_IMPORTADO,Ciudad,
2026-09-18,2026-09-18,True,False,Santa Cruz,DIESEL OIL IMPORTADO EESS,10000.0,L,CIA BOLIVIANA DE GAS NATURAL COMPRIMIDO GENEX SA,1285-UKF,Diesel Oil Importado,DIESEL_IMPORTADO,Ciudad,
2026-09-18,2026-09-18,True,False,Santa Cruz,DIESEL OIL NACIONAL EESS,30000.0,L,ESTACION DE SERVICIO RUTA NORTE S.R.L.,3994-CKU,Diesel Oil Nacional,DIESEL_NACIONAL,Provincia,
2026-09-18,2026-09-18,True,False,Santa Cruz,DIESEL OIL IMPORTADO EESS,25000.0,L,EMPRESA DE SERVICIOS 8 DE NOVIEMBRE LTDA.,1831-SEK,Diesel Oil Importado,DIESEL_IMPORTADO,Ciudad,
2026-09-18,2026-09-18,True,False,Santa Cruz,DIESEL OIL NACIONAL EESS,25000.0,L,ESTACION DE SERVICIO PORTACHUELO LTDA,4770-FCE,Diesel Oil Nacional,DIESEL_NACIONAL,Provincia,
2026-09-18,2026-09-18,True,False,Santa Cruz,DIESEL OIL IMPORTADO EESS,25000.0,L,SERVICIOS GENERALES LA CAÑADA S.R.L.,2215-HBF,Diesel Oil Importado,DIESEL_IMPORTADO,Ciudad,
2026-09-18,2026-09-18,True,False,Santa Cruz,DIESEL OIL IMPORTADO EESS,10000.0,L,GAS DEL ESTE S.R.L.,622-IUN,Diesel Oil Importado,DIESEL_IMPORTADO,Ciudad,
2026-09-18,2026-09-18,True,False,Santa Cruz,DIESEL OIL NACIONAL EESS,20000.0,L,ESTACION DE SERVICIO MIRANDA S.R.L.,2522-BEF,Diesel Oil Nacional,DIESEL_NACIONAL,Provincia,
2026-09-18,2026-09-18,True,False,Santa Cruz,DIESEL OIL NACIONAL EESS,20000.0,L,PARTICIPACIONES E INVERSIONES EN GAS - PIGAS S.A.,1169-YKS,Diesel Oil Nacional,DIESEL_NACIONAL,Provincia,
2026-09-18,2026-09-18,True,False,Santa Cruz,DIESEL OIL IMPORTADO EESS,20000.0,L,ESTACION DE SERVICIO JOSE JALDIN S.R.L,2319-UPC,Diesel Oil Importado,DIESEL_IMPORTADO,Ciudad,
2026-09-18,2026-09-18,True,False,Santa Cruz,DIESEL OIL NACIONAL EESS,25000.0,L,MUYURINA LTDA,647-NPX,Diesel Oil Nacional,DIESEL_NACIONAL,Provincia,
2026-09-18,2026-09-18,True,False,Santa Cruz,DIESEL OIL NACIONAL EESS,25000.0,L,ESTACION DE SERVICIO TORRIAYALA S.R.L.,4491-PRD,Diesel Oil Nacional,DIESEL_NACIONAL,Provincia,
2026-09-18,2026-09-18,True,False,Santa Cruz,DIESEL OIL NACIONAL EESS,20000.0,L,ESTACION DE SERVICIO JATUMPAMPA SRL,2858-XHR,Diesel Oil Nacional,DIESEL_NACIONAL,Provincia,
2026-09-18,2026-09-18,True,False,Santa Cruz,DIESEL OIL NACIONAL EESS,30000.0,L,ESTACION DE SERVICIO SAN SALVADOR - SILVIA VARGAS CRESPO,2307-HGK,Diesel Oil Nacional,DIESEL_NACIONAL,Provincia,
2026-09-18,2026-09-18,True,False,Santa Cruz,DIESEL OIL NACIONAL EESS,20000.0,L,SURTIDOR EL PATUJU - ROGELIO LA FUENTE OLIVERA,1330-AEN,Diesel Oil Nacional,DIESEL_NACIONAL,Provincia,
2026-09-18,2026-09-18,True,False,Santa Cruz,DIESEL OIL NACIONAL EESS,35000.0,L,ESTACION DE SERVICIO ARNEZ - LUIS ARNEZ ONOFRE,1163-LHT,Diesel Oil Nacional,DIESEL_NACIONAL,Provincia,
2026-09-18,2026-09-18,True,False,Santa Cruz,DIESEL OIL NACIONAL EESS,20000.0,L,ESTACION DE SERVICIO MONTERO - MARIA DEL ROSARIO COLQUE QUIROZ,935-TCT,Diesel Oil Nacional,DIESEL_NACIONAL,Provincia,
2026-09-18,2026-09-18,True,False,Santa Cruz,DIESEL OIL NACIONAL EESS,25000.0,L,SURTIDOR SANTIAGUITO - E. FABIOLA TORRICO C.,2483-HPX,Diesel Oil Nacional,DIESEL_NACIONAL,Provincia,
2026-09-18,2026-09-18,True,False,Santa Cruz,DIESEL OIL NACIONAL EESS,5000.0,L,GOTEON S.R.L.,1082-GDH,Diesel Oil Nacional,DIESEL_NACIONAL,Provincia,
2026-09-18,2026-09-18,True,False,Santa Cruz,DIESEL OIL IMPORTADO EESS,30000.0,L,ESTACION DE SERVICIO 3F OIL S.R.L.,953-UFL,Diesel Oil Importado,DIESEL_IMPORTADO,Ciudad,
2026-09-18,2026-09-18,True,False,Santa Cruz,DIESEL OIL NACIONAL EESS,25000.0,L,ESTACION DE SERVICIO PAULINA S.R.L.,130-TKT,Diesel Oil Nacional,DIESEL_NACIONAL,Provincia,
2026-09-18,2026-09-18,True,False,Santa Cruz,DIESEL OIL IMPORTADO EESS,15000.0,L,SURTIDOR EL PALMAR - DIONICIO CONDORI RODRIGUEZ,782-YPK,Diesel Oil Importado,DIESEL_IMPORTADO,Ciudad,
2026-09-18,2026-09-18,True,False,Santa Cruz,DIESEL OIL IMPORTADO EESS,10000.0,L,ESTACION DE SERVICIO SANTA MARIA,514-HAC,Diesel Oil Importado,DIESEL_IMPORTADO,Ciudad,
2026-09-18,2026-09-18,True,False,Santa Cruz,DIESEL OIL IMPORTADO EESS,25000.0,L,ESTACION DE SERVICIO PALMASOLA,514-HAC,Diesel Oil Importado,DIESEL_IMPORTADO,Ciudad,
2026-09-18,2026-09-18,True,False,Santa Cruz,DIESEL OIL IMPORTADO EESS,20000.0,L,ESTACION DE SERVICIO LOS COYUYOS-JULIA GONZALES,3589-UKG,Diesel Oil Importado,DIESEL_IMPORTADO,Ciudad,
2026-09-18,2026-09-18,True,False,Santa Cruz,DIESEL OIL NACIONAL EESS,25000.0,L,ESTACION DE SERVICIO ANTO - ANTONIO CARLOS LORGIO JUSTINIANO SANTOS,2093-GRU,Diesel Oil Nacional,DIESEL_NACIONAL,Provincia,
2026-09-18,2026-09-18,True,False,Santa Cruz,DIESEL OIL NACIONAL EESS,25000.0,L,ESTACION DE SERVICIO LAS CONCHAS S.R.L.,1275-RHG,Diesel Oil Nacional,DIESEL_NACIONAL,Provincia,
2026-09-18,2026-09-18,True,False,Santa Cruz,DIESEL OIL IMPORTADO EESS,20000.0,L,COMPLEJO AUTOMOTRIZ VIRGEN DE URKUPIÑA S.R.L.,1135-RGC,Diesel Oil Importado,DIESEL_IMPORTADO,Ciudad,
2026-09-18,2026-09-18,True,False,Santa Cruz,DIESEL OIL IMPORTADO EESS,30000.0,L,ESTACION DE SERVICIO RADIAL 10 - HUGO FLORERO ORELLANA,948-PYS,Diesel Oil Importado,DIESEL_IMPORTADO,Ciudad,
2026-09-18,2026-09-18,True,False,Santa Cruz,DIESEL OIL IMPORTADO EESS,20000.0,L,ESTACION DE SERVICIO PIRAI S.R.L. SUC. DOBLE VIA LA GUARDIA ESQ. OCTAVO ANILLO,4530-GKD,Diesel Oil Importado,DIESEL_IMPORTADO,Ciudad,
2026-09-18,2026-09-18,True,False,Santa Cruz,DIESEL OIL IMPORTADO EESS,30000.0,L,ESTACION DE SERVICIO GUAYACAN S.R.L.,086-BDL,Diesel Oil Importado,DIESEL_IMPORTADO,Ciudad,
2026-09-18,2026-09-18,True,False,Santa Cruz,DIESEL OIL IMPORTADO EESS,20000.0,L,ESTACION DE SERVICIO SUR S.R.L.-SUCURSAL ESTACION DE SERVICIO LA TECA,2801-BYP,Diesel Oil Importado,DIESEL_IMPORTADO,Ciudad,
2026-09-18,2026-09-18,True,False,Santa Cruz,DIESEL OIL IMPORTADO EESS,25000.0,L,ESTACION DE SERVICIO LAS CONCHAS S.R.L.-SUCURSAL LA ENCONADA,389-IPX,Diesel Oil Importado,DIESEL_IMPORTADO,Provincia,
2026-09-18,2026-09-18,True,False,Santa Cruz,DIESEL OIL IMPORTADO EESS,20000.0,L,ESTACION DE SERVICIO SUR SRL SUCURSAL 3,2447-AGD,Diesel Oil Importado,DIESEL_IMPORTADO,Ciudad,
2026-09-18,2026-09-18,True,False,Santa Cruz,DIESEL OIL IMPORTADO EESS,15000.0,L,ESTACION DE SERVICIO SUR S.R.L. SUCURSAL 2,2447-AGD,Diesel Oil Importado,DIESEL_IMPORTADO,Ciudad,
2026-09-18,2026-09-18,True,False,Santa Cruz,DIESEL OIL IMPORTADO EESS,20000.0,L,ESTACION DE SERVICIO DAVILA S.R.L.,1445-CDA,Diesel Oil Importado,DIESEL_IMPORTADO,Ciudad,
2026-09-18,2026-09-18,True,False,Santa Cruz,DIESEL OIL IMPORTADO EESS,10000.0,L,REFINERIA ORIENTAL S.A. SUCURSAL MONTECRISTO,5775-AXE,Diesel Oil Importado,DIESEL_IMPORTADO,Ciudad,
2026-09-18,2026-09-18,True,False,Santa Cruz,DIESEL OIL IMPORTADO EESS,15000.0,L,REFINERIA ORIENTAL S.A. SUCURSAL MONTECRISTO,2801-BYP,Diesel Oil Importado,DIESEL_IMPORTADO,Ciudad,
2026-09-18,2026-09-18,True,False,Santa Cruz,DIESEL OIL IMPORTADO EESS,10000.0,L,REFINERIA ORIENTAL S.A. SUC. NOR ESTE,5775-AXE,Diesel Oil Importado,DIESEL_IMPORTADO,Ciudad,
2026-09-18,2026-09-18,True,False,Santa Cruz,DIESEL OIL NACIONAL EESS,30000.0,L,COMERCIALIZADORA DE HIDROCARBUROS ABJ S.R.L,6398-RNI,Diesel Oil Nacional,DIESEL_NACIONAL,Provincia,
2026-09-18,2026-09-18,True,False,Santa Cruz,DIESEL OIL NACIONAL EESS,30000.0,L,ESTACION DE SERVICIO EL TAJIBO OKINAWA,2338-GRG,Diesel Oil Nacional,DIESEL_NACIONAL,Provincia,
2026-09-18,2026-09-18,True,False,Santa Cruz,DIESEL OIL NACIONAL EESS,20000.0,L,D-GAS S.A. SUCURSAL SANTA CRUZ,2511-RLA,Diesel Oil Nacional,DIESEL_NACIONAL,Provincia,
2026-09-18,2026-09-18,True,False,Santa Cruz,DIESEL OIL IMPORTADO EESS,30000.0,L,ESTACION DE SERVICIOS VIRGEN DE COTOCA S.R.L.,1174-GCP,Diesel Oil Importado,DIESEL_IMPORTADO,Ciudad,
2026-09-18,2026-09-18,True,False,Santa Cruz,DIESEL OIL NACIONAL EESS,35000.0,L,ESTACION DE SERVICIO CASCABEL SUC. CUATRO CAÑADAS-YOHANA PAOLA VACA GUZMAN,4124-YBX,Diesel Oil Nacional,DIESEL_NACIONAL,Provincia,
2026-09-18,2026-09-17,True,True,Santa Cruz,GASOLINA ESPECIAL + (S/DSI),10000.0,L,ESTACION DE SERVICIO VERGARA - FABIOLA NOEMI ZORRILLO VERGARA,1184-YND,Gasolina Especial +,GASOLINA_ESPECIAL_MAS,Ciudad,
2026-09-18,2026-09-18,True,False,Santa Cruz,DIESEL OIL NACIONAL EESS,5000.0,L,ESTACION DE SERVICIO EUSE CRUZ,869-TZE,Diesel Oil Nacional,DIESEL_NACIONAL,Provincia,
2026-09-18,2026-09-18,True,False,Santa Cruz,DIESEL OIL NACIONAL EESS,35000.0,L,SURTIDOR ACIPA - SJ S.R.L.,4120-ZTR,Diesel Oil Nacional,DIESEL_NACIONAL,Provincia,
2026-09-18,2026-09-18,True,False,Santa Cruz,DIESEL OIL IMPORTADO EESS,20000.0,L,ESTACION DE SERVICIO APAZA-PATRICIA JORGE DE APAZA,2066-KRR,Diesel Oil Importado,DIESEL_IMPORTADO,Ciudad,
2026-09-18,2026-09-18,True,False,Santa Cruz,DIESEL OIL NACIONAL EESS,20000.0,L,ESTACION DE SERVICIO EL BATO,1502-UIR,Diesel Oil Nacional,DIESEL_NACIONAL,Provincia,
2026-09-18,2026-09-18,True,False,Santa Cruz,DIESEL OIL NACIONAL EESS,5000.0,L,ESTACION DE SERVICIO DANA S.R.L.,5638-CXH,Diesel Oil Nacional,DIESEL_NACIONAL,Provincia,
2026-09-18,2026-09-18,True,False,Santa Cruz,DIESEL OIL IMPORTADO EESS,25000.0,L,ESTACION DE SERVICIO SAN LUIS I,543-PUY,Diesel Oil Importado,DIESEL_IMPORTADO,Ciudad,
2026-09-18,2026-09-18,True,False,Santa Cruz,DIESEL OIL NACIONAL EESS,25000.0,L,ESTACION DE SERVICIO DURAZNERO-DANA FLORES DAVALOS,5638-CXH,Diesel Oil Nacional,DIESEL_NACIONAL,Provincia,
2026-09-18,2026-09-18,True,False,Santa Cruz,DIESEL OIL IMPORTADO EESS,30000.0,L,ESTACION DE SERVICIO SAN LUIS,244-ANI,Diesel Oil Importado,DIESEL_IMPORTADO,Ciudad,
2026-09-18,2026-09-18,True,False,Santa Cruz,DIESEL OIL IMPORTADO EESS,25000.0,L,SURTIDOR COTOCA - JOSE RAMIRO AYALA FLORES,2338-FGD,Diesel Oil Importado,DIESEL_IMPORTADO,Ciudad,
2026-09-18,2026-09-17,True,True,Santa Cruz,GASOLINA ESPECIAL + EESS,15000.0,L,ESTACION DE SERVICIO TIERRAS BAJAS SRL.,394-IIX,Gasolina Especial +,GASOLINA_ESPECIAL_MAS,Provincia,
2026-09-18,2026-09-17,True,True,Santa Cruz,GASOLINA ESPECIAL + EESS,20000.0,L,ESTACION DE SERVICIO SAYE S.R.L.,4414-NAH,Gasolina Especial +,GASOLINA_ESPECIAL_MAS,Provincia,
2026-09-18,2026-09-17,True,True,Santa Cruz,GASOLINA ESPECIAL + (S/DSI),20000.0,L,ESTACION DE SERVICIO MORAGRANDE S.R.L.,1893-NTP,Gasolina Especial +,GASOLINA_ESPECIAL_MAS,Ciudad,
2026-09-18,2026-09-17,True,True,Santa Cruz,GASOLINA ESPECIAL + EESS,20000.0,L,"EE.SS. COOP. DE SERVICIOS PUBLICOS DE AGUA POTABLE Y ALCANTARILLADO ""MONTES CLAROS"" R.L.",3134-RAX,Gasolina Especial +,GASOLINA_ESPECIAL_MAS,Provincia,
2026-09-18,2026-09-17,True,True,Santa Cruz,GASOLINA ESPECIAL + (S/DSI),5000.0,L,ESTACION DE SERVICIO SANTOS DUMONT NOGALES,961-XHP,Gasolina Especial +,GASOLINA_ESPECIAL_MAS,Ciudad,
2026-09-18,2026-09-17,True,True,Santa Cruz,GASOLINA ESPECIAL + (S/DSI),9900.0,L,ESTACION DE SERVICIO URBARI SRL,375-KIH,Gasolina Especial +,GASOLINA_ESPECIAL_MAS,Ciudad,
2026-09-18,2026-09-17,True,True,Santa Cruz,GASOLINA ESPECIAL + EESS,10000.0,L,SURTIDOR SANTIAGUITO - E. FABIOLA TORRICO C.,2483-HPX,Gasolina Especial +,GASOLINA_ESPECIAL_MAS,Provincia,
2026-09-18,2026-09-16,True,True,Santa Cruz,GASOLINA ESPECIAL + (S/DSI),20000.0,L,SURTIDOR COTOCA - JOSE RAMIRO AYALA FLORES,2338-FGD,Gasolina Especial +,GASOLINA_ESPECIAL_MAS,Ciudad,
2026-09-18,2026-09-17,True,True,Santa Cruz,GASOLINA ESPECIAL + (S/DSI),10000.0,L,ESTACION DE SERVICIO RADIAL 10 - HUGO FLORERO ORELLANA,948-PYS,Gasolina Especial +,GASOLINA_ESPECIAL_MAS,Ciudad,
2026-09-18,2026-09-17,True,True,Santa Cruz,GASOLINA ESPECIAL + (S/DSI),10000.0,L,COMPLEJO AUTOMOTRIZ VIRGEN DE URKUPIÑA S.R.L.,1135-RGC,Gasolina Especial +,GASOLINA_ESPECIAL_MAS,Ciudad,
2026-09-18,2026-09-16,True,True,Santa Cruz,GASOLINA ESPECIAL + EESS,20000.0,L,ESTACION DE SERVICIO EUSE CRUZ,869-TZE,Gasolina Especial +,GASOLINA_ESPECIAL_MAS,Provincia,
2026-09-18,2026-09-15,True,True,Santa Cruz,DIESEL OIL NACIONAL EESS,10000.0,L,ESTACION DE SERVICIO EUSE CRUZ,869-TZE,Diesel Oil Nacional,DIESEL_NACIONAL,Provincia,
2026-09-18,2026-09-15,True,True,Santa Cruz,GASOLINA ESPECIAL + EESS,10000.0,L,ESTACION DE SERVICIO TIERRAS BAJAS SRL.,394-IIX,Gasolina Especial +,GASOLINA_ESPECIAL_MAS,Provincia,
2026-09-18,2026-09-15,True,True,Santa Cruz,DIESEL OIL NACIONAL EESS,30000.0,L,ESTACION DE SERVICIO EL BATO,1502-UIR,Diesel Oil Nacional,DIESEL_NACIONAL,Provincia,
2026-09-18,2026-09-18,True,False,Santa Cruz,GASOLINA ESPECIAL EESS,5000.0,L,ESTACION DE SERVICIO RIVERO - LUIS ANTONIO RIVERO AÑEZ,275-ULX,Gasolina Especial,GASOLINA_ESPECIAL,Ciudad,
2026-09-18,2026-09-18,True,False,Santa Cruz,GASOLINA ESPECIAL EESS,20000.0,L,ESTACION DE SERVICIO PANTANAL DEL ORIENTE-ALVARO LUIS AGUILAR ADRIAZOLA,584-RKD,Gasolina Especial,GASOLINA_ESPECIAL,Ciudad,
2026-09-18,2026-09-18,True,False,Santa Cruz,GASOLINA ESPECIAL EESS,20000.0,L,ESTACION DE SERVICIO RIVERO - LUIS ANTONIO RIVERO AÑEZ,275-ULX,Gasolina Especial,GASOLINA_ESPECIAL,Ciudad,
2026-09-18,2026-09-18,True,False,Santa Cruz,DIESEL OIL NACIONAL EESS,25000.0,L,ESTACION DE SERVICIO PETRO VAL S.R.L.,1110-USS,Diesel Oil Nacional,DIESEL_NACIONAL,Provincia,
2026-09-18,2026-09-18,True,False,Santa Cruz,DIESEL OIL NACIONAL EESS,5000.0,L,ESTACION DE SERVICIO LAS CONCHAS S.R.L.,1275-RHG,Diesel Oil Nacional,DIESEL_NACIONAL,Provincia,
2026-09-18,2026-09-18,True,False,Santa Cruz,DIESEL OIL NACIONAL EESS,25000.0,L,TARIFA S.R.L.,5314-TZK,Diesel Oil Nacional,DIESEL_NACIONAL,Provincia,
2026-09-18,2026-09-18,True,False,Santa Cruz,GASOLINA ESPECIAL + (S/DSI),15000.0,L,Z & Z LTDA,110-IYX,Gasolina Especial +,GASOLINA_ESPECIAL_MAS,Ciudad,
2026-09-18,2026-09-18,True,False,Santa Cruz,GASOLINA ESPECIAL + (S/DSI),10000.0,L,ESTACION DE SERVICIO MORAGRANDE S.R.L.,1893-NTP,Gasolina Especial +,GASOLINA_ESPECIAL_MAS,Ciudad,
2026-09-18,2026-09-18,True,False,Santa Cruz,GASOLINA ESPECIAL EESS,20000.0,L,ESTACION DE SERVICIO LAS ORQUIDEAS S.R.L.,711-XUH,Gasolina Especial,GASOLINA_ESPECIAL,Ciudad,
2026-09-18,2026-09-18,True,False,Santa Cruz,GASOLINA ESPECIAL + (S/DSI),15000.0,L,ESTACION DE SERVICIO CLUB GAZEL S.R.L.,2120-PKF,Gasolina Especial +,GASOLINA_ESPECIAL_MAS,Ciudad,
2026-09-18,2026-09-18,True,False,Santa Cruz,GASOLINA ESPECIAL EESS,20000.0,L,ESTACION DE SERVICIO YOTAU S.R.L.,3792-ENE,Gasolina Especial,GASOLINA_ESPECIAL,Ciudad,
2026-09-18,2026-09-18,True,False,Santa Cruz,GASOLINA ESPECIAL EESS,25000.0,L,ESTACION DE SERVICIO BI-OCEANICA S.R.L.,4096-LDR,Gasolina Especial,GASOLINA_ESPECIAL,Ciudad,
2026-09-18,2026-09-18,True,False,Santa Cruz,GASOLINA ESPECIAL EESS,20000.0,L,ESTACION DE SERVICIO MORAGRANDE S.R.L. (SUC 1),2483-HBD,Gasolina Especial,GASOLINA_ESPECIAL,Ciudad,
2026-09-18,2026-09-18,True,False,Santa Cruz,DIESEL OIL NACIONAL EESS,20000.0,L,ESTACION DE SERVICIO EL TINTO S.R.L.,5305-YZL,Diesel Oil Nacional,DIESEL_NACIONAL,Provincia,
2026-09-18,2026-09-18,True,False,Santa Cruz,DIESEL OIL NACIONAL EESS,20000.0,L,ESTACION DE SERVICIO ORTIZ S.R.L.,2506-IHP,Diesel Oil Nacional,DIESEL_NACIONAL,Provincia,
2026-09-18,2026-09-18,True,False,Santa Cruz,DIESEL OIL NACIONAL EESS,20000.0,L,ESTACION DE SERVICIO KM. 75 S.R.L,1190-YPG,Diesel Oil Nacional,DIESEL_NACIONAL,Provincia,
2026-09-18,2026-09-18,True,False,Santa Cruz,DIESEL OIL IMPORTADO EESS,5000.0,L,ESTACION DE SERVICIO PIRAI S.R.L. SUC. DOBLE VIA LA GUARDIA ESQ. OCTAVO ANILLO,1128-FUX,Diesel Oil Importado,DIESEL_IMPORTADO,Ciudad,
2026-09-18,2026-09-18,True,False,Santa Cruz,DIESEL OIL NACIONAL EESS,25000.0,L,ESTACION DE SERVICIO PIRAI S.R.L. SUCURSAL 1,4530-FIY,Diesel Oil Nacional,DIESEL_NACIONAL,Provincia,
2026-09-18,2026-09-18,True,False,Santa Cruz,DIESEL OIL NACIONAL EESS,20000.0,L,ABERI SRL,303-DEH,Diesel Oil Nacional,DIESEL_NACIONAL,Provincia,
2026-09-18,2026-09-18,True,False,Santa Cruz,DIESEL OIL NACIONAL EESS,35000.0,L,ESTACION DE SERVICIO SAN SILVESTRE,2265-BKN,Diesel Oil Nacional,DIESEL_NACIONAL,Provincia,
2026-09-18,2026-09-18,True,False,Santa Cruz,DIESEL OIL NACIONAL EESS,30000.0,L,ESTACION DE SERVICIO SUR S.R.L. SUCURSAL MONTE VERDE,1095-ZCK,Diesel Oil Nacional,DIESEL_NACIONAL,Provincia,
2026-09-18,2026-09-18,True,False,Santa Cruz,DIESEL OIL IMPORTADO EESS,10000.0,L,Z & Z LTDA,2319-UPC,Diesel Oil Importado,DIESEL_IMPORTADO,Ciudad,
2026-09-18,2026-09-18,True,False,Santa Cruz,DIESEL OIL IMPORTADO EESS,10000.0,L,REFINERIA ORIENTAL S.A.-SUC. BARRIO LAZARETO,1128-FUX,Diesel Oil Importado,DIESEL_IMPORTADO,Ciudad,
2026-09-18,2026-09-18,True,False,Santa Cruz,DIESEL OIL NACIONAL EESS,25000.0,L,ESTACION DE SERVICIO VALLES CRUCEÑOS,1100-GFG,Diesel Oil Nacional,DIESEL_NACIONAL,Provincia,
2026-09-18,2026-09-18,True,False,Santa Cruz,DIESEL OIL IMPORTADO EESS,5000.0,L,ESTACION DE SERVICIO RIVERO - LUIS ANTONIO RIVERO AÑEZ,681-FDU,Diesel Oil Importado,DIESEL_IMPORTADO,Ciudad,
2026-09-18,2026-09-18,True,False,Santa Cruz,DIESEL OIL IMPORTADO EESS,30000.0,L,ESTACION DE SERVICIO MONTAÑO S.R.L.,3031-PAN,Diesel Oil Importado,DIESEL_IMPORTADO,Ciudad,
2026-09-18,2026-09-18,True,False,Santa Cruz,DIESEL OIL IMPORTADO EESS,35000.0,L,CENTRO DE COMERCIO Y SERVICIOS VALDIVIA FERRUFINO S.R.L.,2330-NLD,Diesel Oil Importado,DIESEL_IMPORTADO,Ciudad,
2026-09-18,2026-09-18,True,False,Santa Cruz,DIESEL OIL IMPORTADO EESS,20000.0,L,ESTACION DE SERVICIO EL TAROPE - JHONNY AGUILAR ADRIAZOLA,1745-PCU,Diesel Oil Importado,DIESEL_IMPORTADO,Ciudad,
2026-09-18,2026-09-18,True,False,Santa Cruz,DIESEL OIL IMPORTADO EESS,35000.0,L,BICENTENARIO SRL,2229-HLP,Diesel Oil Importado,DIESEL_IMPORTADO,,
2026-09-18,2026-09-18,True,False,Santa Cruz,DIESEL OIL IMPORTADO EESS,25000.0,L,ESTACION DE SERVICIO TRES PASOS AL FRENTE - VITALIANO ROJAS OLIVERA,2024-CIX,Diesel Oil Importado,DIESEL_IMPORTADO,Ciudad,
2026-09-18,2026-09-18,True,False,Santa Cruz,DIESEL OIL IMPORTADO EESS,20000.0,L,YVU CENTRO DE SERVICIOS Y COMERCIO S.R.L.,1060-PIT,Diesel Oil Importado,DIESEL_IMPORTADO,Ciudad,
2026-09-18,2026-09-18,True,False,Santa Cruz,GLP DISTRIB. 10 KILOS NAL,8420.0,L,SOPESE S.R.L.,5741-ADC,GLP,GLP,,
2026-09-18,2026-09-17,True,True,Santa Cruz,GASOLINA ESPECIAL + (S/DSI),15000.0,L,GENEX S.A SUCURSAL SANTA CRUZ ZONA SANTA ROSA,652-SRU,Gasolina Especial +,GASOLINA_ESPECIAL_MAS,Ciudad,
2026-09-18,2026-09-17,True,True,Santa Cruz,GASOLINA ESPECIAL + (S/DSI),5000.0,L,VANGAS S.A,652-SRU,Gasolina Especial +,GASOLINA_ESPECIAL_MAS,Ciudad,
2026-09-18,2026-09-17,True,True,Santa Cruz,GLP DISTRIB. 10 KILOS NAL,11220.0,L,DIST. GLP. ALTAMARGAS Juan Pablo Melgarejo Iriarte,1294-GFE,GLP,GLP,,
2026-09-18,2026-09-16,True,True,Santa Cruz,DIESEL OIL NACIONAL EESS,25000.0,L,ESTACION DE SERVICIO SAN JOSE DE YAPACANI S.R.L.,1488-SXU,Diesel Oil Nacional,DIESEL_NACIONAL,Provincia,
2026-09-18,2026-09-16,True,True,Santa Cruz,GLP DISTRIB. 45 KILOS NAL,2250.0,L,CARMEN R. MELGAREJO GONZALES - DIST. CENTRO GAS,6700-EDC,GLP,GLP,,
2026-09-18,2026-09-14,True,True,Santa Cruz,GLP DISTRIB. 10 KILOS NAL,10530.0,L,JYRL GAS - LOURDES MORALES DE QUIROZ,1892-EBR,GLP,GLP,,
2026-09-18,2026-09-18,True,False,Santa Cruz,GASOLINA ESPECIAL EESS,20000.0,L,R&E 3000 S.R.L.,1197-ATI,Gasolina Especial,GASOLINA_ESPECIAL,Ciudad,
2026-09-18,2026-09-18,True,False,Santa Cruz,GASOLINA ESPECIAL + (S/DSI),15000.0,L,ESTACION DE SERVICIO QUINTO ANILLO S.R.L.,3018-UKU,Gasolina Especial +,GASOLINA_ESPECIAL_MAS,Ciudad,
2026-09-18,2026-09-18,True,False,Santa Cruz,GASOLINA ESPECIAL + (S/DSI),15000.0,L,ESTACION DE SERVICIO LOS MANGALES S.R.L.,1005-XLH,Gasolina Especial +,GASOLINA_ESPECIAL_MAS,Ciudad,
2026-09-18,2026-09-18,True,False,Santa Cruz,GASOLINA ESPECIAL EESS,20000.0,L,"EMPRESA DAVILA IMPORTADORA-EXPORTADORA S.R.L. ""DAIMPORT - EXPORT LTDA""",846-IXK,Gasolina Especial,GASOLINA_ESPECIAL,Ciudad,
2026-09-18,2026-09-18,True,False,Santa Cruz,DIESEL OIL IMPORTADO EESS,10000.0,L,ESTACION DE SERVICIO EL TERO TERO DE CHICHITA - RODRIGO REMY AQUINO ALVARADO,2468-GTE,Diesel Oil Importado,DIESEL_IMPORTADO,Ciudad,
2026-09-18,2026-09-18,True,False,Santa Cruz,GASOLINA ESPECIAL + (S/DSI),15000.0,L,ESTACION DE SERVICIO EL ARROYO S.R.L.,1299-GNA,Gasolina Especial +,GASOLINA_ESPECIAL_MAS,Ciudad,
2026-09-18,2026-09-18,True,False,Santa Cruz,GASOLINA ESPECIAL EESS,25000.0,L,ESTACION DE SERVICIO TOTAITU N&T S.R.L.,3598-NKD,Gasolina Especial,GASOLINA_ESPECIAL,Ciudad,
2026-09-19,2026-09-18,True,True,Santa Cruz,GASOLINA ESPECIAL + (S/DSI),5000.0,L,ESTACION DE SERVICIO RADIAL 10 - HUGO FLORERO ORELLANA,948-PYS,Gasolina Especial +,GASOLINA_ESPECIAL_MAS,Ciudad,
2026-09-19,2026-09-18,True,True,Santa Cruz,GASOLINA ESPECIAL + (S/DSI),10000.0,L,ESTACION DE SERVICIO RADIAL 10 - HUGO FLORERO ORELLANA,948-PYS,Gasolina Especial +,GASOLINA_ESPECIAL_MAS,Ciudad,
2026-09-19,2026-09-18,True,True,Santa Cruz,GASOLINA ESPECIAL + (S/DSI),15000.0,L,GENEX S.A. SUCURSAL ZONA NOR ESTE,1169-YKS,Gasolina Especial +,GASOLINA_ESPECIAL_MAS,Ciudad,
2026-09-19,2026-09-18,True,True,Santa Cruz,GASOLINA ESPECIAL + (S/DSI),15000.0,L,GENEX S.A SUCURSAL S.C ZONA GUALBERTO VILLARROEL,1169-YKS,Gasolina Especial +,GASOLINA_ESPECIAL_MAS,Ciudad,
2026-09-19,2026-09-18,True,True,Santa Cruz,GASOLINA ESPECIAL + (S/DSI),5000.0,L,ESTACION DE SERVICIO SANTOS DUMONT NOGALES,961-XHP,Gasolina Especial +,GASOLINA_ESPECIAL_MAS,Ciudad,
2026-09-19,2026-09-18,True,True,Santa Cruz,GASOLINA ESPECIAL + (S/DSI),5000.0,L,COMPLEJO AUTOMOTRIZ VIRGEN DE URKUPIÑA S.R.L.,1135-RGC,Gasolina Especial +,GASOLINA_ESPECIAL_MAS,Ciudad,
2026-09-19,2026-09-18,True,True,Santa Cruz,GASOLINA ESPECIAL + (S/DSI),10000.0,L,COMPLEJO AUTOMOTRIZ VIRGEN DE URKUPIÑA S.R.L.,1135-RGC,Gasolina Especial +,GASOLINA_ESPECIAL_MAS,Ciudad,
2026-09-19,2026-09-18,True,True,Santa Cruz,GASOLINA ESPECIAL + (S/DSI),9900.0,L,ESTACION DE SERVICIO URBARI SRL,375-KIH,Gasolina Especial +,GASOLINA_ESPECIAL_MAS,Ciudad,
2026-09-19,2026-09-18,True,True,Santa Cruz,GASOLINA ESPECIAL + (S/DSI),15000.0,L,REFINERIA ORIENTAL S.A.-SUC. TERCER ANILLO INTERNO FRENTE CANCHITA ROYAL,1113-EAA,Gasolina Especial +,GASOLINA_ESPECIAL_MAS,Ciudad,
2026-09-19,2026-09-18,True,True,Santa Cruz,GASOLINA ESPECIAL + (S/DSI),15000.0,L,BICENTENARIO SRL,2229-HLP,Gasolina Especial +,GASOLINA_ESPECIAL_MAS,,
2026-09-19,2026-09-17,True,True,Santa Cruz,GASOLINA ESPECIAL + (S/DSI),10000.0,L,ESTACION DE SERVICIO DICOR S.R.L.,583-PTR,Gasolina Especial +,GASOLINA_ESPECIAL_MAS,Ciudad,
2026-09-19,2026-09-17,True,True,Santa Cruz,GASOLINA ESPECIAL + (S/DSI),9900.0,L,ESTACION DE SERVICIO URBARI SRL,375-KIH,Gasolina Especial +,GASOLINA_ESPECIAL_MAS,Ciudad,
2026-09-19,2026-09-18,True,True,Santa Cruz,GASOLINA ESPECIAL + (S/DSI),15000.0,L,ESTACION DE SERVICIO DAVILA S.R.L.,1445-CDA,Gasolina Especial +,GASOLINA_ESPECIAL_MAS,Ciudad,
2026-09-19,2026-09-18,True,True,Santa Cruz,GASOLINA ESPECIAL + (S/DSI),15000.0,L,GAS DEL ESTE S.R.L.,622-IUN,Gasolina Especial +,GASOLINA_ESPECIAL_MAS,Ciudad,
2026-09-19,2026-09-18,True,True,Santa Cruz,GASOLINA ESPECIAL + (S/DSI),15000.0,L,GENEX S.A-SUCURSAL S.C ZONA GUARACACHI,1166-FCU,Gasolina Especial +,GASOLINA_ESPECIAL_MAS,Ciudad,
2026-09-19,2026-09-18,True,True,Santa Cruz,GASOLINA ESPECIAL + (S/DSI),5000.0,L,CIA BOLIVIANA DE GAS NATURAL COMPRIMIDO GENEX SA,863-XYY,Gasolina Especial +,GASOLINA_ESPECIAL_MAS,Ciudad,
2026-09-19,2026-09-18,True,True,Santa Cruz,GASOLINA ESPECIAL + (S/DSI),15000.0,L,GENEX S.A SUCURSAL SANTA CRUZ ZONA ESTE,1285-UKF,Gasolina Especial +,GASOLINA_ESPECIAL_MAS,Ciudad,
2026-09-19,2026-09-18,True,True,Santa Cruz,GASOLINA ESPECIAL + (S/DSI),20000.0,L,CIA BOLIVIANA DE GAS NATURAL COMPRIMIDO GENEX SA,1285-UKF,Gasolina Especial +,GASOLINA_ESPECIAL_MAS,Ciudad,
2026-09-19,2026-09-18,True,True,Santa Cruz,GASOLINA ESPECIAL + (S/DSI),15000.0,L,VANGAS S.A,863-XYY,Gasolina Especial +,GASOLINA_ESPECIAL_MAS,Ciudad,
2026-09-19,2026-09-18,True,True,Santa Cruz,GASOLINA ESPECIAL + (S/DSI),15000.0,L,ESTACION DE SERVICIO EL TROMPILLO,1166-FCU,Gasolina Especial +,GASOLINA_ESPECIAL_MAS,Ciudad,
2026-09-19,,True,False,Santa Cruz,DIESEL OIL,20000.0,L,YPFB,085-ULB,Diesel Oil Nacional,DIESEL_NACIONAL,,2026-09-20T03:28:28.483000+00:00
2026-09-19,2026-09-19,True,False,Santa Cruz,DIESEL OIL NACIONAL EESS,25000.0,L,ESTACION DE SERVICIO COCA-ENRRIQUE COCA LOPEZ,2134-FYF,Diesel Oil Nacional,DIESEL_NACIONAL,Provincia,2026-09-20T03:34:10.683000+00:00
2026-09-19,2026-09-19,True,False,Santa Cruz,GASOLINA ESPECIAL + EESS,20000.0,L,ESTACION DE SERVICIO CONCEPCION SRL,442-IZR,Gasolina Especial +,GASOLINA_ESPECIAL_MAS,Provincia,2026-09-20T03:21:42.843000+00:00
2026-09-19,2026-09-19,True,False,Santa Cruz,GASOLINA ESPECIAL + EESS,20000.0,L,ESTACION DE SERVICIO EL TINTO S.R.L.,303-DEH,Gasolina Especial +,GASOLINA_ESPECIAL_MAS,Provincia,2026-09-20T03:13:00.627000+00:00
2026-09-19,2026-09-19,True,False,Santa Cruz,GASOLINA ESPECIAL + (S/DSI),15000.0,L,ESTACION DE SERVICIO RADIAL 10 - HUGO FLORERO ORELLANA,948-PYS,Gasolina Especial +,GASOLINA_ESPECIAL_MAS,Ciudad,
2026-09-19,2026-09-17,True,True,Santa Cruz,GASOLINA ESPECIAL + EESS,20000.0,L,SAN JOAQUIN I S.R.L.,1066-TLK,Gasolina Especial +,GASOLINA_ESPECIAL_MAS,Provincia,2026-09-20T02:57:11.700000+00:00
2026-09-19,2026-09-19,True,False,Santa Cruz,GASOLINA ESPECIAL + EESS,20000.0,L,ESTACION DE SERVICIO SUR SRL-SUCURSAL 4,380-RHB,Gasolina Especial +,GASOLINA_ESPECIAL_MAS,Provincia,2026-09-20T02:54:04.997000+00:00
2026-09-19,2026-09-19,True,False,Santa Cruz,DIESEL OIL IMPORTADO EESS,10000.0,L,BICENTENARIO SRL,2229-HLP,Diesel Oil Importado,DIESEL_IMPORTADO,,2026-09-20T02:40:31.403000+00:00
2026-09-19,2026-09-19,True,False,Santa Cruz,DIESEL OIL IMPORTADO EESS,25000.0,L,BICENTENARIO SRL,2229-HLP,Diesel Oil Importado,DIESEL_IMPORTADO,,2026-09-20T02:40:31.403000+00:00
2026-09-19,2026-09-19,True,False,Santa Cruz,DIESEL OIL IMPORTADO EESS,5000.0,L,ESTACION DE SERVICIO APAZA-PATRICIA JORGE DE APAZA,2066-KRR,Diesel Oil Importado,DIESEL_IMPORTADO,Ciudad,
2026-09-19,2026-09-19,True,False,Santa Cruz,GASOLINA ESPECIAL + (S/DSI),15000.0,L,ESTACION DE SERVICIO APAZA-PATRICIA JORGE DE APAZA,2066-KRR,Gasolina Especial +,GASOLINA_ESPECIAL_MAS,Ciudad,
2026-09-19,2026-09-19,True,False,Santa Cruz,GASOLINA ESPECIAL + (S/DSI),5000.0,L,LAS PALMAS S.R.L.,967-HFA,Gasolina Especial +,GASOLINA_ESPECIAL_MAS,Ciudad,
2026-09-19,2026-09-18,True,True,Santa Cruz,GASOLINA ESPECIAL + (S/DSI),10000.0,L,ESTACION DE SERVICIO LAS CONCHAS S.R.L.-SUCURSAL LA ENCONADA,389-IPX,Gasolina Especial +,GASOLINA_ESPECIAL_MAS,Provincia,2026-09-20T02:24:58.510000+00:00
2026-09-19,2026-09-19,True,False,Santa Cruz,GASOLINA ESPECIAL + EESS,20000.0,L,SURTIDOR ACIPA - SJ S.R.L.,4120-ZNB,Gasolina Especial +,GASOLINA_ESPECIAL_MAS,Provincia,2026-09-20T02:28:50.220000+00:00
2026-09-19,2026-09-19,True,False,Santa Cruz,GASOLINA ESPECIAL + (S/DSI),15000.0,L,ESTACION DE SERVICIO LAS CONCHAS S.R.L.-SUCURSAL LA ENCONADA,389-IPX,Gasolina Especial +,GASOLINA_ESPECIAL_MAS,Provincia,2026-09-20T02:24:58.510000+00:00
2026-09-19,2026-09-19,True,False,Santa Cruz,DIESEL OIL IMPORTADO EESS,10000.0,L,ESTACION DE SERVICIO SUR S.R.L. SUCURSAL 2,825-ATI,Diesel Oil Importado,DIESEL_IMPORTADO,Ciudad,2026-09-20T02:19:54.760000+00:00
2026-09-19,2026-09-19,True,False,Santa Cruz,DIESEL OIL IMPORTADO EESS,25000.0,L,ESTACION DE SERVICIO SUR SRL SUCURSAL 3,825-ATI,Diesel Oil Importado,DIESEL_IMPORTADO,Ciudad,2026-09-20T02:19:54.760000+00:00
2026-09-19,2026-09-19,True,False,Santa Cruz,DIESEL OIL IMPORTADO EESS,10000.0,L,ESTACION DE SERVICIO DICOR S.R.L.,583-PTR,Diesel Oil Importado,DIESEL_IMPORTADO,Ciudad,
2026-09-19,2026-09-19,True,False,Santa Cruz,DIESEL OIL IMPORTADO EESS,20000.0,L,ESTACION DE SERVICIO TRES PASOS AL FRENTE - VITALIANO ROJAS OLIVERA,2024-CIX,Diesel Oil Importado,DIESEL_IMPORTADO,Ciudad,
2026-09-19,2026-09-19,True,False,Santa Cruz,DIESEL OIL IMPORTADO EESS,20000.0,L,ESTACION DE SERVICIO DAVILA S.R.L.,1445-CDA,Diesel Oil Importado,DIESEL_IMPORTADO,Ciudad,
2026-09-19,2026-09-19,True,False,Santa Cruz,GASOLINA ESPECIAL + (S/DSI),14900.0,L,ESTACION DE SERVICIO URBARI SRL,375-KIH,Gasolina Especial +,GASOLINA_ESPECIAL_MAS,Ciudad,
2026-09-19,2026-09-19,True,False,Santa Cruz,GASOLINA ESPECIAL + (S/DSI),15000.0,L,SURTIDOR COTOCA - JOSE RAMIRO AYALA FLORES,2338-FGD,Gasolina Especial +,GASOLINA_ESPECIAL_MAS,Ciudad,
2026-09-19,2026-09-18,True,True,Santa Cruz,GASOLINA ESPECIAL + (S/DSI),15000.0,L,SURTIDOR COTOCA - JOSE RAMIRO AYALA FLORES,2338-FGD,Gasolina Especial +,GASOLINA_ESPECIAL_MAS,Ciudad,
2026-09-19,2026-09-18,True,True,Santa Cruz,GASOLINA ESPECIAL + (S/DSI),4900.0,L,ESTACION DE SERVICIO URBARI SRL,375-KIH,Gasolina Especial +,GASOLINA_ESPECIAL_MAS,Ciudad,
2026-09-19,2026-09-19,True,False,Santa Cruz,DIESEL OIL IMPORTADO EESS,10000.0,L,ESTACION DE SERVICIO VERGARA - FABIOLA NOEMI ZORRILLO VERGARA,1184-YND,Diesel Oil Importado,DIESEL_IMPORTADO,Ciudad,2026-09-20T02:05:45.090000+00:00
2026-09-19,2026-09-19,True,False,Santa Cruz,GASOLINA ESPECIAL + EESS,20000.0,L,ESTACION DE SERVICIO EL AGRICULTOR-CLAUDINA PILLCO LOZA,2251-LZR,Gasolina Especial +,GASOLINA_ESPECIAL_MAS,Provincia,2026-09-20T02:02:16.717000+00:00
2026-09-19,2026-09-19,True,False,Santa Cruz,GASOLINA ESPECIAL + EESS,20000.0,L,ESTACION DE SERVICIO CARLOS ANDRES FI S.R.L.,373-ACE,Gasolina Especial +,GASOLINA_ESPECIAL_MAS,Provincia,2026-09-20T01:57:10.247000+00:00
2026-09-19,2026-09-19,True,False,Santa Cruz,DIESEL OIL IMPORTADO EESS,24000.0,L,YVU CENTRO DE SERVICIOS Y COMERCIO S.R.L.,1060-PIT,Diesel Oil Importado,DIESEL_IMPORTADO,Ciudad,2026-09-20T01:54:26.277000+00:00
2026-09-19,2026-09-19,True,False,Santa Cruz,GASOLINA ESPECIAL + EESS,20000.0,L,ESTACION DE SERVICIO DURAZNERO-DANA FLORES DAVALOS,2182-HII,Gasolina Especial +,GASOLINA_ESPECIAL_MAS,Provincia,2026-09-20T01:44:22.990000+00:00
2026-09-19,2026-09-19,True,False,Santa Cruz,DIESEL OIL IMPORTADO EESS,10000.0,L,SURTIDOR EL PALMAR - DIONICIO CONDORI RODRIGUEZ,782-YPK,Diesel Oil Importado,DIESEL_IMPORTADO,Ciudad,2026-09-20T01:41:06.750000+00:00
2026-09-19,2026-09-19,True,False,Santa Cruz,DIESEL OIL IMPORTADO EESS,10000.0,L,ESTACION DE SERVICIO LA CIMA,297-ACK,Diesel Oil Importado,DIESEL_IMPORTADO,Ciudad,
2026-09-19,2026-09-19,True,False,Santa Cruz,GASOLINA ESPECIAL + EESS,20000.0,L,ESTACION DE SERVICIO COCA-ENRRIQUE COCA LOPEZ,1132-FZP,Gasolina Especial +,GASOLINA_ESPECIAL_MAS,Provincia,2026-09-20T01:36:55.913000+00:00
2026-09-19,2026-09-19,True,False,Santa Cruz,DIESEL OIL IMPORTADO EESS,10000.0,L,ESTACION DE SERVICIO ORSA SRL-SUCURSAL 1,5583-ADI,Diesel Oil Importado,DIESEL_IMPORTADO,Provincia,2026-09-20T01:31:00.343000+00:00
2026-09-19,2026-09-19,True,False,Santa Cruz,GASOLINA ESPECIAL + EESS,20000.0,L,ESTACION DE SERVICIO CASCABEL SUC. CUATRO CAÑADAS-YOHANA PAOLA VACA GUZMAN,4124-YBX,Gasolina Especial +,GASOLINA_ESPECIAL_MAS,Provincia,2026-09-20T01:27:29.147000+00:00
2026-09-19,2026-09-19,True,False,Santa Cruz,DIESEL OIL IMPORTADO EESS,15000.0,L,ESTACION DE SERVICIO SUR S.R.L. SUCURSAL 2,2801-BYP,Diesel Oil Importado,DIESEL_IMPORTADO,Ciudad,2026-09-20T01:17:36.390000+00:00
2026-09-19,2026-09-19,True,False,Santa Cruz,DIESEL OIL IMPORTADO EESS,20000.0,L,ESTACION DE SERVICIO PIRAI S.R.L. SUC. DOBLE VIA LA GUARDIA ESQ. OCTAVO ANILLO,2801-BYP,Diesel Oil Importado,DIESEL_IMPORTADO,Ciudad,2026-09-20T01:17:36.390000+00:00
2026-09-19,2026-09-19,True,False,Santa Cruz,GASOLINA ESPECIAL + EESS,20000.0,L,MUYURINA LTDA,647-NPX,Gasolina Especial +,GASOLINA_ESPECIAL_MAS,Provincia,2026-09-20T01:12:33.897000+00:00
2026-09-19,2026-09-19,True,False,Santa Cruz,GASOLINA ESPECIAL + EESS,20000.0,L,ESTACION DE SERVICIO TORRIAYALA S.R.L.,4491-PRD,Gasolina Especial +,GASOLINA_ESPECIAL_MAS,Provincia,2026-09-20T01:08:51.080000+00:00
2026-09-19,2026-09-19,True,False,Santa Cruz,GASOLINA ESPECIAL + EESS,20000.0,L,TARIFA S.R.L.,1636-FLK,Gasolina Especial +,GASOLINA_ESPECIAL_MAS,Provincia,2026-09-20T00:51:24.030000+00:00
2026-09-19,2026-09-19,True,False,Santa Cruz,GASOLINA ESPECIAL + EESS,20000.0,L,ESTACION DE SERVICIO MINERO-JHONNY QUINTEROS VASQUEZ,512-ZZA,Gasolina Especial +,GASOLINA_ESPECIAL_MAS,Provincia,2026-09-20T00:49:11.007000+00:00
2026-09-19,2026-09-19,True,False,Santa Cruz,DIESEL OIL IMPORTADO EESS,20000.0,L,ESTACION DE SERVICIO LOS COYUYOS-JULIA GONZALES,3589-UKG,Diesel Oil Importado,DIESEL_IMPORTADO,Ciudad,2026-09-20T00:43:13.920000+00:00
2026-09-19,2026-09-19,True,False,Santa Cruz,DIESEL OIL IMPORTADO EESS,25000.0,L,R&E 3000 S.R.L.,1197-ATI,Diesel Oil Importado,DIESEL_IMPORTADO,Ciudad,2026-09-20T00:41:25.643000+00:00
2026-09-19,2026-09-19,True,False,Santa Cruz,GASOLINA ESPECIAL + (S/DSI),15000.0,L,REFINERIA ORIENTAL S.A. SUC. NOR ESTE,2447-AGD,Gasolina Especial +,GASOLINA_ESPECIAL_MAS,Ciudad,2026-09-20T00:31:24.590000+00:00
2026-09-19,2026-09-19,True,False,Santa Cruz,GASOLINA ESPECIAL + (S/DSI),20000.0,L,ESTACION DE SERVICIO PIRAI S.R.L. SUC. DOBLE VIA LA GUARDIA ESQ. OCTAVO ANILLO,2447-AGD,Gasolina Especial +,GASOLINA_ESPECIAL_MAS,Ciudad,2026-09-20T00:31:24.590000+00:00
2026-09-19,2026-09-19,True,False,Santa Cruz,GASOLINA ESPECIAL + EESS,20000.0,L,ESTACION DE SERVICIO PETRO VAL S.R.L.,1292-AKT,Gasolina Especial +,GASOLINA_ESPECIAL_MAS,Provincia,2026-09-20T00:27:31.733000+00:00
2026-09-19,2026-09-19,True,False,Santa Cruz,DIESEL OIL IMPORTADO EESS,15000.0,L,ESTACION DE SERVICIO BI-OCEANICA S.R.L.,4269-HNT,Diesel Oil Importado,DIESEL_IMPORTADO,Ciudad,2026-09-20T00:24:52.270000+00:00
2026-09-19,2026-09-19,True,False,Santa Cruz,DIESEL OIL IMPORTADO EESS,20000.0,L,ESTACION DE SERVICIO BI-OCEANICA S.R.L.,4269-HNT,Diesel Oil Importado,DIESEL_IMPORTADO,Ciudad,2026-09-20T00:24:52.270000+00:00
2026-09-19,2026-09-19,True,False,Santa Cruz,DIESEL OIL IMPORTADO EESS,20000.0,L,ESTACION DE SERVICIO EMANUEL S.R.L.,2330-NLD,Diesel Oil Importado,DIESEL_IMPORTADO,Ciudad,2026-09-20T00:18:55.787000+00:00
2026-09-19,2026-09-19,True,False,Santa Cruz,DIESEL OIL IMPORTADO EESS,15000.0,L,CENTRO DE COMERCIO Y SERVICIOS VALDIVIA FERRUFINO S.R.L.,2330-NLD,Diesel Oil Importado,DIESEL_IMPORTADO,Ciudad,2026-09-20T00:18:55.787000+00:00
2026-09-19,2026-09-19,True,False,Santa Cruz,GASOLINA ESPECIAL + (S/DSI),15000.0,L,CENTRO DE COMERCIO Y SERVICIOS VALDIVIA FERRUFINO S.R.L.,332-NTN,Gasolina Especial +,GASOLINA_ESPECIAL_MAS,Ciudad,
2026-09-19,2026-09-19,True,False,Santa Cruz,GASOLINA ESPECIAL + (S/DSI),15000.0,L,ESTACION DE SERVICIO EMANUEL S.R.L.,332-NTN,Gasolina Especial +,GASOLINA_ESPECIAL_MAS,Ciudad,
2026-09-19,2026-09-19,True,False,Santa Cruz,DIESEL OIL IMPORTADO EESS,20000.0,L,ESTACION DE SERVICIO CLUB GAZEL S.R.L.,2120-PKF,Diesel Oil Importado,DIESEL_IMPORTADO,Ciudad,
2026-09-19,2026-09-19,True,False,Santa Cruz,GASOLINA ESPECIAL + (S/DSI),15000.0,L,VANGAS S.A,380-GDB,Gasolina Especial +,GASOLINA_ESPECIAL_MAS,Ciudad,
2026-09-19,2026-09-19,True,False,Santa Cruz,GASOLINA ESPECIAL + (S/DSI),15000.0,L,GENEX S.A. SUCURSAL ZONA NOR ESTE,380-GDB,Gasolina Especial +,GASOLINA_ESPECIAL_MAS,Ciudad,
2026-09-19,2026-09-19,True,False,Santa Cruz,GASOLINA ESPECIAL + (S/DSI),15000.0,L,REFINERIA ORIENTAL S.A.-SUC. TERCER ANILLO INTERNO FRENTE CANCHITA ROYAL,1113-EAA,Gasolina Especial +,GASOLINA_ESPECIAL_MAS,Ciudad,
2026-09-19,2026-09-19,True,False,Santa Cruz,DIESEL OIL IMPORTADO EESS,15000.0,L,ESTACION DE SERVICIO MORAGRANDE S.R.L.,1893-NTP,Diesel Oil Importado,DIESEL_IMPORTADO,Ciudad,
2026-09-19,2026-09-19,True,False,Santa Cruz,DIESEL OIL IMPORTADO EESS,15000.0,L,ESTACION DE SERVICIO MORAGRANDE S.R.L. (SUC 1),2483-HBD,Diesel Oil Importado,DIESEL_IMPORTADO,Ciudad,
2026-09-19,2026-09-19,True,False,Santa Cruz,DIESEL OIL IMPORTADO EESS,10000.0,L,ESTACION DE SERVICIO LA CHORRERA SRL,885-PYH,Diesel Oil Importado,DIESEL_IMPORTADO,Ciudad,
2026-09-19,2026-09-19,True,False,Santa Cruz,DIESEL OIL IMPORTADO EESS,20000.0,L,ESTACION DE SERVICIO LA CHORRERA SRL,885-PYH,Diesel Oil Importado,DIESEL_IMPORTADO,Ciudad,
2026-09-19,2026-09-19,True,False,Santa Cruz,GASOLINA ESPECIAL + (S/DSI),15000.0,L,ESTACION DE SERVICIO EL GASOMETRO S.R.L.,885-PZL,Gasolina Especial +,GASOLINA_ESPECIAL_MAS,Ciudad,
2026-09-19,2026-09-19,True,False,Santa Cruz,GASOLINA ESPECIAL + (S/DSI),20000.0,L,ESTACION DE SERVICIO LA CHORRERA SRL,885-PZL,Gasolina Especial +,GASOLINA_ESPECIAL_MAS,Ciudad,
2026-09-19,2026-09-18,True,True,Santa Cruz,GASOLINA ESPECIAL + (S/DSI),15000.0,L,GENEX S.A SUCURSAL SANTA CRUZ ZONA LA RAMADA,878-ENK,Gasolina Especial +,GASOLINA_ESPECIAL_MAS,Ciudad,2026-09-19T23:51:17.347000+00:00
2026-09-19,2026-09-19,True,False,Santa Cruz,DIESEL OIL NACIONAL EESS,19500.0,L,ESTACION DE SERVICIO EUSE CRUZ,1505-LRF,Diesel Oil Nacional,DIESEL_NACIONAL,Provincia,2026-09-20T00:04:42.777000+00:00
2026-09-19,2026-09-19,True,False,Santa Cruz,GASOLINA ESPECIAL + EESS,19000.0,L,ESTACION DE SERVICIO EUSE CRUZ,1505-LRF,Gasolina Especial +,GASOLINA_ESPECIAL_MAS,Provincia,2026-09-20T00:04:42.777000+00:00
2026-09-19,2026-09-19,True,False,Santa Cruz,GASOLINA ESPECIAL + EESS,10000.0,L,ESTACION DE SERVICIO MACONDO,399-LZN,Gasolina Especial +,GASOLINA_ESPECIAL_MAS,Provincia,2026-09-19T23:57:29.707000+00:00
2026-09-19,2026-09-19,True,False,Santa Cruz,GASOLINA ESPECIAL + EESS,10000.0,L,ESTACION DE SERVICIO CHANE,399-LZN,Gasolina Especial +,GASOLINA_ESPECIAL_MAS,Provincia,2026-09-19T23:57:29.707000+00:00
2026-09-19,2026-09-19,True,False,Santa Cruz,DIESEL OIL IMPORTADO EESS,25000.0,L,ESTACION DE SERVICIO GUAYACAN S.R.L.,1190-YPG,Diesel Oil Importado,DIESEL_IMPORTADO,Ciudad,2026-09-19T23:48:08.957000+00:00
2026-09-19,2026-09-19,True,False,Santa Cruz,DIESEL OIL IMPORTADO EESS,10000.0,L,ESTACION DE SERVICIO EL TAROPE - JHONNY AGUILAR ADRIAZOLA,1744-UZH,Diesel Oil Importado,DIESEL_IMPORTADO,Ciudad,2026-09-19T23:41:55.407000+00:00
2026-09-19,2026-09-19,True,False,Santa Cruz,GASOLINA ESPECIAL + (S/DSI),15000.0,L,GENEX S.A-SUCURSAL S.C ZONA GUARACACHI,1166-FCU,Gasolina Especial +,GASOLINA_ESPECIAL_MAS,Ciudad,2026-09-19T23:37:24.033000+00:00
2026-09-19,2026-09-19,True,False,Santa Cruz,GASOLINA ESPECIAL + (S/DSI),20000.0,L,CIA BOLIVIANA DE GAS NATURAL COMPRIMIDO GENEX SA,1166-FCU,Gasolina Especial +,GASOLINA_ESPECIAL_MAS,Ciudad,2026-09-19T23:37:24.033000+00:00
2026-09-19,2026-09-19,True,False,Santa Cruz,GASOLINA ESPECIAL + EESS,20000.0,L,ESTACION DE SERVICIO PORTACHUELO LTDA,599-AEA,Gasolina Especial +,GASOLINA_ESPECIAL_MAS,Provincia,2026-09-19T23:34:43.547000+00:00
2026-09-19,2026-09-19,True,False,Santa Cruz,GASOLINA ESPECIAL + (S/DSI),15000.0,L,ESTACION DE SERVICIO PIRAI S.R.L.,4108-GPL,Gasolina Especial +,GASOLINA_ESPECIAL_MAS,Ciudad,2026-09-19T23:32:17.057000+00:00
2026-09-19,2026-09-19,True,False,Santa Cruz,GASOLINA ESPECIAL + (S/DSI),15000.0,L,ESTACION DE SERVICIO REFINERIA ORIENTAL S.A. - SUC. ZONA 4° ANILLO FRENTE A BUFALO PARK - SC,4108-GPL,Gasolina Especial +,GASOLINA_ESPECIAL_MAS,Ciudad,2026-09-19T23:32:17.057000+00:00
2026-09-19,2026-09-19,True,False,Santa Cruz,DIESEL OIL IMPORTADO EESS,15000.0,L,"EMPRESA DAVILA IMPORTADORA-EXPORTADORA S.R.L. ""DAIMPORT - EXPORT LTDA""",1383-DKA,Diesel Oil Importado,DIESEL_IMPORTADO,Ciudad,2026-09-19T23:23:21.213000+00:00
2026-09-19,2026-09-19,True,False,Santa Cruz,DIESEL OIL IMPORTADO EESS,15000.0,L,ESTACION DE SERVICIO MONTAÑO S.R.L.,3031-PAN,Diesel Oil Importado,DIESEL_IMPORTADO,Ciudad,
2026-09-19,2026-09-19,True,False,Santa Cruz,DIESEL OIL IMPORTADO EESS,25000.0,L,ESTACION DE SERVICIO REYNALDO CORTEZ QUISPE,5312-NXE,Diesel Oil Importado,DIESEL_IMPORTADO,Ciudad,
2026-09-19,2026-09-19,True,False,Santa Cruz,GASOLINA ESPECIAL + (S/DSI),15000.0,L,ESTACION DE SERVICIO TRES PASOS AL FRENTE - VITALIANO ROJAS OLIVERA,5002-IBN,Gasolina Especial +,GASOLINA_ESPECIAL_MAS,Ciudad,
2026-09-19,2026-09-19,True,False,Santa Cruz,GASOLINA ESPECIAL + (S/DSI),20000.0,L,ESTACION DE SERVICIO SAN LUIS,244-ANI,Gasolina Especial +,GASOLINA_ESPECIAL_MAS,Ciudad,
2026-09-19,2026-09-19,True,False,Santa Cruz,GASOLINA ESPECIAL + (S/DSI),15000.0,L,GENEX S.A SUCURSAL S.C ZONA GUALBERTO VILLARROEL,863-XYY,Gasolina Especial +,GASOLINA_ESPECIAL_MAS,Ciudad,
2026-09-19,2026-09-19,True,False,Santa Cruz,GASOLINA ESPECIAL + (S/DSI),15000.0,L,ESTACION DE SERVICIO EL TROMPILLO,1285-UKF,Gasolina Especial +,GASOLINA_ESPECIAL_MAS,Ciudad,
2026-09-19,2026-09-19,True,False,Santa Cruz,GASOLINA ESPECIAL + (S/DSI),15000.0,L,GENEX S.A SUCURSAL SANTA CRUZ ZONA ESTE,1285-UKF,Gasolina Especial +,GASOLINA_ESPECIAL_MAS,Ciudad,
2026-09-19,2026-09-19,True,False,Santa Cruz,GASOLINA ESPECIAL + (S/DSI),10000.0,L,LAS PALMAS S.R.L.,967-HFA,Gasolina Especial +,GASOLINA_ESPECIAL_MAS,Ciudad,2026-09-19T23:14:10.417000+00:00
2026-09-19,2026-09-19,True,False,Santa Cruz,GASOLINA ESPECIAL + EESS,20000.0,L,ESTACION DE SERVICIO VELEZ-HEBERTH VELEZ CORTEZ,1504-CKU,Gasolina Especial +,GASOLINA_ESPECIAL_MAS,Provincia,2026-09-19T23:07:48.593000+00:00
2026-09-19,2026-09-19,True,False,Santa Cruz,GASOLINA ESPECIAL + EESS,20000.0,L,"ESTACION DE SERVICIO ""S.J"" S.R.L.",3598-KXG,Gasolina Especial +,GASOLINA_ESPECIAL_MAS,Provincia,2026-09-19T23:03:01.757000+00:00
2026-09-19,2026-09-19,True,False,Santa Cruz,GASOLINA ESPECIAL + (S/DSI),15000.0,L,"ESTACION DE SERVICIO ""GUAPAY"" S.R.L.",447-PSY,Gasolina Especial +,GASOLINA_ESPECIAL_MAS,Ciudad,2026-09-19T23:00:35.343000+00:00
2026-09-19,2026-09-19,True,False,Santa Cruz,DIESEL OIL IMPORTADO EESS,25000.0,L,ESTACION DE SERVICIOS VIRGEN DE COTOCA S.R.L.,1174-GCP,Diesel Oil Importado,DIESEL_IMPORTADO,Ciudad,2026-09-19T22:58:11.017000+00:00
2026-09-19,2026-09-19,True,False,Santa Cruz,GASOLINA ESPECIAL + EESS,20000.0,L,CENTRO DE COMERCIO SANTA RITAKM32 S.R.L.,3853-BSD,Gasolina Especial +,GASOLINA_ESPECIAL_MAS,Provincia,2026-09-19T22:49:24.053000+00:00
2026-09-19,2026-09-19,True,False,Santa Cruz,DIESEL OIL IMPORTADO EESS,10000.0,L,ESTACION DE SERVICIO PALMASOLA,514-HAC,Diesel Oil Importado,DIESEL_IMPORTADO,Ciudad,2026-09-19T22:46:45.123000+00:00
2026-09-19,2026-09-19,True,False,Santa Cruz,GASOLINA ESPECIAL + EESS,20000.0,L,ESTACION DE SERVICIO PAULINA S.R.L.,571-PDN,Gasolina Especial +,GASOLINA_ESPECIAL_MAS,Provincia,2026-09-19T22:44:56.780000+00:00
2026-09-19,2026-09-19,True,False,Santa Cruz,GASOLINA ESPECIAL + (S/DSI),5000.0,L,ESTACION DE SERVICIO SUR S.R.L. SUCURSAL 1,514-HHE,Gasolina Especial +,GASOLINA_ESPECIAL_MAS,Ciudad,2026-09-19T22:41:33.710000+00:00
2026-09-19,2026-09-19,True,False,Santa Cruz,GASOLINA ESPECIAL + (S/DSI),15000.0,L,REFINERIA ORIENTAL S.A.-SUC. BARRIO LAZARETO,514-HHE,Gasolina Especial +,GASOLINA_ESPECIAL_MAS,Ciudad,2026-09-19T22:41:33.710000+00:00
2026-09-19,2026-09-19,True,False,Santa Cruz,DIESEL OIL IMPORTADO EESS,15000.0,L,ESTACION DE SERVICIO RADIAL 10 - HUGO FLORERO ORELLANA,948-PYS,Diesel Oil Importado,DIESEL_IMPORTADO,Ciudad,2026-09-19T22:35:49.853000+00:00
2026-09-19,2026-09-19,True,False,Santa Cruz,DIESEL OIL IMPORTADO EESS,25000.0,L,ESTACION DE SERVICIO LA COLORADA,2434-YRP,Diesel Oil Importado,DIESEL_IMPORTADO,Ciudad,2026-09-19T22:32:44.587000+00:00
2026-09-19,2026-09-19,True,False,Santa Cruz,GASOLINA ESPECIAL + (S/DSI),15000.0,L,GASCO S.R.L.,1388-TGA,Gasolina Especial +,GASOLINA_ESPECIAL_MAS,Ciudad,2026-09-19T22:30:19.740000+00:00
2026-09-19,2026-09-19,True,False,Santa Cruz,GASOLINA ESPECIAL + (S/DSI),15000.0,L,ESTACION DE SERVICIO SUR S.R.L.,1128-FUX,Gasolina Especial +,GASOLINA_ESPECIAL_MAS,Ciudad,2026-09-19T22:22:42.753000+00:00
2026-09-19,2026-09-19,True,False,Santa Cruz,GASOLINA ESPECIAL + (S/DSI),15000.0,L,REFINERIA ORIENTAL S.A.,4530-FIY,Gasolina Especial +,GASOLINA_ESPECIAL_MAS,Ciudad,2026-09-19T22:20:22.543000+00:00
2026-09-19,2026-09-19,True,False,Santa Cruz,GASOLINA ESPECIAL + (S/DSI),15000.0,L,ESTACION DE SERVICIOS VIRGEN DE COTOCA S.R.L.,3850-ANL,Gasolina Especial +,GASOLINA_ESPECIAL_MAS,Ciudad,2026-09-19T22:12:20.997000+00:00
2026-09-19,2026-09-19,True,False,Santa Cruz,GASOLINA ESPECIAL + (S/DSI),15000.0,L,ESTACION DE SERVICIO ELISA S.R.L.,2291-ATI,Gasolina Especial +,GASOLINA_ESPECIAL_MAS,Ciudad,2026-09-19T22:09:18.217000+00:00
2026-09-19,2026-09-19,True,False,Santa Cruz,DIESEL OIL NACIONAL EESS,20000.0,L,ESTACION DE SERVICIO GASCAR S.R.L.,5342-KHY,Diesel Oil Nacional,DIESEL_NACIONAL,Provincia,2026-09-19T22:06:51.247000+00:00
2026-09-19,2026-09-19,True,False,Santa Cruz,DIESEL OIL IMPORTADO EESS,25000.0,L,COMPLEJO AUTOMOTRIZ VIRGEN DE URKUPIÑA S.R.L.,1135-RGC,Diesel Oil Importado,DIESEL_IMPORTADO,Ciudad,2026-09-19T22:04:10.850000+00:00
2026-09-19,2026-09-19,True,False,Santa Cruz,GASOLINA ESPECIAL + (S/DSI),15000.0,L,SERVICIOS GENERALES LA CAÑADA S.R.L.,2215-HBF,Gasolina Especial +,GASOLINA_ESPECIAL_MAS,Ciudad,2026-09-19T21:58:40.460000+00:00
2026-09-19,2026-09-19,True,False,Santa Cruz,GASOLINA ESPECIAL + EESS,20000.0,L,ESTACION DE SERVICIO LOS BIBOSIS S.R.L.,5631-AZA,Gasolina Especial +,GASOLINA_ESPECIAL_MAS,Provincia,2026-09-19T21:55:45.263000+00:00
2026-09-19,2026-09-19,True,False,Santa Cruz,GASOLINA ESPECIAL + EESS,20000.0,L,ESTACION DE SERVICIO MONTERO - MARIA DEL ROSARIO COLQUE QUIROZ,935-TCT,Gasolina Especial +,GASOLINA_ESPECIAL_MAS,Provincia,2026-09-19T21:51:55.113000+00:00
2026-09-19,2026-09-19,True,False,Santa Cruz,DIESEL OIL IMPORTADO EESS,25000.0,L,COMPAÑIA COMERCIAL DE GAS COMPRIMIDO C.G.C. S.R.L.,2511-RLA,Diesel Oil Importado,DIESEL_IMPORTADO,Ciudad,2026-09-19T21:46:26.523000+00:00
2026-09-19,2026-09-19,True,False,Santa Cruz,GASOLINA ESPECIAL + EESS,20000.0,L,SURTIDOR EL PATUJU - ROGELIO LA FUENTE OLIVERA,1330-AEN,Gasolina Especial +,GASOLINA_ESPECIAL_MAS,Provincia,2026-09-19T21:44:58.390000+00:00
2026-09-19,2026-09-19,True,False,Santa Cruz,DIESEL OIL IMPORTADO EESS,10000.0,L,ESTACION DE SERVICIO ELISA S.R.L.,1176-UST,Diesel Oil Importado,DIESEL_IMPORTADO,Ciudad,2026-09-19T21:42:09+00:00
2026-09-19,2026-09-19,True,False,Santa Cruz,DIESEL OIL IMPORTADO EESS,20000.0,L,ESTACION DE SERVICIO ELISA S.R.L.,1176-UST,Diesel Oil Importado,DIESEL_IMPORTADO,Ciudad,2026-09-19T21:42:09+00:00
2026-09-19,2026-09-19,True,False,Santa Cruz,GASOLINA ESPECIAL + (S/DSI),15000.0,L,REFINERIA ORIENTAL S.A. SUCURSAL MONTECRISTO,1390-DBC,Gasolina Especial +,GASOLINA_ESPECIAL_MAS,Ciudad,2026-09-19T21:39:09.723000+00:00
2026-09-19,2026-09-19,True,False,Santa Cruz,GASOLINA ESPECIAL + (S/DSI),15000.0,L,ESTACION DE SERVICIO SUR S.R.L.-SUCURSAL ESTACION DE SERVICIO LA TECA,1390-DBC,Gasolina Especial +,GASOLINA_ESPECIAL_MAS,Ciudad,2026-09-19T21:39:09.723000+00:00
2026-09-19,2026-09-19,True,False,Santa Cruz,GASOLINA ESPECIAL + EESS,15000.0,L,PARTICIPACIONES E INVERSIONES EN GAS - PIGAS S.A.,1169-YKS,Gasolina Especial +,GASOLINA_ESPECIAL_MAS,Provincia,2026-09-19T21:34:07.487000+00:00
2026-09-19,2026-09-19,True,False,Santa Cruz,DIESEL OIL IMPORTADO EESS,25000.0,L,ESTACION DE SERVICIO TOTAITU N&T S.R.L.,2390-XBX,Diesel Oil Importado,DIESEL_IMPORTADO,Ciudad,2026-09-19T21:22:44.993000+00:00
2026-09-19,2026-09-19,True,False,Santa Cruz,GASOLINA ESPECIAL + (S/DSI),15000.0,L,ESTACION DE SERVICIO SUR S.R.L. SUCURSAL 2,437-KYY,Gasolina Especial +,GASOLINA_ESPECIAL_MAS,Ciudad,2026-09-19T21:20:50.787000+00:00
2026-09-19,2026-09-19,True,False,Santa Cruz,GASOLINA ESPECIAL + (S/DSI),15000.0,L,ESTACION DE SERVICIO SUR SRL SUCURSAL 3,437-KYY,Gasolina Especial +,GASOLINA_ESPECIAL_MAS,Ciudad,2026-09-19T21:20:50.787000+00:00
2026-09-19,2026-09-19,True,False,Santa Cruz,GASOLINA ESPECIAL + (S/DSI),15000.0,L,ESTACION DE SERVICIO DAVILA S.R.L.,1445-CDA,Gasolina Especial +,GASOLINA_ESPECIAL_MAS,Ciudad,2026-09-19T21:17:34.897000+00:00
2026-09-19,2026-09-19,True,False,Santa Cruz,DIESEL OIL IMPORTADO EESS,10000.0,L,ESTACION DE SERVICIO YOTAU S.R.L.,1066-ISS,Diesel Oil Importado,DIESEL_IMPORTADO,Ciudad,2026-09-19T21:10:21.583000+00:00
2026-09-19,2026-09-19,True,False,Santa Cruz,DIESEL OIL IMPORTADO EESS,20000.0,L,ESTACION DE SERVICIO YOTAU S.R.L.,1066-ISS,Diesel Oil Importado,DIESEL_IMPORTADO,Ciudad,2026-09-19T21:10:21.583000+00:00
2026-09-19,2026-09-19,True,False,Santa Cruz,GASOLINA ESPECIAL + (S/DSI),20000.0,L,ESTACION DE SERVICIO DICOR S.R.L.,583-PTR,Gasolina Especial +,GASOLINA_ESPECIAL_MAS,Ciudad,2026-09-19T21:08:02.957000+00:00
2026-09-19,2026-09-19,True,False,Santa Cruz,GASOLINA ESPECIAL + (S/DSI),15000.0,L,EMPRESA DE SERVICIOS 8 DE NOVIEMBRE LTDA.,1831-SEK,Gasolina Especial +,GASOLINA_ESPECIAL_MAS,Ciudad,2026-09-19T20:59:30.083000+00:00
2026-09-19,2026-09-19,True,False,Santa Cruz,GASOLINA ESPECIAL + (S/DSI),15000.0,L,ESTACION DE SERVICIO 3F OIL S.R.L.,953-UFL,Gasolina Especial +,GASOLINA_ESPECIAL_MAS,Ciudad,2026-09-19T20:57:43.530000+00:00
2026-09-19,2026-09-19,True,False,Santa Cruz,GASOLINA ESPECIAL + (S/DSI),15000.0,L,Z & Z LTDA,110-IYX,Gasolina Especial +,GASOLINA_ESPECIAL_MAS,Ciudad,2026-09-19T20:55:45.047000+00:00
2026-09-19,2026-09-19,True,False,Santa Cruz,DIESEL OIL IMPORTADO EESS,10000.0,L,ESTACION DE SERVICIO QUINTO ANILLO S.R.L.,558-XDK,Diesel Oil Importado,DIESEL_IMPORTADO,Ciudad,2026-09-19T20:53:37.203000+00:00
2026-09-19,2026-09-19,True,False,Santa Cruz,DIESEL OIL IMPORTADO EESS,20000.0,L,ESTACION DE SERVICIO QUINTO ANILLO S.R.L.,558-XDK,Diesel Oil Importado,DIESEL_IMPORTADO,Ciudad,2026-09-19T20:53:37.203000+00:00
2026-09-19,2026-09-19,True,False,Santa Cruz,GASOLINA ESPECIAL + (S/DSI),19900.0,L,ESTACION DE SERVICIO LA CIMA,297-ACK,Gasolina Especial +,GASOLINA_ESPECIAL_MAS,Ciudad,2026-09-19T20:45:25.807000+00:00
2026-09-19,2026-09-18,True,True,Santa Cruz,GASOLINA ESPECIAL + (S/DSI),15000.0,L,SURTIDOR CLUBOL - RUTH JIMENEZ DE MONROY,5312-NXE,Gasolina Especial +,GASOLINA_ESPECIAL_MAS,Ciudad,2026-09-19T19:49:40.313000+00:00
2026-09-19,2026-09-19,True,False,Santa Cruz,GASOLINA ESPECIAL + (S/DSI),15000.0,L,ESTACION DE SERVICIO CLUB GAZEL S.R.L.,2120-PKF,Gasolina Especial +,GASOLINA_ESPECIAL_MAS,Ciudad,2026-09-19T20:43:23.267000+00:00
2026-09-19,2026-09-19,True,False,Santa Cruz,DIESEL OIL IMPORTADO EESS,10000.0,L,ESTACION DE SERVICIO MORAGRANDE S.R.L.,1893-NTP,Diesel Oil Importado,DIESEL_IMPORTADO,Ciudad,2026-09-19T20:41:05.450000+00:00
2026-09-19,2026-09-19,True,False,Santa Cruz,DIESEL OIL IMPORTADO EESS,10000.0,L,ESTACION DE SERVICIO MORAGRANDE S.R.L. (SUC 1),1893-NTP,Diesel Oil Importado,DIESEL_IMPORTADO,Ciudad,2026-09-19T20:41:05.450000+00:00
2026-09-19,2026-09-19,True,False,Santa Cruz,GASOLINA ESPECIAL + (S/DSI),15000.0,L,ESTACION DE SERVICIO SANTA MARIA,1044-PLP,Gasolina Especial +,GASOLINA_ESPECIAL_MAS,Ciudad,2026-09-19T20:38:12.060000+00:00
2026-09-19,2026-09-19,True,False,Santa Cruz,GASOLINA ESPECIAL + (S/DSI),15000.0,L,ESTACION DE SERVICIO PALMASOLA,1044-PLP,Gasolina Especial +,GASOLINA_ESPECIAL_MAS,Ciudad,2026-09-19T20:38:12.060000+00:00
2026-09-19,2026-09-19,True,False,Santa Cruz,GASOLINA ESPECIAL + (S/DSI),15000.0,L,ESTACION DE SERVICIO MONTAÑO S.R.L.,3031-PAN,Gasolina Especial +,GASOLINA_ESPECIAL_MAS,Ciudad,2026-09-19T20:28:53.577000+00:00
2026-09-19,2026-09-19,True,False,Santa Cruz,DIESEL OIL IMPORTADO EESS,15000.0,L,ESTACION DE SERVICIO LAS ORQUIDEAS S.R.L.,5351-UAG,Diesel Oil Importado,DIESEL_IMPORTADO,Ciudad,2026-09-19T20:25:42.310000+00:00
2026-09-19,2026-09-19,True,False,Santa Cruz,DIESEL OIL IMPORTADO EESS,25000.0,L,ESTACION DE SERVICIO LOS MANGALES S.R.L.,1005-XLH,Diesel Oil Importado,DIESEL_IMPORTADO,Ciudad,2026-09-19T20:24:14.437000+00:00
2026-09-19,2026-09-19,True,False,Santa Cruz,GASOLINA ESPECIAL + EESS,15000.0,L,ESTACION DE SERVICIO RUTA NORTE S.R.L.,3994-CKU,Gasolina Especial +,GASOLINA_ESPECIAL_MAS,Provincia,2026-09-19T20:22:10.577000+00:00
2026-09-19,2026-09-19,True,False,Santa Cruz,GASOLINA ESPECIAL + (S/DSI),15000.0,L,ESTACION DE SERVICIO LOS COYUYOS-JULIA GONZALES,3994-CKU,Gasolina Especial +,GASOLINA_ESPECIAL_MAS,Ciudad,2026-09-19T20:22:10.577000+00:00
2026-09-19,2026-09-19,True,False,Santa Cruz,GASOLINA ESPECIAL + EESS,20000.0,L,GOTEON S.R.L.,453-IYH,Gasolina Especial +,GASOLINA_ESPECIAL_MAS,Provincia,2026-09-19T20:19:13.967000+00:00
2026-09-19,2026-09-19,True,False,Santa Cruz,GASOLINA ESPECIAL + (S/DSI),15000.0,L,"EMPRESA DAVILA IMPORTADORA-EXPORTADORA S.R.L. ""DAIMPORT - EXPORT LTDA""",846-IXK,Gasolina Especial +,GASOLINA_ESPECIAL_MAS,Ciudad,2026-09-19T20:11:16.007000+00:00
2026-09-19,2026-09-19,True,False,Santa Cruz,DIESEL OIL IMPORTADO EESS,15000.0,L,ESTACION DE SERVICIO PANTANAL DEL ORIENTE-ALVARO LUIS AGUILAR ADRIAZOLA,2497-AFH,Diesel Oil Importado,DIESEL_IMPORTADO,Ciudad,2026-09-19T19:59:55.507000+00:00
2026-09-19,2026-09-19,True,False,Santa Cruz,GASOLINA ESPECIAL + (S/DSI),15000.0,L,ESTACION DE SERVICIO GUAYACAN S.R.L.,727-YTY,Gasolina Especial +,GASOLINA_ESPECIAL_MAS,Ciudad,2026-09-19T19:57:54.047000+00:00
2026-09-19,2026-09-19,True,False,Santa Cruz,GASOLINA ESPECIAL + (S/DSI),15000.0,L,ESTACION DE SERVICIO REYNALDO CORTEZ QUISPE,5312-NXE,Gasolina Especial +,GASOLINA_ESPECIAL_MAS,Ciudad,2026-09-19T19:49:40.313000+00:00
2026-09-19,2026-09-19,True,False,Santa Cruz,GASOLINA ESPECIAL + (S/DSI),15000.0,L,ESTACION DE SERVICIO EL TERO TERO DE CHICHITA - RODRIGO REMY AQUINO ALVARADO,2468-GTE,Gasolina Especial +,GASOLINA_ESPECIAL_MAS,Ciudad,2026-09-19T19:46:58.973000+00:00
2026-09-19,2026-09-19,True,False,Santa Cruz,GASOLINA ESPECIAL + (S/DSI),15000.0,L,BICENTENARIO SRL,2229-HLP,Gasolina Especial +,GASOLINA_ESPECIAL_MAS,,2026-09-19T19:39:14.080000+00:00
2026-09-19,2026-09-19,True,False,Santa Cruz,GLP DISTRIB. 10 KILOS NAL,11610.0,L,DIST. GLP. ALTAMARGAS Juan Pablo Melgarejo Iriarte,6683-TRA,GLP,GLP,,
2026-09-19,2026-09-19,True,False,Santa Cruz,GLP DISTRIB. 10 KILOS NAL,10680.0,L,DIST.GLP.CAMPO GAS-ELSA FELICIDAD USCAMAYTA CHOQUE DE TAPIA,324 - TXH,GLP,GLP,,
2026-09-19,2026-09-19,True,False,Santa Cruz,GLP DISTRIB. 10 KILOS NAL,11520.0,L,CARMEN R. MELGAREJO GONZALES - DIST. CENTRO GAS,2832-PDP,GLP,GLP,,
2026-09-19,2026-09-19,True,False,Santa Cruz,GLP DISTRIB. 10 KILOS NAL,11190.0,L,CARMEN R. MELGAREJO GONZALES - DIST. CENTRO GAS,515-HGI,GLP,GLP,,
2026-09-19,2026-09-19,True,False,Santa Cruz,GLP DISTRIB. 45 KILOS NAL,4050.0,L,SOPESE S.R.L.,6393-FTT,GLP,GLP,,
2026-09-19,2026-09-19,True,False,Santa Cruz,GLP DISTRIB. 10 KILOS NAL,8040.0,L,SOPESE S.R.L.,5741-ADC,GLP,GLP,,
2026-09-19,2026-09-19,True,False,Santa Cruz,GLP DISTRIB. 10 KILOS NAL,6330.0,L,SOPESE S.R.L.,5268-EKA,GLP,GLP,,
2026-09-19,2026-09-19,True,False,Santa Cruz,GLP DISTRIB. 45 KILOS NAL,3600.0,L,DIST. GLP. VALLE GAS - Nancy Arteaga de Lazo,3040-NGN,GLP,GLP,,
2026-09-19,2026-09-19,True,False,Santa Cruz,GLP DISTRIB. 10 KILOS NAL,12150.0,L,DIST. GLP. VALLE GAS - Nancy Arteaga de Lazo,475-RHN,GLP,GLP,,
2026-09-19,2026-09-19,True,False,Santa Cruz,GLP DISTRIB. 10 KILOS NAL,13200.0,L,JYRL GAS - LOURDES MORALES DE QUIROZ,302-HDB,GLP,GLP,,
2026-09-19,2026-09-19,True,False,Santa Cruz,GLP DISTRIB. 10 KILOS NAL,10530.0,L,JYRL GAS - LOURDES MORALES DE QUIROZ,1892-EBR,GLP,GLP,,
2026-09-19,2026-09-18,True,True,Santa Cruz,GLP DISTRIB. 45 KILOS NAL,2250.0,L,CARMEN R. MELGAREJO GONZALES - DIST. CENTRO GAS,6663-IUD,GLP,GLP,,
2026-09-19,2026-09-18,True,True,Santa Cruz,GLP DISTRIB. 10 KILOS NAL,11200.0,L,DIST. GLP. CRUCEÑITA VASA S.R.L.,2492-YHT,GLP,GLP,,
2026-09-19,2026-09-17,True,True,Santa Cruz,GLP DISTRIB. 45 KILOS NAL,4500.0,L,DIST. GLP. ALTAMARGAS Juan Pablo Melgarejo Iriarte,3586-ITS,GLP,GLP,,
2026-09-19,2026-09-17,True,True,Santa Cruz,GLP DISTRIB. 10 KILOS NAL,10530.0,L,SOPESE S.R.L.,578-IEC,GLP,GLP,,
2026-09-19,2026-09-19,True,False,Santa Cruz,GASOLINA ESPECIAL + (S/DSI),20000.0,L,R&E 3000 S.R.L.,1197-ATI,Gasolina Especial +,GASOLINA_ESPECIAL_MAS,Ciudad,2026-09-19T19:32:47.720000+00:00
2026-09-19,2026-09-19,True,False,Santa Cruz,GASOLINA ESPECIAL + (S/DSI),15000.0,L,ESTACION DE SERVICIO MORAGRANDE S.R.L.,2483-HBD,Gasolina Especial +,GASOLINA_ESPECIAL_MAS,Ciudad,2026-09-19T19:27:33.177000+00:00
2026-09-19,2026-09-19,True,False,Santa Cruz,GASOLINA ESPECIAL + (S/DSI),20000.0,L,ESTACION DE SERVICIO MORAGRANDE S.R.L. (SUC 1),2483-HBD,Gasolina Especial +,GASOLINA_ESPECIAL_MAS,Ciudad,2026-09-19T19:27:33.177000+00:00
2026-09-19,2026-09-19,True,False,Santa Cruz,GASOLINA ESPECIAL + (S/DSI),15000.0,L,ESTACION DE SERVICIO EL TAROPE - JHONNY AGUILAR ADRIAZOLA,1745-PCU,Gasolina Especial +,GASOLINA_ESPECIAL_MAS,Ciudad,2026-09-19T19:16:54.523000+00:00
2026-09-19,2026-09-19,True,False,Santa Cruz,GASOLINA ESPECIAL + (S/DSI),15000.0,L,YVU CENTRO DE SERVICIOS Y COMERCIO S.R.L.,1060-PIT,Gasolina Especial +,GASOLINA_ESPECIAL_MAS,Ciudad,2026-09-19T19:14:41.007000+00:00
2026-09-19,2026-09-19,True,False,Santa Cruz,GASOLINA ESPECIAL + EESS,20000.0,L,ESTACION DE SERVICIO SUR S.R.L. SUCURSAL MONTE VERDE,1095-ZCK,Gasolina Especial +,GASOLINA_ESPECIAL_MAS,Provincia,2026-09-19T19:10:02.187000+00:00
2026-09-19,2026-09-19,True,False,Santa Cruz,GASOLINA ESPECIAL + EESS,20000.0,L,ESTACION DE SERVICIO LA CUEVA - ROLANDO CHAVEZ VACA,4803-IRB,Gasolina Especial +,GASOLINA_ESPECIAL_MAS,Provincia,2026-09-19T19:07:26.477000+00:00
2026-09-19,2026-09-19,True,False,Santa Cruz,GASOLINA ESPECIAL + EESS,15000.0,L,ESTACION DE SERVICIO EL MIRADOR - SONIA SORUCO ROCA,4803-IRB,Gasolina Especial +,GASOLINA_ESPECIAL_MAS,Provincia,2026-09-19T19:07:26.477000+00:00
2026-09-19,2026-09-19,True,False,Santa Cruz,GASOLINA ESPECIAL + EESS,20000.0,L,ESTACION DE SERVICIO LA GUARDIA,1803-YHK,Gasolina Especial +,GASOLINA_ESPECIAL_MAS,Provincia,2026-09-19T18:59:13.653000+00:00
2026-09-19,2026-09-19,True,False,Santa Cruz,GASOLINA ESPECIAL + EESS,20000.0,L,ABERI SRL,1408-PLU,Gasolina Especial +,GASOLINA_ESPECIAL_MAS,Provincia,2026-09-19T18:42:05.043000+00:00
2026-09-19,2026-09-19,True,False,Santa Cruz,GASOLINA ESPECIAL + EESS,5000.0,L,ESTACION DE SERVICIO SOMOS GAS SRL,2257-EEE,Gasolina Especial +,GASOLINA_ESPECIAL_MAS,Provincia,2026-09-19T18:38:45.860000+00:00
2026-09-19,2026-09-19,True,False,Santa Cruz,GASOLINA ESPECIAL + EESS,20000.0,L,ESTACION DE SERVICIO SOMOS GAS SRL,2257-EEE,Gasolina Especial +,GASOLINA_ESPECIAL_MAS,Provincia,2026-09-19T18:38:45.860000+00:00
2026-09-19,2026-09-19,True,False,Santa Cruz,GASOLINA ESPECIAL + EESS,20000.0,L,ESTACION DE SERVICIO VALLES CRUCEÑOS,1100-GFG,Gasolina Especial +,GASOLINA_ESPECIAL_MAS,Provincia,2026-09-19T18:29:08.457000+00:00
2026-09-19,2026-09-19,True,False,Santa Cruz,GASOLINA ESPECIAL + EESS,20000.0,L,ESTACION DE SERVICIO EL BATO,1502-UIR,Gasolina Especial +,GASOLINA_ESPECIAL_MAS,Provincia,2026-09-19T18:26:15.917000+00:00
2026-09-19,2026-09-19,True,False,Santa Cruz,GASOLINA ESPECIAL + (S/DSI),20000.0,L,ESTACION DE SERVICIO LA COLORADA,2434-YRP,Gasolina Especial +,GASOLINA_ESPECIAL_MAS,Ciudad,2026-09-19T18:11:15.130000+00:00
2026-09-19,2026-09-19,True,False,Santa Cruz,GASOLINA ESPECIAL + (S/DSI),20000.0,L,ESTACION DE SERVICIO BI-OCEANICA S.R.L.,4096-LDR,Gasolina Especial +,GASOLINA_ESPECIAL_MAS,Ciudad,2026-09-19T18:04:41.753000+00:00
2026-09-19,2026-09-19,True,False,Santa Cruz,GASOLINA ESPECIAL + (S/DSI),15000.0,L,ESTACION DE SERVICIO LOS MANGALES S.R.L.,1299-GNA,Gasolina Especial +,GASOLINA_ESPECIAL_MAS,Ciudad,2026-09-19T18:02:56.280000+00:00
2026-09-19,2026-09-19,True,False,Santa Cruz,GASOLINA ESPECIAL + (S/DSI),15000.0,L,ESTACION DE SERVICIO EL ARROYO S.R.L.,1299-GNA,Gasolina Especial +,GASOLINA_ESPECIAL_MAS,Ciudad,2026-09-19T18:02:56.280000+00:00
2026-09-19,2026-09-19,True,False,Santa Cruz,GASOLINA ESPECIAL + (S/DSI),20000.0,L,ESTACION DE SERVICIO PANTANAL DEL ORIENTE-ALVARO LUIS AGUILAR ADRIAZOLA,584-RKD,Gasolina Especial +,GASOLINA_ESPECIAL_MAS,Ciudad,2026-09-19T17:52:32.347000+00:00
2026-09-19,2026-09-19,True,False,Santa Cruz,GASOLINA ESPECIAL + (S/DSI),20000.0,L,ESTACION DE SERVICIO YOTAU S.R.L.,3792-ENE,Gasolina Especial +,GASOLINA_ESPECIAL_MAS,Ciudad,2026-09-19T17:45:00.610000+00:00
2026-09-19,2026-09-19,True,False,Santa Cruz,GASOLINA ESPECIAL + (S/DSI),20000.0,L,ESTACION DE SERVICIO LAS ORQUIDEAS S.R.L.,711-XUH,Gasolina Especial +,GASOLINA_ESPECIAL_MAS,Ciudad,2026-09-19T17:35:45.087000+00:00
2026-09-19,2026-09-19,True,False,Santa Cruz,GASOLINA ESPECIAL + (S/DSI),15000.0,L,ESTACION DE SERVICIO QUINTO ANILLO S.R.L.,3018-UKU,Gasolina Especial +,GASOLINA_ESPECIAL_MAS,Ciudad,2026-09-19T17:32:20.777000+00:00
2026-09-19,2026-09-17,True,True,Santa Cruz,GASOLINA ESPECIAL + EESS,20000.0,L,ESTACION DE SERVICIO PIRAI S.R.L. SUCURSAL 1,4410-LAU,Gasolina Especial +,GASOLINA_ESPECIAL_MAS,Provincia,2026-09-19T17:27:40.073000+00:00
2026-09-19,2026-09-19,True,False,Santa Cruz,GASOLINA ESPECIAL + (S/DSI),20000.0,L,ESTACION DE SERVICIO ORSA SRL-SUCURSAL 1,5583-ADI,Gasolina Especial +,GASOLINA_ESPECIAL_MAS,Provincia,2026-09-19T16:42:59.510000+00:00
2026-09-19,2026-09-19,True,False,Santa Cruz,GASOLINA ESPECIAL + (S/DSI),15000.0,L,ESTACION DE SERVICIO ORSA S.R.L.,5583-ADI,Gasolina Especial +,GASOLINA_ESPECIAL_MAS,Ciudad,2026-09-19T16:42:59.510000+00:00
2026-09-19,2026-09-19,True,False,Santa Cruz,GASOLINA ESPECIAL + (S/DSI),20000.0,L,ESTACION DE SERVICIO RIVERO - LUIS ANTONIO RIVERO AÑEZ,681-FDU,Gasolina Especial +,GASOLINA_ESPECIAL_MAS,Ciudad,2026-09-19T16:11:54.897000+00:00
2026-09-19,2026-09-19,True,False,Santa Cruz,GASOLINA ESPECIAL + (S/DSI),20000.0,L,ESTACION DE SERVICIO TOTAITU N&T S.R.L.,3598-NKD,Gasolina Especial +,GASOLINA_ESPECIAL_MAS,Ciudad,2026-09-19T15:49:56.777000+00:00
2026-09-19,2026-09-18,True,True,Santa Cruz,GASOLINA ESPECIAL + (S/DSI),15000.0,L,GENEX S.A SUCURSAL SANTA CRUZ ZONA SANTA ROSA,878-ENK,Gasolina Especial +,GASOLINA_ESPECIAL_MAS,Ciudad,2026-09-19T15:23:12.913000+00:00
2026-09-18,,True,False,Santa Cruz,DIESEL OIL,15000.0,L,YPFB,085-ULB,Diesel Oil Nacional,DIESEL_NACIONAL,,2026-09-18T18:55:46.393000+00:00
2026-09-18,,True,False,Santa Cruz,GASOLINA ESPECIAL,5000.0,L,YPFB,085-ULB,Gasolina Especial,GASOLINA_ESPECIAL,,2026-09-18T18:55:46.393000+00:00
2026-09-18,2024-02-01,True,True,Santa Cruz,GLP DISTRIB. 10 KILOS NAL,12000.0,L,JYRL GAS - LOURDES MORALES DE QUIROZ,2386-NXU,GLP,GLP,,2026-09-18T14:11:14.587000+00:00
2026-09-18,2026-09-17,True,True,Santa Cruz,GASOLINA ESPECIAL + EESS,10000.0,L,ESTACION DE SERVICIO GASOCONCE - ENRIQUE SERAFIN SUAREZ CASTEDO,1105-YXR,Gasolina Especial +,GASOLINA_ESPECIAL_MAS,Provincia,2026-09-19T04:16:02.367000+00:00
2026-09-18,2026-09-15,True,True,Santa Cruz,GASOLINA ESPECIAL + EESS,15000.0,L,ESTACION DE SERVICIO GASOCONCE - ENRIQUE SERAFIN SUAREZ CASTEDO,1105-YXR,Gasolina Especial +,GASOLINA_ESPECIAL_MAS,Provincia,2026-09-19T04:16:02.367000+00:00
2026-09-18,2026-09-18,True,False,Santa Cruz,GASOLINA ESPECIAL + (S/DSI),15000.0,L,ESTACION DE SERVICIO PIRAI S.R.L.,4108-GPL,Gasolina Especial +,GASOLINA_ESPECIAL_MAS,Ciudad,2026-09-19T04:09:43.020000+00:00
2026-09-18,2026-09-18,True,False,Santa Cruz,GASOLINA ESPECIAL + (S/DSI),15000.0,L,ESTACION DE SERVICIO REFINERIA ORIENTAL S.A. - SUC. ZONA 4° ANILLO FRENTE A BUFALO PARK - SC,4108-GPL,Gasolina Especial +,GASOLINA_ESPECIAL_MAS,Ciudad,2026-09-19T04:09:43.020000+00:00
2026-09-18,,True,False,Santa Cruz,DIESEL OIL,20000.0,L,YPFB ICA,2829-TND,Diesel Oil Nacional,DIESEL_NACIONAL,,2026-09-19T03:34:09.863000+00:00
2026-09-18,2026-09-17,True,True,Santa Cruz,GASOLINA ESPECIAL + (S/DSI),20000.0,L,SURTIDOR CLUBOL - RUTH JIMENEZ DE MONROY,5312-NXE,Gasolina Especial +,GASOLINA_ESPECIAL_MAS,Ciudad,2026-09-19T02:55:57.840000+00:00
2026-09-18,2026-09-18,True,False,Santa Cruz,DIESEL OIL NACIONAL EESS,20000.0,L,ESTACION DE SERVICIO ICHILO SRL,2076-CUF,Diesel Oil Nacional,DIESEL_NACIONAL,Provincia,2026-09-19T02:49:05.013000+00:00
2026-09-18,2026-09-17,True,True,Santa Cruz,GASOLINA ESPECIAL + (S/DSI),15000.0,L,ESTACION DE SERVICIO SAN LUIS I,543-PUY,Gasolina Especial +,GASOLINA_ESPECIAL_MAS,Ciudad,2026-09-19T02:39:51.940000+00:00
2026-09-18,,True,False,Santa Cruz,GASOLINA ESPECIAL,15000.0,L,YPFB,475-HTL,Gasolina Especial,GASOLINA_ESPECIAL,,2026-09-19T01:00:49.990000+00:00
2026-09-18,,True,False,Santa Cruz,DIESEL OIL,20000.0,L,YPFB,475-HTL,Diesel Oil Nacional,DIESEL_NACIONAL,,2026-09-19T01:00:49.990000+00:00
2026-09-18,,True,False,Santa Cruz,DIESEL OIL,34000.0,L,YPFB ICA,1101-DXI,Diesel Oil Nacional,DIESEL_NACIONAL,,2026-09-19T00:57:42.053000+00:00
2026-09-18,,True,False,Santa Cruz,DIESEL OIL,30000.0,L,YPFB ICA,1709-CKA,Diesel Oil Nacional,DIESEL_NACIONAL,,2026-09-19T00:51:49.787000+00:00
2026-09-18,,True,False,Santa Cruz,GASOLINA ESPECIAL,20000.0,L,YPFB,4490-DHH,Gasolina Especial,GASOLINA_ESPECIAL,,2026-09-19T00:42:39.140000+00:00
2026-09-18,,True,False,Santa Cruz,DIESEL OIL,19000.0,L,YPFB ICA,6683-LEG,Diesel Oil Nacional,DIESEL_NACIONAL,,2026-09-18T22:40:27.230000+00:00
2026-09-20,2026-09-20,True,False,Santa Cruz,GASOLINA ESPECIAL + (S/DSI),15000.0,L,ESTACION DE SERVICIO EL TAROPE - JHONNY AGUILAR ADRIAZOLA,1745-PCU,Gasolina Especial +,GASOLINA_ESPECIAL_MAS,Ciudad,
2026-09-20,2026-09-19,True,True,Santa Cruz,DIESEL OIL IMPORTADO EESS,10000.0,L,ESTACION DE SERVICIO EL TROMPILLO,380-GDB,Diesel Oil Importado,DIESEL_IMPORTADO,Ciudad,2026-09-20T14:21:13.350000+00:00
2026-09-20,2026-09-19,True,True,Santa Cruz,DIESEL OIL IMPORTADO EESS,20000.0,L,VANGAS S.A,380-GDB,Diesel Oil Importado,DIESEL_IMPORTADO,Ciudad,2026-09-20T14:21:13.350000+00:00
2026-09-20,2026-09-20,True,False,Santa Cruz,GASOLINA ESPECIAL + (S/DSI),20000.0,L,YVU CENTRO DE SERVICIOS Y COMERCIO S.R.L.,1060-PIT,Gasolina Especial +,GASOLINA_ESPECIAL_MAS,Ciudad,
2026-09-20,2026-09-20,True,False,Santa Cruz,GASOLINA ESPECIAL + (S/DSI),20000.0,L,R&E 3000 S.R.L.,1197-ATI,Gasolina Especial +,GASOLINA_ESPECIAL_MAS,Ciudad,
2026-09-20,2026-09-19,True,True,Santa Cruz,DIESEL OIL IMPORTADO EESS,10000.0,L,ESTACION DE SERVICIO SAN LUIS,244-ANI,Diesel Oil Importado,DIESEL_IMPORTADO,Ciudad,2026-09-20T13:38:21.683000+00:00
2026-09-20,2026-09-19,True,True,Santa Cruz,DIESEL OIL IMPORTADO EESS,10000.0,L,ESTACION DE SERVICIO SAN LUIS I,244-ANI,Diesel Oil Importado,DIESEL_IMPORTADO,Ciudad,2026-09-20T13:38:21.683000+00:00
2026-09-20,2026-09-20,True,False,Santa Cruz,GASOLINA ESPECIAL + (S/DSI),15000.0,L,ESTACION DE SERVICIO ORSA S.R.L.,5583-ADI,Gasolina Especial +,GASOLINA_ESPECIAL_MAS,Ciudad,
2026-09-20,2026-09-20,True,False,Santa Cruz,GASOLINA ESPECIAL + (S/DSI),20000.0,L,ESTACION DE SERVICIO ORSA SRL-SUCURSAL 1,5583-ADI,Gasolina Especial +,GASOLINA_ESPECIAL_MAS,Provincia,
2026-09-20,2026-09-20,True,False,Santa Cruz,GASOLINA ESPECIAL + (S/DSI),20000.0,L,"EMPRESA DAVILA IMPORTADORA-EXPORTADORA S.R.L. ""DAIMPORT - EXPORT LTDA""",1189-IUF,Gasolina Especial +,GASOLINA_ESPECIAL_MAS,Ciudad,
2026-09-20,2026-09-19,True,True,Santa Cruz,GASOLINA ESPECIAL + (S/DSI),15000.0,L,GENEX S.A SUCURSAL SANTA CRUZ ZONA SANTA ROSA,1166-FCU,Gasolina Especial +,GASOLINA_ESPECIAL_MAS,Ciudad,
2026-09-20,2026-09-19,True,True,Santa Cruz,GASOLINA ESPECIAL + (S/DSI),15000.0,L,GENEX S.A SUCURSAL SANTA CRUZ ZONA LA RAMADA,1166-FCU,Gasolina Especial +,GASOLINA_ESPECIAL_MAS,Ciudad,
2026-09-20,2026-09-20,True,False,Santa Cruz,GASOLINA ESPECIAL + (S/DSI),20000.0,L,ESTACION DE SERVICIO RIVERO - LUIS ANTONIO RIVERO AÑEZ,681-FDU,Gasolina Especial +,GASOLINA_ESPECIAL_MAS,Ciudad,
2026-09-20,2026-09-20,True,False,Santa Cruz,GASOLINA ESPECIAL + (S/DSI),30000.0,L,ESTACION DE SERVICIO TOTAITU N&T S.R.L.,3598-NKD,Gasolina Especial +,GASOLINA_ESPECIAL_MAS,Ciudad,
2026-09-20,2026-09-20,True,False,Santa Cruz,GASOLINA ESPECIAL + (S/DSI),30000.0,L,ESTACION DE SERVICIO PANTANAL DEL ORIENTE-ALVARO LUIS AGUILAR ADRIAZOLA,584-RKD,Gasolina Especial +,GASOLINA_ESPECIAL_MAS,Ciudad,
2026-09-20,2026-09-20,True,False,Santa Cruz,GASOLINA ESPECIAL + (S/DSI),30000.0,L,ESTACION DE SERVICIO BI-OCEANICA S.R.L.,4096-LDR,Gasolina Especial +,GASOLINA_ESPECIAL_MAS,Ciudad,
2026-09-20,2026-09-19,True,True,Santa Cruz,DIESEL OIL IMPORTADO EESS,10000.0,L,"ESTACION DE SERVICIO ""GUAPAY"" S.R.L.",447-PSY,Diesel Oil Importado,DIESEL_IMPORTADO,Ciudad,2026-09-20T10:43:15.723000+00:00
2026-09-20,2026-09-20,True,False,Santa Cruz,GASOLINA ESPECIAL + (S/DSI),20000.0,L,ESTACION DE SERVICIO QUINTO ANILLO S.R.L.,3018-UKU,Gasolina Especial +,GASOLINA_ESPECIAL_MAS,Ciudad,
2026-09-20,2026-09-20,True,False,Santa Cruz,GASOLINA ESPECIAL + (S/DSI),20000.0,L,ESTACION DE SERVICIO MORAGRANDE S.R.L.,1893-NTP,Gasolina Especial +,GASOLINA_ESPECIAL_MAS,Ciudad,
2026-09-20,2026-09-20,True,False,Santa Cruz,GASOLINA ESPECIAL + (S/DSI),20000.0,L,ESTACION DE SERVICIO MORAGRANDE S.R.L. (SUC 1),2483-HBD,Gasolina Especial +,GASOLINA_ESPECIAL_MAS,Ciudad,
2026-09-20,2026-09-20,True,False,Santa Cruz,GASOLINA ESPECIAL + (S/DSI),30000.0,L,ESTACION DE SERVICIO LOS MANGALES S.R.L.,1005-XLH,Gasolina Especial +,GASOLINA_ESPECIAL_MAS,Ciudad,
2026-09-20,2026-09-20,True,False,Santa Cruz,GASOLINA ESPECIAL + (S/DSI),30000.0,L,ESTACION DE SERVICIO EL ARROYO S.R.L.,1299-GNA,Gasolina Especial +,GASOLINA_ESPECIAL_MAS,Ciudad,
2026-09-20,2026-09-20,True,False,Santa Cruz,GASOLINA ESPECIAL + (S/DSI),10000.0,L,"EMPRESA DAVILA IMPORTADORA-EXPORTADORA S.R.L. ""DAIMPORT - EXPORT LTDA""",846-IXK,Gasolina Especial +,GASOLINA_ESPECIAL_MAS,Ciudad,
2026-09-19,,True,False,Santa Cruz,GASOLINA ESPECIAL,15000.0,L,YPFB,1999-BSG,Gasolina Especial,GASOLINA_ESPECIAL,,2026-09-20T05:19:22.970000+00:00
2026-09-19,2026-09-18,True,True,Santa Cruz,GASOLINA ESPECIAL EESS,20000.0,L,ESTACION DE SERVICIO DICOR S.R.L.,583-PTR,Gasolina Especial,GASOLINA_ESPECIAL,Ciudad,2026-09-20T04:56:22.440000+00:00
2026-09-19,2026-09-18,True,True,Santa Cruz,GASOLINA ESPECIAL EESS,10000.0,L,ESTACION DE SERVICIO EMANUEL S.R.L.,3853-BSD,Gasolina Especial,GASOLINA_ESPECIAL,Ciudad,2026-09-20T04:35:43.437000+00:00
2026-09-19,2026-09-19,True,False,Santa Cruz,GASOLINA ESPECIAL + EESS,20000.0,L,ESTACION DE SERVICIO ICHILO SRL,2076-CUF,Gasolina Especial +,GASOLINA_ESPECIAL_MAS,Provincia,2026-09-20T04:25:04.527000+00:00
2026-09-19,,True,False,Santa Cruz,GASOLINA ESPECIAL,10000.0,L,YPFB,1271-HPG,Gasolina Especial,GASOLINA_ESPECIAL,,2026-09-20T04:15:54.687000+00:00
2026-09-19,2026-09-18,True,True,Santa Cruz,GASOLINA ESPECIAL EESS,20000.0,L,ESTACION DE SERVICIO REYNALDO CORTEZ QUISPE,5312-NXE,Gasolina Especial,GASOLINA_ESPECIAL,Ciudad,2026-09-20T03:58:35.933000+00:00
2026-09-19,2026-09-19,True,False,Santa Cruz,GASOLINA ESPECIAL + EESS,20000.0,L,ESTACION DE SERVICIO FLORES-SIMONA FLORES FLORES,4059-FXU,Gasolina Especial +,GASOLINA_ESPECIAL_MAS,Provincia,2026-09-20T03:54:22.950000+00:00
2026-09-19,2026-09-19,True,False,Santa Cruz,GASOLINA ESPECIAL EESS,15000.0,L,SURTIDOR VARDONA - SUSANA POEHLMANN GARCIA,863-RUI,Gasolina Especial,GASOLINA_ESPECIAL,Ciudad,2026-09-20T03:51:59.900000+00:00
2026-09-19,2026-09-19,True,False,Santa Cruz,GASOLINA ESPECIAL + EESS,20000.0,L,COMPAÑIA COMERCIALIZADORA BOLIVIANA DE HIDROCARBUROS CONFI S.R.L.,2796-BKD,Gasolina Especial +,GASOLINA_ESPECIAL_MAS,Provincia,2026-09-20T03:50:27.710000+00:00
2026-09-19,2026-09-19,True,False,Santa Cruz,GASOLINA ESPECIAL + (S/DSI),15000.0,L,COMPAÑIA COMERCIAL DE GAS COMPRIMIDO C.G.C. S.R.L.,2511-RLA,Gasolina Especial +,GASOLINA_ESPECIAL_MAS,Ciudad,2026-09-20T03:47:14.787000+00:00
2026-09-19,,True,False,Santa Cruz,GASOLINA ESPECIAL,20000.0,L,YPFB,2829-TND,Gasolina Especial,GASOLINA_ESPECIAL,,2026-09-20T03:41:46.877000+00:00
2026-09-20,2026-09-19,True,True,Santa Cruz,GASOLINA ESPECIAL + (S/DSI),5000.0,L,ESTACION DE SERVICIO SANTOS DUMONT NOGALES,961-XHP,Gasolina Especial +,GASOLINA_ESPECIAL_MAS,Ciudad,2026-09-20T23:04:28.647000+00:00
2026-09-20,2026-09-20,True,False,Santa Cruz,GASOLINA ESPECIAL + EESS,20000.0,L,ESTACION DE SERVICIO ARACATACA,878-ENK,Gasolina Especial +,GASOLINA_ESPECIAL_MAS,Provincia,2026-09-21T00:02:02.190000+00:00
2026-09-20,2026-09-20,True,False,Santa Cruz,GASOLINA ESPECIAL + (S/DSI),20000.0,L,GENEX S.A. SUCURSAL ZONA NOR ESTE,863-XYY,Gasolina Especial +,GASOLINA_ESPECIAL_MAS,Ciudad,
2026-09-20,2026-09-20,True,False,Santa Cruz,DIESEL OIL NACIONAL EESS,10000.0,L,SURTIDOR EL PATUJU - ROGELIO LA FUENTE OLIVERA,1097-TFK,Diesel Oil Nacional,DIESEL_NACIONAL,Provincia,2026-09-20T23:32:20.697000+00:00
2026-09-20,2026-09-20,True,False,Santa Cruz,DIESEL OIL IMPORTADO EESS,5000.0,L,ESTACION DE SERVICIO SANTA MARIA,514-HAC,Diesel Oil Importado,DIESEL_IMPORTADO,Ciudad,2026-09-20T23:06:22.343000+00:00
2026-09-20,2026-09-20,True,False,Santa Cruz,DIESEL OIL IMPORTADO EESS,15000.0,L,ESTACION DE SERVICIO PALMASOLA,514-HAC,Diesel Oil Importado,DIESEL_IMPORTADO,Ciudad,2026-09-20T23:06:22.343000+00:00
2026-09-20,2026-09-20,True,False,Santa Cruz,DIESEL OIL NACIONAL EESS,25000.0,L,ESTACION DE SERVICIO PETRO VAL S.R.L.,1110-USS,Diesel Oil Nacional,DIESEL_NACIONAL,Provincia,2026-09-20T22:48:23.780000+00:00
2026-09-20,2026-09-19,True,True,Santa Cruz,GASOLINA ESPECIAL + EESS,20000.0,L,ESTACION DE SERVICIO ANTO - ANTONIO CARLOS LORGIO JUSTINIANO SANTOS,553-ESR,Gasolina Especial +,GASOLINA_ESPECIAL_MAS,Provincia,2026-09-20T22:40:45.963000+00:00
2026-09-20,2026-09-20,True,False,Santa Cruz,DIESEL OIL NACIONAL EESS,20000.0,L,ESTACION DE SERVICIO PIRAI S.R.L. SUCURSAL 1,1128-FUX,Diesel Oil Nacional,DIESEL_NACIONAL,Provincia,2026-09-20T22:35:02.580000+00:00
2026-09-20,2026-09-20,True,False,Santa Cruz,GASOLINA ESPECIAL + (S/DSI),20000.0,L,ESTACION DE SERVICIO DICOR S.R.L.,2359-ZUT,Gasolina Especial +,GASOLINA_ESPECIAL_MAS,Ciudad,2026-09-20T22:31:25.923000+00:00
2026-09-20,2026-09-20,True,False,Santa Cruz,GASOLINA ESPECIAL + EESS,20000.0,L,ESTACION DE SERVICIO DANA S.R.L.,5638-CXH,Gasolina Especial +,GASOLINA_ESPECIAL_MAS,Provincia,2026-09-20T22:18:18.417000+00:00
2026-09-20,2026-09-19,True,True,Santa Cruz,GASOLINA ESPECIAL + EESS,20000.0,L,ESTACION DE SERVICIO SAN JOSE DE YAPACANI S.R.L.,982-ZKH,Gasolina Especial +,GASOLINA_ESPECIAL_MAS,Provincia,2026-09-20T21:56:47.550000+00:00
2026-09-20,2026-09-20,True,False,Santa Cruz,DIESEL OIL IMPORTADO EESS,10000.0,L,ESTACION DE SERVICIO YOTAU S.R.L.,1066-ISS,Diesel Oil Importado,DIESEL_IMPORTADO,Ciudad,2026-09-20T22:04:28.653000+00:00
2026-09-20,2026-09-20,True,False,Santa Cruz,DIESEL OIL IMPORTADO EESS,20000.0,L,ESTACION DE SERVICIO YOTAU S.R.L.,1066-ISS,Diesel Oil Importado,DIESEL_IMPORTADO,Ciudad,2026-09-20T22:04:28.653000+00:00
2026-09-20,2026-09-20,True,False,Santa Cruz,DIESEL OIL NACIONAL EESS,5000.0,L,SURTIDOR SANTIAGUITO - E. FABIOLA TORRICO C.,2483-HPX,Diesel Oil Nacional,DIESEL_NACIONAL,Provincia,2026-09-20T22:02:44.090000+00:00
2026-09-20,2026-09-20,True,False,Santa Cruz,GASOLINA ESPECIAL + EESS,25000.0,L,SURTIDOR SANTIAGUITO - E. FABIOLA TORRICO C.,2483-HPX,Gasolina Especial +,GASOLINA_ESPECIAL_MAS,Provincia,2026-09-20T22:02:44.090000+00:00
2026-09-20,2026-09-20,True,False,Santa Cruz,GASOLINA ESPECIAL + (S/DSI),15000.0,L,ESTACION DE SERVICIO SUR S.R.L. SUCURSAL 2,437-KYY,Gasolina Especial +,GASOLINA_ESPECIAL_MAS,Ciudad,2026-09-20T21:53:52.687000+00:00
2026-09-20,2026-09-20,True,False,Santa Cruz,GASOLINA ESPECIAL + (S/DSI),20000.0,L,ESTACION DE SERVICIO SUR SRL SUCURSAL 3,437-KYY,Gasolina Especial +,GASOLINA_ESPECIAL_MAS,Ciudad,2026-09-20T21:53:52.687000+00:00
2026-09-20,2026-09-20,True,False,Santa Cruz,GASOLINA ESPECIAL + (S/DSI),10000.0,L,ESTACION DE SERVICIO RADIAL 10 - HUGO FLORERO ORELLANA,948-PYS,Gasolina Especial +,GASOLINA_ESPECIAL_MAS,Ciudad,
2026-09-20,2026-09-20,True,False,Santa Cruz,DIESEL OIL IMPORTADO EESS,10000.0,L,SURTIDOR CLUBOL - RUTH JIMENEZ DE MONROY,5312-NXE,Diesel Oil Importado,DIESEL_IMPORTADO,Ciudad,
2026-09-20,2026-09-20,True,False,Santa Cruz,DIESEL OIL NACIONAL EESS,20000.0,L,ESTACION DE SERVICIO MINERO-JHONNY QUINTEROS VASQUEZ,512-ZZA,Diesel Oil Nacional,DIESEL_NACIONAL,Provincia,2026-09-20T21:26:17.157000+00:00
2026-09-20,2026-09-20,True,False,Santa Cruz,GASOLINA ESPECIAL + (S/DSI),20000.0,L,GENEX S.A-SUCURSAL S.C ZONA GUARACACHI,878-ENK,Gasolina Especial +,GASOLINA_ESPECIAL_MAS,Ciudad,2026-09-20T21:24:16.367000+00:00
2026-09-20,2026-09-20,True,False,Santa Cruz,DIESEL OIL IMPORTADO EESS,25000.0,L,ESTACION DE SERVICIO REYNALDO CORTEZ QUISPE,5312-NXE,Diesel Oil Importado,DIESEL_IMPORTADO,Ciudad,2026-09-20T21:22:25.043000+00:00
2026-09-20,2026-09-20,True,False,Santa Cruz,GASOLINA ESPECIAL + (S/DSI),20000.0,L,ESTACION DE SERVICIO VERGARA - FABIOLA NOEMI ZORRILLO VERGARA,846-IXK,Gasolina Especial +,GASOLINA_ESPECIAL_MAS,Ciudad,
2026-09-20,2026-09-20,True,False,Santa Cruz,GASOLINA ESPECIAL + (S/DSI),15000.0,L,GENEX S.A SUCURSAL S.C ZONA GUALBERTO VILLARROEL,1169-YKS,Gasolina Especial +,GASOLINA_ESPECIAL_MAS,Ciudad,2026-09-20T21:07:39.470000+00:00
2026-09-20,2026-09-20,True,False,Santa Cruz,GASOLINA ESPECIAL + (S/DSI),20000.0,L,CIA BOLIVIANA DE GAS NATURAL COMPRIMIDO GENEX SA,1169-YKS,Gasolina Especial +,GASOLINA_ESPECIAL_MAS,Ciudad,2026-09-20T21:07:39.470000+00:00
2026-09-20,2026-09-20,True,False,Santa Cruz,GASOLINA ESPECIAL + (S/DSI),5000.0,L,CENTRO DE COMERCIO Y SERVICIOS VALDIVIA FERRUFINO S.R.L.,2330-NLD,Gasolina Especial +,GASOLINA_ESPECIAL_MAS,Ciudad,2026-09-20T21:03:24.390000+00:00
2026-09-20,2026-09-20,True,False,Santa Cruz,GASOLINA ESPECIAL + (S/DSI),15000.0,L,CENTRO DE COMERCIO Y SERVICIOS VALDIVIA FERRUFINO S.R.L.,2330-NLD,Gasolina Especial +,GASOLINA_ESPECIAL_MAS,Ciudad,2026-09-20T21:03:24.390000+00:00
2026-09-20,2026-09-20,True,False,Santa Cruz,DIESEL OIL IMPORTADO EESS,15000.0,L,CENTRO DE COMERCIO Y SERVICIOS VALDIVIA FERRUFINO S.R.L.,2330-NLD,Diesel Oil Importado,DIESEL_IMPORTADO,Ciudad,2026-09-20T21:03:24.390000+00:00
2026-09-20,2026-09-20,True,False,Santa Cruz,DIESEL OIL IMPORTADO EESS,10000.0,L,REFINERIA ORIENTAL S.A.-SUC. BARRIO LAZARETO,4410-LAU,Diesel Oil Importado,DIESEL_IMPORTADO,Ciudad,2026-09-20T21:00:33.473000+00:00
2026-09-20,2026-09-20,True,False,Santa Cruz,DIESEL OIL IMPORTADO EESS,15000.0,L,ESTACION DE SERVICIO MONTAÑO S.R.L.,3031-PAN,Diesel Oil Importado,DIESEL_IMPORTADO,Ciudad,2026-09-20T20:50:11.853000+00:00
2026-09-20,2026-09-20,True,False,Santa Cruz,DIESEL OIL NACIONAL EESS,20000.0,L,ESTACION DE SERVICIO LOS BIBOSIS S.R.L.,5631-AZA,Diesel Oil Nacional,DIESEL_NACIONAL,Provincia,2026-09-20T20:48:47.267000+00:00
2026-09-20,2026-09-19,True,True,Santa Cruz,GASOLINA ESPECIAL + EESS,20000.0,L,D-GAS S.A. SUCURSAL SANTA CRUZ,2511-RLA,Gasolina Especial +,GASOLINA_ESPECIAL_MAS,Provincia,2026-09-20T20:38:45.820000+00:00
2026-09-20,,True,False,Santa Cruz,GASOLINA ESPECIAL,20000.0,L,YPFB,626-RAT,Gasolina Especial,GASOLINA_ESPECIAL,,2026-09-20T20:42:25.250000+00:00
2026-09-20,2026-09-20,True,False,Santa Cruz,GASOLINA ESPECIAL + (S/DSI),20000.0,L,GENEX S.A SUCURSAL SANTA CRUZ ZONA ESTE,1166-FCU,Gasolina Especial +,GASOLINA_ESPECIAL_MAS,Ciudad,2026-09-20T20:28:12.633000+00:00
2026-09-20,2026-09-20,True,False,Santa Cruz,GASOLINA ESPECIAL + (S/DSI),15000.0,L,ESTACION DE SERVICIO EL TROMPILLO,1166-FCU,Gasolina Especial +,GASOLINA_ESPECIAL_MAS,Ciudad,2026-09-20T20:28:12.633000+00:00
2026-09-20,2026-09-20,True,False,Santa Cruz,DIESEL OIL IMPORTADO EESS,10000.0,L,Z & Z LTDA,110-IYX,Diesel Oil Importado,DIESEL_IMPORTADO,Ciudad,2026-09-20T20:21:57.773000+00:00
2026-09-20,2026-09-20,True,False,Santa Cruz,GASOLINA ESPECIAL + (S/DSI),15000.0,L,REFINERIA ORIENTAL S.A. SUCURSAL MONTECRISTO,1390-DBC,Gasolina Especial +,GASOLINA_ESPECIAL_MAS,Ciudad,2026-09-20T20:16:18.410000+00:00
2026-09-20,2026-09-20,True,False,Santa Cruz,GASOLINA ESPECIAL + (S/DSI),20000.0,L,ESTACION DE SERVICIO SUR S.R.L.-SUCURSAL ESTACION DE SERVICIO LA TECA,1390-DBC,Gasolina Especial +,GASOLINA_ESPECIAL_MAS,Ciudad,2026-09-20T20:16:18.410000+00:00
2026-09-20,2026-09-20,True,False,Santa Cruz,DIESEL OIL IMPORTADO EESS,20000.0,L,YVU CENTRO DE SERVICIOS Y COMERCIO S.R.L.,1060-PIT,Diesel Oil Importado,DIESEL_IMPORTADO,Ciudad,2026-09-20T20:13:50.683000+00:00
2026-09-20,2026-09-20,True,False,Santa Cruz,GASOLINA ESPECIAL + (S/DSI),20000.0,L,REFINERIA ORIENTAL S.A.-SUC. TERCER ANILLO INTERNO FRENTE CANCHITA ROYAL,1113-EAA,Gasolina Especial +,GASOLINA_ESPECIAL_MAS,Ciudad,
2026-09-20,2026-09-20,True,False,Santa Cruz,GASOLINA ESPECIAL + EESS,20000.0,L,ESTACION DE SERVICIO ORTIZ S.R.L.,2506-IHP,Gasolina Especial +,GASOLINA_ESPECIAL_MAS,Provincia,2026-09-20T19:56:37.857000+00:00
2026-09-20,2026-09-20,True,False,Santa Cruz,DIESEL OIL IMPORTADO EESS,20000.0,L,ESTACION DE SERVICIO GUAYACAN S.R.L.,1190-YPG,Diesel Oil Importado,DIESEL_IMPORTADO,Ciudad,2026-09-20T19:45:44.107000+00:00
2026-09-20,2026-09-20,True,False,Santa Cruz,DIESEL OIL IMPORTADO EESS,10000.0,L,ESTACION DE SERVICIO GUAYACAN S.R.L.,1190-YPG,Diesel Oil Importado,DIESEL_IMPORTADO,Ciudad,2026-09-20T19:45:44.107000+00:00
2026-09-20,2026-09-20,True,False,Santa Cruz,DIESEL OIL NACIONAL EESS,20000.0,L,ESTACION DE SERVICIO ORTIZ S.R.L.,303-DEH,Diesel Oil Nacional,DIESEL_NACIONAL,Provincia,2026-09-20T19:43:39.420000+00:00
2026-09-20,2026-09-20,True,False,Santa Cruz,GASOLINA ESPECIAL + (S/DSI),20000.0,L,REFINERIA ORIENTAL S.A.,1128-FUX,Gasolina Especial +,GASOLINA_ESPECIAL_MAS,Ciudad,
2026-09-20,2026-09-20,True,False,Santa Cruz,GASOLINA ESPECIAL + (S/DSI),20000.0,L,COMPLEJO AUTOMOTRIZ VIRGEN DE URKUPIÑA S.R.L.,1135-RGC,Gasolina Especial +,GASOLINA_ESPECIAL_MAS,Ciudad,
2026-09-20,2026-09-19,True,True,Santa Cruz,GASOLINA ESPECIAL + EESS,20000.0,L,ESTACION DE SERVICIO SAN SILVESTRE,2265-BKN,Gasolina Especial +,GASOLINA_ESPECIAL_MAS,Provincia,2026-09-20T19:33:40.583000+00:00
2026-09-20,2026-09-19,True,True,Santa Cruz,GASOLINA ESPECIAL + (S/DSI),15000.0,L,COMPLEJO AUTOMOTRIZ VIRGEN DE URKUPIÑA S.R.L.,1135-RGC,Gasolina Especial +,GASOLINA_ESPECIAL_MAS,Ciudad,
2026-09-20,2026-09-20,True,False,Santa Cruz,GASOLINA ESPECIAL + (S/DSI),30000.0,L,ESTACION DE SERVICIO REFINERIA ORIENTAL S.A. - SUC. ZONA 4° ANILLO FRENTE A BUFALO PARK - SC,4530-FIY,Gasolina Especial +,GASOLINA_ESPECIAL_MAS,Ciudad,2026-09-20T19:31:59.553000+00:00
2026-09-20,2026-09-20,True,False,Santa Cruz,DIESEL OIL NACIONAL EESS,20000.0,L,ESTACION DE SERVICIO RUTA NORTE S.R.L.,3994-CKU,Diesel Oil Nacional,DIESEL_NACIONAL,Provincia,2026-09-20T19:21:33.197000+00:00
2026-09-20,2026-09-20,True,False,Santa Cruz,GASOLINA ESPECIAL + (S/DSI),15000.0,L,ESTACION DE SERVICIO DAVILA S.R.L.,1445-CDA,Gasolina Especial +,GASOLINA_ESPECIAL_MAS,Ciudad,
2026-09-20,2026-09-20,True,False,Santa Cruz,GASOLINA ESPECIAL + (S/DSI),20000.0,L,ESTACION DE SERVICIO CLUB GAZEL S.R.L.,2120-PKF,Gasolina Especial +,GASOLINA_ESPECIAL_MAS,Ciudad,2026-09-20T19:12:45.743000+00:00
2026-09-20,2026-09-20,True,False,Santa Cruz,DIESEL OIL NACIONAL EESS,10000.0,L,ESTACION DE SERVICIO MACONDO,399-LZN,Diesel Oil Nacional,DIESEL_NACIONAL,Provincia,2026-09-20T19:11:16.697000+00:00
2026-09-20,2026-09-20,True,False,Santa Cruz,DIESEL OIL NACIONAL EESS,10000.0,L,ESTACION DE SERVICIO CHANE,399-LZN,Diesel Oil Nacional,DIESEL_NACIONAL,Provincia,2026-09-20T19:11:16.697000+00:00
2026-09-20,2026-09-20,True,False,Santa Cruz,DIESEL OIL IMPORTADO EESS,15000.0,L,ESTACION DE SERVICIO EL TERO TERO DE CHICHITA - RODRIGO REMY AQUINO ALVARADO,2468-GTE,Diesel Oil Importado,DIESEL_IMPORTADO,Ciudad,2026-09-20T19:02:29.247000+00:00
2026-09-20,2026-09-20,True,False,Santa Cruz,GASOLINA ESPECIAL + (S/DSI),4900.0,L,ESTACION DE SERVICIO URBARI SRL,375-KIH,Gasolina Especial +,GASOLINA_ESPECIAL_MAS,Ciudad,2026-09-20T19:00:46.023000+00:00
2026-09-20,2026-09-20,True,False,Santa Cruz,GASOLINA ESPECIAL + (S/DSI),14900.0,L,ESTACION DE SERVICIO URBARI SRL,375-KIH,Gasolina Especial +,GASOLINA_ESPECIAL_MAS,Ciudad,2026-09-20T19:00:46.023000+00:00
2026-09-20,2026-09-20,True,False,Santa Cruz,GASOLINA ESPECIAL + (S/DSI),30000.0,L,ESTACION DE SERVICIO PIRAI S.R.L.,1095-ZCK,Gasolina Especial +,GASOLINA_ESPECIAL_MAS,Ciudad,2026-09-20T18:57:20.123000+00:00
2026-09-20,2026-09-20,True,False,Santa Cruz,GASOLINA ESPECIAL + (S/DSI),20000.0,L,ESTACION DE SERVICIO SUR S.R.L.,4410-LAU,Gasolina Especial +,GASOLINA_ESPECIAL_MAS,Ciudad,
2026-09-20,2026-09-20,True,False,Santa Cruz,DIESEL OIL NACIONAL EESS,20000.0,L,ESTACION DE SERVICIO KM. 75 S.R.L,5305-YZL,Diesel Oil Nacional,DIESEL_NACIONAL,Provincia,2026-09-20T18:41:53.673000+00:00
2026-09-20,2026-09-20,True,False,Santa Cruz,DIESEL OIL NACIONAL EESS,20000.0,L,ESTACION DE SERVICIO PAULINA S.R.L.,130-TKT,Diesel Oil Nacional,DIESEL_NACIONAL,Provincia,2026-09-20T18:27:02.870000+00:00
2026-09-20,2026-09-20,True,False,Santa Cruz,GASOLINA ESPECIAL + (S/DSI),20000.0,L,ESTACION DE SERVICIO PIRAI S.R.L. SUC. DOBLE VIA LA GUARDIA ESQ. OCTAVO ANILLO,2447-AGD,Gasolina Especial +,GASOLINA_ESPECIAL_MAS,Ciudad,2026-09-20T18:20:50.213000+00:00
2026-09-20,2026-09-20,True,False,Santa Cruz,GASOLINA ESPECIAL + (S/DSI),20000.0,L,Z & Z LTDA,2319-UPC,Gasolina Especial +,GASOLINA_ESPECIAL_MAS,Ciudad,
2026-09-20,2026-09-20,True,False,Santa Cruz,GASOLINA ESPECIAL + (S/DSI),24900.0,L,ESTACION DE SERVICIO LA CIMA,297-ACK,Gasolina Especial +,GASOLINA_ESPECIAL_MAS,Ciudad,
2026-09-20,2026-09-19,True,True,Santa Cruz,GASOLINA ESPECIAL + (S/DSI),15000.0,L,SURTIDOR CLUBOL - RUTH JIMENEZ DE MONROY,5312-NXE,Gasolina Especial +,GASOLINA_ESPECIAL_MAS,Ciudad,
2026-09-20,2026-09-20,True,False,Santa Cruz,DIESEL OIL IMPORTADO EESS,15000.0,L,ESTACION DE SERVICIO BI-OCEANICA S.R.L.,4096-LDR,Diesel Oil Importado,DIESEL_IMPORTADO,Ciudad,2026-09-20T18:06:19.917000+00:00
2026-09-20,2026-09-20,True,False,Santa Cruz,DIESEL OIL IMPORTADO EESS,20000.0,L,ESTACION DE SERVICIO BI-OCEANICA S.R.L.,4096-LDR,Diesel Oil Importado,DIESEL_IMPORTADO,Ciudad,2026-09-20T18:06:19.917000+00:00
2026-09-20,2026-09-20,True,False,Santa Cruz,GASOLINA ESPECIAL + (S/DSI),20000.0,L,REFINERIA ORIENTAL S.A.-SUC. BARRIO LAZARETO,514-HHE,Gasolina Especial +,GASOLINA_ESPECIAL_MAS,Ciudad,2026-09-20T17:59:35.550000+00:00
2026-09-20,2026-09-20,True,False,Santa Cruz,GASOLINA ESPECIAL + (S/DSI),20000.0,L,REFRIGAS S.R.L.,1123-RNR,Gasolina Especial +,GASOLINA_ESPECIAL_MAS,Ciudad,2026-09-20T17:46:24.257000+00:00
2026-09-20,2026-09-20,True,False,Santa Cruz,GASOLINA ESPECIAL + (S/DSI),20000.0,L,GASCO S.R.L.,1388-TGA,Gasolina Especial +,GASOLINA_ESPECIAL_MAS,Ciudad,2026-09-20T17:37:16.277000+00:00
2026-09-20,2026-09-20,True,False,Santa Cruz,GASOLINA ESPECIAL + (S/DSI),20000.0,L,REFINERIA ORIENTAL S.A. SUC. NOR ESTE,1999-CDP,Gasolina Especial +,GASOLINA_ESPECIAL_MAS,Ciudad,2026-09-20T17:18:30.213000+00:00
2026-09-20,2026-09-20,True,False,Santa Cruz,DIESEL OIL IMPORTADO EESS,10000.0,L,ESTACION DE SERVICIO ELISA S.R.L.,5351-UAG,Diesel Oil Importado,DIESEL_IMPORTADO,Ciudad,2026-09-20T17:16:27.817000+00:00
2026-09-20,2026-09-20,True,False,Santa Cruz,DIESEL OIL IMPORTADO EESS,20000.0,L,ESTACION DE SERVICIO ELISA S.R.L.,5351-UAG,Diesel Oil Importado,DIESEL_IMPORTADO,Ciudad,2026-09-20T17:16:27.817000+00:00
2026-09-20,2026-09-20,True,False,Santa Cruz,GASOLINA ESPECIAL + (S/DSI),20000.0,L,ESTACION DE SERVICIO SAN LUIS,543-PUY,Gasolina Especial +,GASOLINA_ESPECIAL_MAS,Ciudad,
2026-09-20,2026-09-20,True,False,Santa Cruz,GASOLINA ESPECIAL + (S/DSI),20000.0,L,ESTACION DE SERVICIO LAS ORQUIDEAS S.R.L.,711-XUH,Gasolina Especial +,GASOLINA_ESPECIAL_MAS,Ciudad,
2026-09-20,2026-09-20,True,False,Santa Cruz,GASOLINA ESPECIAL + (S/DSI),20000.0,L,ESTACION DE SERVICIO MONTAÑO S.R.L.,3031-PAN,Gasolina Especial +,GASOLINA_ESPECIAL_MAS,Ciudad,
2026-09-20,2026-09-20,True,False,Santa Cruz,GASOLINA ESPECIAL + (S/DSI),20000.0,L,ESTACION DE SERVICIO TRES PASOS AL FRENTE - VITALIANO ROJAS OLIVERA,2024-CIX,Gasolina Especial +,GASOLINA_ESPECIAL_MAS,Ciudad,
2026-09-20,2026-09-20,True,False,Santa Cruz,GASOLINA ESPECIAL + (S/DSI),15000.0,L,ESTACION DE SERVICIO 3F OIL S.R.L.,953-UFL,Gasolina Especial +,GASOLINA_ESPECIAL_MAS,Ciudad,
2026-09-20,2026-09-20,True,False,Santa Cruz,GASOLINA ESPECIAL + (S/DSI),20000.0,L,ESTACION DE SERVICIO YOTAU S.R.L.,3792-ENE,Gasolina Especial +,GASOLINA_ESPECIAL_MAS,Ciudad,
2026-09-20,2026-09-20,True,False,Santa Cruz,GASOLINA ESPECIAL + (S/DSI),20000.0,L,ESTACION DE SERVICIO EL TERO TERO DE CHICHITA - RODRIGO REMY AQUINO ALVARADO,2468-GTE,Gasolina Especial +,GASOLINA_ESPECIAL_MAS,Ciudad,
2026-09-20,2026-09-19,True,True,Santa Cruz,DIESEL OIL IMPORTADO EESS,10000.0,L,ESTACION DE SERVICIO PANTANAL DEL ORIENTE-ALVARO LUIS AGUILAR ADRIAZOLA,2497-AFH,Diesel Oil Importado,DIESEL_IMPORTADO,Ciudad,
2026-09-20,2026-09-19,True,True,Santa Cruz,DIESEL OIL IMPORTADO EESS,10000.0,L,ESTACION DE SERVICIO TOTAITU N&T S.R.L.,1029-ZIN,Diesel Oil Importado,DIESEL_IMPORTADO,Ciudad,2026-09-20T15:58:43.593000+00:00
2026-09-20,2026-09-19,True,True,Santa Cruz,GASOLINA ESPECIAL + (S/DSI),20000.0,L,ESTACION DE SERVICIO VERGARA - FABIOLA NOEMI ZORRILLO VERGARA,1184-YND,Gasolina Especial +,GASOLINA_ESPECIAL_MAS,Ciudad,
2026-09-20,2026-09-19,True,True,Santa Cruz,GASOLINA ESPECIAL + EESS,20000.0,L,SURTIDOR LOS NEGROS - NERY TABOADA CONTRERAS,1871-FDS,Gasolina Especial +,GASOLINA_ESPECIAL_MAS,Provincia,2026-09-20T15:36:36.447000+00:00
2026-09-20,2026-09-19,True,True,Santa Cruz,GASOLINA ESPECIAL + EESS,20000.0,L,ESTACION DE SERVICIO ARNEZ - LUIS ARNEZ ONOFRE,1163-LHT,Gasolina Especial +,GASOLINA_ESPECIAL_MAS,Provincia,2026-09-20T15:29:35.980000+00:00
2026-09-20,2026-09-17,True,True,Santa Cruz,GASOLINA ESPECIAL + (S/DSI),20000.0,L,SURTIDOR COTOCA - JOSE RAMIRO AYALA FLORES,2338-FGD,Gasolina Especial +,GASOLINA_ESPECIAL_MAS,Ciudad,
2026-09-20,2026-09-20,True,False,Santa Cruz,GASOLINA ESPECIAL + (S/DSI),20000.0,L,ESTACION DE SERVICIO SUR S.R.L. SUCURSAL 1,4530-GKD,Gasolina Especial +,GASOLINA_ESPECIAL_MAS,Ciudad,2026-09-20T17:10:56.877000+00:00
2026-09-20,2026-09-20,True,False,Santa Cruz,GASOLINA ESPECIAL + (S/DSI),20000.0,L,BICENTENARIO SRL,2229-HLP,Gasolina Especial +,GASOLINA_ESPECIAL_MAS,,2026-09-20T16:58:05.273000+00:00
2026-09-20,2026-09-20,True,False,Santa Cruz,GASOLINA ESPECIAL + (S/DSI),20000.0,L,ESTACION DE SERVICIO GUAYACAN S.R.L.,727-YTY,Gasolina Especial +,GASOLINA_ESPECIAL_MAS,Ciudad,2026-09-20T16:56:21.053000+00:00
2026-09-20,2026-09-20,True,False,Santa Cruz,DIESEL OIL IMPORTADO EESS,10000.0,L,ESTACION DE SERVICIO LOS MANGALES S.R.L.,1005-XLH,Diesel Oil Importado,DIESEL_IMPORTADO,Ciudad,2026-09-20T16:42:04.433000+00:00
2026-09-20,2026-09-20,True,False,Santa Cruz,DIESEL OIL IMPORTADO EESS,5000.0,L,ESTACION DE SERVICIO EL ARROYO S.R.L.,1005-XLH,Diesel Oil Importado,DIESEL_IMPORTADO,Ciudad,2026-09-20T16:42:04.433000+00:00
2026-09-20,2026-09-20,True,False,Santa Cruz,DIESEL OIL IMPORTADO EESS,10000.0,L,ESTACION DE SERVICIO RIVERO - LUIS ANTONIO RIVERO AÑEZ,681-FDU,Diesel Oil Importado,DIESEL_IMPORTADO,Ciudad,2026-09-20T16:35:00.230000+00:00
2026-09-20,2026-09-20,True,False,Santa Cruz,GASOLINA ESPECIAL + EESS,5000.0,L,ESTACION DE SERVICIO SOMOS GAS SRL,2257-EEE,Gasolina Especial +,GASOLINA_ESPECIAL_MAS,Provincia,2026-09-20T16:30:27.910000+00:00
2026-09-20,2026-09-20,True,False,Santa Cruz,GASOLINA ESPECIAL + EESS,20000.0,L,ESTACION DE SERVICIO SOMOS GAS SRL,2257-EEE,Gasolina Especial +,GASOLINA_ESPECIAL_MAS,Provincia,2026-09-20T16:30:27.910000+00:00
2026-09-20,2026-09-20,True,False,Santa Cruz,GASOLINA ESPECIAL + (S/DSI),25000.0,L,ESTACION DE SERVICIO LA COLORADA,2434-YRP,Gasolina Especial +,GASOLINA_ESPECIAL_MAS,Ciudad,2026-09-20T16:14:50.053000+00:00
2026-09-20,2026-09-20,True,False,Santa Cruz,GASOLINA ESPECIAL + (S/DSI),20000.0,L,ESTACION DE SERVICIOS VIRGEN DE COTOCA S.R.L.,3850-ANL,Gasolina Especial +,GASOLINA_ESPECIAL_MAS,Ciudad,2026-09-20T16:08:41.130000+00:00
2026-09-20,2026-09-20,True,False,Santa Cruz,DIESEL OIL IMPORTADO EESS,25000.0,L,ESTACION DE SERVICIO TOTAITU N&T S.R.L.,1029-ZIN,Diesel Oil Importado,DIESEL_IMPORTADO,Ciudad,2026-09-20T15:58:43.593000+00:00
2026-09-20,2026-09-20,True,False,Santa Cruz,DIESEL OIL IMPORTADO EESS,10000.0,L,ESTACION DE SERVICIO QUINTO ANILLO S.R.L.,558-XDK,Diesel Oil Importado,DIESEL_IMPORTADO,Ciudad,2026-09-20T15:54:35.687000+00:00
2026-09-20,2026-09-20,True,False,Santa Cruz,DIESEL OIL IMPORTADO EESS,20000.0,L,ESTACION DE SERVICIO QUINTO ANILLO S.R.L.,558-XDK,Diesel Oil Importado,DIESEL_IMPORTADO,Ciudad,2026-09-20T15:54:35.687000+00:00
2026-09-20,2026-09-20,True,False,Santa Cruz,GASOLINA ESPECIAL + (S/DSI),20000.0,L,ESTACION DE SERVICIO PALMASOLA,514-HAC,Gasolina Especial +,GASOLINA_ESPECIAL_MAS,Ciudad,
2026-09-20,2026-09-20,True,False,Santa Cruz,GASOLINA ESPECIAL + (S/DSI),20000.0,L,ESTACION DE SERVICIO SANTA MARIA,1044-PLP,Gasolina Especial +,GASOLINA_ESPECIAL_MAS,Ciudad,
2026-09-20,2026-09-20,True,False,Santa Cruz,GASOLINA ESPECIAL + (S/DSI),20000.0,L,"ESTACION DE SERVICIO ""GUAPAY"" S.R.L.",447-PSY,Gasolina Especial +,GASOLINA_ESPECIAL_MAS,Ciudad,
2026-09-21,2026-09-21,True,False,Santa Cruz,DIESEL OIL IMPORTADO EESS,20000.0,L,ESTACION DE SERVICIO PANTANAL DEL ORIENTE-ALVARO LUIS AGUILAR ADRIAZOLA,2497-AFH,Diesel Oil Importado,DIESEL_IMPORTADO,Ciudad,2026-09-21T17:51:40.263000+00:00
2026-09-21,2026-09-21,True,False,Santa Cruz,DIESEL OIL IMPORTADO EESS,5000.0,L,ESTACION DE SERVICIO PANTANAL DEL ORIENTE-ALVARO LUIS AGUILAR ADRIAZOLA,2497-AFH,Diesel Oil Importado,DIESEL_IMPORTADO,Ciudad,2026-09-21T17:51:40.263000+00:00
2026-09-21,2026-09-21,True,False,Santa Cruz,GASOLINA ESPECIAL + (S/DSI),5000.0,L,REFINERIA ORIENTAL S.A. SUCURSAL MONTECRISTO,2447-AGD,Gasolina Especial +,GASOLINA_ESPECIAL_MAS,Ciudad,2026-09-21T17:42:33.173000+00:00
2026-09-21,2026-09-21,True,False,Santa Cruz,GASOLINA ESPECIAL + (S/DSI),30000.0,L,ESTACION DE SERVICIO SUR S.R.L. SUCURSAL 2,2447-AGD,Gasolina Especial +,GASOLINA_ESPECIAL_MAS,Ciudad,2026-09-21T17:42:33.173000+00:00
2026-09-21,2026-09-21,True,False,Santa Cruz,GASOLINA ESPECIAL + (S/DSI),20000.0,L,GASCO S.R.L.,514-HHE,Gasolina Especial +,GASOLINA_ESPECIAL_MAS,Ciudad,2026-09-21T17:32:45.683000+00:00
2026-09-21,2026-09-21,True,False,Santa Cruz,DIESEL OIL IMPORTADO EESS,10000.0,L,BICENTENARIO SRL,2229-HLP,Diesel Oil Importado,DIESEL_IMPORTADO,,2026-09-21T17:14:44.677000+00:00
2026-09-21,2026-09-21,True,False,Santa Cruz,DIESEL OIL IMPORTADO EESS,25000.0,L,BICENTENARIO SRL,2229-HLP,Diesel Oil Importado,DIESEL_IMPORTADO,,2026-09-21T17:14:44.677000+00:00
2026-09-21,2026-09-20,True,True,Santa Cruz,DIESEL OIL IMPORTADO EESS,10000.0,L,REFINERIA ORIENTAL S.A. SUC. NOR ESTE,5775-AXE,Diesel Oil Importado,DIESEL_IMPORTADO,Ciudad,2026-09-21T16:21:26.827000+00:00
2026-09-21,2026-09-20,True,True,Santa Cruz,DIESEL OIL IMPORTADO EESS,10000.0,L,ESTACION DE SERVICIO REFINERIA ORIENTAL S.A. - SUC. ZONA 4° ANILLO FRENTE A BUFALO PARK - SC,5775-AXE,Diesel Oil Importado,DIESEL_IMPORTADO,Ciudad,2026-09-21T16:21:26.827000+00:00
2026-09-21,2026-09-21,True,False,Santa Cruz,GASOLINA ESPECIAL + (S/DSI),15000.0,L,ESTACION DE SERVICIO PIRAI S.R.L.,437-KYY,Gasolina Especial +,GASOLINA_ESPECIAL_MAS,Ciudad,2026-09-21T17:09:41.290000+00:00
2026-09-21,2026-09-21,True,False,Santa Cruz,GASOLINA ESPECIAL + (S/DSI),20000.0,L,ESTACION DE SERVICIO PIRAI S.R.L. SUC. DOBLE VIA LA GUARDIA ESQ. OCTAVO ANILLO,437-KYY,Gasolina Especial +,GASOLINA_ESPECIAL_MAS,Ciudad,2026-09-21T17:09:41.290000+00:00
2026-09-21,2026-09-21,True,False,Santa Cruz,GASOLINA ESPECIAL + (S/DSI),20000.0,L,GENEX S.A-SUCURSAL S.C ZONA GUARACACHI,1166-FCU,Gasolina Especial +,GASOLINA_ESPECIAL_MAS,Ciudad,2026-09-21T17:06:05.137000+00:00
2026-09-21,2026-09-21,True,False,Santa Cruz,GASOLINA ESPECIAL + (S/DSI),15000.0,L,GENEX S.A. SUCURSAL ZONA NOR ESTE,1166-FCU,Gasolina Especial +,GASOLINA_ESPECIAL_MAS,Ciudad,2026-09-21T17:06:05.137000+00:00
2026-09-21,2026-09-21,True,False,Santa Cruz,GASOLINA ESPECIAL + EESS,10000.0,L,ESTACION DE SERVICIO MONTERO - MARIA DEL ROSARIO COLQUE QUIROZ,1097-TFK,Gasolina Especial +,GASOLINA_ESPECIAL_MAS,Provincia,2026-09-21T16:47:31.043000+00:00
2026-09-21,2026-09-21,True,False,Santa Cruz,GASOLINA ESPECIAL + EESS,20000.0,L,ESTACION DE SERVICIO LOS BIBOSIS S.R.L.,5631-AZA,Gasolina Especial +,GASOLINA_ESPECIAL_MAS,Provincia,2026-09-21T16:42:02.787000+00:00
2026-09-21,2026-09-21,True,False,Santa Cruz,GASOLINA ESPECIAL + EESS,20000.0,L,ESTACION DE SERVICIO PAULINA S.R.L.,571-PDN,Gasolina Especial +,GASOLINA_ESPECIAL_MAS,Provincia,2026-09-21T16:38:11.217000+00:00
2026-09-21,2026-09-21,True,False,Santa Cruz,GASOLINA ESPECIAL + (S/DSI),20000.0,L,ESTACION DE SERVICIO SUR S.R.L.,4410-LAU,Gasolina Especial +,GASOLINA_ESPECIAL_MAS,Ciudad,2026-09-21T16:36:22.123000+00:00
2026-09-21,2026-09-21,True,False,Santa Cruz,GASOLINA ESPECIAL + (S/DSI),15000.0,L,GAS DEL ESTE S.R.L.,622-IUN,Gasolina Especial +,GASOLINA_ESPECIAL_MAS,Ciudad,2026-09-21T16:24:19.607000+00:00
2026-09-21,2026-09-21,True,False,Santa Cruz,GASOLINA ESPECIAL + (S/DSI),25000.0,L,BICENTENARIO SRL,2120-PKF,Gasolina Especial +,GASOLINA_ESPECIAL_MAS,,2026-09-21T16:16:36.113000+00:00
2026-09-21,2026-09-21,True,False,Santa Cruz,GASOLINA ESPECIAL + (S/DSI),20000.0,L,ESTACION DE SERVICIO SUR S.R.L. SUCURSAL 1,4530-GKD,Gasolina Especial +,GASOLINA_ESPECIAL_MAS,Ciudad,2026-09-21T16:14:24.673000+00:00
2026-09-21,2026-09-21,True,False,Santa Cruz,GASOLINA ESPECIAL + (S/DSI),20000.0,L,REFRIGAS S.R.L.,1123-RNR,Gasolina Especial +,GASOLINA_ESPECIAL_MAS,Ciudad,
2026-09-21,2026-09-21,True,False,Santa Cruz,GASOLINA ESPECIAL + (S/DSI),20000.0,L,ESTACION DE SERVICIO SANTA MARIA,1044-PLP,Gasolina Especial +,GASOLINA_ESPECIAL_MAS,Ciudad,
2026-09-21,2026-09-21,True,False,Santa Cruz,GASOLINA ESPECIAL + (S/DSI),30000.0,L,"EMPRESA DAVILA IMPORTADORA-EXPORTADORA S.R.L. ""DAIMPORT - EXPORT LTDA""",1383-DKA,Gasolina Especial +,GASOLINA_ESPECIAL_MAS,Ciudad,
2026-09-21,2026-09-21,True,False,Santa Cruz,GASOLINA ESPECIAL + (S/DSI),20000.0,L,ESTACION DE SERVICIO YOTAU S.R.L.,3792-ENE,Gasolina Especial +,GASOLINA_ESPECIAL_MAS,Ciudad,
2026-09-21,2026-09-21,True,False,Santa Cruz,GASOLINA ESPECIAL + (S/DSI),20000.0,L,Z & Z LTDA,2319-UPC,Gasolina Especial +,GASOLINA_ESPECIAL_MAS,Ciudad,2026-09-21T16:06:37.490000+00:00
2026-09-21,2026-09-21,True,False,Santa Cruz,GASOLINA ESPECIAL + (S/DSI),5000.0,L,ESTACION DE SERVICIO SANTOS DUMONT NOGALES,961-XHP,Gasolina Especial +,GASOLINA_ESPECIAL_MAS,Ciudad,2026-09-21T15:53:31.300000+00:00
2026-09-21,2026-09-21,True,False,Santa Cruz,GASOLINA ESPECIAL + EESS,20000.0,L,ESTACION DE SERVICIO LA GUARDIA,1803-YHK,Gasolina Especial +,GASOLINA_ESPECIAL_MAS,Provincia,2026-09-21T15:49:23.707000+00:00
2026-09-21,2026-09-21,True,False,Santa Cruz,GASOLINA ESPECIAL + (S/DSI),10000.0,L,SERVICIOS GENERALES LA CAÑADA S.R.L.,2215-HBF,Gasolina Especial +,GASOLINA_ESPECIAL_MAS,Ciudad,2026-09-21T15:46:55.733000+00:00
2026-09-21,2026-09-21,True,False,Santa Cruz,GASOLINA ESPECIAL + (S/DSI),5000.0,L,ESTACION DE SERVICIO ORSA S.R.L.,6453-URG,Gasolina Especial +,GASOLINA_ESPECIAL_MAS,Ciudad,2026-09-21T15:22:48.803000+00:00
2026-09-21,2026-09-20,True,True,Santa Cruz,DIESEL OIL IMPORTADO EESS,20000.0,L,ESTACION DE SERVICIO 3F OIL S.R.L.,953-UFL,Diesel Oil Importado,DIESEL_IMPORTADO,Ciudad,2026-09-21T15:21:17.837000+00:00
2026-09-21,2026-09-21,True,False,Santa Cruz,GASOLINA ESPECIAL + EESS,10000.0,L,ESTACION DE SERVICIO SOMOS GAS SRL,2257-EEE,Gasolina Especial +,GASOLINA_ESPECIAL_MAS,Provincia,2026-09-21T15:19:28.963000+00:00
2026-09-21,2026-09-21,True,False,Santa Cruz,GASOLINA ESPECIAL + EESS,20000.0,L,ESTACION DE SERVICIO SOMOS GAS SRL,2257-EEE,Gasolina Especial +,GASOLINA_ESPECIAL_MAS,Provincia,2026-09-21T15:19:28.963000+00:00
2026-09-21,2026-09-20,True,True,Santa Cruz,GASOLINA ESPECIAL + (S/DSI),5000.0,L,GENEX S.A SUCURSAL S.C ZONA GUALBERTO VILLARROEL,863-XYY,Gasolina Especial +,GASOLINA_ESPECIAL_MAS,Ciudad,2026-09-21T15:15:11.150000+00:00
2026-09-21,2026-09-20,True,True,Santa Cruz,GASOLINA ESPECIAL + (S/DSI),5000.0,L,ESTACION DE SERVICIO EL TROMPILLO,863-XYY,Gasolina Especial +,GASOLINA_ESPECIAL_MAS,Ciudad,2026-09-21T15:15:11.150000+00:00
2026-09-21,2026-09-20,True,True,Santa Cruz,GASOLINA ESPECIAL + (S/DSI),10000.0,L,VANGAS S.A,863-XYY,Gasolina Especial +,GASOLINA_ESPECIAL_MAS,Ciudad,2026-09-21T15:15:11.150000+00:00
2026-09-21,2026-09-20,True,True,Santa Cruz,GASOLINA ESPECIAL + (S/DSI),20000.0,L,VANGAS S.A,878-ENK,Gasolina Especial +,GASOLINA_ESPECIAL_MAS,Ciudad,2026-09-21T14:35:16+00:00
2026-09-21,2026-09-20,True,True,Santa Cruz,GASOLINA ESPECIAL EESS,5000.0,L,CENTRO DE COMERCIO Y SERVICIOS VALDIVIA FERRUFINO S.R.L.,332-NTN,Gasolina Especial,GASOLINA_ESPECIAL,Ciudad,2026-09-21T15:10:08.420000+00:00
2026-09-21,2026-09-20,True,True,Santa Cruz,GASOLINA ESPECIAL EESS,15000.0,L,CENTRO DE COMERCIO Y SERVICIOS VALDIVIA FERRUFINO S.R.L.,332-NTN,Gasolina Especial,GASOLINA_ESPECIAL,Ciudad,2026-09-21T15:10:08.420000+00:00
2026-09-21,2026-09-21,True,False,Santa Cruz,GASOLINA ESPECIAL + (S/DSI),20000.0,L,ESTACION DE SERVICIO GUAYACAN S.R.L.,727-YTY,Gasolina Especial +,GASOLINA_ESPECIAL_MAS,Ciudad,2026-09-21T14:51:45.240000+00:00
2026-09-21,2026-09-21,True,False,Santa Cruz,GASOLINA ESPECIAL + (S/DSI),20000.0,L,ESTACION DE SERVICIO ELISA S.R.L.,2291-ATI,Gasolina Especial +,GASOLINA_ESPECIAL_MAS,Ciudad,2026-09-21T14:43:43.527000+00:00
2026-09-21,2026-09-20,True,True,Santa Cruz,DIESEL OIL IMPORTADO EESS,25000.0,L,ESTACION DE SERVICIO PIRAI S.R.L. SUC. DOBLE VIA LA GUARDIA ESQ. OCTAVO ANILLO,1095-ZCK,Diesel Oil Importado,DIESEL_IMPORTADO,Ciudad,2026-09-21T12:54:43.280000+00:00
2026-09-21,2026-09-20,True,True,Santa Cruz,GASOLINA ESPECIAL + (S/DSI),20000.0,L,GENEX S.A SUCURSAL SANTA CRUZ ZONA SANTA ROSA,1285-UKF,Gasolina Especial +,GASOLINA_ESPECIAL_MAS,Ciudad,2026-09-21T13:17:57.883000+00:00
2026-09-21,2026-09-20,True,True,Santa Cruz,GASOLINA ESPECIAL + (S/DSI),15000.0,L,GENEX S.A SUCURSAL SANTA CRUZ ZONA LA RAMADA,1285-UKF,Gasolina Especial +,GASOLINA_ESPECIAL_MAS,Ciudad,2026-09-21T13:17:57.883000+00:00
2026-09-21,2026-09-20,True,True,Santa Cruz,GASOLINA ESPECIAL + (S/DSI),20000.0,L,COMPAÑIA COMERCIAL DE GAS COMPRIMIDO C.G.C. S.R.L.,2511-RLA,Gasolina Especial +,GASOLINA_ESPECIAL_MAS,Ciudad,2026-09-21T12:46:41.007000+00:00
2026-09-21,2026-09-19,True,True,Santa Cruz,GASOLINA ESPECIAL + (S/DSI),15000.0,L,ESTACION DE SERVICIO SAN LUIS I,543-PUY,Gasolina Especial +,GASOLINA_ESPECIAL_MAS,Ciudad,2026-09-21T14:05:23.393000+00:00
2026-09-21,2026-09-21,True,False,Santa Cruz,GASOLINA ESPECIAL + (S/DSI),20000.0,L,"ESTACION DE SERVICIO ""GUAPAY"" S.R.L.",447-PSY,Gasolina Especial +,GASOLINA_ESPECIAL_MAS,Ciudad,2026-09-21T14:28:34.517000+00:00
2026-09-21,2026-09-21,True,False,Santa Cruz,GASOLINA ESPECIAL + (S/DSI),20000.0,L,ESTACION DE SERVICIO RIVERO - LUIS ANTONIO RIVERO AÑEZ,681-FDU,Gasolina Especial +,GASOLINA_ESPECIAL_MAS,Ciudad,2026-09-21T14:26:16.753000+00:00
2026-09-21,2026-09-21,True,False,Santa Cruz,GASOLINA ESPECIAL + (S/DSI),30000.0,L,ESTACION DE SERVICIO LOS MANGALES S.R.L.,1005-XLH,Gasolina Especial +,GASOLINA_ESPECIAL_MAS,Ciudad,
2026-09-21,2026-09-21,True,False,Santa Cruz,GASOLINA ESPECIAL + (S/DSI),20000.0,L,ESTACION DE SERVICIO PALMASOLA,514-HAC,Gasolina Especial +,GASOLINA_ESPECIAL_MAS,Ciudad,
2026-09-21,2026-09-21,True,False,Santa Cruz,GASOLINA ESPECIAL + (S/DSI),15000.0,L,ESTACION DE SERVICIO SAN LUIS I,543-PUY,Gasolina Especial +,GASOLINA_ESPECIAL_MAS,Ciudad,2026-09-21T14:05:23.393000+00:00
2026-09-21,2026-09-21,True,False,Santa Cruz,GASOLINA ESPECIAL + (S/DSI),20000.0,L,ESTACION DE SERVICIO TRES PASOS AL FRENTE - VITALIANO ROJAS OLIVERA,2024-CIX,Gasolina Especial +,GASOLINA_ESPECIAL_MAS,Ciudad,2026-09-21T14:00:00.193000+00:00
2026-09-21,2026-09-21,True,False,Santa Cruz,GASOLINA ESPECIAL + (S/DSI),20000.0,L,YVU CENTRO DE SERVICIOS Y COMERCIO S.R.L.,1060-PIT,Gasolina Especial +,GASOLINA_ESPECIAL_MAS,Ciudad,2026-09-21T13:27:54.083000+00:00
2026-09-21,2026-09-21,True,False,Santa Cruz,GASOLINA ESPECIAL + (S/DSI),20000.0,L,ESTACION DE SERVICIO LAS ORQUIDEAS S.R.L.,711-XUH,Gasolina Especial +,GASOLINA_ESPECIAL_MAS,Ciudad,
2026-09-21,2026-09-21,True,False,Santa Cruz,GASOLINA ESPECIAL + (S/DSI),20000.0,L,ESTACION DE SERVICIO MORAGRANDE S.R.L.,1893-NTP,Gasolina Especial +,GASOLINA_ESPECIAL_MAS,Ciudad,
2026-09-21,2026-09-21,True,False,Santa Cruz,GASOLINA ESPECIAL + (S/DSI),20000.0,L,R&E 3000 S.R.L.,1197-ATI,Gasolina Especial +,GASOLINA_ESPECIAL_MAS,Ciudad,2026-09-21T13:13:30.050000+00:00
2026-09-21,2026-09-20,True,True,Santa Cruz,DIESEL OIL NACIONAL EESS,20000.0,L,TARIFA S.R.L.,5314-TZK,Diesel Oil Nacional,DIESEL_NACIONAL,Provincia,2026-09-21T12:30:05.880000+00:00
2026-09-21,2026-09-21,True,False,Santa Cruz,GASOLINA ESPECIAL + (S/DSI),20000.0,L,ESTACION DE SERVICIO EL TERO TERO DE CHICHITA - RODRIGO REMY AQUINO ALVARADO,2468-GTE,Gasolina Especial +,GASOLINA_ESPECIAL_MAS,Ciudad,2026-09-21T12:39:54.960000+00:00
2026-09-21,2026-09-21,True,False,Santa Cruz,GASOLINA ESPECIAL + (S/DSI),25000.0,L,ESTACION DE SERVICIO LA COLORADA,2229-HLP,Gasolina Especial +,GASOLINA_ESPECIAL_MAS,Ciudad,2026-09-21T12:27:45.660000+00:00
2026-09-21,2026-09-20,True,True,Santa Cruz,DIESEL OIL IMPORTADO EESS,20000.0,L,ESTACION DE SERVICIO SUR S.R.L.-SUCURSAL ESTACION DE SERVICIO LA TECA,1999-CDP,Diesel Oil Importado,DIESEL_IMPORTADO,Ciudad,2026-09-21T12:25:42.757000+00:00
2026-09-21,2026-09-21,True,False,Santa Cruz,GASOLINA ESPECIAL + (S/DSI),20000.0,L,ESTACION DE SERVICIO CLUB GAZEL S.R.L.,2434-YRP,Gasolina Especial +,GASOLINA_ESPECIAL_MAS,Ciudad,2026-09-21T12:19:14.050000+00:00
2026-09-21,2026-09-21,True,False,Santa Cruz,GASOLINA ESPECIAL + (S/DSI),30000.0,L,ESTACION DE SERVICIO BI-OCEANICA S.R.L.,4269-HNT,Gasolina Especial +,GASOLINA_ESPECIAL_MAS,Ciudad,2026-09-21T12:16:49.773000+00:00
2026-09-21,2026-09-21,True,False,Santa Cruz,GASOLINA ESPECIAL + (S/DSI),30000.0,L,ESTACION DE SERVICIO EL ARROYO S.R.L.,1299-GNA,Gasolina Especial +,GASOLINA_ESPECIAL_MAS,Ciudad,
2026-09-21,2026-09-21,True,False,Santa Cruz,GASOLINA ESPECIAL + (S/DSI),20000.0,L,ESTACION DE SERVICIO MORAGRANDE S.R.L. (SUC 1),2483-HBD,Gasolina Especial +,GASOLINA_ESPECIAL_MAS,Ciudad,
2026-09-21,2026-09-20,True,True,Santa Cruz,DIESEL OIL NACIONAL EESS,20000.0,L,ESTACION DE SERVICIO MONTERO - MARIA DEL ROSARIO COLQUE QUIROZ,935-TCT,Diesel Oil Nacional,DIESEL_NACIONAL,Provincia,2026-09-21T11:28:46.217000+00:00
2026-09-21,2026-09-20,True,True,Santa Cruz,DIESEL OIL IMPORTADO EESS,15000.0,L,ESTACION DE SERVICIO SUR S.R.L. SUCURSAL 2,2801-BYP,Diesel Oil Importado,DIESEL_IMPORTADO,Ciudad,2026-09-21T12:01:20.713000+00:00
2026-09-21,2026-09-20,True,True,Santa Cruz,DIESEL OIL NACIONAL EESS,20000.0,L,ESTACION DE SERVICIO SUR S.R.L. SUCURSAL MONTE VERDE,4530-FIY,Diesel Oil Nacional,DIESEL_NACIONAL,Provincia,2026-09-21T11:55:14.237000+00:00
2026-09-21,2026-09-20,True,True,Santa Cruz,DIESEL OIL IMPORTADO EESS,20000.0,L,REFINERIA ORIENTAL S.A. SUCURSAL MONTECRISTO,2801-BYP,Diesel Oil Importado,DIESEL_IMPORTADO,Ciudad,2026-09-21T12:01:20.713000+00:00
2026-09-21,2026-09-20,True,True,Santa Cruz,GASOLINA ESPECIAL + (S/DSI),15000.0,L,ESTACION DE SERVICIO EL GASOMETRO S.R.L.,1393-GEU,Gasolina Especial +,GASOLINA_ESPECIAL_MAS,Ciudad,2026-09-21T11:52:42.350000+00:00
2026-09-21,2026-09-20,True,True,Santa Cruz,GASOLINA ESPECIAL + (S/DSI),20000.0,L,ESTACION DE SERVICIO LA CHORRERA SRL,1393-GEU,Gasolina Especial +,GASOLINA_ESPECIAL_MAS,Ciudad,2026-09-21T11:52:42.350000+00:00
2026-09-21,2026-09-20,True,True,Santa Cruz,GASOLINA ESPECIAL + (S/DSI),5000.0,L,ESTACION DE SERVICIO ORSA S.R.L.,5583-ADI,Gasolina Especial +,GASOLINA_ESPECIAL_MAS,Ciudad,2026-09-21T11:12:39.207000+00:00
2026-09-21,2026-09-17,True,True,Santa Cruz,GASOLINA ESPECIAL + EESS,20000.0,L,COMERCIALIZADORA DE HIDROCARBUROS ABJ S.R.L,6398-RNI,Gasolina Especial +,GASOLINA_ESPECIAL_MAS,Provincia,2026-09-21T12:04:15.353000+00:00
2026-09-21,2026-09-21,True,False,Santa Cruz,GASOLINA ESPECIAL + (S/DSI),5000.0,L,ESTACION DE SERVICIO RIVERO - LUIS ANTONIO RIVERO AÑEZ,681-FDU,Gasolina Especial +,GASOLINA_ESPECIAL_MAS,Ciudad,2026-09-21T11:42:41.120000+00:00
2026-09-21,2026-09-21,True,False,Santa Cruz,GASOLINA ESPECIAL + (S/DSI),30000.0,L,ESTACION DE SERVICIO TOTAITU N&T S.R.L.,1029-ZIN,Gasolina Especial +,GASOLINA_ESPECIAL_MAS,Ciudad,2026-09-21T11:31:02.697000+00:00
2026-09-21,,True,False,Santa Cruz,DIESEL OIL,19000.0,L,YPFB,6683-LEG,Diesel Oil Nacional,DIESEL_NACIONAL,,2026-09-21T11:23:24.417000+00:00
2026-09-21,,True,False,Santa Cruz,GASOLINA ESPECIAL,15000.0,L,YPFB,6683-LEG,Gasolina Especial,GASOLINA_ESPECIAL,,2026-09-21T11:23:24.417000+00:00
2026-09-21,2026-09-20,True,True,Santa Cruz,GASOLINA ESPECIAL + (S/DSI),20000.0,L,ESTACION DE SERVICIO LOS COYUYOS-JULIA GONZALES,3589-UKG,Gasolina Especial +,GASOLINA_ESPECIAL_MAS,Ciudad,2026-09-21T11:05:38.757000+00:00
2026-09-21,2026-09-21,True,False,Santa Cruz,GASOLINA ESPECIAL + (S/DSI),20000.0,L,ESTACION DE SERVICIO ORSA SRL-SUCURSAL 1,5583-ADI,Gasolina Especial +,GASOLINA_ESPECIAL_MAS,Provincia,2026-09-21T11:12:39.207000+00:00
2026-09-21,2026-09-21,True,False,Santa Cruz,GASOLINA ESPECIAL + (S/DSI),10000.0,L,ESTACION DE SERVICIO ORSA S.R.L.,5583-ADI,Gasolina Especial +,GASOLINA_ESPECIAL_MAS,Ciudad,2026-09-21T11:12:39.207000+00:00
2026-09-21,2026-09-21,True,False,Santa Cruz,GASOLINA ESPECIAL + EESS,20000.0,L,CENTRO DE COMERCIO SANTA RITAKM32 S.R.L.,2330-NLD,Gasolina Especial +,GASOLINA_ESPECIAL_MAS,Provincia,2026-09-22T03:43:14.173000+00:00
2026-09-21,2026-09-21,True,False,Santa Cruz,GASOLINA ESPECIAL + EESS,20000.0,L,ESTACION DE SERVICIO ARNEZ - LUIS ARNEZ ONOFRE,2995-XGK,Gasolina Especial +,GASOLINA_ESPECIAL_MAS,Provincia,2026-09-22T03:39:56.487000+00:00
2026-09-21,2026-09-21,True,False,Santa Cruz,GASOLINA ESPECIAL + (S/DSI),20000.0,L,ESTACION DE SERVICIO APAZA-PATRICIA JORGE DE APAZA,2066-KRR,Gasolina Especial +,GASOLINA_ESPECIAL_MAS,Ciudad,2026-09-22T03:37:16.210000+00:00
2026-09-21,2026-09-21,True,False,Santa Cruz,DIESEL OIL IMPORTADO EESS,5000.0,L,ESTACION DE SERVICIO SANTOS DUMONT NOGALES,961-XHP,Diesel Oil Importado,DIESEL_IMPORTADO,Ciudad,2026-09-22T03:29:17.660000+00:00
2026-09-21,2026-09-20,True,True,Santa Cruz,DIESEL OIL NACIONAL EESS,10000.0,L,ESTACION DE SERVICIO LAS CONCHAS S.R.L.,1275-RHG,Diesel Oil Nacional,DIESEL_NACIONAL,Provincia,2026-09-22T01:43:19.343000+00:00
2026-09-21,2026-09-20,True,True,Santa Cruz,DIESEL OIL NACIONAL EESS,15000.0,L,ESTACION DE SERVICIO SAN JAVIER-MARISOL NEGRETE AGUIRRE,379-LRR,Diesel Oil Nacional,DIESEL_NACIONAL,Provincia,2026-09-22T02:45:35.787000+00:00
2026-09-21,2026-09-20,True,True,Santa Cruz,GASOLINA ESPECIAL + (S/DSI),9900.0,L,ESTACION DE SERVICIO URBARI SRL,375-KIH,Gasolina Especial +,GASOLINA_ESPECIAL_MAS,Ciudad,2026-09-22T01:31:33.333000+00:00
2026-09-21,2026-09-19,True,True,Santa Cruz,GASOLINA ESPECIAL + EESS,20000.0,L,ESTACION DE SERVICIO LAS CONCHAS S.R.L.,1275-RHG,Gasolina Especial +,GASOLINA_ESPECIAL_MAS,Provincia,2026-09-22T01:43:19.343000+00:00
2026-09-21,2026-09-19,True,True,Santa Cruz,GASOLINA ESPECIAL + EESS,20000.0,L,ESTACION DE SERVICIO SAN JAVIER-MARISOL NEGRETE AGUIRRE,379-LRR,Gasolina Especial +,GASOLINA_ESPECIAL_MAS,Provincia,2026-09-22T02:45:35.787000+00:00
2026-09-21,2026-09-21,True,False,Santa Cruz,GASOLINA ESPECIAL + EESS,25000.0,L,SAN JOAQUIN I S.R.L.,1066-TLK,Gasolina Especial +,GASOLINA_ESPECIAL_MAS,Provincia,2026-09-22T03:16:49.447000+00:00
2026-09-21,2026-09-21,True,False,Santa Cruz,GASOLINA ESPECIAL + EESS,10000.0,L,ESTACION DE SERVICIO MACONDO,399-LZN,Gasolina Especial +,GASOLINA_ESPECIAL_MAS,Provincia,2026-09-22T03:13:56.340000+00:00
2026-09-21,2026-09-21,True,False,Santa Cruz,GASOLINA ESPECIAL + EESS,10000.0,L,ESTACION DE SERVICIO CHANE,399-LZN,Gasolina Especial +,GASOLINA_ESPECIAL_MAS,Provincia,2026-09-22T03:13:56.340000+00:00
2026-09-21,2026-09-21,True,False,Santa Cruz,DIESEL OIL NACIONAL EESS,15000.0,L,ESTACION DE SERVICIO CASCABEL SUC. CUATRO CAÑADAS-YOHANA PAOLA VACA GUZMAN,4124-YBX,Diesel Oil Nacional,DIESEL_NACIONAL,Provincia,2026-09-22T03:07:57.133000+00:00
2026-09-21,2026-09-21,True,False,Santa Cruz,DIESEL OIL NACIONAL EESS,20000.0,L,ESTACION DE SERVICIO CASCABEL SUC. CUATRO CAÑADAS-YOHANA PAOLA VACA GUZMAN,4124-YBX,Diesel Oil Nacional,DIESEL_NACIONAL,Provincia,2026-09-22T03:07:57.133000+00:00
2026-09-21,2026-09-21,True,False,Santa Cruz,DIESEL OIL NACIONAL EESS,20000.0,L,CENTRO DE COMERCIO SANTA RITAKM32 S.R.L.,3853-BSD,Diesel Oil Nacional,DIESEL_NACIONAL,Provincia,2026-09-22T02:58:06+00:00
2026-09-21,2026-09-21,True,False,Santa Cruz,GASOLINA ESPECIAL + EESS,20000.0,L,JARAJORECHI S.R.L.,652-SRU,Gasolina Especial +,GASOLINA_ESPECIAL_MAS,Provincia,2026-09-22T02:55:54.920000+00:00
2026-09-21,2026-09-21,True,False,Santa Cruz,GASOLINA ESPECIAL + EESS,20000.0,L,ESTACION DE SERVICIO DURAZNERO-DANA FLORES DAVALOS,2182-HII,Gasolina Especial +,GASOLINA_ESPECIAL_MAS,Provincia,2026-09-22T02:38:33.317000+00:00
2026-09-21,2026-09-21,True,False,Santa Cruz,DIESEL OIL NACIONAL EESS,15000.0,L,ESTACION DE SERVICIO CONCEPCION SRL,4713-YZU,Diesel Oil Nacional,DIESEL_NACIONAL,Provincia,2026-09-22T02:35:31.980000+00:00
2026-09-21,2026-09-21,True,False,Santa Cruz,GASOLINA ESPECIAL + EESS,20000.0,L,ESTACION DE SERVICIO CONCEPCION SRL,4713-YZU,Gasolina Especial +,GASOLINA_ESPECIAL_MAS,Provincia,2026-09-22T02:35:31.980000+00:00
2026-09-21,2026-09-21,True,False,Santa Cruz,DIESEL OIL IMPORTADO EESS,10000.0,L,ESTACION DE SERVICIO LA CIMA,297-ACK,Diesel Oil Importado,DIESEL_IMPORTADO,Ciudad,2026-09-22T02:31:38.377000+00:00
2026-09-21,2026-09-21,True,False,Santa Cruz,GASOLINA ESPECIAL + (S/DSI),30000.0,L,ESTACION DE SERVICIO 3F OIL S.R.L.,953-UFL,Gasolina Especial +,GASOLINA_ESPECIAL_MAS,Ciudad,
2026-09-21,2026-09-21,True,False,Santa Cruz,DIESEL OIL IMPORTADO EESS,10000.0,L,ESTACION DE SERVICIO EL TAROPE - JHONNY AGUILAR ADRIAZOLA,1744-UZH,Diesel Oil Importado,DIESEL_IMPORTADO,Ciudad,
2026-09-21,2026-09-21,True,False,Santa Cruz,DIESEL OIL IMPORTADO EESS,20000.0,L,R&E 3000 S.R.L.,1197-ATI,Diesel Oil Importado,DIESEL_IMPORTADO,Ciudad,
2026-09-21,2026-09-21,True,False,Santa Cruz,DIESEL OIL IMPORTADO EESS,10000.0,L,ESTACION DE SERVICIO MORAGRANDE S.R.L. (SUC 1),1893-NTP,Diesel Oil Importado,DIESEL_IMPORTADO,Ciudad,
2026-09-21,2026-09-21,True,False,Santa Cruz,DIESEL OIL IMPORTADO EESS,20000.0,L,ESTACION DE SERVICIO MORAGRANDE S.R.L.,1893-NTP,Diesel Oil Importado,DIESEL_IMPORTADO,Ciudad,
2026-09-21,2026-09-21,True,False,Santa Cruz,DIESEL OIL IMPORTADO EESS,25000.0,L,ESTACION DE SERVICIO LA COLORADA,2229-HLP,Diesel Oil Importado,DIESEL_IMPORTADO,Ciudad,
2026-09-21,2026-09-21,True,False,Santa Cruz,DIESEL OIL NACIONAL EESS,25000.0,L,ESTACION DE SERVICIO SAN SALVADOR - SILVIA VARGAS CRESPO,2307-HGK,Diesel Oil Nacional,DIESEL_NACIONAL,Provincia,2026-09-22T02:27:32.430000+00:00
2026-09-21,2026-09-21,True,False,Santa Cruz,DIESEL OIL NACIONAL EESS,25000.0,L,SURTIDOR ACIPA - SJ S.R.L.,4120-ZNB,Diesel Oil Nacional,DIESEL_NACIONAL,Provincia,2026-09-22T02:25:14.600000+00:00
2026-09-21,2026-09-21,True,False,Santa Cruz,DIESEL OIL NACIONAL EESS,20000.0,L,ESTACION DE SERVICIO PAULINA S.R.L.,130-TKT,Diesel Oil Nacional,DIESEL_NACIONAL,Provincia,2026-09-22T02:22:16.153000+00:00
2026-09-21,2026-09-21,True,False,Santa Cruz,GASOLINA ESPECIAL + EESS,20000.0,L,ESTACION DE SERVICIO PETRO VAL S.R.L.,1292-AKT,Gasolina Especial +,GASOLINA_ESPECIAL_MAS,Provincia,2026-09-22T02:19:37.597000+00:00
2026-09-21,2026-09-21,True,False,Santa Cruz,DIESEL OIL NACIONAL EESS,10000.0,L,ESTACION DE SERVICIO FLORES-SIMONA FLORES FLORES,1757-BGC,Diesel Oil Nacional,DIESEL_NACIONAL,Provincia,2026-09-22T02:13:53.577000+00:00
2026-09-21,2026-09-21,True,False,Santa Cruz,GASOLINA ESPECIAL + EESS,20000.0,L,ESTACION DE SERVICIO FLORES-SIMONA FLORES FLORES,1757-BGC,Gasolina Especial +,GASOLINA_ESPECIAL_MAS,Provincia,2026-09-22T02:13:53.577000+00:00
2026-09-21,2026-09-21,True,False,Santa Cruz,GASOLINA ESPECIAL + EESS,20000.0,L,ESTACION DE SERVICIO SAN JOSE DE YAPACANI S.R.L.,982-ZKH,Gasolina Especial +,GASOLINA_ESPECIAL_MAS,Provincia,2026-09-22T02:08:19.440000+00:00
2026-09-21,2026-09-21,True,False,Santa Cruz,DIESEL OIL NACIONAL EESS,20000.0,L,ESTACION DE SERVICIO DURAZNERO-DANA FLORES DAVALOS,5638-CXH,Diesel Oil Nacional,DIESEL_NACIONAL,Provincia,2026-09-22T01:59:16.697000+00:00
2026-09-21,2026-09-21,True,False,Santa Cruz,DIESEL OIL NACIONAL EESS,10000.0,L,ESTACION DE SERVICIO DANA S.R.L.,5638-CXH,Diesel Oil Nacional,DIESEL_NACIONAL,Provincia,2026-09-22T01:59:16.697000+00:00
2026-09-21,,True,False,Santa Cruz,GASOLINA ESPECIAL,5000.0,L,YPFB,085-ULB,Gasolina Especial,GASOLINA_ESPECIAL,,2026-09-22T01:43:30.900000+00:00
2026-09-21,,True,False,Santa Cruz,GASOLINA ESPECIAL,10000.0,L,YPFB,085-ULB,Gasolina Especial,GASOLINA_ESPECIAL,,2026-09-22T01:43:30.900000+00:00
2026-09-21,2026-09-21,True,False,Santa Cruz,DIESEL OIL NACIONAL EESS,20000.0,L,ESTACION DE SERVICIO GASCAR S.R.L.,5342-KHY,Diesel Oil Nacional,DIESEL_NACIONAL,Provincia,2026-09-22T01:55:35.883000+00:00
2026-09-21,2026-09-21,True,False,Santa Cruz,GASOLINA ESPECIAL + (S/DSI),25000.0,L,SURTIDOR VARDONA - SUSANA POEHLMANN GARCIA,2801-BYP,Gasolina Especial +,GASOLINA_ESPECIAL_MAS,Ciudad,2026-09-22T01:47:23.297000+00:00
2026-09-21,2026-09-21,True,False,Santa Cruz,DIESEL OIL NACIONAL EESS,15000.0,L,ESTACION DE SERVICIO EL JUNTE-ALEJANDRA MARIEL BALCAZAR PAZ,2883-XTL,Diesel Oil Nacional,DIESEL_NACIONAL,Provincia,2026-09-22T01:38:01.320000+00:00
2026-09-21,2026-09-21,True,False,Santa Cruz,DIESEL OIL NACIONAL EESS,20000.0,L,ESTACION DE SERVICIO EL JUNTE-ALEJANDRA MARIEL BALCAZAR PAZ,2883-XTL,Diesel Oil Nacional,DIESEL_NACIONAL,Provincia,2026-09-22T01:38:01.320000+00:00
2026-09-21,2026-09-21,True,False,Santa Cruz,DIESEL OIL IMPORTADO EESS,3000.0,L,ESTACION DE SERVICIO URBARI SRL,375-KIH,Diesel Oil Importado,DIESEL_IMPORTADO,Ciudad,2026-09-22T01:31:33.333000+00:00
2026-09-21,2026-09-21,True,False,Santa Cruz,DIESEL OIL NACIONAL EESS,25000.0,L,ESTACION DE SERVICIO EL JUNTE II-ALEJANDRA MARIEL BALCAZAR PAZ,468-RHE,Diesel Oil Nacional,DIESEL_NACIONAL,Provincia,2026-09-22T01:23:57.677000+00:00
2026-09-21,2026-09-21,True,False,Santa Cruz,DIESEL OIL NACIONAL EESS,20000.0,L,D-GAS S.A. SUCURSAL SANTA CRUZ,2511-RLA,Diesel Oil Nacional,DIESEL_NACIONAL,Provincia,2026-09-22T01:19:19.620000+00:00
2026-09-21,2026-09-21,True,False,Santa Cruz,GASOLINA ESPECIAL + (S/DSI),20000.0,L,ESTACION DE SERVICIO JOSE JALDIN S.R.L,2319-UPC,Gasolina Especial +,GASOLINA_ESPECIAL_MAS,Ciudad,2026-09-22T01:14:54.937000+00:00
2026-09-21,2026-09-21,True,False,Santa Cruz,GASOLINA ESPECIAL + EESS,20000.0,L,ESTACION DE SERVICIO SAN SALVADOR - SILVIA VARGAS CRESPO,2382-TSC,Gasolina Especial +,GASOLINA_ESPECIAL_MAS,Provincia,2026-09-22T01:11:56.210000+00:00
2026-09-21,2026-09-21,True,False,Santa Cruz,DIESEL OIL IMPORTADO EESS,15000.0,L,GENEX S.A-SUCURSAL S.C ZONA GUARACACHI,1115-DLF,Diesel Oil Importado,DIESEL_IMPORTADO,Ciudad,2026-09-22T01:06:17.287000+00:00
2026-09-21,2026-09-21,True,False,Santa Cruz,DIESEL OIL IMPORTADO EESS,10000.0,L,CIA BOLIVIANA DE GAS NATURAL COMPRIMIDO GENEX SA,1115-DLF,Diesel Oil Importado,DIESEL_IMPORTADO,Ciudad,2026-09-22T01:06:17.287000+00:00
2026-09-21,2026-09-21,True,False,Santa Cruz,DIESEL OIL IMPORTADO EESS,25000.0,L,SERVICIOS GENERALES LA CAÑADA S.R.L.,2215-HBF,Diesel Oil Importado,DIESEL_IMPORTADO,Ciudad,2026-09-22T01:03:45.480000+00:00
2026-09-21,2026-09-21,True,False,Santa Cruz,GASOLINA ESPECIAL + EESS,20000.0,L,TARIFA S.R.L.,1636-FLK,Gasolina Especial +,GASOLINA_ESPECIAL_MAS,Provincia,2026-09-22T00:58:55.133000+00:00
2026-09-21,2026-09-21,True,False,Santa Cruz,GASOLINA ESPECIAL + (S/DSI),20000.0,L,ESTACION DE SERVICIO EL TAROPE - JHONNY AGUILAR ADRIAZOLA,1744-UZH,Gasolina Especial +,GASOLINA_ESPECIAL_MAS,Ciudad,
2026-09-21,2026-09-21,True,False,Santa Cruz,GASOLINA ESPECIAL + (S/DSI),20000.0,L,ESTACION DE SERVICIO LA CHORRERA SRL,885-PZL,Gasolina Especial +,GASOLINA_ESPECIAL_MAS,Ciudad,
2026-09-21,2026-09-21,True,False,Santa Cruz,GASOLINA ESPECIAL + (S/DSI),20000.0,L,ESTACION DE SERVICIO DICOR S.R.L.,2359-ZUT,Gasolina Especial +,GASOLINA_ESPECIAL_MAS,Ciudad,
2026-09-21,2026-09-18,True,True,Santa Cruz,GASOLINA ESPECIAL + EESS,15000.0,L,ESTACION DE SERVICIO PIRAI S.R.L. SUCURSAL 1,4410-LAU,Gasolina Especial +,GASOLINA_ESPECIAL_MAS,Provincia,2026-09-22T00:29:29.763000+00:00
2026-09-21,2026-09-21,True,False,Santa Cruz,GASOLINA ESPECIAL + (S/DSI),15000.0,L,EMPRESA DE SERVICIOS 8 DE NOVIEMBRE LTDA.,1831-SEK,Gasolina Especial +,GASOLINA_ESPECIAL_MAS,Ciudad,
2026-09-21,2026-09-21,True,False,Santa Cruz,GASOLINA ESPECIAL + (S/DSI),20000.0,L,REFINERIA ORIENTAL S.A.-SUC. BARRIO LAZARETO,1113-EAA,Gasolina Especial +,GASOLINA_ESPECIAL_MAS,Ciudad,
2026-09-21,2026-09-21,True,False,Santa Cruz,GASOLINA ESPECIAL + EESS,5000.0,L,ESTACION DE SERVICIO MIRANDA S.R.L.,2522-BEF,Gasolina Especial +,GASOLINA_ESPECIAL_MAS,Provincia,2026-09-22T00:53:50.567000+00:00
2026-09-21,2026-09-21,True,False,Santa Cruz,GASOLINA ESPECIAL + EESS,20000.0,L,ESTACION DE SERVICIO MIRANDA S.R.L.,2522-BEF,Gasolina Especial +,GASOLINA_ESPECIAL_MAS,Provincia,2026-09-22T00:53:50.567000+00:00
2026-09-21,2026-09-21,True,False,Santa Cruz,DIESEL OIL IMPORTADO EESS,5000.0,L,LAS PALMAS S.R.L.,967-HFA,Diesel Oil Importado,DIESEL_IMPORTADO,Ciudad,2026-09-22T00:47:39.840000+00:00
2026-09-21,2026-09-21,True,False,Santa Cruz,DIESEL OIL IMPORTADO EESS,25000.0,L,ESTACION DE SERVICIOS VIRGEN DE COTOCA S.R.L.,1174-GCP,Diesel Oil Importado,DIESEL_IMPORTADO,Ciudad,2026-09-22T00:41:50.110000+00:00
2026-09-21,2026-09-21,True,False,Santa Cruz,GASOLINA ESPECIAL + EESS,20000.0,L,ESTACION DE SERVICIO EL TINTO S.R.L.,303-DEH,Gasolina Especial +,GASOLINA_ESPECIAL_MAS,Provincia,2026-09-22T00:39:40.837000+00:00
2026-09-21,2026-09-21,True,False,Santa Cruz,DIESEL OIL IMPORTADO EESS,10000.0,L,SURTIDOR EL PALMAR - DIONICIO CONDORI RODRIGUEZ,782-YPK,Diesel Oil Importado,DIESEL_IMPORTADO,Ciudad,2026-09-22T00:26:55.877000+00:00
2026-09-21,2026-09-21,True,False,Santa Cruz,DIESEL OIL IMPORTADO EESS,20000.0,L,ESTACION DE SERVICIO GUAYACAN S.R.L.,294-PHT,Diesel Oil Importado,DIESEL_IMPORTADO,Ciudad,2026-09-22T00:23:22.983000+00:00
2026-09-21,2026-09-21,True,False,Santa Cruz,GASOLINA ESPECIAL + (S/DSI),15000.0,L,REFINERIA ORIENTAL S.A. SUCURSAL MONTECRISTO,1390-DBC,Gasolina Especial +,GASOLINA_ESPECIAL_MAS,Ciudad,2026-09-22T00:05:27.917000+00:00
2026-09-21,2026-09-21,True,False,Santa Cruz,GASOLINA ESPECIAL + (S/DSI),20000.0,L,ESTACION DE SERVICIO SUR S.R.L.-SUCURSAL ESTACION DE SERVICIO LA TECA,1390-DBC,Gasolina Especial +,GASOLINA_ESPECIAL_MAS,Ciudad,2026-09-22T00:05:27.917000+00:00
2026-09-21,2026-09-21,True,False,Santa Cruz,DIESEL OIL NACIONAL EESS,15000.0,L,ESTACION DE SERVICIO LA CUEVA - ROLANDO CHAVEZ VACA,1176-SCT,Diesel Oil Nacional,DIESEL_NACIONAL,Provincia,2026-09-22T00:01:04.250000+00:00
2026-09-21,2026-09-21,True,False,Santa Cruz,DIESEL OIL NACIONAL EESS,15000.0,L,ESTACION DE SERVICIO EL MIRADOR - SONIA SORUCO ROCA,1176-SCT,Diesel Oil Nacional,DIESEL_NACIONAL,Provincia,2026-09-22T00:01:04.250000+00:00
2026-09-21,2026-09-21,True,False,Santa Cruz,DIESEL OIL NACIONAL EESS,10000.0,L,ESTACION DE SERVICIO VALLES CRUCEÑOS,1100-GFG,Diesel Oil Nacional,DIESEL_NACIONAL,Provincia,2026-09-21T23:44:44.623000+00:00
2026-09-21,2026-09-21,True,False,Santa Cruz,GASOLINA ESPECIAL + EESS,20000.0,L,ESTACION DE SERVICIO VALLES CRUCEÑOS,1100-GFG,Gasolina Especial +,GASOLINA_ESPECIAL_MAS,Provincia,2026-09-21T23:44:44.623000+00:00
2026-09-21,2026-09-21,True,False,Santa Cruz,GASOLINA ESPECIAL + EESS,5000.0,L,ESTACION DE SERVICIO VALLES CRUCEÑOS,1100-GFG,Gasolina Especial +,GASOLINA_ESPECIAL_MAS,Provincia,2026-09-21T23:44:44.623000+00:00
2026-09-21,2026-09-20,True,True,Santa Cruz,GASOLINA ESPECIAL + (S/DSI),5000.0,L,ESTACION DE SERVICIO LAS CONCHAS S.R.L.-SUCURSAL LA ENCONADA,389-IPX,Gasolina Especial +,GASOLINA_ESPECIAL_MAS,Provincia,2026-09-21T23:30:57.370000+00:00
2026-09-21,2026-09-20,True,True,Santa Cruz,DIESEL OIL IMPORTADO EESS,25000.0,L,ESTACION DE SERVICIO LAS CONCHAS S.R.L.-SUCURSAL LA ENCONADA,389-IPX,Diesel Oil Importado,DIESEL_IMPORTADO,Provincia,2026-09-21T23:30:57.370000+00:00
2026-09-21,2026-09-21,True,False,Santa Cruz,GASOLINA ESPECIAL + EESS,20000.0,L,GOTEON S.R.L.,453-IYH,Gasolina Especial +,GASOLINA_ESPECIAL_MAS,Provincia,2026-09-21T23:23:15.677000+00:00
2026-09-21,2026-09-21,True,False,Santa Cruz,DIESEL OIL IMPORTADO EESS,10000.0,L,ESTACION DE SERVICIO VERGARA - FABIOLA NOEMI ZORRILLO VERGARA,1184-YND,Diesel Oil Importado,DIESEL_IMPORTADO,Ciudad,2026-09-21T23:19:12.723000+00:00
2026-09-21,2026-09-21,True,False,Santa Cruz,GASOLINA ESPECIAL + EESS,20000.0,L,"ESTACION DE SERVICIO ""S.J"" S.R.L.",3598-KXG,Gasolina Especial +,GASOLINA_ESPECIAL_MAS,Provincia,2026-09-21T23:15:00.640000+00:00
2026-09-21,2026-09-21,True,False,Santa Cruz,DIESEL OIL IMPORTADO EESS,20000.0,L,ESTACION DE SERVICIO DICOR S.R.L.,3877-PTG,Diesel Oil Importado,DIESEL_IMPORTADO,Ciudad,2026-09-21T23:08:27.277000+00:00
2026-09-21,2026-09-21,True,False,Santa Cruz,GASOLINA ESPECIAL + EESS,20000.0,L,ESTACION DE SERVICIO MINERO-JHONNY QUINTEROS VASQUEZ,512-ZZA,Gasolina Especial +,GASOLINA_ESPECIAL_MAS,Provincia,2026-09-21T22:59:20.200000+00:00
2026-09-21,2026-09-20,True,True,Santa Cruz,GASOLINA ESPECIAL + EESS,20000.0,L,ESTACION DE SERVICIO KM. 75 S.R.L,107-XTA,Gasolina Especial +,GASOLINA_ESPECIAL_MAS,Provincia,2026-09-21T22:41:40.470000+00:00
2026-09-21,2026-09-21,True,False,Santa Cruz,GASOLINA ESPECIAL + EESS,20000.0,L,ESTACION DE SERVICIO TORRIAYALA S.R.L.,4491-PRD,Gasolina Especial +,GASOLINA_ESPECIAL_MAS,Provincia,2026-09-21T22:48:33.010000+00:00
2026-09-21,2026-09-21,True,False,Santa Cruz,DIESEL OIL IMPORTADO EESS,15000.0,L,ESTACION DE SERVICIO ELISA S.R.L.,1176-UST,Diesel Oil Importado,DIESEL_IMPORTADO,Ciudad,2026-09-21T22:35:43.573000+00:00
2026-09-21,2026-09-21,True,False,Santa Cruz,DIESEL OIL IMPORTADO EESS,15000.0,L,ESTACION DE SERVICIO MONTAÑO S.R.L.,3031-PAN,Diesel Oil Importado,DIESEL_IMPORTADO,Ciudad,2026-09-21T22:33:02.860000+00:00
2026-09-21,2026-09-20,True,True,Santa Cruz,GASOLINA ESPECIAL + (S/DSI),5000.0,L,ESTACION DE SERVICIO LA CIMA,297-ACK,Gasolina Especial +,GASOLINA_ESPECIAL_MAS,Ciudad,
2026-09-21,2026-09-21,True,False,Santa Cruz,GLP DISTRIB. 45 KILOS NAL,4500.0,L,DIST. GLP. ALTAMARGAS Juan Pablo Melgarejo Iriarte,3586-ITS,GLP,GLP,,
2026-09-21,2026-09-21,True,False,Santa Cruz,GLP DISTRIB. 10 KILOS NAL,13200.0,L,DIST.GLP.CAMPO GAS-ELSA FELICIDAD USCAMAYTA CHOQUE DE TAPIA,1805-ZNX,GLP,GLP,,
2026-09-21,2026-09-21,True,False,Santa Cruz,GASOLINA ESPECIAL + EESS,20000.0,L,ESTACION DE SERVICIO RUTA NORTE S.R.L.,3589-UKG,Gasolina Especial +,GASOLINA_ESPECIAL_MAS,Provincia,2026-09-21T22:27:08.813000+00:00
2026-09-21,2026-09-21,True,False,Santa Cruz,DIESEL OIL IMPORTADO EESS,10000.0,L,ESTACION DE SERVICIO LA CHORRERA SRL,885-PZL,Diesel Oil Importado,DIESEL_IMPORTADO,Ciudad,2026-09-21T22:07:48.927000+00:00
2026-09-21,2026-09-21,True,False,Santa Cruz,GASOLINA ESPECIAL + (S/DSI),30000.0,L,ESTACION DE SERVICIO REFINERIA ORIENTAL S.A. - SUC. ZONA 4° ANILLO FRENTE A BUFALO PARK - SC,4108-GPL,Gasolina Especial +,GASOLINA_ESPECIAL_MAS,Ciudad,2026-09-21T22:05:41.930000+00:00
2026-09-21,2026-09-21,True,False,Santa Cruz,DIESEL OIL NACIONAL EESS,10000.0,L,JARAJORECHI S.R.L.,878-ENK,Diesel Oil Nacional,DIESEL_NACIONAL,Provincia,2026-09-21T22:03:20.980000+00:00
2026-09-21,2026-09-21,True,False,Santa Cruz,DIESEL OIL NACIONAL EESS,10000.0,L,ESTACION DE SERVICIO ARACATACA,878-ENK,Diesel Oil Nacional,DIESEL_NACIONAL,Provincia,2026-09-21T22:03:20.980000+00:00
2026-09-21,2026-09-21,True,False,Santa Cruz,DIESEL OIL IMPORTADO EESS,25000.0,L,ESTACION DE SERVICIO TRES PASOS AL FRENTE - VITALIANO ROJAS OLIVERA,5002-IBN,Diesel Oil Importado,DIESEL_IMPORTADO,Ciudad,2026-09-21T21:59:03.007000+00:00
2026-09-21,,True,False,Santa Cruz,DIESEL OIL,20000.0,L,YPFB,085-ULB,Diesel Oil Nacional,DIESEL_NACIONAL,,2026-09-21T21:58:38.003000+00:00
2026-09-21,2026-09-21,True,False,Santa Cruz,GASOLINA ESPECIAL + (S/DSI),15000.0,L,SURTIDOR EL PALMAR - DIONICIO CONDORI RODRIGUEZ,782-YPK,Gasolina Especial +,GASOLINA_ESPECIAL_MAS,Ciudad,
2026-09-21,2026-09-21,True,False,Santa Cruz,GASOLINA ESPECIAL + (S/DSI),20000.0,L,ESTACION DE SERVICIO SUR SRL SUCURSAL 3,825-ATI,Gasolina Especial +,GASOLINA_ESPECIAL_MAS,Ciudad,
2026-09-21,2026-09-21,True,False,Santa Cruz,GASOLINA ESPECIAL + (S/DSI),5000.0,L,REFINERIA ORIENTAL S.A. SUC. NOR ESTE,1388-TGA,Gasolina Especial +,GASOLINA_ESPECIAL_MAS,Ciudad,
2026-09-21,2026-09-21,True,False,Santa Cruz,GASOLINA ESPECIAL + (S/DSI),15000.0,L,REFINERIA ORIENTAL S.A. SUC. NOR ESTE,825-ATI,Gasolina Especial +,GASOLINA_ESPECIAL_MAS,Ciudad,
2026-09-21,2026-09-21,True,False,Santa Cruz,GASOLINA ESPECIAL + (S/DSI),20000.0,L,REFINERIA ORIENTAL S.A.,1128-FUX,Gasolina Especial +,GASOLINA_ESPECIAL_MAS,Ciudad,
2026-09-21,2026-09-21,True,False,Santa Cruz,GASOLINA ESPECIAL + (S/DSI),10000.0,L,COMPLEJO AUTOMOTRIZ VIRGEN DE URKUPIÑA S.R.L.,950-ZBY,Gasolina Especial +,GASOLINA_ESPECIAL_MAS,Ciudad,
2026-09-21,2026-09-21,True,False,Santa Cruz,GASOLINA ESPECIAL + (S/DSI),15000.0,L,ESTACION DE SERVICIO MONTAÑO S.R.L.,3031-PAN,Gasolina Especial +,GASOLINA_ESPECIAL_MAS,Ciudad,
2026-09-21,2026-09-21,True,False,Santa Cruz,GASOLINA ESPECIAL + (S/DSI),19900.0,L,ESTACION DE SERVICIO LA CIMA,297-ACK,Gasolina Especial +,GASOLINA_ESPECIAL_MAS,Ciudad,
2026-09-21,2026-09-21,True,False,Santa Cruz,GASOLINA ESPECIAL + (S/DSI),30000.0,L,ESTACION DE SERVICIO PANTANAL DEL ORIENTE-ALVARO LUIS AGUILAR ADRIAZOLA,584-RKD,Gasolina Especial +,GASOLINA_ESPECIAL_MAS,Ciudad,
2026-09-21,2026-09-21,True,False,Santa Cruz,GASOLINA ESPECIAL + EESS,20000.0,L,COMPAÑIA COMERCIALIZADORA BOLIVIANA DE HIDROCARBUROS CONFI S.R.L.,5297-DNG,Gasolina Especial +,GASOLINA_ESPECIAL_MAS,Provincia,2026-09-21T21:57:26.137000+00:00
2026-09-21,2026-09-21,True,False,Santa Cruz,DIESEL OIL IMPORTADO EESS,5000.0,L,ESTACION DE SERVICIO QUINTO ANILLO S.R.L.,558-XDK,Diesel Oil Importado,DIESEL_IMPORTADO,Ciudad,2026-09-21T21:49:47.007000+00:00
2026-09-21,2026-09-21,True,False,Santa Cruz,DIESEL OIL IMPORTADO EESS,20000.0,L,ESTACION DE SERVICIO QUINTO ANILLO S.R.L.,558-XDK,Diesel Oil Importado,DIESEL_IMPORTADO,Ciudad,2026-09-21T21:49:47.007000+00:00
2026-09-21,2026-09-21,True,False,Santa Cruz,DIESEL OIL NACIONAL EESS,20000.0,L,ABERI SRL,1408-PLU,Diesel Oil Nacional,DIESEL_NACIONAL,Provincia,2026-09-21T21:40:36.857000+00:00
2026-09-21,2026-09-21,True,False,Santa Cruz,GASOLINA ESPECIAL + EESS,20000.0,L,ESTACION DE SERVICIO LA CUEVA - ROLANDO CHAVEZ VACA,6014-GEE,Gasolina Especial +,GASOLINA_ESPECIAL_MAS,Provincia,2026-09-21T21:37:39.813000+00:00
2026-09-21,2026-09-21,True,False,Santa Cruz,GASOLINA ESPECIAL + EESS,15000.0,L,ESTACION DE SERVICIO EL MIRADOR - SONIA SORUCO ROCA,6014-GEE,Gasolina Especial +,GASOLINA_ESPECIAL_MAS,Provincia,2026-09-21T21:37:39.813000+00:00
2026-09-21,2026-09-21,True,False,Santa Cruz,GASOLINA ESPECIAL + EESS,20000.0,L,ESTACION DE SERVICIO SUR S.R.L. SUCURSAL MONTE VERDE,4410-KXK,Gasolina Especial +,GASOLINA_ESPECIAL_MAS,Provincia,2026-09-21T21:29:38.160000+00:00
2026-09-21,2026-09-21,True,False,Santa Cruz,DIESEL OIL NACIONAL EESS,20000.0,L,ESTACION DE SERVICIO EL TINTO S.R.L.,5305-YZL,Diesel Oil Nacional,DIESEL_NACIONAL,Provincia,2026-09-21T21:20:40.987000+00:00
2026-09-21,2026-09-21,True,False,Santa Cruz,DIESEL OIL IMPORTADO EESS,15000.0,L,ESTACION DE SERVICIO LOS MANGALES S.R.L.,1005-XLH,Diesel Oil Importado,DIESEL_IMPORTADO,Ciudad,2026-09-21T21:17:31.620000+00:00
2026-09-21,2026-09-21,True,False,Santa Cruz,DIESEL OIL IMPORTADO EESS,10000.0,L,ESTACION DE SERVICIO EL ARROYO S.R.L.,1005-XLH,Diesel Oil Importado,DIESEL_IMPORTADO,Ciudad,2026-09-21T21:17:31.620000+00:00
2026-09-21,,True,False,Santa Cruz,GASOLINA ESPECIAL,20000.0,L,YPFB,6397-KXT,Gasolina Especial,GASOLINA_ESPECIAL,,2026-09-21T21:14:11.167000+00:00
2026-09-21,2026-09-21,True,False,Santa Cruz,GASOLINA ESPECIAL + EESS,25000.0,L,SURTIDOR ACIPA - SJ S.R.L.,5247-XTG,Gasolina Especial +,GASOLINA_ESPECIAL_MAS,Provincia,2026-09-21T21:07:08.410000+00:00
2026-09-21,2026-09-21,True,False,Santa Cruz,GASOLINA ESPECIAL + (S/DSI),20000.0,L,GENEX S.A SUCURSAL SANTA CRUZ ZONA ESTE,851-SLG,Gasolina Especial +,GASOLINA_ESPECIAL_MAS,Ciudad,2026-09-21T21:01:48.670000+00:00
2026-09-21,2026-09-21,True,False,Santa Cruz,GASOLINA ESPECIAL + (S/DSI),15000.0,L,GENEX S.A SUCURSAL S.C ZONA GUALBERTO VILLARROEL,851-SLG,Gasolina Especial +,GASOLINA_ESPECIAL_MAS,Ciudad,2026-09-21T21:01:48.670000+00:00
2026-09-21,2026-09-21,True,False,Santa Cruz,DIESEL OIL IMPORTADO EESS,20000.0,L,ESTACION DE SERVICIO EMANUEL S.R.L.,2330-NLD,Diesel Oil Importado,DIESEL_IMPORTADO,Ciudad,2026-09-21T20:58:34.320000+00:00
2026-09-21,2026-09-21,True,False,Santa Cruz,DIESEL OIL IMPORTADO EESS,15000.0,L,CENTRO DE COMERCIO Y SERVICIOS VALDIVIA FERRUFINO S.R.L.,2330-NLD,Diesel Oil Importado,DIESEL_IMPORTADO,Ciudad,2026-09-21T20:58:34.320000+00:00
2026-09-21,2026-09-21,True,False,Santa Cruz,GLP DISTRIB. 10 KILOS NAL,10700.0,L,DIST. GLP. CRUCEÑITA VASA S.R.L.,816-FTN,GLP,GLP,,
2026-09-21,2026-09-19,True,True,Santa Cruz,GLP DISTRIB. 10 KILOS NAL,12240.0,L,DIST. GLP. ALTAMARGAS Juan Pablo Melgarejo Iriarte,1316-NUG,GLP,GLP,,
2026-09-21,2026-09-18,True,True,Santa Cruz,GLP DISTRIB. 10 KILOS NAL,2160.0,L,DIST. GLP. VALLE GAS - Nancy Arteaga de Lazo,3075-TFX,GLP,GLP,,
2026-09-21,2026-09-21,True,False,Santa Cruz,GLP DISTRIB. 10 KILOS NAL,6610.0,L,SOPESE S.R.L.,5741-ADC,GLP,GLP,,
2026-09-21,2026-09-21,True,False,Santa Cruz,GLP DISTRIB. 10 KILOS NAL,10650.0,L,DIST. GLP. OSCAR GAS - Betty Maldonado,2443-ICK,GLP,GLP,,
2026-09-21,2026-09-21,True,False,Santa Cruz,GLP DISTRIB. 10 KILOS NAL,6480.0,L,DIST. DE GLP EL CUMPITO-EMILIO ELIAS ROBLES SUMOYA,2302-GYK,GLP,GLP,,
2026-09-21,2026-09-19,True,True,Santa Cruz,GLP DISTRIB. 10 KILOS NAL,5940.0,L,DIST. GLP. MARY-MARIA ELENA TAPIA USCAMAITA,526-ZZY,GLP,GLP,,
2026-09-21,2026-09-21,True,False,Santa Cruz,GLP DISTRIB. 10 KILOS NAL,11520.0,L,CARMEN R. MELGAREJO GONZALES - DIST. CENTRO GAS,2832-PDP,GLP,GLP,,
2026-09-21,2026-09-19,True,True,Santa Cruz,GLP DISTRIB. 45 KILOS NAL,2250.0,L,CARMEN R. MELGAREJO GONZALES - DIST. CENTRO GAS,6663-IUD,GLP,GLP,,
2026-09-21,2026-09-21,True,False,Santa Cruz,GLP DISTRIB. 10 KILOS NAL,11640.0,L,AGROGAS S.R.L.,547-ZXY,GLP,GLP,,
2026-09-21,2026-09-21,True,False,Santa Cruz,GLP DISTRIB. 10 KILOS NAL,8640.0,L,SOPESE S.R.L.,5268-EKA,GLP,GLP,,
2026-09-21,2026-09-21,True,False,Santa Cruz,GLP DISTRIB. 10 KILOS NAL,13200.0,L,JYRL GAS - LOURDES MORALES DE QUIROZ,302-HDB,GLP,GLP,,
2026-09-21,2026-09-21,True,False,Santa Cruz,DIESEL OIL IMPORTADO EESS,20000.0,L,"EMPRESA DAVILA IMPORTADORA-EXPORTADORA S.R.L. ""DAIMPORT - EXPORT LTDA""",1189-IUF,Diesel Oil Importado,DIESEL_IMPORTADO,Ciudad,2026-09-21T20:55:19.723000+00:00
2026-09-21,2026-09-21,True,False,Santa Cruz,DIESEL OIL IMPORTADO EESS,20000.0,L,ESTACION DE SERVICIO CLUB GAZEL S.R.L.,2434-YRP,Diesel Oil Importado,DIESEL_IMPORTADO,Ciudad,2026-09-21T20:49:16.240000+00:00
2026-09-21,2026-09-21,True,False,Santa Cruz,GASOLINA ESPECIAL + (S/DSI),10000.0,L,LAS PALMAS S.R.L.,967-HFA,Gasolina Especial +,GASOLINA_ESPECIAL_MAS,Ciudad,2026-09-21T20:41:37.493000+00:00
2026-09-21,2026-09-21,True,False,Santa Cruz,GASOLINA ESPECIAL + (S/DSI),20000.0,L,ESTACION DE SERVICIO DAVILA S.R.L.,1445-CDA,Gasolina Especial +,GASOLINA_ESPECIAL_MAS,Ciudad,2026-09-21T20:29:47.080000+00:00
2026-09-21,2026-09-21,True,False,Santa Cruz,GASOLINA ESPECIAL + EESS,20000.0,L,MUYURINA LTDA,647-NPX,Gasolina Especial +,GASOLINA_ESPECIAL_MAS,Provincia,2026-09-21T20:27:40.463000+00:00
2026-09-21,2026-09-20,True,True,Santa Cruz,DIESEL OIL NACIONAL EESS,5000.0,L,ESTACION DE SERVICIO VELEZ-HEBERTH VELEZ CORTEZ,1504-CKU,Diesel Oil Nacional,DIESEL_NACIONAL,Provincia,2026-09-21T19:45:35.007000+00:00
2026-09-21,2026-09-21,True,False,Santa Cruz,GASOLINA ESPECIAL + EESS,20000.0,L,ESTACION DE SERVICIO EL AGRICULTOR-CLAUDINA PILLCO LOZA,2251-LZR,Gasolina Especial +,GASOLINA_ESPECIAL_MAS,Provincia,2026-09-21T20:22:02.283000+00:00
2026-09-21,2026-09-21,True,False,Santa Cruz,GASOLINA ESPECIAL + EESS,20000.0,L,ESTACION DE SERVICIO GASCAR S.R.L.,5342-KHY,Gasolina Especial +,GASOLINA_ESPECIAL_MAS,Provincia,2026-09-21T20:10:59.550000+00:00
2026-09-21,2026-09-21,True,False,Santa Cruz,GASOLINA ESPECIAL + (S/DSI),20000.0,L,REFINERIA ORIENTAL S.A.-SUC. TERCER ANILLO INTERNO FRENTE CANCHITA ROYAL,1999-CDP,Gasolina Especial +,GASOLINA_ESPECIAL_MAS,Ciudad,2026-09-21T20:02:15.523000+00:00
2026-09-21,2026-09-21,True,False,Santa Cruz,GASOLINA ESPECIAL + EESS,20000.0,L,ESTACION DE SERVICIO CARLOS ANDRES FI S.R.L.,1526-TEI,Gasolina Especial +,GASOLINA_ESPECIAL_MAS,Provincia,2026-09-21T19:49:51.993000+00:00
2026-09-21,2026-09-21,True,False,Santa Cruz,GASOLINA ESPECIAL + EESS,25000.0,L,ESTACION DE SERVICIO VELEZ-HEBERTH VELEZ CORTEZ,1504-CKU,Gasolina Especial +,GASOLINA_ESPECIAL_MAS,Provincia,2026-09-21T19:45:35.007000+00:00
2026-09-21,2026-09-21,True,False,Santa Cruz,GASOLINA ESPECIAL + EESS,20000.0,L,ESTACION DE SERVICIO CASCABEL SUC. CUATRO CAÑADAS-YOHANA PAOLA VACA GUZMAN,4124-YBX,Gasolina Especial +,GASOLINA_ESPECIAL_MAS,Provincia,2026-09-21T19:27:30.723000+00:00
2026-09-21,2026-09-21,True,False,Santa Cruz,DIESEL OIL NACIONAL EESS,15000.0,L,ESTACION DE SERVICIO LA GUARDIA,1803-YHK,Diesel Oil Nacional,DIESEL_NACIONAL,Provincia,2026-09-21T19:21:32.227000+00:00
2026-09-21,2026-09-21,True,False,Santa Cruz,GASOLINA ESPECIAL + EESS,20000.0,L,SURTIDOR EL PATUJU - ROGELIO LA FUENTE OLIVERA,1865-TSA,Gasolina Especial +,GASOLINA_ESPECIAL_MAS,Provincia,2026-09-21T19:13:34.430000+00:00
2026-09-21,2026-09-21,True,False,Santa Cruz,GASOLINA ESPECIAL + (S/DSI),5000.0,L,GENEX S.A. SUCURSAL ZONA NOR ESTE,1115-DLF,Gasolina Especial +,GASOLINA_ESPECIAL_MAS,Ciudad,2026-09-21T19:08:28.933000+00:00
2026-09-21,2026-09-21,True,False,Santa Cruz,GASOLINA ESPECIAL + (S/DSI),25000.0,L,CIA BOLIVIANA DE GAS NATURAL COMPRIMIDO GENEX SA,1115-DLF,Gasolina Especial +,GASOLINA_ESPECIAL_MAS,Ciudad,2026-09-21T19:08:28.933000+00:00
2026-09-21,2026-09-21,True,False,Santa Cruz,DIESEL OIL IMPORTADO EESS,25000.0,L,EMPRESA DE SERVICIOS 8 DE NOVIEMBRE LTDA.,1831-SEK,Diesel Oil Importado,DIESEL_IMPORTADO,Ciudad,2026-09-21T19:03:42.173000+00:00
2026-09-21,2026-09-21,True,False,Santa Cruz,GASOLINA ESPECIAL + EESS,20000.0,L,D-GAS S.A. SUCURSAL SANTA CRUZ,2511-RLA,Gasolina Especial +,GASOLINA_ESPECIAL_MAS,Provincia,2026-09-21T18:35:29.067000+00:00
2026-09-21,2026-09-21,True,False,Santa Cruz,DIESEL OIL NACIONAL EESS,15000.0,L,PARTICIPACIONES E INVERSIONES EN GAS - PIGAS S.A.,1169-YKS,Diesel Oil Nacional,DIESEL_NACIONAL,Provincia,2026-09-21T18:32:15.987000+00:00
2026-09-21,2026-09-21,True,False,Santa Cruz,GASOLINA ESPECIAL + EESS,20000.0,L,PARTICIPACIONES E INVERSIONES EN GAS - PIGAS S.A.,1169-YKS,Gasolina Especial +,GASOLINA_ESPECIAL_MAS,Provincia,2026-09-21T18:32:15.987000+00:00
2026-09-21,2026-09-21,True,False,Santa Cruz,DIESEL OIL NACIONAL EESS,25000.0,L,"EE.SS. COOP. DE SERVICIOS PUBLICOS DE AGUA POTABLE Y ALCANTARILLADO ""MONTES CLAROS"" R.L.",3134-RAX,Diesel Oil Nacional,DIESEL_NACIONAL,Provincia,2026-09-21T18:28:08.297000+00:00
2026-09-21,2026-09-21,True,False,Santa Cruz,GASOLINA ESPECIAL + (S/DSI),20000.0,L,ESTACION DE SERVICIO SAN LUIS,244-ANI,Gasolina Especial +,GASOLINA_ESPECIAL_MAS,Ciudad,2026-09-21T18:11:44.863000+00:00
2026-09-21,2026-09-21,True,False,Santa Cruz,GASOLINA ESPECIAL + (S/DSI),20000.0,L,ESTACION DE SERVICIOS VIRGEN DE COTOCA S.R.L.,3850-ANL,Gasolina Especial +,GASOLINA_ESPECIAL_MAS,Ciudad,2026-09-21T18:08:12.750000+00:00
2026-09-22,2026-09-22,True,False,Santa Cruz,GASOLINA ESPECIAL + (S/DSI),15000.0,L,ESTACION DE SERVICIO QUINTO ANILLO S.R.L.,3018-UKU,Gasolina Especial +,GASOLINA_ESPECIAL_MAS,Ciudad,
2026-09-22,2026-09-21,True,True,Santa Cruz,GASOLINA ESPECIAL + EESS,15000.0,L,ESTACION DE SERVICIO EL TAJIBO OKINAWA,1122-SRR,Gasolina Especial +,GASOLINA_ESPECIAL_MAS,Provincia,2026-09-22T16:12:56.907000+00:00
2026-09-22,2026-09-21,True,True,Santa Cruz,DIESEL OIL NACIONAL EESS,15000.0,L,ESTACION DE SERVICIO EL TAJIBO OKINAWA,1122-SRR,Diesel Oil Nacional,DIESEL_NACIONAL,Provincia,2026-09-22T16:12:56.907000+00:00
2026-09-22,2026-09-21,True,True,Santa Cruz,DIESEL OIL NACIONAL EESS,15000.0,L,ESTACION DE SERVICIO DANA S.R.L.,2182-HII,Diesel Oil Nacional,DIESEL_NACIONAL,Provincia,2026-09-22T16:07:37.937000+00:00
2026-09-22,2026-09-22,True,False,Santa Cruz,GASOLINA ESPECIAL + (S/DSI),15000.0,L,ESTACION DE SERVICIO ORSA S.R.L.,5583-ADI,Gasolina Especial +,GASOLINA_ESPECIAL_MAS,Ciudad,
2026-09-22,2026-09-22,True,False,Santa Cruz,GASOLINA ESPECIAL + (S/DSI),20000.0,L,ESTACION DE SERVICIO ORSA SRL-SUCURSAL 1,5583-ADI,Gasolina Especial +,GASOLINA_ESPECIAL_MAS,Provincia,
2026-09-22,2026-09-22,True,False,Santa Cruz,GASOLINA ESPECIAL + (S/DSI),20000.0,L,ESTACION DE SERVICIO MORAGRANDE S.R.L.,1893-NTP,Gasolina Especial +,GASOLINA_ESPECIAL_MAS,Ciudad,
2026-09-22,2026-09-22,True,False,Santa Cruz,GASOLINA ESPECIAL + (S/DSI),20000.0,L,ESTACION DE SERVICIO YOTAU S.R.L.,3792-ENE,Gasolina Especial +,GASOLINA_ESPECIAL_MAS,Ciudad,
2026-09-22,2026-09-21,True,True,Santa Cruz,GASOLINA ESPECIAL + (S/DSI),20000.0,L,ESTACION DE SERVICIO LOS COYUYOS-JULIA GONZALES,3589-UKG,Gasolina Especial +,GASOLINA_ESPECIAL_MAS,Ciudad,
2026-09-22,2026-09-21,True,True,Santa Cruz,GASOLINA ESPECIAL + (S/DSI),10000.0,L,LAS PALMAS S.R.L.,967-HFA,Gasolina Especial +,GASOLINA_ESPECIAL_MAS,Ciudad,
2026-09-22,2026-09-21,True,True,Santa Cruz,DIESEL OIL IMPORTADO EESS,25000.0,L,COMPLEJO AUTOMOTRIZ VIRGEN DE URKUPIÑA S.R.L.,1135-RGC,Diesel Oil Importado,DIESEL_IMPORTADO,Ciudad,2026-09-22T15:56:43.670000+00:00
2026-09-22,2026-09-21,True,True,Santa Cruz,DIESEL OIL IMPORTADO EESS,5000.0,L,ESTACION DE SERVICIO SUR S.R.L. SUCURSAL 2,514-HHE,Diesel Oil Importado,DIESEL_IMPORTADO,Ciudad,2026-09-22T15:53:52.700000+00:00
2026-09-22,2026-09-21,True,True,Santa Cruz,DIESEL OIL IMPORTADO EESS,5000.0,L,REFINERIA ORIENTAL S.A.-SUC. BARRIO LAZARETO,514-HHE,Diesel Oil Importado,DIESEL_IMPORTADO,Ciudad,2026-09-22T15:53:52.700000+00:00
2026-09-22,2026-09-21,True,True,Santa Cruz,DIESEL OIL IMPORTADO EESS,5000.0,L,ESTACION DE SERVICIO REFINERIA ORIENTAL S.A. - SUC. ZONA 4° ANILLO FRENTE A BUFALO PARK - SC,514-HHE,Diesel Oil Importado,DIESEL_IMPORTADO,Ciudad,2026-09-22T15:53:52.700000+00:00
2026-09-22,2026-09-21,True,True,Santa Cruz,DIESEL OIL IMPORTADO EESS,5000.0,L,REFINERIA ORIENTAL S.A. SUC. NOR ESTE,514-HHE,Diesel Oil Importado,DIESEL_IMPORTADO,Ciudad,2026-09-22T15:53:52.700000+00:00
2026-09-22,2026-09-21,True,True,Santa Cruz,DIESEL OIL IMPORTADO EESS,10000.0,L,REFINERIA ORIENTAL S.A. SUCURSAL MONTECRISTO,2801-BYP,Diesel Oil Importado,DIESEL_IMPORTADO,Ciudad,2026-09-22T15:29:30.150000+00:00
2026-09-22,2026-09-21,True,True,Santa Cruz,DIESEL OIL IMPORTADO EESS,25000.0,L,ESTACION DE SERVICIO SUR S.R.L.-SUCURSAL ESTACION DE SERVICIO LA TECA,2801-BYP,Diesel Oil Importado,DIESEL_IMPORTADO,Ciudad,2026-09-22T15:29:30.150000+00:00
2026-09-22,2026-09-21,True,True,Santa Cruz,DIESEL OIL IMPORTADO EESS,5000.0,L,REFINERIA ORIENTAL S.A. SUCURSAL MONTECRISTO,5775-AXE,Diesel Oil Importado,DIESEL_IMPORTADO,Ciudad,2026-09-22T15:23:42.953000+00:00
2026-09-22,2026-09-21,True,True,Santa Cruz,DIESEL OIL IMPORTADO EESS,15000.0,L,ESTACION DE SERVICIO SUR SRL SUCURSAL 3,5775-AXE,Diesel Oil Importado,DIESEL_IMPORTADO,Ciudad,2026-09-22T15:23:42.953000+00:00
2026-09-22,2026-09-22,True,False,Santa Cruz,GASOLINA ESPECIAL + EESS,15000.0,L,ESTACION DE SERVICIO SAN SILVESTRE,2265-BKN,Gasolina Especial +,GASOLINA_ESPECIAL_MAS,Provincia,2026-09-22T15:07:32.303000+00:00
2026-09-22,2026-09-21,True,True,Santa Cruz,GASOLINA ESPECIAL + EESS,20000.0,L,ESTACION DE SERVICIO SAN SILVESTRE,2265-BKN,Gasolina Especial +,GASOLINA_ESPECIAL_MAS,Provincia,2026-09-22T15:07:32.303000+00:00
2026-09-22,2026-09-21,True,True,Santa Cruz,DIESEL OIL IMPORTADO EESS,20000.0,L,COMPAÑIA COMERCIAL DE GAS COMPRIMIDO C.G.C. S.R.L.,2511-RLA,Diesel Oil Importado,DIESEL_IMPORTADO,Ciudad,2026-09-22T14:42:45.973000+00:00
2026-09-22,2026-09-21,True,True,Santa Cruz,DIESEL OIL IMPORTADO EESS,10000.0,L,ESTACION DE SERVICIO EMANUEL S.R.L.,332-NTN,Diesel Oil Importado,DIESEL_IMPORTADO,Ciudad,2026-09-22T14:40:16.390000+00:00
2026-09-22,2026-09-21,True,True,Santa Cruz,DIESEL OIL IMPORTADO EESS,15000.0,L,CENTRO DE COMERCIO Y SERVICIOS VALDIVIA FERRUFINO S.R.L.,332-NTN,Diesel Oil Importado,DIESEL_IMPORTADO,Ciudad,2026-09-22T14:40:16.390000+00:00
2026-09-22,2026-09-19,True,True,Santa Cruz,GASOLINA ESPECIAL + EESS,20000.0,L,ESTACION DE SERVICIO EL JUNTE-ALEJANDRA MARIEL BALCAZAR PAZ,553-ESR,Gasolina Especial +,GASOLINA_ESPECIAL_MAS,Provincia,2026-09-22T14:18:02.050000+00:00
2026-09-22,2026-09-19,True,True,Santa Cruz,GASOLINA ESPECIAL + EESS,15000.0,L,ESTACION DE SERVICIO EL JUNTE II-ALEJANDRA MARIEL BALCAZAR PAZ,553-ESR,Gasolina Especial +,GASOLINA_ESPECIAL_MAS,Provincia,2026-09-22T14:18:02.050000+00:00
2026-09-22,2026-09-21,True,True,Santa Cruz,GASOLINA ESPECIAL + EESS,20000.0,L,ESTACION DE SERVICIO COCA-ENRRIQUE COCA LOPEZ,1132-FZP,Gasolina Especial +,GASOLINA_ESPECIAL_MAS,Provincia,2026-09-22T14:01:36.010000+00:00
2026-09-22,2026-09-19,True,True,Santa Cruz,GASOLINA ESPECIAL + EESS,20000.0,L,COMERCIALIZADORA DE HIDROCARBUROS ABJ S.R.L,6398-RNI,Gasolina Especial +,GASOLINA_ESPECIAL_MAS,Provincia,2026-09-22T13:38:53.640000+00:00
2026-09-22,2026-09-22,True,False,Santa Cruz,GASOLINA ESPECIAL + EESS,10000.0,L,ESTACION DE SERVICIO JATUMPAMPA SRL,2188-IEB,Gasolina Especial +,GASOLINA_ESPECIAL_MAS,Provincia,2026-09-22T13:27:49.863000+00:00
2026-09-22,2026-09-20,True,True,Santa Cruz,GASOLINA ESPECIAL + EESS,10000.0,L,ESTACION DE SERVICIO JATUMPAMPA SRL,2188-IEB,Gasolina Especial +,GASOLINA_ESPECIAL_MAS,Provincia,2026-09-22T13:27:49.863000+00:00
2026-09-22,2026-09-17,True,True,Santa Cruz,GASOLINA ESPECIAL + EESS,5000.0,L,ESTACION DE SERVICIO JATUMPAMPA SRL,2188-IEB,Gasolina Especial +,GASOLINA_ESPECIAL_MAS,Provincia,2026-09-22T13:27:49.863000+00:00
2026-09-22,2026-09-21,True,True,Santa Cruz,DIESEL OIL IMPORTADO EESS,5000.0,L,ESTACION DE SERVICIO VERGARA - FABIOLA NOEMI ZORRILLO VERGARA,1184-YND,Diesel Oil Importado,DIESEL_IMPORTADO,Ciudad,2026-09-22T13:16:34.027000+00:00
2026-09-22,2026-09-21,True,True,Santa Cruz,GASOLINA ESPECIAL + EESS,20000.0,L,ESTACION DE SERVICIO EL BATO,1502-UIR,Gasolina Especial +,GASOLINA_ESPECIAL_MAS,Provincia,2026-09-22T13:03:31.360000+00:00
2026-09-22,2026-09-21,True,True,Santa Cruz,DIESEL OIL IMPORTADO EESS,5000.0,L,"EMPRESA DAVILA IMPORTADORA-EXPORTADORA S.R.L. ""DAIMPORT - EXPORT LTDA""",1383-DKA,Diesel Oil Importado,DIESEL_IMPORTADO,Ciudad,2026-09-22T12:34:03.897000+00:00
2026-09-22,2026-09-22,True,False,Santa Cruz,GASOLINA ESPECIAL + EESS,30000.0,L,ESTACION DE SERVICIO SOMOS GAS SRL,2257-EEE,Gasolina Especial +,GASOLINA_ESPECIAL_MAS,Provincia,2026-09-22T12:18:32.457000+00:00
2026-09-22,2026-09-22,True,False,Santa Cruz,GASOLINA ESPECIAL + (S/DSI),30000.0,L,ESTACION DE SERVICIO EL ARROYO S.R.L.,1299-GNA,Gasolina Especial +,GASOLINA_ESPECIAL_MAS,Ciudad,
2026-09-22,2026-09-22,True,False,Santa Cruz,GASOLINA ESPECIAL + (S/DSI),20000.0,L,ESTACION DE SERVICIO LOS MANGALES S.R.L.,1005-XLH,Gasolina Especial +,GASOLINA_ESPECIAL_MAS,Ciudad,
2026-09-22,2026-09-21,True,True,Santa Cruz,GASOLINA ESPECIAL + EESS,20000.0,L,ABERI SRL,1408-PLU,Gasolina Especial +,GASOLINA_ESPECIAL_MAS,Provincia,2026-09-22T11:11:43.977000+00:00
2026-09-22,2026-09-22,True,False,Santa Cruz,GASOLINA ESPECIAL + EESS,20000.0,L,ESTACION DE SERVICIO ORTIZ S.R.L.,2506-IHP,Gasolina Especial +,GASOLINA_ESPECIAL_MAS,Provincia,2026-09-22T11:07:01.577000+00:00
2026-09-22,2026-09-21,True,True,Santa Cruz,DIESEL OIL IMPORTADO EESS,10000.0,L,ESTACION DE SERVICIO MORAGRANDE S.R.L. (SUC 1),2483-HBD,Diesel Oil Importado,DIESEL_IMPORTADO,Ciudad,2026-09-22T11:01:18.470000+00:00
2026-09-22,2026-09-21,True,True,Santa Cruz,DIESEL OIL NACIONAL EESS,10000.0,L,ESTACION DE SERVICIO MIRANDA S.R.L.,2522-BEF,Diesel Oil Nacional,DIESEL_NACIONAL,Provincia,2026-09-22T10:55:40.257000+00:00
2026-09-22,2026-09-21,True,True,Santa Cruz,DIESEL OIL IMPORTADO EESS,5000.0,L,SURTIDOR CLUBOL - RUTH JIMENEZ DE MONROY,5312-NXE,Diesel Oil Importado,DIESEL_IMPORTADO,Ciudad,
2026-09-22,2026-09-20,True,True,Santa Cruz,GASOLINA ESPECIAL + (S/DSI),20000.0,L,SURTIDOR CLUBOL - RUTH JIMENEZ DE MONROY,5312-NXE,Gasolina Especial +,GASOLINA_ESPECIAL_MAS,Ciudad,
2026-09-22,2026-09-22,True,False,Santa Cruz,GASOLINA ESPECIAL + (S/DSI),20000.0,L,ESTACION DE SERVICIO LA CHORRERA SRL,885-PYH,Gasolina Especial +,GASOLINA_ESPECIAL_MAS,Ciudad,2026-09-23T03:15:00.390000+00:00
2026-09-22,2026-09-22,True,False,Santa Cruz,GASOLINA ESPECIAL + (S/DSI),20000.0,L,ESTACION DE SERVICIOS VIRGEN DE COTOCA S.R.L.,3850-ANL,Gasolina Especial +,GASOLINA_ESPECIAL_MAS,Ciudad,2026-09-23T03:05:52.800000+00:00
2026-09-22,2026-09-22,True,False,Santa Cruz,GASOLINA ESPECIAL + (S/DSI),20000.0,L,ESTACION DE SERVICIO EL GASOMETRO S.R.L.,1393-GEU,Gasolina Especial +,GASOLINA_ESPECIAL_MAS,Ciudad,2026-09-23T03:03:27.600000+00:00
2026-09-22,2026-09-21,True,True,Santa Cruz,GASOLINA ESPECIAL + (S/DSI),10000.0,L,ESTACION DE SERVICIO EL GASOMETRO S.R.L.,1393-GEU,Gasolina Especial +,GASOLINA_ESPECIAL_MAS,Ciudad,2026-09-23T03:03:27.600000+00:00
2026-09-22,2026-09-22,True,False,Santa Cruz,GASOLINA ESPECIAL + (S/DSI),10000.0,L,GAS DEL ESTE S.R.L.,622-IUN,Gasolina Especial +,GASOLINA_ESPECIAL_MAS,Ciudad,2026-09-23T02:59:42.660000+00:00
2026-09-22,2026-09-22,True,False,Santa Cruz,DIESEL OIL IMPORTADO EESS,5000.0,L,GAS DEL ESTE S.R.L.,622-IUN,Diesel Oil Importado,DIESEL_IMPORTADO,Ciudad,2026-09-23T02:59:42.660000+00:00
2026-09-22,2026-09-21,True,True,Santa Cruz,GASOLINA ESPECIAL + EESS,15000.0,L,ESTACION DE SERVICIO LAS CONCHAS S.R.L.,389-IPX,Gasolina Especial +,GASOLINA_ESPECIAL_MAS,Provincia,2026-09-23T02:48:00.410000+00:00
2026-09-22,2026-09-21,True,True,Santa Cruz,GASOLINA ESPECIAL + (S/DSI),15000.0,L,ESTACION DE SERVICIO LAS CONCHAS S.R.L.-SUCURSAL LA ENCONADA,389-IPX,Gasolina Especial +,GASOLINA_ESPECIAL_MAS,Provincia,2026-09-23T02:48:00.410000+00:00
2026-09-22,2026-09-21,True,True,Santa Cruz,GASOLINA ESPECIAL + EESS,10000.0,L,ESTACION DE SERVICIO ANTO - ANTONIO CARLOS LORGIO JUSTINIANO SANTOS,860-LTA,Gasolina Especial +,GASOLINA_ESPECIAL_MAS,Provincia,2026-09-23T02:42:57.080000+00:00
2026-09-22,2026-09-21,True,True,Santa Cruz,DIESEL OIL NACIONAL EESS,25000.0,L,ESTACION DE SERVICIO ANTO - ANTONIO CARLOS LORGIO JUSTINIANO SANTOS,860-LTA,Diesel Oil Nacional,DIESEL_NACIONAL,Provincia,2026-09-23T02:42:57.080000+00:00
2026-09-22,2026-09-21,True,True,Santa Cruz,DIESEL OIL IMPORTADO EESS,35000.0,L,SURTIDOR VARDONA - SUSANA POEHLMANN GARCIA,863-RUI,Diesel Oil Importado,DIESEL_IMPORTADO,Ciudad,2026-09-23T02:36:13.127000+00:00
2026-09-22,2026-09-22,True,False,Santa Cruz,GASOLINA ESPECIAL + (S/DSI),19900.0,L,ESTACION DE SERVICIO LA CIMA,297-ACK,Gasolina Especial +,GASOLINA_ESPECIAL_MAS,Ciudad,2026-09-23T02:33:17.270000+00:00
2026-09-22,2026-09-22,True,False,Santa Cruz,GASOLINA ESPECIAL + (S/DSI),10000.0,L,ESTACION DE SERVICIO LOS MANGALES S.R.L.,1005-XLH,Gasolina Especial +,GASOLINA_ESPECIAL_MAS,Ciudad,2026-09-23T02:30:30.477000+00:00
2026-09-22,2026-09-22,True,False,Santa Cruz,DIESEL OIL IMPORTADO EESS,10000.0,L,ESTACION DE SERVICIO LOS MANGALES S.R.L.,1005-XLH,Diesel Oil Importado,DIESEL_IMPORTADO,Ciudad,2026-09-23T02:30:30.477000+00:00
2026-09-22,2026-09-22,True,False,Santa Cruz,GASOLINA ESPECIAL + (S/DSI),15000.0,L,ESTACION DE SERVICIO DAVILA S.R.L.,1445-CDA,Gasolina Especial +,GASOLINA_ESPECIAL_MAS,Ciudad,2026-09-23T02:16:02.140000+00:00
2026-09-22,2026-09-22,True,False,Santa Cruz,GASOLINA ESPECIAL + (S/DSI),20000.0,L,ESTACION DE SERVICIO SAN LUIS,543-PUY,Gasolina Especial +,GASOLINA_ESPECIAL_MAS,Ciudad,2026-09-23T02:13:14.437000+00:00
2026-09-22,2026-09-22,True,False,Santa Cruz,GASOLINA ESPECIAL + (S/DSI),15000.0,L,ESTACION DE SERVICIO SAN LUIS I,543-PUY,Gasolina Especial +,GASOLINA_ESPECIAL_MAS,Ciudad,2026-09-23T02:13:14.437000+00:00
2026-09-22,2026-09-22,True,False,Santa Cruz,GASOLINA ESPECIAL + (S/DSI),15000.0,L,SURTIDOR EL PALMAR - DIONICIO CONDORI RODRIGUEZ,782-YPK,Gasolina Especial +,GASOLINA_ESPECIAL_MAS,Ciudad,2026-09-23T02:04:50.577000+00:00
2026-09-22,,True,False,Santa Cruz,DIESEL OIL,15000.0,L,YPFB ICA,3031-PAN,Diesel Oil Nacional,DIESEL_NACIONAL,,2026-09-23T02:00:09.007000+00:00
2026-09-22,2026-09-22,True,False,Santa Cruz,GASOLINA ESPECIAL + (S/DSI),10000.0,L,ESTACION DE SERVICIO SANTOS DUMONT NOGALES,961-XHP,Gasolina Especial +,GASOLINA_ESPECIAL_MAS,Ciudad,2026-09-23T01:54:44.893000+00:00
2026-09-22,2026-09-22,True,False,Santa Cruz,GASOLINA ESPECIAL + (S/DSI),5000.0,L,ESTACION DE SERVICIO RIVERO - LUIS ANTONIO RIVERO AÑEZ,681-FDU,Gasolina Especial +,GASOLINA_ESPECIAL_MAS,Ciudad,2026-09-23T01:49:00.983000+00:00
2026-09-22,,True,False,Santa Cruz,DIESEL OIL,20000.0,L,YPFB ICA,1066-ISS,Diesel Oil Nacional,DIESEL_NACIONAL,,2026-09-23T01:45:48.067000+00:00
2026-09-22,2026-09-22,True,False,Santa Cruz,GASOLINA ESPECIAL + (S/DSI),25000.0,L,CIA BOLIVIANA DE GAS NATURAL COMPRIMIDO GENEX SA,1115-DLF,Gasolina Especial +,GASOLINA_ESPECIAL_MAS,Ciudad,2026-09-23T01:43:32.420000+00:00
2026-09-22,2026-09-22,True,False,Santa Cruz,GASOLINA ESPECIAL + (S/DSI),20000.0,L,COMPAÑIA COMERCIAL DE GAS COMPRIMIDO C.G.C. S.R.L.,2511-RLA,Gasolina Especial +,GASOLINA_ESPECIAL_MAS,Ciudad,2026-09-23T01:41:46.067000+00:00
2026-09-22,2026-09-22,True,False,Santa Cruz,GASOLINA ESPECIAL + (S/DSI),20000.0,L,SERVICIOS GENERALES LA CAÑADA S.R.L.,2215-HBF,Gasolina Especial +,GASOLINA_ESPECIAL_MAS,Ciudad,2026-09-23T01:37:51.957000+00:00
2026-09-22,,True,False,Santa Cruz,GASOLINA ESPECIAL,15000.0,L,YPFB,1999-BSG,Gasolina Especial,GASOLINA_ESPECIAL,,2026-09-23T01:29:32.863000+00:00
2026-09-22,,True,False,Santa Cruz,DIESEL OIL,20000.0,L,YPFB,1999-BSG,Diesel Oil Nacional,DIESEL_NACIONAL,,2026-09-23T01:29:32.863000+00:00
2026-09-22,2026-09-22,True,False,Santa Cruz,GASOLINA ESPECIAL + EESS,20000.0,L,ESTACION DE SERVICIO DANA S.R.L.,2182-HII,Gasolina Especial +,GASOLINA_ESPECIAL_MAS,Provincia,2026-09-23T01:23:34.390000+00:00
2026-09-22,2026-09-22,True,False,Santa Cruz,GASOLINA ESPECIAL + (S/DSI),20000.0,L,GENEX S.A-SUCURSAL S.C ZONA GUARACACHI,1166-FCU,Gasolina Especial +,GASOLINA_ESPECIAL_MAS,Ciudad,2026-09-23T01:20:38.357000+00:00
2026-09-22,2026-09-22,True,False,Santa Cruz,GASOLINA ESPECIAL + (S/DSI),15000.0,L,GENEX S.A. SUCURSAL ZONA NOR ESTE,1166-FCU,Gasolina Especial +,GASOLINA_ESPECIAL_MAS,Ciudad,2026-09-23T01:20:38.357000+00:00
2026-09-22,2026-09-22,True,False,Santa Cruz,GASOLINA ESPECIAL + (S/DSI),20000.0,L,GENEX S.A SUCURSAL SANTA CRUZ ZONA ESTE,851-SLG,Gasolina Especial +,GASOLINA_ESPECIAL_MAS,Ciudad,2026-09-23T01:15:00.727000+00:00
2026-09-22,2026-09-22,True,False,Santa Cruz,GASOLINA ESPECIAL + (S/DSI),10000.0,L,GENEX S.A SUCURSAL S.C ZONA GUALBERTO VILLARROEL,851-SLG,Gasolina Especial +,GASOLINA_ESPECIAL_MAS,Ciudad,2026-09-23T01:15:00.727000+00:00
2026-09-22,,True,False,Santa Cruz,GASOLINA ESPECIAL,20000.0,L,YPFB,1375-GBD,Gasolina Especial,GASOLINA_ESPECIAL,,2026-09-23T01:10:52.310000+00:00
2026-09-22,,True,False,Santa Cruz,DIESEL OIL,10000.0,L,YPFB ICA,1375-GBD,Diesel Oil Nacional,DIESEL_NACIONAL,,2026-09-23T01:10:52.310000+00:00
2026-09-22,2026-09-22,True,False,Santa Cruz,GASOLINA ESPECIAL + (S/DSI),10000.0,L,ESTACION DE SERVICIO RADIAL 10 - HUGO FLORERO ORELLANA,948-PYS,Gasolina Especial +,GASOLINA_ESPECIAL_MAS,Ciudad,2026-09-23T01:07:02.830000+00:00
2026-09-22,2026-09-21,True,True,Santa Cruz,DIESEL OIL IMPORTADO EESS,20000.0,L,ESTACION DE SERVICIO RADIAL 10 - HUGO FLORERO ORELLANA,948-PYS,Diesel Oil Importado,DIESEL_IMPORTADO,Ciudad,2026-09-23T01:07:02.830000+00:00
2026-09-22,2026-09-22,True,False,Santa Cruz,GASOLINA ESPECIAL + (S/DSI),20000.0,L,REFRIGAS S.R.L.,1123-RNR,Gasolina Especial +,GASOLINA_ESPECIAL_MAS,Ciudad,2026-09-23T00:58:20.227000+00:00
2026-09-22,2026-09-22,True,False,Santa Cruz,GASOLINA ESPECIAL + (S/DSI),15000.0,L,GENEX S.A SUCURSAL SANTA CRUZ ZONA SANTA ROSA,1285-UKF,Gasolina Especial +,GASOLINA_ESPECIAL_MAS,Ciudad,2026-09-23T00:55:19.507000+00:00
2026-09-22,2026-09-22,True,False,Santa Cruz,GASOLINA ESPECIAL + (S/DSI),20000.0,L,GENEX S.A SUCURSAL SANTA CRUZ ZONA LA RAMADA,1285-UKF,Gasolina Especial +,GASOLINA_ESPECIAL_MAS,Ciudad,2026-09-23T00:55:19.507000+00:00
2026-09-22,2026-09-21,True,True,Santa Cruz,DIESEL OIL NACIONAL EESS,30000.0,L,ESTACION DE SERVICIO SAN JOSE DE YAPACANI S.R.L.,1488-SXU,Diesel Oil Nacional,DIESEL_NACIONAL,Provincia,2026-09-23T00:52:01.913000+00:00
2026-09-22,2026-09-22,True,False,Santa Cruz,GASOLINA ESPECIAL + (S/DSI),20000.0,L,ESTACION DE SERVICIO SUR S.R.L. SUCURSAL 2,4530-FIY,Gasolina Especial +,GASOLINA_ESPECIAL_MAS,Ciudad,2026-09-23T00:37:52.437000+00:00
2026-09-22,2026-09-22,True,False,Santa Cruz,GASOLINA ESPECIAL + (S/DSI),5000.0,L,GENEX S.A SUCURSAL SANTA CRUZ ZONA SANTA ROSA,878-ENK,Gasolina Especial +,GASOLINA_ESPECIAL_MAS,Ciudad,2026-09-23T00:30:01.900000+00:00
2026-09-22,2026-09-22,True,False,Santa Cruz,DIESEL OIL IMPORTADO EESS,10000.0,L,ESTACION DE SERVICIO JOSE JALDIN S.R.L,2319-UPC,Diesel Oil Importado,DIESEL_IMPORTADO,Ciudad,2026-09-23T00:24:40.787000+00:00
2026-09-22,2026-09-22,True,False,Santa Cruz,GASOLINA ESPECIAL + (S/DSI),4900.0,L,ESTACION DE SERVICIO URBARI SRL,375-KIH,Gasolina Especial +,GASOLINA_ESPECIAL_MAS,Ciudad,2026-09-23T00:20:58.367000+00:00
2026-09-22,2026-09-21,True,True,Santa Cruz,GASOLINA ESPECIAL + (S/DSI),14900.0,L,ESTACION DE SERVICIO URBARI SRL,375-KIH,Gasolina Especial +,GASOLINA_ESPECIAL_MAS,Ciudad,2026-09-23T00:20:58.367000+00:00
2026-09-22,2026-09-22,True,False,Santa Cruz,GASOLINA ESPECIAL + (S/DSI),20000.0,L,ESTACION DE SERVICIO EL TROMPILLO,652-SRU,Gasolina Especial +,GASOLINA_ESPECIAL_MAS,Ciudad,2026-09-23T00:17:46.383000+00:00
2026-09-22,2026-09-22,True,False,Santa Cruz,GASOLINA ESPECIAL + EESS,10000.0,L,ESTACION DE SERVICIO TIERRAS BAJAS SRL.,394-IIX,Gasolina Especial +,GASOLINA_ESPECIAL_MAS,Provincia,2026-09-23T00:14:51.360000+00:00
2026-09-22,2026-09-21,True,True,Santa Cruz,DIESEL OIL NACIONAL EESS,20000.0,L,ESTACION DE SERVICIO TIERRAS BAJAS SRL.,394-IIX,Diesel Oil Nacional,DIESEL_NACIONAL,Provincia,2026-09-23T00:14:51.360000+00:00
2026-09-22,2026-09-22,True,False,Santa Cruz,GASOLINA ESPECIAL + (S/DSI),20000.0,L,ESTACION DE SERVICIO REYNALDO CORTEZ QUISPE,5342-KHY,Gasolina Especial +,GASOLINA_ESPECIAL_MAS,Ciudad,2026-09-23T00:09:01.167000+00:00
2026-09-22,2026-09-22,True,False,Santa Cruz,GASOLINA ESPECIAL + (S/DSI),20000.0,L,REFINERIA ORIENTAL S.A.-SUC. BARRIO LAZARETO,1113-EAA,Gasolina Especial +,GASOLINA_ESPECIAL_MAS,Ciudad,2026-09-23T00:00:40.680000+00:00
2026-09-22,2026-09-22,True,False,Santa Cruz,GASOLINA ESPECIAL + EESS,20000.0,L,ESTACION DE SERVICIO SAYE S.R.L.,1834-TFT,Gasolina Especial +,GASOLINA_ESPECIAL_MAS,Provincia,2026-09-22T23:45:47.140000+00:00
2026-09-22,2026-09-22,True,False,Santa Cruz,GASOLINA ESPECIAL + (S/DSI),20000.0,L,ESTACION DE SERVICIO GUAYACAN S.R.L.,727-YTY,Gasolina Especial +,GASOLINA_ESPECIAL_MAS,Ciudad,2026-09-22T23:42:49.830000+00:00
2026-09-22,2026-09-21,True,True,Santa Cruz,GASOLINA ESPECIAL + EESS,20000.0,L,ESTACION DE SERVICIO SUR SRL-SUCURSAL 4,2796-BKD,Gasolina Especial +,GASOLINA_ESPECIAL_MAS,Provincia,2026-09-22T23:39:23.580000+00:00
2026-09-22,2026-09-21,True,True,Santa Cruz,DIESEL OIL IMPORTADO EESS,10000.0,L,ESTACION DE SERVICIO 3F OIL S.R.L.,953-UFL,Diesel Oil Importado,DIESEL_IMPORTADO,Ciudad,2026-09-22T22:55:29.800000+00:00
2026-09-22,2026-09-21,True,True,Santa Cruz,DIESEL OIL IMPORTADO EESS,20000.0,L,ESTACION DE SERVICIO 3F OIL S.R.L.,953-UFL,Diesel Oil Importado,DIESEL_IMPORTADO,Ciudad,2026-09-22T22:55:29.800000+00:00
2026-09-22,,True,False,Santa Cruz,DIESEL OIL,10000.0,L,YPFB,085-ULB,Diesel Oil Nacional,DIESEL_NACIONAL,,2026-09-22T21:44:29.827000+00:00
2026-09-22,,True,False,Santa Cruz,GASOLINA ESPECIAL,10000.0,L,YPFB,085-ULB,Gasolina Especial,GASOLINA_ESPECIAL,,2026-09-22T21:44:29.827000+00:00
2026-09-22,2026-09-22,True,False,Santa Cruz,DIESEL OIL IMPORTADO EESS,25000.0,L,ESTACION DE SERVICIO PANTANAL DEL ORIENTE-ALVARO LUIS AGUILAR ADRIAZOLA,2497-AFH,Diesel Oil Importado,DIESEL_IMPORTADO,Ciudad,2026-09-22T21:54:34.043000+00:00
2026-09-22,2026-09-21,True,True,Santa Cruz,DIESEL OIL IMPORTADO EESS,20000.0,L,ESTACION DE SERVICIO PIRAI S.R.L. SUC. DOBLE VIA LA GUARDIA ESQ. OCTAVO ANILLO,1493-PDD,Diesel Oil Importado,DIESEL_IMPORTADO,Ciudad,2026-09-22T21:52:44.353000+00:00
2026-09-22,2026-09-22,True,False,Santa Cruz,DIESEL OIL IMPORTADO EESS,15000.0,L,ESTACION DE SERVICIO ELISA S.R.L.,1176-UST,Diesel Oil Importado,DIESEL_IMPORTADO,Ciudad,2026-09-22T21:28:59.993000+00:00
2026-09-22,2026-09-22,True,False,Santa Cruz,DIESEL OIL IMPORTADO EESS,15000.0,L,BICENTENARIO SRL,2120-PKF,Diesel Oil Importado,DIESEL_IMPORTADO,,2026-09-22T20:41:13.207000+00:00
2026-09-22,2026-09-22,True,False,Santa Cruz,DIESEL OIL IMPORTADO EESS,20000.0,L,BICENTENARIO SRL,2120-PKF,Diesel Oil Importado,DIESEL_IMPORTADO,,2026-09-22T20:41:13.207000+00:00
2026-09-22,2026-09-22,True,False,Santa Cruz,DIESEL OIL IMPORTADO EESS,20000.0,L,ESTACION DE SERVICIO QUINTO ANILLO S.R.L.,558-XDK,Diesel Oil Importado,DIESEL_IMPORTADO,Ciudad,2026-09-22T20:14:18.283000+00:00
2026-09-22,2026-09-22,True,False,Santa Cruz,DIESEL OIL IMPORTADO EESS,20000.0,L,ESTACION DE SERVICIO DAVILA S.R.L.,1445-CDA,Diesel Oil Importado,DIESEL_IMPORTADO,Ciudad,2026-09-22T20:03:57.737000+00:00
2026-09-22,2026-09-22,True,False,Santa Cruz,GASOLINA ESPECIAL + (S/DSI),30000.0,L,ESTACION DE SERVICIO PIRAI S.R.L.,1095-ZCK,Gasolina Especial +,GASOLINA_ESPECIAL_MAS,Ciudad,
2026-09-22,2026-09-22,True,False,Santa Cruz,GASOLINA ESPECIAL + (S/DSI),25000.0,L,ESTACION DE SERVICIO SUR SRL SUCURSAL 3,825-ATI,Gasolina Especial +,GASOLINA_ESPECIAL_MAS,Ciudad,
2026-09-22,2026-09-22,True,False,Santa Cruz,GASOLINA ESPECIAL + (S/DSI),10000.0,L,ESTACION DE SERVICIO SUR S.R.L. SUCURSAL 2,825-ATI,Gasolina Especial +,GASOLINA_ESPECIAL_MAS,Ciudad,
2026-09-22,2026-09-22,True,False,Santa Cruz,GASOLINA ESPECIAL + (S/DSI),10000.0,L,ESTACION DE SERVICIO SUR S.R.L.,1388-TGA,Gasolina Especial +,GASOLINA_ESPECIAL_MAS,Ciudad,
2026-09-22,2026-09-22,True,False,Santa Cruz,GASOLINA ESPECIAL + (S/DSI),10000.0,L,REFINERIA ORIENTAL S.A. SUCURSAL MONTECRISTO,2447-AGD,Gasolina Especial +,GASOLINA_ESPECIAL_MAS,Ciudad,
2026-09-22,2026-09-22,True,False,Santa Cruz,GASOLINA ESPECIAL + (S/DSI),10000.0,L,GASCO S.R.L.,1388-TGA,Gasolina Especial +,GASOLINA_ESPECIAL_MAS,Ciudad,
2026-09-22,2026-09-21,True,True,Santa Cruz,DIESEL OIL IMPORTADO EESS,20000.0,L,ESTACION DE SERVICIO SUR S.R.L. SUCURSAL 2,1999-CDP,Diesel Oil Importado,DIESEL_IMPORTADO,Ciudad,2026-09-22T19:57:07.877000+00:00
2026-09-22,2026-09-21,True,True,Santa Cruz,DIESEL OIL NACIONAL EESS,20000.0,L,ESTACION DE SERVICIO PIRAI S.R.L. SUCURSAL 1,717-IFH,Diesel Oil Nacional,DIESEL_NACIONAL,Provincia,2026-09-22T19:31:54.707000+00:00
2026-09-22,2026-09-22,True,False,Santa Cruz,GASOLINA ESPECIAL + (S/DSI),20000.0,L,ESTACION DE SERVICIO SUR S.R.L. SUCURSAL 1,4530-GKD,Gasolina Especial +,GASOLINA_ESPECIAL_MAS,Ciudad,
2026-09-22,2026-09-22,True,False,Santa Cruz,GASOLINA ESPECIAL + (S/DSI),25000.0,L,REFINERIA ORIENTAL S.A. SUC. NOR ESTE,2447-AGD,Gasolina Especial +,GASOLINA_ESPECIAL_MAS,Ciudad,
2026-09-22,2026-09-21,True,True,Santa Cruz,GASOLINA ESPECIAL + (S/DSI),15000.0,L,ESTACION DE SERVICIO VERGARA - FABIOLA NOEMI ZORRILLO VERGARA,1184-YND,Gasolina Especial +,GASOLINA_ESPECIAL_MAS,Ciudad,
2026-09-22,2026-09-22,True,False,Santa Cruz,GASOLINA ESPECIAL + (S/DSI),20000.0,L,YVU CENTRO DE SERVICIOS Y COMERCIO S.R.L.,1060-PIT,Gasolina Especial +,GASOLINA_ESPECIAL_MAS,Ciudad,
2026-09-22,2026-09-22,True,False,Santa Cruz,GASOLINA ESPECIAL + (S/DSI),15000.0,L,ESTACION DE SERVICIO EL TAROPE - JHONNY AGUILAR ADRIAZOLA,1744-UZH,Gasolina Especial +,GASOLINA_ESPECIAL_MAS,Ciudad,
2026-09-22,2026-09-22,True,False,Santa Cruz,GASOLINA ESPECIAL + (S/DSI),20000.0,L,"EMPRESA DAVILA IMPORTADORA-EXPORTADORA S.R.L. ""DAIMPORT - EXPORT LTDA""",1383-DKA,Gasolina Especial +,GASOLINA_ESPECIAL_MAS,Ciudad,
2026-09-22,2026-09-21,True,True,Santa Cruz,GASOLINA ESPECIAL + EESS,15000.0,L,SURTIDOR LOS NEGROS - NERY TABOADA CONTRERAS,1871-FDS,Gasolina Especial +,GASOLINA_ESPECIAL_MAS,Provincia,2026-09-22T19:26:01.667000+00:00
2026-09-22,2026-09-21,True,True,Santa Cruz,DIESEL OIL NACIONAL EESS,19500.0,L,SURTIDOR LOS NEGROS - NERY TABOADA CONTRERAS,1871-FDS,Diesel Oil Nacional,DIESEL_NACIONAL,Provincia,2026-09-22T19:26:01.667000+00:00
2026-09-22,2026-09-21,True,True,Santa Cruz,DIESEL OIL NACIONAL EESS,10000.0,L,ESTACION DE SERVICIO MACONDO,399-LZN,Diesel Oil Nacional,DIESEL_NACIONAL,Provincia,2026-09-22T19:21:12.410000+00:00
2026-09-22,2026-09-21,True,True,Santa Cruz,DIESEL OIL NACIONAL EESS,10000.0,L,ESTACION DE SERVICIO CHANE,399-LZN,Diesel Oil Nacional,DIESEL_NACIONAL,Provincia,2026-09-22T19:21:12.410000+00:00
2026-09-22,2026-09-21,True,True,Santa Cruz,DIESEL OIL NACIONAL EESS,15000.0,L,ESTACION DE SERVICIO ARNEZ - LUIS ARNEZ ONOFRE,2995-XGK,Diesel Oil Nacional,DIESEL_NACIONAL,Provincia,2026-09-22T19:09:36.033000+00:00
2026-09-22,2026-09-22,True,False,Santa Cruz,GLP DISTRIB. 10 KILOS NAL,10260.0,L,DIST. GLP. MAIRANA GAS ANA LOURDES MENDOZA,1005-XTD,GLP,GLP,,
2026-09-22,2026-09-21,True,True,Santa Cruz,DIESEL OIL NACIONAL EESS,10000.0,L,ESTACION DE SERVICIO LAS CONCHAS S.R.L.,1275-RHG,Diesel Oil Nacional,DIESEL_NACIONAL,Provincia,2026-09-22T18:04:47.900000+00:00
2026-09-22,2026-09-21,True,True,Santa Cruz,DIESEL OIL NACIONAL EESS,20000.0,L,ESTACION DE SERVICIO LAS CONCHAS S.R.L.,1275-RHG,Diesel Oil Nacional,DIESEL_NACIONAL,Provincia,2026-09-22T18:04:47.900000+00:00
2026-09-22,2026-09-22,True,False,Santa Cruz,GASOLINA ESPECIAL + EESS,15000.0,L,ESTACION DE SERVICIO EL JUNTE II-ALEJANDRA MARIEL BALCAZAR PAZ,1631-HII,Gasolina Especial +,GASOLINA_ESPECIAL_MAS,Provincia,2026-09-22T18:00:50.937000+00:00
2026-09-22,2026-09-21,True,True,Santa Cruz,GASOLINA ESPECIAL + EESS,20000.0,L,ESTACION DE SERVICIO EL JUNTE-ALEJANDRA MARIEL BALCAZAR PAZ,1631-HII,Gasolina Especial +,GASOLINA_ESPECIAL_MAS,Provincia,2026-09-22T18:00:50.937000+00:00
2026-09-22,2026-09-21,True,True,Santa Cruz,DIESEL OIL NACIONAL EESS,20000.0,L,ESTACION DE SERVICIO RUTA NORTE S.R.L.,3589-UKG,Diesel Oil Nacional,DIESEL_NACIONAL,Provincia,2026-09-22T18:36:41.830000+00:00
2026-09-22,2026-09-21,True,True,Santa Cruz,GASOLINA ESPECIAL + EESS,20000.0,L,ESTACION DE SERVICIO EL BIBOSI MANANTIAL-LIMBERT JIMENEZ JALDIN,2014-TNN,Gasolina Especial +,GASOLINA_ESPECIAL_MAS,Provincia,2026-09-22T17:48:50.880000+00:00
2026-09-22,2026-09-21,True,True,Santa Cruz,DIESEL OIL NACIONAL EESS,15000.0,L,ESTACION DE SERVICIO EL BIBOSI MANANTIAL-LIMBERT JIMENEZ JALDIN,2014-TNN,Diesel Oil Nacional,DIESEL_NACIONAL,Provincia,2026-09-22T17:48:50.880000+00:00
2026-09-22,2026-09-22,True,False,Santa Cruz,GLP DISTRIB. 10 KILOS NAL,2640.0,L,DIST. URBANA CENTRO GAS SUC. SANTA CRUZ - CABEZAS - CARMEN ROSARIO MELGAREJO GONZALES,5187-NLY,GLP,GLP,,
2026-09-22,2026-09-21,True,True,Santa Cruz,DIESEL OIL IMPORTADO EESS,10000.0,L,ESTACION DE SERVICIO ORSA SRL-SUCURSAL 1,6453-URG,Diesel Oil Importado,DIESEL_IMPORTADO,Provincia,2026-09-22T17:51:18.750000+00:00
2026-09-22,2026-09-22,True,False,Santa Cruz,GLP DISTRIB. 10 KILOS NAL,10680.0,L,SOPESE S.R.L.,5741-ADC,GLP,GLP,,
2026-09-22,2026-09-21,True,True,Santa Cruz,GASOLINA ESPECIAL + EESS,20000.0,L,ESTACION DE SERVICIO PORTACHUELO LTDA,626-RAT,Gasolina Especial +,GASOLINA_ESPECIAL_MAS,Provincia,2026-09-22T18:51:52.240000+00:00
2026-09-22,2026-09-22,True,False,Santa Cruz,DIESEL OIL IMPORTADO EESS,10000.0,L,"ESTACION DE SERVICIO ""GUAPAY"" S.R.L.",447-PSY,Diesel Oil Importado,DIESEL_IMPORTADO,Ciudad,2026-09-22T18:53:56.867000+00:00
2026-09-22,2026-09-22,True,False,Santa Cruz,GASOLINA ESPECIAL + (S/DSI),20000.0,L,ESTACION DE SERVICIO DICOR S.R.L.,583-PTR,Gasolina Especial +,GASOLINA_ESPECIAL_MAS,Ciudad,2026-09-22T18:30:19.680000+00:00
2026-09-22,2026-09-22,True,False,Santa Cruz,GASOLINA ESPECIAL + EESS,18500.0,L,ESTACION DE SERVICIO EUSE CRUZ,1505-LRF,Gasolina Especial +,GASOLINA_ESPECIAL_MAS,Provincia,2026-09-22T18:26:08.580000+00:00
2026-09-22,2026-09-22,True,False,Santa Cruz,GASOLINA ESPECIAL + EESS,20000.0,L,ESTACION DE SERVICIO EUSE CRUZ,1505-LRF,Gasolina Especial +,GASOLINA_ESPECIAL_MAS,Provincia,2026-09-22T18:26:08.580000+00:00
2026-09-22,2026-09-22,True,False,Santa Cruz,GASOLINA ESPECIAL + EESS,20000.0,L,ESTACION DE SERVICIO ARACATACA,863-XYY,Gasolina Especial +,GASOLINA_ESPECIAL_MAS,Provincia,2026-09-22T18:15:05.833000+00:00
2026-09-22,2026-09-22,True,False,Santa Cruz,GASOLINA ESPECIAL + (S/DSI),20000.0,L,ESTACION DE SERVICIO PALMASOLA,514-HAC,Gasolina Especial +,GASOLINA_ESPECIAL_MAS,Ciudad,
2026-09-22,2026-09-21,True,True,Santa Cruz,DIESEL OIL IMPORTADO EESS,10000.0,L,ESTACION DE SERVICIO LA CHORRERA SRL,885-PYH,Diesel Oil Importado,DIESEL_IMPORTADO,Ciudad,2026-09-22T16:47:46.507000+00:00
2026-09-22,2026-09-22,True,False,Santa Cruz,GASOLINA ESPECIAL + (S/DSI),20000.0,L,ESTACION DE SERVICIO TRES PASOS AL FRENTE - VITALIANO ROJAS OLIVERA,2024-CIX,Gasolina Especial +,GASOLINA_ESPECIAL_MAS,Ciudad,
2026-09-22,2026-09-22,True,False,Santa Cruz,GASOLINA ESPECIAL + (S/DSI),20000.0,L,ESTACION DE SERVICIO RIVERO - LUIS ANTONIO RIVERO AÑEZ,681-FDU,Gasolina Especial +,GASOLINA_ESPECIAL_MAS,Ciudad,
2026-09-22,2026-09-22,True,False,Santa Cruz,GASOLINA ESPECIAL + (S/DSI),20000.0,L,"ESTACION DE SERVICIO ""GUAPAY"" S.R.L.",447-PSY,Gasolina Especial +,GASOLINA_ESPECIAL_MAS,Ciudad,
2026-09-22,2026-09-22,True,False,Santa Cruz,GASOLINA ESPECIAL + (S/DSI),20000.0,L,ESTACION DE SERVICIO CLUB GAZEL S.R.L.,2434-YRP,Gasolina Especial +,GASOLINA_ESPECIAL_MAS,Ciudad,
2026-09-22,2026-09-22,True,False,Santa Cruz,GASOLINA ESPECIAL + (S/DSI),25000.0,L,ESTACION DE SERVICIO LA COLORADA,2229-HLP,Gasolina Especial +,GASOLINA_ESPECIAL_MAS,Ciudad,
2026-09-22,2026-09-22,True,False,Santa Cruz,GASOLINA ESPECIAL + (S/DSI),20000.0,L,R&E 3000 S.R.L.,1197-ATI,Gasolina Especial +,GASOLINA_ESPECIAL_MAS,Ciudad,
2026-09-22,2026-09-22,True,False,Santa Cruz,GASOLINA ESPECIAL + (S/DSI),30000.0,L,ESTACION DE SERVICIO BI-OCEANICA S.R.L.,4096-LDR,Gasolina Especial +,GASOLINA_ESPECIAL_MAS,Ciudad,
2026-09-22,2026-09-22,True,False,Santa Cruz,GASOLINA ESPECIAL + (S/DSI),20000.0,L,ESTACION DE SERVICIO MORAGRANDE S.R.L. (SUC 1),2483-HBD,Gasolina Especial +,GASOLINA_ESPECIAL_MAS,Ciudad,
2026-09-22,2026-09-21,True,True,Santa Cruz,DIESEL OIL IMPORTADO EESS,20000.0,L,ESTACION DE SERVICIO YOTAU S.R.L.,1066-ISS,Diesel Oil Importado,DIESEL_IMPORTADO,Ciudad,2026-09-22T16:28:49.533000+00:00
2026-09-22,2026-09-21,True,True,Santa Cruz,DIESEL OIL NACIONAL EESS,15000.0,L,SURTIDOR VIRGEN DE CHARAGUA S.R.L.,466-UHP,Diesel Oil Nacional,DIESEL_NACIONAL,Provincia,2026-09-22T16:56:50.063000+00:00
2026-09-22,2026-09-22,True,False,Santa Cruz,GLP DISTRIB. 10 KILOS NAL,7140.0,L,DIST.GLP.CAMPO GAS-ELSA FELICIDAD USCAMAYTA CHOQUE DE TAPIA,324 - TXH,GLP,GLP,,
2026-09-22,2026-09-21,True,True,Santa Cruz,GLP DISTRIB. 10 KILOS NAL,5940.0,L,DIST. GLP. MARY-MARIA ELENA TAPIA USCAMAITA,526-ZZY,GLP,GLP,,
2026-09-22,2026-09-22,True,False,Santa Cruz,DIESEL OIL NACIONAL EESS,15000.0,L,SURTIDOR CHARAGUA,466-UHP,Diesel Oil Nacional,DIESEL_NACIONAL,Provincia,2026-09-22T16:56:50.063000+00:00
2026-09-21,2026-09-21,True,False,Santa Cruz,DIESEL OIL IMPORTADO EESS,5000.0,L,SURTIDOR CLUBOL - RUTH JIMENEZ DE MONROY,5312-NXE,Diesel Oil Importado,DIESEL_IMPORTADO,Ciudad,2026-09-22T03:59:10.447000+00:00
2026-09-21,2026-09-20,True,True,Santa Cruz,GASOLINA ESPECIAL + (S/DSI),20000.0,L,SURTIDOR CLUBOL - RUTH JIMENEZ DE MONROY,5312-NXE,Gasolina Especial +,GASOLINA_ESPECIAL_MAS,Ciudad,2026-09-22T03:59:10.447000+00:00
