fecha,area,entidad,devengado
2026-08-12,ADMINISTRACION TERRITORIAL,Autonomía del Territorio Indígena Originario Campesino Guaraní Chaqueño de Huacaya,899933.27
2026-08-12,ADMINISTRACION TERRITORIAL,GAIOC de Charagua Iyambae,5108375.470000001
2026-08-12,ADMINISTRACION TERRITORIAL,GAIOC de la Nación Originaria Uru Chipaya,274485.75
2026-08-12,ADMINISTRACION TERRITORIAL,Gobierno Autónomo Departamental de Chuquisaca,57067689.53
2026-08-12,ADMINISTRACION TERRITORIAL,Gobierno Autónomo Departamental de Cochabamba,91440837.16
2026-08-12,ADMINISTRACION TERRITORIAL,Gobierno Autónomo Departamental de La Paz,152797970.32
2026-08-12,ADMINISTRACION TERRITORIAL,Gobierno Autónomo Departamental de Oruro,41882242.04000001
2026-08-12,ADMINISTRACION TERRITORIAL,Gobierno Autónomo Departamental de Pando,17514279.81
2026-08-12,ADMINISTRACION TERRITORIAL,Gobierno Autónomo Departamental de Potosí,116905705.39
2026-08-12,ADMINISTRACION TERRITORIAL,Gobierno Autónomo Departamental de Santa Cruz,162419500.46
2026-08-12,ADMINISTRACION TERRITORIAL,Gobierno Autónomo Departamental de Tarija,56150538.06999999
2026-08-12,ADMINISTRACION TERRITORIAL,Gobierno Autónomo Departamental del Beni,38507401.379999995
2026-08-12,ADMINISTRACION TERRITORIAL,Gobierno Autónomo Indígena Guaraní Kereimba Iyaambae,1198183.28
2026-08-12,ADMINISTRACION TERRITORIAL,Gobierno Autónomo Indígena Originario Campesino de Salinas,1079521.31
2026-08-12,ADMINISTRACION TERRITORIAL,Gobierno Autónomo Indígena Originario Campesino de la Autonomía Originaria del Jatún Ayllu Yura,899071.44
2026-08-12,ADMINISTRACION TERRITORIAL,Gobierno Autónomo Indígena Originario Campesino del Territorio de Raqaypampa,312270.95999999996
2026-08-12,ADMINISTRACION TERRITORIAL,Gobierno Autónomo Municipal Ecológico Productivo de Achocalla,4241495.670000001
2026-08-12,ADMINISTRACION TERRITORIAL,Gobierno Autónomo Municipal Villa Gualberto Villarroel,325281.64
2026-08-12,ADMINISTRACION TERRITORIAL,Gobierno Autónomo Municipal de Acasio,198716.29
2026-08-12,ADMINISTRACION TERRITORIAL,Gobierno Autónomo Municipal de Achacachi,4405036.07
2026-08-12,ADMINISTRACION TERRITORIAL,Gobierno Autónomo Municipal de Aiquile,2889424.13
2026-08-12,ADMINISTRACION TERRITORIAL,Gobierno Autónomo Municipal de Alalay,250207.52999999997
2026-08-12,ADMINISTRACION TERRITORIAL,Gobierno Autónomo Municipal de Alto Beni,474463.36
2026-08-12,ADMINISTRACION TERRITORIAL,Gobierno Autónomo Municipal de Ancoraimes,1322569.7499999998
2026-08-12,ADMINISTRACION TERRITORIAL,Gobierno Autónomo Municipal de Andamarca (Santiago de Andamarca),554174.14
2026-08-12,ADMINISTRACION TERRITORIAL,Gobierno Autónomo Municipal de Antequera,792256.2999999999
2026-08-12,ADMINISTRACION TERRITORIAL,Gobierno Autónomo Municipal de Anzaldo,470794.64
2026-08-12,ADMINISTRACION TERRITORIAL,Gobierno Autónomo Municipal de Apolo,1007308.72
2026-08-12,ADMINISTRACION TERRITORIAL,Gobierno Autónomo Municipal de Arampampa,109303.78
2026-08-12,ADMINISTRACION TERRITORIAL,Gobierno Autónomo Municipal de Arani,895520.04
2026-08-12,ADMINISTRACION TERRITORIAL,Gobierno Autónomo Municipal de Arbieto,2541165.69
2026-08-12,ADMINISTRACION TERRITORIAL,Gobierno Autónomo Municipal de Arque,867209.36
2026-08-12,ADMINISTRACION TERRITORIAL,Gobierno Autónomo Municipal de Ascención de Guarayos,4566111.47
2026-08-12,ADMINISTRACION TERRITORIAL,Gobierno Autónomo Municipal de Atocha,850423.8400000001
2026-08-12,ADMINISTRACION TERRITORIAL,Gobierno Autónomo Municipal de Aucapata,833796.82
2026-08-12,ADMINISTRACION TERRITORIAL,Gobierno Autónomo Municipal de Ayata,367428.31000000006
2026-08-12,ADMINISTRACION TERRITORIAL,Gobierno Autónomo Municipal de Ayo Ayo,459600.11000000004
2026-08-12,ADMINISTRACION TERRITORIAL,Gobierno Autónomo Municipal de Batallas,3023777.0500000007
2026-08-12,ADMINISTRACION TERRITORIAL,Gobierno Autónomo Municipal de Baures,1411190.97
2026-08-12,ADMINISTRACION TERRITORIAL,Gobierno Autónomo Municipal de Bella Flor,656569.34
2026-08-12,ADMINISTRACION TERRITORIAL,Gobierno Autónomo Municipal de Belén de Andamarca,159257.9
2026-08-12,ADMINISTRACION TERRITORIAL,Gobierno Autónomo Municipal de Bermejo,6309927.99
2026-08-12,ADMINISTRACION TERRITORIAL,Gobierno Autónomo Municipal de Betanzos,2257268.21
2026-08-12,ADMINISTRACION TERRITORIAL,Gobierno Autónomo Municipal de Bolivar,515953.21
2026-08-12,ADMINISTRACION TERRITORIAL,Gobierno Autónomo Municipal de Bolpebra,501979.97000000003
2026-08-12,ADMINISTRACION TERRITORIAL,Gobierno Autónomo Municipal de Boyuibe,598890.2500000001
2026-08-12,ADMINISTRACION TERRITORIAL,Gobierno Autónomo Municipal de Buena Vista,1681370.75
2026-08-12,ADMINISTRACION TERRITORIAL,Gobierno Autónomo Municipal de Cabezas,2900760.62
2026-08-12,ADMINISTRACION TERRITORIAL,Gobierno Autónomo Municipal de Cairoma,681303.12
2026-08-12,ADMINISTRACION TERRITORIAL,"Gobierno Autónomo Municipal de Caiza ""D""",861907.36
2026-08-12,ADMINISTRACION TERRITORIAL,Gobierno Autónomo Municipal de Cajuata,1365437.66
2026-08-12,ADMINISTRACION TERRITORIAL,Gobierno Autónomo Municipal de Calacoto,973051.2599999999
2026-08-12,ADMINISTRACION TERRITORIAL,Gobierno Autónomo Municipal de Calamarca,1638770.93
2026-08-12,ADMINISTRACION TERRITORIAL,Gobierno Autónomo Municipal de Camargo,1283683.8
2026-08-12,ADMINISTRACION TERRITORIAL,Gobierno Autónomo Municipal de Camataqui (Villa Abecia),385235.62
2026-08-12,ADMINISTRACION TERRITORIAL,Gobierno Autónomo Municipal de Camiri,3034706.0300000003
2026-08-12,ADMINISTRACION TERRITORIAL,Gobierno Autónomo Municipal de Capinota,1780042.32
2026-08-12,ADMINISTRACION TERRITORIAL,Gobierno Autónomo Municipal de Caquiaviri,1691725.64
2026-08-12,ADMINISTRACION TERRITORIAL,Gobierno Autónomo Municipal de Carabuco,154420.28
2026-08-12,ADMINISTRACION TERRITORIAL,Gobierno Autónomo Municipal de Caracollo,6150666.61
2026-08-12,ADMINISTRACION TERRITORIAL,Gobierno Autónomo Municipal de Caranavi,5060161.109999999
2026-08-12,ADMINISTRACION TERRITORIAL,Gobierno Autónomo Municipal de Carangas,195126.82
2026-08-12,ADMINISTRACION TERRITORIAL,Gobierno Autónomo Municipal de Caraparí,2421924.87
2026-08-12,ADMINISTRACION TERRITORIAL,Gobierno Autónomo Municipal de Caripuyo,676842.83
2026-08-12,ADMINISTRACION TERRITORIAL,Gobierno Autónomo Municipal de Catacora,218984.37
2026-08-12,ADMINISTRACION TERRITORIAL,Gobierno Autónomo Municipal de Chacarilla,108528.66
2026-08-12,ADMINISTRACION TERRITORIAL,Gobierno Autónomo Municipal de Challapata,3965229.65
2026-08-12,ADMINISTRACION TERRITORIAL,Gobierno Autónomo Municipal de Chaqui,766066.08
2026-08-12,ADMINISTRACION TERRITORIAL,Gobierno Autónomo Municipal de Charaña,316921.04
2026-08-12,ADMINISTRACION TERRITORIAL,Gobierno Autónomo Municipal de Chayanta,2100718.04
2026-08-12,ADMINISTRACION TERRITORIAL,Gobierno Autónomo Municipal de Chimoré,4504371.74
2026-08-12,ADMINISTRACION TERRITORIAL,Gobierno Autónomo Municipal de Choquecota,315769.45
2026-08-12,ADMINISTRACION TERRITORIAL,Gobierno Autónomo Municipal de Chua Cocani,433452.33999999997
2026-08-12,ADMINISTRACION TERRITORIAL,Gobierno Autónomo Municipal de Chulumani (Villa de la Libertad),2517299.26
2026-08-12,ADMINISTRACION TERRITORIAL,Gobierno Autónomo Municipal de Chuma,451554.64999999997
2026-08-12,ADMINISTRACION TERRITORIAL,Gobierno Autónomo Municipal de Chuquihuta Ayllu Jucumani,739038.5299999999
2026-08-12,ADMINISTRACION TERRITORIAL,Gobierno Autónomo Municipal de Ckochas,1013039.9199999999
2026-08-12,ADMINISTRACION TERRITORIAL,Gobierno Autónomo Municipal de Cliza,3168807.06
2026-08-12,ADMINISTRACION TERRITORIAL,Gobierno Autónomo Municipal de Cobija,9873975.59
2026-08-12,ADMINISTRACION TERRITORIAL,Gobierno Autónomo Municipal de Cocapata,2865774.71
2026-08-12,ADMINISTRACION TERRITORIAL,Gobierno Autónomo Municipal de Cochabamba,117143187.46000001
2026-08-12,ADMINISTRACION TERRITORIAL,Gobierno Autónomo Municipal de Coipasa,182753.41
2026-08-12,ADMINISTRACION TERRITORIAL,Gobierno Autónomo Municipal de Colcapirhua,9817840.71
2026-08-12,ADMINISTRACION TERRITORIAL,"Gobierno Autónomo Municipal de Colcha""K"" (Villa Martín)",4302508.83
2026-08-12,ADMINISTRACION TERRITORIAL,Gobierno Autónomo Municipal de Collana,431482.80999999994
2026-08-12,ADMINISTRACION TERRITORIAL,Gobierno Autónomo Municipal de Colomi,3121733.9499999997
2026-08-12,ADMINISTRACION TERRITORIAL,Gobierno Autónomo Municipal de Colpa Bélgica,1295614.6300000001
2026-08-12,ADMINISTRACION TERRITORIAL,Gobierno Autónomo Municipal de Colquechaca,803844.49
2026-08-12,ADMINISTRACION TERRITORIAL,Gobierno Autónomo Municipal de Colquencha,2008330.1300000001
2026-08-12,ADMINISTRACION TERRITORIAL,Gobierno Autónomo Municipal de Colquiri,1652254.53
2026-08-12,ADMINISTRACION TERRITORIAL,Gobierno Autónomo Municipal de Comanche,609716.14
2026-08-12,ADMINISTRACION TERRITORIAL,Gobierno Autónomo Municipal de Comarapa,3498632.62
2026-08-12,ADMINISTRACION TERRITORIAL,Gobierno Autónomo Municipal de Combaya,176994.41
2026-08-12,ADMINISTRACION TERRITORIAL,Gobierno Autónomo Municipal de Concepción,3053371.05
2026-08-12,ADMINISTRACION TERRITORIAL,Gobierno Autónomo Municipal de Copacabana,649653.4600000001
2026-08-12,ADMINISTRACION TERRITORIAL,Gobierno Autónomo Municipal de Coripata,1429010.0899999999
2026-08-12,ADMINISTRACION TERRITORIAL,Gobierno Autónomo Municipal de Corocoro,954020.6300000001
2026-08-12,ADMINISTRACION TERRITORIAL,Gobierno Autónomo Municipal de Coroico,1255411.0599999998
2026-08-12,ADMINISTRACION TERRITORIAL,Gobierno Autónomo Municipal de Corque,1359329.9300000002
2026-08-12,ADMINISTRACION TERRITORIAL,Gobierno Autónomo Municipal de Cotagaita,2634058.4699999997
2026-08-12,ADMINISTRACION TERRITORIAL,Gobierno Autónomo Municipal de Cotoca,9380896.51
2026-08-12,ADMINISTRACION TERRITORIAL,Gobierno Autónomo Municipal de Cruz de Machacamarca,235912.73
2026-08-12,ADMINISTRACION TERRITORIAL,Gobierno Autónomo Municipal de Cuatro Cañadas,4857959.83
2026-08-12,ADMINISTRACION TERRITORIAL,Gobierno Autónomo Municipal de Cuevo,463338.38
2026-08-12,ADMINISTRACION TERRITORIAL,Gobierno Autónomo Municipal de Culpina,2060666.9
2026-08-12,ADMINISTRACION TERRITORIAL,Gobierno Autónomo Municipal de Curahuara de Carangas,1280836.79
2026-08-12,ADMINISTRACION TERRITORIAL,Gobierno Autónomo Municipal de Curva,316571.56
2026-08-12,ADMINISTRACION TERRITORIAL,Gobierno Autónomo Municipal de Desaguadero,770597.01
2026-08-12,ADMINISTRACION TERRITORIAL,Gobierno Autónomo Municipal de El Alto de La Paz,66707810.53
2026-08-12,ADMINISTRACION TERRITORIAL,Gobierno Autónomo Municipal de El Carmen Rivero Tórrez,1572433.52
2026-08-12,ADMINISTRACION TERRITORIAL,Gobierno Autónomo Municipal de El Choro,455877.31
2026-08-12,ADMINISTRACION TERRITORIAL,Gobierno Autónomo Municipal de El Puente,1358182.0899999999
2026-08-12,ADMINISTRACION TERRITORIAL,Gobierno Autónomo Municipal de El Puente,3142005.05
2026-08-12,ADMINISTRACION TERRITORIAL,Gobierno Autónomo Municipal de El Torno,7127201.49
2026-08-12,ADMINISTRACION TERRITORIAL,Gobierno Autónomo Municipal de El Villar,984942.02
2026-08-12,ADMINISTRACION TERRITORIAL,Gobierno Autónomo Municipal de Entre Rios,3295143.0599999996
2026-08-12,ADMINISTRACION TERRITORIAL,Gobierno Autónomo Municipal de Entre Ríos,2957287.71
2026-08-12,ADMINISTRACION TERRITORIAL,Gobierno Autónomo Municipal de Escara,711100.5900000001
2026-08-12,ADMINISTRACION TERRITORIAL,Gobierno Autónomo Municipal de Escoma,182160.33000000002
2026-08-12,ADMINISTRACION TERRITORIAL,Gobierno Autónomo Municipal de Esmeralda,224149.81
2026-08-12,ADMINISTRACION TERRITORIAL,Gobierno Autónomo Municipal de Eucaliptus,1311300.44
2026-08-12,ADMINISTRACION TERRITORIAL,Gobierno Autónomo Municipal de Exaltación,1126387.9
2026-08-12,ADMINISTRACION TERRITORIAL,Gobierno Autónomo Municipal de Fernández Alonso,1632110.53
2026-08-12,ADMINISTRACION TERRITORIAL,Gobierno Autónomo Municipal de Filadelfia,1099133.63
2026-08-12,ADMINISTRACION TERRITORIAL,Gobierno Autónomo Municipal de General Agustín Saavedra,1680720.74
2026-08-12,ADMINISTRACION TERRITORIAL,Gobierno Autónomo Municipal de General Juan José Pérez (Charazani),1077395.56
2026-08-12,ADMINISTRACION TERRITORIAL,Gobierno Autónomo Municipal de Guanay,1800839.0499999998
2026-08-12,ADMINISTRACION TERRITORIAL,Gobierno Autónomo Municipal de Guaqui,489928.82000000007
2026-08-12,ADMINISTRACION TERRITORIAL,Gobierno Autónomo Municipal de Huacaraje,482489.32
2026-08-12,ADMINISTRACION TERRITORIAL,Gobierno Autónomo Municipal de Huachacalla,231234.96
2026-08-12,ADMINISTRACION TERRITORIAL,Gobierno Autónomo Municipal de Huanuni,3410618.67
2026-08-12,ADMINISTRACION TERRITORIAL,Gobierno Autónomo Municipal de Huarina,2060897.62
2026-08-12,ADMINISTRACION TERRITORIAL,Gobierno Autónomo Municipal de Huatajata,658325.63
2026-08-12,ADMINISTRACION TERRITORIAL,Gobierno Autónomo Municipal de Huayllamarca (Santiago de Huayllamarca),80199.22
2026-08-12,ADMINISTRACION TERRITORIAL,Gobierno Autónomo Municipal de Humanata,393447.48
2026-08-12,ADMINISTRACION TERRITORIAL,Gobierno Autónomo Municipal de Ichoca,774984.37
2026-08-12,ADMINISTRACION TERRITORIAL,Gobierno Autónomo Municipal de Icla,726743.8300000001
2026-08-12,ADMINISTRACION TERRITORIAL,Gobierno Autónomo Municipal de Incahuasi,1143042.6199999999
2026-08-12,ADMINISTRACION TERRITORIAL,Gobierno Autónomo Municipal de Independencia,1393436.17
2026-08-12,ADMINISTRACION TERRITORIAL,Gobierno Autónomo Municipal de Ingavi (Humaita),105.77
2026-08-12,ADMINISTRACION TERRITORIAL,Gobierno Autónomo Municipal de Inquisivi,1408977.36
2026-08-12,ADMINISTRACION TERRITORIAL,Gobierno Autónomo Municipal de Irupana (Villa de Lanza),1160000.76
2026-08-12,ADMINISTRACION TERRITORIAL,Gobierno Autónomo Municipal de Ixiamas,1034355.62
2026-08-12,ADMINISTRACION TERRITORIAL,Gobierno Autónomo Municipal de Jesús de Machaca,1288105.68
2026-08-12,ADMINISTRACION TERRITORIAL,Gobierno Autónomo Municipal de La Asunta,1268936.09
2026-08-12,ADMINISTRACION TERRITORIAL,Gobierno Autónomo Municipal de La Guardia,21133814.73
2026-08-12,ADMINISTRACION TERRITORIAL,Gobierno Autónomo Municipal de La Paz,104120605.21
2026-08-12,ADMINISTRACION TERRITORIAL,Gobierno Autónomo Municipal de La Rivera,180239.25999999998
2026-08-12,ADMINISTRACION TERRITORIAL,Gobierno Autónomo Municipal de Lagunillas,433821.6
2026-08-12,ADMINISTRACION TERRITORIAL,Gobierno Autónomo Municipal de Laja,1048334.9299999999
2026-08-12,ADMINISTRACION TERRITORIAL,Gobierno Autónomo Municipal de Las Carreras,844721.3300000001
2026-08-12,ADMINISTRACION TERRITORIAL,Gobierno Autónomo Municipal de Llallagua,4175997.66
2026-08-12,ADMINISTRACION TERRITORIAL,Gobierno Autónomo Municipal de Llica,406533.79
2026-08-12,ADMINISTRACION TERRITORIAL,Gobierno Autónomo Municipal de Loreto,303923.47000000003
2026-08-12,ADMINISTRACION TERRITORIAL,Gobierno Autónomo Municipal de Luribay,1045370.3900000001
2026-08-12,ADMINISTRACION TERRITORIAL,Gobierno Autónomo Municipal de Machacamarca,1137301.6500000001
2026-08-12,ADMINISTRACION TERRITORIAL,Gobierno Autónomo Municipal de Machareti,762894.6099999999
2026-08-12,ADMINISTRACION TERRITORIAL,Gobierno Autónomo Municipal de Magdalena,1204650.08
2026-08-12,ADMINISTRACION TERRITORIAL,Gobierno Autónomo Municipal de Mairana,940211.1000000002
2026-08-12,ADMINISTRACION TERRITORIAL,Gobierno Autónomo Municipal de Malla,167380.72
2026-08-12,ADMINISTRACION TERRITORIAL,Gobierno Autónomo Municipal de Mapiri,636425.35
2026-08-12,ADMINISTRACION TERRITORIAL,Gobierno Autónomo Municipal de Mecapaca,852800.69
2026-08-12,ADMINISTRACION TERRITORIAL,Gobierno Autónomo Municipal de Mineros,1934992.31
2026-08-12,ADMINISTRACION TERRITORIAL,Gobierno Autónomo Municipal de Mizque,1872690.8
2026-08-12,ADMINISTRACION TERRITORIAL,Gobierno Autónomo Municipal de Mocomoco,1110881.6300000001
2026-08-12,ADMINISTRACION TERRITORIAL,Gobierno Autónomo Municipal de Mojinete,164360.25
2026-08-12,ADMINISTRACION TERRITORIAL,Gobierno Autónomo Municipal de Monteagudo,3004375.88
2026-08-12,ADMINISTRACION TERRITORIAL,Gobierno Autónomo Municipal de Montero,19543377.580000002
2026-08-12,ADMINISTRACION TERRITORIAL,Gobierno Autónomo Municipal de Moro Moro,519448.24
2026-08-12,ADMINISTRACION TERRITORIAL,Gobierno Autónomo Municipal de Morochata,1496386.69
2026-08-12,ADMINISTRACION TERRITORIAL,Gobierno Autónomo Municipal de Nazacara de Pacajes,562239.59
2026-08-12,ADMINISTRACION TERRITORIAL,Gobierno Autónomo Municipal de Nueva Esperanza,355643.18
2026-08-12,ADMINISTRACION TERRITORIAL,Gobierno Autónomo Municipal de Ocurí,1133464.29
2026-08-12,ADMINISTRACION TERRITORIAL,Gobierno Autónomo Municipal de Okinawa Uno,1267280.0000000002
2026-08-12,ADMINISTRACION TERRITORIAL,Gobierno Autónomo Municipal de Omereque,476661.81
2026-08-12,ADMINISTRACION TERRITORIAL,Gobierno Autónomo Municipal de Oruro,42005241.05
2026-08-12,ADMINISTRACION TERRITORIAL,Gobierno Autónomo Municipal de Padcaya,1693897.03
2026-08-12,ADMINISTRACION TERRITORIAL,Gobierno Autónomo Municipal de Padilla,383043.38000000006
2026-08-12,ADMINISTRACION TERRITORIAL,Gobierno Autónomo Municipal de Pailón,8589298.09
2026-08-12,ADMINISTRACION TERRITORIAL,Gobierno Autónomo Municipal de Palca,2737614.92
2026-08-12,ADMINISTRACION TERRITORIAL,Gobierno Autónomo Municipal de Palos Blancos,2181753.49
2026-08-12,ADMINISTRACION TERRITORIAL,Gobierno Autónomo Municipal de Pampa Aullagas,448901.29000000004
2026-08-12,ADMINISTRACION TERRITORIAL,Gobierno Autónomo Municipal de Pampa Grande,2758749.71
2026-08-12,ADMINISTRACION TERRITORIAL,Gobierno Autónomo Municipal de Papel Pampa,554541.56
2026-08-12,ADMINISTRACION TERRITORIAL,Gobierno Autónomo Municipal de Pasorapa,2063674.4500000002
2026-08-12,ADMINISTRACION TERRITORIAL,Gobierno Autónomo Municipal de Patacamaya,2082702.2
2026-08-12,ADMINISTRACION TERRITORIAL,Gobierno Autónomo Municipal de Pazña,182622.16000000003
2026-08-12,ADMINISTRACION TERRITORIAL,Gobierno Autónomo Municipal de Pelechuco,388670.15
2026-08-12,ADMINISTRACION TERRITORIAL,Gobierno Autónomo Municipal de Pocoata,1136614.45
2026-08-12,ADMINISTRACION TERRITORIAL,Gobierno Autónomo Municipal de Pocona,538467.16
2026-08-12,ADMINISTRACION TERRITORIAL,Gobierno Autónomo Municipal de Pojo,1115218.76
2026-08-12,ADMINISTRACION TERRITORIAL,Gobierno Autónomo Municipal de Poopó (Villa Poopó),499595.18999999994
2026-08-12,ADMINISTRACION TERRITORIAL,Gobierno Autónomo Municipal de Porco,1376380.66
2026-08-12,ADMINISTRACION TERRITORIAL,Gobierno Autónomo Municipal de Poroma,672229.61
2026-08-12,ADMINISTRACION TERRITORIAL,Gobierno Autónomo Municipal de Porongo (Ayacucho),11731310.57
2026-08-12,ADMINISTRACION TERRITORIAL,Gobierno Autónomo Municipal de Portachuelo,852057.15
2026-08-12,ADMINISTRACION TERRITORIAL,Gobierno Autónomo Municipal de Porvenir,809403.49
2026-08-12,ADMINISTRACION TERRITORIAL,Gobierno Autónomo Municipal de Postrer Valle,125024.12
2026-08-12,ADMINISTRACION TERRITORIAL,Gobierno Autónomo Municipal de Potosí,21629419.580000002
2026-08-12,ADMINISTRACION TERRITORIAL,Gobierno Autónomo Municipal de Presto,1427946.5699999998
2026-08-12,ADMINISTRACION TERRITORIAL,Gobierno Autónomo Municipal de Pucara,83394.07
2026-08-12,ADMINISTRACION TERRITORIAL,Gobierno Autónomo Municipal de Pucarani,2173240.4
2026-08-12,ADMINISTRACION TERRITORIAL,Gobierno Autónomo Municipal de Puerto Acosta,167479.72999999998
2026-08-12,ADMINISTRACION TERRITORIAL,Gobierno Autónomo Municipal de Puerto Gonzalo Moreno,2707994.25
2026-08-12,ADMINISTRACION TERRITORIAL,Gobierno Autónomo Municipal de Puerto Guayaramerín,2746692.9699999997
2026-08-12,ADMINISTRACION TERRITORIAL,Gobierno Autónomo Municipal de Puerto Pérez,399016.19
2026-08-12,ADMINISTRACION TERRITORIAL,Gobierno Autónomo Municipal de Puerto Quijarro,2403069.79
2026-08-12,ADMINISTRACION TERRITORIAL,Gobierno Autónomo Municipal de Puerto Rico,4303328.0
2026-08-12,ADMINISTRACION TERRITORIAL,Gobierno Autónomo Municipal de Puerto Rurrenabaque,2958143.28
2026-08-12,ADMINISTRACION TERRITORIAL,Gobierno Autónomo Municipal de Puerto Suárez,1880375.1300000001
2026-08-12,ADMINISTRACION TERRITORIAL,Gobierno Autónomo Municipal de Puerto Síles,12000.0
2026-08-12,ADMINISTRACION TERRITORIAL,Gobierno Autónomo Municipal de Puerto Villarroel,7007386.88
2026-08-12,ADMINISTRACION TERRITORIAL,Gobierno Autónomo Municipal de Puna (Villa Talavera),366891.83
2026-08-12,ADMINISTRACION TERRITORIAL,Gobierno Autónomo Municipal de Punata,3319275.3899999997
2026-08-12,ADMINISTRACION TERRITORIAL,Gobierno Autónomo Municipal de Quiabaya,750756.92
2026-08-12,ADMINISTRACION TERRITORIAL,Gobierno Autónomo Municipal de Quillacollo,23393558.79
2026-08-12,ADMINISTRACION TERRITORIAL,Gobierno Autónomo Municipal de Quime,308156.91000000003
2026-08-12,ADMINISTRACION TERRITORIAL,Gobierno Autónomo Municipal de Quirusillas,192267.42000000004
2026-08-12,ADMINISTRACION TERRITORIAL,Gobierno Autónomo Municipal de Ravelo,1107469.48
2026-08-12,ADMINISTRACION TERRITORIAL,Gobierno Autónomo Municipal de Reyes,911026.8099999999
2026-08-12,ADMINISTRACION TERRITORIAL,Gobierno Autónomo Municipal de Riberalta,10094663.27
2026-08-12,ADMINISTRACION TERRITORIAL,Gobierno Autónomo Municipal de Roboré,1233010.3800000001
2026-08-12,ADMINISTRACION TERRITORIAL,Gobierno Autónomo Municipal de Sabaya,1189083.28
2026-08-12,ADMINISTRACION TERRITORIAL,Gobierno Autónomo Municipal de Sacaba,22410729.830000002
2026-08-12,ADMINISTRACION TERRITORIAL,Gobierno Autónomo Municipal de Sacabamba,206172.49
2026-08-12,ADMINISTRACION TERRITORIAL,Gobierno Autónomo Municipal de Sacaca (Villa de Sacaca),636517.58
2026-08-12,ADMINISTRACION TERRITORIAL,Gobierno Autónomo Municipal de Saipina,572390.63
2026-08-12,ADMINISTRACION TERRITORIAL,Gobierno Autónomo Municipal de Samaipata,1337603.5
2026-08-12,ADMINISTRACION TERRITORIAL,Gobierno Autónomo Municipal de San Agustín,540893.09
2026-08-12,ADMINISTRACION TERRITORIAL,Gobierno Autónomo Municipal de San Andrés,2145776.3200000003
2026-08-12,ADMINISTRACION TERRITORIAL,Gobierno Autónomo Municipal de San Andrés de Machaca,310121.62
2026-08-12,ADMINISTRACION TERRITORIAL,Gobierno Autónomo Municipal de San Antonio de Esmoruco,308923.88999999996
2026-08-12,ADMINISTRACION TERRITORIAL,Gobierno Autónomo Municipal de San Antonio de Lomerio,714665.46
2026-08-12,ADMINISTRACION TERRITORIAL,Gobierno Autónomo Municipal de San Benito (Villa José Quintín Mendoza),1830484.2799999998
2026-08-12,ADMINISTRACION TERRITORIAL,Gobierno Autónomo Municipal de San Borja,5273924.840000001
2026-08-12,ADMINISTRACION TERRITORIAL,Gobierno Autónomo Municipal de San Buenaventura,1052604.5
2026-08-12,ADMINISTRACION TERRITORIAL,Gobierno Autónomo Municipal de San Carlos,2885415.71
2026-08-12,ADMINISTRACION TERRITORIAL,Gobierno Autónomo Municipal de San Ignacio,1895499.1
2026-08-12,ADMINISTRACION TERRITORIAL,Gobierno Autónomo Municipal de San Ignacio (San Ignacio de Velasco),4468006.619999999
2026-08-12,ADMINISTRACION TERRITORIAL,Gobierno Autónomo Municipal de San Javier,897297.4600000001
2026-08-12,ADMINISTRACION TERRITORIAL,Gobierno Autónomo Municipal de San Javier,1002113.2100000001
2026-08-12,ADMINISTRACION TERRITORIAL,Gobierno Autónomo Municipal de San Joaquín,740658.4299999999
2026-08-12,ADMINISTRACION TERRITORIAL,Gobierno Autónomo Municipal de San José,4817282.67
2026-08-12,ADMINISTRACION TERRITORIAL,Gobierno Autónomo Municipal de San Juan,1769737.3099999998
2026-08-12,ADMINISTRACION TERRITORIAL,Gobierno Autónomo Municipal de San Julián,5283567.699999999
2026-08-12,ADMINISTRACION TERRITORIAL,Gobierno Autónomo Municipal de San Lorenzo,1693449.6600000001
2026-08-12,ADMINISTRACION TERRITORIAL,Gobierno Autónomo Municipal de San Lorenzo,2899150.05
2026-08-12,ADMINISTRACION TERRITORIAL,Gobierno Autónomo Municipal de San Lucas,2844391.45
2026-08-12,ADMINISTRACION TERRITORIAL,Gobierno Autónomo Municipal de San Matías,1113507.2399999998
2026-08-12,ADMINISTRACION TERRITORIAL,Gobierno Autónomo Municipal de San Miguel (San Miguel de Velasco),1459612.14
2026-08-12,ADMINISTRACION TERRITORIAL,Gobierno Autónomo Municipal de San Pablo de Huacareta,633448.4400000001
2026-08-12,ADMINISTRACION TERRITORIAL,Gobierno Autónomo Municipal de San Pablo de Lípez,421929.77
2026-08-12,ADMINISTRACION TERRITORIAL,Gobierno Autónomo Municipal de San Pedro,530637.11
2026-08-12,ADMINISTRACION TERRITORIAL,Gobierno Autónomo Municipal de San Pedro,1563844.4899999998
2026-08-12,ADMINISTRACION TERRITORIAL,Gobierno Autónomo Municipal de San Pedro de Buena Vista,3135167.14
2026-08-12,ADMINISTRACION TERRITORIAL,Gobierno Autónomo Municipal de San Pedro de Curahuara,285646.81
2026-08-12,ADMINISTRACION TERRITORIAL,Gobierno Autónomo Municipal de San Pedro de Macha,2807116.03
2026-08-12,ADMINISTRACION TERRITORIAL,Gobierno Autónomo Municipal de San Pedro de Quemes,51665.46999999999
2026-08-12,ADMINISTRACION TERRITORIAL,Gobierno Autónomo Municipal de San Pedro de Tiquina,500362.61
2026-08-12,ADMINISTRACION TERRITORIAL,Gobierno Autónomo Municipal de San Rafael,829601.23
2026-08-12,ADMINISTRACION TERRITORIAL,Gobierno Autónomo Municipal de San Ramón,235507.37999999998
2026-08-12,ADMINISTRACION TERRITORIAL,Gobierno Autónomo Municipal de San Ramón,821691.27
2026-08-12,ADMINISTRACION TERRITORIAL,Gobierno Autónomo Municipal de Santa Ana,2056551.5999999999
2026-08-12,ADMINISTRACION TERRITORIAL,Gobierno Autónomo Municipal de Santa Cruz de La Sierra,228256660.64999998
2026-08-12,ADMINISTRACION TERRITORIAL,Gobierno Autónomo Municipal de Santa Rosa,2757407.7199999997
2026-08-12,ADMINISTRACION TERRITORIAL,Gobierno Autónomo Municipal de Santa Rosa del Abuná,502479.15
2026-08-12,ADMINISTRACION TERRITORIAL,Gobierno Autónomo Municipal de Santa Rosa del Sara,4271282.8
2026-08-12,ADMINISTRACION TERRITORIAL,Gobierno Autónomo Municipal de Santiago de Callapa,446966.67
2026-08-12,ADMINISTRACION TERRITORIAL,Gobierno Autónomo Municipal de Santiago de Huari,2068087.38
2026-08-12,ADMINISTRACION TERRITORIAL,Gobierno Autónomo Municipal de Santiago de Huata,329873.89999999997
2026-08-12,ADMINISTRACION TERRITORIAL,Gobierno Autónomo Municipal de Santiago de Machaca,281209.2
2026-08-12,ADMINISTRACION TERRITORIAL,Gobierno Autónomo Municipal de Santivañez,1642923.44
2026-08-12,ADMINISTRACION TERRITORIAL,Gobierno Autónomo Municipal de Santuario de Quillacas,139796.18
2026-08-12,ADMINISTRACION TERRITORIAL,Gobierno Autónomo Municipal de Sapahaqui,916253.99
2026-08-12,ADMINISTRACION TERRITORIAL,Gobierno Autónomo Municipal de Sena,1619561.12
2026-08-12,ADMINISTRACION TERRITORIAL,Gobierno Autónomo Municipal de Shinahota,3135922.71
2026-08-12,ADMINISTRACION TERRITORIAL,Gobierno Autónomo Municipal de Sica Sica (Villa Aroma),1898843.0100000002
2026-08-12,ADMINISTRACION TERRITORIAL,Gobierno Autónomo Municipal de Sicaya,203058.14
2026-08-12,ADMINISTRACION TERRITORIAL,Gobierno Autónomo Municipal de Sipe Sipe,4006728.48
2026-08-12,ADMINISTRACION TERRITORIAL,Gobierno Autónomo Municipal de Sopachuy,418520.2
2026-08-12,ADMINISTRACION TERRITORIAL,Gobierno Autónomo Municipal de Soracachi,1819178.74
2026-08-12,ADMINISTRACION TERRITORIAL,Gobierno Autónomo Municipal de Sorata,3142265.79
2026-08-12,ADMINISTRACION TERRITORIAL,Gobierno Autónomo Municipal de Sucre,38218551.07
2026-08-12,ADMINISTRACION TERRITORIAL,Gobierno Autónomo Municipal de Tacachi,36891.89
2026-08-12,ADMINISTRACION TERRITORIAL,Gobierno Autónomo Municipal de Tacacoma,458489.89
2026-08-12,ADMINISTRACION TERRITORIAL,Gobierno Autónomo Municipal de Tacobamba,3387647.84
2026-08-12,ADMINISTRACION TERRITORIAL,Gobierno Autónomo Municipal de Tacopaya,1071138.01
2026-08-12,ADMINISTRACION TERRITORIAL,Gobierno Autónomo Municipal de Tahua,121089.36
2026-08-12,ADMINISTRACION TERRITORIAL,Gobierno Autónomo Municipal de Tapacari,2431859.71
2026-08-12,ADMINISTRACION TERRITORIAL,Gobierno Autónomo Municipal de Tarabuco,826571.0
2026-08-12,ADMINISTRACION TERRITORIAL,Gobierno Autónomo Municipal de Tarata,770456.22
2026-08-12,ADMINISTRACION TERRITORIAL,Gobierno Autónomo Municipal de Tarija,25261315.02
2026-08-12,ADMINISTRACION TERRITORIAL,Gobierno Autónomo Municipal de Tarvita (Villa Orías),1100368.5
2026-08-12,ADMINISTRACION TERRITORIAL,Gobierno Autónomo Municipal de Teoponte,2163767.93
2026-08-12,ADMINISTRACION TERRITORIAL,Gobierno Autónomo Municipal de Tiahuanacu,1030738.78
2026-08-12,ADMINISTRACION TERRITORIAL,Gobierno Autónomo Municipal de Tinguipaya,1112118.46
2026-08-12,ADMINISTRACION TERRITORIAL,Gobierno Autónomo Municipal de Tipuani,770252.76
2026-08-12,ADMINISTRACION TERRITORIAL,Gobierno Autónomo Municipal de Tiquipaya,11664736.67
2026-08-12,ADMINISTRACION TERRITORIAL,Gobierno Autónomo Municipal de Tiraque,1241885.36
2026-08-12,ADMINISTRACION TERRITORIAL,Gobierno Autónomo Municipal de Tito Yupanqui,164992.47
2026-08-12,ADMINISTRACION TERRITORIAL,Gobierno Autónomo Municipal de Toco,844805.86
2026-08-12,ADMINISTRACION TERRITORIAL,Gobierno Autónomo Municipal de Todos Santos,97484.65000000001
2026-08-12,ADMINISTRACION TERRITORIAL,Gobierno Autónomo Municipal de Tolata,455682.57999999996
2026-08-12,ADMINISTRACION TERRITORIAL,Gobierno Autónomo Municipal de Toledo,1137863.96
2026-08-12,ADMINISTRACION TERRITORIAL,Gobierno Autónomo Municipal de Tomave,370842.29000000004
2026-08-12,ADMINISTRACION TERRITORIAL,Gobierno Autónomo Municipal de Tomina,640026.54
2026-08-12,ADMINISTRACION TERRITORIAL,Gobierno Autónomo Municipal de Toro Toro,1021047.48
2026-08-12,ADMINISTRACION TERRITORIAL,Gobierno Autónomo Municipal de Totora,1032503.91
2026-08-12,ADMINISTRACION TERRITORIAL,Gobierno Autónomo Municipal de Totora,1084969.08
2026-08-12,ADMINISTRACION TERRITORIAL,Gobierno Autónomo Municipal de Trigal,227983.16999999998
2026-08-12,ADMINISTRACION TERRITORIAL,Gobierno Autónomo Municipal de Trinidad,8511805.52
2026-08-12,ADMINISTRACION TERRITORIAL,Gobierno Autónomo Municipal de Tupiza,5368839.180000001
2026-08-12,ADMINISTRACION TERRITORIAL,Gobierno Autónomo Municipal de Turco,1189073.1600000001
2026-08-12,ADMINISTRACION TERRITORIAL,Gobierno Autónomo Municipal de Umala,558296.0800000001
2026-08-12,ADMINISTRACION TERRITORIAL,Gobierno Autónomo Municipal de Uncía,1498802.38
2026-08-12,ADMINISTRACION TERRITORIAL,Gobierno Autónomo Municipal de Uriondo (Concepción),1334576.68
2026-08-12,ADMINISTRACION TERRITORIAL,Gobierno Autónomo Municipal de Urmiri,122252.95000000001
2026-08-12,ADMINISTRACION TERRITORIAL,Gobierno Autónomo Municipal de Urubicha,1476181.15
2026-08-12,ADMINISTRACION TERRITORIAL,Gobierno Autónomo Municipal de Uyuni,4131175.3899999997
2026-08-12,ADMINISTRACION TERRITORIAL,Gobierno Autónomo Municipal de Vacas,408462.52999999997
2026-08-12,ADMINISTRACION TERRITORIAL,Gobierno Autónomo Municipal de Vallegrande,1307109.3000000003
2026-08-12,ADMINISTRACION TERRITORIAL,Gobierno Autónomo Municipal de Viacha,11976100.809999999
2026-08-12,ADMINISTRACION TERRITORIAL,Gobierno Autónomo Municipal de Vila Vila,835481.66
2026-08-12,ADMINISTRACION TERRITORIAL,Gobierno Autónomo Municipal de Villa Alcalá,66601.82
2026-08-12,ADMINISTRACION TERRITORIAL,Gobierno Autónomo Municipal de Villa Azurduy,1146653.87
2026-08-12,ADMINISTRACION TERRITORIAL,Gobierno Autónomo Municipal de Villa Charcas,2372125.93
2026-08-12,ADMINISTRACION TERRITORIAL,Gobierno Autónomo Municipal de Villa Libertad Licoma,442674.43
2026-08-12,ADMINISTRACION TERRITORIAL,Gobierno Autónomo Municipal de Villa Mojocoya,1053618.82
2026-08-12,ADMINISTRACION TERRITORIAL,Gobierno Autónomo Municipal de Villa Nueva (Loma Alta),404639.97
2026-08-12,ADMINISTRACION TERRITORIAL,Gobierno Autónomo Municipal de Villa Rivero,631944.13
2026-08-12,ADMINISTRACION TERRITORIAL,Gobierno Autónomo Municipal de Villa Serrano,1124370.71
2026-08-12,ADMINISTRACION TERRITORIAL,Gobierno Autónomo Municipal de Villa Tunari,12038765.99
2026-08-12,ADMINISTRACION TERRITORIAL,Gobierno Autónomo Municipal de Villa Vaca Guzmán,1336100.79
2026-08-12,ADMINISTRACION TERRITORIAL,Gobierno Autónomo Municipal de Villa Zudañez (Tacopaya),1549708.23
2026-08-12,ADMINISTRACION TERRITORIAL,Gobierno Autónomo Municipal de Villamontes,4028966.86
2026-08-12,ADMINISTRACION TERRITORIAL,Gobierno Autónomo Municipal de Villazón,4441986.9399999995
2026-08-12,ADMINISTRACION TERRITORIAL,Gobierno Autónomo Municipal de Vinto,5724912.930000001
2026-08-12,ADMINISTRACION TERRITORIAL,Gobierno Autónomo Municipal de Vitichi,830211.1100000001
2026-08-12,ADMINISTRACION TERRITORIAL,Gobierno Autónomo Municipal de Waldo Ballivián,606774.38
2026-08-12,ADMINISTRACION TERRITORIAL,Gobierno Autónomo Municipal de Warnes,25515639.55
2026-08-12,ADMINISTRACION TERRITORIAL,Gobierno Autónomo Municipal de Yaco,263786.23000000004
2026-08-12,ADMINISTRACION TERRITORIAL,Gobierno Autónomo Municipal de Yacuiba,5696172.2299999995
2026-08-12,ADMINISTRACION TERRITORIAL,Gobierno Autónomo Municipal de Yamparáez,1795582.6
2026-08-12,ADMINISTRACION TERRITORIAL,Gobierno Autónomo Municipal de Yanacachi,382361.56000000006
2026-08-12,ADMINISTRACION TERRITORIAL,Gobierno Autónomo Municipal de Yapacaní,5682391.41
2026-08-12,ADMINISTRACION TERRITORIAL,Gobierno Autónomo Municipal de Yocalla,799516.99
2026-08-12,ADMINISTRACION TERRITORIAL,Gobierno Autónomo Municipal de Yotala,1487328.82
2026-08-12,ADMINISTRACION TERRITORIAL,Gobierno Autónomo Municipal de Yunchara,241847.61000000002
2026-08-12,ADMINISTRACION TERRITORIAL,Gobierno Autónomo Municipal de Yunguyo de Litoral,227955.78
2026-08-12,ADMINISTRACION TERRITORIAL,Gobierno Autónomo Regional del Gran Chaco,15659216.68
2026-08-12,ADMINISTRACION TERRITORIAL,Gobierno Indígena Autónomo del Territorio Indígena Multiétnico,169148.83000000002
2026-08-12,EMPRESAS PÚBLICAS,Administración Autónoma para Obras Sanitarias - Potosí,1393352.8499999996
2026-08-12,EMPRESAS PÚBLICAS,Administración de Servicios Portuarios - Bolivia,14180338.300000004
2026-08-12,EMPRESAS PÚBLICAS,Agencia Boliviana Espacial,5424856.999999997
2026-08-12,EMPRESAS PÚBLICAS,Bolivia TV,4514907.2299999995
2026-08-12,EMPRESAS PÚBLICAS,Boliviana de Aviación,400969293.4799999
2026-08-12,EMPRESAS PÚBLICAS,Corporación de las Fuerzas Armadas p/ el Des. Nacional,4180659.41
2026-08-12,EMPRESAS PÚBLICAS,Depósitos Aduaneros Bolivianos,8467673.72
2026-08-12,EMPRESAS PÚBLICAS,EMPRESA MUNICIPAL AUTONOMA DE AGUA POTABLE Y ALCANTARILLADO  DE YACUIBA,2104969.66
2026-08-12,EMPRESAS PÚBLICAS,EMPRESA MUNICIPAL DE AGUA POTABLE Y ALCANTARILLADO SANITARIO DE URIONDO,15949.050000000003
2026-08-12,EMPRESAS PÚBLICAS,EMPRESA MUNICIPAL DE AGUA POTABLE Y ALCANTARILLADO VIACHA,567592.97
2026-08-12,EMPRESAS PÚBLICAS,EMPRESA MUNICIPAL DE AREAS VERDES SUCRE,200664.58999999997
2026-08-12,EMPRESAS PÚBLICAS,EMPRESA MUNICIPAL DE DISTRIBUCION DE ENERGIA ELECTRICA LLALLAGUA,1079270.9199999995
2026-08-12,EMPRESAS PÚBLICAS,EMPRESA MUNICIPAL FABRICA DE JOYAS,108062.97000000002
2026-08-12,EMPRESAS PÚBLICAS,EMPRESA PRESTADORA DE SERVICIO DE AGUA POTABLE Y ALCANTARILLADO ,71335.88999999998
2026-08-12,EMPRESAS PÚBLICAS,EMPRESA PUBLICA MUNICIPAL DE SERVICIOS DE AGUA Y ALCANTARRILLADO SANITARIO DE COBIJA,1199417.83
2026-08-12,EMPRESAS PÚBLICAS,EMPRESA PÚBLICA DEPARTAMENTAL FÁBRICA DE CALAMINAS Y CLAVOS POTOSI,61123.68999999999
2026-08-12,EMPRESAS PÚBLICAS,Empresa Azucarera San Buenaventura,3460450.2399999998
2026-08-12,EMPRESAS PÚBLICAS,Empresa Boliviana de Alimentos y Derivados,13439105.47
2026-08-12,EMPRESAS PÚBLICAS,Empresa Boliviana de Industrializacion de Hidrocarburos,3949874.58
2026-08-12,EMPRESAS PÚBLICAS,"Empresa Estatal de Transporte por Cable ""Mi teleférico""",16469143.540000001
2026-08-12,EMPRESAS PÚBLICAS,Empresa Estratégica Boliviana de Construcción y Conservación de Infraestructura Civil,648853.9500000001
2026-08-12,EMPRESAS PÚBLICAS,Empresa Local de Agua Potable y Alcantarillado Sucre,13439277.479999997
2026-08-12,EMPRESAS PÚBLICAS,Empresa Misicuni,2363036.1399999997
2026-08-12,EMPRESAS PÚBLICAS,Empresa Municipal de Agua Potable y Alcantarillado Sacaba,1111606.2799999998
2026-08-12,EMPRESAS PÚBLICAS,Empresa Municipal de Areas Verdes y Recreación alternativa,16189278.51
2026-08-12,EMPRESAS PÚBLICAS,Empresa Municipal de Asfaltos y Vías,2031489.4700000002
2026-08-12,EMPRESAS PÚBLICAS,Empresa Municipal de Gestión de Residuos Sólidos,828708.71
2026-08-12,EMPRESAS PÚBLICAS,Empresa Municipal de Servicio de Aseo ,11077215.32
2026-08-12,EMPRESAS PÚBLICAS,"Empresa Municipal de Áreas Verdes, Parques y Forestación",3305447.5899999994
2026-08-12,EMPRESAS PÚBLICAS,Empresa Nacional de Electricidad,17931987.19999999
2026-08-12,EMPRESAS PÚBLICAS,Empresa Nacional de Ferrocarriles - Residual,422979.3
2026-08-12,EMPRESAS PÚBLICAS,Empresa Naviera Boliviana,26960.56
2026-08-12,EMPRESAS PÚBLICAS,Empresa Púb. Deptal. Hotel Terminal-Terminal de Buses Oruro,508115.01000000007
2026-08-12,EMPRESAS PÚBLICAS,"Empresa Pública ""Editorial del Estado Plurinacional de Bolivia""",2357445.9400000004
2026-08-12,EMPRESAS PÚBLICAS,"Empresa Pública ""QUIPUS""",844516.89
2026-08-12,EMPRESAS PÚBLICAS,Empresa Pública Nacional Estratégica de Yacimientos de Litio Bolivianos,30095723.43
2026-08-12,EMPRESAS PÚBLICAS,Empresa Pública Transporte Aéreo Militar ,8076403.1899999995
2026-08-12,EMPRESAS PÚBLICAS,Empresa Pública YACANA,201271.49000000005
2026-08-12,EMPRESAS PÚBLICAS,Empresa Servicios Aéreos Bolivianos,20760.139999999992
2026-08-12,EMPRESAS PÚBLICAS,Empresa Siderúrgica del Mutún,3047063.1600000006
2026-08-12,EMPRESAS PÚBLICAS,Empresa Tarijeña del Gas,1510179.7999999998
2026-08-12,EMPRESAS PÚBLICAS,Empresa de Apoyo a la Producción de Alimentos,19010405.639999997
2026-08-12,EMPRESAS PÚBLICAS,Gestora Pública de la Seguridad Social de Largo Plazo,124720178.00999999
2026-08-12,EMPRESAS PÚBLICAS,Servicio Autónomo Municipal de Agua Potable y Alcantarillado,298533.33
2026-08-12,EMPRESAS PÚBLICAS,Servicio Local de Acueductos y Alcantarillado - Oruro,6481753.82
2026-08-12,EMPRESAS PÚBLICAS,Servicio Municipal de Agua Potable y Alcantarillado,31265804.459999997
2026-08-12,EMPRESAS PÚBLICAS,Transportes Aéreos Bolivianos,4675943.0
2026-08-12,EMPRESAS PÚBLICAS,Yacimientos Petrolíferos Fiscales Bolivianos,7030916390.410001
2026-08-12,INSTITUCIONES DE CONTROL Y DEFENSA DEL ESTADO,Contraloria General del Estado,7533912.840000001
2026-08-12,INSTITUCIONES DE CONTROL Y DEFENSA DEL ESTADO,Defensoria del Pueblo,2752104.42
2026-08-12,INSTITUCIONES DE CONTROL Y DEFENSA DEL ESTADO,Ministerio Público,21797364.450000003
2026-08-12,INSTITUCIONES DE CONTROL Y DEFENSA DEL ESTADO,Procuraduria General del Estado,2943579.4099999997
2026-08-12,INSTITUCIONES DE SEGURIDAD SOCIAL,Caja Bancaria Estatal de Salud,15109296.929999996
2026-08-12,INSTITUCIONES DE SEGURIDAD SOCIAL,Caja de Salud del Servicio Nal. de Caminos y Ramas Anexas,13941144.060000002
2026-08-12,INSTITUCIONES DE SEGURIDAD SOCIAL,Seguro Social Universitario de Sucre,3575545.42
2026-08-12,INSTITUCIONES FINANCIERAS NO BANCARIAS,Fondo Nacional de Desarrollo Regional,140125145.04
2026-08-12,INSTITUCIONES FINANCIERAS NO BANCARIAS,Fondo Rotatorio de Fomento Productivo Regional,232818.3
2026-08-12,INSTITUCIONES FINANCIERAS NO BANCARIAS,Fondo de Desarrollo del Sist.Fin. y Apoyo al Sec.Productivo,467536.91
2026-08-12,INSTITUCIONES FINANCIERAS NO BANCARIAS,Fondo de Financiamiento para la Minería,225342.55000000008
2026-08-12,INSTITUCIONES PÚBLICAS DESCENTRALIZADAS,Academia Nacional de Ciencias,81860.65999999999
2026-08-12,INSTITUCIONES PÚBLICAS DESCENTRALIZADAS,Administradora Boliviana de Carreteras,65024706.55
2026-08-12,INSTITUCIONES PÚBLICAS DESCENTRALIZADAS,Aduana Nacional,27803012.26999999
2026-08-12,INSTITUCIONES PÚBLICAS DESCENTRALIZADAS,"Agencia Boliviana de Correos ""Correos de Bolivia""",871445.47
2026-08-12,INSTITUCIONES PÚBLICAS DESCENTRALIZADAS,Agencia Boliviana de Energía Nuclear,3782798.78
2026-08-12,INSTITUCIONES PÚBLICAS DESCENTRALIZADAS,Agencia Estatal de Vivienda,127083632.00999999
2026-08-12,INSTITUCIONES PÚBLICAS DESCENTRALIZADAS,Agencia Nacional de Hidrocarburos,9601379.57
2026-08-12,INSTITUCIONES PÚBLICAS DESCENTRALIZADAS,Agencia de Gobierno Electrónico y Tecnologías de Información y Comunicación,2202152.96
2026-08-12,INSTITUCIONES PÚBLICAS DESCENTRALIZADAS,Agencia de Infraestructura en Salud y Equipamiento Médico,2965185.69
2026-08-12,INSTITUCIONES PÚBLICAS DESCENTRALIZADAS,Agencia del Desarrollo del Cine y Audiovisual Bolivianos,83526.25
2026-08-12,INSTITUCIONES PÚBLICAS DESCENTRALIZADAS,Autoridad Jurisdiccional Administrativa Minera,2563433.409999999
2026-08-12,INSTITUCIONES PÚBLICAS DESCENTRALIZADAS,Autoridad Plurinacional de la Madre Tierra,269890.87999999995
2026-08-12,INSTITUCIONES PÚBLICAS DESCENTRALIZADAS,Autoridad de Fisc y Ctrol Soc de Agua Potable Saneam.Básico,748206.1599999999
2026-08-12,INSTITUCIONES PÚBLICAS DESCENTRALIZADAS,Autoridad de Fiscalizac. y Control Soc de Bosques y Tierras,4954719.450000001
2026-08-12,INSTITUCIONES PÚBLICAS DESCENTRALIZADAS,Autoridad de Fiscalización de Electricidad y Tecnología Nuclear,2387113.2
2026-08-12,INSTITUCIONES PÚBLICAS DESCENTRALIZADAS,Autoridad de Fiscalización de Empresas,727294.77
2026-08-12,INSTITUCIONES PÚBLICAS DESCENTRALIZADAS,Autoridad de Fiscalización del Juego,1457533.9199999995
2026-08-12,INSTITUCIONES PÚBLICAS DESCENTRALIZADAS,Autoridad de Fiscalización y Control de Cooperativas,209510.38000000006
2026-08-12,INSTITUCIONES PÚBLICAS DESCENTRALIZADAS,Autoridad de Fiscalización y Control de Pensiones y Seguros - APS,2148571.97
2026-08-12,INSTITUCIONES PÚBLICAS DESCENTRALIZADAS,Autoridad de Impugnación Tributaria,2591121.77
2026-08-12,INSTITUCIONES PÚBLICAS DESCENTRALIZADAS,Autoridad de Regulación y Fiscalización de Telecomunicaciones y Transportes,3006317.279999999
2026-08-12,INSTITUCIONES PÚBLICAS DESCENTRALIZADAS,Autoridad de Supervisión de la Seguridad Social de Corto Plazo,2414370.37
2026-08-12,INSTITUCIONES PÚBLICAS DESCENTRALIZADAS,Autoridad de Supervisión del Sistema Financiero,8438001.089999998
2026-08-12,INSTITUCIONES PÚBLICAS DESCENTRALIZADAS,Central de Abastecimiento y Suministros de Salud,763598.96
2026-08-12,INSTITUCIONES PÚBLICAS DESCENTRALIZADAS,Centro Internacional de la Quinua,264374.93000000005
2026-08-12,INSTITUCIONES PÚBLICAS DESCENTRALIZADAS,"Centro de Inv.Arqueológicas,Antropológicas y Adm.de Tiwanaku",281156.72000000003
2026-08-12,INSTITUCIONES PÚBLICAS DESCENTRALIZADAS,Centro de Investigación Agrícola Tropical,958874.01
2026-08-12,INSTITUCIONES PÚBLICAS DESCENTRALIZADAS,Comité Ejecutivo de la Universidad Boliviana,952489.6
2026-08-12,INSTITUCIONES PÚBLICAS DESCENTRALIZADAS,Consejo Nacional de Vivienda Policial,31743069.41
2026-08-12,INSTITUCIONES PÚBLICAS DESCENTRALIZADAS,Conservatorio Plurinacional de Musica,485475.9
2026-08-12,INSTITUCIONES PÚBLICAS DESCENTRALIZADAS,Despacho de Gestión Social de Su Excelencia,315758.22
2026-08-12,INSTITUCIONES PÚBLICAS DESCENTRALIZADAS,Direc. Dptal. de Educación  Chuquisaca,96006131.08
2026-08-12,INSTITUCIONES PÚBLICAS DESCENTRALIZADAS,Direc. Dptal. de Educación Beni,74739051.96
2026-08-12,INSTITUCIONES PÚBLICAS DESCENTRALIZADAS,Direc. Dptal. de Educación Cochabamba,257330614.1
2026-08-12,INSTITUCIONES PÚBLICAS DESCENTRALIZADAS,Direc. Dptal. de Educación La Paz,426663527.48
2026-08-12,INSTITUCIONES PÚBLICAS DESCENTRALIZADAS,Direc. Dptal. de Educación Oruro,85136160.64
2026-08-12,INSTITUCIONES PÚBLICAS DESCENTRALIZADAS,Direc. Dptal. de Educación Pando,24514747.340000007
2026-08-12,INSTITUCIONES PÚBLICAS DESCENTRALIZADAS,Direc. Dptal. de Educación Potosí,149679730.96
2026-08-12,INSTITUCIONES PÚBLICAS DESCENTRALIZADAS,Direc. Dptal. de Educación Santa Cruz,314182814.78999996
2026-08-12,INSTITUCIONES PÚBLICAS DESCENTRALIZADAS,Direc. Dptal. de Educación Tarija,84358181.21
2026-08-12,INSTITUCIONES PÚBLICAS DESCENTRALIZADAS,Dirección General de Aeronáutica Civil,5175381.579999998
2026-08-12,INSTITUCIONES PÚBLICAS DESCENTRALIZADAS,Dirección del Notariado Plurinacional,1347521.67
2026-08-12,INSTITUCIONES PÚBLICAS DESCENTRALIZADAS,"EMPRESA MUNICIPAL DE AGUA POTABLE Y ALCANTARILLADO SANITARIO DE RIBERALTA - ""EMAAR""",212439.88
2026-08-12,INSTITUCIONES PÚBLICAS DESCENTRALIZADAS,EMPRESA PRESTADORA DE SERVICIOS DE AGUA Y ALCANTARILLADO (EPSA-COROICO),90803.59999999999
2026-08-12,INSTITUCIONES PÚBLICAS DESCENTRALIZADAS,ENTIDAD ASEO MUNICIPAL DE TARIJA,2461558.95
2026-08-12,INSTITUCIONES PÚBLICAS DESCENTRALIZADAS,ENTIDAD DESCENTRALIZADA MUNICIPAL DE CEMENTERIOS DE LA PAZ,1161766.92
2026-08-12,INSTITUCIONES PÚBLICAS DESCENTRALIZADAS,ENTIDAD DESCENTRALIZADA MUNICIPAL DE MAQUINARIA Y EQUIPO,517808.36000000016
2026-08-12,INSTITUCIONES PÚBLICAS DESCENTRALIZADAS,ENTIDAD DESCENTRALIZADA MUNICIPAL TERMINAL DE BUSES LA PAZ,900748.52
2026-08-12,INSTITUCIONES PÚBLICAS DESCENTRALIZADAS,ENTIDAD DESCENTRALIZADA TERMINAL METROPOLITANA EL ALTO,1436160.52
2026-08-12,INSTITUCIONES PÚBLICAS DESCENTRALIZADAS,ENTIDAD DIRECCIÓN DE LA TERMINAL DE BUSES DE TARIJA,421121.76999999996
2026-08-12,INSTITUCIONES PÚBLICAS DESCENTRALIZADAS,ENTIDAD MATADERO FRIGORIFICO MUNICIPAL DE TARIJA,442072.78000000014
2026-08-12,INSTITUCIONES PÚBLICAS DESCENTRALIZADAS,ENTIDAD MUNICIPAL DE ASEO POTOSI,1719840.2400000002
2026-08-12,INSTITUCIONES PÚBLICAS DESCENTRALIZADAS,ENTIDAD MUNICIPAL DE ASEO URBANO SUCRE,2572446.950000001
2026-08-12,INSTITUCIONES PÚBLICAS DESCENTRALIZADAS,ENTIDAD OBRAS PUBLICAS MUNICIPALES DE TARIJA,3396315.7199999997
2026-08-12,INSTITUCIONES PÚBLICAS DESCENTRALIZADAS,ENTIDAD ORDEN Y SEGURIDAD CIUDADANA MUNICIPAL DE TARIJA,1209392.51
2026-08-12,INSTITUCIONES PÚBLICAS DESCENTRALIZADAS,ENTIDAD ORDENAMIENTO TERRITORIAL DE TARIJA,916163.38
2026-08-12,INSTITUCIONES PÚBLICAS DESCENTRALIZADAS,Entidad Descentralizada UMMIPRE PROMAN,1455505.6600000001
2026-08-12,INSTITUCIONES PÚBLICAS DESCENTRALIZADAS,Entidad Ejecutora de Medio Ambiente y Agua,14602246.1
2026-08-12,INSTITUCIONES PÚBLICAS DESCENTRALIZADAS,Entidad de Servicios Integrales de Acceso a la Justicia,778229.62
2026-08-12,INSTITUCIONES PÚBLICAS DESCENTRALIZADAS,Escuela Boliviana Intercultural de Danza ,239130.46000000002
2026-08-12,INSTITUCIONES PÚBLICAS DESCENTRALIZADAS,Escuela Boliviana Intercultural de Música,48756.4
2026-08-12,INSTITUCIONES PÚBLICAS DESCENTRALIZADAS,Escuela Militar de Ingeniería,6627149.39
2026-08-12,INSTITUCIONES PÚBLICAS DESCENTRALIZADAS,Escuela de Gestión Pública Plurinacional,1107563.2999999998
2026-08-12,INSTITUCIONES PÚBLICAS DESCENTRALIZADAS,Escuela de Jueces del Estado,732427.6100000001
2026-08-12,INSTITUCIONES PÚBLICAS DESCENTRALIZADAS,Fondo Nacional de Desarrollo Forestal,4609715.549999999
2026-08-12,INSTITUCIONES PÚBLICAS DESCENTRALIZADAS,Fondo Nacional de Inversión Productiva y Social,5043586.47
2026-08-12,INSTITUCIONES PÚBLICAS DESCENTRALIZADAS,Fondo de Desarrollo Indigena,663328.1800000002
2026-08-12,INSTITUCIONES PÚBLICAS DESCENTRALIZADAS,Fundación Cultural del Banco Central de Bolivia,6838266.0200000005
2026-08-12,INSTITUCIONES PÚBLICAS DESCENTRALIZADAS,Instituto Boliviano de la Ceguera,483820.64999999997
2026-08-12,INSTITUCIONES PÚBLICAS DESCENTRALIZADAS,Instituto Gastroenterológico del Bicentenario - Hospital de Cuarto Nivel,1024407.2499999998
2026-08-12,INSTITUCIONES PÚBLICAS DESCENTRALIZADAS,Instituto Nacional de Estadística,8896804.26
2026-08-12,INSTITUCIONES PÚBLICAS DESCENTRALIZADAS,Instituto Nacional de Innovación Agropecuaria y Forestal,2206472.3600000003
2026-08-12,INSTITUCIONES PÚBLICAS DESCENTRALIZADAS,Instituto Nacional de Reforma Agraria,3477348.060000001
2026-08-12,INSTITUCIONES PÚBLICAS DESCENTRALIZADAS,Instituto Nacional de Salud Ocupacional,550493.61
2026-08-12,INSTITUCIONES PÚBLICAS DESCENTRALIZADAS,Instituto Plurinacional de Estudio de Lenguas y Culturas,471094.8299999999
2026-08-12,INSTITUCIONES PÚBLICAS DESCENTRALIZADAS,Instituto del Seguro Agrario,886340.5000000001
2026-08-12,INSTITUCIONES PÚBLICAS DESCENTRALIZADAS,Insumos Bolivia,1502149.1500000001
2026-08-12,INSTITUCIONES PÚBLICAS DESCENTRALIZADAS,Lotería Nacional de Beneficencia y Salubridad,642632.9400000003
2026-08-12,INSTITUCIONES PÚBLICAS DESCENTRALIZADAS,Museo Nacional de Historia Natural,110249.28
2026-08-12,INSTITUCIONES PÚBLICAS DESCENTRALIZADAS,Mutual de Servicios al Policía,32479343.730000004
2026-08-12,INSTITUCIONES PÚBLICAS DESCENTRALIZADAS,NUEVA VIDA SANTA CRUZ,518140.31
2026-08-12,INSTITUCIONES PÚBLICAS DESCENTRALIZADAS,Navegación Aérea y Aeropuertos Bolivianos ,38142526.1
2026-08-12,INSTITUCIONES PÚBLICAS DESCENTRALIZADAS,Observatorio Plurinacional de la Calidad Educativa,215989.41000000003
2026-08-12,INSTITUCIONES PÚBLICAS DESCENTRALIZADAS,Oficina Técnica Nacional de los Ríos Pilcomayo y Bermejo,271140.64
2026-08-12,INSTITUCIONES PÚBLICAS DESCENTRALIZADAS,OficinaTécnica para el Fortalecimiento de la Empresa Pública,490605.1599999999
2026-08-12,INSTITUCIONES PÚBLICAS DESCENTRALIZADAS,Orquesta Sinfónica Nacional,355569.38
2026-08-12,INSTITUCIONES PÚBLICAS DESCENTRALIZADAS,Proyecto Sucre Ciudad Universitaria,163374.38999999998
2026-08-12,INSTITUCIONES PÚBLICAS DESCENTRALIZADAS,Registro Único para la Administración Tributaria Municipal,4634442.279999999
2026-08-12,INSTITUCIONES PÚBLICAS DESCENTRALIZADAS,SERVICIO DE ENCAUZAMIENTO DE RIOS (SEARPI),409691.63000000006
2026-08-12,INSTITUCIONES PÚBLICAS DESCENTRALIZADAS,Serv. Nal. de Reg. y Control de la Comer. de Minerales y Metales,2083665.1899999992
2026-08-12,INSTITUCIONES PÚBLICAS DESCENTRALIZADAS,Serv. Nal. para la Sostenibilidad en Saneamiento Básico,24632.86
2026-08-12,INSTITUCIONES PÚBLICAS DESCENTRALIZADAS,Servicio Departamental de Riego - Chuquisaca,57157.14
2026-08-12,INSTITUCIONES PÚBLICAS DESCENTRALIZADAS,Servicio Departamental de Riego - Cochabamba,28722.95
2026-08-12,INSTITUCIONES PÚBLICAS DESCENTRALIZADAS,Servicio Departamental de Riego - La Paz,80697.3
2026-08-12,INSTITUCIONES PÚBLICAS DESCENTRALIZADAS,Servicio Departamental de Riego - Oruro,139928.33
2026-08-12,INSTITUCIONES PÚBLICAS DESCENTRALIZADAS,Servicio Departamental de Riego - Potosí,79659.78000000001
2026-08-12,INSTITUCIONES PÚBLICAS DESCENTRALIZADAS,Servicio Estatal de Autonomías,516687.05000000005
2026-08-12,INSTITUCIONES PÚBLICAS DESCENTRALIZADAS,Servicio General de Identificación Personal,11763971.91
2026-08-12,INSTITUCIONES PÚBLICAS DESCENTRALIZADAS,Servicio Geodésico de Mapas,177441.72
2026-08-12,INSTITUCIONES PÚBLICAS DESCENTRALIZADAS,Servicio Geológico Minero ,1455126.7600000002
2026-08-12,INSTITUCIONES PÚBLICAS DESCENTRALIZADAS,Servicio Nacional Textil,1783404.9000000001
2026-08-12,INSTITUCIONES PÚBLICAS DESCENTRALIZADAS,Servicio Nacional de Aerofotogrametría,794891.36
2026-08-12,INSTITUCIONES PÚBLICAS DESCENTRALIZADAS,Servicio Nacional de Hidrografía Naval,48363.47
2026-08-12,INSTITUCIONES PÚBLICAS DESCENTRALIZADAS,Servicio Nacional de Meteorología e Hidrología,952575.6
2026-08-12,INSTITUCIONES PÚBLICAS DESCENTRALIZADAS,Servicio Nacional de Riego,227688.00000000012
2026-08-12,INSTITUCIONES PÚBLICAS DESCENTRALIZADAS,Servicio Plurinacional de Asistencia a la Víctima,366525.44999999984
2026-08-12,INSTITUCIONES PÚBLICAS DESCENTRALIZADAS,Servicio Plurinacional de Defensa Pública,952990.4400000001
2026-08-12,INSTITUCIONES PÚBLICAS DESCENTRALIZADAS,Servicio Plurinacional de Registro de Comercio,2609140.3900000006
2026-08-12,INSTITUCIONES PÚBLICAS DESCENTRALIZADAS,Servicio Plurinacional de la Mujer y de la Despatriarcalización Ana María Romero,270975.48
2026-08-12,INSTITUCIONES PÚBLICAS DESCENTRALIZADAS,Servicio al Mejoramiento de la Navegación Amazónica,230559.66999999998
2026-08-12,INSTITUCIONES PÚBLICAS DESCENTRALIZADAS,Servicio de Desarrollo de las Empresas Púb. Productivas,73304245.5
2026-08-12,INSTITUCIONES PÚBLICAS DESCENTRALIZADAS,Servicio de Impuestos Nacionales,40689701.16
2026-08-12,INSTITUCIONES PÚBLICAS DESCENTRALIZADAS,Unidad de Análisis de Políticas Sociales y Económicas,768039.7300000001
2026-08-12,INSTITUCIONES PÚBLICAS DESCENTRALIZADAS,Unidad de Comunicación Estratégica del Estado Plurinacional de Bolivia,10615256.26
2026-08-12,INSTITUCIONES PÚBLICAS DESCENTRALIZADAS,Unidad de Investigaciones Financieras,2131391.09
2026-08-12,INSTITUCIONES PÚBLICAS DESCENTRALIZADAS,Univ. Indígena Bol. Comun. Intercult Prod. Apiaguaiki Tupa,116796.70000000029
2026-08-12,INSTITUCIONES PÚBLICAS DESCENTRALIZADAS,Univ. Indígena Bol. Comun. Intercult Prod. Casimiro Huanca,70674.24
2026-08-12,INSTITUCIONES PÚBLICAS DESCENTRALIZADAS,Univ. Indígena Bol. Comun. Intercultl Prod. Tupak Katari,795092.25
2026-08-12,INSTITUCIONES PÚBLICAS DESCENTRALIZADAS,Vías Bolivia,9239414.459999999
2026-08-12,INSTITUCIONES PÚBLICAS DESCENTRALIZADAS,Zona Franca Comercial e Industrial de Cobija,708971.7099999998
2026-08-12,ORGANOS DEL ESTADO PLURINACIONAL,Asamblea Legislativa Plurinacional,22174450.43
2026-08-12,ORGANOS DEL ESTADO PLURINACIONAL,Ministerio de Defensa,274920262.27
2026-08-12,ORGANOS DEL ESTADO PLURINACIONAL,"Ministerio de Desarrollo Productivo, Rural y Agua",78861401.21
2026-08-12,ORGANOS DEL ESTADO PLURINACIONAL,Ministerio de Economía y Finanzas Públicas,18024375.770000003
2026-08-12,ORGANOS DEL ESTADO PLURINACIONAL,Ministerio de Educación,10189838.700000001
2026-08-12,ORGANOS DEL ESTADO PLURINACIONAL,Ministerio de Gobierno,378933775.02
2026-08-12,ORGANOS DEL ESTADO PLURINACIONAL,Ministerio de Hidrocarburos y Energías,28652441.61
2026-08-12,ORGANOS DEL ESTADO PLURINACIONAL,Ministerio de Minería y Metalurgia,1726867.6900000006
2026-08-12,ORGANOS DEL ESTADO PLURINACIONAL,"Ministerio de Obras Públicas, Servicios y Vivienda",16196507.71
2026-08-12,ORGANOS DEL ESTADO PLURINACIONAL,Ministerio de Planificación del Desarrollo y Medio Ambiente,6933064.640000001
2026-08-12,ORGANOS DEL ESTADO PLURINACIONAL,Ministerio de Relaciones Exteriores,13556729.100000001
2026-08-12,ORGANOS DEL ESTADO PLURINACIONAL,Ministerio de Salud y Deportes ,371257415.40999997
2026-08-12,ORGANOS DEL ESTADO PLURINACIONAL,"Ministerio de Trabajo, Empleo y Previsión Social",4064055.06
2026-08-12,ORGANOS DEL ESTADO PLURINACIONAL,"Ministerio de Turismo Sostenible, Culturas, Folklore y Gastronomía",2640872.4700000007
2026-08-12,ORGANOS DEL ESTADO PLURINACIONAL,Ministerio de la Presidencia,11296033.39
2026-08-12,ORGANOS DEL ESTADO PLURINACIONAL,Tribunal Constitucional Plurinacional,5769568.780000001
2026-08-12,ORGANOS DEL ESTADO PLURINACIONAL,Órgano Electoral Plurinacional,14548984.889999997
2026-08-12,ORGANOS DEL ESTADO PLURINACIONAL,Órgano Judicial,97436767.03000002
2026-08-12,UNIVERSIDADES PÚBLICAS,Universidad Amazónica de Pando,11019626.06
2026-08-12,UNIVERSIDADES PÚBLICAS,Universidad Autónoma Gabriel René Moreno,90136496.34
2026-08-12,UNIVERSIDADES PÚBLICAS,Universidad Autónoma Juan Misael Saracho,24851656.819999997
2026-08-12,UNIVERSIDADES PÚBLICAS,Universidad Autónoma Tomás Frías,27805645.88
2026-08-12,UNIVERSIDADES PÚBLICAS,Universidad Autónoma del Beni José Ballivián,22302444.95
2026-08-12,UNIVERSIDADES PÚBLICAS,Universidad Mayor Real y Pontificia de San Francisco Xavier,24709727.58
2026-08-12,UNIVERSIDADES PÚBLICAS,Universidad Mayor de San Andrés,113241806.5
2026-08-12,UNIVERSIDADES PÚBLICAS,Universidad Mayor de San Simón,75970673.79
2026-08-12,UNIVERSIDADES PÚBLICAS,Universidad Nacional Siglo XX,2151218.24
2026-08-12,UNIVERSIDADES PÚBLICAS,Universidad Pública de El Alto,40264949.90000001
2026-08-12,UNIVERSIDADES PÚBLICAS,Universidad Técnica de Oruro,19323937.740000002
2026-08-28,ADMINISTRACION TERRITORIAL,Autonomía del Territorio Indígena Originario Campesino Guaraní Chaqueño de Huacaya,280501.12
2026-08-28,ADMINISTRACION TERRITORIAL,GAIOC de Charagua Iyambae,3047333.55
2026-08-28,ADMINISTRACION TERRITORIAL,GAIOC de la Nación Originaria Uru Chipaya,125194.77
2026-08-28,ADMINISTRACION TERRITORIAL,Gobierno Autónomo Departamental de Chuquisaca,46243045.870000005
2026-08-28,ADMINISTRACION TERRITORIAL,Gobierno Autónomo Departamental de Cochabamba,71707746.84
2026-08-28,ADMINISTRACION TERRITORIAL,Gobierno Autónomo Departamental de La Paz,105071199.82
2026-08-28,ADMINISTRACION TERRITORIAL,Gobierno Autónomo Departamental de Oruro,32395715.540000003
2026-08-28,ADMINISTRACION TERRITORIAL,Gobierno Autónomo Departamental de Pando,12633693.57
2026-08-28,ADMINISTRACION TERRITORIAL,Gobierno Autónomo Departamental de Potosí,79548901.06
2026-08-28,ADMINISTRACION TERRITORIAL,Gobierno Autónomo Departamental de Santa Cruz,112893162.85
2026-08-28,ADMINISTRACION TERRITORIAL,Gobierno Autónomo Departamental de Tarija,46043490.94
2026-08-28,ADMINISTRACION TERRITORIAL,Gobierno Autónomo Departamental del Beni,29674460.18
2026-08-28,ADMINISTRACION TERRITORIAL,Gobierno Autónomo Indígena Guaraní Kereimba Iyaambae,470795.48
2026-08-28,ADMINISTRACION TERRITORIAL,Gobierno Autónomo Indígena Originario Campesino de Salinas,705722.9400000001
2026-08-28,ADMINISTRACION TERRITORIAL,Gobierno Autónomo Indígena Originario Campesino de la Autonomía Originaria del Jatún Ayllu Yura,244805.87
2026-08-28,ADMINISTRACION TERRITORIAL,Gobierno Autónomo Indígena Originario Campesino del Territorio de Raqaypampa,236449.9
2026-08-28,ADMINISTRACION TERRITORIAL,Gobierno Autónomo Municipal Ecológico Productivo de Achocalla,2417805.2800000007
2026-08-28,ADMINISTRACION TERRITORIAL,Gobierno Autónomo Municipal Villa Gualberto Villarroel,163116.18
2026-08-28,ADMINISTRACION TERRITORIAL,Gobierno Autónomo Municipal de Acasio,132309.84
2026-08-28,ADMINISTRACION TERRITORIAL,Gobierno Autónomo Municipal de Achacachi,1478773.5299999998
2026-08-28,ADMINISTRACION TERRITORIAL,Gobierno Autónomo Municipal de Aiquile,1407520.32
2026-08-28,ADMINISTRACION TERRITORIAL,Gobierno Autónomo Municipal de Alalay,200881.34999999998
2026-08-28,ADMINISTRACION TERRITORIAL,Gobierno Autónomo Municipal de Alto Beni,312791.47
2026-08-28,ADMINISTRACION TERRITORIAL,Gobierno Autónomo Municipal de Ancoraimes,686171.94
2026-08-28,ADMINISTRACION TERRITORIAL,Gobierno Autónomo Municipal de Andamarca (Santiago de Andamarca),319109.37
2026-08-28,ADMINISTRACION TERRITORIAL,Gobierno Autónomo Municipal de Antequera,568978.39
2026-08-28,ADMINISTRACION TERRITORIAL,Gobierno Autónomo Municipal de Anzaldo,311666.07
2026-08-28,ADMINISTRACION TERRITORIAL,Gobierno Autónomo Municipal de Apolo,634939.2
2026-08-28,ADMINISTRACION TERRITORIAL,Gobierno Autónomo Municipal de Arampampa,59406.81
2026-08-28,ADMINISTRACION TERRITORIAL,Gobierno Autónomo Municipal de Arani,821250.26
2026-08-28,ADMINISTRACION TERRITORIAL,Gobierno Autónomo Municipal de Arbieto,627804.25
2026-08-28,ADMINISTRACION TERRITORIAL,Gobierno Autónomo Municipal de Arque,496299.56
2026-08-28,ADMINISTRACION TERRITORIAL,Gobierno Autónomo Municipal de Ascención de Guarayos,2656040.7499999995
2026-08-28,ADMINISTRACION TERRITORIAL,Gobierno Autónomo Municipal de Atocha,735678.8400000001
2026-08-28,ADMINISTRACION TERRITORIAL,Gobierno Autónomo Municipal de Aucapata,629665.71
2026-08-28,ADMINISTRACION TERRITORIAL,Gobierno Autónomo Municipal de Ayata,284240.24000000005
2026-08-28,ADMINISTRACION TERRITORIAL,Gobierno Autónomo Municipal de Ayo Ayo,250568.68000000005
2026-08-28,ADMINISTRACION TERRITORIAL,Gobierno Autónomo Municipal de Batallas,1726775.03
2026-08-28,ADMINISTRACION TERRITORIAL,Gobierno Autónomo Municipal de Baures,1091467.75
2026-08-28,ADMINISTRACION TERRITORIAL,Gobierno Autónomo Municipal de Bella Flor,449349.89
2026-08-28,ADMINISTRACION TERRITORIAL,Gobierno Autónomo Municipal de Belén de Andamarca,114372.19999999998
2026-08-28,ADMINISTRACION TERRITORIAL,Gobierno Autónomo Municipal de Bermejo,2199985.88
2026-08-28,ADMINISTRACION TERRITORIAL,Gobierno Autónomo Municipal de Betanzos,1545067.5399999998
2026-08-28,ADMINISTRACION TERRITORIAL,Gobierno Autónomo Municipal de Bolivar,258833.21
2026-08-28,ADMINISTRACION TERRITORIAL,Gobierno Autónomo Municipal de Bolpebra,114314.35000000002
2026-08-28,ADMINISTRACION TERRITORIAL,Gobierno Autónomo Municipal de Boyuibe,488906.71
2026-08-28,ADMINISTRACION TERRITORIAL,Gobierno Autónomo Municipal de Buena Vista,1317260.53
2026-08-28,ADMINISTRACION TERRITORIAL,Gobierno Autónomo Municipal de Cabezas,2136342.0300000003
2026-08-28,ADMINISTRACION TERRITORIAL,Gobierno Autónomo Municipal de Cairoma,364103.75999999995
2026-08-28,ADMINISTRACION TERRITORIAL,"Gobierno Autónomo Municipal de Caiza ""D""",705173.98
2026-08-28,ADMINISTRACION TERRITORIAL,Gobierno Autónomo Municipal de Cajuata,499349.99
2026-08-28,ADMINISTRACION TERRITORIAL,Gobierno Autónomo Municipal de Calacoto,441246.5699999999
2026-08-28,ADMINISTRACION TERRITORIAL,Gobierno Autónomo Municipal de Calamarca,1076487.82
2026-08-28,ADMINISTRACION TERRITORIAL,Gobierno Autónomo Municipal de Camargo,556393.39
2026-08-28,ADMINISTRACION TERRITORIAL,Gobierno Autónomo Municipal de Camataqui (Villa Abecia),223927.61
2026-08-28,ADMINISTRACION TERRITORIAL,Gobierno Autónomo Municipal de Camiri,1975491.7000000002
2026-08-28,ADMINISTRACION TERRITORIAL,Gobierno Autónomo Municipal de Capinota,655533.78
2026-08-28,ADMINISTRACION TERRITORIAL,Gobierno Autónomo Municipal de Caquiaviri,1323741.55
2026-08-28,ADMINISTRACION TERRITORIAL,Gobierno Autónomo Municipal de Carabuco,90931.94
2026-08-28,ADMINISTRACION TERRITORIAL,Gobierno Autónomo Municipal de Caracollo,1302256.96
2026-08-28,ADMINISTRACION TERRITORIAL,Gobierno Autónomo Municipal de Caranavi,2149076.38
2026-08-28,ADMINISTRACION TERRITORIAL,Gobierno Autónomo Municipal de Carangas,97775.82
2026-08-28,ADMINISTRACION TERRITORIAL,Gobierno Autónomo Municipal de Caraparí,1184465.19
2026-08-28,ADMINISTRACION TERRITORIAL,Gobierno Autónomo Municipal de Caripuyo,343879.85
2026-08-28,ADMINISTRACION TERRITORIAL,Gobierno Autónomo Municipal de Catacora,86884.0
2026-08-28,ADMINISTRACION TERRITORIAL,Gobierno Autónomo Municipal de Chacarilla,83608.66
2026-08-28,ADMINISTRACION TERRITORIAL,Gobierno Autónomo Municipal de Challapata,1577360.95
2026-08-28,ADMINISTRACION TERRITORIAL,Gobierno Autónomo Municipal de Chaqui,290156.4199999999
2026-08-28,ADMINISTRACION TERRITORIAL,Gobierno Autónomo Municipal de Charaña,228258.88
2026-08-28,ADMINISTRACION TERRITORIAL,Gobierno Autónomo Municipal de Chayanta,1779935.7000000002
2026-08-28,ADMINISTRACION TERRITORIAL,Gobierno Autónomo Municipal de Chimoré,2540768.0
2026-08-28,ADMINISTRACION TERRITORIAL,Gobierno Autónomo Municipal de Choquecota,249479.38999999998
2026-08-28,ADMINISTRACION TERRITORIAL,Gobierno Autónomo Municipal de Chua Cocani,325319.63
2026-08-28,ADMINISTRACION TERRITORIAL,Gobierno Autónomo Municipal de Chulumani (Villa de la Libertad),1919085.96
2026-08-28,ADMINISTRACION TERRITORIAL,Gobierno Autónomo Municipal de Chuma,306344.14999999997
2026-08-28,ADMINISTRACION TERRITORIAL,Gobierno Autónomo Municipal de Chuquihuta Ayllu Jucumani,345379.06999999995
2026-08-28,ADMINISTRACION TERRITORIAL,Gobierno Autónomo Municipal de Ckochas,550635.7799999999
2026-08-28,ADMINISTRACION TERRITORIAL,Gobierno Autónomo Municipal de Cliza,1577164.9
2026-08-28,ADMINISTRACION TERRITORIAL,Gobierno Autónomo Municipal de Cobija,5391593.91
2026-08-28,ADMINISTRACION TERRITORIAL,Gobierno Autónomo Municipal de Cocapata,971196.7600000001
2026-08-28,ADMINISTRACION TERRITORIAL,Gobierno Autónomo Municipal de Cochabamba,55845419.57
2026-08-28,ADMINISTRACION TERRITORIAL,Gobierno Autónomo Municipal de Coipasa,154339.06
2026-08-28,ADMINISTRACION TERRITORIAL,Gobierno Autónomo Municipal de Colcapirhua,5552022.260000001
2026-08-28,ADMINISTRACION TERRITORIAL,"Gobierno Autónomo Municipal de Colcha""K"" (Villa Martín)",2256510.7199999997
2026-08-28,ADMINISTRACION TERRITORIAL,Gobierno Autónomo Municipal de Collana,193614.41999999998
2026-08-28,ADMINISTRACION TERRITORIAL,Gobierno Autónomo Municipal de Colomi,2402746.13
2026-08-28,ADMINISTRACION TERRITORIAL,Gobierno Autónomo Municipal de Colpa Bélgica,667033.01
2026-08-28,ADMINISTRACION TERRITORIAL,Gobierno Autónomo Municipal de Colquechaca,469411.89
2026-08-28,ADMINISTRACION TERRITORIAL,Gobierno Autónomo Municipal de Colquencha,586193.74
2026-08-28,ADMINISTRACION TERRITORIAL,Gobierno Autónomo Municipal de Colquiri,598304.5200000001
2026-08-28,ADMINISTRACION TERRITORIAL,Gobierno Autónomo Municipal de Comanche,416831.74
2026-08-28,ADMINISTRACION TERRITORIAL,Gobierno Autónomo Municipal de Comarapa,889766.2899999999
2026-08-28,ADMINISTRACION TERRITORIAL,Gobierno Autónomo Municipal de Combaya,170657.12
2026-08-28,ADMINISTRACION TERRITORIAL,Gobierno Autónomo Municipal de Concepción,2183913.28
2026-08-28,ADMINISTRACION TERRITORIAL,Gobierno Autónomo Municipal de Copacabana,413794.89
2026-08-28,ADMINISTRACION TERRITORIAL,Gobierno Autónomo Municipal de Coripata,1267796.93
2026-08-28,ADMINISTRACION TERRITORIAL,Gobierno Autónomo Municipal de Corocoro,302746.79000000004
2026-08-28,ADMINISTRACION TERRITORIAL,Gobierno Autónomo Municipal de Coroico,842424.96
2026-08-28,ADMINISTRACION TERRITORIAL,Gobierno Autónomo Municipal de Corque,817568.5000000001
2026-08-28,ADMINISTRACION TERRITORIAL,Gobierno Autónomo Municipal de Cotagaita,1082852.38
2026-08-28,ADMINISTRACION TERRITORIAL,Gobierno Autónomo Municipal de Cotoca,3914037.19
2026-08-28,ADMINISTRACION TERRITORIAL,Gobierno Autónomo Municipal de Cruz de Machacamarca,156060.55
2026-08-28,ADMINISTRACION TERRITORIAL,Gobierno Autónomo Municipal de Cuatro Cañadas,2455357.52
2026-08-28,ADMINISTRACION TERRITORIAL,Gobierno Autónomo Municipal de Cuevo,302695.43
2026-08-28,ADMINISTRACION TERRITORIAL,Gobierno Autónomo Municipal de Culpina,1552888.27
2026-08-28,ADMINISTRACION TERRITORIAL,Gobierno Autónomo Municipal de Curahuara de Carangas,921423.54
2026-08-28,ADMINISTRACION TERRITORIAL,Gobierno Autónomo Municipal de Curva,186714.81
2026-08-28,ADMINISTRACION TERRITORIAL,Gobierno Autónomo Municipal de Desaguadero,415772.78
2026-08-28,ADMINISTRACION TERRITORIAL,Gobierno Autónomo Municipal de El Alto de La Paz,37360139.26
2026-08-28,ADMINISTRACION TERRITORIAL,Gobierno Autónomo Municipal de El Carmen Rivero Tórrez,789889.2100000001
2026-08-28,ADMINISTRACION TERRITORIAL,Gobierno Autónomo Municipal de El Choro,392564.43
2026-08-28,ADMINISTRACION TERRITORIAL,Gobierno Autónomo Municipal de El Puente,949305.7599999999
2026-08-28,ADMINISTRACION TERRITORIAL,Gobierno Autónomo Municipal de El Puente,2338856.01
2026-08-28,ADMINISTRACION TERRITORIAL,Gobierno Autónomo Municipal de El Torno,4347263.49
2026-08-28,ADMINISTRACION TERRITORIAL,Gobierno Autónomo Municipal de El Villar,546582.46
2026-08-28,ADMINISTRACION TERRITORIAL,Gobierno Autónomo Municipal de Entre Rios,1089549.54
2026-08-28,ADMINISTRACION TERRITORIAL,Gobierno Autónomo Municipal de Entre Ríos,1603637.63
2026-08-28,ADMINISTRACION TERRITORIAL,Gobierno Autónomo Municipal de Escara,531825.19
2026-08-28,ADMINISTRACION TERRITORIAL,Gobierno Autónomo Municipal de Escoma,171169.33000000002
2026-08-28,ADMINISTRACION TERRITORIAL,Gobierno Autónomo Municipal de Esmeralda,153248.0
2026-08-28,ADMINISTRACION TERRITORIAL,Gobierno Autónomo Municipal de Eucaliptus,1221160.4
2026-08-28,ADMINISTRACION TERRITORIAL,Gobierno Autónomo Municipal de Exaltación,948705.8999999999
2026-08-28,ADMINISTRACION TERRITORIAL,Gobierno Autónomo Municipal de Fernández Alonso,718892.5900000001
2026-08-28,ADMINISTRACION TERRITORIAL,Gobierno Autónomo Municipal de Filadelfia,548193.7
2026-08-28,ADMINISTRACION TERRITORIAL,Gobierno Autónomo Municipal de General Agustín Saavedra,1155859.0
2026-08-28,ADMINISTRACION TERRITORIAL,Gobierno Autónomo Municipal de General Juan José Pérez (Charazani),870117.37
2026-08-28,ADMINISTRACION TERRITORIAL,Gobierno Autónomo Municipal de Guanay,899301.2999999998
2026-08-28,ADMINISTRACION TERRITORIAL,Gobierno Autónomo Municipal de Guaqui,306605.18000000005
2026-08-28,ADMINISTRACION TERRITORIAL,Gobierno Autónomo Municipal de Huacaraje,279772.98
2026-08-28,ADMINISTRACION TERRITORIAL,Gobierno Autónomo Municipal de Huachacalla,142441.92
2026-08-28,ADMINISTRACION TERRITORIAL,Gobierno Autónomo Municipal de Huanuni,1760992.4899999998
2026-08-28,ADMINISTRACION TERRITORIAL,Gobierno Autónomo Municipal de Huarina,2038417.57
2026-08-28,ADMINISTRACION TERRITORIAL,Gobierno Autónomo Municipal de Huatajata,341454.43
2026-08-28,ADMINISTRACION TERRITORIAL,Gobierno Autónomo Municipal de Humanata,135642.79
2026-08-28,ADMINISTRACION TERRITORIAL,Gobierno Autónomo Municipal de Ichoca,532759.77
2026-08-28,ADMINISTRACION TERRITORIAL,Gobierno Autónomo Municipal de Icla,367920.04000000004
2026-08-28,ADMINISTRACION TERRITORIAL,Gobierno Autónomo Municipal de Incahuasi,766730.02
2026-08-28,ADMINISTRACION TERRITORIAL,Gobierno Autónomo Municipal de Independencia,386295.09
2026-08-28,ADMINISTRACION TERRITORIAL,Gobierno Autónomo Municipal de Inquisivi,937756.7000000001
2026-08-28,ADMINISTRACION TERRITORIAL,Gobierno Autónomo Municipal de Irupana (Villa de Lanza),668923.5
2026-08-28,ADMINISTRACION TERRITORIAL,Gobierno Autónomo Municipal de Ixiamas,626647.1699999999
2026-08-28,ADMINISTRACION TERRITORIAL,Gobierno Autónomo Municipal de Jesús de Machaca,598763.51
2026-08-28,ADMINISTRACION TERRITORIAL,Gobierno Autónomo Municipal de La Asunta,967107.6000000001
2026-08-28,ADMINISTRACION TERRITORIAL,Gobierno Autónomo Municipal de La Guardia,9747469.639999999
2026-08-28,ADMINISTRACION TERRITORIAL,Gobierno Autónomo Municipal de La Paz,54781275.3
2026-08-28,ADMINISTRACION TERRITORIAL,Gobierno Autónomo Municipal de La Rivera,116322.86
2026-08-28,ADMINISTRACION TERRITORIAL,Gobierno Autónomo Municipal de Lagunillas,331193.87
2026-08-28,ADMINISTRACION TERRITORIAL,Gobierno Autónomo Municipal de Laja,883287.6099999999
2026-08-28,ADMINISTRACION TERRITORIAL,Gobierno Autónomo Municipal de Las Carreras,764602.1400000001
2026-08-28,ADMINISTRACION TERRITORIAL,Gobierno Autónomo Municipal de Llallagua,3321568.39
2026-08-28,ADMINISTRACION TERRITORIAL,Gobierno Autónomo Municipal de Llica,151795.64999999997
2026-08-28,ADMINISTRACION TERRITORIAL,Gobierno Autónomo Municipal de Loreto,228054.35
2026-08-28,ADMINISTRACION TERRITORIAL,Gobierno Autónomo Municipal de Luribay,242616.43000000002
2026-08-28,ADMINISTRACION TERRITORIAL,Gobierno Autónomo Municipal de Machacamarca,609223.15
2026-08-28,ADMINISTRACION TERRITORIAL,Gobierno Autónomo Municipal de Machareti,677379.6399999999
2026-08-28,ADMINISTRACION TERRITORIAL,Gobierno Autónomo Municipal de Magdalena,933470.0800000001
2026-08-28,ADMINISTRACION TERRITORIAL,Gobierno Autónomo Municipal de Mairana,685551.9100000003
2026-08-28,ADMINISTRACION TERRITORIAL,Gobierno Autónomo Municipal de Malla,70963.92
2026-08-28,ADMINISTRACION TERRITORIAL,Gobierno Autónomo Municipal de Mapiri,192035.25999999998
2026-08-28,ADMINISTRACION TERRITORIAL,Gobierno Autónomo Municipal de Mecapaca,494768.2899999999
2026-08-28,ADMINISTRACION TERRITORIAL,Gobierno Autónomo Municipal de Mineros,1317937.3900000001
2026-08-28,ADMINISTRACION TERRITORIAL,Gobierno Autónomo Municipal de Mizque,1717619.8900000001
2026-08-28,ADMINISTRACION TERRITORIAL,Gobierno Autónomo Municipal de Mocomoco,806874.65
2026-08-28,ADMINISTRACION TERRITORIAL,Gobierno Autónomo Municipal de Mojinete,46863.44
2026-08-28,ADMINISTRACION TERRITORIAL,Gobierno Autónomo Municipal de Monteagudo,1477036.4
2026-08-28,ADMINISTRACION TERRITORIAL,Gobierno Autónomo Municipal de Montero,9173137.100000001
2026-08-28,ADMINISTRACION TERRITORIAL,Gobierno Autónomo Municipal de Moro Moro,99650.90000000002
2026-08-28,ADMINISTRACION TERRITORIAL,Gobierno Autónomo Municipal de Morochata,623887.54
2026-08-28,ADMINISTRACION TERRITORIAL,Gobierno Autónomo Municipal de Nazacara de Pacajes,358388.41000000003
2026-08-28,ADMINISTRACION TERRITORIAL,Gobierno Autónomo Municipal de Nueva Esperanza,240496.83000000002
2026-08-28,ADMINISTRACION TERRITORIAL,Gobierno Autónomo Municipal de Ocurí,740747.63
2026-08-28,ADMINISTRACION TERRITORIAL,Gobierno Autónomo Municipal de Okinawa Uno,692882.54
2026-08-28,ADMINISTRACION TERRITORIAL,Gobierno Autónomo Municipal de Omereque,298291.05
2026-08-28,ADMINISTRACION TERRITORIAL,Gobierno Autónomo Municipal de Oruro,21123834.44
2026-08-28,ADMINISTRACION TERRITORIAL,Gobierno Autónomo Municipal de Padcaya,1172219.59
2026-08-28,ADMINISTRACION TERRITORIAL,Gobierno Autónomo Municipal de Padilla,182000.49000000002
2026-08-28,ADMINISTRACION TERRITORIAL,Gobierno Autónomo Municipal de Pailón,3829245.28
2026-08-28,ADMINISTRACION TERRITORIAL,Gobierno Autónomo Municipal de Palca,942824.7100000001
2026-08-28,ADMINISTRACION TERRITORIAL,Gobierno Autónomo Municipal de Palos Blancos,1851846.8699999999
2026-08-28,ADMINISTRACION TERRITORIAL,Gobierno Autónomo Municipal de Pampa Aullagas,409005.27
2026-08-28,ADMINISTRACION TERRITORIAL,Gobierno Autónomo Municipal de Pampa Grande,1712464.15
2026-08-28,ADMINISTRACION TERRITORIAL,Gobierno Autónomo Municipal de Papel Pampa,150276.41000000003
2026-08-28,ADMINISTRACION TERRITORIAL,Gobierno Autónomo Municipal de Pasorapa,487986.0
2026-08-28,ADMINISTRACION TERRITORIAL,Gobierno Autónomo Municipal de Patacamaya,722503.6199999999
2026-08-28,ADMINISTRACION TERRITORIAL,Gobierno Autónomo Municipal de Pazña,123038.83000000005
2026-08-28,ADMINISTRACION TERRITORIAL,Gobierno Autónomo Municipal de Pelechuco,302068.15
2026-08-28,ADMINISTRACION TERRITORIAL,Gobierno Autónomo Municipal de Pocoata,735395.72
2026-08-28,ADMINISTRACION TERRITORIAL,Gobierno Autónomo Municipal de Pocona,377509.95999999996
2026-08-28,ADMINISTRACION TERRITORIAL,Gobierno Autónomo Municipal de Pojo,520346.9699999999
2026-08-28,ADMINISTRACION TERRITORIAL,Gobierno Autónomo Municipal de Poopó (Villa Poopó),388373.17
2026-08-28,ADMINISTRACION TERRITORIAL,Gobierno Autónomo Municipal de Porco,859436.03
2026-08-28,ADMINISTRACION TERRITORIAL,Gobierno Autónomo Municipal de Poroma,456010.70999999996
2026-08-28,ADMINISTRACION TERRITORIAL,Gobierno Autónomo Municipal de Porongo (Ayacucho),5528607.95
2026-08-28,ADMINISTRACION TERRITORIAL,Gobierno Autónomo Municipal de Portachuelo,593010.48
2026-08-28,ADMINISTRACION TERRITORIAL,Gobierno Autónomo Municipal de Porvenir,294999.96
2026-08-28,ADMINISTRACION TERRITORIAL,Gobierno Autónomo Municipal de Postrer Valle,71881.87
2026-08-28,ADMINISTRACION TERRITORIAL,Gobierno Autónomo Municipal de Potosí,14505212.860000001
2026-08-28,ADMINISTRACION TERRITORIAL,Gobierno Autónomo Municipal de Presto,751239.6799999998
2026-08-28,ADMINISTRACION TERRITORIAL,Gobierno Autónomo Municipal de Pucarani,1257667.9800000002
2026-08-28,ADMINISTRACION TERRITORIAL,Gobierno Autónomo Municipal de Puerto Acosta,164098.72999999998
2026-08-28,ADMINISTRACION TERRITORIAL,Gobierno Autónomo Municipal de Puerto Gonzalo Moreno,1137132.56
2026-08-28,ADMINISTRACION TERRITORIAL,Gobierno Autónomo Municipal de Puerto Guayaramerín,1263248.55
2026-08-28,ADMINISTRACION TERRITORIAL,Gobierno Autónomo Municipal de Puerto Pérez,292907.59
2026-08-28,ADMINISTRACION TERRITORIAL,Gobierno Autónomo Municipal de Puerto Quijarro,1578920.3
2026-08-28,ADMINISTRACION TERRITORIAL,Gobierno Autónomo Municipal de Puerto Rico,670822.5500000002
2026-08-28,ADMINISTRACION TERRITORIAL,Gobierno Autónomo Municipal de Puerto Rurrenabaque,2143082.9699999997
2026-08-28,ADMINISTRACION TERRITORIAL,Gobierno Autónomo Municipal de Puerto Suárez,1644422.47
2026-08-28,ADMINISTRACION TERRITORIAL,Gobierno Autónomo Municipal de Puerto Villarroel,3986094.44
2026-08-28,ADMINISTRACION TERRITORIAL,Gobierno Autónomo Municipal de Puna (Villa Talavera),306302.62
2026-08-28,ADMINISTRACION TERRITORIAL,Gobierno Autónomo Municipal de Punata,2438392.11
2026-08-28,ADMINISTRACION TERRITORIAL,Gobierno Autónomo Municipal de Quiabaya,422519.49
2026-08-28,ADMINISTRACION TERRITORIAL,Gobierno Autónomo Municipal de Quillacollo,10006563.040000001
2026-08-28,ADMINISTRACION TERRITORIAL,Gobierno Autónomo Municipal de Quime,102728.37
2026-08-28,ADMINISTRACION TERRITORIAL,Gobierno Autónomo Municipal de Quirusillas,151328.85000000003
2026-08-28,ADMINISTRACION TERRITORIAL,Gobierno Autónomo Municipal de Ravelo,660982.47
2026-08-28,ADMINISTRACION TERRITORIAL,Gobierno Autónomo Municipal de Reyes,656260.1199999999
2026-08-28,ADMINISTRACION TERRITORIAL,Gobierno Autónomo Municipal de Riberalta,7365540.680000001
2026-08-28,ADMINISTRACION TERRITORIAL,Gobierno Autónomo Municipal de Roboré,516557.4800000002
2026-08-28,ADMINISTRACION TERRITORIAL,Gobierno Autónomo Municipal de Sabaya,1023554.47
2026-08-28,ADMINISTRACION TERRITORIAL,Gobierno Autónomo Municipal de Sacaba,14549400.780000001
2026-08-28,ADMINISTRACION TERRITORIAL,Gobierno Autónomo Municipal de Sacabamba,143807.38999999998
2026-08-28,ADMINISTRACION TERRITORIAL,Gobierno Autónomo Municipal de Sacaca (Villa de Sacaca),464467.57999999996
2026-08-28,ADMINISTRACION TERRITORIAL,Gobierno Autónomo Municipal de Saipina,405506.97000000003
2026-08-28,ADMINISTRACION TERRITORIAL,Gobierno Autónomo Municipal de Samaipata,903209.63
2026-08-28,ADMINISTRACION TERRITORIAL,Gobierno Autónomo Municipal de San Agustín,110710.26
2026-08-28,ADMINISTRACION TERRITORIAL,Gobierno Autónomo Municipal de San Andrés,1949508.4600000002
2026-08-28,ADMINISTRACION TERRITORIAL,Gobierno Autónomo Municipal de San Andrés de Machaca,174545.38999999998
2026-08-28,ADMINISTRACION TERRITORIAL,Gobierno Autónomo Municipal de San Antonio de Esmoruco,91939.13999999998
2026-08-28,ADMINISTRACION TERRITORIAL,Gobierno Autónomo Municipal de San Antonio de Lomerio,613705.46
2026-08-28,ADMINISTRACION TERRITORIAL,Gobierno Autónomo Municipal de San Benito (Villa José Quintín Mendoza),1335343.7
2026-08-28,ADMINISTRACION TERRITORIAL,Gobierno Autónomo Municipal de San Borja,2809198.63
2026-08-28,ADMINISTRACION TERRITORIAL,Gobierno Autónomo Municipal de San Buenaventura,617813.6
2026-08-28,ADMINISTRACION TERRITORIAL,Gobierno Autónomo Municipal de San Carlos,1808471.51
2026-08-28,ADMINISTRACION TERRITORIAL,Gobierno Autónomo Municipal de San Ignacio,1180862.12
2026-08-28,ADMINISTRACION TERRITORIAL,Gobierno Autónomo Municipal de San Ignacio (San Ignacio de Velasco),3084560.3200000003
2026-08-28,ADMINISTRACION TERRITORIAL,Gobierno Autónomo Municipal de San Javier,340164.49
2026-08-28,ADMINISTRACION TERRITORIAL,Gobierno Autónomo Municipal de San Javier,799284.6200000001
2026-08-28,ADMINISTRACION TERRITORIAL,Gobierno Autónomo Municipal de San Joaquín,344742.0799999999
2026-08-28,ADMINISTRACION TERRITORIAL,Gobierno Autónomo Municipal de San José,2525434.6100000003
2026-08-28,ADMINISTRACION TERRITORIAL,Gobierno Autónomo Municipal de San Juan,1509618.0999999999
2026-08-28,ADMINISTRACION TERRITORIAL,Gobierno Autónomo Municipal de San Julián,3512014.16
2026-08-28,ADMINISTRACION TERRITORIAL,Gobierno Autónomo Municipal de San Lorenzo,1125537.1
2026-08-28,ADMINISTRACION TERRITORIAL,Gobierno Autónomo Municipal de San Lorenzo,2469102.4099999997
2026-08-28,ADMINISTRACION TERRITORIAL,Gobierno Autónomo Municipal de San Lucas,1117129.21
2026-08-28,ADMINISTRACION TERRITORIAL,Gobierno Autónomo Municipal de San Matías,678087.9399999998
2026-08-28,ADMINISTRACION TERRITORIAL,Gobierno Autónomo Municipal de San Miguel (San Miguel de Velasco),1047480.96
2026-08-28,ADMINISTRACION TERRITORIAL,Gobierno Autónomo Municipal de San Pablo de Huacareta,514832.5800000001
2026-08-28,ADMINISTRACION TERRITORIAL,Gobierno Autónomo Municipal de San Pablo de Lípez,384639.47000000003
2026-08-28,ADMINISTRACION TERRITORIAL,Gobierno Autónomo Municipal de San Pedro,250535.87
2026-08-28,ADMINISTRACION TERRITORIAL,Gobierno Autónomo Municipal de San Pedro,1246896.72
2026-08-28,ADMINISTRACION TERRITORIAL,Gobierno Autónomo Municipal de San Pedro de Buena Vista,2284120.87
2026-08-28,ADMINISTRACION TERRITORIAL,Gobierno Autónomo Municipal de San Pedro de Curahuara,230138.21
2026-08-28,ADMINISTRACION TERRITORIAL,Gobierno Autónomo Municipal de San Pedro de Macha,494169.15
2026-08-28,ADMINISTRACION TERRITORIAL,Gobierno Autónomo Municipal de San Pedro de Tiquina,445343.12
2026-08-28,ADMINISTRACION TERRITORIAL,Gobierno Autónomo Municipal de San Rafael,308151.06999999995
2026-08-28,ADMINISTRACION TERRITORIAL,Gobierno Autónomo Municipal de San Ramón,144269.37999999998
2026-08-28,ADMINISTRACION TERRITORIAL,Gobierno Autónomo Municipal de San Ramón,573268.55
2026-08-28,ADMINISTRACION TERRITORIAL,Gobierno Autónomo Municipal de Santa Ana,1333130.99
2026-08-28,ADMINISTRACION TERRITORIAL,Gobierno Autónomo Municipal de Santa Cruz de La Sierra,120273137.75999999
2026-08-28,ADMINISTRACION TERRITORIAL,Gobierno Autónomo Municipal de Santa Rosa,1774127.3900000001
2026-08-28,ADMINISTRACION TERRITORIAL,Gobierno Autónomo Municipal de Santa Rosa del Abuná,224112.2
2026-08-28,ADMINISTRACION TERRITORIAL,Gobierno Autónomo Municipal de Santa Rosa del Sara,2358553.3200000003
2026-08-28,ADMINISTRACION TERRITORIAL,Gobierno Autónomo Municipal de Santiago de Callapa,276526.67
2026-08-28,ADMINISTRACION TERRITORIAL,Gobierno Autónomo Municipal de Santiago de Huari,1911302.25
2026-08-28,ADMINISTRACION TERRITORIAL,Gobierno Autónomo Municipal de Santiago de Huata,202597.86
2026-08-28,ADMINISTRACION TERRITORIAL,Gobierno Autónomo Municipal de Santivañez,815352.39
2026-08-28,ADMINISTRACION TERRITORIAL,Gobierno Autónomo Municipal de Santuario de Quillacas,25597.95
2026-08-28,ADMINISTRACION TERRITORIAL,Gobierno Autónomo Municipal de Sapahaqui,510352.73
2026-08-28,ADMINISTRACION TERRITORIAL,Gobierno Autónomo Municipal de Sena,1186732.6300000001
2026-08-28,ADMINISTRACION TERRITORIAL,Gobierno Autónomo Municipal de Shinahota,1064187.3399999999
2026-08-28,ADMINISTRACION TERRITORIAL,Gobierno Autónomo Municipal de Sica Sica (Villa Aroma),767227.9000000001
2026-08-28,ADMINISTRACION TERRITORIAL,Gobierno Autónomo Municipal de Sicaya,187094.14
2026-08-28,ADMINISTRACION TERRITORIAL,Gobierno Autónomo Municipal de Sipe Sipe,2531309.2399999998
2026-08-28,ADMINISTRACION TERRITORIAL,Gobierno Autónomo Municipal de Sopachuy,331897.29
2026-08-28,ADMINISTRACION TERRITORIAL,Gobierno Autónomo Municipal de Soracachi,1203670.69
2026-08-28,ADMINISTRACION TERRITORIAL,Gobierno Autónomo Municipal de Sorata,1519045.8900000001
2026-08-28,ADMINISTRACION TERRITORIAL,Gobierno Autónomo Municipal de Sucre,21052441.57
2026-08-28,ADMINISTRACION TERRITORIAL,Gobierno Autónomo Municipal de Tacachi,21206.089999999997
2026-08-28,ADMINISTRACION TERRITORIAL,Gobierno Autónomo Municipal de Tacacoma,278348.97
2026-08-28,ADMINISTRACION TERRITORIAL,Gobierno Autónomo Municipal de Tacobamba,685510.5499999999
2026-08-28,ADMINISTRACION TERRITORIAL,Gobierno Autónomo Municipal de Tacopaya,589263.75
2026-08-28,ADMINISTRACION TERRITORIAL,Gobierno Autónomo Municipal de Tahua,97629.36
2026-08-28,ADMINISTRACION TERRITORIAL,Gobierno Autónomo Municipal de Tapacari,1533579.4400000002
2026-08-28,ADMINISTRACION TERRITORIAL,Gobierno Autónomo Municipal de Tarabuco,599349.69
2026-08-28,ADMINISTRACION TERRITORIAL,Gobierno Autónomo Municipal de Tarata,358912.67000000004
2026-08-28,ADMINISTRACION TERRITORIAL,Gobierno Autónomo Municipal de Tarija,15227254.9
2026-08-28,ADMINISTRACION TERRITORIAL,Gobierno Autónomo Municipal de Tarvita (Villa Orías),316710.87
2026-08-28,ADMINISTRACION TERRITORIAL,Gobierno Autónomo Municipal de Teoponte,1661178.97
2026-08-28,ADMINISTRACION TERRITORIAL,Gobierno Autónomo Municipal de Tiahuanacu,577091.15
2026-08-28,ADMINISTRACION TERRITORIAL,Gobierno Autónomo Municipal de Tinguipaya,823990.29
2026-08-28,ADMINISTRACION TERRITORIAL,Gobierno Autónomo Municipal de Tipuani,337325.0
2026-08-28,ADMINISTRACION TERRITORIAL,Gobierno Autónomo Municipal de Tiquipaya,5262068.91
2026-08-28,ADMINISTRACION TERRITORIAL,Gobierno Autónomo Municipal de Tiraque,604221.3400000001
2026-08-28,ADMINISTRACION TERRITORIAL,Gobierno Autónomo Municipal de Tito Yupanqui,55618.0
2026-08-28,ADMINISTRACION TERRITORIAL,Gobierno Autónomo Municipal de Toco,338267.28
2026-08-28,ADMINISTRACION TERRITORIAL,Gobierno Autónomo Municipal de Todos Santos,59347.42
2026-08-28,ADMINISTRACION TERRITORIAL,Gobierno Autónomo Municipal de Tolata,344843.35
2026-08-28,ADMINISTRACION TERRITORIAL,Gobierno Autónomo Municipal de Toledo,545210.73
2026-08-28,ADMINISTRACION TERRITORIAL,Gobierno Autónomo Municipal de Tomave,247539.09
2026-08-28,ADMINISTRACION TERRITORIAL,Gobierno Autónomo Municipal de Tomina,445217.44
2026-08-28,ADMINISTRACION TERRITORIAL,Gobierno Autónomo Municipal de Toro Toro,235327.74999999994
2026-08-28,ADMINISTRACION TERRITORIAL,Gobierno Autónomo Municipal de Totora,749783.3
2026-08-28,ADMINISTRACION TERRITORIAL,Gobierno Autónomo Municipal de Totora,1017065.2899999999
2026-08-28,ADMINISTRACION TERRITORIAL,Gobierno Autónomo Municipal de Trigal,117519.78
2026-08-28,ADMINISTRACION TERRITORIAL,Gobierno Autónomo Municipal de Trinidad,3746774.11
2026-08-28,ADMINISTRACION TERRITORIAL,Gobierno Autónomo Municipal de Tupiza,2938270.2800000003
2026-08-28,ADMINISTRACION TERRITORIAL,Gobierno Autónomo Municipal de Turco,466234.99000000005
2026-08-28,ADMINISTRACION TERRITORIAL,Gobierno Autónomo Municipal de Umala,219207.33000000002
2026-08-28,ADMINISTRACION TERRITORIAL,Gobierno Autónomo Municipal de Uncía,525470.63
2026-08-28,ADMINISTRACION TERRITORIAL,Gobierno Autónomo Municipal de Uriondo (Concepción),703415.36
2026-08-28,ADMINISTRACION TERRITORIAL,Gobierno Autónomo Municipal de Urmiri,55049.06000000001
2026-08-28,ADMINISTRACION TERRITORIAL,Gobierno Autónomo Municipal de Urubicha,587011.32
2026-08-28,ADMINISTRACION TERRITORIAL,Gobierno Autónomo Municipal de Uyuni,2030964.16
2026-08-28,ADMINISTRACION TERRITORIAL,Gobierno Autónomo Municipal de Vacas,160366.18
2026-08-28,ADMINISTRACION TERRITORIAL,Gobierno Autónomo Municipal de Vallegrande,606452.4600000002
2026-08-28,ADMINISTRACION TERRITORIAL,Gobierno Autónomo Municipal de Viacha,6132798.039999999
2026-08-28,ADMINISTRACION TERRITORIAL,Gobierno Autónomo Municipal de Vila Vila,194431.93
2026-08-28,ADMINISTRACION TERRITORIAL,Gobierno Autónomo Municipal de Villa Alcalá,47497.82000000001
2026-08-28,ADMINISTRACION TERRITORIAL,Gobierno Autónomo Municipal de Villa Azurduy,757746.38
2026-08-28,ADMINISTRACION TERRITORIAL,Gobierno Autónomo Municipal de Villa Charcas,931168.2
2026-08-28,ADMINISTRACION TERRITORIAL,Gobierno Autónomo Municipal de Villa Libertad Licoma,344194.52
2026-08-28,ADMINISTRACION TERRITORIAL,Gobierno Autónomo Municipal de Villa Mojocoya,515869.05999999994
2026-08-28,ADMINISTRACION TERRITORIAL,Gobierno Autónomo Municipal de Villa Nueva (Loma Alta),158837.61
2026-08-28,ADMINISTRACION TERRITORIAL,Gobierno Autónomo Municipal de Villa Rivero,305071.32999999996
2026-08-28,ADMINISTRACION TERRITORIAL,Gobierno Autónomo Municipal de Villa Serrano,903414.07
2026-08-28,ADMINISTRACION TERRITORIAL,Gobierno Autónomo Municipal de Villa Tunari,4592635.350000001
2026-08-28,ADMINISTRACION TERRITORIAL,Gobierno Autónomo Municipal de Villa Vaca Guzmán,872478.2899999999
2026-08-28,ADMINISTRACION TERRITORIAL,Gobierno Autónomo Municipal de Villa Zudañez (Tacopaya),1210209.58
2026-08-28,ADMINISTRACION TERRITORIAL,Gobierno Autónomo Municipal de Villamontes,2330601.17
2026-08-28,ADMINISTRACION TERRITORIAL,Gobierno Autónomo Municipal de Villazón,3219323.09
2026-08-28,ADMINISTRACION TERRITORIAL,Gobierno Autónomo Municipal de Vinto,2631903.5400000005
2026-08-28,ADMINISTRACION TERRITORIAL,Gobierno Autónomo Municipal de Vitichi,393684.22000000003
2026-08-28,ADMINISTRACION TERRITORIAL,Gobierno Autónomo Municipal de Waldo Ballivián,397603.02999999997
2026-08-28,ADMINISTRACION TERRITORIAL,Gobierno Autónomo Municipal de Warnes,14184353.650000002
2026-08-28,ADMINISTRACION TERRITORIAL,Gobierno Autónomo Municipal de Yaco,192431.95000000007
2026-08-28,ADMINISTRACION TERRITORIAL,Gobierno Autónomo Municipal de Yacuiba,4164161.9499999997
2026-08-28,ADMINISTRACION TERRITORIAL,Gobierno Autónomo Municipal de Yamparáez,1410580.31
2026-08-28,ADMINISTRACION TERRITORIAL,Gobierno Autónomo Municipal de Yanacachi,249557.67000000004
2026-08-28,ADMINISTRACION TERRITORIAL,Gobierno Autónomo Municipal de Yapacaní,3122892.4800000004
2026-08-28,ADMINISTRACION TERRITORIAL,Gobierno Autónomo Municipal de Yocalla,231281.55
2026-08-28,ADMINISTRACION TERRITORIAL,Gobierno Autónomo Municipal de Yotala,1033721.39
2026-08-28,ADMINISTRACION TERRITORIAL,Gobierno Autónomo Municipal de Yunchara,187892.42
2026-08-28,ADMINISTRACION TERRITORIAL,Gobierno Autónomo Municipal de Yunguyo de Litoral,227955.78
2026-08-28,ADMINISTRACION TERRITORIAL,Gobierno Autónomo Regional del Gran Chaco,8609352.78
2026-08-28,ADMINISTRACION TERRITORIAL,Gobierno Indígena Autónomo del Territorio Indígena Multiétnico,86943.0
2026-08-28,EMPRESAS PÚBLICAS,Administración Autónoma para Obras Sanitarias - Potosí,662716.0000000001
2026-08-28,EMPRESAS PÚBLICAS,Administración de Servicios Portuarios - Bolivia,7786491.039999997
2026-08-28,EMPRESAS PÚBLICAS,Agencia Boliviana Espacial,5219889.119999997
2026-08-28,EMPRESAS PÚBLICAS,Bolivia TV,2865633.5299999993
2026-08-28,EMPRESAS PÚBLICAS,Boliviana de Aviación,193793028.13999996
2026-08-28,EMPRESAS PÚBLICAS,Corporación de las Fuerzas Armadas p/ el Des. Nacional,2237061.0
2026-08-28,EMPRESAS PÚBLICAS,Depósitos Aduaneros Bolivianos,4908992.46
2026-08-28,EMPRESAS PÚBLICAS,EMPRESA MUNICIPAL AUTONOMA DE AGUA POTABLE Y ALCANTARILLADO  DE YACUIBA,1450147.1199999999
2026-08-28,EMPRESAS PÚBLICAS,EMPRESA MUNICIPAL DE AGUA POTABLE Y ALCANTARILLADO VIACHA,198754.56
2026-08-28,EMPRESAS PÚBLICAS,EMPRESA MUNICIPAL DE AREAS VERDES SUCRE,187634.68999999997
2026-08-28,EMPRESAS PÚBLICAS,EMPRESA MUNICIPAL DE DISTRIBUCION DE ENERGIA ELECTRICA LLALLAGUA,160195.95000000004
2026-08-28,EMPRESAS PÚBLICAS,EMPRESA MUNICIPAL FABRICA DE JOYAS,105490.99
2026-08-28,EMPRESAS PÚBLICAS,EMPRESA PRESTADORA DE SERVICIO DE AGUA POTABLE Y ALCANTARILLADO ,55150.389999999985
2026-08-28,EMPRESAS PÚBLICAS,EMPRESA PUBLICA MUNICIPAL DE SERVICIOS DE AGUA Y ALCANTARRILLADO SANITARIO DE COBIJA,536039.38
2026-08-28,EMPRESAS PÚBLICAS,EMPRESA PÚBLICA DEPARTAMENTAL FÁBRICA DE CALAMINAS Y CLAVOS POTOSI,43779.42999999999
2026-08-28,EMPRESAS PÚBLICAS,Empresa Azucarera San Buenaventura,2642030.66
2026-08-28,EMPRESAS PÚBLICAS,Empresa Boliviana de Alimentos y Derivados,9403191.889999999
2026-08-28,EMPRESAS PÚBLICAS,Empresa Boliviana de Industrializacion de Hidrocarburos,2210635.0200000005
2026-08-28,EMPRESAS PÚBLICAS,"Empresa Estatal de Transporte por Cable ""Mi teleférico""",9671648.830000004
2026-08-28,EMPRESAS PÚBLICAS,Empresa Estratégica Boliviana de Construcción y Conservación de Infraestructura Civil,579052.67
2026-08-28,EMPRESAS PÚBLICAS,Empresa Local de Agua Potable y Alcantarillado Sucre,9328035.139999997
2026-08-28,EMPRESAS PÚBLICAS,Empresa Misicuni,1608741.8799999997
2026-08-28,EMPRESAS PÚBLICAS,Empresa Municipal de Agua Potable y Alcantarillado Sacaba,533402.04
2026-08-28,EMPRESAS PÚBLICAS,Empresa Municipal de Areas Verdes y Recreación alternativa,10243365.21
2026-08-28,EMPRESAS PÚBLICAS,Empresa Municipal de Asfaltos y Vías,1619983.1199999996
2026-08-28,EMPRESAS PÚBLICAS,Empresa Municipal de Gestión de Residuos Sólidos,612307.1799999999
2026-08-28,EMPRESAS PÚBLICAS,Empresa Municipal de Servicio de Aseo ,9795061.0
2026-08-28,EMPRESAS PÚBLICAS,"Empresa Municipal de Áreas Verdes, Parques y Forestación",35718.84
2026-08-28,EMPRESAS PÚBLICAS,Empresa Nacional de Electricidad,7856381.600000003
2026-08-28,EMPRESAS PÚBLICAS,Empresa Nacional de Ferrocarriles - Residual,356451.26
2026-08-28,EMPRESAS PÚBLICAS,Empresa Naviera Boliviana,21530.56
2026-08-28,EMPRESAS PÚBLICAS,Empresa Púb. Deptal. Hotel Terminal-Terminal de Buses Oruro,363241.0000000001
2026-08-28,EMPRESAS PÚBLICAS,"Empresa Pública ""Editorial del Estado Plurinacional de Bolivia""",559582.1900000008
2026-08-28,EMPRESAS PÚBLICAS,"Empresa Pública ""QUIPUS""",331154.44
2026-08-28,EMPRESAS PÚBLICAS,Empresa Pública Nacional Estratégica de Yacimientos de Litio Bolivianos,19550602.83
2026-08-28,EMPRESAS PÚBLICAS,Empresa Pública Transporte Aéreo Militar ,4313420.32
2026-08-28,EMPRESAS PÚBLICAS,Empresa Pública YACANA,5389.009999999978
2026-08-28,EMPRESAS PÚBLICAS,Empresa Servicios Aéreos Bolivianos,7457.9
2026-08-28,EMPRESAS PÚBLICAS,Empresa Siderúrgica del Mutún,1794467.9300000002
2026-08-28,EMPRESAS PÚBLICAS,Empresa Tarijeña del Gas,269177.85
2026-08-28,EMPRESAS PÚBLICAS,Empresa de Apoyo a la Producción de Alimentos,10380233.33
2026-08-28,EMPRESAS PÚBLICAS,Gestora Pública de la Seguridad Social de Largo Plazo,111636125.51
2026-08-28,EMPRESAS PÚBLICAS,Servicio Autónomo Municipal de Agua Potable y Alcantarillado,128410.85000000005
2026-08-28,EMPRESAS PÚBLICAS,Servicio Local de Acueductos y Alcantarillado - Oruro,1133997.0999999996
2026-08-28,EMPRESAS PÚBLICAS,Servicio Municipal de Agua Potable y Alcantarillado,12329254.56
2026-08-28,EMPRESAS PÚBLICAS,Transportes Aéreos Bolivianos,3381024.2900000005
2026-08-28,EMPRESAS PÚBLICAS,Yacimientos Petrolíferos Fiscales Bolivianos,4303190279.809999
2026-08-28,INSTITUCIONES DE CONTROL Y DEFENSA DEL ESTADO,Contraloria General del Estado,6158110.080000001
2026-08-28,INSTITUCIONES DE CONTROL Y DEFENSA DEL ESTADO,Defensoria del Pueblo,2305848.34
2026-08-28,INSTITUCIONES DE CONTROL Y DEFENSA DEL ESTADO,Ministerio Público,20599906.37
2026-08-28,INSTITUCIONES DE CONTROL Y DEFENSA DEL ESTADO,Procuraduria General del Estado,1962656.2199999997
2026-08-28,INSTITUCIONES DE SEGURIDAD SOCIAL,Caja Bancaria Estatal de Salud,11539777.929999996
2026-08-28,INSTITUCIONES DE SEGURIDAD SOCIAL,Caja de Salud del Servicio Nal. de Caminos y Ramas Anexas,9781159.030000001
2026-08-28,INSTITUCIONES DE SEGURIDAD SOCIAL,Seguro Social Universitario de Sucre,2316369.2199999997
2026-08-28,INSTITUCIONES FINANCIERAS NO BANCARIAS,Fondo Nacional de Desarrollo Regional,93437611.64
2026-08-28,INSTITUCIONES FINANCIERAS NO BANCARIAS,Fondo Rotatorio de Fomento Productivo Regional,188653.74
2026-08-28,INSTITUCIONES FINANCIERAS NO BANCARIAS,Fondo de Desarrollo del Sist.Fin. y Apoyo al Sec.Productivo,422503.86999999994
2026-08-28,INSTITUCIONES FINANCIERAS NO BANCARIAS,Fondo de Financiamiento para la Minería,198249.7500000001
2026-08-28,INSTITUCIONES PÚBLICAS DESCENTRALIZADAS,Academia Nacional de Ciencias,76510.15999999999
2026-08-28,INSTITUCIONES PÚBLICAS DESCENTRALIZADAS,Administradora Boliviana de Carreteras,26490004.2
2026-08-28,INSTITUCIONES PÚBLICAS DESCENTRALIZADAS,Aduana Nacional,19973072.349999987
2026-08-28,INSTITUCIONES PÚBLICAS DESCENTRALIZADAS,"Agencia Boliviana de Correos ""Correos de Bolivia""",647427.91
2026-08-28,INSTITUCIONES PÚBLICAS DESCENTRALIZADAS,Agencia Boliviana de Energía Nuclear,3449839.15
2026-08-28,INSTITUCIONES PÚBLICAS DESCENTRALIZADAS,Agencia Estatal de Vivienda,10375408.77
2026-08-28,INSTITUCIONES PÚBLICAS DESCENTRALIZADAS,Agencia Nacional de Hidrocarburos,4826390.49
2026-08-28,INSTITUCIONES PÚBLICAS DESCENTRALIZADAS,Agencia de Gobierno Electrónico y Tecnologías de Información y Comunicación,1879937.0000000002
2026-08-28,INSTITUCIONES PÚBLICAS DESCENTRALIZADAS,Agencia de Infraestructura en Salud y Equipamiento Médico,1714644.93
2026-08-28,INSTITUCIONES PÚBLICAS DESCENTRALIZADAS,Agencia del Desarrollo del Cine y Audiovisual Bolivianos,74799.38
2026-08-28,INSTITUCIONES PÚBLICAS DESCENTRALIZADAS,Autoridad Jurisdiccional Administrativa Minera,2085016.8099999994
2026-08-28,INSTITUCIONES PÚBLICAS DESCENTRALIZADAS,Autoridad Plurinacional de la Madre Tierra,225295.62999999992
2026-08-28,INSTITUCIONES PÚBLICAS DESCENTRALIZADAS,Autoridad de Fisc y Ctrol Soc de Agua Potable Saneam.Básico,694083.32
2026-08-28,INSTITUCIONES PÚBLICAS DESCENTRALIZADAS,Autoridad de Fiscalizac. y Control Soc de Bosques y Tierras,4023671.580000001
2026-08-28,INSTITUCIONES PÚBLICAS DESCENTRALIZADAS,Autoridad de Fiscalización de Electricidad y Tecnología Nuclear,1966948.12
2026-08-28,INSTITUCIONES PÚBLICAS DESCENTRALIZADAS,Autoridad de Fiscalización de Empresas,629595.9800000001
2026-08-28,INSTITUCIONES PÚBLICAS DESCENTRALIZADAS,Autoridad de Fiscalización del Juego,1065055.0499999996
2026-08-28,INSTITUCIONES PÚBLICAS DESCENTRALIZADAS,Autoridad de Fiscalización y Control de Cooperativas,158974.50999999998
2026-08-28,INSTITUCIONES PÚBLICAS DESCENTRALIZADAS,Autoridad de Fiscalización y Control de Pensiones y Seguros - APS,1773016.36
2026-08-28,INSTITUCIONES PÚBLICAS DESCENTRALIZADAS,Autoridad de Impugnación Tributaria,2436574.95
2026-08-28,INSTITUCIONES PÚBLICAS DESCENTRALIZADAS,Autoridad de Regulación y Fiscalización de Telecomunicaciones y Transportes,2409869.209999999
2026-08-28,INSTITUCIONES PÚBLICAS DESCENTRALIZADAS,Autoridad de Supervisión de la Seguridad Social de Corto Plazo,1902951.5100000002
2026-08-28,INSTITUCIONES PÚBLICAS DESCENTRALIZADAS,Autoridad de Supervisión del Sistema Financiero,7032294.889999998
2026-08-28,INSTITUCIONES PÚBLICAS DESCENTRALIZADAS,Central de Abastecimiento y Suministros de Salud,680799.21
2026-08-28,INSTITUCIONES PÚBLICAS DESCENTRALIZADAS,Centro Internacional de la Quinua,237095.71999999997
2026-08-28,INSTITUCIONES PÚBLICAS DESCENTRALIZADAS,Centro de Investigación Agrícola Tropical,145446.87000000002
2026-08-28,INSTITUCIONES PÚBLICAS DESCENTRALIZADAS,Comité Ejecutivo de la Universidad Boliviana,706592.39
2026-08-28,INSTITUCIONES PÚBLICAS DESCENTRALIZADAS,Consejo Nacional de Vivienda Policial,14821427.199999997
2026-08-28,INSTITUCIONES PÚBLICAS DESCENTRALIZADAS,Conservatorio Plurinacional de Musica,383705.5200000001
2026-08-28,INSTITUCIONES PÚBLICAS DESCENTRALIZADAS,Despacho de Gestión Social de Su Excelencia,311388.22
2026-08-28,INSTITUCIONES PÚBLICAS DESCENTRALIZADAS,Direc. Dptal. de Educación  Chuquisaca,95780200.33
2026-08-28,INSTITUCIONES PÚBLICAS DESCENTRALIZADAS,Direc. Dptal. de Educación Beni,74679134.08999999
2026-08-28,INSTITUCIONES PÚBLICAS DESCENTRALIZADAS,Direc. Dptal. de Educación Cochabamba,256411937.85
2026-08-28,INSTITUCIONES PÚBLICAS DESCENTRALIZADAS,Direc. Dptal. de Educación La Paz,425291716.79
2026-08-28,INSTITUCIONES PÚBLICAS DESCENTRALIZADAS,Direc. Dptal. de Educación Oruro,85096474.05000001
2026-08-28,INSTITUCIONES PÚBLICAS DESCENTRALIZADAS,Direc. Dptal. de Educación Pando,24466811.590000007
2026-08-28,INSTITUCIONES PÚBLICAS DESCENTRALIZADAS,Direc. Dptal. de Educación Potosí,149462336.68
2026-08-28,INSTITUCIONES PÚBLICAS DESCENTRALIZADAS,Direc. Dptal. de Educación Santa Cruz,313637231.30999994
2026-08-28,INSTITUCIONES PÚBLICAS DESCENTRALIZADAS,Direc. Dptal. de Educación Tarija,83844740.02
2026-08-28,INSTITUCIONES PÚBLICAS DESCENTRALIZADAS,Dirección General de Aeronáutica Civil,4573452.769999998
2026-08-28,INSTITUCIONES PÚBLICAS DESCENTRALIZADAS,Dirección del Notariado Plurinacional,1034257.1299999999
2026-08-28,INSTITUCIONES PÚBLICAS DESCENTRALIZADAS,"EMPRESA MUNICIPAL DE AGUA POTABLE Y ALCANTARILLADO SANITARIO DE RIBERALTA - ""EMAAR""",140443.1
2026-08-28,INSTITUCIONES PÚBLICAS DESCENTRALIZADAS,EMPRESA PRESTADORA DE SERVICIOS DE AGUA Y ALCANTARILLADO (EPSA-COROICO),83178.59999999999
2026-08-28,INSTITUCIONES PÚBLICAS DESCENTRALIZADAS,ENTIDAD ASEO MUNICIPAL DE TARIJA,2157371.98
2026-08-28,INSTITUCIONES PÚBLICAS DESCENTRALIZADAS,ENTIDAD DESCENTRALIZADA MUNICIPAL DE CEMENTERIOS DE LA PAZ,669493.3799999999
2026-08-28,INSTITUCIONES PÚBLICAS DESCENTRALIZADAS,ENTIDAD DESCENTRALIZADA MUNICIPAL DE MAQUINARIA Y EQUIPO,410004.12999999995
2026-08-28,INSTITUCIONES PÚBLICAS DESCENTRALIZADAS,ENTIDAD DESCENTRALIZADA MUNICIPAL TERMINAL DE BUSES LA PAZ,692072.48
2026-08-28,INSTITUCIONES PÚBLICAS DESCENTRALIZADAS,ENTIDAD DESCENTRALIZADA TERMINAL METROPOLITANA EL ALTO,657213.36
2026-08-28,INSTITUCIONES PÚBLICAS DESCENTRALIZADAS,ENTIDAD DIRECCIÓN DE LA TERMINAL DE BUSES DE TARIJA,322998.4799999998
2026-08-28,INSTITUCIONES PÚBLICAS DESCENTRALIZADAS,ENTIDAD MATADERO FRIGORIFICO MUNICIPAL DE TARIJA,367821.78000000014
2026-08-28,INSTITUCIONES PÚBLICAS DESCENTRALIZADAS,ENTIDAD MUNICIPAL DE ASEO POTOSI,269642.1599999999
2026-08-28,INSTITUCIONES PÚBLICAS DESCENTRALIZADAS,ENTIDAD MUNICIPAL DE ASEO URBANO SUCRE,1735516.1900000004
2026-08-28,INSTITUCIONES PÚBLICAS DESCENTRALIZADAS,ENTIDAD OBRAS PUBLICAS MUNICIPALES DE TARIJA,1646322.54
2026-08-28,INSTITUCIONES PÚBLICAS DESCENTRALIZADAS,ENTIDAD ORDEN Y SEGURIDAD CIUDADANA MUNICIPAL DE TARIJA,1112967.18
2026-08-28,INSTITUCIONES PÚBLICAS DESCENTRALIZADAS,ENTIDAD ORDENAMIENTO TERRITORIAL DE TARIJA,844238.3500000001
2026-08-28,INSTITUCIONES PÚBLICAS DESCENTRALIZADAS,Entidad Descentralizada UMMIPRE PROMAN,1152796.69
2026-08-28,INSTITUCIONES PÚBLICAS DESCENTRALIZADAS,Entidad Ejecutora de Medio Ambiente y Agua,12867471.51
2026-08-28,INSTITUCIONES PÚBLICAS DESCENTRALIZADAS,Entidad de Servicios Integrales de Acceso a la Justicia,623191.12
2026-08-28,INSTITUCIONES PÚBLICAS DESCENTRALIZADAS,Escuela Boliviana Intercultural de Danza ,219404.73
2026-08-28,INSTITUCIONES PÚBLICAS DESCENTRALIZADAS,Escuela Boliviana Intercultural de Música,27953.0
2026-08-28,INSTITUCIONES PÚBLICAS DESCENTRALIZADAS,Escuela Militar de Ingeniería,3033716.53
2026-08-28,INSTITUCIONES PÚBLICAS DESCENTRALIZADAS,Escuela de Gestión Pública Plurinacional,878949.2799999997
2026-08-28,INSTITUCIONES PÚBLICAS DESCENTRALIZADAS,Escuela de Jueces del Estado,545755.1300000001
2026-08-28,INSTITUCIONES PÚBLICAS DESCENTRALIZADAS,Fondo Nacional de Desarrollo Forestal,4495290.88
2026-08-28,INSTITUCIONES PÚBLICAS DESCENTRALIZADAS,Fondo Nacional de Inversión Productiva y Social,3568952.4499999997
2026-08-28,INSTITUCIONES PÚBLICAS DESCENTRALIZADAS,Fondo de Desarrollo Indigena,605398.4800000001
2026-08-28,INSTITUCIONES PÚBLICAS DESCENTRALIZADAS,Fundación Cultural del Banco Central de Bolivia,5139745.56
2026-08-28,INSTITUCIONES PÚBLICAS DESCENTRALIZADAS,Instituto Boliviano de la Ceguera,427905.23
2026-08-28,INSTITUCIONES PÚBLICAS DESCENTRALIZADAS,Instituto Gastroenterológico del Bicentenario - Hospital de Cuarto Nivel,434608.1799999998
2026-08-28,INSTITUCIONES PÚBLICAS DESCENTRALIZADAS,Instituto Nacional de Estadística,8310803.100000001
2026-08-28,INSTITUCIONES PÚBLICAS DESCENTRALIZADAS,Instituto Nacional de Innovación Agropecuaria y Forestal,2090431.7500000007
2026-08-28,INSTITUCIONES PÚBLICAS DESCENTRALIZADAS,Instituto Nacional de Reforma Agraria,3042536.5400000014
2026-08-28,INSTITUCIONES PÚBLICAS DESCENTRALIZADAS,Instituto Nacional de Salud Ocupacional,458714.1699999999
2026-08-28,INSTITUCIONES PÚBLICAS DESCENTRALIZADAS,Instituto Plurinacional de Estudio de Lenguas y Culturas,181055.51999999987
2026-08-28,INSTITUCIONES PÚBLICAS DESCENTRALIZADAS,Instituto del Seguro Agrario,743011.9400000002
2026-08-28,INSTITUCIONES PÚBLICAS DESCENTRALIZADAS,Insumos Bolivia,1041282.3400000002
2026-08-28,INSTITUCIONES PÚBLICAS DESCENTRALIZADAS,Lotería Nacional de Beneficencia y Salubridad,508343.74000000034
2026-08-28,INSTITUCIONES PÚBLICAS DESCENTRALIZADAS,Museo Nacional de Historia Natural,99912.09
2026-08-28,INSTITUCIONES PÚBLICAS DESCENTRALIZADAS,Mutual de Servicios al Policía,13076816.899999999
2026-08-28,INSTITUCIONES PÚBLICAS DESCENTRALIZADAS,NUEVA VIDA SANTA CRUZ,513946.82999999996
2026-08-28,INSTITUCIONES PÚBLICAS DESCENTRALIZADAS,Navegación Aérea y Aeropuertos Bolivianos ,19877494.96
2026-08-28,INSTITUCIONES PÚBLICAS DESCENTRALIZADAS,Observatorio Plurinacional de la Calidad Educativa,206363.16
2026-08-28,INSTITUCIONES PÚBLICAS DESCENTRALIZADAS,Oficina Técnica Nacional de los Ríos Pilcomayo y Bermejo,93835.86999999997
2026-08-28,INSTITUCIONES PÚBLICAS DESCENTRALIZADAS,OficinaTécnica para el Fortalecimiento de la Empresa Pública,446711.5899999999
2026-08-28,INSTITUCIONES PÚBLICAS DESCENTRALIZADAS,Orquesta Sinfónica Nacional,316325.27
2026-08-28,INSTITUCIONES PÚBLICAS DESCENTRALIZADAS,Proyecto Sucre Ciudad Universitaria,95244.56
2026-08-28,INSTITUCIONES PÚBLICAS DESCENTRALIZADAS,Registro Único para la Administración Tributaria Municipal,3354174.6199999987
2026-08-28,INSTITUCIONES PÚBLICAS DESCENTRALIZADAS,SERVICIO DE ENCAUZAMIENTO DE RIOS (SEARPI),409691.63000000006
2026-08-28,INSTITUCIONES PÚBLICAS DESCENTRALIZADAS,Serv. Nal. de Reg. y Control de la Comer. de Minerales y Metales,1068570.6399999992
2026-08-28,INSTITUCIONES PÚBLICAS DESCENTRALIZADAS,Serv. Nal. para la Sostenibilidad en Saneamiento Básico,24632.86
2026-08-28,INSTITUCIONES PÚBLICAS DESCENTRALIZADAS,Servicio Departamental de Riego - Chuquisaca,46767.14
2026-08-28,INSTITUCIONES PÚBLICAS DESCENTRALIZADAS,Servicio Departamental de Riego - Cochabamba,27876.45
2026-08-28,INSTITUCIONES PÚBLICAS DESCENTRALIZADAS,Servicio Departamental de Riego - La Paz,77054.88
2026-08-28,INSTITUCIONES PÚBLICAS DESCENTRALIZADAS,Servicio Departamental de Riego - Oruro,121601.04
2026-08-28,INSTITUCIONES PÚBLICAS DESCENTRALIZADAS,Servicio Departamental de Riego - Potosí,66438.78000000001
2026-08-28,INSTITUCIONES PÚBLICAS DESCENTRALIZADAS,Servicio Estatal de Autonomías,442334.29000000004
2026-08-28,INSTITUCIONES PÚBLICAS DESCENTRALIZADAS,Servicio General de Identificación Personal,9485134.17
2026-08-28,INSTITUCIONES PÚBLICAS DESCENTRALIZADAS,Servicio Geodésico de Mapas,156838.72
2026-08-28,INSTITUCIONES PÚBLICAS DESCENTRALIZADAS,Servicio Geológico Minero ,1123601.4800000004
2026-08-28,INSTITUCIONES PÚBLICAS DESCENTRALIZADAS,Servicio Nacional Textil,1562471.3000000003
2026-08-28,INSTITUCIONES PÚBLICAS DESCENTRALIZADAS,Servicio Nacional de Aerofotogrametría,136256.00999999998
2026-08-28,INSTITUCIONES PÚBLICAS DESCENTRALIZADAS,Servicio Nacional de Hidrografía Naval,31586.670000000002
2026-08-28,INSTITUCIONES PÚBLICAS DESCENTRALIZADAS,Servicio Nacional de Meteorología e Hidrología,597960.9400000001
2026-08-28,INSTITUCIONES PÚBLICAS DESCENTRALIZADAS,Servicio Nacional de Riego,180457.95000000013
2026-08-28,INSTITUCIONES PÚBLICAS DESCENTRALIZADAS,Servicio Plurinacional de Asistencia a la Víctima,337250.33999999985
2026-08-28,INSTITUCIONES PÚBLICAS DESCENTRALIZADAS,Servicio Plurinacional de Defensa Pública,709457.72
2026-08-28,INSTITUCIONES PÚBLICAS DESCENTRALIZADAS,Servicio Plurinacional de Registro de Comercio,1457119.4500000007
2026-08-28,INSTITUCIONES PÚBLICAS DESCENTRALIZADAS,Servicio Plurinacional de la Mujer y de la Despatriarcalización Ana María Romero,241196.32
2026-08-28,INSTITUCIONES PÚBLICAS DESCENTRALIZADAS,Servicio al Mejoramiento de la Navegación Amazónica,118711.62
2026-08-28,INSTITUCIONES PÚBLICAS DESCENTRALIZADAS,Servicio de Desarrollo de las Empresas Púb. Productivas,36390716.269999996
2026-08-28,INSTITUCIONES PÚBLICAS DESCENTRALIZADAS,Servicio de Impuestos Nacionales,31075540.020000007
2026-08-28,INSTITUCIONES PÚBLICAS DESCENTRALIZADAS,Unidad de Análisis de Políticas Sociales y Económicas,726094.7800000001
2026-08-28,INSTITUCIONES PÚBLICAS DESCENTRALIZADAS,Unidad de Comunicación Estratégica del Estado Plurinacional de Bolivia,5970986.86
2026-08-28,INSTITUCIONES PÚBLICAS DESCENTRALIZADAS,Unidad de Investigaciones Financieras,1872097.85
2026-08-28,INSTITUCIONES PÚBLICAS DESCENTRALIZADAS,Univ. Indígena Bol. Comun. Intercult Prod. Apiaguaiki Tupa,20723.0
2026-08-28,INSTITUCIONES PÚBLICAS DESCENTRALIZADAS,Univ. Indígena Bol. Comun. Intercultl Prod. Tupak Katari,431032.92999999993
2026-08-28,INSTITUCIONES PÚBLICAS DESCENTRALIZADAS,Vías Bolivia,7526898.179999999
2026-08-28,INSTITUCIONES PÚBLICAS DESCENTRALIZADAS,Zona Franca Comercial e Industrial de Cobija,645291.0899999999
2026-08-28,ORGANOS DEL ESTADO PLURINACIONAL,Asamblea Legislativa Plurinacional,19388305.38
2026-08-28,ORGANOS DEL ESTADO PLURINACIONAL,Ministerio de Defensa,254282465.03
2026-08-28,ORGANOS DEL ESTADO PLURINACIONAL,"Ministerio de Desarrollo Productivo, Rural y Agua",62302954.66
2026-08-28,ORGANOS DEL ESTADO PLURINACIONAL,Ministerio de Economía y Finanzas Públicas,14225331.110000003
2026-08-28,ORGANOS DEL ESTADO PLURINACIONAL,Ministerio de Educación,6807505.2299999995
2026-08-28,ORGANOS DEL ESTADO PLURINACIONAL,Ministerio de Gobierno,346752383.23999995
2026-08-28,ORGANOS DEL ESTADO PLURINACIONAL,Ministerio de Hidrocarburos y Energías,7697084.39
2026-08-28,ORGANOS DEL ESTADO PLURINACIONAL,Ministerio de Minería y Metalurgia,1379086.3900000006
2026-08-28,ORGANOS DEL ESTADO PLURINACIONAL,"Ministerio de Obras Públicas, Servicios y Vivienda",12230750.8
2026-08-28,ORGANOS DEL ESTADO PLURINACIONAL,Ministerio de Planificación del Desarrollo y Medio Ambiente,3455842.4200000013
2026-08-28,ORGANOS DEL ESTADO PLURINACIONAL,Ministerio de Relaciones Exteriores,12680546.240000002
2026-08-28,ORGANOS DEL ESTADO PLURINACIONAL,Ministerio de Salud y Deportes ,214583502.60999998
2026-08-28,ORGANOS DEL ESTADO PLURINACIONAL,"Ministerio de Trabajo, Empleo y Previsión Social",2927206.770000001
2026-08-28,ORGANOS DEL ESTADO PLURINACIONAL,"Ministerio de Turismo Sostenible, Culturas, Folklore y Gastronomía",752724.3700000007
2026-08-28,ORGANOS DEL ESTADO PLURINACIONAL,Ministerio de la Presidencia,9901489.28
2026-08-28,ORGANOS DEL ESTADO PLURINACIONAL,Tribunal Constitucional Plurinacional,5147558.960000002
2026-08-28,ORGANOS DEL ESTADO PLURINACIONAL,Órgano Electoral Plurinacional,11807328.799999995
2026-08-28,ORGANOS DEL ESTADO PLURINACIONAL,Órgano Judicial,78969407.16000001
2026-08-28,UNIVERSIDADES PÚBLICAS,Universidad Amazónica de Pando,9085826.67
2026-08-28,UNIVERSIDADES PÚBLICAS,Universidad Autónoma Gabriel René Moreno,67809026.6
2026-08-28,UNIVERSIDADES PÚBLICAS,Universidad Autónoma Juan Misael Saracho,22238113.069999997
2026-08-28,UNIVERSIDADES PÚBLICAS,Universidad Autónoma Tomás Frías,17704747.82
2026-08-28,UNIVERSIDADES PÚBLICAS,Universidad Autónoma del Beni José Ballivián,17102464.64
2026-08-28,UNIVERSIDADES PÚBLICAS,Universidad Mayor Real y Pontificia de San Francisco Xavier,5229761.4799999995
2026-08-28,UNIVERSIDADES PÚBLICAS,Universidad Mayor de San Andrés,36849015.01
2026-08-28,UNIVERSIDADES PÚBLICAS,Universidad Mayor de San Simón,62064671.53000001
2026-08-28,UNIVERSIDADES PÚBLICAS,Universidad Nacional Siglo XX,1179777.04
2026-08-28,UNIVERSIDADES PÚBLICAS,Universidad Pública de El Alto,34982856.890000015
2026-08-28,UNIVERSIDADES PÚBLICAS,Universidad Técnica de Oruro,1684852.6800000004
2026-09-04,ADMINISTRACION TERRITORIAL,Autonomía del Territorio Indígena Originario Campesino Guaraní Chaqueño de Huacaya,165454.55
2026-09-04,ADMINISTRACION TERRITORIAL,GAIOC de Charagua Iyambae,1185553.29
2026-09-04,ADMINISTRACION TERRITORIAL,GAIOC de la Nación Originaria Uru Chipaya,74496.34999999999
2026-09-04,ADMINISTRACION TERRITORIAL,Gobierno Autónomo Departamental de Chuquisaca,37184835.74
2026-09-04,ADMINISTRACION TERRITORIAL,Gobierno Autónomo Departamental de Cochabamba,54059731.78
2026-09-04,ADMINISTRACION TERRITORIAL,Gobierno Autónomo Departamental de La Paz,9147709.739999998
2026-09-04,ADMINISTRACION TERRITORIAL,Gobierno Autónomo Departamental de Oruro,21937484.090000004
2026-09-04,ADMINISTRACION TERRITORIAL,Gobierno Autónomo Departamental de Pando,11434693.89
2026-09-04,ADMINISTRACION TERRITORIAL,Gobierno Autónomo Departamental de Potosí,44423101.910000004
2026-09-04,ADMINISTRACION TERRITORIAL,Gobierno Autónomo Departamental de Santa Cruz,78186104.57000001
2026-09-04,ADMINISTRACION TERRITORIAL,Gobierno Autónomo Departamental de Tarija,35305209.54
2026-09-04,ADMINISTRACION TERRITORIAL,Gobierno Autónomo Departamental del Beni,25524378.53
2026-09-04,ADMINISTRACION TERRITORIAL,Gobierno Autónomo Indígena Guaraní Kereimba Iyaambae,11000.0
2026-09-04,ADMINISTRACION TERRITORIAL,Gobierno Autónomo Indígena Originario Campesino de Salinas,669510.33
2026-09-04,ADMINISTRACION TERRITORIAL,Gobierno Autónomo Indígena Originario Campesino de la Autonomía Originaria del Jatún Ayllu Yura,244805.87
2026-09-04,ADMINISTRACION TERRITORIAL,Gobierno Autónomo Indígena Originario Campesino del Territorio de Raqaypampa,236449.9
2026-09-04,ADMINISTRACION TERRITORIAL,Gobierno Autónomo Municipal Ecológico Productivo de Achocalla,1002715.67
2026-09-04,ADMINISTRACION TERRITORIAL,Gobierno Autónomo Municipal Villa Gualberto Villarroel,146639.67
2026-09-04,ADMINISTRACION TERRITORIAL,Gobierno Autónomo Municipal de Acasio,132309.84
2026-09-04,ADMINISTRACION TERRITORIAL,Gobierno Autónomo Municipal de Achacachi,318072.12000000005
2026-09-04,ADMINISTRACION TERRITORIAL,Gobierno Autónomo Municipal de Aiquile,434667.28
2026-09-04,ADMINISTRACION TERRITORIAL,Gobierno Autónomo Municipal de Alalay,153897.71999999997
2026-09-04,ADMINISTRACION TERRITORIAL,Gobierno Autónomo Municipal de Alto Beni,116247.68
2026-09-04,ADMINISTRACION TERRITORIAL,Gobierno Autónomo Municipal de Ancoraimes,312455.65
2026-09-04,ADMINISTRACION TERRITORIAL,Gobierno Autónomo Municipal de Andamarca (Santiago de Andamarca),90257.30000000002
2026-09-04,ADMINISTRACION TERRITORIAL,Gobierno Autónomo Municipal de Antequera,568978.39
2026-09-04,ADMINISTRACION TERRITORIAL,Gobierno Autónomo Municipal de Anzaldo,240984.2
2026-09-04,ADMINISTRACION TERRITORIAL,Gobierno Autónomo Municipal de Apolo,120979.86
2026-09-04,ADMINISTRACION TERRITORIAL,Gobierno Autónomo Municipal de Arampampa,59406.81
2026-09-04,ADMINISTRACION TERRITORIAL,Gobierno Autónomo Municipal de Arani,133827.76
2026-09-04,ADMINISTRACION TERRITORIAL,Gobierno Autónomo Municipal de Arbieto,346838.72000000003
2026-09-04,ADMINISTRACION TERRITORIAL,Gobierno Autónomo Municipal de Arque,141940.34
2026-09-04,ADMINISTRACION TERRITORIAL,Gobierno Autónomo Municipal de Ascención de Guarayos,1091893.2700000005
2026-09-04,ADMINISTRACION TERRITORIAL,Gobierno Autónomo Municipal de Atocha,439262.77000000014
2026-09-04,ADMINISTRACION TERRITORIAL,Gobierno Autónomo Municipal de Aucapata,490617.72
2026-09-04,ADMINISTRACION TERRITORIAL,Gobierno Autónomo Municipal de Ayata,92672.19999999998
2026-09-04,ADMINISTRACION TERRITORIAL,Gobierno Autónomo Municipal de Ayo Ayo,7753.540000000079
2026-09-04,ADMINISTRACION TERRITORIAL,Gobierno Autónomo Municipal de Batallas,37059.270000000004
2026-09-04,ADMINISTRACION TERRITORIAL,Gobierno Autónomo Municipal de Baures,597786.9
2026-09-04,ADMINISTRACION TERRITORIAL,Gobierno Autónomo Municipal de Bella Flor,299214.54000000004
2026-09-04,ADMINISTRACION TERRITORIAL,Gobierno Autónomo Municipal de Belén de Andamarca,57854.17999999999
2026-09-04,ADMINISTRACION TERRITORIAL,Gobierno Autónomo Municipal de Bermejo,601831.6399999999
2026-09-04,ADMINISTRACION TERRITORIAL,Gobierno Autónomo Municipal de Betanzos,1500832.5
2026-09-04,ADMINISTRACION TERRITORIAL,Gobierno Autónomo Municipal de Bolivar,235624.01
2026-09-04,ADMINISTRACION TERRITORIAL,Gobierno Autónomo Municipal de Bolpebra,36691.36
2026-09-04,ADMINISTRACION TERRITORIAL,Gobierno Autónomo Municipal de Boyuibe,65664.28
2026-09-04,ADMINISTRACION TERRITORIAL,Gobierno Autónomo Municipal de Buena Vista,283809.24
2026-09-04,ADMINISTRACION TERRITORIAL,Gobierno Autónomo Municipal de Cabezas,703060.64
2026-09-04,ADMINISTRACION TERRITORIAL,Gobierno Autónomo Municipal de Cairoma,125421.88
2026-09-04,ADMINISTRACION TERRITORIAL,"Gobierno Autónomo Municipal de Caiza ""D""",133798.96
2026-09-04,ADMINISTRACION TERRITORIAL,Gobierno Autónomo Municipal de Cajuata,97604.84
2026-09-04,ADMINISTRACION TERRITORIAL,Gobierno Autónomo Municipal de Calacoto,268974.14999999997
2026-09-04,ADMINISTRACION TERRITORIAL,Gobierno Autónomo Municipal de Calamarca,213510.1
2026-09-04,ADMINISTRACION TERRITORIAL,Gobierno Autónomo Municipal de Camargo,270984.54
2026-09-04,ADMINISTRACION TERRITORIAL,Gobierno Autónomo Municipal de Camataqui (Villa Abecia),62010.44
2026-09-04,ADMINISTRACION TERRITORIAL,Gobierno Autónomo Municipal de Camiri,250933.68999999983
2026-09-04,ADMINISTRACION TERRITORIAL,Gobierno Autónomo Municipal de Capinota,655533.78
2026-09-04,ADMINISTRACION TERRITORIAL,Gobierno Autónomo Municipal de Caquiaviri,739404.85
2026-09-04,ADMINISTRACION TERRITORIAL,Gobierno Autónomo Municipal de Carabuco,2723.629999999999
2026-09-04,ADMINISTRACION TERRITORIAL,Gobierno Autónomo Municipal de Caracollo,744889.38
2026-09-04,ADMINISTRACION TERRITORIAL,Gobierno Autónomo Municipal de Caranavi,1066773.2899999998
2026-09-04,ADMINISTRACION TERRITORIAL,Gobierno Autónomo Municipal de Carangas,7500.0
2026-09-04,ADMINISTRACION TERRITORIAL,Gobierno Autónomo Municipal de Caraparí,509964.8
2026-09-04,ADMINISTRACION TERRITORIAL,Gobierno Autónomo Municipal de Caripuyo,183465.15999999997
2026-09-04,ADMINISTRACION TERRITORIAL,Gobierno Autónomo Municipal de Catacora,86884.0
2026-09-04,ADMINISTRACION TERRITORIAL,Gobierno Autónomo Municipal de Chacarilla,29408.57
2026-09-04,ADMINISTRACION TERRITORIAL,Gobierno Autónomo Municipal de Challapata,877441.6
2026-09-04,ADMINISTRACION TERRITORIAL,Gobierno Autónomo Municipal de Chaqui,239497.82999999993
2026-09-04,ADMINISTRACION TERRITORIAL,Gobierno Autónomo Municipal de Charaña,75096.94
2026-09-04,ADMINISTRACION TERRITORIAL,Gobierno Autónomo Municipal de Chayanta,1020894.7000000001
2026-09-04,ADMINISTRACION TERRITORIAL,Gobierno Autónomo Municipal de Chimoré,895629.68
2026-09-04,ADMINISTRACION TERRITORIAL,Gobierno Autónomo Municipal de Choquecota,59167.6
2026-09-04,ADMINISTRACION TERRITORIAL,Gobierno Autónomo Municipal de Chua Cocani,192034.27
2026-09-04,ADMINISTRACION TERRITORIAL,Gobierno Autónomo Municipal de Chulumani (Villa de la Libertad),1701689.3699999999
2026-09-04,ADMINISTRACION TERRITORIAL,Gobierno Autónomo Municipal de Chuma,185375.67999999996
2026-09-04,ADMINISTRACION TERRITORIAL,Gobierno Autónomo Municipal de Chuquihuta Ayllu Jucumani,203342.22999999998
2026-09-04,ADMINISTRACION TERRITORIAL,Gobierno Autónomo Municipal de Ckochas,428238.2799999999
2026-09-04,ADMINISTRACION TERRITORIAL,Gobierno Autónomo Municipal de Cliza,1276157.62
2026-09-04,ADMINISTRACION TERRITORIAL,Gobierno Autónomo Municipal de Cobija,2412306.9100000006
2026-09-04,ADMINISTRACION TERRITORIAL,Gobierno Autónomo Municipal de Cocapata,378329.56
2026-09-04,ADMINISTRACION TERRITORIAL,Gobierno Autónomo Municipal de Cochabamba,21128954.890000004
2026-09-04,ADMINISTRACION TERRITORIAL,Gobierno Autónomo Municipal de Coipasa,13111.679999999997
2026-09-04,ADMINISTRACION TERRITORIAL,Gobierno Autónomo Municipal de Colcapirhua,3613291.440000001
2026-09-04,ADMINISTRACION TERRITORIAL,"Gobierno Autónomo Municipal de Colcha""K"" (Villa Martín)",829238.24
2026-09-04,ADMINISTRACION TERRITORIAL,Gobierno Autónomo Municipal de Collana,107036.26999999997
2026-09-04,ADMINISTRACION TERRITORIAL,Gobierno Autónomo Municipal de Colomi,560687.76
2026-09-04,ADMINISTRACION TERRITORIAL,Gobierno Autónomo Municipal de Colpa Bélgica,400758.6699999999
2026-09-04,ADMINISTRACION TERRITORIAL,Gobierno Autónomo Municipal de Colquechaca,164036.95
2026-09-04,ADMINISTRACION TERRITORIAL,Gobierno Autónomo Municipal de Colquencha,187242.08000000007
2026-09-04,ADMINISTRACION TERRITORIAL,Gobierno Autónomo Municipal de Colquiri,574654.5200000001
2026-09-04,ADMINISTRACION TERRITORIAL,Gobierno Autónomo Municipal de Comanche,89053.0
2026-09-04,ADMINISTRACION TERRITORIAL,Gobierno Autónomo Municipal de Comarapa,265047.05
2026-09-04,ADMINISTRACION TERRITORIAL,Gobierno Autónomo Municipal de Combaya,85989.45999999999
2026-09-04,ADMINISTRACION TERRITORIAL,Gobierno Autónomo Municipal de Concepción,506369.71999999986
2026-09-04,ADMINISTRACION TERRITORIAL,Gobierno Autónomo Municipal de Copacabana,82950.52
2026-09-04,ADMINISTRACION TERRITORIAL,Gobierno Autónomo Municipal de Coripata,212843.76999999996
2026-09-04,ADMINISTRACION TERRITORIAL,Gobierno Autónomo Municipal de Corocoro,245297.76000000007
2026-09-04,ADMINISTRACION TERRITORIAL,Gobierno Autónomo Municipal de Coroico,641951.82
2026-09-04,ADMINISTRACION TERRITORIAL,Gobierno Autónomo Municipal de Corque,230455.89
2026-09-04,ADMINISTRACION TERRITORIAL,Gobierno Autónomo Municipal de Cotagaita,806519.6799999999
2026-09-04,ADMINISTRACION TERRITORIAL,Gobierno Autónomo Municipal de Cotoca,2620397.12
2026-09-04,ADMINISTRACION TERRITORIAL,Gobierno Autónomo Municipal de Cruz de Machacamarca,153940.55
2026-09-04,ADMINISTRACION TERRITORIAL,Gobierno Autónomo Municipal de Cuatro Cañadas,466821.2199999999
2026-09-04,ADMINISTRACION TERRITORIAL,Gobierno Autónomo Municipal de Cuevo,113057.20999999999
2026-09-04,ADMINISTRACION TERRITORIAL,Gobierno Autónomo Municipal de Culpina,174713.52
2026-09-04,ADMINISTRACION TERRITORIAL,Gobierno Autónomo Municipal de Curahuara de Carangas,878472.2000000001
2026-09-04,ADMINISTRACION TERRITORIAL,Gobierno Autónomo Municipal de Curva,34510.09999999999
2026-09-04,ADMINISTRACION TERRITORIAL,Gobierno Autónomo Municipal de Desaguadero,386939.78
2026-09-04,ADMINISTRACION TERRITORIAL,Gobierno Autónomo Municipal de El Alto de La Paz,8332640.459999998
2026-09-04,ADMINISTRACION TERRITORIAL,Gobierno Autónomo Municipal de El Carmen Rivero Tórrez,148926.11999999997
2026-09-04,ADMINISTRACION TERRITORIAL,Gobierno Autónomo Municipal de El Choro,76279.79000000001
2026-09-04,ADMINISTRACION TERRITORIAL,Gobierno Autónomo Municipal de El Puente,204203.97
2026-09-04,ADMINISTRACION TERRITORIAL,Gobierno Autónomo Municipal de El Puente,492053.83
2026-09-04,ADMINISTRACION TERRITORIAL,Gobierno Autónomo Municipal de El Torno,2436476.56
2026-09-04,ADMINISTRACION TERRITORIAL,Gobierno Autónomo Municipal de El Villar,105600.37000000001
2026-09-04,ADMINISTRACION TERRITORIAL,Gobierno Autónomo Municipal de Entre Rios,862343.66
2026-09-04,ADMINISTRACION TERRITORIAL,Gobierno Autónomo Municipal de Entre Ríos,793498.5499999998
2026-09-04,ADMINISTRACION TERRITORIAL,Gobierno Autónomo Municipal de Escara,39436.7
2026-09-04,ADMINISTRACION TERRITORIAL,Gobierno Autónomo Municipal de Escoma,92990.26000000001
2026-09-04,ADMINISTRACION TERRITORIAL,Gobierno Autónomo Municipal de Esmeralda,89144.48000000001
2026-09-04,ADMINISTRACION TERRITORIAL,Gobierno Autónomo Municipal de Eucaliptus,93975.34999999995
2026-09-04,ADMINISTRACION TERRITORIAL,Gobierno Autónomo Municipal de Exaltación,723637.21
2026-09-04,ADMINISTRACION TERRITORIAL,Gobierno Autónomo Municipal de Fernández Alonso,352994.17
2026-09-04,ADMINISTRACION TERRITORIAL,Gobierno Autónomo Municipal de Filadelfia,68380.02999999998
2026-09-04,ADMINISTRACION TERRITORIAL,Gobierno Autónomo Municipal de General Agustín Saavedra,583229.28
2026-09-04,ADMINISTRACION TERRITORIAL,Gobierno Autónomo Municipal de General Juan José Pérez (Charazani),367488.16000000003
2026-09-04,ADMINISTRACION TERRITORIAL,Gobierno Autónomo Municipal de Guanay,76447.52
2026-09-04,ADMINISTRACION TERRITORIAL,Gobierno Autónomo Municipal de Guaqui,181212.23
2026-09-04,ADMINISTRACION TERRITORIAL,Gobierno Autónomo Municipal de Huacaraje,279772.98
2026-09-04,ADMINISTRACION TERRITORIAL,Gobierno Autónomo Municipal de Huachacalla,142441.92
2026-09-04,ADMINISTRACION TERRITORIAL,Gobierno Autónomo Municipal de Huanuni,862721.4199999999
2026-09-04,ADMINISTRACION TERRITORIAL,Gobierno Autónomo Municipal de Huarina,487559.24
2026-09-04,ADMINISTRACION TERRITORIAL,Gobierno Autónomo Municipal de Huatajata,91114.32999999999
2026-09-04,ADMINISTRACION TERRITORIAL,Gobierno Autónomo Municipal de Humanata,87031.93000000001
2026-09-04,ADMINISTRACION TERRITORIAL,Gobierno Autónomo Municipal de Ichoca,103531.79999999999
2026-09-04,ADMINISTRACION TERRITORIAL,Gobierno Autónomo Municipal de Icla,104254.72
2026-09-04,ADMINISTRACION TERRITORIAL,Gobierno Autónomo Municipal de Incahuasi,435837.32
2026-09-04,ADMINISTRACION TERRITORIAL,Gobierno Autónomo Municipal de Independencia,102232.71999999999
2026-09-04,ADMINISTRACION TERRITORIAL,Gobierno Autónomo Municipal de Inquisivi,776281.46
2026-09-04,ADMINISTRACION TERRITORIAL,Gobierno Autónomo Municipal de Irupana (Villa de Lanza),160752.65999999997
2026-09-04,ADMINISTRACION TERRITORIAL,Gobierno Autónomo Municipal de Ixiamas,480809.86999999994
2026-09-04,ADMINISTRACION TERRITORIAL,Gobierno Autónomo Municipal de Jesús de Machaca,94360.19999999998
2026-09-04,ADMINISTRACION TERRITORIAL,Gobierno Autónomo Municipal de La Asunta,549073.4899999999
2026-09-04,ADMINISTRACION TERRITORIAL,Gobierno Autónomo Municipal de La Guardia,7393183.9399999995
2026-09-04,ADMINISTRACION TERRITORIAL,Gobierno Autónomo Municipal de La Paz,8813074.59
2026-09-04,ADMINISTRACION TERRITORIAL,Gobierno Autónomo Municipal de La Rivera,71463.86
2026-09-04,ADMINISTRACION TERRITORIAL,Gobierno Autónomo Municipal de Lagunillas,118244.74
2026-09-04,ADMINISTRACION TERRITORIAL,Gobierno Autónomo Municipal de Laja,379963.06
2026-09-04,ADMINISTRACION TERRITORIAL,Gobierno Autónomo Municipal de Las Carreras,175172.89
2026-09-04,ADMINISTRACION TERRITORIAL,Gobierno Autónomo Municipal de Llallagua,1389950.7400000002
2026-09-04,ADMINISTRACION TERRITORIAL,Gobierno Autónomo Municipal de Llica,30718.7
2026-09-04,ADMINISTRACION TERRITORIAL,Gobierno Autónomo Municipal de Loreto,64488.70000000001
2026-09-04,ADMINISTRACION TERRITORIAL,Gobierno Autónomo Municipal de Luribay,212235.66
2026-09-04,ADMINISTRACION TERRITORIAL,Gobierno Autónomo Municipal de Machacamarca,99107.91000000003
2026-09-04,ADMINISTRACION TERRITORIAL,Gobierno Autónomo Municipal de Machareti,146097.19999999998
2026-09-04,ADMINISTRACION TERRITORIAL,Gobierno Autónomo Municipal de Magdalena,540035.94
2026-09-04,ADMINISTRACION TERRITORIAL,Gobierno Autónomo Municipal de Mairana,485319.94000000024
2026-09-04,ADMINISTRACION TERRITORIAL,Gobierno Autónomo Municipal de Malla,70963.92
2026-09-04,ADMINISTRACION TERRITORIAL,Gobierno Autónomo Municipal de Mapiri,75231.65
2026-09-04,ADMINISTRACION TERRITORIAL,Gobierno Autónomo Municipal de Mecapaca,198866.91999999998
2026-09-04,ADMINISTRACION TERRITORIAL,Gobierno Autónomo Municipal de Mineros,861109.91
2026-09-04,ADMINISTRACION TERRITORIAL,Gobierno Autónomo Municipal de Mizque,1173486.75
2026-09-04,ADMINISTRACION TERRITORIAL,Gobierno Autónomo Municipal de Mocomoco,248291.01
2026-09-04,ADMINISTRACION TERRITORIAL,Gobierno Autónomo Municipal de Mojinete,45806.93
2026-09-04,ADMINISTRACION TERRITORIAL,Gobierno Autónomo Municipal de Monteagudo,847413.1699999999
2026-09-04,ADMINISTRACION TERRITORIAL,Gobierno Autónomo Municipal de Montero,5222855.3500000015
2026-09-04,ADMINISTRACION TERRITORIAL,Gobierno Autónomo Municipal de Moro Moro,6973.810000000001
2026-09-04,ADMINISTRACION TERRITORIAL,Gobierno Autónomo Municipal de Morochata,327718.25000000006
2026-09-04,ADMINISTRACION TERRITORIAL,Gobierno Autónomo Municipal de Nazacara de Pacajes,290371.78
2026-09-04,ADMINISTRACION TERRITORIAL,Gobierno Autónomo Municipal de Nueva Esperanza,215391.14
2026-09-04,ADMINISTRACION TERRITORIAL,Gobierno Autónomo Municipal de Ocurí,68172.0
2026-09-04,ADMINISTRACION TERRITORIAL,Gobierno Autónomo Municipal de Okinawa Uno,610538.5700000001
2026-09-04,ADMINISTRACION TERRITORIAL,Gobierno Autónomo Municipal de Omereque,220889.13
2026-09-04,ADMINISTRACION TERRITORIAL,Gobierno Autónomo Municipal de Oruro,8522262.660000002
2026-09-04,ADMINISTRACION TERRITORIAL,Gobierno Autónomo Municipal de Padcaya,654848.76
2026-09-04,ADMINISTRACION TERRITORIAL,Gobierno Autónomo Municipal de Padilla,167912.49000000002
2026-09-04,ADMINISTRACION TERRITORIAL,Gobierno Autónomo Municipal de Pailón,1971476.81
2026-09-04,ADMINISTRACION TERRITORIAL,Gobierno Autónomo Municipal de Palca,347290.7299999999
2026-09-04,ADMINISTRACION TERRITORIAL,Gobierno Autónomo Municipal de Palos Blancos,1409805.6799999997
2026-09-04,ADMINISTRACION TERRITORIAL,Gobierno Autónomo Municipal de Pampa Aullagas,361476.61
2026-09-04,ADMINISTRACION TERRITORIAL,Gobierno Autónomo Municipal de Pampa Grande,285023.55999999994
2026-09-04,ADMINISTRACION TERRITORIAL,Gobierno Autónomo Municipal de Papel Pampa,17710.370000000003
2026-09-04,ADMINISTRACION TERRITORIAL,Gobierno Autónomo Municipal de Pasorapa,57375.94
2026-09-04,ADMINISTRACION TERRITORIAL,Gobierno Autónomo Municipal de Patacamaya,619655.7599999999
2026-09-04,ADMINISTRACION TERRITORIAL,Gobierno Autónomo Municipal de Pazña,57156.0
2026-09-04,ADMINISTRACION TERRITORIAL,Gobierno Autónomo Municipal de Pelechuco,302068.15
2026-09-04,ADMINISTRACION TERRITORIAL,Gobierno Autónomo Municipal de Pocoata,192410.32
2026-09-04,ADMINISTRACION TERRITORIAL,Gobierno Autónomo Municipal de Pocona,333439.20999999996
2026-09-04,ADMINISTRACION TERRITORIAL,Gobierno Autónomo Municipal de Pojo,203806.0299999999
2026-09-04,ADMINISTRACION TERRITORIAL,Gobierno Autónomo Municipal de Poopó (Villa Poopó),253980.22999999998
2026-09-04,ADMINISTRACION TERRITORIAL,Gobierno Autónomo Municipal de Porco,648660.04
2026-09-04,ADMINISTRACION TERRITORIAL,Gobierno Autónomo Municipal de Poroma,413714.70999999996
2026-09-04,ADMINISTRACION TERRITORIAL,Gobierno Autónomo Municipal de Porongo (Ayacucho),3482300.24
2026-09-04,ADMINISTRACION TERRITORIAL,Gobierno Autónomo Municipal de Portachuelo,243217.90999999995
2026-09-04,ADMINISTRACION TERRITORIAL,Gobierno Autónomo Municipal de Porvenir,115118.06000000004
2026-09-04,ADMINISTRACION TERRITORIAL,Gobierno Autónomo Municipal de Potosí,6349004.57
2026-09-04,ADMINISTRACION TERRITORIAL,Gobierno Autónomo Municipal de Presto,17436.25
2026-09-04,ADMINISTRACION TERRITORIAL,Gobierno Autónomo Municipal de Pucarani,244984.89
2026-09-04,ADMINISTRACION TERRITORIAL,Gobierno Autónomo Municipal de Puerto Acosta,164098.72999999998
2026-09-04,ADMINISTRACION TERRITORIAL,Gobierno Autónomo Municipal de Puerto Gonzalo Moreno,628047.0
2026-09-04,ADMINISTRACION TERRITORIAL,Gobierno Autónomo Municipal de Puerto Guayaramerín,749396.1699999999
2026-09-04,ADMINISTRACION TERRITORIAL,Gobierno Autónomo Municipal de Puerto Pérez,230831.3
2026-09-04,ADMINISTRACION TERRITORIAL,Gobierno Autónomo Municipal de Puerto Quijarro,436538.76
2026-09-04,ADMINISTRACION TERRITORIAL,Gobierno Autónomo Municipal de Puerto Rico,564236.3900000001
2026-09-04,ADMINISTRACION TERRITORIAL,Gobierno Autónomo Municipal de Puerto Rurrenabaque,512031.06999999995
2026-09-04,ADMINISTRACION TERRITORIAL,Gobierno Autónomo Municipal de Puerto Suárez,1094380.77
2026-09-04,ADMINISTRACION TERRITORIAL,Gobierno Autónomo Municipal de Puerto Villarroel,2027622.1300000001
2026-09-04,ADMINISTRACION TERRITORIAL,Gobierno Autónomo Municipal de Puna (Villa Talavera),80051.74
2026-09-04,ADMINISTRACION TERRITORIAL,Gobierno Autónomo Municipal de Punata,774282.4899999999
2026-09-04,ADMINISTRACION TERRITORIAL,Gobierno Autónomo Municipal de Quiabaya,45337.70999999999
2026-09-04,ADMINISTRACION TERRITORIAL,Gobierno Autónomo Municipal de Quillacollo,4050429.7600000007
2026-09-04,ADMINISTRACION TERRITORIAL,Gobierno Autónomo Municipal de Quime,102014.06999999999
2026-09-04,ADMINISTRACION TERRITORIAL,Gobierno Autónomo Municipal de Quirusillas,13240.05
2026-09-04,ADMINISTRACION TERRITORIAL,Gobierno Autónomo Municipal de Ravelo,660982.47
2026-09-04,ADMINISTRACION TERRITORIAL,Gobierno Autónomo Municipal de Reyes,146197.72
2026-09-04,ADMINISTRACION TERRITORIAL,Gobierno Autónomo Municipal de Riberalta,2611105.0500000007
2026-09-04,ADMINISTRACION TERRITORIAL,Gobierno Autónomo Municipal de Roboré,211457.07000000007
2026-09-04,ADMINISTRACION TERRITORIAL,Gobierno Autónomo Municipal de Sabaya,451123.5999999999
2026-09-04,ADMINISTRACION TERRITORIAL,Gobierno Autónomo Municipal de Sacaba,5831853.150000001
2026-09-04,ADMINISTRACION TERRITORIAL,Gobierno Autónomo Municipal de Sacabamba,133785.48
2026-09-04,ADMINISTRACION TERRITORIAL,Gobierno Autónomo Municipal de Sacaca (Villa de Sacaca),464467.57999999996
2026-09-04,ADMINISTRACION TERRITORIAL,Gobierno Autónomo Municipal de Saipina,405506.97000000003
2026-09-04,ADMINISTRACION TERRITORIAL,Gobierno Autónomo Municipal de Samaipata,299188.36999999994
2026-09-04,ADMINISTRACION TERRITORIAL,Gobierno Autónomo Municipal de San Agustín,68799.92
2026-09-04,ADMINISTRACION TERRITORIAL,Gobierno Autónomo Municipal de San Andrés,643469.8600000001
2026-09-04,ADMINISTRACION TERRITORIAL,Gobierno Autónomo Municipal de San Andrés de Machaca,20040.0
2026-09-04,ADMINISTRACION TERRITORIAL,Gobierno Autónomo Municipal de San Antonio de Esmoruco,91939.13999999998
2026-09-04,ADMINISTRACION TERRITORIAL,Gobierno Autónomo Municipal de San Antonio de Lomerio,594064.46
2026-09-04,ADMINISTRACION TERRITORIAL,Gobierno Autónomo Municipal de San Borja,455002.7999999997
2026-09-04,ADMINISTRACION TERRITORIAL,Gobierno Autónomo Municipal de San Buenaventura,284794.5199999999
2026-09-04,ADMINISTRACION TERRITORIAL,Gobierno Autónomo Municipal de San Carlos,848627.3300000002
2026-09-04,ADMINISTRACION TERRITORIAL,Gobierno Autónomo Municipal de San Ignacio,419145.90999999986
2026-09-04,ADMINISTRACION TERRITORIAL,Gobierno Autónomo Municipal de San Ignacio (San Ignacio de Velasco),433271.60999999987
2026-09-04,ADMINISTRACION TERRITORIAL,Gobierno Autónomo Municipal de San Javier,176659.49
2026-09-04,ADMINISTRACION TERRITORIAL,Gobierno Autónomo Municipal de San Javier,799284.6200000001
2026-09-04,ADMINISTRACION TERRITORIAL,Gobierno Autónomo Municipal de San Joaquín,188693.33999999994
2026-09-04,ADMINISTRACION TERRITORIAL,Gobierno Autónomo Municipal de San José,508294.6499999999
2026-09-04,ADMINISTRACION TERRITORIAL,Gobierno Autónomo Municipal de San Juan,558899.2799999999
2026-09-04,ADMINISTRACION TERRITORIAL,Gobierno Autónomo Municipal de San Julián,1916506.57
2026-09-04,ADMINISTRACION TERRITORIAL,Gobierno Autónomo Municipal de San Lorenzo,891330.5700000001
2026-09-04,ADMINISTRACION TERRITORIAL,Gobierno Autónomo Municipal de San Lorenzo,932342.39
2026-09-04,ADMINISTRACION TERRITORIAL,Gobierno Autónomo Municipal de San Lucas,124184.99
2026-09-04,ADMINISTRACION TERRITORIAL,Gobierno Autónomo Municipal de San Matías,431091.3899999999
2026-09-04,ADMINISTRACION TERRITORIAL,Gobierno Autónomo Municipal de San Miguel (San Miguel de Velasco),590124.8699999999
2026-09-04,ADMINISTRACION TERRITORIAL,Gobierno Autónomo Municipal de San Pablo de Huacareta,436393.5800000001
2026-09-04,ADMINISTRACION TERRITORIAL,Gobierno Autónomo Municipal de San Pablo de Lípez,144675.41
2026-09-04,ADMINISTRACION TERRITORIAL,Gobierno Autónomo Municipal de San Pedro,143625.0
2026-09-04,ADMINISTRACION TERRITORIAL,Gobierno Autónomo Municipal de San Pedro,263083.25
2026-09-04,ADMINISTRACION TERRITORIAL,Gobierno Autónomo Municipal de San Pedro de Buena Vista,1308724.08
2026-09-04,ADMINISTRACION TERRITORIAL,Gobierno Autónomo Municipal de San Pedro de Curahuara,201735.21
2026-09-04,ADMINISTRACION TERRITORIAL,Gobierno Autónomo Municipal de San Pedro de Macha,139119.35
2026-09-04,ADMINISTRACION TERRITORIAL,Gobierno Autónomo Municipal de San Pedro de Tiquina,149702.72
2026-09-04,ADMINISTRACION TERRITORIAL,Gobierno Autónomo Municipal de San Rafael,297436.7899999999
2026-09-04,ADMINISTRACION TERRITORIAL,Gobierno Autónomo Municipal de San Ramón,89382.23999999999
2026-09-04,ADMINISTRACION TERRITORIAL,Gobierno Autónomo Municipal de San Ramón,484853.26000000007
2026-09-04,ADMINISTRACION TERRITORIAL,Gobierno Autónomo Municipal de Santa Ana,657972.31
2026-09-04,ADMINISTRACION TERRITORIAL,Gobierno Autónomo Municipal de Santa Cruz de La Sierra,20571110.02
2026-09-04,ADMINISTRACION TERRITORIAL,Gobierno Autónomo Municipal de Santa Rosa,1424638.4
2026-09-04,ADMINISTRACION TERRITORIAL,Gobierno Autónomo Municipal de Santa Rosa del Abuná,122507.2
2026-09-04,ADMINISTRACION TERRITORIAL,Gobierno Autónomo Municipal de Santa Rosa del Sara,1704267.77
2026-09-04,ADMINISTRACION TERRITORIAL,Gobierno Autónomo Municipal de Santiago de Callapa,51884.340000000004
2026-09-04,ADMINISTRACION TERRITORIAL,Gobierno Autónomo Municipal de Santiago de Huari,255158.54
2026-09-04,ADMINISTRACION TERRITORIAL,Gobierno Autónomo Municipal de Santiago de Huata,76371.63999999998
2026-09-04,ADMINISTRACION TERRITORIAL,Gobierno Autónomo Municipal de Santivañez,422224.22000000003
2026-09-04,ADMINISTRACION TERRITORIAL,Gobierno Autónomo Municipal de Sapahaqui,245294.41
2026-09-04,ADMINISTRACION TERRITORIAL,Gobierno Autónomo Municipal de Sena,199559.63999999998
2026-09-04,ADMINISTRACION TERRITORIAL,Gobierno Autónomo Municipal de Shinahota,309769.3099999999
2026-09-04,ADMINISTRACION TERRITORIAL,Gobierno Autónomo Municipal de Sica Sica (Villa Aroma),537477.7300000001
2026-09-04,ADMINISTRACION TERRITORIAL,Gobierno Autónomo Municipal de Sicaya,107809.37000000001
2026-09-04,ADMINISTRACION TERRITORIAL,Gobierno Autónomo Municipal de Sipe Sipe,1101167.6900000002
2026-09-04,ADMINISTRACION TERRITORIAL,Gobierno Autónomo Municipal de Sopachuy,72868.01000000001
2026-09-04,ADMINISTRACION TERRITORIAL,Gobierno Autónomo Municipal de Soracachi,703799.88
2026-09-04,ADMINISTRACION TERRITORIAL,Gobierno Autónomo Municipal de Sorata,1085135.1300000001
2026-09-04,ADMINISTRACION TERRITORIAL,Gobierno Autónomo Municipal de Sucre,2384273.0999999996
2026-09-04,ADMINISTRACION TERRITORIAL,Gobierno Autónomo Municipal de Tacachi,21206.089999999997
2026-09-04,ADMINISTRACION TERRITORIAL,Gobierno Autónomo Municipal de Tacobamba,522950.1599999999
2026-09-04,ADMINISTRACION TERRITORIAL,Gobierno Autónomo Municipal de Tacopaya,440535.33
2026-09-04,ADMINISTRACION TERRITORIAL,Gobierno Autónomo Municipal de Tahua,52216.0
2026-09-04,ADMINISTRACION TERRITORIAL,Gobierno Autónomo Municipal de Tapacari,1110345.37
2026-09-04,ADMINISTRACION TERRITORIAL,Gobierno Autónomo Municipal de Tarabuco,39341.13
2026-09-04,ADMINISTRACION TERRITORIAL,Gobierno Autónomo Municipal de Tarata,337728.67000000004
2026-09-04,ADMINISTRACION TERRITORIAL,Gobierno Autónomo Municipal de Tarija,4929651.420000001
2026-09-04,ADMINISTRACION TERRITORIAL,Gobierno Autónomo Municipal de Tarvita (Villa Orías),154572.96
2026-09-04,ADMINISTRACION TERRITORIAL,Gobierno Autónomo Municipal de Teoponte,531915.97
2026-09-04,ADMINISTRACION TERRITORIAL,Gobierno Autónomo Municipal de Tiahuanacu,366697.50999999995
2026-09-04,ADMINISTRACION TERRITORIAL,Gobierno Autónomo Municipal de Tinguipaya,84241.8
2026-09-04,ADMINISTRACION TERRITORIAL,Gobierno Autónomo Municipal de Tipuani,169077.8
2026-09-04,ADMINISTRACION TERRITORIAL,Gobierno Autónomo Municipal de Tiquipaya,4278280.79
2026-09-04,ADMINISTRACION TERRITORIAL,Gobierno Autónomo Municipal de Tiraque,206443.56999999998
2026-09-04,ADMINISTRACION TERRITORIAL,Gobierno Autónomo Municipal de Toco,234404.13
2026-09-04,ADMINISTRACION TERRITORIAL,Gobierno Autónomo Municipal de Todos Santos,44347.42
2026-09-04,ADMINISTRACION TERRITORIAL,Gobierno Autónomo Municipal de Tolata,169411.6
2026-09-04,ADMINISTRACION TERRITORIAL,Gobierno Autónomo Municipal de Toledo,489930.39
2026-09-04,ADMINISTRACION TERRITORIAL,Gobierno Autónomo Municipal de Tomave,92457.14
2026-09-04,ADMINISTRACION TERRITORIAL,Gobierno Autónomo Municipal de Tomina,139572.28
2026-09-04,ADMINISTRACION TERRITORIAL,Gobierno Autónomo Municipal de Toro Toro,95467.35
2026-09-04,ADMINISTRACION TERRITORIAL,Gobierno Autónomo Municipal de Totora,685119.75
2026-09-04,ADMINISTRACION TERRITORIAL,Gobierno Autónomo Municipal de Totora,874498.25
2026-09-04,ADMINISTRACION TERRITORIAL,Gobierno Autónomo Municipal de Trigal,52249.27
2026-09-04,ADMINISTRACION TERRITORIAL,Gobierno Autónomo Municipal de Trinidad,468636.1699999996
2026-09-04,ADMINISTRACION TERRITORIAL,Gobierno Autónomo Municipal de Tupiza,2382150.6900000004
2026-09-04,ADMINISTRACION TERRITORIAL,Gobierno Autónomo Municipal de Turco,366890.82
2026-09-04,ADMINISTRACION TERRITORIAL,Gobierno Autónomo Municipal de Umala,65199.82000000001
2026-09-04,ADMINISTRACION TERRITORIAL,Gobierno Autónomo Municipal de Uncía,525470.63
2026-09-04,ADMINISTRACION TERRITORIAL,Gobierno Autónomo Municipal de Uriondo (Concepción),160152.70000000004
2026-09-04,ADMINISTRACION TERRITORIAL,Gobierno Autónomo Municipal de Urmiri,55049.06000000001
2026-09-04,ADMINISTRACION TERRITORIAL,Gobierno Autónomo Municipal de Urubicha,25762.13
2026-09-04,ADMINISTRACION TERRITORIAL,Gobierno Autónomo Municipal de Uyuni,484184.8899999999
2026-09-04,ADMINISTRACION TERRITORIAL,Gobierno Autónomo Municipal de Vacas,72275.12999999999
2026-09-04,ADMINISTRACION TERRITORIAL,Gobierno Autónomo Municipal de Vallegrande,451556.8100000002
2026-09-04,ADMINISTRACION TERRITORIAL,Gobierno Autónomo Municipal de Viacha,3281918.59
2026-09-04,ADMINISTRACION TERRITORIAL,Gobierno Autónomo Municipal de Vila Vila,126498.76000000001
2026-09-04,ADMINISTRACION TERRITORIAL,Gobierno Autónomo Municipal de Villa Alcalá,47497.82000000001
2026-09-04,ADMINISTRACION TERRITORIAL,Gobierno Autónomo Municipal de Villa Azurduy,163372.94
2026-09-04,ADMINISTRACION TERRITORIAL,Gobierno Autónomo Municipal de Villa Charcas,584410.46
2026-09-04,ADMINISTRACION TERRITORIAL,Gobierno Autónomo Municipal de Villa Libertad Licoma,140648.97999999998
2026-09-04,ADMINISTRACION TERRITORIAL,Gobierno Autónomo Municipal de Villa Mojocoya,207584.12
2026-09-04,ADMINISTRACION TERRITORIAL,Gobierno Autónomo Municipal de Villa Rivero,288280.1
2026-09-04,ADMINISTRACION TERRITORIAL,Gobierno Autónomo Municipal de Villa Serrano,859857.58
2026-09-04,ADMINISTRACION TERRITORIAL,Gobierno Autónomo Municipal de Villa Tunari,2253968.51
2026-09-04,ADMINISTRACION TERRITORIAL,Gobierno Autónomo Municipal de Villa Vaca Guzmán,491628.66
2026-09-04,ADMINISTRACION TERRITORIAL,Gobierno Autónomo Municipal de Villa Zudañez (Tacopaya),266634.04000000004
2026-09-04,ADMINISTRACION TERRITORIAL,Gobierno Autónomo Municipal de Villamontes,641715.3600000001
2026-09-04,ADMINISTRACION TERRITORIAL,Gobierno Autónomo Municipal de Villazón,1400370.9400000002
2026-09-04,ADMINISTRACION TERRITORIAL,Gobierno Autónomo Municipal de Vinto,1137959.99
2026-09-04,ADMINISTRACION TERRITORIAL,Gobierno Autónomo Municipal de Vitichi,268212.88000000006
2026-09-04,ADMINISTRACION TERRITORIAL,Gobierno Autónomo Municipal de Waldo Ballivián,174549.38999999998
2026-09-04,ADMINISTRACION TERRITORIAL,Gobierno Autónomo Municipal de Warnes,5861036.020000001
2026-09-04,ADMINISTRACION TERRITORIAL,Gobierno Autónomo Municipal de Yaco,8482.329999999998
2026-09-04,ADMINISTRACION TERRITORIAL,Gobierno Autónomo Municipal de Yacuiba,334659.45999999973
2026-09-04,ADMINISTRACION TERRITORIAL,Gobierno Autónomo Municipal de Yamparáez,114334.44
2026-09-04,ADMINISTRACION TERRITORIAL,Gobierno Autónomo Municipal de Yanacachi,26988.570000000007
2026-09-04,ADMINISTRACION TERRITORIAL,Gobierno Autónomo Municipal de Yapacaní,2243244.6500000004
2026-09-04,ADMINISTRACION TERRITORIAL,Gobierno Autónomo Municipal de Yocalla,162045.16
2026-09-04,ADMINISTRACION TERRITORIAL,Gobierno Autónomo Municipal de Yotala,997573.39
2026-09-04,ADMINISTRACION TERRITORIAL,Gobierno Autónomo Municipal de Yunchara,140705.18
2026-09-04,ADMINISTRACION TERRITORIAL,Gobierno Autónomo Municipal de Yunguyo de Litoral,86161.43
2026-09-04,ADMINISTRACION TERRITORIAL,Gobierno Autónomo Regional del Gran Chaco,1610093.6600000001
2026-09-04,ADMINISTRACION TERRITORIAL,Gobierno Indígena Autónomo del Territorio Indígena Multiétnico,13876.0
2026-09-04,EMPRESAS PÚBLICAS,Administración Autónoma para Obras Sanitarias - Potosí,152830.52
2026-09-04,EMPRESAS PÚBLICAS,Administración de Servicios Portuarios - Bolivia,5471453.680000002
2026-09-04,EMPRESAS PÚBLICAS,Agencia Boliviana Espacial,4022995.0999999978
2026-09-04,EMPRESAS PÚBLICAS,Bolivia TV,651091.9000000004
2026-09-04,EMPRESAS PÚBLICAS,Boliviana de Aviación,93763282.74000001
2026-09-04,EMPRESAS PÚBLICAS,Corporación de las Fuerzas Armadas p/ el Des. Nacional,861273.89
2026-09-04,EMPRESAS PÚBLICAS,Depósitos Aduaneros Bolivianos,2420042.0300000003
2026-09-04,EMPRESAS PÚBLICAS,EMPRESA MUNICIPAL AUTONOMA DE AGUA POTABLE Y ALCANTARILLADO  DE YACUIBA,818201.9399999998
2026-09-04,EMPRESAS PÚBLICAS,EMPRESA MUNICIPAL DE AGUA POTABLE Y ALCANTARILLADO VIACHA,60439.0
2026-09-04,EMPRESAS PÚBLICAS,EMPRESA MUNICIPAL DE AREAS VERDES SUCRE,78148.76
2026-09-04,EMPRESAS PÚBLICAS,EMPRESA MUNICIPAL DE DISTRIBUCION DE ENERGIA ELECTRICA LLALLAGUA,122387.59000000003
2026-09-04,EMPRESAS PÚBLICAS,EMPRESA MUNICIPAL FABRICA DE JOYAS,37278.12
2026-09-04,EMPRESAS PÚBLICAS,EMPRESA PRESTADORA DE SERVICIO DE AGUA POTABLE Y ALCANTARILLADO ,1429.5
2026-09-04,EMPRESAS PÚBLICAS,EMPRESA PUBLICA MUNICIPAL DE SERVICIOS DE AGUA Y ALCANTARRILLADO SANITARIO DE COBIJA,271026.91000000003
2026-09-04,EMPRESAS PÚBLICAS,Empresa Azucarera San Buenaventura,190119.64000000007
2026-09-04,EMPRESAS PÚBLICAS,Empresa Boliviana de Alimentos y Derivados,3816979.7799999984
2026-09-04,EMPRESAS PÚBLICAS,Empresa Boliviana de Industrializacion de Hidrocarburos,85757.51000000001
2026-09-04,EMPRESAS PÚBLICAS,"Empresa Estatal de Transporte por Cable ""Mi teleférico""",3012829.7700000014
2026-09-04,EMPRESAS PÚBLICAS,Empresa Estratégica Boliviana de Construcción y Conservación de Infraestructura Civil,26841.33
2026-09-04,EMPRESAS PÚBLICAS,Empresa Local de Agua Potable y Alcantarillado Sucre,8615668.459999997
2026-09-04,EMPRESAS PÚBLICAS,Empresa Misicuni,126182.4299999999
2026-09-04,EMPRESAS PÚBLICAS,Empresa Municipal de Agua Potable y Alcantarillado Sacaba,533402.04
2026-09-04,EMPRESAS PÚBLICAS,Empresa Municipal de Areas Verdes y Recreación alternativa,7249915.79
2026-09-04,EMPRESAS PÚBLICAS,Empresa Municipal de Asfaltos y Vías,95226.99999999999
2026-09-04,EMPRESAS PÚBLICAS,Empresa Municipal de Gestión de Residuos Sólidos,13660.099999999999
2026-09-04,EMPRESAS PÚBLICAS,Empresa Municipal de Servicio de Aseo ,2358514.9
2026-09-04,EMPRESAS PÚBLICAS,"Empresa Municipal de Áreas Verdes, Parques y Forestación",5671.720000000001
2026-09-04,EMPRESAS PÚBLICAS,Empresa Nacional de Electricidad,6927970.800000003
2026-09-04,EMPRESAS PÚBLICAS,Empresa Nacional de Ferrocarriles - Residual,100839.01000000001
2026-09-04,EMPRESAS PÚBLICAS,Empresa Naviera Boliviana,150.0
2026-09-04,EMPRESAS PÚBLICAS,Empresa Púb. Deptal. Hotel Terminal-Terminal de Buses Oruro,363241.0000000001
2026-09-04,EMPRESAS PÚBLICAS,"Empresa Pública ""Editorial del Estado Plurinacional de Bolivia""",39111.860000000706
2026-09-04,EMPRESAS PÚBLICAS,"Empresa Pública ""QUIPUS""",75625.77999999998
2026-09-04,EMPRESAS PÚBLICAS,Empresa Pública Nacional Estratégica de Yacimientos de Litio Bolivianos,639854.7499999999
2026-09-04,EMPRESAS PÚBLICAS,Empresa Pública Transporte Aéreo Militar ,689833.6599999995
2026-09-04,EMPRESAS PÚBLICAS,Empresa Servicios Aéreos Bolivianos,2753.0
2026-09-04,EMPRESAS PÚBLICAS,Empresa Siderúrgica del Mutún,1759480.5400000003
2026-09-04,EMPRESAS PÚBLICAS,Empresa Tarijeña del Gas,269177.85
2026-09-04,EMPRESAS PÚBLICAS,Empresa de Apoyo a la Producción de Alimentos,3747544.439999999
2026-09-04,EMPRESAS PÚBLICAS,Gestora Pública de la Seguridad Social de Largo Plazo,99588051.83
2026-09-04,EMPRESAS PÚBLICAS,Servicio Local de Acueductos y Alcantarillado - Oruro,764980.5799999997
2026-09-04,EMPRESAS PÚBLICAS,Servicio Municipal de Agua Potable y Alcantarillado,7199010.51
2026-09-04,EMPRESAS PÚBLICAS,Transportes Aéreos Bolivianos,331273.08
2026-09-04,EMPRESAS PÚBLICAS,Yacimientos Petrolíferos Fiscales Bolivianos,1559091042.9899998
2026-09-04,INSTITUCIONES DE CONTROL Y DEFENSA DEL ESTADO,Contraloria General del Estado,214243.99
2026-09-04,INSTITUCIONES DE CONTROL Y DEFENSA DEL ESTADO,Defensoria del Pueblo,225950.07000000004
2026-09-04,INSTITUCIONES DE CONTROL Y DEFENSA DEL ESTADO,Ministerio Público,454253.6100000001
2026-09-04,INSTITUCIONES DE CONTROL Y DEFENSA DEL ESTADO,Procuraduria General del Estado,185634.03999999995
2026-09-04,INSTITUCIONES DE SEGURIDAD SOCIAL,Caja Bancaria Estatal de Salud,575888.9999999999
2026-09-04,INSTITUCIONES DE SEGURIDAD SOCIAL,Caja de Salud del Servicio Nal. de Caminos y Ramas Anexas,1526753.830000001
2026-09-04,INSTITUCIONES DE SEGURIDAD SOCIAL,Seguro Social Universitario de Sucre,117269.09999999963
2026-09-04,INSTITUCIONES FINANCIERAS NO BANCARIAS,Fondo Nacional de Desarrollo Regional,75600.21999999999
2026-09-04,INSTITUCIONES FINANCIERAS NO BANCARIAS,Fondo Rotatorio de Fomento Productivo Regional,1779.0
2026-09-04,INSTITUCIONES FINANCIERAS NO BANCARIAS,Fondo de Desarrollo del Sist.Fin. y Apoyo al Sec.Productivo,20477.19
2026-09-04,INSTITUCIONES FINANCIERAS NO BANCARIAS,Fondo de Financiamiento para la Minería,11206.0
2026-09-04,INSTITUCIONES PÚBLICAS DESCENTRALIZADAS,Administradora Boliviana de Carreteras,15525469.660000002
2026-09-04,INSTITUCIONES PÚBLICAS DESCENTRALIZADAS,Aduana Nacional,1246859.19
2026-09-04,INSTITUCIONES PÚBLICAS DESCENTRALIZADAS,"Agencia Boliviana de Correos ""Correos de Bolivia""",9589.100000000006
2026-09-04,INSTITUCIONES PÚBLICAS DESCENTRALIZADAS,Agencia Boliviana de Energía Nuclear,599383.51
2026-09-04,INSTITUCIONES PÚBLICAS DESCENTRALIZADAS,Agencia Estatal de Vivienda,4687224.85
2026-09-04,INSTITUCIONES PÚBLICAS DESCENTRALIZADAS,Agencia Nacional de Hidrocarburos,557715.6900000001
2026-09-04,INSTITUCIONES PÚBLICAS DESCENTRALIZADAS,Agencia de Gobierno Electrónico y Tecnologías de Información y Comunicación,361171.2899999999
2026-09-04,INSTITUCIONES PÚBLICAS DESCENTRALIZADAS,Agencia de Infraestructura en Salud y Equipamiento Médico,153634.72999999995
2026-09-04,INSTITUCIONES PÚBLICAS DESCENTRALIZADAS,Agencia del Desarrollo del Cine y Audiovisual Bolivianos,11154.35
2026-09-04,INSTITUCIONES PÚBLICAS DESCENTRALIZADAS,Autoridad Jurisdiccional Administrativa Minera,134003.59
2026-09-04,INSTITUCIONES PÚBLICAS DESCENTRALIZADAS,Autoridad Plurinacional de la Madre Tierra,2463.5
2026-09-04,INSTITUCIONES PÚBLICAS DESCENTRALIZADAS,Autoridad de Fisc y Ctrol Soc de Agua Potable Saneam.Básico,57104.10000000002
2026-09-04,INSTITUCIONES PÚBLICAS DESCENTRALIZADAS,Autoridad de Fiscalizac. y Control Soc de Bosques y Tierras,435045.00999999995
2026-09-04,INSTITUCIONES PÚBLICAS DESCENTRALIZADAS,Autoridad de Fiscalización de Electricidad y Tecnología Nuclear,437118.44999999995
2026-09-04,INSTITUCIONES PÚBLICAS DESCENTRALIZADAS,Autoridad de Fiscalización de Empresas,8233.0
2026-09-04,INSTITUCIONES PÚBLICAS DESCENTRALIZADAS,Autoridad de Fiscalización del Juego,164920.56999999972
2026-09-04,INSTITUCIONES PÚBLICAS DESCENTRALIZADAS,Autoridad de Fiscalización y Control de Pensiones y Seguros - APS,102284.41999999998
2026-09-04,INSTITUCIONES PÚBLICAS DESCENTRALIZADAS,Autoridad de Impugnación Tributaria,125710.01000000011
2026-09-04,INSTITUCIONES PÚBLICAS DESCENTRALIZADAS,Autoridad de Regulación y Fiscalización de Telecomunicaciones y Transportes,69135.43000000008
2026-09-04,INSTITUCIONES PÚBLICAS DESCENTRALIZADAS,Autoridad de Supervisión de la Seguridad Social de Corto Plazo,188236.76
2026-09-04,INSTITUCIONES PÚBLICAS DESCENTRALIZADAS,Autoridad de Supervisión del Sistema Financiero,421178.5199999999
2026-09-04,INSTITUCIONES PÚBLICAS DESCENTRALIZADAS,Central de Abastecimiento y Suministros de Salud,52818.20999999998
2026-09-04,INSTITUCIONES PÚBLICAS DESCENTRALIZADAS,Centro Internacional de la Quinua,12776.5
2026-09-04,INSTITUCIONES PÚBLICAS DESCENTRALIZADAS,Centro de Investigación Agrícola Tropical,70860.40999999999
2026-09-04,INSTITUCIONES PÚBLICAS DESCENTRALIZADAS,Comité Ejecutivo de la Universidad Boliviana,21724.479999999978
2026-09-04,INSTITUCIONES PÚBLICAS DESCENTRALIZADAS,Consejo Nacional de Vivienda Policial,10625831.520000003
2026-09-04,INSTITUCIONES PÚBLICAS DESCENTRALIZADAS,Conservatorio Plurinacional de Musica,78328.04999999997
2026-09-04,INSTITUCIONES PÚBLICAS DESCENTRALIZADAS,Despacho de Gestión Social de Su Excelencia,164522.98
2026-09-04,INSTITUCIONES PÚBLICAS DESCENTRALIZADAS,Direc. Dptal. de Educación  Chuquisaca,32369.800000000003
2026-09-04,INSTITUCIONES PÚBLICAS DESCENTRALIZADAS,Direc. Dptal. de Educación Beni,14139.970000000001
2026-09-04,INSTITUCIONES PÚBLICAS DESCENTRALIZADAS,Direc. Dptal. de Educación Cochabamba,63537.079999999994
2026-09-04,INSTITUCIONES PÚBLICAS DESCENTRALIZADAS,Direc. Dptal. de Educación La Paz,500036.54999999993
2026-09-04,INSTITUCIONES PÚBLICAS DESCENTRALIZADAS,Direc. Dptal. de Educación Oruro,30567.84
2026-09-04,INSTITUCIONES PÚBLICAS DESCENTRALIZADAS,Direc. Dptal. de Educación Pando,25393.260000000002
2026-09-04,INSTITUCIONES PÚBLICAS DESCENTRALIZADAS,Direc. Dptal. de Educación Potosí,16437.55
2026-09-04,INSTITUCIONES PÚBLICAS DESCENTRALIZADAS,Direc. Dptal. de Educación Tarija,23617.52
2026-09-04,INSTITUCIONES PÚBLICAS DESCENTRALIZADAS,Dirección General de Aeronáutica Civil,208149.51999999947
2026-09-04,INSTITUCIONES PÚBLICAS DESCENTRALIZADAS,Dirección del Notariado Plurinacional,139514.49000000002
2026-09-04,INSTITUCIONES PÚBLICAS DESCENTRALIZADAS,"EMPRESA MUNICIPAL DE AGUA POTABLE Y ALCANTARILLADO SANITARIO DE RIBERALTA - ""EMAAR""",140443.1
2026-09-04,INSTITUCIONES PÚBLICAS DESCENTRALIZADAS,EMPRESA PRESTADORA DE SERVICIOS DE AGUA Y ALCANTARILLADO (EPSA-COROICO),48649.05000000001
2026-09-04,INSTITUCIONES PÚBLICAS DESCENTRALIZADAS,ENTIDAD ASEO MUNICIPAL DE TARIJA,417575.3800000001
2026-09-04,INSTITUCIONES PÚBLICAS DESCENTRALIZADAS,ENTIDAD DESCENTRALIZADA MUNICIPAL DE CEMENTERIOS DE LA PAZ,195791.40999999992
2026-09-04,INSTITUCIONES PÚBLICAS DESCENTRALIZADAS,ENTIDAD DESCENTRALIZADA MUNICIPAL DE MAQUINARIA Y EQUIPO,44301.359999999964
2026-09-04,INSTITUCIONES PÚBLICAS DESCENTRALIZADAS,ENTIDAD DESCENTRALIZADA MUNICIPAL TERMINAL DE BUSES LA PAZ,288492.86
2026-09-04,INSTITUCIONES PÚBLICAS DESCENTRALIZADAS,ENTIDAD DESCENTRALIZADA TERMINAL METROPOLITANA EL ALTO,476226.51999999996
2026-09-04,INSTITUCIONES PÚBLICAS DESCENTRALIZADAS,ENTIDAD DIRECCIÓN DE LA TERMINAL DE BUSES DE TARIJA,89880.83000000003
2026-09-04,INSTITUCIONES PÚBLICAS DESCENTRALIZADAS,ENTIDAD MATADERO FRIGORIFICO MUNICIPAL DE TARIJA,21465.0
2026-09-04,INSTITUCIONES PÚBLICAS DESCENTRALIZADAS,ENTIDAD MUNICIPAL DE ASEO POTOSI,222745.2
2026-09-04,INSTITUCIONES PÚBLICAS DESCENTRALIZADAS,ENTIDAD MUNICIPAL DE ASEO URBANO SUCRE,76812.87000000037
2026-09-04,INSTITUCIONES PÚBLICAS DESCENTRALIZADAS,ENTIDAD OBRAS PUBLICAS MUNICIPALES DE TARIJA,109028.98000000004
2026-09-04,INSTITUCIONES PÚBLICAS DESCENTRALIZADAS,ENTIDAD ORDEN Y SEGURIDAD CIUDADANA MUNICIPAL DE TARIJA,51755.93
2026-09-04,INSTITUCIONES PÚBLICAS DESCENTRALIZADAS,ENTIDAD ORDENAMIENTO TERRITORIAL DE TARIJA,2165.0699999999997
2026-09-04,INSTITUCIONES PÚBLICAS DESCENTRALIZADAS,Entidad Descentralizada UMMIPRE PROMAN,1026343.35
2026-09-04,INSTITUCIONES PÚBLICAS DESCENTRALIZADAS,Entidad Ejecutora de Medio Ambiente y Agua,3414177.0400000005
2026-09-04,INSTITUCIONES PÚBLICAS DESCENTRALIZADAS,Entidad de Servicios Integrales de Acceso a la Justicia,14740.71
2026-09-04,INSTITUCIONES PÚBLICAS DESCENTRALIZADAS,Escuela Boliviana Intercultural de Danza ,11237.43
2026-09-04,INSTITUCIONES PÚBLICAS DESCENTRALIZADAS,Escuela Militar de Ingeniería,1458526.68
2026-09-04,INSTITUCIONES PÚBLICAS DESCENTRALIZADAS,Escuela de Gestión Pública Plurinacional,80669.65
2026-09-04,INSTITUCIONES PÚBLICAS DESCENTRALIZADAS,Escuela de Jueces del Estado,141695.4
2026-09-04,INSTITUCIONES PÚBLICAS DESCENTRALIZADAS,Fondo Nacional de Desarrollo Forestal,185053.8
2026-09-04,INSTITUCIONES PÚBLICAS DESCENTRALIZADAS,Fondo Nacional de Inversión Productiva y Social,586509.93
2026-09-04,INSTITUCIONES PÚBLICAS DESCENTRALIZADAS,Fondo de Desarrollo Indigena,6450.0
2026-09-04,INSTITUCIONES PÚBLICAS DESCENTRALIZADAS,Fundación Cultural del Banco Central de Bolivia,242190.75
2026-09-04,INSTITUCIONES PÚBLICAS DESCENTRALIZADAS,Instituto Boliviano de la Ceguera,77552.38999999998
2026-09-04,INSTITUCIONES PÚBLICAS DESCENTRALIZADAS,Instituto Gastroenterológico del Bicentenario - Hospital de Cuarto Nivel,5347.5
2026-09-04,INSTITUCIONES PÚBLICAS DESCENTRALIZADAS,Instituto Nacional de Estadística,3082349.179999999
2026-09-04,INSTITUCIONES PÚBLICAS DESCENTRALIZADAS,Instituto Nacional de Innovación Agropecuaria y Forestal,1028167.5800000005
2026-09-04,INSTITUCIONES PÚBLICAS DESCENTRALIZADAS,Instituto Nacional de Reforma Agraria,216857.95
2026-09-04,INSTITUCIONES PÚBLICAS DESCENTRALIZADAS,Instituto Nacional de Salud Ocupacional,19061.28
2026-09-04,INSTITUCIONES PÚBLICAS DESCENTRALIZADAS,Instituto Plurinacional de Estudio de Lenguas y Culturas,181055.51999999987
2026-09-04,INSTITUCIONES PÚBLICAS DESCENTRALIZADAS,Instituto del Seguro Agrario,41898.18
2026-09-04,INSTITUCIONES PÚBLICAS DESCENTRALIZADAS,Insumos Bolivia,29781.0
2026-09-04,INSTITUCIONES PÚBLICAS DESCENTRALIZADAS,Lotería Nacional de Beneficencia y Salubridad,119976.76999999999
2026-09-04,INSTITUCIONES PÚBLICAS DESCENTRALIZADAS,Museo Nacional de Historia Natural,5819.9000000000015
2026-09-04,INSTITUCIONES PÚBLICAS DESCENTRALIZADAS,Mutual de Servicios al Policía,4466412.34
2026-09-04,INSTITUCIONES PÚBLICAS DESCENTRALIZADAS,NUEVA VIDA SANTA CRUZ,512632.76999999996
2026-09-04,INSTITUCIONES PÚBLICAS DESCENTRALIZADAS,Navegación Aérea y Aeropuertos Bolivianos ,3190465.22
2026-09-04,INSTITUCIONES PÚBLICAS DESCENTRALIZADAS,Observatorio Plurinacional de la Calidad Educativa,5166.0
2026-09-04,INSTITUCIONES PÚBLICAS DESCENTRALIZADAS,Oficina Técnica Nacional de los Ríos Pilcomayo y Bermejo,20467.589999999967
2026-09-04,INSTITUCIONES PÚBLICAS DESCENTRALIZADAS,OficinaTécnica para el Fortalecimiento de la Empresa Pública,18834.34
2026-09-04,INSTITUCIONES PÚBLICAS DESCENTRALIZADAS,Orquesta Sinfónica Nacional,3963.0
2026-09-04,INSTITUCIONES PÚBLICAS DESCENTRALIZADAS,Proyecto Sucre Ciudad Universitaria,59825.88999999998
2026-09-04,INSTITUCIONES PÚBLICAS DESCENTRALIZADAS,Registro Único para la Administración Tributaria Municipal,3341949.749999999
2026-09-04,INSTITUCIONES PÚBLICAS DESCENTRALIZADAS,SERVICIO DE ENCAUZAMIENTO DE RIOS (SEARPI),40.0
2026-09-04,INSTITUCIONES PÚBLICAS DESCENTRALIZADAS,Serv. Nal. de Reg. y Control de la Comer. de Minerales y Metales,99204.63
2026-09-04,INSTITUCIONES PÚBLICAS DESCENTRALIZADAS,Serv. Nal. para la Sostenibilidad en Saneamiento Básico,24632.86
2026-09-04,INSTITUCIONES PÚBLICAS DESCENTRALIZADAS,Servicio Departamental de Riego - Cochabamba,27876.45
2026-09-04,INSTITUCIONES PÚBLICAS DESCENTRALIZADAS,Servicio Departamental de Riego - La Paz,1690.0
2026-09-04,INSTITUCIONES PÚBLICAS DESCENTRALIZADAS,Servicio Departamental de Riego - Oruro,6631.25
2026-09-04,INSTITUCIONES PÚBLICAS DESCENTRALIZADAS,Servicio Departamental de Riego - Potosí,5724.0
2026-09-04,INSTITUCIONES PÚBLICAS DESCENTRALIZADAS,Servicio Estatal de Autonomías,52137.9
2026-09-04,INSTITUCIONES PÚBLICAS DESCENTRALIZADAS,Servicio General de Identificación Personal,972956.9299999999
2026-09-04,INSTITUCIONES PÚBLICAS DESCENTRALIZADAS,Servicio Geológico Minero ,541789.3299999998
2026-09-04,INSTITUCIONES PÚBLICAS DESCENTRALIZADAS,Servicio Nacional Textil,782186.3499999999
2026-09-04,INSTITUCIONES PÚBLICAS DESCENTRALIZADAS,Servicio Nacional de Aerofotogrametría,1964.0
2026-09-04,INSTITUCIONES PÚBLICAS DESCENTRALIZADAS,Servicio Nacional de Hidrografía Naval,2765.4000000000015
2026-09-04,INSTITUCIONES PÚBLICAS DESCENTRALIZADAS,Servicio Nacional de Meteorología e Hidrología,86603.72000000004
2026-09-04,INSTITUCIONES PÚBLICAS DESCENTRALIZADAS,Servicio Nacional de Riego,390.0
2026-09-04,INSTITUCIONES PÚBLICAS DESCENTRALIZADAS,Servicio Plurinacional de Asistencia a la Víctima,4059.8
2026-09-04,INSTITUCIONES PÚBLICAS DESCENTRALIZADAS,Servicio Plurinacional de Defensa Pública,704857.72
2026-09-04,INSTITUCIONES PÚBLICAS DESCENTRALIZADAS,Servicio Plurinacional de Registro de Comercio,118363.40000000001
2026-09-04,INSTITUCIONES PÚBLICAS DESCENTRALIZADAS,Servicio Plurinacional de la Mujer y de la Despatriarcalización Ana María Romero,1833.5
2026-09-04,INSTITUCIONES PÚBLICAS DESCENTRALIZADAS,Servicio de Desarrollo de las Empresas Púb. Productivas,13463166.900000002
2026-09-04,INSTITUCIONES PÚBLICAS DESCENTRALIZADAS,Servicio de Impuestos Nacionales,10253139.219999999
2026-09-04,INSTITUCIONES PÚBLICAS DESCENTRALIZADAS,Unidad de Comunicación Estratégica del Estado Plurinacional de Bolivia,1314012.8000000007
2026-09-04,INSTITUCIONES PÚBLICAS DESCENTRALIZADAS,Unidad de Investigaciones Financieras,434009.0
2026-09-04,INSTITUCIONES PÚBLICAS DESCENTRALIZADAS,Univ. Indígena Bol. Comun. Intercultl Prod. Tupak Katari,415306.7299999999
2026-09-04,INSTITUCIONES PÚBLICAS DESCENTRALIZADAS,Vías Bolivia,1323361.4700000014
2026-09-04,ORGANOS DEL ESTADO PLURINACIONAL,Asamblea Legislativa Plurinacional,535394.8799999984
2026-09-04,ORGANOS DEL ESTADO PLURINACIONAL,Ministerio de Defensa,2240610.249999999
2026-09-04,ORGANOS DEL ESTADO PLURINACIONAL,"Ministerio de Desarrollo Productivo, Rural y Agua",5516149.6899999995
2026-09-04,ORGANOS DEL ESTADO PLURINACIONAL,Ministerio de Economía y Finanzas Públicas,1293983.5699999998
2026-09-04,ORGANOS DEL ESTADO PLURINACIONAL,Ministerio de Educación,4372273.56
2026-09-04,ORGANOS DEL ESTADO PLURINACIONAL,Ministerio de Gobierno,11527884.939999996
2026-09-04,ORGANOS DEL ESTADO PLURINACIONAL,Ministerio de Hidrocarburos y Energías,1462225.75
2026-09-04,ORGANOS DEL ESTADO PLURINACIONAL,Ministerio de Minería y Metalurgia,52134.7
2026-09-04,ORGANOS DEL ESTADO PLURINACIONAL,"Ministerio de Obras Públicas, Servicios y Vivienda",1155501.89
2026-09-04,ORGANOS DEL ESTADO PLURINACIONAL,Ministerio de Planificación del Desarrollo y Medio Ambiente,11024.460000002699
2026-09-04,ORGANOS DEL ESTADO PLURINACIONAL,Ministerio de Relaciones Exteriores,574262.5700000001
2026-09-04,ORGANOS DEL ESTADO PLURINACIONAL,Ministerio de Salud y Deportes ,200785324.19
2026-09-04,ORGANOS DEL ESTADO PLURINACIONAL,"Ministerio de Trabajo, Empleo y Previsión Social",277591.5300000001
2026-09-04,ORGANOS DEL ESTADO PLURINACIONAL,"Ministerio de Turismo Sostenible, Culturas, Folklore y Gastronomía",150594.0000000017
2026-09-04,ORGANOS DEL ESTADO PLURINACIONAL,Ministerio de la Presidencia,8990521.53
2026-09-04,ORGANOS DEL ESTADO PLURINACIONAL,Tribunal Constitucional Plurinacional,70582.77999999998
2026-09-04,ORGANOS DEL ESTADO PLURINACIONAL,Órgano Electoral Plurinacional,864516.4799999997
2026-09-04,ORGANOS DEL ESTADO PLURINACIONAL,Órgano Judicial,6257593.950000001
2026-09-04,UNIVERSIDADES PÚBLICAS,Universidad Amazónica de Pando,879208.8099999995
2026-09-04,UNIVERSIDADES PÚBLICAS,Universidad Autónoma Gabriel René Moreno,25878551.1
2026-09-04,UNIVERSIDADES PÚBLICAS,Universidad Autónoma Juan Misael Saracho,10353414.4
2026-09-04,UNIVERSIDADES PÚBLICAS,Universidad Autónoma Tomás Frías,9391364.369999997
2026-09-04,UNIVERSIDADES PÚBLICAS,Universidad Autónoma del Beni José Ballivián,2148538.590000001
2026-09-04,UNIVERSIDADES PÚBLICAS,Universidad Mayor Real y Pontificia de San Francisco Xavier,1225454.1399999994
2026-09-04,UNIVERSIDADES PÚBLICAS,Universidad Mayor de San Andrés,32265953.909999996
2026-09-04,UNIVERSIDADES PÚBLICAS,Universidad Mayor de San Simón,32217125.770000007
2026-09-04,UNIVERSIDADES PÚBLICAS,Universidad Nacional Siglo XX,932850.79
2026-09-04,UNIVERSIDADES PÚBLICAS,Universidad Pública de El Alto,34015055.38000001
2026-09-04,UNIVERSIDADES PÚBLICAS,Universidad Técnica de Oruro,816620.5300000005
2026-09-08,ADMINISTRACION TERRITORIAL,Autonomía del Territorio Indígena Originario Campesino Guaraní Chaqueño de Huacaya,165454.55
2026-09-08,ADMINISTRACION TERRITORIAL,GAIOC de Charagua Iyambae,330132.37
2026-09-08,ADMINISTRACION TERRITORIAL,GAIOC de la Nación Originaria Uru Chipaya,19927.799999999996
2026-09-08,ADMINISTRACION TERRITORIAL,Gobierno Autónomo Departamental de Chuquisaca,28261181.65
2026-09-08,ADMINISTRACION TERRITORIAL,Gobierno Autónomo Departamental de Cochabamba,4513576.539999999
2026-09-08,ADMINISTRACION TERRITORIAL,Gobierno Autónomo Departamental de La Paz,5793783.47
2026-09-08,ADMINISTRACION TERRITORIAL,Gobierno Autónomo Departamental de Oruro,1524398.81
2026-09-08,ADMINISTRACION TERRITORIAL,Gobierno Autónomo Departamental de Pando,841037.19
2026-09-08,ADMINISTRACION TERRITORIAL,Gobierno Autónomo Departamental de Potosí,7065546.399999999
2026-09-08,ADMINISTRACION TERRITORIAL,Gobierno Autónomo Departamental de Santa Cruz,5935016.420000004
2026-09-08,ADMINISTRACION TERRITORIAL,Gobierno Autónomo Departamental de Tarija,6230028.18
2026-09-08,ADMINISTRACION TERRITORIAL,Gobierno Autónomo Departamental del Beni,730765.3699999998
2026-09-08,ADMINISTRACION TERRITORIAL,Gobierno Autónomo Indígena Guaraní Kereimba Iyaambae,11000.0
2026-09-08,ADMINISTRACION TERRITORIAL,Gobierno Autónomo Indígena Originario Campesino de Salinas,645979.33
2026-09-08,ADMINISTRACION TERRITORIAL,Gobierno Autónomo Indígena Originario Campesino de la Autonomía Originaria del Jatún Ayllu Yura,224359.87
2026-09-08,ADMINISTRACION TERRITORIAL,Gobierno Autónomo Indígena Originario Campesino del Territorio de Raqaypampa,234649.9
2026-09-08,ADMINISTRACION TERRITORIAL,Gobierno Autónomo Municipal Ecológico Productivo de Achocalla,848078.95
2026-09-08,ADMINISTRACION TERRITORIAL,Gobierno Autónomo Municipal Villa Gualberto Villarroel,28455.190000000002
2026-09-08,ADMINISTRACION TERRITORIAL,Gobierno Autónomo Municipal de Achacachi,311906.65
2026-09-08,ADMINISTRACION TERRITORIAL,Gobierno Autónomo Municipal de Aiquile,327544.00000000006
2026-09-08,ADMINISTRACION TERRITORIAL,Gobierno Autónomo Municipal de Alalay,115847.72
2026-09-08,ADMINISTRACION TERRITORIAL,Gobierno Autónomo Municipal de Alto Beni,107327.68
2026-09-08,ADMINISTRACION TERRITORIAL,Gobierno Autónomo Municipal de Ancoraimes,234076.45
2026-09-08,ADMINISTRACION TERRITORIAL,Gobierno Autónomo Municipal de Antequera,531949.98
2026-09-08,ADMINISTRACION TERRITORIAL,Gobierno Autónomo Municipal de Anzaldo,226069.85
2026-09-08,ADMINISTRACION TERRITORIAL,Gobierno Autónomo Municipal de Apolo,106132.67
2026-09-08,ADMINISTRACION TERRITORIAL,Gobierno Autónomo Municipal de Arani,67350.01
2026-09-08,ADMINISTRACION TERRITORIAL,Gobierno Autónomo Municipal de Arbieto,227824.88000000003
2026-09-08,ADMINISTRACION TERRITORIAL,Gobierno Autónomo Municipal de Arque,62865.34
2026-09-08,ADMINISTRACION TERRITORIAL,Gobierno Autónomo Municipal de Ascención de Guarayos,353201.2900000004
2026-09-08,ADMINISTRACION TERRITORIAL,Gobierno Autónomo Municipal de Atocha,397312.77000000014
2026-09-08,ADMINISTRACION TERRITORIAL,Gobierno Autónomo Municipal de Aucapata,478717.72
2026-09-08,ADMINISTRACION TERRITORIAL,Gobierno Autónomo Municipal de Ayata,85730.24999999999
2026-09-08,ADMINISTRACION TERRITORIAL,Gobierno Autónomo Municipal de Ayo Ayo,7753.540000000079
2026-09-08,ADMINISTRACION TERRITORIAL,Gobierno Autónomo Municipal de Batallas,33625.600000000006
2026-09-08,ADMINISTRACION TERRITORIAL,Gobierno Autónomo Municipal de Baures,306185.9
2026-09-08,ADMINISTRACION TERRITORIAL,Gobierno Autónomo Municipal de Bella Flor,62373.04000000001
2026-09-08,ADMINISTRACION TERRITORIAL,Gobierno Autónomo Municipal de Belén de Andamarca,43300.0
2026-09-08,ADMINISTRACION TERRITORIAL,Gobierno Autónomo Municipal de Bermejo,385584.98
2026-09-08,ADMINISTRACION TERRITORIAL,Gobierno Autónomo Municipal de Betanzos,956150.4799999999
2026-09-08,ADMINISTRACION TERRITORIAL,Gobierno Autónomo Municipal de Bolivar,235624.01
2026-09-08,ADMINISTRACION TERRITORIAL,Gobierno Autónomo Municipal de Bolpebra,13473.36
2026-09-08,ADMINISTRACION TERRITORIAL,Gobierno Autónomo Municipal de Boyuibe,8071.42
2026-09-08,ADMINISTRACION TERRITORIAL,Gobierno Autónomo Municipal de Buena Vista,154278.77000000002
2026-09-08,ADMINISTRACION TERRITORIAL,Gobierno Autónomo Municipal de Cabezas,95946.0
2026-09-08,ADMINISTRACION TERRITORIAL,Gobierno Autónomo Municipal de Cairoma,125261.88
2026-09-08,ADMINISTRACION TERRITORIAL,"Gobierno Autónomo Municipal de Caiza ""D""",133798.96
2026-09-08,ADMINISTRACION TERRITORIAL,Gobierno Autónomo Municipal de Cajuata,43688.170000000006
2026-09-08,ADMINISTRACION TERRITORIAL,Gobierno Autónomo Municipal de Calacoto,140966.76
2026-09-08,ADMINISTRACION TERRITORIAL,Gobierno Autónomo Municipal de Calamarca,213510.1
2026-09-08,ADMINISTRACION TERRITORIAL,Gobierno Autónomo Municipal de Camargo,204913.87
2026-09-08,ADMINISTRACION TERRITORIAL,Gobierno Autónomo Municipal de Camiri,114610.02000000002
2026-09-08,ADMINISTRACION TERRITORIAL,Gobierno Autónomo Municipal de Capinota,645933.78
2026-09-08,ADMINISTRACION TERRITORIAL,Gobierno Autónomo Municipal de Caquiaviri,278397.93999999994
2026-09-08,ADMINISTRACION TERRITORIAL,Gobierno Autónomo Municipal de Carabuco,899.6299999999992
2026-09-08,ADMINISTRACION TERRITORIAL,Gobierno Autónomo Municipal de Caracollo,685700.88
2026-09-08,ADMINISTRACION TERRITORIAL,Gobierno Autónomo Municipal de Caranavi,332803.93
2026-09-08,ADMINISTRACION TERRITORIAL,Gobierno Autónomo Municipal de Carangas,7500.0
2026-09-08,ADMINISTRACION TERRITORIAL,Gobierno Autónomo Municipal de Caraparí,501081.8
2026-09-08,ADMINISTRACION TERRITORIAL,Gobierno Autónomo Municipal de Caripuyo,183465.15999999997
2026-09-08,ADMINISTRACION TERRITORIAL,Gobierno Autónomo Municipal de Catacora,40000.0
2026-09-08,ADMINISTRACION TERRITORIAL,Gobierno Autónomo Municipal de Chacarilla,14408.57
2026-09-08,ADMINISTRACION TERRITORIAL,Gobierno Autónomo Municipal de Challapata,687569.36
2026-09-08,ADMINISTRACION TERRITORIAL,Gobierno Autónomo Municipal de Chaqui,191721.49999999994
2026-09-08,ADMINISTRACION TERRITORIAL,Gobierno Autónomo Municipal de Charaña,59770.0
2026-09-08,ADMINISTRACION TERRITORIAL,Gobierno Autónomo Municipal de Chayanta,812958.99
2026-09-08,ADMINISTRACION TERRITORIAL,Gobierno Autónomo Municipal de Chimoré,689994.7000000001
2026-09-08,ADMINISTRACION TERRITORIAL,Gobierno Autónomo Municipal de Choquecota,56582.6
2026-09-08,ADMINISTRACION TERRITORIAL,Gobierno Autónomo Municipal de Chua Cocani,156703.63
2026-09-08,ADMINISTRACION TERRITORIAL,Gobierno Autónomo Municipal de Chulumani (Villa de la Libertad),1246483.2199999997
2026-09-08,ADMINISTRACION TERRITORIAL,Gobierno Autónomo Municipal de Chuma,73139.07
2026-09-08,ADMINISTRACION TERRITORIAL,Gobierno Autónomo Municipal de Chuquihuta Ayllu Jucumani,112842.23
2026-09-08,ADMINISTRACION TERRITORIAL,Gobierno Autónomo Municipal de Ckochas,269060.74
2026-09-08,ADMINISTRACION TERRITORIAL,Gobierno Autónomo Municipal de Cliza,691900.16
2026-09-08,ADMINISTRACION TERRITORIAL,Gobierno Autónomo Municipal de Cobija,1766030.2800000005
2026-09-08,ADMINISTRACION TERRITORIAL,Gobierno Autónomo Municipal de Cocapata,247159.32000000004
2026-09-08,ADMINISTRACION TERRITORIAL,Gobierno Autónomo Municipal de Cochabamba,15625119.670000007
2026-09-08,ADMINISTRACION TERRITORIAL,Gobierno Autónomo Municipal de Coipasa,10711.679999999997
2026-09-08,ADMINISTRACION TERRITORIAL,Gobierno Autónomo Municipal de Colcapirhua,1743277.3300000003
2026-09-08,ADMINISTRACION TERRITORIAL,"Gobierno Autónomo Municipal de Colcha""K"" (Villa Martín)",829238.24
2026-09-08,ADMINISTRACION TERRITORIAL,Gobierno Autónomo Municipal de Collana,89736.26999999997
2026-09-08,ADMINISTRACION TERRITORIAL,Gobierno Autónomo Municipal de Colomi,471841.2
2026-09-08,ADMINISTRACION TERRITORIAL,Gobierno Autónomo Municipal de Colpa Bélgica,328828.6699999999
2026-09-08,ADMINISTRACION TERRITORIAL,Gobierno Autónomo Municipal de Colquechaca,21500.0
2026-09-08,ADMINISTRACION TERRITORIAL,Gobierno Autónomo Municipal de Colquencha,167963.31000000006
2026-09-08,ADMINISTRACION TERRITORIAL,Gobierno Autónomo Municipal de Colquiri,254642.39000000004
2026-09-08,ADMINISTRACION TERRITORIAL,Gobierno Autónomo Municipal de Comanche,15000.0
2026-09-08,ADMINISTRACION TERRITORIAL,Gobierno Autónomo Municipal de Comarapa,58737.359999999986
2026-09-08,ADMINISTRACION TERRITORIAL,Gobierno Autónomo Municipal de Combaya,85989.45999999999
2026-09-08,ADMINISTRACION TERRITORIAL,Gobierno Autónomo Municipal de Concepción,126028.38999999996
2026-09-08,ADMINISTRACION TERRITORIAL,Gobierno Autónomo Municipal de Copacabana,62950.52
2026-09-08,ADMINISTRACION TERRITORIAL,Gobierno Autónomo Municipal de Coripata,79648.6
2026-09-08,ADMINISTRACION TERRITORIAL,Gobierno Autónomo Municipal de Corocoro,29993.67
2026-09-08,ADMINISTRACION TERRITORIAL,Gobierno Autónomo Municipal de Coroico,354024.42
2026-09-08,ADMINISTRACION TERRITORIAL,Gobierno Autónomo Municipal de Corque,117695.30000000002
2026-09-08,ADMINISTRACION TERRITORIAL,Gobierno Autónomo Municipal de Cotagaita,634023.9199999999
2026-09-08,ADMINISTRACION TERRITORIAL,Gobierno Autónomo Municipal de Cotoca,2037255.47
2026-09-08,ADMINISTRACION TERRITORIAL,Gobierno Autónomo Municipal de Cruz de Machacamarca,50973.0
2026-09-08,ADMINISTRACION TERRITORIAL,Gobierno Autónomo Municipal de Cuatro Cañadas,111350.0
2026-09-08,ADMINISTRACION TERRITORIAL,Gobierno Autónomo Municipal de Cuevo,15407.21
2026-09-08,ADMINISTRACION TERRITORIAL,Gobierno Autónomo Municipal de Culpina,55269.21999999999
2026-09-08,ADMINISTRACION TERRITORIAL,Gobierno Autónomo Municipal de Curahuara de Carangas,30114.29
2026-09-08,ADMINISTRACION TERRITORIAL,Gobierno Autónomo Municipal de Curva,18425.29999999999
2026-09-08,ADMINISTRACION TERRITORIAL,Gobierno Autónomo Municipal de Desaguadero,47430.83
2026-09-08,ADMINISTRACION TERRITORIAL,Gobierno Autónomo Municipal de El Alto de La Paz,5561000.249999997
2026-09-08,ADMINISTRACION TERRITORIAL,Gobierno Autónomo Municipal de El Carmen Rivero Tórrez,97432.91999999997
2026-09-08,ADMINISTRACION TERRITORIAL,Gobierno Autónomo Municipal de El Choro,12286.0
2026-09-08,ADMINISTRACION TERRITORIAL,Gobierno Autónomo Municipal de El Puente,87938.98000000001
2026-09-08,ADMINISTRACION TERRITORIAL,Gobierno Autónomo Municipal de El Puente,473539.39999999997
2026-09-08,ADMINISTRACION TERRITORIAL,Gobierno Autónomo Municipal de El Torno,1366897.32
2026-09-08,ADMINISTRACION TERRITORIAL,Gobierno Autónomo Municipal de El Villar,64059.76
2026-09-08,ADMINISTRACION TERRITORIAL,Gobierno Autónomo Municipal de Entre Rios,642269.73
2026-09-08,ADMINISTRACION TERRITORIAL,Gobierno Autónomo Municipal de Entre Ríos,557529.7899999999
2026-09-08,ADMINISTRACION TERRITORIAL,Gobierno Autónomo Municipal de Escara,39436.7
2026-09-08,ADMINISTRACION TERRITORIAL,Gobierno Autónomo Municipal de Escoma,92990.26000000001
2026-09-08,ADMINISTRACION TERRITORIAL,Gobierno Autónomo Municipal de Esmeralda,67294.48000000001
2026-09-08,ADMINISTRACION TERRITORIAL,Gobierno Autónomo Municipal de Eucaliptus,73977.65
2026-09-08,ADMINISTRACION TERRITORIAL,Gobierno Autónomo Municipal de Exaltación,268172.17
2026-09-08,ADMINISTRACION TERRITORIAL,Gobierno Autónomo Municipal de Fernández Alonso,314554.95
2026-09-08,ADMINISTRACION TERRITORIAL,Gobierno Autónomo Municipal de Filadelfia,64227.029999999984
2026-09-08,ADMINISTRACION TERRITORIAL,Gobierno Autónomo Municipal de General Agustín Saavedra,332187.11
2026-09-08,ADMINISTRACION TERRITORIAL,Gobierno Autónomo Municipal de General Juan José Pérez (Charazani),335232.16000000003
2026-09-08,ADMINISTRACION TERRITORIAL,Gobierno Autónomo Municipal de Guanay,76447.52
2026-09-08,ADMINISTRACION TERRITORIAL,Gobierno Autónomo Municipal de Guaqui,90200.61000000002
2026-09-08,ADMINISTRACION TERRITORIAL,Gobierno Autónomo Municipal de Huacaraje,183999.29
2026-09-08,ADMINISTRACION TERRITORIAL,Gobierno Autónomo Municipal de Huachacalla,138721.92
2026-09-08,ADMINISTRACION TERRITORIAL,Gobierno Autónomo Municipal de Huanuni,140090.5
2026-09-08,ADMINISTRACION TERRITORIAL,Gobierno Autónomo Municipal de Huarina,199624.57
2026-09-08,ADMINISTRACION TERRITORIAL,Gobierno Autónomo Municipal de Huatajata,91114.32999999999
2026-09-08,ADMINISTRACION TERRITORIAL,Gobierno Autónomo Municipal de Ichoca,64531.799999999996
2026-09-08,ADMINISTRACION TERRITORIAL,Gobierno Autónomo Municipal de Icla,78982.72
2026-09-08,ADMINISTRACION TERRITORIAL,Gobierno Autónomo Municipal de Incahuasi,60770.26
2026-09-08,ADMINISTRACION TERRITORIAL,Gobierno Autónomo Municipal de Independencia,80593.79999999999
2026-09-08,ADMINISTRACION TERRITORIAL,Gobierno Autónomo Municipal de Inquisivi,284958.73000000004
2026-09-08,ADMINISTRACION TERRITORIAL,Gobierno Autónomo Municipal de Ixiamas,64801.75
2026-09-08,ADMINISTRACION TERRITORIAL,Gobierno Autónomo Municipal de Jesús de Machaca,94180.27999999998
2026-09-08,ADMINISTRACION TERRITORIAL,Gobierno Autónomo Municipal de La Asunta,394860.93999999994
2026-09-08,ADMINISTRACION TERRITORIAL,Gobierno Autónomo Municipal de La Guardia,3204769.85
2026-09-08,ADMINISTRACION TERRITORIAL,Gobierno Autónomo Municipal de La Paz,5327516.97
2026-09-08,ADMINISTRACION TERRITORIAL,Gobierno Autónomo Municipal de La Rivera,15808.289999999999
2026-09-08,ADMINISTRACION TERRITORIAL,Gobierno Autónomo Municipal de Lagunillas,7017.0
2026-09-08,ADMINISTRACION TERRITORIAL,Gobierno Autónomo Municipal de Laja,304606.3
2026-09-08,ADMINISTRACION TERRITORIAL,Gobierno Autónomo Municipal de Las Carreras,129888.04
2026-09-08,ADMINISTRACION TERRITORIAL,Gobierno Autónomo Municipal de Llallagua,154090.55999999997
2026-09-08,ADMINISTRACION TERRITORIAL,Gobierno Autónomo Municipal de Loreto,43488.70000000001
2026-09-08,ADMINISTRACION TERRITORIAL,Gobierno Autónomo Municipal de Luribay,195572.46
2026-09-08,ADMINISTRACION TERRITORIAL,Gobierno Autónomo Municipal de Machacamarca,67767.91000000003
2026-09-08,ADMINISTRACION TERRITORIAL,Gobierno Autónomo Municipal de Machareti,15997.0
2026-09-08,ADMINISTRACION TERRITORIAL,Gobierno Autónomo Municipal de Magdalena,201083.93999999994
2026-09-08,ADMINISTRACION TERRITORIAL,Gobierno Autónomo Municipal de Mairana,164983.81000000026
2026-09-08,ADMINISTRACION TERRITORIAL,Gobierno Autónomo Municipal de Mapiri,23510.0
2026-09-08,ADMINISTRACION TERRITORIAL,Gobierno Autónomo Municipal de Mecapaca,145295.88
2026-09-08,ADMINISTRACION TERRITORIAL,Gobierno Autónomo Municipal de Mineros,190567.56999999995
2026-09-08,ADMINISTRACION TERRITORIAL,Gobierno Autónomo Municipal de Mizque,892322.91
2026-09-08,ADMINISTRACION TERRITORIAL,Gobierno Autónomo Municipal de Mocomoco,237991.01
2026-09-08,ADMINISTRACION TERRITORIAL,Gobierno Autónomo Municipal de Mojinete,45806.93
2026-09-08,ADMINISTRACION TERRITORIAL,Gobierno Autónomo Municipal de Monteagudo,453383.50999999995
2026-09-08,ADMINISTRACION TERRITORIAL,Gobierno Autónomo Municipal de Montero,3979484.430000001
2026-09-08,ADMINISTRACION TERRITORIAL,Gobierno Autónomo Municipal de Moro Moro,2973.8099999999995
2026-09-08,ADMINISTRACION TERRITORIAL,Gobierno Autónomo Municipal de Morochata,129063.63000000002
2026-09-08,ADMINISTRACION TERRITORIAL,Gobierno Autónomo Municipal de Nazacara de Pacajes,255698.18000000002
2026-09-08,ADMINISTRACION TERRITORIAL,Gobierno Autónomo Municipal de Nueva Esperanza,76825.0
2026-09-08,ADMINISTRACION TERRITORIAL,Gobierno Autónomo Municipal de Ocurí,58202.0
2026-09-08,ADMINISTRACION TERRITORIAL,Gobierno Autónomo Municipal de Okinawa Uno,593526.5700000001
2026-09-08,ADMINISTRACION TERRITORIAL,Gobierno Autónomo Municipal de Omereque,19106.1
2026-09-08,ADMINISTRACION TERRITORIAL,Gobierno Autónomo Municipal de Oruro,6685624.44
2026-09-08,ADMINISTRACION TERRITORIAL,Gobierno Autónomo Municipal de Padcaya,501503.73000000004
2026-09-08,ADMINISTRACION TERRITORIAL,Gobierno Autónomo Municipal de Padilla,53351.35000000003
2026-09-08,ADMINISTRACION TERRITORIAL,Gobierno Autónomo Municipal de Pailón,1420034.74
2026-09-08,ADMINISTRACION TERRITORIAL,Gobierno Autónomo Municipal de Palca,140851.12
2026-09-08,ADMINISTRACION TERRITORIAL,Gobierno Autónomo Municipal de Palos Blancos,518531.2299999998
2026-09-08,ADMINISTRACION TERRITORIAL,Gobierno Autónomo Municipal de Pampa Aullagas,318590.07
2026-09-08,ADMINISTRACION TERRITORIAL,Gobierno Autónomo Municipal de Pampa Grande,285023.55999999994
2026-09-08,ADMINISTRACION TERRITORIAL,Gobierno Autónomo Municipal de Papel Pampa,17710.370000000003
2026-09-08,ADMINISTRACION TERRITORIAL,Gobierno Autónomo Municipal de Pasorapa,240.0
2026-09-08,ADMINISTRACION TERRITORIAL,Gobierno Autónomo Municipal de Patacamaya,579771.2699999999
2026-09-08,ADMINISTRACION TERRITORIAL,Gobierno Autónomo Municipal de Pazña,57156.0
2026-09-08,ADMINISTRACION TERRITORIAL,Gobierno Autónomo Municipal de Pelechuco,252607.15
2026-09-08,ADMINISTRACION TERRITORIAL,Gobierno Autónomo Municipal de Pocoata,130098.0
2026-09-08,ADMINISTRACION TERRITORIAL,Gobierno Autónomo Municipal de Pocona,200087.72
2026-09-08,ADMINISTRACION TERRITORIAL,Gobierno Autónomo Municipal de Pojo,8025.000000000002
2026-09-08,ADMINISTRACION TERRITORIAL,Gobierno Autónomo Municipal de Poopó (Villa Poopó),73901.66
2026-09-08,ADMINISTRACION TERRITORIAL,Gobierno Autónomo Municipal de Porco,491150.73
2026-09-08,ADMINISTRACION TERRITORIAL,Gobierno Autónomo Municipal de Poroma,160.0
2026-09-08,ADMINISTRACION TERRITORIAL,Gobierno Autónomo Municipal de Porongo (Ayacucho),2515812.58
2026-09-08,ADMINISTRACION TERRITORIAL,Gobierno Autónomo Municipal de Portachuelo,185619.06999999995
2026-09-08,ADMINISTRACION TERRITORIAL,Gobierno Autónomo Municipal de Porvenir,50170.5
2026-09-08,ADMINISTRACION TERRITORIAL,Gobierno Autónomo Municipal de Potosí,5177466.609999999
2026-09-08,ADMINISTRACION TERRITORIAL,Gobierno Autónomo Municipal de Presto,17436.25
2026-09-08,ADMINISTRACION TERRITORIAL,Gobierno Autónomo Municipal de Pucarani,92139.94999999995
2026-09-08,ADMINISTRACION TERRITORIAL,Gobierno Autónomo Municipal de Puerto Acosta,24756.0
2026-09-08,ADMINISTRACION TERRITORIAL,Gobierno Autónomo Municipal de Puerto Gonzalo Moreno,627486.0
2026-09-08,ADMINISTRACION TERRITORIAL,Gobierno Autónomo Municipal de Puerto Guayaramerín,524167.13999999996
2026-09-08,ADMINISTRACION TERRITORIAL,Gobierno Autónomo Municipal de Puerto Pérez,104258.68
2026-09-08,ADMINISTRACION TERRITORIAL,Gobierno Autónomo Municipal de Puerto Quijarro,393244.35
2026-09-08,ADMINISTRACION TERRITORIAL,Gobierno Autónomo Municipal de Puerto Rurrenabaque,232275.5
2026-09-08,ADMINISTRACION TERRITORIAL,Gobierno Autónomo Municipal de Puerto Suárez,107738.43
2026-09-08,ADMINISTRACION TERRITORIAL,Gobierno Autónomo Municipal de Puerto Villarroel,1276698.9300000002
2026-09-08,ADMINISTRACION TERRITORIAL,Gobierno Autónomo Municipal de Puna (Villa Talavera),77594.39
2026-09-08,ADMINISTRACION TERRITORIAL,Gobierno Autónomo Municipal de Punata,280192.93
2026-09-08,ADMINISTRACION TERRITORIAL,Gobierno Autónomo Municipal de Quiabaya,45337.70999999999
2026-09-08,ADMINISTRACION TERRITORIAL,Gobierno Autónomo Municipal de Quillacollo,1346035.33
2026-09-08,ADMINISTRACION TERRITORIAL,Gobierno Autónomo Municipal de Quime,102014.06999999999
2026-09-08,ADMINISTRACION TERRITORIAL,Gobierno Autónomo Municipal de Quirusillas,8121.0
2026-09-08,ADMINISTRACION TERRITORIAL,Gobierno Autónomo Municipal de Ravelo,259066.88999999993
2026-09-08,ADMINISTRACION TERRITORIAL,Gobierno Autónomo Municipal de Reyes,76613.3
2026-09-08,ADMINISTRACION TERRITORIAL,Gobierno Autónomo Municipal de Riberalta,1883505.6500000006
2026-09-08,ADMINISTRACION TERRITORIAL,Gobierno Autónomo Municipal de Roboré,128464.48000000007
2026-09-08,ADMINISTRACION TERRITORIAL,Gobierno Autónomo Municipal de Sabaya,547263.52
2026-09-08,ADMINISTRACION TERRITORIAL,Gobierno Autónomo Municipal de Sacaba,4436743.94
2026-09-08,ADMINISTRACION TERRITORIAL,Gobierno Autónomo Municipal de Sacaca (Villa de Sacaca),464467.57999999996
2026-09-08,ADMINISTRACION TERRITORIAL,Gobierno Autónomo Municipal de Saipina,181848.78
2026-09-08,ADMINISTRACION TERRITORIAL,Gobierno Autónomo Municipal de Samaipata,286082.98999999993
2026-09-08,ADMINISTRACION TERRITORIAL,Gobierno Autónomo Municipal de San Agustín,6160.0
2026-09-08,ADMINISTRACION TERRITORIAL,Gobierno Autónomo Municipal de San Andrés,274888.17000000016
2026-09-08,ADMINISTRACION TERRITORIAL,Gobierno Autónomo Municipal de San Andrés de Machaca,20040.0
2026-09-08,ADMINISTRACION TERRITORIAL,Gobierno Autónomo Municipal de San Antonio de Esmoruco,58273.02999999999
2026-09-08,ADMINISTRACION TERRITORIAL,Gobierno Autónomo Municipal de San Antonio de Lomerio,551271.46
2026-09-08,ADMINISTRACION TERRITORIAL,Gobierno Autónomo Municipal de San Borja,291933.79999999976
2026-09-08,ADMINISTRACION TERRITORIAL,Gobierno Autónomo Municipal de San Buenaventura,146714.14999999997
2026-09-08,ADMINISTRACION TERRITORIAL,Gobierno Autónomo Municipal de San Carlos,358908.61000000016
2026-09-08,ADMINISTRACION TERRITORIAL,Gobierno Autónomo Municipal de San Ignacio,337322.6299999999
2026-09-08,ADMINISTRACION TERRITORIAL,Gobierno Autónomo Municipal de San Ignacio (San Ignacio de Velasco),347754.03999999986
2026-09-08,ADMINISTRACION TERRITORIAL,Gobierno Autónomo Municipal de San Javier,110114.79000000001
2026-09-08,ADMINISTRACION TERRITORIAL,Gobierno Autónomo Municipal de San Javier,195379.90000000005
2026-09-08,ADMINISTRACION TERRITORIAL,Gobierno Autónomo Municipal de San Joaquín,175490.66999999995
2026-09-08,ADMINISTRACION TERRITORIAL,Gobierno Autónomo Municipal de San José,78296.65
2026-09-08,ADMINISTRACION TERRITORIAL,Gobierno Autónomo Municipal de San Juan,110554.93
2026-09-08,ADMINISTRACION TERRITORIAL,Gobierno Autónomo Municipal de San Julián,1420264.1700000002
2026-09-08,ADMINISTRACION TERRITORIAL,Gobierno Autónomo Municipal de San Lorenzo,232724.1
2026-09-08,ADMINISTRACION TERRITORIAL,Gobierno Autónomo Municipal de San Lorenzo,372106.0
2026-09-08,ADMINISTRACION TERRITORIAL,Gobierno Autónomo Municipal de San Lucas,117684.99
2026-09-08,ADMINISTRACION TERRITORIAL,Gobierno Autónomo Municipal de San Matías,60023.3899999999
2026-09-08,ADMINISTRACION TERRITORIAL,Gobierno Autónomo Municipal de San Miguel (San Miguel de Velasco),183867.75999999995
2026-09-08,ADMINISTRACION TERRITORIAL,Gobierno Autónomo Municipal de San Pablo de Huacareta,207317.31
2026-09-08,ADMINISTRACION TERRITORIAL,Gobierno Autónomo Municipal de San Pablo de Lípez,99497.21
2026-09-08,ADMINISTRACION TERRITORIAL,Gobierno Autónomo Municipal de San Pedro,76755.57
2026-09-08,ADMINISTRACION TERRITORIAL,Gobierno Autónomo Municipal de San Pedro de Buena Vista,1284388.94
2026-09-08,ADMINISTRACION TERRITORIAL,Gobierno Autónomo Municipal de San Pedro de Curahuara,113496.88
2026-09-08,ADMINISTRACION TERRITORIAL,Gobierno Autónomo Municipal de San Pedro de Macha,120190.0
2026-09-08,ADMINISTRACION TERRITORIAL,Gobierno Autónomo Municipal de San Pedro de Tiquina,41941.719999999994
2026-09-08,ADMINISTRACION TERRITORIAL,Gobierno Autónomo Municipal de San Rafael,297196.7899999999
2026-09-08,ADMINISTRACION TERRITORIAL,Gobierno Autónomo Municipal de San Ramón,49001.0
2026-09-08,ADMINISTRACION TERRITORIAL,Gobierno Autónomo Municipal de San Ramón,388386.49
2026-09-08,ADMINISTRACION TERRITORIAL,Gobierno Autónomo Municipal de Santa Ana,311666.05000000005
2026-09-08,ADMINISTRACION TERRITORIAL,Gobierno Autónomo Municipal de Santa Cruz de La Sierra,6132381.409999998
2026-09-08,ADMINISTRACION TERRITORIAL,Gobierno Autónomo Municipal de Santa Rosa,281732.62
2026-09-08,ADMINISTRACION TERRITORIAL,Gobierno Autónomo Municipal de Santa Rosa del Abuná,95664.2
2026-09-08,ADMINISTRACION TERRITORIAL,Gobierno Autónomo Municipal de Santa Rosa del Sara,158289.77999999997
2026-09-08,ADMINISTRACION TERRITORIAL,Gobierno Autónomo Municipal de Santiago de Callapa,51724.340000000004
2026-09-08,ADMINISTRACION TERRITORIAL,Gobierno Autónomo Municipal de Santiago de Huari,113742.54000000001
2026-09-08,ADMINISTRACION TERRITORIAL,Gobierno Autónomo Municipal de Santiago de Huata,70771.63999999998
2026-09-08,ADMINISTRACION TERRITORIAL,Gobierno Autónomo Municipal de Santivañez,278097.92000000004
2026-09-08,ADMINISTRACION TERRITORIAL,Gobierno Autónomo Municipal de Sapahaqui,206941.80000000002
2026-09-08,ADMINISTRACION TERRITORIAL,Gobierno Autónomo Municipal de Sena,40825.78999999999
2026-09-08,ADMINISTRACION TERRITORIAL,Gobierno Autónomo Municipal de Shinahota,159086.2499999999
2026-09-08,ADMINISTRACION TERRITORIAL,Gobierno Autónomo Municipal de Sica Sica (Villa Aroma),510232.72000000015
2026-09-08,ADMINISTRACION TERRITORIAL,Gobierno Autónomo Municipal de Sicaya,54049.99999999999
2026-09-08,ADMINISTRACION TERRITORIAL,Gobierno Autónomo Municipal de Sipe Sipe,425189.09
2026-09-08,ADMINISTRACION TERRITORIAL,Gobierno Autónomo Municipal de Sopachuy,26490.33
2026-09-08,ADMINISTRACION TERRITORIAL,Gobierno Autónomo Municipal de Soracachi,86252.29000000001
2026-09-08,ADMINISTRACION TERRITORIAL,Gobierno Autónomo Municipal de Sorata,181614.63
2026-09-08,ADMINISTRACION TERRITORIAL,Gobierno Autónomo Municipal de Sucre,1608243.1900000004
2026-09-08,ADMINISTRACION TERRITORIAL,Gobierno Autónomo Municipal de Tacachi,21206.089999999997
2026-09-08,ADMINISTRACION TERRITORIAL,Gobierno Autónomo Municipal de Tacobamba,422769.1599999999
2026-09-08,ADMINISTRACION TERRITORIAL,Gobierno Autónomo Municipal de Tacopaya,150369.01
2026-09-08,ADMINISTRACION TERRITORIAL,Gobierno Autónomo Municipal de Tapacari,858497.53
2026-09-08,ADMINISTRACION TERRITORIAL,Gobierno Autónomo Municipal de Tarata,107309.14000000001
2026-09-08,ADMINISTRACION TERRITORIAL,Gobierno Autónomo Municipal de Tarija,3931399.49
2026-09-08,ADMINISTRACION TERRITORIAL,Gobierno Autónomo Municipal de Tarvita (Villa Orías),123534.96
2026-09-08,ADMINISTRACION TERRITORIAL,Gobierno Autónomo Municipal de Teoponte,188876.74
2026-09-08,ADMINISTRACION TERRITORIAL,Gobierno Autónomo Municipal de Tiahuanacu,199748.20999999996
2026-09-08,ADMINISTRACION TERRITORIAL,Gobierno Autónomo Municipal de Tinguipaya,55357.8
2026-09-08,ADMINISTRACION TERRITORIAL,Gobierno Autónomo Municipal de Tipuani,141357.8
2026-09-08,ADMINISTRACION TERRITORIAL,Gobierno Autónomo Municipal de Tiquipaya,3437274.5100000002
2026-09-08,ADMINISTRACION TERRITORIAL,Gobierno Autónomo Municipal de Tiraque,78364.23999999999
2026-09-08,ADMINISTRACION TERRITORIAL,Gobierno Autónomo Municipal de Toco,159079.67
2026-09-08,ADMINISTRACION TERRITORIAL,Gobierno Autónomo Municipal de Todos Santos,44347.42
2026-09-08,ADMINISTRACION TERRITORIAL,Gobierno Autónomo Municipal de Tolata,137079.16999999998
2026-09-08,ADMINISTRACION TERRITORIAL,Gobierno Autónomo Municipal de Toledo,187664.88
2026-09-08,ADMINISTRACION TERRITORIAL,Gobierno Autónomo Municipal de Tomave,62857.14
2026-09-08,ADMINISTRACION TERRITORIAL,Gobierno Autónomo Municipal de Tomina,133029.35
2026-09-08,ADMINISTRACION TERRITORIAL,Gobierno Autónomo Municipal de Toro Toro,8122.780000000001
2026-09-08,ADMINISTRACION TERRITORIAL,Gobierno Autónomo Municipal de Totora,67085.59999999999
2026-09-08,ADMINISTRACION TERRITORIAL,Gobierno Autónomo Municipal de Totora,411867.60000000003
2026-09-08,ADMINISTRACION TERRITORIAL,Gobierno Autónomo Municipal de Trigal,52249.27
2026-09-08,ADMINISTRACION TERRITORIAL,Gobierno Autónomo Municipal de Trinidad,385491.7999999997
2026-09-08,ADMINISTRACION TERRITORIAL,Gobierno Autónomo Municipal de Tupiza,771106.97
2026-09-08,ADMINISTRACION TERRITORIAL,Gobierno Autónomo Municipal de Turco,287095.49
2026-09-08,ADMINISTRACION TERRITORIAL,Gobierno Autónomo Municipal de Umala,4341.329999999998
2026-09-08,ADMINISTRACION TERRITORIAL,Gobierno Autónomo Municipal de Uncía,480760.63
2026-09-08,ADMINISTRACION TERRITORIAL,Gobierno Autónomo Municipal de Uriondo (Concepción),140520.22000000003
2026-09-08,ADMINISTRACION TERRITORIAL,Gobierno Autónomo Municipal de Urmiri,54929.06000000001
2026-09-08,ADMINISTRACION TERRITORIAL,Gobierno Autónomo Municipal de Urubicha,25762.13
2026-09-08,ADMINISTRACION TERRITORIAL,Gobierno Autónomo Municipal de Uyuni,482433.8999999999
2026-09-08,ADMINISTRACION TERRITORIAL,Gobierno Autónomo Municipal de Vacas,792.0
2026-09-08,ADMINISTRACION TERRITORIAL,Gobierno Autónomo Municipal de Vallegrande,401506.49000000017
2026-09-08,ADMINISTRACION TERRITORIAL,Gobierno Autónomo Municipal de Viacha,1101381.55
2026-09-08,ADMINISTRACION TERRITORIAL,Gobierno Autónomo Municipal de Vila Vila,61343.71000000001
2026-09-08,ADMINISTRACION TERRITORIAL,Gobierno Autónomo Municipal de Villa Alcalá,47497.82000000001
2026-09-08,ADMINISTRACION TERRITORIAL,Gobierno Autónomo Municipal de Villa Azurduy,46400.270000000004
2026-09-08,ADMINISTRACION TERRITORIAL,Gobierno Autónomo Municipal de Villa Charcas,183425.50999999992
2026-09-08,ADMINISTRACION TERRITORIAL,Gobierno Autónomo Municipal de Villa Libertad Licoma,140648.97999999998
2026-09-08,ADMINISTRACION TERRITORIAL,Gobierno Autónomo Municipal de Villa Mojocoya,173095.59999999998
2026-09-08,ADMINISTRACION TERRITORIAL,Gobierno Autónomo Municipal de Villa Rivero,14656.790000000003
2026-09-08,ADMINISTRACION TERRITORIAL,Gobierno Autónomo Municipal de Villa Serrano,60932.04
2026-09-08,ADMINISTRACION TERRITORIAL,Gobierno Autónomo Municipal de Villa Tunari,1636936.1899999997
2026-09-08,ADMINISTRACION TERRITORIAL,Gobierno Autónomo Municipal de Villa Vaca Guzmán,81244.7
2026-09-08,ADMINISTRACION TERRITORIAL,Gobierno Autónomo Municipal de Villa Zudañez (Tacopaya),129355.16999999998
2026-09-08,ADMINISTRACION TERRITORIAL,Gobierno Autónomo Municipal de Villamontes,268736.02999999997
2026-09-08,ADMINISTRACION TERRITORIAL,Gobierno Autónomo Municipal de Villazón,788115.18
2026-09-08,ADMINISTRACION TERRITORIAL,Gobierno Autónomo Municipal de Vinto,342683.83
2026-09-08,ADMINISTRACION TERRITORIAL,Gobierno Autónomo Municipal de Vitichi,268212.88000000006
2026-09-08,ADMINISTRACION TERRITORIAL,Gobierno Autónomo Municipal de Waldo Ballivián,171439.38999999998
2026-09-08,ADMINISTRACION TERRITORIAL,Gobierno Autónomo Municipal de Warnes,5321105.340000002
2026-09-08,ADMINISTRACION TERRITORIAL,Gobierno Autónomo Municipal de Yaco,8219.999999999998
2026-09-08,ADMINISTRACION TERRITORIAL,Gobierno Autónomo Municipal de Yamparáez,93624.0
2026-09-08,ADMINISTRACION TERRITORIAL,Gobierno Autónomo Municipal de Yanacachi,16428.570000000007
2026-09-08,ADMINISTRACION TERRITORIAL,Gobierno Autónomo Municipal de Yapacaní,1289657.6500000001
2026-09-08,ADMINISTRACION TERRITORIAL,Gobierno Autónomo Municipal de Yocalla,13090.5
2026-09-08,ADMINISTRACION TERRITORIAL,Gobierno Autónomo Municipal de Yotala,629303.15
2026-09-08,ADMINISTRACION TERRITORIAL,Gobierno Autónomo Municipal de Yunchara,63203.11
2026-09-08,ADMINISTRACION TERRITORIAL,Gobierno Autónomo Municipal de Yunguyo de Litoral,49481.01
2026-09-08,ADMINISTRACION TERRITORIAL,Gobierno Autónomo Regional del Gran Chaco,1399456.1400000001
2026-09-08,ADMINISTRACION TERRITORIAL,Gobierno Indígena Autónomo del Territorio Indígena Multiétnico,11820.0
2026-09-08,EMPRESAS PÚBLICAS,Administración Autónoma para Obras Sanitarias - Potosí,66974.35
2026-09-08,EMPRESAS PÚBLICAS,Administración de Servicios Portuarios - Bolivia,131873.64
2026-09-08,EMPRESAS PÚBLICAS,Agencia Boliviana Espacial,3955441.0999999978
2026-09-08,EMPRESAS PÚBLICAS,Bolivia TV,564548.8300000003
2026-09-08,EMPRESAS PÚBLICAS,Boliviana de Aviación,90281140.53
2026-09-08,EMPRESAS PÚBLICAS,Corporación de las Fuerzas Armadas p/ el Des. Nacional,438973.93
2026-09-08,EMPRESAS PÚBLICAS,Depósitos Aduaneros Bolivianos,2419639.5500000003
2026-09-08,EMPRESAS PÚBLICAS,EMPRESA MUNICIPAL AUTONOMA DE AGUA POTABLE Y ALCANTARILLADO  DE YACUIBA,712127.4699999999
2026-09-08,EMPRESAS PÚBLICAS,EMPRESA MUNICIPAL DE AGUA POTABLE Y ALCANTARILLADO VIACHA,27815.0
2026-09-08,EMPRESAS PÚBLICAS,EMPRESA MUNICIPAL DE AREAS VERDES SUCRE,78108.76
2026-09-08,EMPRESAS PÚBLICAS,EMPRESA MUNICIPAL DE DISTRIBUCION DE ENERGIA ELECTRICA LLALLAGUA,11206.0
2026-09-08,EMPRESAS PÚBLICAS,EMPRESA MUNICIPAL FABRICA DE JOYAS,37278.12
2026-09-08,EMPRESAS PÚBLICAS,EMPRESA PRESTADORA DE SERVICIO DE AGUA POTABLE Y ALCANTARILLADO ,1429.5
2026-09-08,EMPRESAS PÚBLICAS,EMPRESA PUBLICA MUNICIPAL DE SERVICIOS DE AGUA Y ALCANTARRILLADO SANITARIO DE COBIJA,214474.91
2026-09-08,EMPRESAS PÚBLICAS,Empresa Azucarera San Buenaventura,121583.02000000002
2026-09-08,EMPRESAS PÚBLICAS,Empresa Boliviana de Alimentos y Derivados,3590147.7899999986
2026-09-08,EMPRESAS PÚBLICAS,Empresa Boliviana de Industrializacion de Hidrocarburos,68919.51000000001
2026-09-08,EMPRESAS PÚBLICAS,"Empresa Estatal de Transporte por Cable ""Mi teleférico""",2788193.4700000016
2026-09-08,EMPRESAS PÚBLICAS,Empresa Estratégica Boliviana de Construcción y Conservación de Infraestructura Civil,13728.81
2026-09-08,EMPRESAS PÚBLICAS,Empresa Local de Agua Potable y Alcantarillado Sucre,8182451.739999997
2026-09-08,EMPRESAS PÚBLICAS,Empresa Misicuni,113886.15999999992
2026-09-08,EMPRESAS PÚBLICAS,Empresa Municipal de Agua Potable y Alcantarillado Sacaba,533402.04
2026-09-08,EMPRESAS PÚBLICAS,Empresa Municipal de Areas Verdes y Recreación alternativa,1657344.9200000004
2026-09-08,EMPRESAS PÚBLICAS,Empresa Municipal de Asfaltos y Vías,77794.99999999999
2026-09-08,EMPRESAS PÚBLICAS,Empresa Municipal de Gestión de Residuos Sólidos,4225.0
2026-09-08,EMPRESAS PÚBLICAS,Empresa Municipal de Servicio de Aseo ,2244666.81
2026-09-08,EMPRESAS PÚBLICAS,"Empresa Municipal de Áreas Verdes, Parques y Forestación",258.72000000000116
2026-09-08,EMPRESAS PÚBLICAS,Empresa Nacional de Electricidad,6876652.330000003
2026-09-08,EMPRESAS PÚBLICAS,Empresa Nacional de Ferrocarriles - Residual,99919.01000000001
2026-09-08,EMPRESAS PÚBLICAS,Empresa Naviera Boliviana,150.0
2026-09-08,EMPRESAS PÚBLICAS,Empresa Púb. Deptal. Hotel Terminal-Terminal de Buses Oruro,363241.0000000001
2026-09-08,EMPRESAS PÚBLICAS,"Empresa Pública ""Editorial del Estado Plurinacional de Bolivia""",32739.930000000073
2026-09-08,EMPRESAS PÚBLICAS,"Empresa Pública ""QUIPUS""",75625.77999999998
2026-09-08,EMPRESAS PÚBLICAS,Empresa Pública Nacional Estratégica de Yacimientos de Litio Bolivianos,571624.1699999997
2026-09-08,EMPRESAS PÚBLICAS,Empresa Pública Transporte Aéreo Militar ,23924.2
2026-09-08,EMPRESAS PÚBLICAS,Empresa Siderúrgica del Mutún,3970.0
2026-09-08,EMPRESAS PÚBLICAS,Empresa Tarijeña del Gas,89976.06000000001
2026-09-08,EMPRESAS PÚBLICAS,Empresa de Apoyo a la Producción de Alimentos,3582239.319999999
2026-09-08,EMPRESAS PÚBLICAS,Gestora Pública de la Seguridad Social de Largo Plazo,96306626.23
2026-09-08,EMPRESAS PÚBLICAS,Servicio Local de Acueductos y Alcantarillado - Oruro,764980.5799999997
2026-09-08,EMPRESAS PÚBLICAS,Servicio Municipal de Agua Potable y Alcantarillado,6584830.6099999985
2026-09-08,EMPRESAS PÚBLICAS,Transportes Aéreos Bolivianos,256361.07
2026-09-08,EMPRESAS PÚBLICAS,Yacimientos Petrolíferos Fiscales Bolivianos,1205827854.04
2026-09-08,INSTITUCIONES DE CONTROL Y DEFENSA DEL ESTADO,Contraloria General del Estado,125570.07999999997
2026-09-08,INSTITUCIONES DE CONTROL Y DEFENSA DEL ESTADO,Defensoria del Pueblo,212441.83000000002
2026-09-08,INSTITUCIONES DE CONTROL Y DEFENSA DEL ESTADO,Ministerio Público,323394.02000000014
2026-09-08,INSTITUCIONES DE SEGURIDAD SOCIAL,Caja Bancaria Estatal de Salud,263354.80999999784
2026-09-08,INSTITUCIONES DE SEGURIDAD SOCIAL,Caja de Salud del Servicio Nal. de Caminos y Ramas Anexas,959129.2400000008
2026-09-08,INSTITUCIONES DE SEGURIDAD SOCIAL,Seguro Social Universitario de Sucre,84045.09999999963
2026-09-08,INSTITUCIONES FINANCIERAS NO BANCARIAS,Fondo Nacional de Desarrollo Regional,61799.109999999986
2026-09-08,INSTITUCIONES FINANCIERAS NO BANCARIAS,Fondo Rotatorio de Fomento Productivo Regional,1779.0
2026-09-08,INSTITUCIONES FINANCIERAS NO BANCARIAS,Fondo de Desarrollo del Sist.Fin. y Apoyo al Sec.Productivo,20477.19
2026-09-08,INSTITUCIONES FINANCIERAS NO BANCARIAS,Fondo de Financiamiento para la Minería,4600.0
2026-09-08,INSTITUCIONES PÚBLICAS DESCENTRALIZADAS,Administradora Boliviana de Carreteras,7732952.3500000015
2026-09-08,INSTITUCIONES PÚBLICAS DESCENTRALIZADAS,Aduana Nacional,736668.7899999999
2026-09-08,INSTITUCIONES PÚBLICAS DESCENTRALIZADAS,"Agencia Boliviana de Correos ""Correos de Bolivia""",9589.100000000006
2026-09-08,INSTITUCIONES PÚBLICAS DESCENTRALIZADAS,Agencia Boliviana de Energía Nuclear,514672.3599999999
2026-09-08,INSTITUCIONES PÚBLICAS DESCENTRALIZADAS,Agencia Estatal de Vivienda,2614474.78
2026-09-08,INSTITUCIONES PÚBLICAS DESCENTRALIZADAS,Agencia Nacional de Hidrocarburos,446217.86
2026-09-08,INSTITUCIONES PÚBLICAS DESCENTRALIZADAS,Agencia de Gobierno Electrónico y Tecnologías de Información y Comunicación,113698.05
2026-09-08,INSTITUCIONES PÚBLICAS DESCENTRALIZADAS,Agencia de Infraestructura en Salud y Equipamiento Médico,113434.37000000001
2026-09-08,INSTITUCIONES PÚBLICAS DESCENTRALIZADAS,Agencia del Desarrollo del Cine y Audiovisual Bolivianos,8716.45
2026-09-08,INSTITUCIONES PÚBLICAS DESCENTRALIZADAS,Autoridad Jurisdiccional Administrativa Minera,134003.59
2026-09-08,INSTITUCIONES PÚBLICAS DESCENTRALIZADAS,Autoridad de Fisc y Ctrol Soc de Agua Potable Saneam.Básico,15468.7
2026-09-08,INSTITUCIONES PÚBLICAS DESCENTRALIZADAS,Autoridad de Fiscalizac. y Control Soc de Bosques y Tierras,234597.56999999995
2026-09-08,INSTITUCIONES PÚBLICAS DESCENTRALIZADAS,Autoridad de Fiscalización de Electricidad y Tecnología Nuclear,324803.91
2026-09-08,INSTITUCIONES PÚBLICAS DESCENTRALIZADAS,Autoridad de Fiscalización de Empresas,8233.0
2026-09-08,INSTITUCIONES PÚBLICAS DESCENTRALIZADAS,Autoridad de Fiscalización del Juego,22879.569999999716
2026-09-08,INSTITUCIONES PÚBLICAS DESCENTRALIZADAS,Autoridad de Fiscalización y Control de Pensiones y Seguros - APS,99656.41999999998
2026-09-08,INSTITUCIONES PÚBLICAS DESCENTRALIZADAS,Autoridad de Impugnación Tributaria,120578.01000000011
2026-09-08,INSTITUCIONES PÚBLICAS DESCENTRALIZADAS,Autoridad de Regulación y Fiscalización de Telecomunicaciones y Transportes,56334.580000000075
2026-09-08,INSTITUCIONES PÚBLICAS DESCENTRALIZADAS,Autoridad de Supervisión de la Seguridad Social de Corto Plazo,134892.1
2026-09-08,INSTITUCIONES PÚBLICAS DESCENTRALIZADAS,Autoridad de Supervisión del Sistema Financiero,179188.32999999996
2026-09-08,INSTITUCIONES PÚBLICAS DESCENTRALIZADAS,Centro Internacional de la Quinua,12776.5
2026-09-08,INSTITUCIONES PÚBLICAS DESCENTRALIZADAS,Centro de Investigación Agrícola Tropical,59639.9
2026-09-08,INSTITUCIONES PÚBLICAS DESCENTRALIZADAS,Comité Ejecutivo de la Universidad Boliviana,3484.0
2026-09-08,INSTITUCIONES PÚBLICAS DESCENTRALIZADAS,Consejo Nacional de Vivienda Policial,3547499.460000003
2026-09-08,INSTITUCIONES PÚBLICAS DESCENTRALIZADAS,Conservatorio Plurinacional de Musica,74717.97999999998
2026-09-08,INSTITUCIONES PÚBLICAS DESCENTRALIZADAS,Despacho de Gestión Social de Su Excelencia,164522.98
2026-09-08,INSTITUCIONES PÚBLICAS DESCENTRALIZADAS,Direc. Dptal. de Educación  Chuquisaca,2715.0
2026-09-08,INSTITUCIONES PÚBLICAS DESCENTRALIZADAS,Direc. Dptal. de Educación Cochabamba,51996.0
2026-09-08,INSTITUCIONES PÚBLICAS DESCENTRALIZADAS,Direc. Dptal. de Educación La Paz,497036.54999999993
2026-09-08,INSTITUCIONES PÚBLICAS DESCENTRALIZADAS,Direc. Dptal. de Educación Oruro,3997.8
2026-09-08,INSTITUCIONES PÚBLICAS DESCENTRALIZADAS,Direc. Dptal. de Educación Pando,25393.260000000002
2026-09-08,INSTITUCIONES PÚBLICAS DESCENTRALIZADAS,Direc. Dptal. de Educación Potosí,16437.55
2026-09-08,INSTITUCIONES PÚBLICAS DESCENTRALIZADAS,Direc. Dptal. de Educación Tarija,23617.52
2026-09-08,INSTITUCIONES PÚBLICAS DESCENTRALIZADAS,Dirección General de Aeronáutica Civil,208149.51999999947
2026-09-08,INSTITUCIONES PÚBLICAS DESCENTRALIZADAS,Dirección del Notariado Plurinacional,43738.23000000001
2026-09-08,INSTITUCIONES PÚBLICAS DESCENTRALIZADAS,"EMPRESA MUNICIPAL DE AGUA POTABLE Y ALCANTARILLADO SANITARIO DE RIBERALTA - ""EMAAR""",104092.94000000006
2026-09-08,INSTITUCIONES PÚBLICAS DESCENTRALIZADAS,EMPRESA PRESTADORA DE SERVICIOS DE AGUA Y ALCANTARILLADO (EPSA-COROICO),45676.12000000001
2026-09-08,INSTITUCIONES PÚBLICAS DESCENTRALIZADAS,ENTIDAD ASEO MUNICIPAL DE TARIJA,110819.2300000001
2026-09-08,INSTITUCIONES PÚBLICAS DESCENTRALIZADAS,ENTIDAD DESCENTRALIZADA MUNICIPAL DE CEMENTERIOS DE LA PAZ,87531.39000000001
2026-09-08,INSTITUCIONES PÚBLICAS DESCENTRALIZADAS,ENTIDAD DESCENTRALIZADA MUNICIPAL DE MAQUINARIA Y EQUIPO,3560.0
2026-09-08,INSTITUCIONES PÚBLICAS DESCENTRALIZADAS,ENTIDAD DESCENTRALIZADA MUNICIPAL TERMINAL DE BUSES LA PAZ,93250.83999999998
2026-09-08,INSTITUCIONES PÚBLICAS DESCENTRALIZADAS,ENTIDAD DESCENTRALIZADA TERMINAL METROPOLITANA EL ALTO,120068.84
2026-09-08,INSTITUCIONES PÚBLICAS DESCENTRALIZADAS,ENTIDAD DIRECCIÓN DE LA TERMINAL DE BUSES DE TARIJA,47116.37000000001
2026-09-08,INSTITUCIONES PÚBLICAS DESCENTRALIZADAS,ENTIDAD MATADERO FRIGORIFICO MUNICIPAL DE TARIJA,13760.0
2026-09-08,INSTITUCIONES PÚBLICAS DESCENTRALIZADAS,ENTIDAD MUNICIPAL DE ASEO POTOSI,110819.2
2026-09-08,INSTITUCIONES PÚBLICAS DESCENTRALIZADAS,ENTIDAD MUNICIPAL DE ASEO URBANO SUCRE,76812.87000000037
2026-09-08,INSTITUCIONES PÚBLICAS DESCENTRALIZADAS,ENTIDAD OBRAS PUBLICAS MUNICIPALES DE TARIJA,83483.98000000004
2026-09-08,INSTITUCIONES PÚBLICAS DESCENTRALIZADAS,ENTIDAD ORDENAMIENTO TERRITORIAL DE TARIJA,2165.0699999999997
2026-09-08,INSTITUCIONES PÚBLICAS DESCENTRALIZADAS,Entidad Descentralizada UMMIPRE PROMAN,803843.8800000002
2026-09-08,INSTITUCIONES PÚBLICAS DESCENTRALIZADAS,Entidad Ejecutora de Medio Ambiente y Agua,2689271.01
2026-09-08,INSTITUCIONES PÚBLICAS DESCENTRALIZADAS,Entidad de Servicios Integrales de Acceso a la Justicia,8000.0
2026-09-08,INSTITUCIONES PÚBLICAS DESCENTRALIZADAS,Escuela Boliviana Intercultural de Danza ,6600.0
2026-09-08,INSTITUCIONES PÚBLICAS DESCENTRALIZADAS,Escuela Militar de Ingeniería,762851.24
2026-09-08,INSTITUCIONES PÚBLICAS DESCENTRALIZADAS,Escuela de Gestión Pública Plurinacional,53375.11
2026-09-08,INSTITUCIONES PÚBLICAS DESCENTRALIZADAS,Escuela de Jueces del Estado,87564.41
2026-09-08,INSTITUCIONES PÚBLICAS DESCENTRALIZADAS,Fondo Nacional de Desarrollo Forestal,53614.0
2026-09-08,INSTITUCIONES PÚBLICAS DESCENTRALIZADAS,Fondo Nacional de Inversión Productiva y Social,213024.3899999999
2026-09-08,INSTITUCIONES PÚBLICAS DESCENTRALIZADAS,Fundación Cultural del Banco Central de Bolivia,115112.85
2026-09-08,INSTITUCIONES PÚBLICAS DESCENTRALIZADAS,Instituto Boliviano de la Ceguera,53224.38999999999
2026-09-08,INSTITUCIONES PÚBLICAS DESCENTRALIZADAS,Instituto Nacional de Estadística,2287979.59
2026-09-08,INSTITUCIONES PÚBLICAS DESCENTRALIZADAS,Instituto Nacional de Innovación Agropecuaria y Forestal,47957.389999999985
2026-09-08,INSTITUCIONES PÚBLICAS DESCENTRALIZADAS,Instituto Nacional de Reforma Agraria,187780.7
2026-09-08,INSTITUCIONES PÚBLICAS DESCENTRALIZADAS,Instituto Nacional de Salud Ocupacional,14561.28
2026-09-08,INSTITUCIONES PÚBLICAS DESCENTRALIZADAS,Instituto Plurinacional de Estudio de Lenguas y Culturas,181055.51999999987
2026-09-08,INSTITUCIONES PÚBLICAS DESCENTRALIZADAS,Instituto del Seguro Agrario,31538.18
2026-09-08,INSTITUCIONES PÚBLICAS DESCENTRALIZADAS,Lotería Nacional de Beneficencia y Salubridad,75990.29999999996
2026-09-08,INSTITUCIONES PÚBLICAS DESCENTRALIZADAS,Mutual de Servicios al Policía,2445114.42
2026-09-08,INSTITUCIONES PÚBLICAS DESCENTRALIZADAS,NUEVA VIDA SANTA CRUZ,137066.41999999995
2026-09-08,INSTITUCIONES PÚBLICAS DESCENTRALIZADAS,Navegación Aérea y Aeropuertos Bolivianos ,638812.5700000001
2026-09-08,INSTITUCIONES PÚBLICAS DESCENTRALIZADAS,Oficina Técnica Nacional de los Ríos Pilcomayo y Bermejo,10467.589999999967
2026-09-08,INSTITUCIONES PÚBLICAS DESCENTRALIZADAS,OficinaTécnica para el Fortalecimiento de la Empresa Pública,15678.34
2026-09-08,INSTITUCIONES PÚBLICAS DESCENTRALIZADAS,Orquesta Sinfónica Nacional,3963.0
2026-09-08,INSTITUCIONES PÚBLICAS DESCENTRALIZADAS,Registro Único para la Administración Tributaria Municipal,11025.569999999832
2026-09-08,INSTITUCIONES PÚBLICAS DESCENTRALIZADAS,SERVICIO DE ENCAUZAMIENTO DE RIOS (SEARPI),40.0
2026-09-08,INSTITUCIONES PÚBLICAS DESCENTRALIZADAS,Serv. Nal. de Reg. y Control de la Comer. de Minerales y Metales,19216.89999999995
2026-09-08,INSTITUCIONES PÚBLICAS DESCENTRALIZADAS,Serv. Nal. para la Sostenibilidad en Saneamiento Básico,24632.86
2026-09-08,INSTITUCIONES PÚBLICAS DESCENTRALIZADAS,Servicio Estatal de Autonomías,37455.4
2026-09-08,INSTITUCIONES PÚBLICAS DESCENTRALIZADAS,Servicio General de Identificación Personal,482818.3799999999
2026-09-08,INSTITUCIONES PÚBLICAS DESCENTRALIZADAS,Servicio Geológico Minero ,423309.32999999984
2026-09-08,INSTITUCIONES PÚBLICAS DESCENTRALIZADAS,Servicio Nacional Textil,706411.3899999999
2026-09-08,INSTITUCIONES PÚBLICAS DESCENTRALIZADAS,Servicio Nacional de Aerofotogrametría,3762.0
2026-09-08,INSTITUCIONES PÚBLICAS DESCENTRALIZADAS,Servicio Nacional de Hidrografía Naval,2765.4000000000015
2026-09-08,INSTITUCIONES PÚBLICAS DESCENTRALIZADAS,Servicio Nacional de Meteorología e Hidrología,75260.31000000006
2026-09-08,INSTITUCIONES PÚBLICAS DESCENTRALIZADAS,Servicio Plurinacional de Asistencia a la Víctima,4059.8
2026-09-08,INSTITUCIONES PÚBLICAS DESCENTRALIZADAS,Servicio Plurinacional de Registro de Comercio,61441.0
2026-09-08,INSTITUCIONES PÚBLICAS DESCENTRALIZADAS,Servicio Plurinacional de la Mujer y de la Despatriarcalización Ana María Romero,1833.5
2026-09-08,INSTITUCIONES PÚBLICAS DESCENTRALIZADAS,Servicio de Desarrollo de las Empresas Púb. Productivas,5886042.029999999
2026-09-08,INSTITUCIONES PÚBLICAS DESCENTRALIZADAS,Servicio de Impuestos Nacionales,6646654.14
2026-09-08,INSTITUCIONES PÚBLICAS DESCENTRALIZADAS,Unidad de Comunicación Estratégica del Estado Plurinacional de Bolivia,118327.0
2026-09-08,INSTITUCIONES PÚBLICAS DESCENTRALIZADAS,Unidad de Investigaciones Financieras,53193.89
2026-09-08,INSTITUCIONES PÚBLICAS DESCENTRALIZADAS,Univ. Indígena Bol. Comun. Intercultl Prod. Tupak Katari,414981.7299999999
2026-09-08,INSTITUCIONES PÚBLICAS DESCENTRALIZADAS,Vías Bolivia,507743.6900000014
2026-09-08,ORGANOS DEL ESTADO PLURINACIONAL,Asamblea Legislativa Plurinacional,198908.8
2026-09-08,ORGANOS DEL ESTADO PLURINACIONAL,Ministerio de Defensa,1790663.0800000008
2026-09-08,ORGANOS DEL ESTADO PLURINACIONAL,"Ministerio de Desarrollo Productivo, Rural y Agua",4930619.12
2026-09-08,ORGANOS DEL ESTADO PLURINACIONAL,Ministerio de Economía y Finanzas Públicas,770253.75
2026-09-08,ORGANOS DEL ESTADO PLURINACIONAL,Ministerio de Educación,506365.9400000008
2026-09-08,ORGANOS DEL ESTADO PLURINACIONAL,Ministerio de Gobierno,6959993.879999992
2026-09-08,ORGANOS DEL ESTADO PLURINACIONAL,Ministerio de Hidrocarburos y Energías,347895.25
2026-09-08,ORGANOS DEL ESTADO PLURINACIONAL,Ministerio de Minería y Metalurgia,44134.7
2026-09-08,ORGANOS DEL ESTADO PLURINACIONAL,"Ministerio de Obras Públicas, Servicios y Vivienda",433541.48
2026-09-08,ORGANOS DEL ESTADO PLURINACIONAL,Ministerio de Relaciones Exteriores,570134.8500000001
2026-09-08,ORGANOS DEL ESTADO PLURINACIONAL,Ministerio de Salud y Deportes ,17294379.23
2026-09-08,ORGANOS DEL ESTADO PLURINACIONAL,"Ministerio de Trabajo, Empleo y Previsión Social",227360.23
2026-09-08,ORGANOS DEL ESTADO PLURINACIONAL,Ministerio de la Presidencia,8551310.41
2026-09-08,ORGANOS DEL ESTADO PLURINACIONAL,Tribunal Constitucional Plurinacional,12360.0
2026-09-08,ORGANOS DEL ESTADO PLURINACIONAL,Órgano Electoral Plurinacional,536123.2599999999
2026-09-08,ORGANOS DEL ESTADO PLURINACIONAL,Órgano Judicial,2188416.2499999995
2026-09-08,UNIVERSIDADES PÚBLICAS,Universidad Amazónica de Pando,301750.89999999997
2026-09-08,UNIVERSIDADES PÚBLICAS,Universidad Autónoma Gabriel René Moreno,24280579.9
2026-09-08,UNIVERSIDADES PÚBLICAS,Universidad Autónoma Juan Misael Saracho,10153846.209999999
2026-09-08,UNIVERSIDADES PÚBLICAS,Universidad Autónoma Tomás Frías,8934176.049999999
2026-09-08,UNIVERSIDADES PÚBLICAS,Universidad Autónoma del Beni José Ballivián,217603.7500000008
2026-09-08,UNIVERSIDADES PÚBLICAS,Universidad Mayor Real y Pontificia de San Francisco Xavier,834283.5200000001
2026-09-08,UNIVERSIDADES PÚBLICAS,Universidad Mayor de San Andrés,30438506.619999997
2026-09-08,UNIVERSIDADES PÚBLICAS,Universidad Mayor de San Simón,31761219.78000001
2026-09-08,UNIVERSIDADES PÚBLICAS,Universidad Nacional Siglo XX,933370.79
2026-09-08,UNIVERSIDADES PÚBLICAS,Universidad Pública de El Alto,31246485.61000001
2026-09-08,UNIVERSIDADES PÚBLICAS,Universidad Técnica de Oruro,619455.2000000005
2026-09-10,ADMINISTRACION TERRITORIAL,Autonomía del Territorio Indígena Originario Campesino Guaraní Chaqueño de Huacaya,57873.0
2026-09-10,ADMINISTRACION TERRITORIAL,GAIOC de Charagua Iyambae,92740.56
2026-09-10,ADMINISTRACION TERRITORIAL,GAIOC de la Nación Originaria Uru Chipaya,8085.0
2026-09-10,ADMINISTRACION TERRITORIAL,Gobierno Autónomo Departamental de Cochabamba,2363814.0
2026-09-10,ADMINISTRACION TERRITORIAL,Gobierno Autónomo Departamental de La Paz,1183963.3599999999
2026-09-10,ADMINISTRACION TERRITORIAL,Gobierno Autónomo Departamental de Oruro,748277.94
2026-09-10,ADMINISTRACION TERRITORIAL,Gobierno Autónomo Departamental de Pando,36890.0
2026-09-10,ADMINISTRACION TERRITORIAL,Gobierno Autónomo Departamental de Potosí,3560768.829999999
2026-09-10,ADMINISTRACION TERRITORIAL,Gobierno Autónomo Departamental de Santa Cruz,1760425.770000001
2026-09-10,ADMINISTRACION TERRITORIAL,Gobierno Autónomo Departamental de Tarija,1760050.7299999995
2026-09-10,ADMINISTRACION TERRITORIAL,Gobierno Autónomo Departamental del Beni,92094.32999999996
2026-09-10,ADMINISTRACION TERRITORIAL,Gobierno Autónomo Indígena Originario Campesino de Salinas,645979.33
2026-09-10,ADMINISTRACION TERRITORIAL,Gobierno Autónomo Indígena Originario Campesino de la Autonomía Originaria del Jatún Ayllu Yura,10319.200000000003
2026-09-10,ADMINISTRACION TERRITORIAL,Gobierno Autónomo Indígena Originario Campesino del Territorio de Raqaypampa,49242.04
2026-09-10,ADMINISTRACION TERRITORIAL,Gobierno Autónomo Municipal de Achacachi,25010.07999999998
2026-09-10,ADMINISTRACION TERRITORIAL,Gobierno Autónomo Municipal de Aiquile,284956.00000000006
2026-09-10,ADMINISTRACION TERRITORIAL,Gobierno Autónomo Municipal de Alalay,22337.0
2026-09-10,ADMINISTRACION TERRITORIAL,Gobierno Autónomo Municipal de Ancoraimes,8300.0
2026-09-10,ADMINISTRACION TERRITORIAL,Gobierno Autónomo Municipal de Antequera,108698.32
2026-09-10,ADMINISTRACION TERRITORIAL,Gobierno Autónomo Municipal de Apolo,83329.0
2026-09-10,ADMINISTRACION TERRITORIAL,Gobierno Autónomo Municipal de Arani,20023.820000000003
2026-09-10,ADMINISTRACION TERRITORIAL,Gobierno Autónomo Municipal de Arbieto,214822.00000000006
2026-09-10,ADMINISTRACION TERRITORIAL,Gobierno Autónomo Municipal de Ascención de Guarayos,80626.94000000041
2026-09-10,ADMINISTRACION TERRITORIAL,Gobierno Autónomo Municipal de Atocha,21676.699999999997
2026-09-10,ADMINISTRACION TERRITORIAL,Gobierno Autónomo Municipal de Aucapata,422602.84
2026-09-10,ADMINISTRACION TERRITORIAL,Gobierno Autónomo Municipal de Ayata,45008.840000000004
2026-09-10,ADMINISTRACION TERRITORIAL,Gobierno Autónomo Municipal de Batallas,23125.6
2026-09-10,ADMINISTRACION TERRITORIAL,Gobierno Autónomo Municipal de Baures,119118.0
2026-09-10,ADMINISTRACION TERRITORIAL,Gobierno Autónomo Municipal de Bella Flor,25521.020000000004
2026-09-10,ADMINISTRACION TERRITORIAL,Gobierno Autónomo Municipal de Belén de Andamarca,19800.0
2026-09-10,ADMINISTRACION TERRITORIAL,Gobierno Autónomo Municipal de Bermejo,115482.0
2026-09-10,ADMINISTRACION TERRITORIAL,Gobierno Autónomo Municipal de Betanzos,22913.79999999996
2026-09-10,ADMINISTRACION TERRITORIAL,Gobierno Autónomo Municipal de Bolpebra,3456.6800000000003
2026-09-10,ADMINISTRACION TERRITORIAL,Gobierno Autónomo Municipal de Buena Vista,118607.08
2026-09-10,ADMINISTRACION TERRITORIAL,Gobierno Autónomo Municipal de Cabezas,3006.0
2026-09-10,ADMINISTRACION TERRITORIAL,Gobierno Autónomo Municipal de Cairoma,88540.0
2026-09-10,ADMINISTRACION TERRITORIAL,"Gobierno Autónomo Municipal de Caiza ""D""",18184.96
2026-09-10,ADMINISTRACION TERRITORIAL,Gobierno Autónomo Municipal de Cajuata,20491.909999999996
2026-09-10,ADMINISTRACION TERRITORIAL,Gobierno Autónomo Municipal de Calacoto,23866.67
2026-09-10,ADMINISTRACION TERRITORIAL,Gobierno Autónomo Municipal de Camargo,59157.0
2026-09-10,ADMINISTRACION TERRITORIAL,Gobierno Autónomo Municipal de Camiri,79026.02
2026-09-10,ADMINISTRACION TERRITORIAL,Gobierno Autónomo Municipal de Capinota,639901.42
2026-09-10,ADMINISTRACION TERRITORIAL,Gobierno Autónomo Municipal de Caquiaviri,6324.129999999999
2026-09-10,ADMINISTRACION TERRITORIAL,Gobierno Autónomo Municipal de Caranavi,33075.0
2026-09-10,ADMINISTRACION TERRITORIAL,Gobierno Autónomo Municipal de Carangas,7500.0
2026-09-10,ADMINISTRACION TERRITORIAL,Gobierno Autónomo Municipal de Caraparí,247515.0
2026-09-10,ADMINISTRACION TERRITORIAL,Gobierno Autónomo Municipal de Caripuyo,32053.0
2026-09-10,ADMINISTRACION TERRITORIAL,Gobierno Autónomo Municipal de Catacora,20000.0
2026-09-10,ADMINISTRACION TERRITORIAL,Gobierno Autónomo Municipal de Chacarilla,9680.0
2026-09-10,ADMINISTRACION TERRITORIAL,Gobierno Autónomo Municipal de Challapata,183568.26
2026-09-10,ADMINISTRACION TERRITORIAL,Gobierno Autónomo Municipal de Chaqui,29127.0
2026-09-10,ADMINISTRACION TERRITORIAL,Gobierno Autónomo Municipal de Charaña,48960.0
2026-09-10,ADMINISTRACION TERRITORIAL,Gobierno Autónomo Municipal de Chayanta,591857.5
2026-09-10,ADMINISTRACION TERRITORIAL,Gobierno Autónomo Municipal de Chimoré,444427.56000000006
2026-09-10,ADMINISTRACION TERRITORIAL,Gobierno Autónomo Municipal de Chua Cocani,105546.4
2026-09-10,ADMINISTRACION TERRITORIAL,Gobierno Autónomo Municipal de Chulumani (Villa de la Libertad),36465.0
2026-09-10,ADMINISTRACION TERRITORIAL,Gobierno Autónomo Municipal de Chuma,29571.030000000002
2026-09-10,ADMINISTRACION TERRITORIAL,Gobierno Autónomo Municipal de Chuquihuta Ayllu Jucumani,6585.5
2026-09-10,ADMINISTRACION TERRITORIAL,Gobierno Autónomo Municipal de Ckochas,146810.74
2026-09-10,ADMINISTRACION TERRITORIAL,Gobierno Autónomo Municipal de Cliza,191290.28
2026-09-10,ADMINISTRACION TERRITORIAL,Gobierno Autónomo Municipal de Cobija,1199456.9600000002
2026-09-10,ADMINISTRACION TERRITORIAL,Gobierno Autónomo Municipal de Cocapata,33300.00000000003
2026-09-10,ADMINISTRACION TERRITORIAL,Gobierno Autónomo Municipal de Cochabamba,6134008.98
2026-09-10,ADMINISTRACION TERRITORIAL,Gobierno Autónomo Municipal de Coipasa,981.1399999999999
2026-09-10,ADMINISTRACION TERRITORIAL,Gobierno Autónomo Municipal de Colcapirhua,508140.73
2026-09-10,ADMINISTRACION TERRITORIAL,"Gobierno Autónomo Municipal de Colcha""K"" (Villa Martín)",32920.21999999997
2026-09-10,ADMINISTRACION TERRITORIAL,Gobierno Autónomo Municipal de Collana,82656.26999999997
2026-09-10,ADMINISTRACION TERRITORIAL,Gobierno Autónomo Municipal de Colomi,37178.45
2026-09-10,ADMINISTRACION TERRITORIAL,Gobierno Autónomo Municipal de Colpa Bélgica,307176.6699999999
2026-09-10,ADMINISTRACION TERRITORIAL,Gobierno Autónomo Municipal de Colquechaca,18000.0
2026-09-10,ADMINISTRACION TERRITORIAL,Gobierno Autónomo Municipal de Colquencha,167963.31000000006
2026-09-10,ADMINISTRACION TERRITORIAL,Gobierno Autónomo Municipal de Colquiri,235313.40000000002
2026-09-10,ADMINISTRACION TERRITORIAL,Gobierno Autónomo Municipal de Combaya,6613.5899999999965
2026-09-10,ADMINISTRACION TERRITORIAL,Gobierno Autónomo Municipal de Concepción,124554.19999999995
2026-09-10,ADMINISTRACION TERRITORIAL,Gobierno Autónomo Municipal de Copacabana,62291.5
2026-09-10,ADMINISTRACION TERRITORIAL,Gobierno Autónomo Municipal de Coripata,8508.6
2026-09-10,ADMINISTRACION TERRITORIAL,Gobierno Autónomo Municipal de Corocoro,28173.67
2026-09-10,ADMINISTRACION TERRITORIAL,Gobierno Autónomo Municipal de Corque,3370.2300000000173
2026-09-10,ADMINISTRACION TERRITORIAL,Gobierno Autónomo Municipal de Cotagaita,539585.4199999999
2026-09-10,ADMINISTRACION TERRITORIAL,Gobierno Autónomo Municipal de Cotoca,153580.5
2026-09-10,ADMINISTRACION TERRITORIAL,Gobierno Autónomo Municipal de Cruz de Machacamarca,35303.94
2026-09-10,ADMINISTRACION TERRITORIAL,Gobierno Autónomo Municipal de Cuatro Cañadas,70110.0
2026-09-10,ADMINISTRACION TERRITORIAL,Gobierno Autónomo Municipal de Cuevo,15407.21
2026-09-10,ADMINISTRACION TERRITORIAL,Gobierno Autónomo Municipal de Culpina,257.5
2026-09-10,ADMINISTRACION TERRITORIAL,Gobierno Autónomo Municipal de Curahuara de Carangas,30114.29
2026-09-10,ADMINISTRACION TERRITORIAL,Gobierno Autónomo Municipal de El Alto de La Paz,1712011.1199999976
2026-09-10,ADMINISTRACION TERRITORIAL,Gobierno Autónomo Municipal de El Carmen Rivero Tórrez,4650.0
2026-09-10,ADMINISTRACION TERRITORIAL,Gobierno Autónomo Municipal de El Choro,5353.57
2026-09-10,ADMINISTRACION TERRITORIAL,Gobierno Autónomo Municipal de El Puente,202572.0
2026-09-10,ADMINISTRACION TERRITORIAL,Gobierno Autónomo Municipal de El Torno,153432.03999999998
2026-09-10,ADMINISTRACION TERRITORIAL,Gobierno Autónomo Municipal de Entre Rios,463660.66
2026-09-10,ADMINISTRACION TERRITORIAL,Gobierno Autónomo Municipal de Entre Ríos,515734.4499999999
2026-09-10,ADMINISTRACION TERRITORIAL,Gobierno Autónomo Municipal de Escara,2000.0
2026-09-10,ADMINISTRACION TERRITORIAL,Gobierno Autónomo Municipal de Escoma,87848.65000000002
2026-09-10,ADMINISTRACION TERRITORIAL,Gobierno Autónomo Municipal de Esmeralda,5892.08
2026-09-10,ADMINISTRACION TERRITORIAL,Gobierno Autónomo Municipal de Eucaliptus,72717.65
2026-09-10,ADMINISTRACION TERRITORIAL,Gobierno Autónomo Municipal de Exaltación,147469.0
2026-09-10,ADMINISTRACION TERRITORIAL,Gobierno Autónomo Municipal de Fernández Alonso,200956.0
2026-09-10,ADMINISTRACION TERRITORIAL,Gobierno Autónomo Municipal de General Agustín Saavedra,79991.6
2026-09-10,ADMINISTRACION TERRITORIAL,Gobierno Autónomo Municipal de General Juan José Pérez (Charazani),328197.4
2026-09-10,ADMINISTRACION TERRITORIAL,Gobierno Autónomo Municipal de Guanay,1652.6599999999962
2026-09-10,ADMINISTRACION TERRITORIAL,Gobierno Autónomo Municipal de Guaqui,575.0
2026-09-10,ADMINISTRACION TERRITORIAL,Gobierno Autónomo Municipal de Huacaraje,105079.49
2026-09-10,ADMINISTRACION TERRITORIAL,Gobierno Autónomo Municipal de Huachacalla,13013.33
2026-09-10,ADMINISTRACION TERRITORIAL,Gobierno Autónomo Municipal de Huanuni,72266.04000000001
2026-09-10,ADMINISTRACION TERRITORIAL,Gobierno Autónomo Municipal de Ichoca,57121.799999999996
2026-09-10,ADMINISTRACION TERRITORIAL,Gobierno Autónomo Municipal de Icla,920.0
2026-09-10,ADMINISTRACION TERRITORIAL,Gobierno Autónomo Municipal de Incahuasi,10255.93
2026-09-10,ADMINISTRACION TERRITORIAL,Gobierno Autónomo Municipal de Inquisivi,65448.54000000003
2026-09-10,ADMINISTRACION TERRITORIAL,Gobierno Autónomo Municipal de Ixiamas,40797.25
2026-09-10,ADMINISTRACION TERRITORIAL,Gobierno Autónomo Municipal de La Asunta,105214.85999999999
2026-09-10,ADMINISTRACION TERRITORIAL,Gobierno Autónomo Municipal de La Guardia,1776391.41
2026-09-10,ADMINISTRACION TERRITORIAL,Gobierno Autónomo Municipal de La Paz,1607951.3999999994
2026-09-10,ADMINISTRACION TERRITORIAL,Gobierno Autónomo Municipal de La Rivera,15808.289999999999
2026-09-10,ADMINISTRACION TERRITORIAL,Gobierno Autónomo Municipal de Lagunillas,5887.0
2026-09-10,ADMINISTRACION TERRITORIAL,Gobierno Autónomo Municipal de Laja,15191.459999999997
2026-09-10,ADMINISTRACION TERRITORIAL,Gobierno Autónomo Municipal de Las Carreras,19008.84
2026-09-10,ADMINISTRACION TERRITORIAL,Gobierno Autónomo Municipal de Llallagua,35501.770000000004
2026-09-10,ADMINISTRACION TERRITORIAL,Gobierno Autónomo Municipal de Luribay,13500.0
2026-09-10,ADMINISTRACION TERRITORIAL,Gobierno Autónomo Municipal de Machareti,5568.0
2026-09-10,ADMINISTRACION TERRITORIAL,Gobierno Autónomo Municipal de Mairana,477.0
2026-09-10,ADMINISTRACION TERRITORIAL,Gobierno Autónomo Municipal de Mineros,138748.62999999998
2026-09-10,ADMINISTRACION TERRITORIAL,Gobierno Autónomo Municipal de Mizque,96014.81
2026-09-10,ADMINISTRACION TERRITORIAL,Gobierno Autónomo Municipal de Mocomoco,209517.44
2026-09-10,ADMINISTRACION TERRITORIAL,Gobierno Autónomo Municipal de Mojinete,23715.19
2026-09-10,ADMINISTRACION TERRITORIAL,Gobierno Autónomo Municipal de Montero,2077385.470000001
2026-09-10,ADMINISTRACION TERRITORIAL,Gobierno Autónomo Municipal de Moro Moro,1000.0
2026-09-10,ADMINISTRACION TERRITORIAL,Gobierno Autónomo Municipal de Morochata,4998.24
2026-09-10,ADMINISTRACION TERRITORIAL,Gobierno Autónomo Municipal de Nueva Esperanza,11500.0
2026-09-10,ADMINISTRACION TERRITORIAL,Gobierno Autónomo Municipal de Omereque,16126.77
2026-09-10,ADMINISTRACION TERRITORIAL,Gobierno Autónomo Municipal de Oruro,2822368.42
2026-09-10,ADMINISTRACION TERRITORIAL,Gobierno Autónomo Municipal de Padcaya,10617.170000000011
2026-09-10,ADMINISTRACION TERRITORIAL,Gobierno Autónomo Municipal de Padilla,42728.730000000025
2026-09-10,ADMINISTRACION TERRITORIAL,Gobierno Autónomo Municipal de Pailón,158653.2
2026-09-10,ADMINISTRACION TERRITORIAL,Gobierno Autónomo Municipal de Pampa Aullagas,256989.1
2026-09-10,ADMINISTRACION TERRITORIAL,Gobierno Autónomo Municipal de Pampa Grande,338.78999999999996
2026-09-10,ADMINISTRACION TERRITORIAL,Gobierno Autónomo Municipal de Papel Pampa,17710.370000000003
2026-09-10,ADMINISTRACION TERRITORIAL,Gobierno Autónomo Municipal de Pazña,52256.0
2026-09-10,ADMINISTRACION TERRITORIAL,Gobierno Autónomo Municipal de Pocoata,63968.0
2026-09-10,ADMINISTRACION TERRITORIAL,Gobierno Autónomo Municipal de Pocona,83340.0
2026-09-10,ADMINISTRACION TERRITORIAL,Gobierno Autónomo Municipal de Porco,338598.0099999999
2026-09-10,ADMINISTRACION TERRITORIAL,Gobierno Autónomo Municipal de Porongo (Ayacucho),1205422.98
2026-09-10,ADMINISTRACION TERRITORIAL,Gobierno Autónomo Municipal de Portachuelo,11400.0
2026-09-10,ADMINISTRACION TERRITORIAL,Gobierno Autónomo Municipal de Porvenir,8330.5
2026-09-10,ADMINISTRACION TERRITORIAL,Gobierno Autónomo Municipal de Potosí,3860391.13
2026-09-10,ADMINISTRACION TERRITORIAL,Gobierno Autónomo Municipal de Puerto Acosta,24756.0
2026-09-10,ADMINISTRACION TERRITORIAL,Gobierno Autónomo Municipal de Puerto Guayaramerín,371199.2099999999
2026-09-10,ADMINISTRACION TERRITORIAL,Gobierno Autónomo Municipal de Puerto Rurrenabaque,221780.5
2026-09-10,ADMINISTRACION TERRITORIAL,Gobierno Autónomo Municipal de Puerto Suárez,10139.53
2026-09-10,ADMINISTRACION TERRITORIAL,Gobierno Autónomo Municipal de Puerto Villarroel,479671.3000000001
2026-09-10,ADMINISTRACION TERRITORIAL,Gobierno Autónomo Municipal de Punata,135563.55000000005
2026-09-10,ADMINISTRACION TERRITORIAL,Gobierno Autónomo Municipal de Quiabaya,479.54999999999995
2026-09-10,ADMINISTRACION TERRITORIAL,Gobierno Autónomo Municipal de Quillacollo,289589.31999999995
2026-09-10,ADMINISTRACION TERRITORIAL,Gobierno Autónomo Municipal de Quime,100051.85
2026-09-10,ADMINISTRACION TERRITORIAL,Gobierno Autónomo Municipal de Quirusillas,8121.0
2026-09-10,ADMINISTRACION TERRITORIAL,Gobierno Autónomo Municipal de Ravelo,71095.76
2026-09-10,ADMINISTRACION TERRITORIAL,Gobierno Autónomo Municipal de Reyes,4686.799999999999
2026-09-10,ADMINISTRACION TERRITORIAL,Gobierno Autónomo Municipal de Riberalta,259266.18000000005
2026-09-10,ADMINISTRACION TERRITORIAL,Gobierno Autónomo Municipal de Roboré,89101.20000000007
2026-09-10,ADMINISTRACION TERRITORIAL,Gobierno Autónomo Municipal de Sabaya,41511.6
2026-09-10,ADMINISTRACION TERRITORIAL,Gobierno Autónomo Municipal de Sacaba,1546762.6900000006
2026-09-10,ADMINISTRACION TERRITORIAL,Gobierno Autónomo Municipal de Sacaca (Villa de Sacaca),75065.0
2026-09-10,ADMINISTRACION TERRITORIAL,Gobierno Autónomo Municipal de Saipina,97504.15
2026-09-10,ADMINISTRACION TERRITORIAL,Gobierno Autónomo Municipal de Samaipata,282537.98999999993
2026-09-10,ADMINISTRACION TERRITORIAL,Gobierno Autónomo Municipal de San Agustín,5860.0
2026-09-10,ADMINISTRACION TERRITORIAL,Gobierno Autónomo Municipal de San Andrés,72836.17000000016
2026-09-10,ADMINISTRACION TERRITORIAL,Gobierno Autónomo Municipal de San Andrés de Machaca,19760.0
2026-09-10,ADMINISTRACION TERRITORIAL,Gobierno Autónomo Municipal de San Antonio de Lomerio,551271.46
2026-09-10,ADMINISTRACION TERRITORIAL,Gobierno Autónomo Municipal de San Borja,69780.44000000009
2026-09-10,ADMINISTRACION TERRITORIAL,Gobierno Autónomo Municipal de San Buenaventura,19284.57
2026-09-10,ADMINISTRACION TERRITORIAL,Gobierno Autónomo Municipal de San Carlos,226466.02
2026-09-10,ADMINISTRACION TERRITORIAL,Gobierno Autónomo Municipal de San Ignacio,16470.0
2026-09-10,ADMINISTRACION TERRITORIAL,Gobierno Autónomo Municipal de San Ignacio (San Ignacio de Velasco),126557.47000000002
2026-09-10,ADMINISTRACION TERRITORIAL,Gobierno Autónomo Municipal de San Javier,48548.0
2026-09-10,ADMINISTRACION TERRITORIAL,Gobierno Autónomo Municipal de San Javier,81572.70000000007
2026-09-10,ADMINISTRACION TERRITORIAL,Gobierno Autónomo Municipal de San Joaquín,16005.0
2026-09-10,ADMINISTRACION TERRITORIAL,Gobierno Autónomo Municipal de San José,3207.6500000000015
2026-09-10,ADMINISTRACION TERRITORIAL,Gobierno Autónomo Municipal de San Juan,43188.270000000004
2026-09-10,ADMINISTRACION TERRITORIAL,Gobierno Autónomo Municipal de San Julián,215480.56000000003
2026-09-10,ADMINISTRACION TERRITORIAL,Gobierno Autónomo Municipal de San Lorenzo,123110.0
2026-09-10,ADMINISTRACION TERRITORIAL,Gobierno Autónomo Municipal de San Lorenzo,350076.0
2026-09-10,ADMINISTRACION TERRITORIAL,Gobierno Autónomo Municipal de San Lucas,8713.0
2026-09-10,ADMINISTRACION TERRITORIAL,Gobierno Autónomo Municipal de San Matías,9556.0
2026-09-10,ADMINISTRACION TERRITORIAL,Gobierno Autónomo Municipal de San Miguel (San Miguel de Velasco),27206.3
2026-09-10,ADMINISTRACION TERRITORIAL,Gobierno Autónomo Municipal de San Pablo de Huacareta,39335.920000000006
2026-09-10,ADMINISTRACION TERRITORIAL,Gobierno Autónomo Municipal de San Pablo de Lípez,45557.21000000001
2026-09-10,ADMINISTRACION TERRITORIAL,Gobierno Autónomo Municipal de San Pedro,73133.0
2026-09-10,ADMINISTRACION TERRITORIAL,Gobierno Autónomo Municipal de San Pedro de Buena Vista,199701.5
2026-09-10,ADMINISTRACION TERRITORIAL,Gobierno Autónomo Municipal de San Pedro de Curahuara,40140.0
2026-09-10,ADMINISTRACION TERRITORIAL,Gobierno Autónomo Municipal de San Rafael,3162.8600000000006
2026-09-10,ADMINISTRACION TERRITORIAL,Gobierno Autónomo Municipal de San Ramón,90068.74999999999
2026-09-10,ADMINISTRACION TERRITORIAL,Gobierno Autónomo Municipal de Santa Ana,183012.34000000003
2026-09-10,ADMINISTRACION TERRITORIAL,Gobierno Autónomo Municipal de Santa Cruz de La Sierra,2025326.4499999983
2026-09-10,ADMINISTRACION TERRITORIAL,Gobierno Autónomo Municipal de Santa Rosa,42170.0
2026-09-10,ADMINISTRACION TERRITORIAL,Gobierno Autónomo Municipal de Santa Rosa del Abuná,78973.2
2026-09-10,ADMINISTRACION TERRITORIAL,Gobierno Autónomo Municipal de Santa Rosa del Sara,94483.57999999997
2026-09-10,ADMINISTRACION TERRITORIAL,Gobierno Autónomo Municipal de Santiago de Huari,100418.7
2026-09-10,ADMINISTRACION TERRITORIAL,Gobierno Autónomo Municipal de Santiago de Huata,63085.25999999998
2026-09-10,ADMINISTRACION TERRITORIAL,Gobierno Autónomo Municipal de Santivañez,4678.0
2026-09-10,ADMINISTRACION TERRITORIAL,Gobierno Autónomo Municipal de Sena,200.0
2026-09-10,ADMINISTRACION TERRITORIAL,Gobierno Autónomo Municipal de Shinahota,76708.94999999994
2026-09-10,ADMINISTRACION TERRITORIAL,Gobierno Autónomo Municipal de Sica Sica (Villa Aroma),209992.27
2026-09-10,ADMINISTRACION TERRITORIAL,Gobierno Autónomo Municipal de Sipe Sipe,53516.0
2026-09-10,ADMINISTRACION TERRITORIAL,Gobierno Autónomo Municipal de Sorata,141852.85
2026-09-10,ADMINISTRACION TERRITORIAL,Gobierno Autónomo Municipal de Sucre,137937.69000000003
2026-09-10,ADMINISTRACION TERRITORIAL,Gobierno Autónomo Municipal de Tacachi,1747.2499999999998
2026-09-10,ADMINISTRACION TERRITORIAL,Gobierno Autónomo Municipal de Tacopaya,2175.0
2026-09-10,ADMINISTRACION TERRITORIAL,Gobierno Autónomo Municipal de Tapacari,128543.79000000001
2026-09-10,ADMINISTRACION TERRITORIAL,Gobierno Autónomo Municipal de Tarata,106477.16000000002
2026-09-10,ADMINISTRACION TERRITORIAL,Gobierno Autónomo Municipal de Tarija,2910564.13
2026-09-10,ADMINISTRACION TERRITORIAL,Gobierno Autónomo Municipal de Tarvita (Villa Orías),63845.95
2026-09-10,ADMINISTRACION TERRITORIAL,Gobierno Autónomo Municipal de Teoponte,180626.74
2026-09-10,ADMINISTRACION TERRITORIAL,Gobierno Autónomo Municipal de Tinguipaya,22400.0
2026-09-10,ADMINISTRACION TERRITORIAL,Gobierno Autónomo Municipal de Tipuani,62655.6
2026-09-10,ADMINISTRACION TERRITORIAL,Gobierno Autónomo Municipal de Tiquipaya,1519638.0500000003
2026-09-10,ADMINISTRACION TERRITORIAL,Gobierno Autónomo Municipal de Tiraque,33212.39
2026-09-10,ADMINISTRACION TERRITORIAL,Gobierno Autónomo Municipal de Toco,106671.67
2026-09-10,ADMINISTRACION TERRITORIAL,Gobierno Autónomo Municipal de Todos Santos,44347.42
2026-09-10,ADMINISTRACION TERRITORIAL,Gobierno Autónomo Municipal de Toledo,33984.4
2026-09-10,ADMINISTRACION TERRITORIAL,Gobierno Autónomo Municipal de Tomina,133029.35
2026-09-10,ADMINISTRACION TERRITORIAL,Gobierno Autónomo Municipal de Toro Toro,177.7800000000002
2026-09-10,ADMINISTRACION TERRITORIAL,Gobierno Autónomo Municipal de Totora,37248.95999999999
2026-09-10,ADMINISTRACION TERRITORIAL,Gobierno Autónomo Municipal de Totora,147851.0
2026-09-10,ADMINISTRACION TERRITORIAL,Gobierno Autónomo Municipal de Trigal,45549.27
2026-09-10,ADMINISTRACION TERRITORIAL,Gobierno Autónomo Municipal de Trinidad,273354.5299999997
2026-09-10,ADMINISTRACION TERRITORIAL,Gobierno Autónomo Municipal de Tupiza,199910.96999999997
2026-09-10,ADMINISTRACION TERRITORIAL,Gobierno Autónomo Municipal de Turco,98031.83
2026-09-10,ADMINISTRACION TERRITORIAL,Gobierno Autónomo Municipal de Umala,280.0
2026-09-10,ADMINISTRACION TERRITORIAL,Gobierno Autónomo Municipal de Uncía,55526.29999999999
2026-09-10,ADMINISTRACION TERRITORIAL,Gobierno Autónomo Municipal de Uriondo (Concepción),44507.92000000004
2026-09-10,ADMINISTRACION TERRITORIAL,Gobierno Autónomo Municipal de Urmiri,54929.06000000001
2026-09-10,ADMINISTRACION TERRITORIAL,Gobierno Autónomo Municipal de Uyuni,52595.20000000004
2026-09-10,ADMINISTRACION TERRITORIAL,Gobierno Autónomo Municipal de Vallegrande,11129.300000000047
2026-09-10,ADMINISTRACION TERRITORIAL,Gobierno Autónomo Municipal de Viacha,13728.0
2026-09-10,ADMINISTRACION TERRITORIAL,Gobierno Autónomo Municipal de Villa Alcalá,41777.39000000001
2026-09-10,ADMINISTRACION TERRITORIAL,Gobierno Autónomo Municipal de Villa Azurduy,46120.270000000004
2026-09-10,ADMINISTRACION TERRITORIAL,Gobierno Autónomo Municipal de Villa Charcas,41548.71999999997
2026-09-10,ADMINISTRACION TERRITORIAL,Gobierno Autónomo Municipal de Villa Libertad Licoma,972.62
2026-09-10,ADMINISTRACION TERRITORIAL,Gobierno Autónomo Municipal de Villa Mojocoya,24700.0
2026-09-10,ADMINISTRACION TERRITORIAL,Gobierno Autónomo Municipal de Villa Rivero,8280.0
2026-09-10,ADMINISTRACION TERRITORIAL,Gobierno Autónomo Municipal de Villa Tunari,1356534.5399999998
2026-09-10,ADMINISTRACION TERRITORIAL,Gobierno Autónomo Municipal de Villa Vaca Guzmán,45613.0
2026-09-10,ADMINISTRACION TERRITORIAL,Gobierno Autónomo Municipal de Villa Zudañez (Tacopaya),17130.4
2026-09-10,ADMINISTRACION TERRITORIAL,Gobierno Autónomo Municipal de Villamontes,43820.04
2026-09-10,ADMINISTRACION TERRITORIAL,Gobierno Autónomo Municipal de Villazón,120073.67000000001
2026-09-10,ADMINISTRACION TERRITORIAL,Gobierno Autónomo Municipal de Vinto,158626.58
2026-09-10,ADMINISTRACION TERRITORIAL,Gobierno Autónomo Municipal de Vitichi,131065.46000000008
2026-09-10,ADMINISTRACION TERRITORIAL,Gobierno Autónomo Municipal de Waldo Ballivián,44435.0
2026-09-10,ADMINISTRACION TERRITORIAL,Gobierno Autónomo Municipal de Warnes,4974910.450000002
2026-09-10,ADMINISTRACION TERRITORIAL,Gobierno Autónomo Municipal de Yacuiba,194795.44
2026-09-10,ADMINISTRACION TERRITORIAL,Gobierno Autónomo Municipal de Yanacachi,7571.430000000008
2026-09-10,ADMINISTRACION TERRITORIAL,Gobierno Autónomo Municipal de Yapacaní,81966.29
2026-09-10,ADMINISTRACION TERRITORIAL,Gobierno Autónomo Municipal de Yocalla,13040.5
2026-09-10,ADMINISTRACION TERRITORIAL,Gobierno Autónomo Municipal de Yotala,71574.25
2026-09-10,ADMINISTRACION TERRITORIAL,Gobierno Autónomo Regional del Gran Chaco,64466.1
2026-09-10,ADMINISTRACION TERRITORIAL,Gobierno Indígena Autónomo del Territorio Indígena Multiétnico,7800.0
2026-09-10,EMPRESAS PÚBLICAS,Agencia Boliviana Espacial,3936253.0999999978
2026-09-10,EMPRESAS PÚBLICAS,Bolivia TV,65365.59999999999
2026-09-10,EMPRESAS PÚBLICAS,Boliviana de Aviación,37360067.089999996
2026-09-10,EMPRESAS PÚBLICAS,Corporación de las Fuerzas Armadas p/ el Des. Nacional,49478.94999999998
2026-09-10,EMPRESAS PÚBLICAS,Depósitos Aduaneros Bolivianos,37784.29
2026-09-10,EMPRESAS PÚBLICAS,EMPRESA MUNICIPAL AUTONOMA DE AGUA POTABLE Y ALCANTARILLADO  DE YACUIBA,248298.2199999998
2026-09-10,EMPRESAS PÚBLICAS,EMPRESA MUNICIPAL DE AGUA POTABLE Y ALCANTARILLADO VIACHA,2010.0
2026-09-10,EMPRESAS PÚBLICAS,EMPRESA MUNICIPAL DE AREAS VERDES SUCRE,16000.0
2026-09-10,EMPRESAS PÚBLICAS,EMPRESA MUNICIPAL DE DISTRIBUCION DE ENERGIA ELECTRICA LLALLAGUA,11206.0
2026-09-10,EMPRESAS PÚBLICAS,EMPRESA MUNICIPAL FABRICA DE JOYAS,7729.37
2026-09-10,EMPRESAS PÚBLICAS,EMPRESA PUBLICA MUNICIPAL DE SERVICIOS DE AGUA Y ALCANTARRILLADO SANITARIO DE COBIJA,164979.0
2026-09-10,EMPRESAS PÚBLICAS,Empresa Azucarera San Buenaventura,13209.659999999998
2026-09-10,EMPRESAS PÚBLICAS,Empresa Boliviana de Alimentos y Derivados,734693.7199999988
2026-09-10,EMPRESAS PÚBLICAS,Empresa Boliviana de Industrializacion de Hidrocarburos,68919.51000000001
2026-09-10,EMPRESAS PÚBLICAS,Empresa Estratégica Boliviana de Construcción y Conservación de Infraestructura Civil,3064.0999999999995
2026-09-10,EMPRESAS PÚBLICAS,Empresa Municipal de Agua Potable y Alcantarillado Sacaba,368347.57000000007
2026-09-10,EMPRESAS PÚBLICAS,Empresa Municipal de Areas Verdes y Recreación alternativa,427706.5600000001
2026-09-10,EMPRESAS PÚBLICAS,Empresa Municipal de Asfaltos y Vías,69375.99999999999
2026-09-10,EMPRESAS PÚBLICAS,Empresa Municipal de Servicio de Aseo ,412093.2599999996
2026-09-10,EMPRESAS PÚBLICAS,Empresa Nacional de Ferrocarriles - Residual,99919.01000000001
2026-09-10,EMPRESAS PÚBLICAS,Empresa Naviera Boliviana,150.0
2026-09-10,EMPRESAS PÚBLICAS,"Empresa Pública ""Editorial del Estado Plurinacional de Bolivia""",36176.80000000001
2026-09-10,EMPRESAS PÚBLICAS,Empresa Pública Nacional Estratégica de Yacimientos de Litio Bolivianos,116180.96999999997
2026-09-10,EMPRESAS PÚBLICAS,Empresa Pública Transporte Aéreo Militar ,13995.439999999999
2026-09-10,EMPRESAS PÚBLICAS,Empresa Tarijeña del Gas,33315.0
2026-09-10,EMPRESAS PÚBLICAS,Empresa de Apoyo a la Producción de Alimentos,1929050.099999999
2026-09-10,EMPRESAS PÚBLICAS,Gestora Pública de la Seguridad Social de Largo Plazo,136088.72000000015
2026-09-10,EMPRESAS PÚBLICAS,Servicio Local de Acueductos y Alcantarillado - Oruro,175601.9800000001
2026-09-10,EMPRESAS PÚBLICAS,Servicio Municipal de Agua Potable y Alcantarillado,452282.4
2026-09-10,EMPRESAS PÚBLICAS,Transportes Aéreos Bolivianos,526.0
2026-09-10,EMPRESAS PÚBLICAS,Yacimientos Petrolíferos Fiscales Bolivianos,64543701.599999994
2026-09-10,INSTITUCIONES DE CONTROL Y DEFENSA DEL ESTADO,Contraloria General del Estado,54709.81999999998
2026-09-10,INSTITUCIONES DE CONTROL Y DEFENSA DEL ESTADO,Defensoria del Pueblo,139702.87000000002
2026-09-10,INSTITUCIONES DE CONTROL Y DEFENSA DEL ESTADO,Ministerio Público,66117.44000000002
2026-09-10,INSTITUCIONES DE SEGURIDAD SOCIAL,Caja Bancaria Estatal de Salud,25517.73000000001
2026-09-10,INSTITUCIONES DE SEGURIDAD SOCIAL,Caja de Salud del Servicio Nal. de Caminos y Ramas Anexas,390237.68000000063
2026-09-10,INSTITUCIONES DE SEGURIDAD SOCIAL,Seguro Social Universitario de Sucre,2790.0
2026-09-10,INSTITUCIONES FINANCIERAS NO BANCARIAS,Fondo Nacional de Desarrollo Regional,930.0
2026-09-10,INSTITUCIONES FINANCIERAS NO BANCARIAS,Fondo de Desarrollo del Sist.Fin. y Apoyo al Sec.Productivo,20477.19
2026-09-10,INSTITUCIONES PÚBLICAS DESCENTRALIZADAS,Administradora Boliviana de Carreteras,2419705.329999999
2026-09-10,INSTITUCIONES PÚBLICAS DESCENTRALIZADAS,Aduana Nacional,254032.5999999999
2026-09-10,INSTITUCIONES PÚBLICAS DESCENTRALIZADAS,"Agencia Boliviana de Correos ""Correos de Bolivia""",7589.100000000006
2026-09-10,INSTITUCIONES PÚBLICAS DESCENTRALIZADAS,Agencia Boliviana de Energía Nuclear,826.7799999999988
2026-09-10,INSTITUCIONES PÚBLICAS DESCENTRALIZADAS,Agencia Estatal de Vivienda,1045831.86
2026-09-10,INSTITUCIONES PÚBLICAS DESCENTRALIZADAS,Agencia Nacional de Hidrocarburos,150541.5
2026-09-10,INSTITUCIONES PÚBLICAS DESCENTRALIZADAS,Agencia de Gobierno Electrónico y Tecnologías de Información y Comunicación,113698.05
2026-09-10,INSTITUCIONES PÚBLICAS DESCENTRALIZADAS,Agencia de Infraestructura en Salud y Equipamiento Médico,101712.81999999999
2026-09-10,INSTITUCIONES PÚBLICAS DESCENTRALIZADAS,Autoridad Jurisdiccional Administrativa Minera,118132.99
2026-09-10,INSTITUCIONES PÚBLICAS DESCENTRALIZADAS,Autoridad de Fisc y Ctrol Soc de Agua Potable Saneam.Básico,15468.7
2026-09-10,INSTITUCIONES PÚBLICAS DESCENTRALIZADAS,Autoridad de Fiscalizac. y Control Soc de Bosques y Tierras,80305.44000000009
2026-09-10,INSTITUCIONES PÚBLICAS DESCENTRALIZADAS,Autoridad de Fiscalización de Electricidad y Tecnología Nuclear,303820.53
2026-09-10,INSTITUCIONES PÚBLICAS DESCENTRALIZADAS,Autoridad de Fiscalización de Empresas,8233.0
2026-09-10,INSTITUCIONES PÚBLICAS DESCENTRALIZADAS,Autoridad de Fiscalización del Juego,22879.569999999716
2026-09-10,INSTITUCIONES PÚBLICAS DESCENTRALIZADAS,Autoridad de Impugnación Tributaria,20659.800000000003
2026-09-10,INSTITUCIONES PÚBLICAS DESCENTRALIZADAS,Autoridad de Supervisión de la Seguridad Social de Corto Plazo,47753.100000000006
2026-09-10,INSTITUCIONES PÚBLICAS DESCENTRALIZADAS,Autoridad de Supervisión del Sistema Financiero,62150.289999999935
2026-09-10,INSTITUCIONES PÚBLICAS DESCENTRALIZADAS,Centro Internacional de la Quinua,1500.0
2026-09-10,INSTITUCIONES PÚBLICAS DESCENTRALIZADAS,Centro de Investigación Agrícola Tropical,29179.96
2026-09-10,INSTITUCIONES PÚBLICAS DESCENTRALIZADAS,Comité Ejecutivo de la Universidad Boliviana,3484.0
2026-09-10,INSTITUCIONES PÚBLICAS DESCENTRALIZADAS,Despacho de Gestión Social de Su Excelencia,164522.98
2026-09-10,INSTITUCIONES PÚBLICAS DESCENTRALIZADAS,Direc. Dptal. de Educación La Paz,446318.77999999997
2026-09-10,INSTITUCIONES PÚBLICAS DESCENTRALIZADAS,Direc. Dptal. de Educación Oruro,2511.8
2026-09-10,INSTITUCIONES PÚBLICAS DESCENTRALIZADAS,Direc. Dptal. de Educación Pando,6995.0
2026-09-10,INSTITUCIONES PÚBLICAS DESCENTRALIZADAS,Direc. Dptal. de Educación Tarija,3197.790000000001
2026-09-10,INSTITUCIONES PÚBLICAS DESCENTRALIZADAS,Dirección del Notariado Plurinacional,24500.149999999994
2026-09-10,INSTITUCIONES PÚBLICAS DESCENTRALIZADAS,ENTIDAD DESCENTRALIZADA MUNICIPAL DE CEMENTERIOS DE LA PAZ,2525.0
2026-09-10,INSTITUCIONES PÚBLICAS DESCENTRALIZADAS,ENTIDAD DESCENTRALIZADA TERMINAL METROPOLITANA EL ALTO,4924.239999999991
2026-09-10,INSTITUCIONES PÚBLICAS DESCENTRALIZADAS,ENTIDAD MATADERO FRIGORIFICO MUNICIPAL DE TARIJA,13760.0
2026-09-10,INSTITUCIONES PÚBLICAS DESCENTRALIZADAS,ENTIDAD MUNICIPAL DE ASEO POTOSI,11440.0
2026-09-10,INSTITUCIONES PÚBLICAS DESCENTRALIZADAS,ENTIDAD OBRAS PUBLICAS MUNICIPALES DE TARIJA,72246.0
2026-09-10,INSTITUCIONES PÚBLICAS DESCENTRALIZADAS,ENTIDAD ORDENAMIENTO TERRITORIAL DE TARIJA,2165.0699999999997
2026-09-10,INSTITUCIONES PÚBLICAS DESCENTRALIZADAS,Entidad Descentralizada UMMIPRE PROMAN,773693.1300000002
2026-09-10,INSTITUCIONES PÚBLICAS DESCENTRALIZADAS,Entidad Ejecutora de Medio Ambiente y Agua,788557.02
2026-09-10,INSTITUCIONES PÚBLICAS DESCENTRALIZADAS,Entidad de Servicios Integrales de Acceso a la Justicia,8000.0
2026-09-10,INSTITUCIONES PÚBLICAS DESCENTRALIZADAS,Escuela Militar de Ingeniería,256164.48
2026-09-10,INSTITUCIONES PÚBLICAS DESCENTRALIZADAS,Escuela de Gestión Pública Plurinacional,34475.11
2026-09-10,INSTITUCIONES PÚBLICAS DESCENTRALIZADAS,Escuela de Jueces del Estado,44891.51
2026-09-10,INSTITUCIONES PÚBLICAS DESCENTRALIZADAS,Fondo Nacional de Desarrollo Forestal,40875.0
2026-09-10,INSTITUCIONES PÚBLICAS DESCENTRALIZADAS,Fondo Nacional de Inversión Productiva y Social,71096.18
2026-09-10,INSTITUCIONES PÚBLICAS DESCENTRALIZADAS,Fundación Cultural del Banco Central de Bolivia,52979.54
2026-09-10,INSTITUCIONES PÚBLICAS DESCENTRALIZADAS,Instituto Nacional de Estadística,1818145.8999999997
2026-09-10,INSTITUCIONES PÚBLICAS DESCENTRALIZADAS,Instituto Nacional de Innovación Agropecuaria y Forestal,16523.32
2026-09-10,INSTITUCIONES PÚBLICAS DESCENTRALIZADAS,Instituto Nacional de Reforma Agraria,3384.5600000000013
2026-09-10,INSTITUCIONES PÚBLICAS DESCENTRALIZADAS,Instituto Nacional de Salud Ocupacional,6735.610000000001
2026-09-10,INSTITUCIONES PÚBLICAS DESCENTRALIZADAS,Instituto Plurinacional de Estudio de Lenguas y Culturas,25024.82
2026-09-10,INSTITUCIONES PÚBLICAS DESCENTRALIZADAS,Instituto del Seguro Agrario,25666.550000000003
2026-09-10,INSTITUCIONES PÚBLICAS DESCENTRALIZADAS,Lotería Nacional de Beneficencia y Salubridad,47168.25
2026-09-10,INSTITUCIONES PÚBLICAS DESCENTRALIZADAS,Mutual de Servicios al Policía,617450.0
2026-09-10,INSTITUCIONES PÚBLICAS DESCENTRALIZADAS,NUEVA VIDA SANTA CRUZ,226.92000000000007
2026-09-10,INSTITUCIONES PÚBLICAS DESCENTRALIZADAS,Navegación Aérea y Aeropuertos Bolivianos ,179768.08999999985
2026-09-10,INSTITUCIONES PÚBLICAS DESCENTRALIZADAS,Oficina Técnica Nacional de los Ríos Pilcomayo y Bermejo,3178.7999999999884
2026-09-10,INSTITUCIONES PÚBLICAS DESCENTRALIZADAS,Servicio General de Identificación Personal,12112.100000000008
2026-09-10,INSTITUCIONES PÚBLICAS DESCENTRALIZADAS,Servicio Geológico Minero ,18000.0
2026-09-10,INSTITUCIONES PÚBLICAS DESCENTRALIZADAS,Servicio Nacional Textil,45404.19999999985
2026-09-10,INSTITUCIONES PÚBLICAS DESCENTRALIZADAS,Servicio Nacional de Hidrografía Naval,2765.4000000000015
2026-09-10,INSTITUCIONES PÚBLICAS DESCENTRALIZADAS,Servicio Nacional de Meteorología e Hidrología,3553.0
2026-09-10,INSTITUCIONES PÚBLICAS DESCENTRALIZADAS,Servicio de Desarrollo de las Empresas Púb. Productivas,3634142.9399999995
2026-09-10,INSTITUCIONES PÚBLICAS DESCENTRALIZADAS,Servicio de Impuestos Nacionales,1644615.6800000002
2026-09-10,INSTITUCIONES PÚBLICAS DESCENTRALIZADAS,Unidad de Comunicación Estratégica del Estado Plurinacional de Bolivia,1672.0
2026-09-10,INSTITUCIONES PÚBLICAS DESCENTRALIZADAS,Unidad de Investigaciones Financieras,18385.17
2026-09-10,INSTITUCIONES PÚBLICAS DESCENTRALIZADAS,Vías Bolivia,165327.79
2026-09-10,ORGANOS DEL ESTADO PLURINACIONAL,Asamblea Legislativa Plurinacional,36685.0
2026-09-10,ORGANOS DEL ESTADO PLURINACIONAL,Ministerio de Defensa,1108470.82
2026-09-10,ORGANOS DEL ESTADO PLURINACIONAL,"Ministerio de Desarrollo Productivo, Rural y Agua",1589129.5100000007
2026-09-10,ORGANOS DEL ESTADO PLURINACIONAL,Ministerio de Economía y Finanzas Públicas,287407.79000000004
2026-09-10,ORGANOS DEL ESTADO PLURINACIONAL,Ministerio de Educación,218766.1199999993
2026-09-10,ORGANOS DEL ESTADO PLURINACIONAL,Ministerio de Gobierno,5853764.6899999995
2026-09-10,ORGANOS DEL ESTADO PLURINACIONAL,Ministerio de Hidrocarburos y Energías,188863.50000000003
2026-09-10,ORGANOS DEL ESTADO PLURINACIONAL,"Ministerio de Obras Públicas, Servicios y Vivienda",280225.45999999996
2026-09-10,ORGANOS DEL ESTADO PLURINACIONAL,Ministerio de Relaciones Exteriores,167219.31
2026-09-10,ORGANOS DEL ESTADO PLURINACIONAL,Ministerio de Salud y Deportes ,9341162.57
2026-09-10,ORGANOS DEL ESTADO PLURINACIONAL,"Ministerio de Trabajo, Empleo y Previsión Social",181007.9
2026-09-10,ORGANOS DEL ESTADO PLURINACIONAL,Ministerio de la Presidencia,651155.75
2026-09-10,ORGANOS DEL ESTADO PLURINACIONAL,Órgano Electoral Plurinacional,332116.93999999994
2026-09-10,ORGANOS DEL ESTADO PLURINACIONAL,Órgano Judicial,852073.4099999999
2026-09-10,UNIVERSIDADES PÚBLICAS,Universidad Amazónica de Pando,76606.66999999995
2026-09-10,UNIVERSIDADES PÚBLICAS,Universidad Autónoma Gabriel René Moreno,1403676.9400000002
2026-09-10,UNIVERSIDADES PÚBLICAS,Universidad Autónoma Juan Misael Saracho,235663.9
2026-09-10,UNIVERSIDADES PÚBLICAS,Universidad Autónoma Tomás Frías,31490.0
2026-09-10,UNIVERSIDADES PÚBLICAS,Universidad Autónoma del Beni José Ballivián,70409.75000000079
2026-09-10,UNIVERSIDADES PÚBLICAS,Universidad Mayor Real y Pontificia de San Francisco Xavier,61277.57999999999
2026-09-10,UNIVERSIDADES PÚBLICAS,Universidad Mayor de San Andrés,768895.9
2026-09-10,UNIVERSIDADES PÚBLICAS,Universidad Mayor de San Simón,8592671.770000001
2026-09-10,UNIVERSIDADES PÚBLICAS,Universidad Pública de El Alto,11167058.040000005
2026-09-10,UNIVERSIDADES PÚBLICAS,Universidad Técnica de Oruro,25456.37
2026-09-11,ADMINISTRACION TERRITORIAL,Autonomía del Territorio Indígena Originario Campesino Guaraní Chaqueño de Huacaya,1306165.32
2026-09-11,ADMINISTRACION TERRITORIAL,GAIOC de Charagua Iyambae,26848378.73
2026-09-11,ADMINISTRACION TERRITORIAL,GAIOC de la Nación Originaria Uru Chipaya,1929182.35
2026-09-11,ADMINISTRACION TERRITORIAL,Gobierno Autónomo Departamental de Chuquisaca,441262303.16
2026-09-11,ADMINISTRACION TERRITORIAL,Gobierno Autónomo Departamental de Cochabamba,641171369.62
2026-09-11,ADMINISTRACION TERRITORIAL,Gobierno Autónomo Departamental de La Paz,923384078.86
2026-09-11,ADMINISTRACION TERRITORIAL,Gobierno Autónomo Departamental de Oruro,306384162.57
2026-09-11,ADMINISTRACION TERRITORIAL,Gobierno Autónomo Departamental de Pando,136319155.53
2026-09-11,ADMINISTRACION TERRITORIAL,Gobierno Autónomo Departamental de Potosí,705345623.28
2026-09-11,ADMINISTRACION TERRITORIAL,Gobierno Autónomo Departamental de Santa Cruz,1114030341.8700001
2026-09-11,ADMINISTRACION TERRITORIAL,Gobierno Autónomo Departamental de Tarija,386961937.28000003
2026-09-11,ADMINISTRACION TERRITORIAL,Gobierno Autónomo Departamental del Beni,316811522.15000004
2026-09-11,ADMINISTRACION TERRITORIAL,Gobierno Autónomo Indígena Guaraní Kereimba Iyaambae,4150182.25
2026-09-11,ADMINISTRACION TERRITORIAL,Gobierno Autónomo Indígena Originario Campesino de Salinas,7224095.33
2026-09-11,ADMINISTRACION TERRITORIAL,Gobierno Autónomo Indígena Originario Campesino de la Autonomía Originaria del Jatún Ayllu Yura,3796857.56
2026-09-11,ADMINISTRACION TERRITORIAL,Gobierno Autónomo Indígena Originario Campesino del Territorio de Raqaypampa,4469973.94
2026-09-11,ADMINISTRACION TERRITORIAL,Gobierno Autónomo Municipal Ecológico Productivo de Achocalla,47040334.97
2026-09-11,ADMINISTRACION TERRITORIAL,Gobierno Autónomo Municipal Villa Gualberto Villarroel,2043626.54
2026-09-11,ADMINISTRACION TERRITORIAL,Gobierno Autónomo Municipal de Acasio,2571902.37
2026-09-11,ADMINISTRACION TERRITORIAL,Gobierno Autónomo Municipal de Achacachi,28121044.73
2026-09-11,ADMINISTRACION TERRITORIAL,Gobierno Autónomo Municipal de Aiquile,15545673.9
2026-09-11,ADMINISTRACION TERRITORIAL,Gobierno Autónomo Municipal de Alalay,2482831.34
2026-09-11,ADMINISTRACION TERRITORIAL,Gobierno Autónomo Municipal de Alto Beni,5630939.41
2026-09-11,ADMINISTRACION TERRITORIAL,Gobierno Autónomo Municipal de Ancoraimes,10852851.78
2026-09-11,ADMINISTRACION TERRITORIAL,Gobierno Autónomo Municipal de Andamarca (Santiago de Andamarca),4039625.31
2026-09-11,ADMINISTRACION TERRITORIAL,Gobierno Autónomo Municipal de Antequera,4865445.3
2026-09-11,ADMINISTRACION TERRITORIAL,Gobierno Autónomo Municipal de Anzaldo,3434870.75
2026-09-11,ADMINISTRACION TERRITORIAL,Gobierno Autónomo Municipal de Apolo,8460333.94
2026-09-11,ADMINISTRACION TERRITORIAL,Gobierno Autónomo Municipal de Arampampa,2158624.76
2026-09-11,ADMINISTRACION TERRITORIAL,Gobierno Autónomo Municipal de Arani,6670897.49
2026-09-11,ADMINISTRACION TERRITORIAL,Gobierno Autónomo Municipal de Arbieto,21438412.38
2026-09-11,ADMINISTRACION TERRITORIAL,Gobierno Autónomo Municipal de Arque,6338520.6
2026-09-11,ADMINISTRACION TERRITORIAL,Gobierno Autónomo Municipal de Ascención de Guarayos,24206862.18
2026-09-11,ADMINISTRACION TERRITORIAL,Gobierno Autónomo Municipal de Atocha,10739318.46
2026-09-11,ADMINISTRACION TERRITORIAL,Gobierno Autónomo Municipal de Aucapata,5160853.45
2026-09-11,ADMINISTRACION TERRITORIAL,Gobierno Autónomo Municipal de Ayata,3208226.61
2026-09-11,ADMINISTRACION TERRITORIAL,Gobierno Autónomo Municipal de Ayo Ayo,5984802.17
2026-09-11,ADMINISTRACION TERRITORIAL,Gobierno Autónomo Municipal de Batallas,19716752.6
2026-09-11,ADMINISTRACION TERRITORIAL,Gobierno Autónomo Municipal de Baures,7718327.13
2026-09-11,ADMINISTRACION TERRITORIAL,Gobierno Autónomo Municipal de Bella Flor,7762804.94
2026-09-11,ADMINISTRACION TERRITORIAL,Gobierno Autónomo Municipal de Belén de Andamarca,1934005.54
2026-09-11,ADMINISTRACION TERRITORIAL,Gobierno Autónomo Municipal de Bermejo,43871196.75
2026-09-11,ADMINISTRACION TERRITORIAL,Gobierno Autónomo Municipal de Betanzos,17750894.18
2026-09-11,ADMINISTRACION TERRITORIAL,Gobierno Autónomo Municipal de Bolivar,3698269.0
2026-09-11,ADMINISTRACION TERRITORIAL,Gobierno Autónomo Municipal de Bolpebra,2461723.6
2026-09-11,ADMINISTRACION TERRITORIAL,Gobierno Autónomo Municipal de Boyuibe,4628087.0
2026-09-11,ADMINISTRACION TERRITORIAL,Gobierno Autónomo Municipal de Buena Vista,11821335.8
2026-09-11,ADMINISTRACION TERRITORIAL,Gobierno Autónomo Municipal de Cabezas,32148801.5
2026-09-11,ADMINISTRACION TERRITORIAL,Gobierno Autónomo Municipal de Cairoma,5161388.43
2026-09-11,ADMINISTRACION TERRITORIAL,"Gobierno Autónomo Municipal de Caiza ""D""",7371005.16
2026-09-11,ADMINISTRACION TERRITORIAL,Gobierno Autónomo Municipal de Cajuata,10936676.63
2026-09-11,ADMINISTRACION TERRITORIAL,Gobierno Autónomo Municipal de Calacoto,5704876.7
2026-09-11,ADMINISTRACION TERRITORIAL,Gobierno Autónomo Municipal de Calamarca,14773701.99
2026-09-11,ADMINISTRACION TERRITORIAL,Gobierno Autónomo Municipal de Camargo,10410457.12
2026-09-11,ADMINISTRACION TERRITORIAL,Gobierno Autónomo Municipal de Camataqui (Villa Abecia),2786202.25
2026-09-11,ADMINISTRACION TERRITORIAL,Gobierno Autónomo Municipal de Camiri,25145112.94
2026-09-11,ADMINISTRACION TERRITORIAL,Gobierno Autónomo Municipal de Capinota,11576328.19
2026-09-11,ADMINISTRACION TERRITORIAL,Gobierno Autónomo Municipal de Caquiaviri,7784620.34
2026-09-11,ADMINISTRACION TERRITORIAL,Gobierno Autónomo Municipal de Carabuco,7481462.53
2026-09-11,ADMINISTRACION TERRITORIAL,Gobierno Autónomo Municipal de Caracollo,15230891.450000001
2026-09-11,ADMINISTRACION TERRITORIAL,Gobierno Autónomo Municipal de Caranavi,27878370.4
2026-09-11,ADMINISTRACION TERRITORIAL,Gobierno Autónomo Municipal de Carangas,1315362.25
2026-09-11,ADMINISTRACION TERRITORIAL,Gobierno Autónomo Municipal de Caraparí,24472668.24
2026-09-11,ADMINISTRACION TERRITORIAL,Gobierno Autónomo Municipal de Caripuyo,4219799.8
2026-09-11,ADMINISTRACION TERRITORIAL,Gobierno Autónomo Municipal de Catacora,2108781.55
2026-09-11,ADMINISTRACION TERRITORIAL,Gobierno Autónomo Municipal de Chacarilla,1132379.15
2026-09-11,ADMINISTRACION TERRITORIAL,Gobierno Autónomo Municipal de Challapata,24819364.88
2026-09-11,ADMINISTRACION TERRITORIAL,Gobierno Autónomo Municipal de Chaqui,5663632.49
2026-09-11,ADMINISTRACION TERRITORIAL,Gobierno Autónomo Municipal de Charaña,2344079.12
2026-09-11,ADMINISTRACION TERRITORIAL,Gobierno Autónomo Municipal de Chayanta,8975768.85
2026-09-11,ADMINISTRACION TERRITORIAL,Gobierno Autónomo Municipal de Chimoré,23458797.259999998
2026-09-11,ADMINISTRACION TERRITORIAL,Gobierno Autónomo Municipal de Choquecota,1618520.45
2026-09-11,ADMINISTRACION TERRITORIAL,Gobierno Autónomo Municipal de Chua Cocani,2707566.68
2026-09-11,ADMINISTRACION TERRITORIAL,Gobierno Autónomo Municipal de Chulumani (Villa de la Libertad),17960269.419999998
2026-09-11,ADMINISTRACION TERRITORIAL,Gobierno Autónomo Municipal de Chuma,7804834.21
2026-09-11,ADMINISTRACION TERRITORIAL,Gobierno Autónomo Municipal de Chuquihuta Ayllu Jucumani,4627260.74
2026-09-11,ADMINISTRACION TERRITORIAL,Gobierno Autónomo Municipal de Ckochas,6022667.6
2026-09-11,ADMINISTRACION TERRITORIAL,Gobierno Autónomo Municipal de Cliza,15180173.72
2026-09-11,ADMINISTRACION TERRITORIAL,Gobierno Autónomo Municipal de Cobija,75563089.33
2026-09-11,ADMINISTRACION TERRITORIAL,Gobierno Autónomo Municipal de Cocapata,18157577.44
2026-09-11,ADMINISTRACION TERRITORIAL,Gobierno Autónomo Municipal de Cochabamba,1036611025.9
2026-09-11,ADMINISTRACION TERRITORIAL,Gobierno Autónomo Municipal de Coipasa,2482204.36
2026-09-11,ADMINISTRACION TERRITORIAL,Gobierno Autónomo Municipal de Colcapirhua,68937295.92
2026-09-11,ADMINISTRACION TERRITORIAL,"Gobierno Autónomo Municipal de Colcha""K"" (Villa Martín)",29816041.88
2026-09-11,ADMINISTRACION TERRITORIAL,Gobierno Autónomo Municipal de Collana,5165347.17
2026-09-11,ADMINISTRACION TERRITORIAL,Gobierno Autónomo Municipal de Colomi,14783360.34
2026-09-11,ADMINISTRACION TERRITORIAL,Gobierno Autónomo Municipal de Colpa Bélgica,12937148.93
2026-09-11,ADMINISTRACION TERRITORIAL,Gobierno Autónomo Municipal de Colquechaca,9540920.51
2026-09-11,ADMINISTRACION TERRITORIAL,Gobierno Autónomo Municipal de Colquencha,7005507.56
2026-09-11,ADMINISTRACION TERRITORIAL,Gobierno Autónomo Municipal de Colquiri,16733488.06
2026-09-11,ADMINISTRACION TERRITORIAL,Gobierno Autónomo Municipal de Comanche,2487950.65
2026-09-11,ADMINISTRACION TERRITORIAL,Gobierno Autónomo Municipal de Comarapa,14365195.71
2026-09-11,ADMINISTRACION TERRITORIAL,Gobierno Autónomo Municipal de Combaya,2029947.69
2026-09-11,ADMINISTRACION TERRITORIAL,Gobierno Autónomo Municipal de Concepción,22301085.33
2026-09-11,ADMINISTRACION TERRITORIAL,Gobierno Autónomo Municipal de Copacabana,6396808.18
2026-09-11,ADMINISTRACION TERRITORIAL,Gobierno Autónomo Municipal de Coripata,12004306.8
2026-09-11,ADMINISTRACION TERRITORIAL,Gobierno Autónomo Municipal de Corocoro,3603928.7800000003
2026-09-11,ADMINISTRACION TERRITORIAL,Gobierno Autónomo Municipal de Coroico,12535193.67
2026-09-11,ADMINISTRACION TERRITORIAL,Gobierno Autónomo Municipal de Corque,8044123.05
2026-09-11,ADMINISTRACION TERRITORIAL,Gobierno Autónomo Municipal de Cotagaita,14315395.45
2026-09-11,ADMINISTRACION TERRITORIAL,Gobierno Autónomo Municipal de Cotoca,108352226.65
2026-09-11,ADMINISTRACION TERRITORIAL,Gobierno Autónomo Municipal de Cruz de Machacamarca,2108865.59
2026-09-11,ADMINISTRACION TERRITORIAL,Gobierno Autónomo Municipal de Cuatro Cañadas,28468568.3
2026-09-11,ADMINISTRACION TERRITORIAL,Gobierno Autónomo Municipal de Cuevo,3242376.79
2026-09-11,ADMINISTRACION TERRITORIAL,Gobierno Autónomo Municipal de Culpina,15396929.52
2026-09-11,ADMINISTRACION TERRITORIAL,Gobierno Autónomo Municipal de Curahuara de Carangas,3521530.62
2026-09-11,ADMINISTRACION TERRITORIAL,Gobierno Autónomo Municipal de Curva,3445912.08
2026-09-11,ADMINISTRACION TERRITORIAL,Gobierno Autónomo Municipal de Desaguadero,4897495.7299999995
2026-09-11,ADMINISTRACION TERRITORIAL,Gobierno Autónomo Municipal de El Alto de La Paz,840282387.0
2026-09-11,ADMINISTRACION TERRITORIAL,Gobierno Autónomo Municipal de El Carmen Rivero Tórrez,7766022.36
2026-09-11,ADMINISTRACION TERRITORIAL,Gobierno Autónomo Municipal de El Choro,3204655.05
2026-09-11,ADMINISTRACION TERRITORIAL,Gobierno Autónomo Municipal de El Puente,11709310.24
2026-09-11,ADMINISTRACION TERRITORIAL,Gobierno Autónomo Municipal de El Puente,12043036.33
2026-09-11,ADMINISTRACION TERRITORIAL,Gobierno Autónomo Municipal de El Torno,57526305.73
2026-09-11,ADMINISTRACION TERRITORIAL,Gobierno Autónomo Municipal de El Villar,4788113.27
2026-09-11,ADMINISTRACION TERRITORIAL,Gobierno Autónomo Municipal de Entre Rios,29491891.02
2026-09-11,ADMINISTRACION TERRITORIAL,Gobierno Autónomo Municipal de Entre Ríos,15540846.29
2026-09-11,ADMINISTRACION TERRITORIAL,Gobierno Autónomo Municipal de Escara,3995017.75
2026-09-11,ADMINISTRACION TERRITORIAL,Gobierno Autónomo Municipal de Escoma,2536747.84
2026-09-11,ADMINISTRACION TERRITORIAL,Gobierno Autónomo Municipal de Esmeralda,1975867.92
2026-09-11,ADMINISTRACION TERRITORIAL,Gobierno Autónomo Municipal de Eucaliptus,3472908.83
2026-09-11,ADMINISTRACION TERRITORIAL,Gobierno Autónomo Municipal de Exaltación,5377700.66
2026-09-11,ADMINISTRACION TERRITORIAL,Gobierno Autónomo Municipal de Fernández Alonso,10952056.97
2026-09-11,ADMINISTRACION TERRITORIAL,Gobierno Autónomo Municipal de Filadelfia,6710255.55
2026-09-11,ADMINISTRACION TERRITORIAL,Gobierno Autónomo Municipal de General Agustín Saavedra,22233247.99
2026-09-11,ADMINISTRACION TERRITORIAL,Gobierno Autónomo Municipal de General Juan José Pérez (Charazani),9248623.03
2026-09-11,ADMINISTRACION TERRITORIAL,Gobierno Autónomo Municipal de Guanay,12230140.58
2026-09-11,ADMINISTRACION TERRITORIAL,Gobierno Autónomo Municipal de Guaqui,4809536.91
2026-09-11,ADMINISTRACION TERRITORIAL,Gobierno Autónomo Municipal de Huacaraje,3460474.39
2026-09-11,ADMINISTRACION TERRITORIAL,Gobierno Autónomo Municipal de Huachacalla,2001985.25
2026-09-11,ADMINISTRACION TERRITORIAL,Gobierno Autónomo Municipal de Huanuni,16950345.33
2026-09-11,ADMINISTRACION TERRITORIAL,Gobierno Autónomo Municipal de Huarina,8622351.49
2026-09-11,ADMINISTRACION TERRITORIAL,Gobierno Autónomo Municipal de Huatajata,3747649.93
2026-09-11,ADMINISTRACION TERRITORIAL,Gobierno Autónomo Municipal de Huayllamarca (Santiago de Huayllamarca),3855991.5100000002
2026-09-11,ADMINISTRACION TERRITORIAL,Gobierno Autónomo Municipal de Humanata,4442849.82
2026-09-11,ADMINISTRACION TERRITORIAL,Gobierno Autónomo Municipal de Ichoca,6022076.6
2026-09-11,ADMINISTRACION TERRITORIAL,Gobierno Autónomo Municipal de Icla,5928287.72
2026-09-11,ADMINISTRACION TERRITORIAL,Gobierno Autónomo Municipal de Incahuasi,9738144.97
2026-09-11,ADMINISTRACION TERRITORIAL,Gobierno Autónomo Municipal de Independencia,17321110.59
2026-09-11,ADMINISTRACION TERRITORIAL,Gobierno Autónomo Municipal de Ingavi (Humaita),1423857.75
2026-09-11,ADMINISTRACION TERRITORIAL,Gobierno Autónomo Municipal de Inquisivi,12528793.54
2026-09-11,ADMINISTRACION TERRITORIAL,Gobierno Autónomo Municipal de Irupana (Villa de Lanza),17027188.97
2026-09-11,ADMINISTRACION TERRITORIAL,Gobierno Autónomo Municipal de Ixiamas,9286912.51
2026-09-11,ADMINISTRACION TERRITORIAL,Gobierno Autónomo Municipal de Jesús de Machaca,8958694.709999999
2026-09-11,ADMINISTRACION TERRITORIAL,Gobierno Autónomo Municipal de La Asunta,20355956.09
2026-09-11,ADMINISTRACION TERRITORIAL,Gobierno Autónomo Municipal de La Guardia,100542141.45
2026-09-11,ADMINISTRACION TERRITORIAL,Gobierno Autónomo Municipal de La Paz,1006678805.77
2026-09-11,ADMINISTRACION TERRITORIAL,Gobierno Autónomo Municipal de La Rivera,1075484.79
2026-09-11,ADMINISTRACION TERRITORIAL,Gobierno Autónomo Municipal de Lagunillas,2783226.55
2026-09-11,ADMINISTRACION TERRITORIAL,Gobierno Autónomo Municipal de Laja,15836844.77
2026-09-11,ADMINISTRACION TERRITORIAL,Gobierno Autónomo Municipal de Las Carreras,4691837.53
2026-09-11,ADMINISTRACION TERRITORIAL,Gobierno Autónomo Municipal de Llallagua,34400176.56
2026-09-11,ADMINISTRACION TERRITORIAL,Gobierno Autónomo Municipal de Llica,2040439.31
2026-09-11,ADMINISTRACION TERRITORIAL,Gobierno Autónomo Municipal de Loreto,2291111.04
2026-09-11,ADMINISTRACION TERRITORIAL,Gobierno Autónomo Municipal de Luribay,6841832.45
2026-09-11,ADMINISTRACION TERRITORIAL,Gobierno Autónomo Municipal de Machacamarca,3990766.51
2026-09-11,ADMINISTRACION TERRITORIAL,Gobierno Autónomo Municipal de Machareti,5640758.4799999995
2026-09-11,ADMINISTRACION TERRITORIAL,Gobierno Autónomo Municipal de Magdalena,8301611.569999999
2026-09-11,ADMINISTRACION TERRITORIAL,Gobierno Autónomo Municipal de Mairana,11794249.83
2026-09-11,ADMINISTRACION TERRITORIAL,Gobierno Autónomo Municipal de Malla,3415386.95
2026-09-11,ADMINISTRACION TERRITORIAL,Gobierno Autónomo Municipal de Mapiri,13332586.75
2026-09-11,ADMINISTRACION TERRITORIAL,Gobierno Autónomo Municipal de Mecapaca,11900410.45
2026-09-11,ADMINISTRACION TERRITORIAL,Gobierno Autónomo Municipal de Mineros,18186951.99
2026-09-11,ADMINISTRACION TERRITORIAL,Gobierno Autónomo Municipal de Mizque,13589045.78
2026-09-11,ADMINISTRACION TERRITORIAL,Gobierno Autónomo Municipal de Mocomoco,9198727.03
2026-09-11,ADMINISTRACION TERRITORIAL,Gobierno Autónomo Municipal de Mojinete,1074789.85
2026-09-11,ADMINISTRACION TERRITORIAL,Gobierno Autónomo Municipal de Monteagudo,21993942.68
2026-09-11,ADMINISTRACION TERRITORIAL,Gobierno Autónomo Municipal de Montero,120687503.49
2026-09-11,ADMINISTRACION TERRITORIAL,Gobierno Autónomo Municipal de Moro Moro,2163602.79
2026-09-11,ADMINISTRACION TERRITORIAL,Gobierno Autónomo Municipal de Morochata,8380994.13
2026-09-11,ADMINISTRACION TERRITORIAL,Gobierno Autónomo Municipal de Nazacara de Pacajes,2158777.33
2026-09-11,ADMINISTRACION TERRITORIAL,Gobierno Autónomo Municipal de Nueva Esperanza,2442879.14
2026-09-11,ADMINISTRACION TERRITORIAL,Gobierno Autónomo Municipal de Ocurí,7438688.25
2026-09-11,ADMINISTRACION TERRITORIAL,Gobierno Autónomo Municipal de Okinawa Uno,7915112.09
2026-09-11,ADMINISTRACION TERRITORIAL,Gobierno Autónomo Municipal de Omereque,4418856.77
2026-09-11,ADMINISTRACION TERRITORIAL,Gobierno Autónomo Municipal de Oruro,289250486.17
2026-09-11,ADMINISTRACION TERRITORIAL,Gobierno Autónomo Municipal de Padcaya,9787893.67
2026-09-11,ADMINISTRACION TERRITORIAL,Gobierno Autónomo Municipal de Padilla,6424754.72
2026-09-11,ADMINISTRACION TERRITORIAL,Gobierno Autónomo Municipal de Pailón,48631648.38
2026-09-11,ADMINISTRACION TERRITORIAL,Gobierno Autónomo Municipal de Palca,23999061.1
2026-09-11,ADMINISTRACION TERRITORIAL,Gobierno Autónomo Municipal de Palos Blancos,16638515.17
2026-09-11,ADMINISTRACION TERRITORIAL,Gobierno Autónomo Municipal de Pampa Aullagas,2028158.44
2026-09-11,ADMINISTRACION TERRITORIAL,Gobierno Autónomo Municipal de Pampa Grande,8736492.76
2026-09-11,ADMINISTRACION TERRITORIAL,Gobierno Autónomo Municipal de Papel Pampa,5109246.88
2026-09-11,ADMINISTRACION TERRITORIAL,Gobierno Autónomo Municipal de Pasorapa,4922680.21
2026-09-11,ADMINISTRACION TERRITORIAL,Gobierno Autónomo Municipal de Patacamaya,16597587.43
2026-09-11,ADMINISTRACION TERRITORIAL,Gobierno Autónomo Municipal de Pazña,2484016.6
2026-09-11,ADMINISTRACION TERRITORIAL,Gobierno Autónomo Municipal de Pelechuco,4048195.68
2026-09-11,ADMINISTRACION TERRITORIAL,Gobierno Autónomo Municipal de Pocoata,13215070.92
2026-09-11,ADMINISTRACION TERRITORIAL,Gobierno Autónomo Municipal de Pocona,7214198.640000001
2026-09-11,ADMINISTRACION TERRITORIAL,Gobierno Autónomo Municipal de Pojo,7640698.51
2026-09-11,ADMINISTRACION TERRITORIAL,Gobierno Autónomo Municipal de Poopó (Villa Poopó),6277745.49
2026-09-11,ADMINISTRACION TERRITORIAL,Gobierno Autónomo Municipal de Porco,10751289.18
2026-09-11,ADMINISTRACION TERRITORIAL,Gobierno Autónomo Municipal de Poroma,7041982.79
2026-09-11,ADMINISTRACION TERRITORIAL,Gobierno Autónomo Municipal de Porongo (Ayacucho),71468587.5
2026-09-11,ADMINISTRACION TERRITORIAL,Gobierno Autónomo Municipal de Portachuelo,13829587.32
2026-09-11,ADMINISTRACION TERRITORIAL,Gobierno Autónomo Municipal de Porvenir,7977531.74
2026-09-11,ADMINISTRACION TERRITORIAL,Gobierno Autónomo Municipal de Postrer Valle,971611.04
2026-09-11,ADMINISTRACION TERRITORIAL,Gobierno Autónomo Municipal de Potosí,116681695.92
2026-09-11,ADMINISTRACION TERRITORIAL,Gobierno Autónomo Municipal de Presto,10268237.1
2026-09-11,ADMINISTRACION TERRITORIAL,Gobierno Autónomo Municipal de Pucara,1267935.58
2026-09-11,ADMINISTRACION TERRITORIAL,Gobierno Autónomo Municipal de Pucarani,24680651.75
2026-09-11,ADMINISTRACION TERRITORIAL,Gobierno Autónomo Municipal de Puerto Acosta,6640417.8
2026-09-11,ADMINISTRACION TERRITORIAL,Gobierno Autónomo Municipal de Puerto Gonzalo Moreno,11071212.51
2026-09-11,ADMINISTRACION TERRITORIAL,Gobierno Autónomo Municipal de Puerto Guayaramerín,29472702.49
2026-09-11,ADMINISTRACION TERRITORIAL,Gobierno Autónomo Municipal de Puerto Pérez,3606987.0
2026-09-11,ADMINISTRACION TERRITORIAL,Gobierno Autónomo Municipal de Puerto Quijarro,17897092.86
2026-09-11,ADMINISTRACION TERRITORIAL,Gobierno Autónomo Municipal de Puerto Rico,6297041.800000001
2026-09-11,ADMINISTRACION TERRITORIAL,Gobierno Autónomo Municipal de Puerto Rurrenabaque,19066185.4
2026-09-11,ADMINISTRACION TERRITORIAL,Gobierno Autónomo Municipal de Puerto Suárez,12765229.09
2026-09-11,ADMINISTRACION TERRITORIAL,Gobierno Autónomo Municipal de Puerto Síles,647693.67
2026-09-11,ADMINISTRACION TERRITORIAL,Gobierno Autónomo Municipal de Puerto Villarroel,47835407.07
2026-09-11,ADMINISTRACION TERRITORIAL,Gobierno Autónomo Municipal de Puna (Villa Talavera),7268795.17
2026-09-11,ADMINISTRACION TERRITORIAL,Gobierno Autónomo Municipal de Punata,33183562.22
2026-09-11,ADMINISTRACION TERRITORIAL,Gobierno Autónomo Municipal de Quiabaya,2940867.62
2026-09-11,ADMINISTRACION TERRITORIAL,Gobierno Autónomo Municipal de Quillacollo,122223579.47
2026-09-11,ADMINISTRACION TERRITORIAL,Gobierno Autónomo Municipal de Quime,5713118.04
2026-09-11,ADMINISTRACION TERRITORIAL,Gobierno Autónomo Municipal de Quirusillas,2182910.59
2026-09-11,ADMINISTRACION TERRITORIAL,Gobierno Autónomo Municipal de Ravelo,10403027.83
2026-09-11,ADMINISTRACION TERRITORIAL,Gobierno Autónomo Municipal de Reyes,7184429.36
2026-09-11,ADMINISTRACION TERRITORIAL,Gobierno Autónomo Municipal de Riberalta,82999775.54
2026-09-11,ADMINISTRACION TERRITORIAL,Gobierno Autónomo Municipal de Roboré,10631291.76
2026-09-11,ADMINISTRACION TERRITORIAL,Gobierno Autónomo Municipal de Sabaya,9808729.89
2026-09-11,ADMINISTRACION TERRITORIAL,Gobierno Autónomo Municipal de Sacaba,168257864.47
2026-09-11,ADMINISTRACION TERRITORIAL,Gobierno Autónomo Municipal de Sacabamba,2215668.52
2026-09-11,ADMINISTRACION TERRITORIAL,Gobierno Autónomo Municipal de Sacaca (Villa de Sacaca),8065258.98
2026-09-11,ADMINISTRACION TERRITORIAL,Gobierno Autónomo Municipal de Saipina,4453154.78
2026-09-11,ADMINISTRACION TERRITORIAL,Gobierno Autónomo Municipal de Samaipata,9236969.709999999
2026-09-11,ADMINISTRACION TERRITORIAL,Gobierno Autónomo Municipal de San Agustín,1190955.54
2026-09-11,ADMINISTRACION TERRITORIAL,Gobierno Autónomo Municipal de San Andrés,11635844.28
2026-09-11,ADMINISTRACION TERRITORIAL,Gobierno Autónomo Municipal de San Andrés de Machaca,2828415.95
2026-09-11,ADMINISTRACION TERRITORIAL,Gobierno Autónomo Municipal de San Antonio de Esmoruco,1485688.54
2026-09-11,ADMINISTRACION TERRITORIAL,Gobierno Autónomo Municipal de San Antonio de Lomerio,5005058.29
2026-09-11,ADMINISTRACION TERRITORIAL,Gobierno Autónomo Municipal de San Benito (Villa José Quintín Mendoza),12684375.72
2026-09-11,ADMINISTRACION TERRITORIAL,Gobierno Autónomo Municipal de San Borja,28563336.2
2026-09-11,ADMINISTRACION TERRITORIAL,Gobierno Autónomo Municipal de San Buenaventura,7027358.03
2026-09-11,ADMINISTRACION TERRITORIAL,Gobierno Autónomo Municipal de San Carlos,17205689.81
2026-09-11,ADMINISTRACION TERRITORIAL,Gobierno Autónomo Municipal de San Ignacio,14677798.5
2026-09-11,ADMINISTRACION TERRITORIAL,Gobierno Autónomo Municipal de San Ignacio (San Ignacio de Velasco),52953385.019999996
2026-09-11,ADMINISTRACION TERRITORIAL,Gobierno Autónomo Municipal de San Javier,4546248.45
2026-09-11,ADMINISTRACION TERRITORIAL,Gobierno Autónomo Municipal de San Javier,10745327.98
2026-09-11,ADMINISTRACION TERRITORIAL,Gobierno Autónomo Municipal de San Joaquín,6464484.13
2026-09-11,ADMINISTRACION TERRITORIAL,Gobierno Autónomo Municipal de San José,32956160.77
2026-09-11,ADMINISTRACION TERRITORIAL,Gobierno Autónomo Municipal de San Juan,10296235.72
2026-09-11,ADMINISTRACION TERRITORIAL,Gobierno Autónomo Municipal de San Julián,36061615.49
2026-09-11,ADMINISTRACION TERRITORIAL,Gobierno Autónomo Municipal de San Lorenzo,10103776.64
2026-09-11,ADMINISTRACION TERRITORIAL,Gobierno Autónomo Municipal de San Lorenzo,20945136.11
2026-09-11,ADMINISTRACION TERRITORIAL,Gobierno Autónomo Municipal de San Lucas,21904154.6
2026-09-11,ADMINISTRACION TERRITORIAL,Gobierno Autónomo Municipal de San Matías,10049529.58
2026-09-11,ADMINISTRACION TERRITORIAL,Gobierno Autónomo Municipal de San Miguel (San Miguel de Velasco),10458797.24
2026-09-11,ADMINISTRACION TERRITORIAL,Gobierno Autónomo Municipal de San Pablo de Huacareta,5795185.94
2026-09-11,ADMINISTRACION TERRITORIAL,Gobierno Autónomo Municipal de San Pablo de Lípez,2950583.67
2026-09-11,ADMINISTRACION TERRITORIAL,Gobierno Autónomo Municipal de San Pedro,2713788.81
2026-09-11,ADMINISTRACION TERRITORIAL,Gobierno Autónomo Municipal de San Pedro,12984080.91
2026-09-11,ADMINISTRACION TERRITORIAL,Gobierno Autónomo Municipal de San Pedro de Buena Vista,12951706.04
2026-09-11,ADMINISTRACION TERRITORIAL,Gobierno Autónomo Municipal de San Pedro de Curahuara,4724853.45
2026-09-11,ADMINISTRACION TERRITORIAL,Gobierno Autónomo Municipal de San Pedro de Macha,10819811.64
2026-09-11,ADMINISTRACION TERRITORIAL,Gobierno Autónomo Municipal de San Pedro de Quemes,1246536.18
2026-09-11,ADMINISTRACION TERRITORIAL,Gobierno Autónomo Municipal de San Pedro de Tiquina,7879958.14
2026-09-11,ADMINISTRACION TERRITORIAL,Gobierno Autónomo Municipal de San Rafael,8642750.58
2026-09-11,ADMINISTRACION TERRITORIAL,Gobierno Autónomo Municipal de San Ramón,4469006.97
2026-09-11,ADMINISTRACION TERRITORIAL,Gobierno Autónomo Municipal de San Ramón,8348416.45
2026-09-11,ADMINISTRACION TERRITORIAL,Gobierno Autónomo Municipal de Santa Ana,15040275.19
2026-09-11,ADMINISTRACION TERRITORIAL,Gobierno Autónomo Municipal de Santa Cruz de La Sierra,2273760722.83
2026-09-11,ADMINISTRACION TERRITORIAL,Gobierno Autónomo Municipal de Santa Rosa,10707520.4
2026-09-11,ADMINISTRACION TERRITORIAL,Gobierno Autónomo Municipal de Santa Rosa del Abuná,2936585.51
2026-09-11,ADMINISTRACION TERRITORIAL,Gobierno Autónomo Municipal de Santa Rosa del Sara,14871451.16
2026-09-11,ADMINISTRACION TERRITORIAL,Gobierno Autónomo Municipal de Santiago de Callapa,3383733.04
2026-09-11,ADMINISTRACION TERRITORIAL,Gobierno Autónomo Municipal de Santiago de Huari,8624349.92
2026-09-11,ADMINISTRACION TERRITORIAL,Gobierno Autónomo Municipal de Santiago de Huata,6444221.85
2026-09-11,ADMINISTRACION TERRITORIAL,Gobierno Autónomo Municipal de Santiago de Machaca,2387705.55
2026-09-11,ADMINISTRACION TERRITORIAL,Gobierno Autónomo Municipal de Santivañez,6355894.9
2026-09-11,ADMINISTRACION TERRITORIAL,Gobierno Autónomo Municipal de Santos Mercado,1569299.94
2026-09-11,ADMINISTRACION TERRITORIAL,Gobierno Autónomo Municipal de Santuario de Quillacas,3979736.6
2026-09-11,ADMINISTRACION TERRITORIAL,Gobierno Autónomo Municipal de Sapahaqui,8680598.35
2026-09-11,ADMINISTRACION TERRITORIAL,Gobierno Autónomo Municipal de Sena,11276020.72
2026-09-11,ADMINISTRACION TERRITORIAL,Gobierno Autónomo Municipal de Shinahota,15614532.42
2026-09-11,ADMINISTRACION TERRITORIAL,Gobierno Autónomo Municipal de Sica Sica (Villa Aroma),12463578.370000001
2026-09-11,ADMINISTRACION TERRITORIAL,Gobierno Autónomo Municipal de Sicaya,2198367.36
2026-09-11,ADMINISTRACION TERRITORIAL,Gobierno Autónomo Municipal de Sipe Sipe,28505765.669999998
2026-09-11,ADMINISTRACION TERRITORIAL,Gobierno Autónomo Municipal de Sopachuy,4732019.14
2026-09-11,ADMINISTRACION TERRITORIAL,Gobierno Autónomo Municipal de Soracachi,13108968.57
2026-09-11,ADMINISTRACION TERRITORIAL,Gobierno Autónomo Municipal de Sorata,19000056.84
2026-09-11,ADMINISTRACION TERRITORIAL,Gobierno Autónomo Municipal de Sucre,238063813.55
2026-09-11,ADMINISTRACION TERRITORIAL,Gobierno Autónomo Municipal de Tacachi,654811.13
2026-09-11,ADMINISTRACION TERRITORIAL,Gobierno Autónomo Municipal de Tacacoma,4861362.13
2026-09-11,ADMINISTRACION TERRITORIAL,Gobierno Autónomo Municipal de Tacobamba,8579699.51
2026-09-11,ADMINISTRACION TERRITORIAL,Gobierno Autónomo Municipal de Tacopaya,5928637.29
2026-09-11,ADMINISTRACION TERRITORIAL,Gobierno Autónomo Municipal de Tahua,757497.71
2026-09-11,ADMINISTRACION TERRITORIAL,Gobierno Autónomo Municipal de Tapacari,12917759.24
2026-09-11,ADMINISTRACION TERRITORIAL,Gobierno Autónomo Municipal de Tarabuco,8550854.75
2026-09-11,ADMINISTRACION TERRITORIAL,Gobierno Autónomo Municipal de Taraco,3448506.77
2026-09-11,ADMINISTRACION TERRITORIAL,Gobierno Autónomo Municipal de Tarata,6511955.03
2026-09-11,ADMINISTRACION TERRITORIAL,Gobierno Autónomo Municipal de Tarija,239193824.39
2026-09-11,ADMINISTRACION TERRITORIAL,Gobierno Autónomo Municipal de Tarvita (Villa Orías),9773584.95
2026-09-11,ADMINISTRACION TERRITORIAL,Gobierno Autónomo Municipal de Teoponte,10597489.47
2026-09-11,ADMINISTRACION TERRITORIAL,Gobierno Autónomo Municipal de Tiahuanacu,6979944.44
2026-09-11,ADMINISTRACION TERRITORIAL,Gobierno Autónomo Municipal de Tinguipaya,16578653.98
2026-09-11,ADMINISTRACION TERRITORIAL,Gobierno Autónomo Municipal de Tipuani,8600154.18
2026-09-11,ADMINISTRACION TERRITORIAL,Gobierno Autónomo Municipal de Tiquipaya,63397360.42
2026-09-11,ADMINISTRACION TERRITORIAL,Gobierno Autónomo Municipal de Tiraque,10102338.32
2026-09-11,ADMINISTRACION TERRITORIAL,Gobierno Autónomo Municipal de Tito Yupanqui,3367099.76
2026-09-11,ADMINISTRACION TERRITORIAL,Gobierno Autónomo Municipal de Toco,4846169.44
2026-09-11,ADMINISTRACION TERRITORIAL,Gobierno Autónomo Municipal de Todos Santos,862202.35
2026-09-11,ADMINISTRACION TERRITORIAL,Gobierno Autónomo Municipal de Tolata,6505438.75
2026-09-11,ADMINISTRACION TERRITORIAL,Gobierno Autónomo Municipal de Toledo,6730705.67
2026-09-11,ADMINISTRACION TERRITORIAL,Gobierno Autónomo Municipal de Tomave,3493815.0300000003
2026-09-11,ADMINISTRACION TERRITORIAL,Gobierno Autónomo Municipal de Tomina,6710420.5200000005
2026-09-11,ADMINISTRACION TERRITORIAL,Gobierno Autónomo Municipal de Toro Toro,6245527.59
2026-09-11,ADMINISTRACION TERRITORIAL,Gobierno Autónomo Municipal de Totora,6951320.18
2026-09-11,ADMINISTRACION TERRITORIAL,Gobierno Autónomo Municipal de Totora,8639355.63
2026-09-11,ADMINISTRACION TERRITORIAL,Gobierno Autónomo Municipal de Trigal,1609605.25
2026-09-11,ADMINISTRACION TERRITORIAL,Gobierno Autónomo Municipal de Trinidad,89114257.13
2026-09-11,ADMINISTRACION TERRITORIAL,Gobierno Autónomo Municipal de Tupiza,28545235.64
2026-09-11,ADMINISTRACION TERRITORIAL,Gobierno Autónomo Municipal de Turco,5323416.41
2026-09-11,ADMINISTRACION TERRITORIAL,Gobierno Autónomo Municipal de Umala,6790686.08
2026-09-11,ADMINISTRACION TERRITORIAL,Gobierno Autónomo Municipal de Uncía,12780378.09
2026-09-11,ADMINISTRACION TERRITORIAL,Gobierno Autónomo Municipal de Uriondo (Concepción),12577835.51
2026-09-11,ADMINISTRACION TERRITORIAL,Gobierno Autónomo Municipal de Urmiri,1522966.96
2026-09-11,ADMINISTRACION TERRITORIAL,Gobierno Autónomo Municipal de Urubicha,6433607.52
2026-09-11,ADMINISTRACION TERRITORIAL,Gobierno Autónomo Municipal de Uyuni,25566431.17
2026-09-11,ADMINISTRACION TERRITORIAL,Gobierno Autónomo Municipal de Vacas,3869181.18
2026-09-11,ADMINISTRACION TERRITORIAL,Gobierno Autónomo Municipal de Vallegrande,16900045.31
2026-09-11,ADMINISTRACION TERRITORIAL,Gobierno Autónomo Municipal de Viacha,88310237.17
2026-09-11,ADMINISTRACION TERRITORIAL,Gobierno Autónomo Municipal de Vila Vila,2881000.37
2026-09-11,ADMINISTRACION TERRITORIAL,Gobierno Autónomo Municipal de Villa Alcalá,2692133.8
2026-09-11,ADMINISTRACION TERRITORIAL,Gobierno Autónomo Municipal de Villa Azurduy,5776530.92
2026-09-11,ADMINISTRACION TERRITORIAL,Gobierno Autónomo Municipal de Villa Charcas,12216356.51
2026-09-11,ADMINISTRACION TERRITORIAL,Gobierno Autónomo Municipal de Villa Libertad Licoma,3008225.71
2026-09-11,ADMINISTRACION TERRITORIAL,Gobierno Autónomo Municipal de Villa Mojocoya,7486587.11
2026-09-11,ADMINISTRACION TERRITORIAL,Gobierno Autónomo Municipal de Villa Nueva (Loma Alta),3008754.54
2026-09-11,ADMINISTRACION TERRITORIAL,Gobierno Autónomo Municipal de Villa Rivero,6996247.3
2026-09-11,ADMINISTRACION TERRITORIAL,Gobierno Autónomo Municipal de Villa Serrano,7878222.16
2026-09-11,ADMINISTRACION TERRITORIAL,Gobierno Autónomo Municipal de Villa Tunari,58420180.0
2026-09-11,ADMINISTRACION TERRITORIAL,Gobierno Autónomo Municipal de Villa Vaca Guzmán,8290261.92
2026-09-11,ADMINISTRACION TERRITORIAL,Gobierno Autónomo Municipal de Villa Zudañez (Tacopaya),8166947.94
2026-09-11,ADMINISTRACION TERRITORIAL,Gobierno Autónomo Municipal de Villamontes,51372607.6
2026-09-11,ADMINISTRACION TERRITORIAL,Gobierno Autónomo Municipal de Villazón,37846222.02
2026-09-11,ADMINISTRACION TERRITORIAL,Gobierno Autónomo Municipal de Vinto,42293733.23
2026-09-11,ADMINISTRACION TERRITORIAL,Gobierno Autónomo Municipal de Vitichi,6855252.67
2026-09-11,ADMINISTRACION TERRITORIAL,Gobierno Autónomo Municipal de Waldo Ballivián,7085029.66
2026-09-11,ADMINISTRACION TERRITORIAL,Gobierno Autónomo Municipal de Warnes,179365305.66
2026-09-11,ADMINISTRACION TERRITORIAL,Gobierno Autónomo Municipal de Yaco,5295251.0600000005
2026-09-11,ADMINISTRACION TERRITORIAL,Gobierno Autónomo Municipal de Yacuiba,82195989.24
2026-09-11,ADMINISTRACION TERRITORIAL,Gobierno Autónomo Municipal de Yamparáez,7175165.37
2026-09-11,ADMINISTRACION TERRITORIAL,Gobierno Autónomo Municipal de Yanacachi,4144712.66
2026-09-11,ADMINISTRACION TERRITORIAL,Gobierno Autónomo Municipal de Yapacaní,48639926.34
2026-09-11,ADMINISTRACION TERRITORIAL,Gobierno Autónomo Municipal de Yocalla,5833180.53
2026-09-11,ADMINISTRACION TERRITORIAL,Gobierno Autónomo Municipal de Yotala,7104746.32
2026-09-11,ADMINISTRACION TERRITORIAL,Gobierno Autónomo Municipal de Yunchara,3804940.06
2026-09-11,ADMINISTRACION TERRITORIAL,Gobierno Autónomo Municipal de Yunguyo de Litoral,940579.22
2026-09-11,ADMINISTRACION TERRITORIAL,Gobierno Autónomo Regional del Gran Chaco,93691679.19
2026-09-11,ADMINISTRACION TERRITORIAL,Gobierno Indígena Autónomo del Territorio Indígena Multiétnico,2370936.64
2026-09-11,EMPRESAS PÚBLICAS,Administración Autónoma para Obras Sanitarias - Potosí,20458177.65
2026-09-11,EMPRESAS PÚBLICAS,Administración de Servicios Portuarios - Bolivia,69677015.62
2026-09-11,EMPRESAS PÚBLICAS,Agencia Boliviana Espacial,51648081.519999996
2026-09-11,EMPRESAS PÚBLICAS,Bolivia TV,30846737.32
2026-09-11,EMPRESAS PÚBLICAS,Boliviana de Aviación,2802949998.36
2026-09-11,EMPRESAS PÚBLICAS,Corporación de las Fuerzas Armadas p/ el Des. Nacional,36390174.56
2026-09-11,EMPRESAS PÚBLICAS,Depósitos Aduaneros Bolivianos,66512154.29
2026-09-11,EMPRESAS PÚBLICAS,EMPRESA MUNICIPAL AUTONOMA DE AGUA POTABLE Y ALCANTARILLADO  DE YACUIBA,11834008.28
2026-09-11,EMPRESAS PÚBLICAS,EMPRESA MUNICIPAL DE AGUA POTABLE Y ALCANTARILLADO SANITARIO DE URIONDO,103688.46
2026-09-11,EMPRESAS PÚBLICAS,EMPRESA MUNICIPAL DE AGUA POTABLE Y ALCANTARILLADO VIACHA,4606556.93
2026-09-11,EMPRESAS PÚBLICAS,EMPRESA MUNICIPAL DE AREAS VERDES SUCRE,1540584.02
2026-09-11,EMPRESAS PÚBLICAS,EMPRESA MUNICIPAL DE DISTRIBUCION DE ENERGIA ELECTRICA LLALLAGUA,6850931.459999999
2026-09-11,EMPRESAS PÚBLICAS,EMPRESA MUNICIPAL FABRICA DE JOYAS,176263.75
2026-09-11,EMPRESAS PÚBLICAS,EMPRESA PRESTADORA DE SERVICIO DE AGUA POTABLE Y ALCANTARILLADO ,699360.59
2026-09-11,EMPRESAS PÚBLICAS,EMPRESA PUBLICA MUNICIPAL DE SERVICIOS DE AGUA Y ALCANTARRILLADO SANITARIO DE COBIJA,7197134.36
2026-09-11,EMPRESAS PÚBLICAS,EMPRESA PÚBLICA DEPARTAMENTAL FÁBRICA DE CALAMINAS Y CLAVOS POTOSI,2036535.8499999999
2026-09-11,EMPRESAS PÚBLICAS,Empresa Azucarera San Buenaventura,27999657.19
2026-09-11,EMPRESAS PÚBLICAS,Empresa Boliviana de Alimentos y Derivados,162440898.47
2026-09-11,EMPRESAS PÚBLICAS,Empresa Boliviana de Industrializacion de Hidrocarburos,81600564.7
2026-09-11,EMPRESAS PÚBLICAS,"Empresa Estatal de Transporte por Cable ""Mi teleférico""",150993726.31
2026-09-11,EMPRESAS PÚBLICAS,Empresa Estratégica Boliviana de Construcción y Conservación de Infraestructura Civil,8374059.12
2026-09-11,EMPRESAS PÚBLICAS,Empresa Local de Agua Potable y Alcantarillado Sucre,95323731.38
2026-09-11,EMPRESAS PÚBLICAS,Empresa Misicuni,18031913.509999998
2026-09-11,EMPRESAS PÚBLICAS,Empresa Municipal de Agua Potable y Alcantarillado Sacaba,7357027.33
2026-09-11,EMPRESAS PÚBLICAS,Empresa Municipal de Areas Verdes y Recreación alternativa,99915114.89999999
2026-09-11,EMPRESAS PÚBLICAS,Empresa Municipal de Asfaltos y Vías,30255182.2
2026-09-11,EMPRESAS PÚBLICAS,Empresa Municipal de Gestión de Residuos Sólidos,6824237.22
2026-09-11,EMPRESAS PÚBLICAS,Empresa Municipal de Servicio de Aseo ,81575714.74
2026-09-11,EMPRESAS PÚBLICAS,"Empresa Municipal de Áreas Verdes, Parques y Forestación",25691025.36
2026-09-11,EMPRESAS PÚBLICAS,Empresa Nacional de Electricidad,286663376.69
2026-09-11,EMPRESAS PÚBLICAS,Empresa Nacional de Ferrocarriles - Residual,3231976.8200000003
2026-09-11,EMPRESAS PÚBLICAS,Empresa Naviera Boliviana,117792.8
2026-09-11,EMPRESAS PÚBLICAS,Empresa Púb. Deptal. Hotel Terminal-Terminal de Buses Oruro,3855052.06
2026-09-11,EMPRESAS PÚBLICAS,"Empresa Pública ""Editorial del Estado Plurinacional de Bolivia""",17358532.75
2026-09-11,EMPRESAS PÚBLICAS,"Empresa Pública ""QUIPUS""",12631254.19
2026-09-11,EMPRESAS PÚBLICAS,Empresa Pública Nacional Estratégica de Yacimientos de Litio Bolivianos,240720760.52
2026-09-11,EMPRESAS PÚBLICAS,Empresa Pública Transporte Aéreo Militar ,27277827.01
2026-09-11,EMPRESAS PÚBLICAS,Empresa Pública YACANA,2024201.6
2026-09-11,EMPRESAS PÚBLICAS,Empresa Servicios Aéreos Bolivianos,1407446.24
2026-09-11,EMPRESAS PÚBLICAS,Empresa Siderúrgica del Mutún,69029731.35
2026-09-11,EMPRESAS PÚBLICAS,Empresa Tarijeña del Gas,50637348.839999996
2026-09-11,EMPRESAS PÚBLICAS,Empresa de Apoyo a la Producción de Alimentos,328686122.76
2026-09-11,EMPRESAS PÚBLICAS,Gestora Pública de la Seguridad Social de Largo Plazo,362623581.06
2026-09-11,EMPRESAS PÚBLICAS,LABORATORIO INDUSTRIAL DE PRODUCTOS NATURALES KALLPAWAWA,26838.95
2026-09-11,EMPRESAS PÚBLICAS,Servicio Autónomo Municipal de Agua Potable y Alcantarillado,2053515.01
2026-09-11,EMPRESAS PÚBLICAS,Servicio Local de Acueductos y Alcantarillado - Oruro,51159492.16
2026-09-11,EMPRESAS PÚBLICAS,Servicio Municipal de Agua Potable y Alcantarillado,184224525.29
2026-09-11,EMPRESAS PÚBLICAS,Transportes Aéreos Bolivianos,27882071.92
2026-09-11,EMPRESAS PÚBLICAS,Yacimientos Petrolíferos Fiscales Bolivianos,30116690026.36
2026-09-11,INSTITUCIONES DE CONTROL Y DEFENSA DEL ESTADO,Contraloria General del Estado,58561646.87
2026-09-11,INSTITUCIONES DE CONTROL Y DEFENSA DEL ESTADO,Defensoria del Pueblo,23694524.56
2026-09-11,INSTITUCIONES DE CONTROL Y DEFENSA DEL ESTADO,Ministerio Público,183309999.27
2026-09-11,INSTITUCIONES DE CONTROL Y DEFENSA DEL ESTADO,Procuraduria General del Estado,17807083.349999998
2026-09-11,INSTITUCIONES DE SEGURIDAD SOCIAL,Caja Bancaria Estatal de Salud,127325943.75
2026-09-11,INSTITUCIONES DE SEGURIDAD SOCIAL,Caja de Salud del Servicio Nal. de Caminos y Ramas Anexas,102847462.53
2026-09-11,INSTITUCIONES DE SEGURIDAD SOCIAL,Seguro Social Universitario de Sucre,30598853.65
2026-09-11,INSTITUCIONES FINANCIERAS NO BANCARIAS,Fondo Nacional de Desarrollo Regional,544926168.35
2026-09-11,INSTITUCIONES FINANCIERAS NO BANCARIAS,Fondo Rotatorio de Fomento Productivo Regional,1496743.92
2026-09-11,INSTITUCIONES FINANCIERAS NO BANCARIAS,Fondo de Desarrollo del Sist.Fin. y Apoyo al Sec.Productivo,4505865.05
2026-09-11,INSTITUCIONES FINANCIERAS NO BANCARIAS,Fondo de Financiamiento para la Minería,7438886.55
2026-09-11,INSTITUCIONES PÚBLICAS DESCENTRALIZADAS,Academia Nacional de Ciencias,687034.3200000001
2026-09-11,INSTITUCIONES PÚBLICAS DESCENTRALIZADAS,Administradora Boliviana de Carreteras,597613025.01
2026-09-11,INSTITUCIONES PÚBLICAS DESCENTRALIZADAS,Aduana Nacional,234468455.60999998
2026-09-11,INSTITUCIONES PÚBLICAS DESCENTRALIZADAS,"Agencia Boliviana de Correos ""Correos de Bolivia""",12178364.65
2026-09-11,INSTITUCIONES PÚBLICAS DESCENTRALIZADAS,Agencia Boliviana de Energía Nuclear,37470823.18
2026-09-11,INSTITUCIONES PÚBLICAS DESCENTRALIZADAS,Agencia Estatal de Vivienda,853466793.02
2026-09-11,INSTITUCIONES PÚBLICAS DESCENTRALIZADAS,Agencia Nacional de Hidrocarburos,46488758.39
2026-09-11,INSTITUCIONES PÚBLICAS DESCENTRALIZADAS,Agencia de Gobierno Electrónico y Tecnologías de Información y Comunicación,16401697.73
2026-09-11,INSTITUCIONES PÚBLICAS DESCENTRALIZADAS,Agencia de Infraestructura en Salud y Equipamiento Médico,53251546.41
2026-09-11,INSTITUCIONES PÚBLICAS DESCENTRALIZADAS,Agencia del Desarrollo del Cine y Audiovisual Bolivianos,1436980.04
2026-09-11,INSTITUCIONES PÚBLICAS DESCENTRALIZADAS,Agencia para el Des. de la Soc. de la Información en Bolivia,905451.2899999999
2026-09-11,INSTITUCIONES PÚBLICAS DESCENTRALIZADAS,Autoridad Jurisdiccional Administrativa Minera,21856056.2
2026-09-11,INSTITUCIONES PÚBLICAS DESCENTRALIZADAS,Autoridad Plurinacional de la Madre Tierra,2153933.85
2026-09-11,INSTITUCIONES PÚBLICAS DESCENTRALIZADAS,Autoridad de Fisc y Ctrol Soc de Agua Potable Saneam.Básico,6259470.2
2026-09-11,INSTITUCIONES PÚBLICAS DESCENTRALIZADAS,Autoridad de Fiscalizac. y Control Soc de Bosques y Tierras,54497162.75
2026-09-11,INSTITUCIONES PÚBLICAS DESCENTRALIZADAS,Autoridad de Fiscalización de Electricidad y Tecnología Nuclear,18870186.9
2026-09-11,INSTITUCIONES PÚBLICAS DESCENTRALIZADAS,Autoridad de Fiscalización de Empresas,5569931.45
2026-09-11,INSTITUCIONES PÚBLICAS DESCENTRALIZADAS,Autoridad de Fiscalización del Juego,12055173.91
2026-09-11,INSTITUCIONES PÚBLICAS DESCENTRALIZADAS,Autoridad de Fiscalización y Control de Cooperativas,4863898.61
2026-09-11,INSTITUCIONES PÚBLICAS DESCENTRALIZADAS,Autoridad de Fiscalización y Control de Pensiones y Seguros - APS,25179806.7
2026-09-11,INSTITUCIONES PÚBLICAS DESCENTRALIZADAS,Autoridad de Impugnación Tributaria,23511370.21
2026-09-11,INSTITUCIONES PÚBLICAS DESCENTRALIZADAS,Autoridad de Regulación y Fiscalización de Telecomunicaciones y Transportes,26041962.24
2026-09-11,INSTITUCIONES PÚBLICAS DESCENTRALIZADAS,Autoridad de Supervisión de la Seguridad Social de Corto Plazo,18115053.5
2026-09-11,INSTITUCIONES PÚBLICAS DESCENTRALIZADAS,Autoridad de Supervisión del Sistema Financiero,61229086.32
2026-09-11,INSTITUCIONES PÚBLICAS DESCENTRALIZADAS,Central de Abastecimiento y Suministros de Salud,14664709.63
2026-09-11,INSTITUCIONES PÚBLICAS DESCENTRALIZADAS,Centro Internacional de la Quinua,1551453.17
2026-09-11,INSTITUCIONES PÚBLICAS DESCENTRALIZADAS,"Centro de Inv.Arqueológicas,Antropológicas y Adm.de Tiwanaku",2396678.36
2026-09-11,INSTITUCIONES PÚBLICAS DESCENTRALIZADAS,Centro de Investigación Agrícola Tropical,7027246.32
2026-09-11,INSTITUCIONES PÚBLICAS DESCENTRALIZADAS,Comité Ejecutivo de la Universidad Boliviana,8188156.9399999995
2026-09-11,INSTITUCIONES PÚBLICAS DESCENTRALIZADAS,Consejo Nacional de Vivienda Policial,101337579.54
2026-09-11,INSTITUCIONES PÚBLICAS DESCENTRALIZADAS,Conservatorio Plurinacional de Musica,3547199.5100000002
2026-09-11,INSTITUCIONES PÚBLICAS DESCENTRALIZADAS,Despacho de Gestión Social de Su Excelencia,573198.89
2026-09-11,INSTITUCIONES PÚBLICAS DESCENTRALIZADAS,Direc. Dptal. de Educación  Chuquisaca,839665403.42
2026-09-11,INSTITUCIONES PÚBLICAS DESCENTRALIZADAS,Direc. Dptal. de Educación Beni,655855606.47
2026-09-11,INSTITUCIONES PÚBLICAS DESCENTRALIZADAS,Direc. Dptal. de Educación Cochabamba,2244323415.4
2026-09-11,INSTITUCIONES PÚBLICAS DESCENTRALIZADAS,Direc. Dptal. de Educación La Paz,3733276364.57
2026-09-11,INSTITUCIONES PÚBLICAS DESCENTRALIZADAS,Direc. Dptal. de Educación Oruro,749376707.57
2026-09-11,INSTITUCIONES PÚBLICAS DESCENTRALIZADAS,Direc. Dptal. de Educación Pando,211723876.7
2026-09-11,INSTITUCIONES PÚBLICAS DESCENTRALIZADAS,Direc. Dptal. de Educación Potosí,1310634985.47
2026-09-11,INSTITUCIONES PÚBLICAS DESCENTRALIZADAS,Direc. Dptal. de Educación Santa Cruz,2739680310.86
2026-09-11,INSTITUCIONES PÚBLICAS DESCENTRALIZADAS,Direc. Dptal. de Educación Tarija,729626629.54
2026-09-11,INSTITUCIONES PÚBLICAS DESCENTRALIZADAS,Dirección General de Aeronáutica Civil,45124306.2
2026-09-11,INSTITUCIONES PÚBLICAS DESCENTRALIZADAS,Dirección del Notariado Plurinacional,9847604.82
2026-09-11,INSTITUCIONES PÚBLICAS DESCENTRALIZADAS,"EMPRESA MUNICIPAL DE AGUA POTABLE Y ALCANTARILLADO SANITARIO DE RIBERALTA - ""EMAAR""",1921749.87
2026-09-11,INSTITUCIONES PÚBLICAS DESCENTRALIZADAS,EMPRESA PRESTADORA DE SERVICIOS DE AGUA Y ALCANTARILLADO (EPSA-COROICO),473595.10000000003
2026-09-11,INSTITUCIONES PÚBLICAS DESCENTRALIZADAS,ENTIDAD ASEO MUNICIPAL DE TARIJA,17257913.490000002
2026-09-11,INSTITUCIONES PÚBLICAS DESCENTRALIZADAS,ENTIDAD DESCENTRALIZADA MUNICIPAL DE CEMENTERIOS DE LA PAZ,7711772.6899999995
2026-09-11,INSTITUCIONES PÚBLICAS DESCENTRALIZADAS,ENTIDAD DESCENTRALIZADA MUNICIPAL DE MAQUINARIA Y EQUIPO,32211332.470000003
2026-09-11,INSTITUCIONES PÚBLICAS DESCENTRALIZADAS,ENTIDAD DESCENTRALIZADA MUNICIPAL TERMINAL DE BUSES LA PAZ,6759591.38
2026-09-11,INSTITUCIONES PÚBLICAS DESCENTRALIZADAS,ENTIDAD DESCENTRALIZADA TERMINAL METROPOLITANA EL ALTO,9342320.02
2026-09-11,INSTITUCIONES PÚBLICAS DESCENTRALIZADAS,ENTIDAD DIRECCIÓN DE LA TERMINAL DE BUSES DE TARIJA,3189068.46
2026-09-11,INSTITUCIONES PÚBLICAS DESCENTRALIZADAS,ENTIDAD MATADERO FRIGORIFICO MUNICIPAL DE TARIJA,4703751.23
2026-09-11,INSTITUCIONES PÚBLICAS DESCENTRALIZADAS,ENTIDAD MUNICIPAL DE ASEO POTOSI,15686815.790000001
2026-09-11,INSTITUCIONES PÚBLICAS DESCENTRALIZADAS,ENTIDAD MUNICIPAL DE ASEO URBANO SUCRE,24815411.349999998
2026-09-11,INSTITUCIONES PÚBLICAS DESCENTRALIZADAS,ENTIDAD OBRAS PUBLICAS MUNICIPALES DE TARIJA,27057300.85
2026-09-11,INSTITUCIONES PÚBLICAS DESCENTRALIZADAS,ENTIDAD ORDEN Y SEGURIDAD CIUDADANA MUNICIPAL DE TARIJA,10102052.69
2026-09-11,INSTITUCIONES PÚBLICAS DESCENTRALIZADAS,ENTIDAD ORDENAMIENTO TERRITORIAL DE TARIJA,7418025.26
2026-09-11,INSTITUCIONES PÚBLICAS DESCENTRALIZADAS,Entidad Descentralizada UMMIPRE PROMAN,12479688.3
2026-09-11,INSTITUCIONES PÚBLICAS DESCENTRALIZADAS,Entidad Ejecutora de Medio Ambiente y Agua,114336080.39
2026-09-11,INSTITUCIONES PÚBLICAS DESCENTRALIZADAS,Entidad de Servicios Integrales de Acceso a la Justicia,1176508.11
2026-09-11,INSTITUCIONES PÚBLICAS DESCENTRALIZADAS,Escuela Boliviana Intercultural de Danza ,1747294.59
2026-09-11,INSTITUCIONES PÚBLICAS DESCENTRALIZADAS,Escuela Boliviana Intercultural de Música,329812.28
2026-09-11,INSTITUCIONES PÚBLICAS DESCENTRALIZADAS,Escuela Militar de Ingeniería,48591236.77
2026-09-11,INSTITUCIONES PÚBLICAS DESCENTRALIZADAS,Escuela de Gestión Pública Plurinacional,9684270.25
2026-09-11,INSTITUCIONES PÚBLICAS DESCENTRALIZADAS,Escuela de Jueces del Estado,4365423.83
2026-09-11,INSTITUCIONES PÚBLICAS DESCENTRALIZADAS,Fondo Nacional de Desarrollo Forestal,16234523.32
2026-09-11,INSTITUCIONES PÚBLICAS DESCENTRALIZADAS,Fondo Nacional de Inversión Productiva y Social,37125989.97
2026-09-11,INSTITUCIONES PÚBLICAS DESCENTRALIZADAS,Fondo de Desarrollo Indigena,5364646.95
2026-09-11,INSTITUCIONES PÚBLICAS DESCENTRALIZADAS,Fundación Cultural del Banco Central de Bolivia,42806890.88
2026-09-11,INSTITUCIONES PÚBLICAS DESCENTRALIZADAS,Instituto Boliviano de la Ceguera,3381668.79
2026-09-11,INSTITUCIONES PÚBLICAS DESCENTRALIZADAS,Instituto Gastroenterológico del Bicentenario - Hospital de Cuarto Nivel,3178542.4099999997
2026-09-11,INSTITUCIONES PÚBLICAS DESCENTRALIZADAS,Instituto Nacional de Estadística,58876938.09
2026-09-11,INSTITUCIONES PÚBLICAS DESCENTRALIZADAS,Instituto Nacional de Innovación Agropecuaria y Forestal,22065996.330000002
2026-09-11,INSTITUCIONES PÚBLICAS DESCENTRALIZADAS,Instituto Nacional de Reforma Agraria,30113769.52
2026-09-11,INSTITUCIONES PÚBLICAS DESCENTRALIZADAS,Instituto Nacional de Salud Ocupacional,4575298.89
2026-09-11,INSTITUCIONES PÚBLICAS DESCENTRALIZADAS,Instituto Plurinacional de Estudio de Lenguas y Culturas,2861568.82
2026-09-11,INSTITUCIONES PÚBLICAS DESCENTRALIZADAS,Instituto del Seguro Agrario,7179335.0
2026-09-11,INSTITUCIONES PÚBLICAS DESCENTRALIZADAS,Insumos Bolivia,10208880.51
2026-09-11,INSTITUCIONES PÚBLICAS DESCENTRALIZADAS,Lotería Nacional de Beneficencia y Salubridad,6985379.91
2026-09-11,INSTITUCIONES PÚBLICAS DESCENTRALIZADAS,Museo Nacional de Historia Natural,895326.58
2026-09-11,INSTITUCIONES PÚBLICAS DESCENTRALIZADAS,Mutual de Servicios al Policía,399296897.34
2026-09-11,INSTITUCIONES PÚBLICAS DESCENTRALIZADAS,NUEVA VIDA SANTA CRUZ,4134594.61
2026-09-11,INSTITUCIONES PÚBLICAS DESCENTRALIZADAS,Navegación Aérea y Aeropuertos Bolivianos ,288606846.38
2026-09-11,INSTITUCIONES PÚBLICAS DESCENTRALIZADAS,Observatorio Plurinacional de la Calidad Educativa,1698194.97
2026-09-11,INSTITUCIONES PÚBLICAS DESCENTRALIZADAS,Oficina Técnica Nacional de los Ríos Pilcomayo y Bermejo,1224005.63
2026-09-11,INSTITUCIONES PÚBLICAS DESCENTRALIZADAS,OficinaTécnica para el Fortalecimiento de la Empresa Pública,3599119.66
2026-09-11,INSTITUCIONES PÚBLICAS DESCENTRALIZADAS,Orquesta Sinfónica Nacional,2753794.37
2026-09-11,INSTITUCIONES PÚBLICAS DESCENTRALIZADAS,Proyecto Sucre Ciudad Universitaria,1686943.21
2026-09-11,INSTITUCIONES PÚBLICAS DESCENTRALIZADAS,Registro Único para la Administración Tributaria Municipal,30465191.3
2026-09-11,INSTITUCIONES PÚBLICAS DESCENTRALIZADAS,SERVICIO DE ENCAUZAMIENTO DE RIOS (SEARPI),2588741.88
2026-09-11,INSTITUCIONES PÚBLICAS DESCENTRALIZADAS,Serv. Nal. de Reg. y Control de la Comer. de Minerales y Metales,14787160.26
2026-09-11,INSTITUCIONES PÚBLICAS DESCENTRALIZADAS,Serv. Nal. para la Sostenibilidad en Saneamiento Básico,780285.5900000001
2026-09-11,INSTITUCIONES PÚBLICAS DESCENTRALIZADAS,Servicio Departamental de Riego - Chuquisaca,268067.23
2026-09-11,INSTITUCIONES PÚBLICAS DESCENTRALIZADAS,Servicio Departamental de Riego - Cochabamba,268107.51
2026-09-11,INSTITUCIONES PÚBLICAS DESCENTRALIZADAS,Servicio Departamental de Riego - La Paz,906023.2999999999
2026-09-11,INSTITUCIONES PÚBLICAS DESCENTRALIZADAS,Servicio Departamental de Riego - Oruro,1002728.91
2026-09-11,INSTITUCIONES PÚBLICAS DESCENTRALIZADAS,Servicio Departamental de Riego - Potosí,975776.79
2026-09-11,INSTITUCIONES PÚBLICAS DESCENTRALIZADAS,Servicio Estatal de Autonomías,3571301.9
2026-09-11,INSTITUCIONES PÚBLICAS DESCENTRALIZADAS,Servicio General de Identificación Personal,89445054.82000001
2026-09-11,INSTITUCIONES PÚBLICAS DESCENTRALIZADAS,Servicio Geodésico de Mapas,1265319.11
2026-09-11,INSTITUCIONES PÚBLICAS DESCENTRALIZADAS,Servicio Geológico Minero ,12887080.49
2026-09-11,INSTITUCIONES PÚBLICAS DESCENTRALIZADAS,Servicio Nacional Textil,21149948.43
2026-09-11,INSTITUCIONES PÚBLICAS DESCENTRALIZADAS,Servicio Nacional de Aerofotogrametría,1703471.5499999998
2026-09-11,INSTITUCIONES PÚBLICAS DESCENTRALIZADAS,Servicio Nacional de Hidrografía Naval,514381.77
2026-09-11,INSTITUCIONES PÚBLICAS DESCENTRALIZADAS,Servicio Nacional de Meteorología e Hidrología,5496160.07
2026-09-11,INSTITUCIONES PÚBLICAS DESCENTRALIZADAS,Servicio Nacional de Riego,1761127.66
2026-09-11,INSTITUCIONES PÚBLICAS DESCENTRALIZADAS,Servicio Plurinacional de Asistencia a la Víctima,2925377.23
2026-09-11,INSTITUCIONES PÚBLICAS DESCENTRALIZADAS,Servicio Plurinacional de Defensa Pública,6742344.66
2026-09-11,INSTITUCIONES PÚBLICAS DESCENTRALIZADAS,Servicio Plurinacional de Registro de Comercio,20434343.57
2026-09-11,INSTITUCIONES PÚBLICAS DESCENTRALIZADAS,Servicio Plurinacional de la Mujer y de la Despatriarcalización Ana María Romero,1968205.13
2026-09-11,INSTITUCIONES PÚBLICAS DESCENTRALIZADAS,Servicio al Mejoramiento de la Navegación Amazónica,1088479.55
2026-09-11,INSTITUCIONES PÚBLICAS DESCENTRALIZADAS,Servicio de Desarrollo de las Empresas Púb. Productivas,650673978.72
2026-09-11,INSTITUCIONES PÚBLICAS DESCENTRALIZADAS,Servicio de Impuestos Nacionales,282424436.3
2026-09-11,INSTITUCIONES PÚBLICAS DESCENTRALIZADAS,Unidad de Análisis de Políticas Sociales y Económicas,6297502.33
2026-09-11,INSTITUCIONES PÚBLICAS DESCENTRALIZADAS,Unidad de Comunicación Estratégica del Estado Plurinacional de Bolivia,19511858.15
2026-09-11,INSTITUCIONES PÚBLICAS DESCENTRALIZADAS,Unidad de Investigaciones Financieras,12787370.95
2026-09-11,INSTITUCIONES PÚBLICAS DESCENTRALIZADAS,Univ. Indígena Bol. Comun. Intercult Prod. Apiaguaiki Tupa,4481420.37
2026-09-11,INSTITUCIONES PÚBLICAS DESCENTRALIZADAS,Univ. Indígena Bol. Comun. Intercult Prod. Casimiro Huanca,4052337.53
2026-09-11,INSTITUCIONES PÚBLICAS DESCENTRALIZADAS,Univ. Indígena Bol. Comun. Intercultl Prod. Tupak Katari,4842168.57
2026-09-11,INSTITUCIONES PÚBLICAS DESCENTRALIZADAS,Vías Bolivia,80155853.62
2026-09-11,INSTITUCIONES PÚBLICAS DESCENTRALIZADAS,Zona Franca Comercial e Industrial de Cobija,14552894.780000001
2026-09-11,ORGANOS DEL ESTADO PLURINACIONAL,Asamblea Legislativa Plurinacional,163317347.79
2026-09-11,ORGANOS DEL ESTADO PLURINACIONAL,Ministerio de Defensa,2209882316.41
2026-09-11,ORGANOS DEL ESTADO PLURINACIONAL,"Ministerio de Desarrollo Productivo, Rural y Agua",577524431.54
2026-09-11,ORGANOS DEL ESTADO PLURINACIONAL,Ministerio de Economía y Finanzas Públicas,153581995.09
2026-09-11,ORGANOS DEL ESTADO PLURINACIONAL,Ministerio de Educación,66783873.04
2026-09-11,ORGANOS DEL ESTADO PLURINACIONAL,Ministerio de Gobierno,3070300661.7
2026-09-11,ORGANOS DEL ESTADO PLURINACIONAL,Ministerio de Hidrocarburos y Energías,144520333.92
2026-09-11,ORGANOS DEL ESTADO PLURINACIONAL,Ministerio de Minería y Metalurgia,13131863.95
2026-09-11,ORGANOS DEL ESTADO PLURINACIONAL,"Ministerio de Obras Públicas, Servicios y Vivienda",135254979.59
2026-09-11,ORGANOS DEL ESTADO PLURINACIONAL,Ministerio de Planificación del Desarrollo y Medio Ambiente,161484187.9
2026-09-11,ORGANOS DEL ESTADO PLURINACIONAL,Ministerio de Relaciones Exteriores,143166039.97
2026-09-11,ORGANOS DEL ESTADO PLURINACIONAL,Ministerio de Salud y Deportes ,2109299618.45
2026-09-11,ORGANOS DEL ESTADO PLURINACIONAL,"Ministerio de Trabajo, Empleo y Previsión Social",34075693.97
2026-09-11,ORGANOS DEL ESTADO PLURINACIONAL,"Ministerio de Turismo Sostenible, Culturas, Folklore y Gastronomía",45446990.28
2026-09-11,ORGANOS DEL ESTADO PLURINACIONAL,Ministerio de la Presidencia,115264091.03
2026-09-11,ORGANOS DEL ESTADO PLURINACIONAL,Tribunal Constitucional Plurinacional,41894347.18
2026-09-11,ORGANOS DEL ESTADO PLURINACIONAL,Vicepresidencia del Estado Plurinacional,5635166.41
2026-09-11,ORGANOS DEL ESTADO PLURINACIONAL,Órgano Electoral Plurinacional,377993389.0
2026-09-11,ORGANOS DEL ESTADO PLURINACIONAL,Órgano Judicial,726754123.61
2026-09-11,UNIVERSIDADES PÚBLICAS,Universidad Amazónica de Pando,74167633.22
2026-09-11,UNIVERSIDADES PÚBLICAS,Universidad Autónoma Gabriel René Moreno,747569755.09
2026-09-11,UNIVERSIDADES PÚBLICAS,Universidad Autónoma Juan Misael Saracho,201070834.37
2026-09-11,UNIVERSIDADES PÚBLICAS,Universidad Autónoma Tomás Frías,170211731.76
2026-09-11,UNIVERSIDADES PÚBLICAS,Universidad Autónoma del Beni José Ballivián,186989630.04
2026-09-11,UNIVERSIDADES PÚBLICAS,Universidad Mayor Real y Pontificia de San Francisco Xavier,297942635.9
2026-09-11,UNIVERSIDADES PÚBLICAS,Universidad Mayor de San Andrés,633869186.59
2026-09-11,UNIVERSIDADES PÚBLICAS,Universidad Mayor de San Simón,592076066.19
2026-09-11,UNIVERSIDADES PÚBLICAS,Universidad Nacional Siglo XX,75532018.69
2026-09-11,UNIVERSIDADES PÚBLICAS,Universidad Pública de El Alto,243498274.97
2026-09-11,UNIVERSIDADES PÚBLICAS,Universidad Técnica de Oruro,146168019.95
