fecha,departamento,municipio,devengado
2026-08-12,BENI,Baures,50658.33
2026-08-12,BENI,Baures,1411190.97
2026-08-12,BENI,Exaltación,50330.0
2026-08-12,BENI,Exaltación,1126387.9
2026-08-12,BENI,GIA Territorio Indígena Multiétnico,169148.83000000002
2026-08-12,BENI,Huacaraje,10500.0
2026-08-12,BENI,Huacaraje,482489.32
2026-08-12,BENI,Loreto,26508.78
2026-08-12,BENI,Loreto,303923.47000000003
2026-08-12,BENI,MULTIMUNICIPAL,38049.109999999986
2026-08-12,BENI,MULTIMUNICIPAL,353945.1000000001
2026-08-12,BENI,Magdalena,11832.4
2026-08-12,BENI,Magdalena,1204650.08
2026-08-12,BENI,PUERTO SILES,12000.0
2026-08-12,BENI,PUERTO SILES,37207.16
2026-08-12,BENI,Puerto Guayaramerín,12750.0
2026-08-12,BENI,Puerto Guayaramerín,703604.1599999999
2026-08-12,BENI,Puerto Guayaramerín,1457198.3499999996
2026-08-12,BENI,Puerto Guayaramerín,2746692.9699999997
2026-08-12,BENI,Puerto Rurrenabaque,2958143.28
2026-08-12,BENI,Reyes,911026.8099999999
2026-08-12,BENI,Riberalta,110673.97
2026-08-12,BENI,Riberalta,135212.6099999985
2026-08-12,BENI,Riberalta,212439.88
2026-08-12,BENI,Riberalta,681359.18
2026-08-12,BENI,Riberalta,4494529.220000001
2026-08-12,BENI,Riberalta,10094663.27
2026-08-12,BENI,San Andrés,15866.35
2026-08-12,BENI,San Andrés,783951.0899999999
2026-08-12,BENI,San Andrés,1147483.4399999995
2026-08-12,BENI,San Andrés,2145776.3200000003
2026-08-12,BENI,San Borja,1510.0
2026-08-12,BENI,San Borja,8692.4
2026-08-12,BENI,San Borja,59436.47999999999
2026-08-12,BENI,San Borja,5273924.840000001
2026-08-12,BENI,San Ignacio,61.40000000000009
2026-08-12,BENI,San Ignacio,46879.58999999998
2026-08-12,BENI,San Ignacio,250095.99999999988
2026-08-12,BENI,San Ignacio,1895499.1
2026-08-12,BENI,San Javier,32555.52
2026-08-12,BENI,San Javier,897297.4600000001
2026-08-12,BENI,San Joaquín,42449.43
2026-08-12,BENI,San Joaquín,740658.4299999999
2026-08-12,BENI,San Ramón,16232.7
2026-08-12,BENI,San Ramón,235507.37999999998
2026-08-12,BENI,Santa Ana,52514.119999999995
2026-08-12,BENI,Santa Ana,2056551.5999999999
2026-08-12,BENI,Santa Rosa,2273.5
2026-08-12,BENI,Santa Rosa,2757407.7199999997
2026-08-12,BENI,Trinidad,222.0
2026-08-12,BENI,Trinidad,4634.270000000009
2026-08-12,BENI,Trinidad,62358.17000000001
2026-08-12,BENI,Trinidad,69006.48999999999
2026-08-12,BENI,Trinidad,115011.5999999999
2026-08-12,BENI,Trinidad,174644.44999999998
2026-08-12,BENI,Trinidad,230559.66999999998
2026-08-12,BENI,Trinidad,304826.3
2026-08-12,BENI,Trinidad,358646.35
2026-08-12,BENI,Trinidad,896954.0199999999
2026-08-12,BENI,Trinidad,3427300.4099999997
2026-08-12,BENI,Trinidad,4925868.880000001
2026-08-12,BENI,Trinidad,5125896.410000001
2026-08-12,BENI,Trinidad,8511805.52
2026-08-12,BENI,Trinidad,16158306.03
2026-08-12,BENI,Trinidad,30661268.509999998
2026-08-12,BENI,Trinidad,74739051.96
2026-08-12,BENI,,7318208.620000001
2026-08-12,BINACIONAL,Binacional,146139.52000000002
2026-08-12,CHUQUISACA,ATIOC Guaraní Chaqueño de Huacaya,899933.27
2026-08-12,CHUQUISACA,Camargo,13918.689999999999
2026-08-12,CHUQUISACA,Camargo,533179.4199999999
2026-08-12,CHUQUISACA,Camargo,1283683.8
2026-08-12,CHUQUISACA,Camataqui (Villa Abecia),385235.62
2026-08-12,CHUQUISACA,Culpina,33012.560000000005
2026-08-12,CHUQUISACA,Culpina,47989.479999999996
2026-08-12,CHUQUISACA,Culpina,2060666.9
2026-08-12,CHUQUISACA,El Villar,12183.98
2026-08-12,CHUQUISACA,El Villar,984942.02
2026-08-12,CHUQUISACA,Icla,726743.8300000001
2026-08-12,CHUQUISACA,Incahuasi,1143042.6199999999
2026-08-12,CHUQUISACA,Las Carreras,20256.210000000006
2026-08-12,CHUQUISACA,Las Carreras,369245.06
2026-08-12,CHUQUISACA,Las Carreras,844721.3300000001
2026-08-12,CHUQUISACA,MULTIMUNICIPAL,3271.17
2026-08-12,CHUQUISACA,MULTIMUNICIPAL,17670.44000000001
2026-08-12,CHUQUISACA,MULTIMUNICIPAL,875130.8600000001
2026-08-12,CHUQUISACA,MULTIMUNICIPAL,11006768.940000001
2026-08-12,CHUQUISACA,MULTIMUNICIPAL,95892607.74
2026-08-12,CHUQUISACA,Machareti,116796.70000000029
2026-08-12,CHUQUISACA,Machareti,157541.65000000002
2026-08-12,CHUQUISACA,Machareti,762894.6099999999
2026-08-12,CHUQUISACA,Monteagudo,136.5
2026-08-12,CHUQUISACA,Monteagudo,87611.01999999999
2026-08-12,CHUQUISACA,Monteagudo,620328.7000000002
2026-08-12,CHUQUISACA,Monteagudo,3004375.88
2026-08-12,CHUQUISACA,Multimunicipal,12312.74
2026-08-12,CHUQUISACA,Multimunicipal,44258.929999999986
2026-08-12,CHUQUISACA,Multimunicipal,631730.8
2026-08-12,CHUQUISACA,Multimunicipal,3094473.31
2026-08-12,CHUQUISACA,Padilla,33915.909999999996
2026-08-12,CHUQUISACA,Padilla,383043.38000000006
2026-08-12,CHUQUISACA,Poroma,39593.25000000002
2026-08-12,CHUQUISACA,Poroma,672229.61
2026-08-12,CHUQUISACA,Presto,55996.509999999995
2026-08-12,CHUQUISACA,Presto,231995.02000000014
2026-08-12,CHUQUISACA,Presto,454408.73999999993
2026-08-12,CHUQUISACA,Presto,1427946.5699999998
2026-08-12,CHUQUISACA,San Lucas,780947.3200000001
2026-08-12,CHUQUISACA,San Lucas,2844391.45
2026-08-12,CHUQUISACA,San Pablo de Huacareta,633448.4400000001
2026-08-12,CHUQUISACA,Sopachuy,61917.73
2026-08-12,CHUQUISACA,Sopachuy,418520.2
2026-08-12,CHUQUISACA,Sucre,1684.0
2026-08-12,CHUQUISACA,Sucre,1757.17
2026-08-12,CHUQUISACA,Sucre,3708.8
2026-08-12,CHUQUISACA,Sucre,15588.280000000002
2026-08-12,CHUQUISACA,Sucre,16152.0
2026-08-12,CHUQUISACA,Sucre,17070.070000000007
2026-08-12,CHUQUISACA,Sucre,19240.0
2026-08-12,CHUQUISACA,Sucre,38311.91
2026-08-12,CHUQUISACA,Sucre,57157.14
2026-08-12,CHUQUISACA,Sucre,86805.84
2026-08-12,CHUQUISACA,Sucre,98980.78
2026-08-12,CHUQUISACA,Sucre,113523.34
2026-08-12,CHUQUISACA,Sucre,160544.45
2026-08-12,CHUQUISACA,Sucre,163374.38999999998
2026-08-12,CHUQUISACA,Sucre,200664.58999999997
2026-08-12,CHUQUISACA,Sucre,301307.72000000003
2026-08-12,CHUQUISACA,Sucre,397326.3799999999
2026-08-12,CHUQUISACA,Sucre,732427.6100000001
2026-08-12,CHUQUISACA,Sucre,754031.6799999997
2026-08-12,CHUQUISACA,Sucre,961086.2899999999
2026-08-12,CHUQUISACA,Sucre,2572446.950000001
2026-08-12,CHUQUISACA,Sucre,3265268.5899999994
2026-08-12,CHUQUISACA,Sucre,3575545.42
2026-08-12,CHUQUISACA,Sucre,3703245.510000001
2026-08-12,CHUQUISACA,Sucre,5769568.780000001
2026-08-12,CHUQUISACA,Sucre,5995361.209999999
2026-08-12,CHUQUISACA,Sucre,9255585.070000002
2026-08-12,CHUQUISACA,Sucre,13439277.479999997
2026-08-12,CHUQUISACA,Sucre,21166590.04
2026-08-12,CHUQUISACA,Sucre,22609220.52
2026-08-12,CHUQUISACA,Sucre,38218551.07
2026-08-12,CHUQUISACA,Sucre,44609235.88
2026-08-12,CHUQUISACA,TARVITA (VILLA ORIAS),28600.0
2026-08-12,CHUQUISACA,TARVITA (VILLA ORIAS),1100368.5
2026-08-12,CHUQUISACA,Tarabuco,826571.0
2026-08-12,CHUQUISACA,Tomina,640026.54
2026-08-12,CHUQUISACA,Villa Alcalá,66601.82
2026-08-12,CHUQUISACA,Villa Azurduy,1146653.87
2026-08-12,CHUQUISACA,Villa Charcas,2372125.93
2026-08-12,CHUQUISACA,Villa Mojocoya,2372.25
2026-08-12,CHUQUISACA,Villa Mojocoya,48926.24
2026-08-12,CHUQUISACA,Villa Mojocoya,1053618.82
2026-08-12,CHUQUISACA,Villa Serrano,1124370.71
2026-08-12,CHUQUISACA,Villa Vaca Guzmán,448664.23000000016
2026-08-12,CHUQUISACA,Villa Vaca Guzmán,1336100.79
2026-08-12,CHUQUISACA,Villa Zudañez (Tacopaya),1549708.23
2026-08-12,CHUQUISACA,Villa Zudañez (Tacopaya),3880841.4200000004
2026-08-12,CHUQUISACA,YAMPAPARÁEZ,14908.150000000003
2026-08-12,CHUQUISACA,YAMPAPARÁEZ,455771.58
2026-08-12,CHUQUISACA,YAMPAPARÁEZ,1795582.6
2026-08-12,CHUQUISACA,Yotala,39927.11
2026-08-12,CHUQUISACA,Yotala,1487328.82
2026-08-12,CHUQUISACA,,662412.26
2026-08-12,COCHABAMBA,Aiquile,639843.38
2026-08-12,COCHABAMBA,Aiquile,1588721.7999999998
2026-08-12,COCHABAMBA,Aiquile,2889424.13
2026-08-12,COCHABAMBA,Alalay,250207.52999999997
2026-08-12,COCHABAMBA,Anzaldo,470794.64
2026-08-12,COCHABAMBA,Arani,895520.04
2026-08-12,COCHABAMBA,Arbieto,2541165.69
2026-08-12,COCHABAMBA,Arque,867209.36
2026-08-12,COCHABAMBA,Arque,872462.9600000001
2026-08-12,COCHABAMBA,Bolivar,515953.21
2026-08-12,COCHABAMBA,COCHABAMBA,360.0
2026-08-12,COCHABAMBA,COCHABAMBA,377.0
2026-08-12,COCHABAMBA,COCHABAMBA,2977.4700000000003
2026-08-12,COCHABAMBA,COCHABAMBA,28722.95
2026-08-12,COCHABAMBA,COCHABAMBA,41543.87999999999
2026-08-12,COCHABAMBA,COCHABAMBA,51819.64
2026-08-12,COCHABAMBA,COCHABAMBA,78278.23
2026-08-12,COCHABAMBA,COCHABAMBA,224701.29
2026-08-12,COCHABAMBA,COCHABAMBA,457061.53
2026-08-12,COCHABAMBA,COCHABAMBA,565198.0199999999
2026-08-12,COCHABAMBA,COCHABAMBA,841313.36
2026-08-12,COCHABAMBA,COCHABAMBA,1061046.9
2026-08-12,COCHABAMBA,COCHABAMBA,1455505.6600000001
2026-08-12,COCHABAMBA,COCHABAMBA,1544570.9600000004
2026-08-12,COCHABAMBA,COCHABAMBA,2654136.74
2026-08-12,COCHABAMBA,COCHABAMBA,2882968.0200000005
2026-08-12,COCHABAMBA,COCHABAMBA,3176914.6400000006
2026-08-12,COCHABAMBA,COCHABAMBA,3436605.5900000003
2026-08-12,COCHABAMBA,COCHABAMBA,4472215.380000002
2026-08-12,COCHABAMBA,COCHABAMBA,10188941.419999998
2026-08-12,COCHABAMBA,COCHABAMBA,11077215.32
2026-08-12,COCHABAMBA,COCHABAMBA,13824395.930000003
2026-08-12,COCHABAMBA,COCHABAMBA,16189278.51
2026-08-12,COCHABAMBA,COCHABAMBA,31265804.459999997
2026-08-12,COCHABAMBA,COCHABAMBA,60017535.480000004
2026-08-12,COCHABAMBA,COCHABAMBA,75876733.79
2026-08-12,COCHABAMBA,COCHABAMBA,117143187.46000001
2026-08-12,COCHABAMBA,COCHABAMBA,255945996.51999998
2026-08-12,COCHABAMBA,COCHABAMBA,400969293.4799999
2026-08-12,COCHABAMBA,Capinota,11134.95
2026-08-12,COCHABAMBA,Capinota,1770445.85
2026-08-12,COCHABAMBA,Chimoré,3150.0
2026-08-12,COCHABAMBA,Chimoré,70674.24
2026-08-12,COCHABAMBA,Chimoré,95690.68
2026-08-12,COCHABAMBA,Chimoré,128962.77
2026-08-12,COCHABAMBA,Chimoré,4504371.74
2026-08-12,COCHABAMBA,Cliza,617126.8800000001
2026-08-12,COCHABAMBA,Cliza,3168807.06
2026-08-12,COCHABAMBA,Cocapata,2865774.71
2026-08-12,COCHABAMBA,Colcapirhua,9817840.71
2026-08-12,COCHABAMBA,Colomi,3121733.9499999997
2026-08-12,COCHABAMBA,Entre Rios,3295143.0599999996
2026-08-12,COCHABAMBA,Independencia,1393436.17
2026-08-12,COCHABAMBA,MULTIMUNICIPAL,164576.24000000002
2026-08-12,COCHABAMBA,MULTIMUNICIPAL,177094.06000000052
2026-08-12,COCHABAMBA,MULTIMUNICIPAL,192459.21999999997
2026-08-12,COCHABAMBA,MULTIMUNICIPAL,345477.21
2026-08-12,COCHABAMBA,MULTIMUNICIPAL,417213.79
2026-08-12,COCHABAMBA,MULTIMUNICIPAL,564017.3999999999
2026-08-12,COCHABAMBA,MULTIMUNICIPAL,5675191.580000001
2026-08-12,COCHABAMBA,Mizque,11928.68
2026-08-12,COCHABAMBA,Mizque,1179686.77
2026-08-12,COCHABAMBA,Mizque,1872690.8
2026-08-12,COCHABAMBA,Morochata,41264.7
2026-08-12,COCHABAMBA,Morochata,1496386.69
2026-08-12,COCHABAMBA,Multimunicipal,30000.0
2026-08-12,COCHABAMBA,Multimunicipal,93940.0
2026-08-12,COCHABAMBA,Multimunicipal,195102.84
2026-08-12,COCHABAMBA,Multimunicipal,1797838.1199999999
2026-08-12,COCHABAMBA,Omereque,476661.81
2026-08-12,COCHABAMBA,Omereque,1322834.09
2026-08-12,COCHABAMBA,Pasorapa,2063674.4500000002
2026-08-12,COCHABAMBA,Pocona,538467.16
2026-08-12,COCHABAMBA,Pojo,1115218.76
2026-08-12,COCHABAMBA,Puerto Villarroel,66227.76
2026-08-12,COCHABAMBA,Puerto Villarroel,2829930.8500000006
2026-08-12,COCHABAMBA,Puerto Villarroel,7007386.88
2026-08-12,COCHABAMBA,Punata,3319275.3899999997
2026-08-12,COCHABAMBA,Quillacollo,13684.0
2026-08-12,COCHABAMBA,Quillacollo,357643.4300000006
2026-08-12,COCHABAMBA,Quillacollo,23393558.79
2026-08-12,COCHABAMBA,SAN BENITO (VILLA JOSÉ QUINTIN MENDOZA),1830484.2799999998
2026-08-12,COCHABAMBA,Sacaba,408230.0
2026-08-12,COCHABAMBA,Sacaba,742353.27
2026-08-12,COCHABAMBA,Sacaba,828708.71
2026-08-12,COCHABAMBA,Sacaba,1111606.2799999998
2026-08-12,COCHABAMBA,Sacaba,22410729.830000002
2026-08-12,COCHABAMBA,Sacabamba,206172.49
2026-08-12,COCHABAMBA,Santivañez,29186.29
2026-08-12,COCHABAMBA,Santivañez,513268.99000000005
2026-08-12,COCHABAMBA,Santivañez,1642923.44
2026-08-12,COCHABAMBA,Shinaota,3135922.71
2026-08-12,COCHABAMBA,Sicaya,203058.14
2026-08-12,COCHABAMBA,Sipe Sipe,4006728.48
2026-08-12,COCHABAMBA,TIOC Raqaypampa,312270.95999999996
2026-08-12,COCHABAMBA,Tacachi,36891.89
2026-08-12,COCHABAMBA,Tacopaya,1071138.01
2026-08-12,COCHABAMBA,Tapacari,159043.86
2026-08-12,COCHABAMBA,Tapacari,2431859.71
2026-08-12,COCHABAMBA,Tarata,770456.22
2026-08-12,COCHABAMBA,Tiquipaya,1384617.58
2026-08-12,COCHABAMBA,Tiquipaya,11664736.67
2026-08-12,COCHABAMBA,Tiraque,32434.429999999997
2026-08-12,COCHABAMBA,Tiraque,70535.31
2026-08-12,COCHABAMBA,Tiraque,1241885.36
2026-08-12,COCHABAMBA,Toco,844805.86
2026-08-12,COCHABAMBA,Tolata,455682.57999999996
2026-08-12,COCHABAMBA,Totora,43650.0
2026-08-12,COCHABAMBA,Totora,68712.87
2026-08-12,COCHABAMBA,Totora,880740.099999994
2026-08-12,COCHABAMBA,Totora,1033524.68
2026-08-12,COCHABAMBA,Vacas,408462.52999999997
2026-08-12,COCHABAMBA,Vila Vila,149647.8999999999
2026-08-12,COCHABAMBA,Vila Vila,835481.66
2026-08-12,COCHABAMBA,Villa Gualberto Villarroel,325281.64
2026-08-12,COCHABAMBA,Villa Rivero,631944.13
2026-08-12,COCHABAMBA,Villa Tunari,43481.97999999998
2026-08-12,COCHABAMBA,Villa Tunari,223414.34999999995
2026-08-12,COCHABAMBA,Villa Tunari,2460245.8000000003
2026-08-12,COCHABAMBA,Villa Tunari,12038765.99
2026-08-12,COCHABAMBA,Vinto,5724912.930000001
2026-08-12,COCHABAMBA,,24359636.49
2026-08-12,LA PAZ,Achacachi,26239.0
2026-08-12,LA PAZ,Achacachi,1186761.3500000006
2026-08-12,LA PAZ,Achacachi,4405036.07
2026-08-12,LA PAZ,Achocalla Municipio Ecológico ,4241495.670000001
2026-08-12,LA PAZ,Alto Beni,474463.36
2026-08-12,LA PAZ,Ancoraimes,1322569.7499999998
2026-08-12,LA PAZ,Apolo,1007308.72
2026-08-12,LA PAZ,Aucapata,833796.82
2026-08-12,LA PAZ,Ayata,367428.31000000006
2026-08-12,LA PAZ,Ayo Ayo,459600.11000000004
2026-08-12,LA PAZ,Batallas,68625.31
2026-08-12,LA PAZ,Batallas,627056.0999999999
2026-08-12,LA PAZ,Batallas,3023777.0500000007
2026-08-12,LA PAZ,CHUMA,451554.64999999997
2026-08-12,LA PAZ,COROCORO,954020.6300000001
2026-08-12,LA PAZ,Cairoma,56325.10999999999
2026-08-12,LA PAZ,Cairoma,681303.12
2026-08-12,LA PAZ,Cajuata,9021.419999999998
2026-08-12,LA PAZ,Cajuata,1365437.66
2026-08-12,LA PAZ,Calacoto,973051.2599999999
2026-08-12,LA PAZ,Calacoto,4354481.81
2026-08-12,LA PAZ,Calamarca,65000.0
2026-08-12,LA PAZ,Calamarca,1638770.93
2026-08-12,LA PAZ,Caquiaviri,240120.79999999993
2026-08-12,LA PAZ,Caquiaviri,415639.82
2026-08-12,LA PAZ,Caquiaviri,1691725.64
2026-08-12,LA PAZ,Carabuco,154420.28
2026-08-12,LA PAZ,Caranavi,15972.0
2026-08-12,LA PAZ,Caranavi,20679.4
2026-08-12,LA PAZ,Caranavi,46467.7
2026-08-12,LA PAZ,Caranavi,5060161.109999999
2026-08-12,LA PAZ,Catacora,218984.37
2026-08-12,LA PAZ,Chacarilla,108528.66
2026-08-12,LA PAZ,Charaña,316921.04
2026-08-12,LA PAZ,Chua Cocani,433452.33999999997
2026-08-12,LA PAZ,Chulumani (Villa de la Libertad),7500.0
2026-08-12,LA PAZ,Chulumani (Villa de la Libertad),10000.0
2026-08-12,LA PAZ,Chulumani (Villa de la Libertad),2517299.26
2026-08-12,LA PAZ,Collana,431482.80999999994
2026-08-12,LA PAZ,Colquencha,2008330.1300000001
2026-08-12,LA PAZ,Colquiri,1241374.77
2026-08-12,LA PAZ,Colquiri,1652254.53
2026-08-12,LA PAZ,Comanche,202610.65999999997
2026-08-12,LA PAZ,Comanche,609716.14
2026-08-12,LA PAZ,Combaya,176994.41
2026-08-12,LA PAZ,Copacabana,71335.88999999998
2026-08-12,LA PAZ,Copacabana,649653.4600000001
2026-08-12,LA PAZ,Coripata,158493.9
2026-08-12,LA PAZ,Coripata,1429010.0899999999
2026-08-12,LA PAZ,Coroico,11178.57
2026-08-12,LA PAZ,Coroico,90803.59999999999
2026-08-12,LA PAZ,Coroico,129359.16999999998
2026-08-12,LA PAZ,Coroico,1255411.0599999998
2026-08-12,LA PAZ,Curva,316571.56
2026-08-12,LA PAZ,Desaguadero,770597.01
2026-08-12,LA PAZ,El Alto de La Paz,12322.02
2026-08-12,LA PAZ,El Alto de La Paz,57334.0
2026-08-12,LA PAZ,El Alto de La Paz,222952.36000000007
2026-08-12,LA PAZ,El Alto de La Paz,239130.46000000002
2026-08-12,LA PAZ,El Alto de La Paz,241887.00999999992
2026-08-12,LA PAZ,El Alto de La Paz,278042.18999999994
2026-08-12,LA PAZ,El Alto de La Paz,338899.96
2026-08-12,LA PAZ,El Alto de La Paz,364499.99999999977
2026-08-12,LA PAZ,El Alto de La Paz,490117.43000000017
2026-08-12,LA PAZ,El Alto de La Paz,757539.12
2026-08-12,LA PAZ,El Alto de La Paz,1200715.9299999997
2026-08-12,LA PAZ,El Alto de La Paz,1919075.2999999996
2026-08-12,LA PAZ,El Alto de La Paz,2357445.9400000004
2026-08-12,LA PAZ,El Alto de La Paz,2637872.9899999993
2026-08-12,LA PAZ,El Alto de La Paz,2678801.0199999996
2026-08-12,LA PAZ,El Alto de La Paz,2943579.4099999997
2026-08-12,LA PAZ,El Alto de La Paz,40264949.90000001
2026-08-12,LA PAZ,El Alto de La Paz,66707810.53
2026-08-12,LA PAZ,Escoma,182160.33000000002
2026-08-12,LA PAZ,GUAQUI,489928.82000000007
2026-08-12,LA PAZ,GUAQUI,543561.2200000002
2026-08-12,LA PAZ,General Juan José Pérez (Charazani),1077395.56
2026-08-12,LA PAZ,Guanay,486779.7
2026-08-12,LA PAZ,Guanay,1800839.0499999998
2026-08-12,LA PAZ,Huarina,31251.82
2026-08-12,LA PAZ,Huarina,2060897.62
2026-08-12,LA PAZ,Huatajata,658325.63
2026-08-12,LA PAZ,Humanata,393447.48
2026-08-12,LA PAZ,Humanata,455226.53
2026-08-12,LA PAZ,ICHOCA,772166.67
2026-08-12,LA PAZ,INQUISIVI,192282.29000000004
2026-08-12,LA PAZ,INQUISIVI,996742.3800000001
2026-08-12,LA PAZ,INQUISIVI,1408977.36
2026-08-12,LA PAZ,Irupana (Villa de Lanza),65512.990000000005
2026-08-12,LA PAZ,Irupana (Villa de Lanza),151095.85
2026-08-12,LA PAZ,Irupana (Villa de Lanza),1160000.76
2026-08-12,LA PAZ,Ixiamas,8000.0
2026-08-12,LA PAZ,Ixiamas,12390.279999999999
2026-08-12,LA PAZ,Ixiamas,34506.57
2026-08-12,LA PAZ,Ixiamas,1034355.62
2026-08-12,LA PAZ,Jesús de Machaca,1288105.68
2026-08-12,LA PAZ,LA PAZ,24632.86
2026-08-12,LA PAZ,LA PAZ,26960.56
2026-08-12,LA PAZ,LA PAZ,40179.0
2026-08-12,LA PAZ,LA PAZ,80255.08
2026-08-12,LA PAZ,LA PAZ,80697.3
2026-08-12,LA PAZ,LA PAZ,81860.65999999999
2026-08-12,LA PAZ,LA PAZ,110249.28
2026-08-12,LA PAZ,LA PAZ,112060.19999999998
2026-08-12,LA PAZ,LA PAZ,163943.93000000002
2026-08-12,LA PAZ,LA PAZ,177441.72
2026-08-12,LA PAZ,LA PAZ,209510.38000000006
2026-08-12,LA PAZ,LA PAZ,215989.41000000003
2026-08-12,LA PAZ,LA PAZ,225342.55000000008
2026-08-12,LA PAZ,LA PAZ,227688.00000000012
2026-08-12,LA PAZ,LA PAZ,269890.87999999995
2026-08-12,LA PAZ,LA PAZ,270975.48
2026-08-12,LA PAZ,LA PAZ,298533.33
2026-08-12,LA PAZ,LA PAZ,315758.22
2026-08-12,LA PAZ,LA PAZ,332260.87999999983
2026-08-12,LA PAZ,LA PAZ,355569.38
2026-08-12,LA PAZ,LA PAZ,422979.3
2026-08-12,LA PAZ,LA PAZ,452602.83999999997
2026-08-12,LA PAZ,LA PAZ,467536.91
2026-08-12,LA PAZ,LA PAZ,483820.64999999997
2026-08-12,LA PAZ,LA PAZ,485475.9
2026-08-12,LA PAZ,LA PAZ,490605.1599999999
2026-08-12,LA PAZ,LA PAZ,516687.05000000005
2026-08-12,LA PAZ,LA PAZ,517808.36000000016
2026-08-12,LA PAZ,LA PAZ,550493.61
2026-08-12,LA PAZ,LA PAZ,593017.4600000001
2026-08-12,LA PAZ,LA PAZ,642632.9400000003
2026-08-12,LA PAZ,LA PAZ,663328.1800000002
2026-08-12,LA PAZ,LA PAZ,727294.77
2026-08-12,LA PAZ,LA PAZ,748206.1599999999
2026-08-12,LA PAZ,LA PAZ,768039.7300000001
2026-08-12,LA PAZ,LA PAZ,768853.25
2026-08-12,LA PAZ,LA PAZ,778229.62
2026-08-12,LA PAZ,LA PAZ,794891.36
2026-08-12,LA PAZ,LA PAZ,806436.08
2026-08-12,LA PAZ,LA PAZ,844516.89
2026-08-12,LA PAZ,LA PAZ,871445.47
2026-08-12,LA PAZ,LA PAZ,886340.5000000001
2026-08-12,LA PAZ,LA PAZ,900748.52
2026-08-12,LA PAZ,LA PAZ,952489.6
2026-08-12,LA PAZ,LA PAZ,1024407.2499999998
2026-08-12,LA PAZ,LA PAZ,1028637.4400000002
2026-08-12,LA PAZ,LA PAZ,1093373.41
2026-08-12,LA PAZ,LA PAZ,1107563.2999999998
2026-08-12,LA PAZ,LA PAZ,1161766.92
2026-08-12,LA PAZ,LA PAZ,1216143.7100000004
2026-08-12,LA PAZ,LA PAZ,1347521.67
2026-08-12,LA PAZ,LA PAZ,1436160.52
2026-08-12,LA PAZ,LA PAZ,1455126.7600000002
2026-08-12,LA PAZ,LA PAZ,1457533.9199999995
2026-08-12,LA PAZ,LA PAZ,1478077.6400000001
2026-08-12,LA PAZ,LA PAZ,1502149.1500000001
2026-08-12,LA PAZ,LA PAZ,1578218.2999999998
2026-08-12,LA PAZ,LA PAZ,1726867.6900000006
2026-08-12,LA PAZ,LA PAZ,1783404.9000000001
2026-08-12,LA PAZ,LA PAZ,2031489.4700000002
2026-08-12,LA PAZ,LA PAZ,2083665.1899999992
2026-08-12,LA PAZ,LA PAZ,2131391.09
2026-08-12,LA PAZ,LA PAZ,2148571.97
2026-08-12,LA PAZ,LA PAZ,2186149.2600000002
2026-08-12,LA PAZ,LA PAZ,2202152.96
2026-08-12,LA PAZ,LA PAZ,2387113.2
2026-08-12,LA PAZ,LA PAZ,2414370.37
2026-08-12,LA PAZ,LA PAZ,2460704.4
2026-08-12,LA PAZ,LA PAZ,2539922.0099999993
2026-08-12,LA PAZ,LA PAZ,2601405.13
2026-08-12,LA PAZ,LA PAZ,2609140.3900000006
2026-08-12,LA PAZ,LA PAZ,2744897.6100000003
2026-08-12,LA PAZ,LA PAZ,2752104.42
2026-08-12,LA PAZ,LA PAZ,2882814.519999999
2026-08-12,LA PAZ,LA PAZ,3006317.279999999
2026-08-12,LA PAZ,LA PAZ,3117943.4500000007
2026-08-12,LA PAZ,LA PAZ,3128178.81
2026-08-12,LA PAZ,LA PAZ,3139644.8600000013
2026-08-12,LA PAZ,LA PAZ,3201932.77
2026-08-12,LA PAZ,LA PAZ,3512985.7300000014
2026-08-12,LA PAZ,LA PAZ,3726060.21
2026-08-12,LA PAZ,LA PAZ,4282211.81
2026-08-12,LA PAZ,LA PAZ,4376573.980000003
2026-08-12,LA PAZ,LA PAZ,4609715.549999999
2026-08-12,LA PAZ,LA PAZ,4634442.279999999
2026-08-12,LA PAZ,LA PAZ,4675943.0
2026-08-12,LA PAZ,LA PAZ,5021124.39
2026-08-12,LA PAZ,LA PAZ,5175381.579999998
2026-08-12,LA PAZ,LA PAZ,5424856.999999997
2026-08-12,LA PAZ,LA PAZ,6627149.39
2026-08-12,LA PAZ,LA PAZ,7140149.619999998
2026-08-12,LA PAZ,LA PAZ,7202728.420000001
2026-08-12,LA PAZ,LA PAZ,7517828.03
2026-08-12,LA PAZ,LA PAZ,7994198.710000002
2026-08-12,LA PAZ,LA PAZ,8076403.1899999995
2026-08-12,LA PAZ,LA PAZ,8438001.089999998
2026-08-12,LA PAZ,LA PAZ,8452085.44
2026-08-12,LA PAZ,LA PAZ,9601379.57
2026-08-12,LA PAZ,LA PAZ,10615256.26
2026-08-12,LA PAZ,LA PAZ,11005923.959999999
2026-08-12,LA PAZ,LA PAZ,13543085.450000001
2026-08-12,LA PAZ,LA PAZ,14180338.300000004
2026-08-12,LA PAZ,LA PAZ,14548984.889999997
2026-08-12,LA PAZ,LA PAZ,15109296.929999996
2026-08-12,LA PAZ,LA PAZ,15579838.010000002
2026-08-12,LA PAZ,LA PAZ,15677635.509999998
2026-08-12,LA PAZ,LA PAZ,16105300.470000003
2026-08-12,LA PAZ,LA PAZ,16212707.940000003
2026-08-12,LA PAZ,LA PAZ,16469143.540000001
2026-08-12,LA PAZ,LA PAZ,17668272.649999995
2026-08-12,LA PAZ,LA PAZ,19363828.150000002
2026-08-12,LA PAZ,LA PAZ,22174450.43
2026-08-12,LA PAZ,LA PAZ,27803012.26999999
2026-08-12,LA PAZ,LA PAZ,31743069.41
2026-08-12,LA PAZ,LA PAZ,32479343.730000004
2026-08-12,LA PAZ,LA PAZ,40689701.16
2026-08-12,LA PAZ,LA PAZ,62022619.660000004
2026-08-12,LA PAZ,LA PAZ,73911253.14
2026-08-12,LA PAZ,LA PAZ,101846493.91000001
2026-08-12,LA PAZ,LA PAZ,104120605.21
2026-08-12,LA PAZ,LA PAZ,112962706.57
2026-08-12,LA PAZ,LA PAZ,123667181.49999999
2026-08-12,LA PAZ,LA PAZ,126528163.72000001
2026-08-12,LA PAZ,LA PAZ,140125145.04
2026-08-12,LA PAZ,LA PAZ,273287728.73
2026-08-12,LA PAZ,LA PAZ,378933775.02
2026-08-12,LA PAZ,LA PAZ,426663527.48
2026-08-12,LA PAZ,La Asunta,1258936.09
2026-08-12,LA PAZ,Laja,93.0
2026-08-12,LA PAZ,Laja,89211.29000000004
2026-08-12,LA PAZ,Laja,680374.39
2026-08-12,LA PAZ,Laja,917356.2999999998
2026-08-12,LA PAZ,Laja,1048334.9299999999
2026-08-12,LA PAZ,Laja,1135958.62
2026-08-12,LA PAZ,Luribay,7873.0
2026-08-12,LA PAZ,Luribay,1045370.3900000001
2026-08-12,LA PAZ,MULTIMUNICIPAL,2514.5
2026-08-12,LA PAZ,MULTIMUNICIPAL,9970.0
2026-08-12,LA PAZ,MULTIMUNICIPAL,80000.0
2026-08-12,LA PAZ,MULTIMUNICIPAL,214283.92999999993
2026-08-12,LA PAZ,MULTIMUNICIPAL,261627.22999999998
2026-08-12,LA PAZ,MULTIMUNICIPAL,380378.88000000006
2026-08-12,LA PAZ,MULTIMUNICIPAL,2049325.2800000003
2026-08-12,LA PAZ,MULTIMUNICIPAL,6590013.6899999995
2026-08-12,LA PAZ,MULTIMUNICIPAL,19506327.69
2026-08-12,LA PAZ,Malla,167380.72
2026-08-12,LA PAZ,Malla,342730.56000000006
2026-08-12,LA PAZ,Mapiri,308184.05000000005
2026-08-12,LA PAZ,Mapiri,636425.35
2026-08-12,LA PAZ,Mapiri,1021602.2799999998
2026-08-12,LA PAZ,Mecapaca,852800.69
2026-08-12,LA PAZ,Mocomoco,1110881.6300000001
2026-08-12,LA PAZ,Multimunicipal,10938.9
2026-08-12,LA PAZ,Multimunicipal,48363.47
2026-08-12,LA PAZ,Multimunicipal,126925.86
2026-08-12,LA PAZ,Multimunicipal,3996894.6899999995
2026-08-12,LA PAZ,Nazacara de Pacajes,562239.59
2026-08-12,LA PAZ,Palca,19575.29
2026-08-12,LA PAZ,Palca,2737614.92
2026-08-12,LA PAZ,Palca,6974504.35
2026-08-12,LA PAZ,Palos Blancos,44228.049999999996
2026-08-12,LA PAZ,Palos Blancos,2181753.49
2026-08-12,LA PAZ,Papel Pampa,554541.56
2026-08-12,LA PAZ,Patacamaya,28547.21
2026-08-12,LA PAZ,Patacamaya,2082702.2
2026-08-12,LA PAZ,Pelechuco,388670.15
2026-08-12,LA PAZ,Pucarani,23696.0
2026-08-12,LA PAZ,Pucarani,119915.68
2026-08-12,LA PAZ,Pucarani,875378.14
2026-08-12,LA PAZ,Pucarani,2173240.4
2026-08-12,LA PAZ,Puerto Acosta,984.0
2026-08-12,LA PAZ,Puerto Acosta,167479.72999999998
2026-08-12,LA PAZ,Puerto Pérez,399016.19
2026-08-12,LA PAZ,QUIME,2817.699999999997
2026-08-12,LA PAZ,QUIME,308156.91000000003
2026-08-12,LA PAZ,Quiabaya,750756.92
2026-08-12,LA PAZ,SANTIAGO DE CALLAPA,446966.67
2026-08-12,LA PAZ,San Andrés de Machaca,310121.62
2026-08-12,LA PAZ,San Buenaventura,34751.65
2026-08-12,LA PAZ,San Buenaventura,1052604.5
2026-08-12,LA PAZ,San Buenaventura,1882231.9400000002
2026-08-12,LA PAZ,San Pedro de Curahuara,285646.81
2026-08-12,LA PAZ,San Pedro de Tiquina,500362.61
2026-08-12,LA PAZ,Santiago de Huata,329873.89999999997
2026-08-12,LA PAZ,Santiago de Machaca,281209.2
2026-08-12,LA PAZ,Sapahaqui,507133.4000000001
2026-08-12,LA PAZ,Sapahaqui,916253.99
2026-08-12,LA PAZ,Sica Sica (Villa Aroma),35348.5
2026-08-12,LA PAZ,Sica Sica (Villa Aroma),186388.10999999987
2026-08-12,LA PAZ,Sica Sica (Villa Aroma),1898843.0100000002
2026-08-12,LA PAZ,Sorata,152161.15999999992
2026-08-12,LA PAZ,Sorata,3142265.79
2026-08-12,LA PAZ,Tacacoma,458489.89
2026-08-12,LA PAZ,Teoponte,2163767.93
2026-08-12,LA PAZ,Tiahuanacu,281156.72000000003
2026-08-12,LA PAZ,Tiahuanacu,1030738.78
2026-08-12,LA PAZ,Tipuani,770252.76
2026-08-12,LA PAZ,Tito Yupanqui,164992.47
2026-08-12,LA PAZ,Umala,36532.0
2026-08-12,LA PAZ,Umala,558296.0800000001
2026-08-12,LA PAZ,Viacha,25109.0
2026-08-12,LA PAZ,Viacha,314933.91
2026-08-12,LA PAZ,Viacha,567592.97
2026-08-12,LA PAZ,Viacha,1245982.08
2026-08-12,LA PAZ,Viacha,11976100.809999999
2026-08-12,LA PAZ,Villa Libertad Licoma,442674.43
2026-08-12,LA PAZ,Waldo Ballivián,606774.38
2026-08-12,LA PAZ,Yaco,263786.23000000004
2026-08-12,LA PAZ,Yanacachi,382361.56000000006
2026-08-12,LA PAZ,,31856943.13
2026-08-12,MULTIDEPARTAMEN,MULTIPROVINCIAL,21482.09
2026-08-12,MULTIDEPARTAMEN,MULTIPROVINCIAL,246987.84999999998
2026-08-12,MULTIDEPARTAMEN,MULTIPROVINCIAL,1319157.45
2026-08-12,MULTIDEPARTAMEN,MULTIPROVINCIAL,10657356.549999999
2026-08-12,MULTIDEPARTAMEN,MULTIPROVINCIAL,13488541.220000003
2026-08-12,MULTIDEPARTAMEN,MULTIPROVINCIAL,91861673.62
2026-08-12,NACIONAL,MULTIMUNICIPAL,43121.57999999994
2026-08-12,NACIONAL,MULTIMUNICIPAL,113033.01999999999
2026-08-12,NACIONAL,MULTIMUNICIPAL,124561.31000000001
2026-08-12,NACIONAL,MULTIMUNICIPAL,189143.82
2026-08-12,NACIONAL,MULTIMUNICIPAL,230978.09
2026-08-12,NACIONAL,MULTIMUNICIPAL,288064.48
2026-08-12,NACIONAL,MULTIMUNICIPAL,338622.42000000004
2026-08-12,NACIONAL,MULTIMUNICIPAL,401236.02000000014
2026-08-12,NACIONAL,MULTIMUNICIPAL,571486.6400000001
2026-08-12,NACIONAL,MULTIMUNICIPAL,677913.2899999999
2026-08-12,NACIONAL,MULTIMUNICIPAL,725616.7300000001
2026-08-12,NACIONAL,MULTIMUNICIPAL,789046.51
2026-08-12,NACIONAL,MULTIMUNICIPAL,790765.6099999999
2026-08-12,NACIONAL,MULTIMUNICIPAL,1052996.5099999998
2026-08-12,NACIONAL,MULTIMUNICIPAL,1286403.4100000001
2026-08-12,NACIONAL,MULTIMUNICIPAL,1517125.04
2026-08-12,NACIONAL,MULTIMUNICIPAL,2454437.13
2026-08-12,NACIONAL,MULTIMUNICIPAL,2480855.8
2026-08-12,NACIONAL,MULTIMUNICIPAL,4071420.6100000003
2026-08-12,NACIONAL,MULTIMUNICIPAL,5694871.489999999
2026-08-12,NACIONAL,MULTIMUNICIPAL,16058453.69
2026-08-12,NACIONAL,MULTIMUNICIPAL,25524262.799999997
2026-08-12,NACIONAL,MULTIMUNICIPAL,46118161.32
2026-08-12,NACIONAL,MULTIMUNICIPAL,7026909514.860001
2026-08-12,NO APLICABLE,NO APLICABLE,3011.8
2026-08-12,NO APLICABLE,NO APLICABLE,6455640.050000001
2026-08-12,NO APLICABLE,NO APLICABLE,105373395.28999999
2026-08-12,ORURO,Andamarca (Stgo. de Andamarca),554174.14
2026-08-12,ORURO,Antequera,30000.0
2026-08-12,ORURO,Antequera,792256.2999999999
2026-08-12,ORURO,Belen de Andamarca,159257.9
2026-08-12,ORURO,Caracollo,6150666.61
2026-08-12,ORURO,Carangas,195126.82
2026-08-12,ORURO,Challapata,42997.25
2026-08-12,ORURO,Challapata,215865.11000000034
2026-08-12,ORURO,Challapata,1463075.2700000003
2026-08-12,ORURO,Challapata,3965229.65
2026-08-12,ORURO,Choquecota,315769.45
2026-08-12,ORURO,Coipasa,166601.41
2026-08-12,ORURO,Corque,1359329.9300000002
2026-08-12,ORURO,Cruz de Machacamarca,235912.73
2026-08-12,ORURO,Curahuara de Carangas,79800.25
2026-08-12,ORURO,Curahuara de Carangas,1277127.99
2026-08-12,ORURO,El Choro,455877.31
2026-08-12,ORURO,Escara,711100.5900000001
2026-08-12,ORURO,Esmeralda,224149.81
2026-08-12,ORURO,Eucaliptus,1311300.44
2026-08-12,ORURO,HUACHACALLA,231234.96
2026-08-12,ORURO,Huanuni,3410618.67
2026-08-12,ORURO,Huayllamarca (Stgo. de Huayllamarca),80199.22
2026-08-12,ORURO,La Rivera,66395.0
2026-08-12,ORURO,La Rivera,180239.25999999998
2026-08-12,ORURO,MULTIMUNICIPAL,2602620.8600000003
2026-08-12,ORURO,MULTIMUNICIPAL,5889489.5299999975
2026-08-12,ORURO,Machacamarca,1137301.6500000001
2026-08-12,ORURO,Multimunicipal,153939.77000000008
2026-08-12,ORURO,ORURO,465.79999999999995
2026-08-12,ORURO,ORURO,2708.17
2026-08-12,ORURO,ORURO,18875.76999999999
2026-08-12,ORURO,ORURO,48756.4
2026-08-12,ORURO,ORURO,67588.77
2026-08-12,ORURO,ORURO,139928.33
2026-08-12,ORURO,ORURO,201311.72
2026-08-12,ORURO,ORURO,212665.62999999977
2026-08-12,ORURO,ORURO,264374.93000000005
2026-08-12,ORURO,ORURO,378179.5500000001
2026-08-12,ORURO,ORURO,416925.3500000001
2026-08-12,ORURO,ORURO,508115.01000000007
2026-08-12,ORURO,ORURO,932596.9499999994
2026-08-12,ORURO,ORURO,1937627.6500000001
2026-08-12,ORURO,ORURO,4510866.87
2026-08-12,ORURO,ORURO,5970794.010000001
2026-08-12,ORURO,ORURO,6481753.82
2026-08-12,ORURO,ORURO,19323937.740000002
2026-08-12,ORURO,ORURO,32537973.56000001
2026-08-12,ORURO,ORURO,42005241.05
2026-08-12,ORURO,ORURO,85136160.64
2026-08-12,ORURO,POOPÓ (VILLA POOPÓ),499595.18999999994
2026-08-12,ORURO,Pampa Aullagas,448901.29000000004
2026-08-12,ORURO,Pazña,182622.16000000003
2026-08-12,ORURO,Sabaya,1189083.28
2026-08-12,ORURO,Santiago de Huari,131301.5
2026-08-12,ORURO,Santiago de Huari,2068087.38
2026-08-12,ORURO,Santuario de Quillacas,139796.18
2026-08-12,ORURO,Soracachi,169897.36
2026-08-12,ORURO,Soracachi,1819178.74
2026-08-12,ORURO,TIOC Nación Originaria Uru Chipaya,274485.75
2026-08-12,ORURO,TIOC Salinas,76211.53
2026-08-12,ORURO,TIOC Salinas,1079521.31
2026-08-12,ORURO,Todos Santos,97484.65000000001
2026-08-12,ORURO,Toledo,13066.789999999994
2026-08-12,ORURO,Toledo,1137863.96
2026-08-12,ORURO,Totora,51444.4
2026-08-12,ORURO,Totora,988853.91
2026-08-12,ORURO,Turco,1189073.1600000001
2026-08-12,ORURO,Yunguyo de Litoral,227955.78
2026-08-12,ORURO,,6465248.8100000005
2026-08-12,PANDO,BELLA FLOR,38625.6
2026-08-12,PANDO,BELLA FLOR,656569.34
2026-08-12,PANDO,Bolpebra,501979.97000000003
2026-08-12,PANDO,COBIJA,157.17000000000002
2026-08-12,PANDO,COBIJA,6626.8
2026-08-12,PANDO,COBIJA,16896.879999999997
2026-08-12,PANDO,COBIJA,44147.44
2026-08-12,PANDO,COBIJA,46614.700000000004
2026-08-12,PANDO,COBIJA,88991.24
2026-08-12,PANDO,COBIJA,198652.87
2026-08-12,PANDO,COBIJA,326279.64
2026-08-12,PANDO,COBIJA,593251.1399999999
2026-08-12,PANDO,COBIJA,708971.7099999998
2026-08-12,PANDO,COBIJA,1199417.83
2026-08-12,PANDO,COBIJA,2716825.8
2026-08-12,PANDO,COBIJA,4059303.380000001
2026-08-12,PANDO,COBIJA,9873975.59
2026-08-12,PANDO,COBIJA,10981000.459999999
2026-08-12,PANDO,COBIJA,14246853.200000001
2026-08-12,PANDO,COBIJA,24512278.840000007
2026-08-12,PANDO,Filadelfia,12007.10000000149
2026-08-12,PANDO,Filadelfia,1099133.63
2026-08-12,PANDO,Ingavi (Humaita),105.77
2026-08-12,PANDO,MULTIMUNICIPAL,173275.02
2026-08-12,PANDO,MULTIMUNICIPAL,650565.94
2026-08-12,PANDO,MULTIMUNICIPAL,1544374.54
2026-08-12,PANDO,MULTIMUNICIPAL,1895213.9800000002
2026-08-12,PANDO,MULTIMUNICIPAL,2061151.2999999986
2026-08-12,PANDO,Multimunicipal,2468.5
2026-08-12,PANDO,Multimunicipal,3867.9300000000003
2026-08-12,PANDO,Multimunicipal,63561.14999999998
2026-08-12,PANDO,Nueva Esperanza,355643.18
2026-08-12,PANDO,Porvenir,809403.49
2026-08-12,PANDO,Puerto Gonzalo Moreno,9596.47
2026-08-12,PANDO,Puerto Gonzalo Moreno,2707994.25
2026-08-12,PANDO,Puerto Rico,4303328.0
2026-08-12,PANDO,San Lorenzo,1693449.6600000001
2026-08-12,PANDO,San Pedro,530637.11
2026-08-12,PANDO,Santa Rosa del Abuná,502479.15
2026-08-12,PANDO,Sena,651.2000000000007
2026-08-12,PANDO,Sena,523162.4199999999
2026-08-12,PANDO,Sena,918372.1800000002
2026-08-12,PANDO,Sena,1619561.12
2026-08-12,PANDO,VILLA NUEVA (LOMA ALTA),404639.97
2026-08-12,PANDO,,1725791.98
2026-08-12,POTOSI,Acasio,198716.29
2026-08-12,POTOSI,Arampampa,109303.78
2026-08-12,POTOSI,Arampampa,340781.1200000001
2026-08-12,POTOSI,Atocha,270000.0
2026-08-12,POTOSI,Atocha,850423.8400000001
2026-08-12,POTOSI,Betanzos,2257268.21
2026-08-12,POTOSI,"Caiza ""D""",436559.3400000001
2026-08-12,POTOSI,"Caiza ""D""",861907.36
2026-08-12,POTOSI,Caripuyo,676842.83
2026-08-12,POTOSI,Chaqui,49816.299999999996
2026-08-12,POTOSI,Chaqui,766066.08
2026-08-12,POTOSI,Chayanta,4154.359999999999
2026-08-12,POTOSI,Chayanta,28278.54
2026-08-12,POTOSI,Chayanta,2100718.04
2026-08-12,POTOSI,"Chuquiuta ""Ayllu Jucumani""",739038.5299999999
2026-08-12,POTOSI,"Chuquiuta ""Ayllu Jucumani""",2120069.54
2026-08-12,POTOSI,Ckochas,891180.35
2026-08-12,POTOSI,Ckochas,1013039.9199999999
2026-08-12,POTOSI,"Colcha""K"" (Villa Martín)",4302508.83
2026-08-12,POTOSI,Colquechaca,803844.49
2026-08-12,POTOSI,Cotagaita,1359246.62
2026-08-12,POTOSI,Cotagaita,2634058.4699999997
2026-08-12,POTOSI,Llallagua,18451.76000000001
2026-08-12,POTOSI,Llallagua,1079270.9199999995
2026-08-12,POTOSI,Llallagua,2054990.4800000002
2026-08-12,POTOSI,Llallagua,4175997.66
2026-08-12,POTOSI,Llica,406533.79
2026-08-12,POTOSI,Llica,623547.0800000001
2026-08-12,POTOSI,MULTIMUNICIPAL,8194.7
2026-08-12,POTOSI,MULTIMUNICIPAL,161664.77000000002
2026-08-12,POTOSI,MULTIMUNICIPAL,728995.09
2026-08-12,POTOSI,MULTIMUNICIPAL,57356912.85
2026-08-12,POTOSI,Mojinete,164360.25
2026-08-12,POTOSI,Multimunicipal,90978.65000000002
2026-08-12,POTOSI,Multimunicipal,237893.37000000002
2026-08-12,POTOSI,Ocurí,1133464.29
2026-08-12,POTOSI,PUNA (VILLA TALAVERA),58087.95000000001
2026-08-12,POTOSI,PUNA (VILLA TALAVERA),366891.83
2026-08-12,POTOSI,PUNA (VILLA TALAVERA),550034.4500000001
2026-08-12,POTOSI,Pocoata,201606.08000000002
2026-08-12,POTOSI,Pocoata,1136614.45
2026-08-12,POTOSI,Pocoata,3818126.0
2026-08-12,POTOSI,Porco,16750.0
2026-08-12,POTOSI,Porco,1285402.01
2026-08-12,POTOSI,Potosí,4890.500000000002
2026-08-12,POTOSI,Potosí,7005.269999999989
2026-08-12,POTOSI,Potosí,8520.610000000002
2026-08-12,POTOSI,Potosí,9156.300000000003
2026-08-12,POTOSI,Potosí,11956.71
2026-08-12,POTOSI,Potosí,16786.35
2026-08-12,POTOSI,Potosí,34558.1
2026-08-12,POTOSI,Potosí,61123.68999999999
2026-08-12,POTOSI,Potosí,79659.78000000001
2026-08-12,POTOSI,Potosí,108062.97000000002
2026-08-12,POTOSI,Potosí,164870.97
2026-08-12,POTOSI,Potosí,277177.78
2026-08-12,POTOSI,Potosí,363702.39000000013
2026-08-12,POTOSI,Potosí,455864.41999999987
2026-08-12,POTOSI,Potosí,466624.79
2026-08-12,POTOSI,Potosí,766607.1499999999
2026-08-12,POTOSI,Potosí,960239.76
2026-08-12,POTOSI,Potosí,1141561.7300000002
2026-08-12,POTOSI,Potosí,1368371.6400000001
2026-08-12,POTOSI,Potosí,1393352.8499999996
2026-08-12,POTOSI,Potosí,1719840.2400000002
2026-08-12,POTOSI,Potosí,5487957.27
2026-08-12,POTOSI,Potosí,6527688.650000001
2026-08-12,POTOSI,Potosí,21440564.450000003
2026-08-12,POTOSI,Potosí,22101524.72
2026-08-12,POTOSI,Potosí,27747557.929999996
2026-08-12,POTOSI,Potosí,29948589.45
2026-08-12,POTOSI,Potosí,149679730.96
2026-08-12,POTOSI,Ravelo,1107469.48
2026-08-12,POTOSI,Ravelo,1997469.35
2026-08-12,POTOSI,Sacaca (Villa de Sacaca),636517.58
2026-08-12,POTOSI,San Agustín,48998.4
2026-08-12,POTOSI,San Agustín,51589.93000000001
2026-08-12,POTOSI,San Agustín,540893.09
2026-08-12,POTOSI,San Agustín,3199025.97
2026-08-12,POTOSI,San Antonio de Esmoruco,308923.88999999996
2026-08-12,POTOSI,San Pablo de Lípez,157796.39000000013
2026-08-12,POTOSI,San Pablo de Lípez,421929.77
2026-08-12,POTOSI,San Pablo de Lípez,1982890.9600000002
2026-08-12,POTOSI,San Pedro,188855.13
2026-08-12,POTOSI,San Pedro,695403.26
2026-08-12,POTOSI,San Pedro,3135167.14
2026-08-12,POTOSI,San Pedro de Macha,424921.69999999995
2026-08-12,POTOSI,San Pedro de Macha,2807116.03
2026-08-12,POTOSI,San Pedro de Quemes,51665.46999999999
2026-08-12,POTOSI,TIOC de Jatún Ayllu Yura,3164.000000000002
2026-08-12,POTOSI,Tacobamba,86861.14
2026-08-12,POTOSI,Tacobamba,3387647.84
2026-08-12,POTOSI,Tahua,121089.36
2026-08-12,POTOSI,Tinguipaya,501999.36
2026-08-12,POTOSI,Tinguipaya,1112118.46
2026-08-12,POTOSI,Tomave,370842.29000000004
2026-08-12,POTOSI,Tomave,429282.64999999997
2026-08-12,POTOSI,Tomave,444877.06999999995
2026-08-12,POTOSI,Toro Toro,120422.46999999997
2026-08-12,POTOSI,Toro Toro,1021047.48
2026-08-12,POTOSI,Tupiza,8505.7
2026-08-12,POTOSI,Tupiza,707815.89
2026-08-12,POTOSI,Tupiza,5368839.180000001
2026-08-12,POTOSI,Uncía,5718.570000000007
2026-08-12,POTOSI,Uncía,1494648.02
2026-08-12,POTOSI,Uncía,3445854.9299999997
2026-08-12,POTOSI,Urmiri,122252.95000000001
2026-08-12,POTOSI,Uyuni,181126.1699999999
2026-08-12,POTOSI,Uyuni,315658.64999999997
2026-08-12,POTOSI,Uyuni,1994931.8600000003
2026-08-12,POTOSI,Uyuni,4131175.3899999997
2026-08-12,POTOSI,Villazón,613039.0
2026-08-12,POTOSI,Villazón,2173291.92
2026-08-12,POTOSI,Villazón,4441986.9399999995
2026-08-12,POTOSI,Vitichi,830211.1100000001
2026-08-12,POTOSI,Vitichi,1005294.0000000001
2026-08-12,POTOSI,Yocalla,24082.28
2026-08-12,POTOSI,Yocalla,799516.99
2026-08-12,POTOSI,Yocalla,3409002.39
2026-08-12,POTOSI,,370743.20000000007
2026-08-12,SANTA CRUZ,Ascención de Guarayos,67398.98999999999
2026-08-12,SANTA CRUZ,Ascención de Guarayos,4566111.47
2026-08-12,SANTA CRUZ,Boyuibe,35042.30000000005
2026-08-12,SANTA CRUZ,Boyuibe,598890.2500000001
2026-08-12,SANTA CRUZ,Buena Vista,35496.56
2026-08-12,SANTA CRUZ,Buena Vista,1681370.75
2026-08-12,SANTA CRUZ,CONCEPCIÓN,458.4
2026-08-12,SANTA CRUZ,CONCEPCIÓN,39749.64
2026-08-12,SANTA CRUZ,CONCEPCIÓN,3053371.05
2026-08-12,SANTA CRUZ,Cabezas,2900760.62
2026-08-12,SANTA CRUZ,Camiri,36835.94
2026-08-12,SANTA CRUZ,Camiri,3034706.0300000003
2026-08-12,SANTA CRUZ,Colpa Bélgica,1295614.6300000001
2026-08-12,SANTA CRUZ,Comarapa,3300.0
2026-08-12,SANTA CRUZ,Comarapa,28974.29
2026-08-12,SANTA CRUZ,Comarapa,65182.29000000001
2026-08-12,SANTA CRUZ,Comarapa,3498632.62
2026-08-12,SANTA CRUZ,Cotoca,44815.07
2026-08-12,SANTA CRUZ,Cotoca,9380896.51
2026-08-12,SANTA CRUZ,Cuatro Cañadas,685772.6699999997
2026-08-12,SANTA CRUZ,Cuatro Cañadas,4857501.430000001
2026-08-12,SANTA CRUZ,Cuevo,463338.38
2026-08-12,SANTA CRUZ,El Carmen Rivero Tórrez,1572433.52
2026-08-12,SANTA CRUZ,El Puente,23289.559999999998
2026-08-12,SANTA CRUZ,El Puente,1358182.0899999999
2026-08-12,SANTA CRUZ,El Torno,7127201.49
2026-08-12,SANTA CRUZ,Fernández Alonso,1632110.53
2026-08-12,SANTA CRUZ,GENERAL AGUSTÍN SAAVEDRA,1540.35
2026-08-12,SANTA CRUZ,GENERAL AGUSTÍN SAAVEDRA,1680720.74
2026-08-12,SANTA CRUZ,La Guardia,153484.82000000036
2026-08-12,SANTA CRUZ,La Guardia,918758.2900000003
2026-08-12,SANTA CRUZ,La Guardia,21133814.73
2026-08-12,SANTA CRUZ,Lagunillas,433821.6
2026-08-12,SANTA CRUZ,MULTIMUNICIPAL,154810.82
2026-08-12,SANTA CRUZ,MULTIMUNICIPAL,241752.21000000005
2026-08-12,SANTA CRUZ,MULTIMUNICIPAL,409691.63000000006
2026-08-12,SANTA CRUZ,MULTIMUNICIPAL,7423899.629999997
2026-08-12,SANTA CRUZ,MULTIMUNICIPAL,12872035.44
2026-08-12,SANTA CRUZ,MULTIMUNICIPAL,74788894.48
2026-08-12,SANTA CRUZ,Mairana,940211.1000000002
2026-08-12,SANTA CRUZ,Mineros,1934992.31
2026-08-12,SANTA CRUZ,Montero,33406.909999999996
2026-08-12,SANTA CRUZ,Montero,62501.650000000016
2026-08-12,SANTA CRUZ,Montero,999049.86
2026-08-12,SANTA CRUZ,Montero,19543377.580000002
2026-08-12,SANTA CRUZ,Moro Moro,519448.24
2026-08-12,SANTA CRUZ,Multimunicipal,2475.0
2026-08-12,SANTA CRUZ,Multimunicipal,14178.899999999989
2026-08-12,SANTA CRUZ,Multimunicipal,104660.83000000002
2026-08-12,SANTA CRUZ,Okinawa I,1267280.0000000002
2026-08-12,SANTA CRUZ,PUERTO SUAREZ,32570.170000000016
2026-08-12,SANTA CRUZ,PUERTO SUAREZ,1880375.1300000001
2026-08-12,SANTA CRUZ,PUERTO SUAREZ,3047063.1600000006
2026-08-12,SANTA CRUZ,Pailón,23292.89
2026-08-12,SANTA CRUZ,Pailón,8589298.09
2026-08-12,SANTA CRUZ,Pampa Grande,530.2
2026-08-12,SANTA CRUZ,Pampa Grande,2758749.71
2026-08-12,SANTA CRUZ,Porongo  (Ayacucho),11731310.57
2026-08-12,SANTA CRUZ,Portachuelo,23852.81
2026-08-12,SANTA CRUZ,Portachuelo,852057.15
2026-08-12,SANTA CRUZ,Postrer Valle,125024.12
2026-08-12,SANTA CRUZ,Pucara,83394.07
2026-08-12,SANTA CRUZ,Puerto Quijarro,2403069.79
2026-08-12,SANTA CRUZ,Quirusillas,179792.42000000004
2026-08-12,SANTA CRUZ,Robore,1233010.3800000001
2026-08-12,SANTA CRUZ,SAN IGNACIO (SAN IGNACIO DE VELASCO),25692.15
2026-08-12,SANTA CRUZ,SAN IGNACIO (SAN IGNACIO DE VELASCO),51253.44
2026-08-12,SANTA CRUZ,SAN IGNACIO (SAN IGNACIO DE VELASCO),88158.04000000001
2026-08-12,SANTA CRUZ,SAN IGNACIO (SAN IGNACIO DE VELASCO),118865.18999999997
2026-08-12,SANTA CRUZ,SAN IGNACIO (SAN IGNACIO DE VELASCO),4468006.619999999
2026-08-12,SANTA CRUZ,SANTA CRUZ DE LA SIERRA,151.42999999999984
2026-08-12,SANTA CRUZ,SANTA CRUZ DE LA SIERRA,310.8
2026-08-12,SANTA CRUZ,SANTA CRUZ DE LA SIERRA,5426.97
2026-08-12,SANTA CRUZ,SANTA CRUZ DE LA SIERRA,13643.65
2026-08-12,SANTA CRUZ,SANTA CRUZ DE LA SIERRA,17858.039999999994
2026-08-12,SANTA CRUZ,SANTA CRUZ DE LA SIERRA,20760.139999999992
2026-08-12,SANTA CRUZ,SANTA CRUZ DE LA SIERRA,40285.82
2026-08-12,SANTA CRUZ,SANTA CRUZ DE LA SIERRA,87335.02000000002
2026-08-12,SANTA CRUZ,SANTA CRUZ DE LA SIERRA,96682.46
2026-08-12,SANTA CRUZ,SANTA CRUZ DE LA SIERRA,109333.08999999998
2026-08-12,SANTA CRUZ,SANTA CRUZ DE LA SIERRA,445111.8299999999
2026-08-12,SANTA CRUZ,SANTA CRUZ DE LA SIERRA,471094.8299999999
2026-08-12,SANTA CRUZ,SANTA CRUZ DE LA SIERRA,518140.31
2026-08-12,SANTA CRUZ,SANTA CRUZ DE LA SIERRA,641362.8
2026-08-12,SANTA CRUZ,SANTA CRUZ DE LA SIERRA,802522.84
2026-08-12,SANTA CRUZ,SANTA CRUZ DE LA SIERRA,979443.9
2026-08-12,SANTA CRUZ,SANTA CRUZ DE LA SIERRA,1439662.96
2026-08-12,SANTA CRUZ,SANTA CRUZ DE LA SIERRA,1514230.2299999995
2026-08-12,SANTA CRUZ,SANTA CRUZ DE LA SIERRA,2459684.750000001
2026-08-12,SANTA CRUZ,SANTA CRUZ DE LA SIERRA,3720847.2000000007
2026-08-12,SANTA CRUZ,SANTA CRUZ DE LA SIERRA,6882287.470000001
2026-08-12,SANTA CRUZ,SANTA CRUZ DE LA SIERRA,10027300.660000002
2026-08-12,SANTA CRUZ,SANTA CRUZ DE LA SIERRA,14784966.390000002
2026-08-12,SANTA CRUZ,SANTA CRUZ DE LA SIERRA,79533976.24
2026-08-12,SANTA CRUZ,SANTA CRUZ DE LA SIERRA,90136496.34
2026-08-12,SANTA CRUZ,SANTA CRUZ DE LA SIERRA,228256660.64999998
2026-08-12,SANTA CRUZ,SANTA CRUZ DE LA SIERRA,314182814.78999996
2026-08-12,SANTA CRUZ,Saipina,572390.63
2026-08-12,SANTA CRUZ,Samaipata,23610.72000000002
2026-08-12,SANTA CRUZ,Samaipata,1337603.5
2026-08-12,SANTA CRUZ,San Antonio de Lomerio,714665.46
2026-08-12,SANTA CRUZ,San Carlos,10000.0
2026-08-12,SANTA CRUZ,San Carlos,2882115.71
2026-08-12,SANTA CRUZ,San Javier,463744.95
2026-08-12,SANTA CRUZ,San Javier,1002113.2100000001
2026-08-12,SANTA CRUZ,San José,34499.86
2026-08-12,SANTA CRUZ,San José,4817282.67
2026-08-12,SANTA CRUZ,San Juan,1769737.3099999998
2026-08-12,SANTA CRUZ,San Julian,1283798.3599999999
2026-08-12,SANTA CRUZ,San Julian,5283567.699999999
2026-08-12,SANTA CRUZ,San Julian,14873582.6
2026-08-12,SANTA CRUZ,San Matías,43950.229999999996
2026-08-12,SANTA CRUZ,San Matías,1113507.2399999998
2026-08-12,SANTA CRUZ,San Miguel (San Miguel de Velasco),1459612.14
2026-08-12,SANTA CRUZ,San Pedro,252759.70999999996
2026-08-12,SANTA CRUZ,San Pedro,1563844.4899999998
2026-08-12,SANTA CRUZ,San Rafael,741443.19
2026-08-12,SANTA CRUZ,San Ramón,821691.27
2026-08-12,SANTA CRUZ,Santa Rosa del Sara,4271282.8
2026-08-12,SANTA CRUZ,TIOC Charagua Iyambae,5108375.470000001
2026-08-12,SANTA CRUZ,TIOG Kereimba Iyaambae,1198183.28
2026-08-12,SANTA CRUZ,Trigal,227983.16999999998
2026-08-12,SANTA CRUZ,Urubicha,1476181.15
2026-08-12,SANTA CRUZ,Vallegrande,28629.230000000007
2026-08-12,SANTA CRUZ,Vallegrande,1307109.3000000003
2026-08-12,SANTA CRUZ,WARNES,30356.990000000005
2026-08-12,SANTA CRUZ,WARNES,312441.38
2026-08-12,SANTA CRUZ,WARNES,25515639.55
2026-08-12,SANTA CRUZ,Yapacaní,34425.0
2026-08-12,SANTA CRUZ,Yapacaní,820585.04
2026-08-12,SANTA CRUZ,Yapacaní,5682391.41
2026-08-12,SANTA CRUZ,,7514694.74
2026-08-12,TARIJA,Bermejo,119111.58
2026-08-12,TARIJA,Bermejo,166899.15
2026-08-12,TARIJA,Bermejo,6309927.99
2026-08-12,TARIJA,Caraparí,232818.3
2026-08-12,TARIJA,Caraparí,249397.62
2026-08-12,TARIJA,Caraparí,1554560.8199999996
2026-08-12,TARIJA,Caraparí,2421924.87
2026-08-12,TARIJA,Caraparí,2579803.719999999
2026-08-12,TARIJA,El Puente,43609.42999999999
2026-08-12,TARIJA,El Puente,185238.67
2026-08-12,TARIJA,El Puente,1751682.89
2026-08-12,TARIJA,El Puente,3142005.05
2026-08-12,TARIJA,Entre Ríos,2957287.71
2026-08-12,TARIJA,MULTIMUNICIPAL,10125.0
2026-08-12,TARIJA,MULTIMUNICIPAL,38419.76000000004
2026-08-12,TARIJA,MULTIMUNICIPAL,219847.63000000006
2026-08-12,TARIJA,MULTIMUNICIPAL,826120.9800000001
2026-08-12,TARIJA,MULTIMUNICIPAL,9338064.329999998
2026-08-12,TARIJA,Multimunicipal,67630.63999999997
2026-08-12,TARIJA,Multimunicipal,3374188.4999999995
2026-08-12,TARIJA,Multimunicipal,29760672.809999995
2026-08-12,TARIJA,Padcaya,1607676.5
2026-08-12,TARIJA,Región Autónoma del Gran Chaco,4761351.16
2026-08-12,TARIJA,Región Autónoma del Gran Chaco,10635883.18
2026-08-12,TARIJA,San Lorenzo,200.0
2026-08-12,TARIJA,San Lorenzo,10306.25
2026-08-12,TARIJA,San Lorenzo,485802.45999999996
2026-08-12,TARIJA,San Lorenzo,783998.9299999999
2026-08-12,TARIJA,San Lorenzo,2899150.05
2026-08-12,TARIJA,Tarija,157.16999999999996
2026-08-12,TARIJA,Tarija,577.3999999999996
2026-08-12,TARIJA,Tarija,13368.31
2026-08-12,TARIJA,Tarija,17336.190000000002
2026-08-12,TARIJA,Tarija,66226.02
2026-08-12,TARIJA,Tarija,86220.53000000001
2026-08-12,TARIJA,Tarija,109578.31000000008
2026-08-12,TARIJA,Tarija,171392.15
2026-08-12,TARIJA,Tarija,195785.0
2026-08-12,TARIJA,Tarija,278759.08
2026-08-12,TARIJA,Tarija,421121.76999999996
2026-08-12,TARIJA,Tarija,442072.78000000014
2026-08-12,TARIJA,Tarija,491597.6
2026-08-12,TARIJA,Tarija,916163.38
2026-08-12,TARIJA,Tarija,1209392.51
2026-08-12,TARIJA,Tarija,1257250.2
2026-08-12,TARIJA,Tarija,1510179.7999999998
2026-08-12,TARIJA,Tarija,2461558.95
2026-08-12,TARIJA,Tarija,3396315.7199999997
2026-08-12,TARIJA,Tarija,5337080.959999999
2026-08-12,TARIJA,Tarija,6316767.140000001
2026-08-12,TARIJA,Tarija,10949335.31
2026-08-12,TARIJA,Tarija,24714427.24
2026-08-12,TARIJA,Tarija,25261315.02
2026-08-12,TARIJA,Tarija,84358181.21
2026-08-12,TARIJA,Uriondo (Concepción),15949.050000000003
2026-08-12,TARIJA,Uriondo (Concepción),18118.0
2026-08-12,TARIJA,Uriondo (Concepción),1334576.68
2026-08-12,TARIJA,Villamontes,7700.0
2026-08-12,TARIJA,Villamontes,8850.0
2026-08-12,TARIJA,Villamontes,614851.3799999999
2026-08-12,TARIJA,Villamontes,1268923.0
2026-08-12,TARIJA,Villamontes,4028966.86
2026-08-12,TARIJA,Yacuiba,12000.0
2026-08-12,TARIJA,Yacuiba,1639465.0
2026-08-12,TARIJA,Yacuiba,2104969.66
2026-08-12,TARIJA,Yacuiba,5446774.609999999
2026-08-12,TARIJA,Yunchara,81428.79
2026-08-12,TARIJA,Yunchara,241847.61000000002
2026-08-12,TARIJA,,9680.0
2026-08-12,TARIJA,,1155875.79
2026-08-28,BENI,Baures,11750.0
2026-08-28,BENI,Baures,1091467.75
2026-08-28,BENI,Exaltación,14300.0
2026-08-28,BENI,Exaltación,948705.8999999999
2026-08-28,BENI,GIA Territorio Indígena Multiétnico,86943.0
2026-08-28,BENI,Huacaraje,8204.7
2026-08-28,BENI,Huacaraje,279772.98
2026-08-28,BENI,Loreto,14539.45
2026-08-28,BENI,Loreto,228054.35
2026-08-28,BENI,MULTIMUNICIPAL,27971.169999999995
2026-08-28,BENI,MULTIMUNICIPAL,211541.49
2026-08-28,BENI,Magdalena,933470.0800000001
2026-08-28,BENI,Puerto Guayaramerín,347936.46999999974
2026-08-28,BENI,Puerto Guayaramerín,1263248.55
2026-08-28,BENI,Puerto Rurrenabaque,2143082.9699999997
2026-08-28,BENI,Reyes,656260.1199999999
2026-08-28,BENI,Riberalta,50260.0
2026-08-28,BENI,Riberalta,62732.72999999998
2026-08-28,BENI,Riberalta,135286.65999999925
2026-08-28,BENI,Riberalta,140443.1
2026-08-28,BENI,Riberalta,2091426.28
2026-08-28,BENI,Riberalta,7365540.680000001
2026-08-28,BENI,San Andrés,670912.2299999996
2026-08-28,BENI,San Andrés,783951.0899999999
2026-08-28,BENI,San Andrés,1949508.4600000002
2026-08-28,BENI,San Borja,1510.0
2026-08-28,BENI,San Borja,41039.18
2026-08-28,BENI,San Borja,2809198.63
2026-08-28,BENI,San Ignacio,61.40000000000009
2026-08-28,BENI,San Ignacio,5504.45
2026-08-28,BENI,San Ignacio,1180862.12
2026-08-28,BENI,San Javier,2024.0
2026-08-28,BENI,San Javier,340164.49
2026-08-28,BENI,San Joaquín,16728.43
2026-08-28,BENI,San Joaquín,344742.0799999999
2026-08-28,BENI,San Ramón,144269.37999999998
2026-08-28,BENI,Santa Ana,12307.06
2026-08-28,BENI,Santa Ana,1333130.99
2026-08-28,BENI,Santa Rosa,1810.0
2026-08-28,BENI,Santa Rosa,1774127.3900000001
2026-08-28,BENI,Trinidad,500.34000000000015
2026-08-28,BENI,Trinidad,12334.46
2026-08-28,BENI,Trinidad,62358.17000000001
2026-08-28,BENI,Trinidad,100309.05
2026-08-28,BENI,Trinidad,112111.5999999999
2026-08-28,BENI,Trinidad,118711.62
2026-08-28,BENI,Trinidad,136825.84
2026-08-28,BENI,Trinidad,302658.8
2026-08-28,BENI,Trinidad,820311.5499999998
2026-08-28,BENI,Trinidad,2465805.62
2026-08-28,BENI,Trinidad,3746774.11
2026-08-28,BENI,Trinidad,4113724.3500000015
2026-08-28,BENI,Trinidad,5066899.030000001
2026-08-28,BENI,Trinidad,13722096.35
2026-08-28,BENI,Trinidad,26830772.39
2026-08-28,BENI,Trinidad,74679134.08999999
2026-08-28,BENI,,2706259.7000000007
2026-08-28,BINACIONAL,Binacional,105288.81000000003
2026-08-28,CHUQUISACA,ATIOC Guaraní Chaqueño de Huacaya,280501.12
2026-08-28,CHUQUISACA,Camargo,13918.689999999999
2026-08-28,CHUQUISACA,Camargo,556393.39
2026-08-28,CHUQUISACA,Camataqui (Villa Abecia),223927.61
2026-08-28,CHUQUISACA,Culpina,33012.560000000005
2026-08-28,CHUQUISACA,Culpina,1552888.27
2026-08-28,CHUQUISACA,El Villar,12183.98
2026-08-28,CHUQUISACA,El Villar,546582.46
2026-08-28,CHUQUISACA,Icla,367920.04000000004
2026-08-28,CHUQUISACA,Incahuasi,766730.02
2026-08-28,CHUQUISACA,Las Carreras,369245.06
2026-08-28,CHUQUISACA,Las Carreras,764602.1400000001
2026-08-28,CHUQUISACA,MULTIMUNICIPAL,3110.0
2026-08-28,CHUQUISACA,MULTIMUNICIPAL,17670.44000000001
2026-08-28,CHUQUISACA,MULTIMUNICIPAL,142003.37
2026-08-28,CHUQUISACA,MULTIMUNICIPAL,6904711.6000000015
2026-08-28,CHUQUISACA,MULTIMUNICIPAL,95745658.65
2026-08-28,CHUQUISACA,Machareti,20723.0
2026-08-28,CHUQUISACA,Machareti,109639.97
2026-08-28,CHUQUISACA,Machareti,677379.6399999999
2026-08-28,CHUQUISACA,Monteagudo,18737.079999999998
2026-08-28,CHUQUISACA,Monteagudo,87611.01999999999
2026-08-28,CHUQUISACA,Monteagudo,1477036.4
2026-08-28,CHUQUISACA,Multimunicipal,12312.74
2026-08-28,CHUQUISACA,Multimunicipal,35446.919999999984
2026-08-28,CHUQUISACA,Multimunicipal,287474.85000000003
2026-08-28,CHUQUISACA,Multimunicipal,2117419.7199999993
2026-08-28,CHUQUISACA,Padilla,28424.369999999995
2026-08-28,CHUQUISACA,Padilla,182000.49000000002
2026-08-28,CHUQUISACA,Poroma,128660.21000000002
2026-08-28,CHUQUISACA,Poroma,456010.70999999996
2026-08-28,CHUQUISACA,Presto,14590.54
2026-08-28,CHUQUISACA,Presto,26384.929999999993
2026-08-28,CHUQUISACA,Presto,231995.02000000014
2026-08-28,CHUQUISACA,Presto,751239.6799999998
2026-08-28,CHUQUISACA,San Lucas,761432.2000000001
2026-08-28,CHUQUISACA,San Lucas,1117129.21
2026-08-28,CHUQUISACA,San Pablo de Huacareta,514832.5800000001
2026-08-28,CHUQUISACA,Sopachuy,331897.29
2026-08-28,CHUQUISACA,Sucre,687.0
2026-08-28,CHUQUISACA,Sucre,1757.17
2026-08-28,CHUQUISACA,Sucre,3500.0
2026-08-28,CHUQUISACA,Sucre,10151.770000000006
2026-08-28,CHUQUISACA,Sucre,13550.0
2026-08-28,CHUQUISACA,Sucre,15719.34
2026-08-28,CHUQUISACA,Sucre,16152.0
2026-08-28,CHUQUISACA,Sucre,18440.25
2026-08-28,CHUQUISACA,Sucre,19240.0
2026-08-28,CHUQUISACA,Sucre,34541.68
2026-08-28,CHUQUISACA,Sucre,45780.0
2026-08-28,CHUQUISACA,Sucre,46767.14
2026-08-28,CHUQUISACA,Sucre,79605.29000000001
2026-08-28,CHUQUISACA,Sucre,95244.56
2026-08-28,CHUQUISACA,Sucre,95773.61
2026-08-28,CHUQUISACA,Sucre,155544.45
2026-08-28,CHUQUISACA,Sucre,187634.68999999997
2026-08-28,CHUQUISACA,Sucre,351298.8799999999
2026-08-28,CHUQUISACA,Sucre,545755.1300000001
2026-08-28,CHUQUISACA,Sucre,700476.95
2026-08-28,CHUQUISACA,Sucre,888693.78
2026-08-28,CHUQUISACA,Sucre,1735516.1900000004
2026-08-28,CHUQUISACA,Sucre,2316369.2199999997
2026-08-28,CHUQUISACA,Sucre,2740796.5400000005
2026-08-28,CHUQUISACA,Sucre,2958635.43
2026-08-28,CHUQUISACA,Sucre,5147558.960000002
2026-08-28,CHUQUISACA,Sucre,5766323.569999998
2026-08-28,CHUQUISACA,Sucre,9191382.320000002
2026-08-28,CHUQUISACA,Sucre,9328035.139999997
2026-08-28,CHUQUISACA,Sucre,19029757.7
2026-08-28,CHUQUISACA,Sucre,21052441.57
2026-08-28,CHUQUISACA,Sucre,38553203.17
2026-08-28,CHUQUISACA,TARVITA (VILLA ORIAS),28600.0
2026-08-28,CHUQUISACA,TARVITA (VILLA ORIAS),316710.87
2026-08-28,CHUQUISACA,Tarabuco,599349.69
2026-08-28,CHUQUISACA,Tomina,445217.44
2026-08-28,CHUQUISACA,Villa Alcalá,47497.82000000001
2026-08-28,CHUQUISACA,Villa Azurduy,757746.38
2026-08-28,CHUQUISACA,Villa Charcas,931168.2
2026-08-28,CHUQUISACA,Villa Mojocoya,48926.24
2026-08-28,CHUQUISACA,Villa Mojocoya,515869.05999999994
2026-08-28,CHUQUISACA,Villa Serrano,903414.07
2026-08-28,CHUQUISACA,Villa Vaca Guzmán,153706.33000000022
2026-08-28,CHUQUISACA,Villa Vaca Guzmán,872478.2899999999
2026-08-28,CHUQUISACA,Villa Zudañez (Tacopaya),622021.2000000002
2026-08-28,CHUQUISACA,Villa Zudañez (Tacopaya),1210209.58
2026-08-28,CHUQUISACA,YAMPAPARÁEZ,4807.200000000004
2026-08-28,CHUQUISACA,YAMPAPARÁEZ,455771.58
2026-08-28,CHUQUISACA,YAMPAPARÁEZ,1410580.31
2026-08-28,CHUQUISACA,Yotala,39927.11
2026-08-28,CHUQUISACA,Yotala,1033721.39
2026-08-28,CHUQUISACA,,388016.27999999997
2026-08-28,COCHABAMBA,Aiquile,1407520.32
2026-08-28,COCHABAMBA,Alalay,200881.34999999998
2026-08-28,COCHABAMBA,Anzaldo,311666.07
2026-08-28,COCHABAMBA,Arani,821250.26
2026-08-28,COCHABAMBA,Arbieto,627804.25
2026-08-28,COCHABAMBA,Arque,417086.02
2026-08-28,COCHABAMBA,Arque,496299.56
2026-08-28,COCHABAMBA,Bolivar,258833.21
2026-08-28,COCHABAMBA,COCHABAMBA,157.16999999999996
2026-08-28,COCHABAMBA,COCHABAMBA,360.0
2026-08-28,COCHABAMBA,COCHABAMBA,5255.18
2026-08-28,COCHABAMBA,COCHABAMBA,27876.45
2026-08-28,COCHABAMBA,COCHABAMBA,29910.03
2026-08-28,COCHABAMBA,COCHABAMBA,32676.489999999998
2026-08-28,COCHABAMBA,COCHABAMBA,153383.57
2026-08-28,COCHABAMBA,COCHABAMBA,217864.43
2026-08-28,COCHABAMBA,COCHABAMBA,322624.1399999999
2026-08-28,COCHABAMBA,COCHABAMBA,773568.16
2026-08-28,COCHABAMBA,COCHABAMBA,1152796.69
2026-08-28,COCHABAMBA,COCHABAMBA,1377338.52
2026-08-28,COCHABAMBA,COCHABAMBA,1588480.2200000002
2026-08-28,COCHABAMBA,COCHABAMBA,1819588.16
2026-08-28,COCHABAMBA,COCHABAMBA,2733593.16
2026-08-28,COCHABAMBA,COCHABAMBA,3159883.6400000006
2026-08-28,COCHABAMBA,COCHABAMBA,3628947.3400000012
2026-08-28,COCHABAMBA,COCHABAMBA,9795061.0
2026-08-28,COCHABAMBA,COCHABAMBA,10053211.419999998
2026-08-28,COCHABAMBA,COCHABAMBA,10065010.040000003
2026-08-28,COCHABAMBA,COCHABAMBA,10243365.21
2026-08-28,COCHABAMBA,COCHABAMBA,12329254.56
2026-08-28,COCHABAMBA,COCHABAMBA,55845419.57
2026-08-28,COCHABAMBA,COCHABAMBA,57160399.04
2026-08-28,COCHABAMBA,COCHABAMBA,61970731.53000001
2026-08-28,COCHABAMBA,COCHABAMBA,193793028.13999996
2026-08-28,COCHABAMBA,COCHABAMBA,255027320.26999998
2026-08-28,COCHABAMBA,Capinota,652233.78
2026-08-28,COCHABAMBA,Chimoré,95690.68
2026-08-28,COCHABAMBA,Chimoré,119377.77
2026-08-28,COCHABAMBA,Chimoré,2540768.0
2026-08-28,COCHABAMBA,Cliza,617126.8800000001
2026-08-28,COCHABAMBA,Cliza,1577164.9
2026-08-28,COCHABAMBA,Cocapata,971196.7600000001
2026-08-28,COCHABAMBA,Colcapirhua,5552022.260000001
2026-08-28,COCHABAMBA,Colomi,2402746.13
2026-08-28,COCHABAMBA,Entre Rios,1089549.54
2026-08-28,COCHABAMBA,Independencia,386295.09
2026-08-28,COCHABAMBA,MULTIMUNICIPAL,81590.62000000001
2026-08-28,COCHABAMBA,MULTIMUNICIPAL,170546.66000000003
2026-08-28,COCHABAMBA,MULTIMUNICIPAL,192459.21999999997
2026-08-28,COCHABAMBA,MULTIMUNICIPAL,226415.39000000004
2026-08-28,COCHABAMBA,MULTIMUNICIPAL,237475.25
2026-08-28,COCHABAMBA,MULTIMUNICIPAL,2142155.5100000002
2026-08-28,COCHABAMBA,Mizque,1121419.24
2026-08-28,COCHABAMBA,Mizque,1717619.8900000001
2026-08-28,COCHABAMBA,Morochata,41264.7
2026-08-28,COCHABAMBA,Morochata,623887.54
2026-08-28,COCHABAMBA,Multimunicipal,93940.0
2026-08-28,COCHABAMBA,Multimunicipal,123639.94999999998
2026-08-28,COCHABAMBA,Multimunicipal,1286117.7399999998
2026-08-28,COCHABAMBA,Omereque,298291.05
2026-08-28,COCHABAMBA,Omereque,1322834.09
2026-08-28,COCHABAMBA,Pasorapa,487986.0
2026-08-28,COCHABAMBA,Pocona,377509.95999999996
2026-08-28,COCHABAMBA,Pojo,520346.9699999999
2026-08-28,COCHABAMBA,Puerto Villarroel,2000.0
2026-08-28,COCHABAMBA,Puerto Villarroel,2030837.44
2026-08-28,COCHABAMBA,Puerto Villarroel,3986094.44
2026-08-28,COCHABAMBA,Punata,2438392.11
2026-08-28,COCHABAMBA,Quillacollo,6221.0
2026-08-28,COCHABAMBA,Quillacollo,357643.4300000006
2026-08-28,COCHABAMBA,Quillacollo,10006563.040000001
2026-08-28,COCHABAMBA,SAN BENITO (VILLA JOSÉ QUINTIN MENDOZA),1335343.7
2026-08-28,COCHABAMBA,Sacaba,16260.000000000004
2026-08-28,COCHABAMBA,Sacaba,228623.27000000002
2026-08-28,COCHABAMBA,Sacaba,533402.04
2026-08-28,COCHABAMBA,Sacaba,612307.1799999999
2026-08-28,COCHABAMBA,Sacaba,14549400.780000001
2026-08-28,COCHABAMBA,Sacabamba,143807.38999999998
2026-08-28,COCHABAMBA,Santivañez,9081.740000000002
2026-08-28,COCHABAMBA,Santivañez,391046.86000000034
2026-08-28,COCHABAMBA,Santivañez,815352.39
2026-08-28,COCHABAMBA,Shinaota,1064187.3399999999
2026-08-28,COCHABAMBA,Sicaya,187094.14
2026-08-28,COCHABAMBA,Sipe Sipe,2531309.2399999998
2026-08-28,COCHABAMBA,TIOC Raqaypampa,236449.9
2026-08-28,COCHABAMBA,Tacachi,21206.089999999997
2026-08-28,COCHABAMBA,Tacopaya,589263.75
2026-08-28,COCHABAMBA,Tapacari,159043.86
2026-08-28,COCHABAMBA,Tapacari,1533579.4400000002
2026-08-28,COCHABAMBA,Tarata,358912.67000000004
2026-08-28,COCHABAMBA,Tiquipaya,1384617.58
2026-08-28,COCHABAMBA,Tiquipaya,5262068.91
2026-08-28,COCHABAMBA,Tiraque,31809.269999999997
2026-08-28,COCHABAMBA,Tiraque,70535.31
2026-08-28,COCHABAMBA,Tiraque,604221.3400000001
2026-08-28,COCHABAMBA,Toco,338267.28
2026-08-28,COCHABAMBA,Tolata,344843.35
2026-08-28,COCHABAMBA,Totora,43650.0
2026-08-28,COCHABAMBA,Totora,68712.87
2026-08-28,COCHABAMBA,Totora,698443.3
2026-08-28,COCHABAMBA,Vacas,160366.18
2026-08-28,COCHABAMBA,Vila Vila,149647.8999999999
2026-08-28,COCHABAMBA,Vila Vila,194431.93
2026-08-28,COCHABAMBA,Villa Gualberto Villarroel,163116.18
2026-08-28,COCHABAMBA,Villa Rivero,305071.32999999996
2026-08-28,COCHABAMBA,Villa Tunari,43481.97999999998
2026-08-28,COCHABAMBA,Villa Tunari,223529.24999999994
2026-08-28,COCHABAMBA,Villa Tunari,1087431.5100000002
2026-08-28,COCHABAMBA,Villa Tunari,4592635.350000001
2026-08-28,COCHABAMBA,Vinto,2631903.5400000005
2026-08-28,COCHABAMBA,,11153912.1
2026-08-28,LA PAZ,Achacachi,15099.0
2026-08-28,LA PAZ,Achacachi,661587.1500000005
2026-08-28,LA PAZ,Achacachi,1478773.5299999998
2026-08-28,LA PAZ,Achocalla Municipio Ecológico ,2417805.2800000007
2026-08-28,LA PAZ,Alto Beni,312791.47
2026-08-28,LA PAZ,Ancoraimes,686171.94
2026-08-28,LA PAZ,Apolo,634939.2
2026-08-28,LA PAZ,Aucapata,629665.71
2026-08-28,LA PAZ,Ayata,284240.24000000005
2026-08-28,LA PAZ,Ayo Ayo,250568.68000000005
2026-08-28,LA PAZ,Batallas,523236.0599999999
2026-08-28,LA PAZ,Batallas,1726775.03
2026-08-28,LA PAZ,CHUMA,306344.14999999997
2026-08-28,LA PAZ,COROCORO,302746.79000000004
2026-08-28,LA PAZ,Cairoma,56325.10999999999
2026-08-28,LA PAZ,Cairoma,364103.75999999995
2026-08-28,LA PAZ,Cajuata,9021.419999999998
2026-08-28,LA PAZ,Cajuata,499349.99
2026-08-28,LA PAZ,Calacoto,441246.5699999999
2026-08-28,LA PAZ,Calamarca,65000.0
2026-08-28,LA PAZ,Calamarca,1076487.82
2026-08-28,LA PAZ,Caquiaviri,415639.82
2026-08-28,LA PAZ,Caquiaviri,1323741.55
2026-08-28,LA PAZ,Carabuco,90931.94
2026-08-28,LA PAZ,Caranavi,8478.300000000003
2026-08-28,LA PAZ,Caranavi,15972.0
2026-08-28,LA PAZ,Caranavi,37067.7
2026-08-28,LA PAZ,Caranavi,2149076.38
2026-08-28,LA PAZ,Catacora,86884.0
2026-08-28,LA PAZ,Chacarilla,83608.66
2026-08-28,LA PAZ,Charaña,228258.88
2026-08-28,LA PAZ,Chua Cocani,325319.63
2026-08-28,LA PAZ,Chulumani (Villa de la Libertad),7500.0
2026-08-28,LA PAZ,Chulumani (Villa de la Libertad),10000.0
2026-08-28,LA PAZ,Chulumani (Villa de la Libertad),1919085.96
2026-08-28,LA PAZ,Collana,193614.41999999998
2026-08-28,LA PAZ,Colquencha,586193.74
2026-08-28,LA PAZ,Colquiri,23118.47999999998
2026-08-28,LA PAZ,Colquiri,598304.5200000001
2026-08-28,LA PAZ,Comanche,202610.65999999997
2026-08-28,LA PAZ,Comanche,416831.74
2026-08-28,LA PAZ,Combaya,170657.12
2026-08-28,LA PAZ,Copacabana,55150.389999999985
2026-08-28,LA PAZ,Copacabana,413794.89
2026-08-28,LA PAZ,Coripata,1267796.93
2026-08-28,LA PAZ,Coroico,5420.0
2026-08-28,LA PAZ,Coroico,83178.59999999999
2026-08-28,LA PAZ,Coroico,129359.16999999998
2026-08-28,LA PAZ,Coroico,842424.96
2026-08-28,LA PAZ,Curva,186714.81
2026-08-28,LA PAZ,Desaguadero,415772.78
2026-08-28,LA PAZ,El Alto de La Paz,6368.0
2026-08-28,LA PAZ,El Alto de La Paz,8272.22
2026-08-28,LA PAZ,El Alto de La Paz,95051.16
2026-08-28,LA PAZ,El Alto de La Paz,100977.26000000002
2026-08-28,LA PAZ,El Alto de La Paz,219404.73
2026-08-28,LA PAZ,El Alto de La Paz,239741.00999999992
2026-08-28,LA PAZ,El Alto de La Paz,278042.18999999994
2026-08-28,LA PAZ,El Alto de La Paz,311712.33
2026-08-28,LA PAZ,El Alto de La Paz,364499.99999999977
2026-08-28,LA PAZ,El Alto de La Paz,426456.43000000017
2026-08-28,LA PAZ,El Alto de La Paz,521463.2100000001
2026-08-28,LA PAZ,El Alto de La Paz,559582.1900000008
2026-08-28,LA PAZ,El Alto de La Paz,1135916.0499999998
2026-08-28,LA PAZ,El Alto de La Paz,1962656.2199999997
2026-08-28,LA PAZ,El Alto de La Paz,2637872.9899999993
2026-08-28,LA PAZ,El Alto de La Paz,2678801.0199999996
2026-08-28,LA PAZ,El Alto de La Paz,34982856.890000015
2026-08-28,LA PAZ,El Alto de La Paz,37360139.26
2026-08-28,LA PAZ,Escoma,171169.33000000002
2026-08-28,LA PAZ,GUAQUI,306605.18000000005
2026-08-28,LA PAZ,GUAQUI,543561.2200000002
2026-08-28,LA PAZ,General Juan José Pérez (Charazani),870117.37
2026-08-28,LA PAZ,Guanay,486779.7
2026-08-28,LA PAZ,Guanay,899301.2999999998
2026-08-28,LA PAZ,Huarina,2038417.57
2026-08-28,LA PAZ,Huatajata,341454.43
2026-08-28,LA PAZ,Humanata,12198.45
2026-08-28,LA PAZ,Humanata,135642.79
2026-08-28,LA PAZ,ICHOCA,529942.07
2026-08-28,LA PAZ,INQUISIVI,171839.63000000012
2026-08-28,LA PAZ,INQUISIVI,192282.29000000004
2026-08-28,LA PAZ,INQUISIVI,937756.7000000001
2026-08-28,LA PAZ,Irupana (Villa de Lanza),55612.990000000005
2026-08-28,LA PAZ,Irupana (Villa de Lanza),151095.85
2026-08-28,LA PAZ,Irupana (Villa de Lanza),668923.5
2026-08-28,LA PAZ,Ixiamas,8000.0
2026-08-28,LA PAZ,Ixiamas,12390.279999999999
2026-08-28,LA PAZ,Ixiamas,33281.409999999996
2026-08-28,LA PAZ,Ixiamas,626647.1699999999
2026-08-28,LA PAZ,Jesús de Machaca,598763.51
2026-08-28,LA PAZ,LA PAZ,1193.31
2026-08-28,LA PAZ,LA PAZ,19999.5
2026-08-28,LA PAZ,LA PAZ,21530.56
2026-08-28,LA PAZ,LA PAZ,24632.86
2026-08-28,LA PAZ,LA PAZ,71689.38
2026-08-28,LA PAZ,LA PAZ,76510.15999999999
2026-08-28,LA PAZ,LA PAZ,77054.88
2026-08-28,LA PAZ,LA PAZ,99912.09
2026-08-28,LA PAZ,LA PAZ,108283.54000000001
2026-08-28,LA PAZ,LA PAZ,128410.85000000005
2026-08-28,LA PAZ,LA PAZ,132667.12
2026-08-28,LA PAZ,LA PAZ,136256.00999999998
2026-08-28,LA PAZ,LA PAZ,156838.72
2026-08-28,LA PAZ,LA PAZ,158974.50999999998
2026-08-28,LA PAZ,LA PAZ,180457.95000000013
2026-08-28,LA PAZ,LA PAZ,198249.7500000001
2026-08-28,LA PAZ,LA PAZ,206363.16
2026-08-28,LA PAZ,LA PAZ,225295.62999999992
2026-08-28,LA PAZ,LA PAZ,241196.32
2026-08-28,LA PAZ,LA PAZ,311388.22
2026-08-28,LA PAZ,LA PAZ,314769.19999999984
2026-08-28,LA PAZ,LA PAZ,316325.27
2026-08-28,LA PAZ,LA PAZ,331154.44
2026-08-28,LA PAZ,LA PAZ,346056.13000000006
2026-08-28,LA PAZ,LA PAZ,356451.26
2026-08-28,LA PAZ,LA PAZ,383705.5200000001
2026-08-28,LA PAZ,LA PAZ,410004.12999999995
2026-08-28,LA PAZ,LA PAZ,415933.92999999993
2026-08-28,LA PAZ,LA PAZ,422503.86999999994
2026-08-28,LA PAZ,LA PAZ,427905.23
2026-08-28,LA PAZ,LA PAZ,434608.1799999998
2026-08-28,LA PAZ,LA PAZ,442334.29000000004
2026-08-28,LA PAZ,LA PAZ,446711.5899999999
2026-08-28,LA PAZ,LA PAZ,458714.1699999999
2026-08-28,LA PAZ,LA PAZ,492672.13000000006
2026-08-28,LA PAZ,LA PAZ,508343.74000000034
2026-08-28,LA PAZ,LA PAZ,539344.99
2026-08-28,LA PAZ,LA PAZ,605398.4800000001
2026-08-28,LA PAZ,LA PAZ,623191.12
2026-08-28,LA PAZ,LA PAZ,629595.9800000001
2026-08-28,LA PAZ,LA PAZ,647427.91
2026-08-28,LA PAZ,LA PAZ,657213.36
2026-08-28,LA PAZ,LA PAZ,669493.3799999999
2026-08-28,LA PAZ,LA PAZ,692072.48
2026-08-28,LA PAZ,LA PAZ,694083.32
2026-08-28,LA PAZ,LA PAZ,706592.39
2026-08-28,LA PAZ,LA PAZ,726094.7800000001
2026-08-28,LA PAZ,LA PAZ,743011.9400000002
2026-08-28,LA PAZ,LA PAZ,752724.3700000007
2026-08-28,LA PAZ,LA PAZ,824667.7600000012
2026-08-28,LA PAZ,LA PAZ,878949.2799999997
2026-08-28,LA PAZ,LA PAZ,1034257.1299999999
2026-08-28,LA PAZ,LA PAZ,1041282.3400000002
2026-08-28,LA PAZ,LA PAZ,1055107.1
2026-08-28,LA PAZ,LA PAZ,1065055.0499999996
2026-08-28,LA PAZ,LA PAZ,1068570.6399999992
2026-08-28,LA PAZ,LA PAZ,1123601.4800000004
2026-08-28,LA PAZ,LA PAZ,1242753.89
2026-08-28,LA PAZ,LA PAZ,1376838.3499999999
2026-08-28,LA PAZ,LA PAZ,1379086.3900000006
2026-08-28,LA PAZ,LA PAZ,1457119.4500000007
2026-08-28,LA PAZ,LA PAZ,1551041.7300000014
2026-08-28,LA PAZ,LA PAZ,1562471.3000000003
2026-08-28,LA PAZ,LA PAZ,1619983.1199999996
2026-08-28,LA PAZ,LA PAZ,1728680.2900000005
2026-08-28,LA PAZ,LA PAZ,1773016.36
2026-08-28,LA PAZ,LA PAZ,1872097.85
2026-08-28,LA PAZ,LA PAZ,1879937.0000000002
2026-08-28,LA PAZ,LA PAZ,1902951.5100000002
2026-08-28,LA PAZ,LA PAZ,1966948.12
2026-08-28,LA PAZ,LA PAZ,2074510.5099999993
2026-08-28,LA PAZ,LA PAZ,2305848.34
2026-08-28,LA PAZ,LA PAZ,2354200.019999999
2026-08-28,LA PAZ,LA PAZ,2375543.67
2026-08-28,LA PAZ,LA PAZ,2409869.209999999
2026-08-28,LA PAZ,LA PAZ,2521831.2999999993
2026-08-28,LA PAZ,LA PAZ,2601405.13
2026-08-28,LA PAZ,LA PAZ,2613789.89
2026-08-28,LA PAZ,LA PAZ,2748079.9299999992
2026-08-28,LA PAZ,LA PAZ,2817765.2000000016
2026-08-28,LA PAZ,LA PAZ,2855260.61
2026-08-28,LA PAZ,LA PAZ,3033716.53
2026-08-28,LA PAZ,LA PAZ,3143514.8499999996
2026-08-28,LA PAZ,LA PAZ,3354174.6199999987
2026-08-28,LA PAZ,LA PAZ,3381024.2900000005
2026-08-28,LA PAZ,LA PAZ,4043913.99
2026-08-28,LA PAZ,LA PAZ,4063453.82
2026-08-28,LA PAZ,LA PAZ,4313420.32
2026-08-28,LA PAZ,LA PAZ,4495290.88
2026-08-28,LA PAZ,LA PAZ,4573452.769999998
2026-08-28,LA PAZ,LA PAZ,4826390.49
2026-08-28,LA PAZ,LA PAZ,4895442.46
2026-08-28,LA PAZ,LA PAZ,5219889.119999997
2026-08-28,LA PAZ,LA PAZ,5466658.470000001
2026-08-28,LA PAZ,LA PAZ,5486973.75
2026-08-28,LA PAZ,LA PAZ,5970986.86
2026-08-28,LA PAZ,LA PAZ,5987436.119999999
2026-08-28,LA PAZ,LA PAZ,6151467.670000001
2026-08-28,LA PAZ,LA PAZ,6379104.589999999
2026-08-28,LA PAZ,LA PAZ,7032294.889999998
2026-08-28,LA PAZ,LA PAZ,7299011.52
2026-08-28,LA PAZ,LA PAZ,7786491.039999997
2026-08-28,LA PAZ,LA PAZ,9611379.85
2026-08-28,LA PAZ,LA PAZ,9671648.830000004
2026-08-28,LA PAZ,LA PAZ,9749428.470000003
2026-08-28,LA PAZ,LA PAZ,10214799.47
2026-08-28,LA PAZ,LA PAZ,11539777.929999996
2026-08-28,LA PAZ,LA PAZ,11807328.799999995
2026-08-28,LA PAZ,LA PAZ,12680546.240000002
2026-08-28,LA PAZ,LA PAZ,13076816.899999999
2026-08-28,LA PAZ,LA PAZ,14130279.950000003
2026-08-28,LA PAZ,LA PAZ,14505874.700000005
2026-08-28,LA PAZ,LA PAZ,14654510.319999997
2026-08-28,LA PAZ,LA PAZ,14821427.199999997
2026-08-28,LA PAZ,LA PAZ,19102645.109999996
2026-08-28,LA PAZ,LA PAZ,19388305.38
2026-08-28,LA PAZ,LA PAZ,19973072.349999987
2026-08-28,LA PAZ,LA PAZ,31075540.020000007
2026-08-28,LA PAZ,LA PAZ,31422284.689999994
2026-08-28,LA PAZ,LA PAZ,36731165.86
2026-08-28,LA PAZ,LA PAZ,54781275.3
2026-08-28,LA PAZ,LA PAZ,91759307.39999999
2026-08-28,LA PAZ,LA PAZ,93437611.64
2026-08-28,LA PAZ,LA PAZ,111539920.75
2026-08-28,LA PAZ,LA PAZ,254110308.23
2026-08-28,LA PAZ,LA PAZ,346752383.23999995
2026-08-28,LA PAZ,LA PAZ,425291716.79
2026-08-28,LA PAZ,La Asunta,957107.6000000001
2026-08-28,LA PAZ,Laja,4195.699999999979
2026-08-28,LA PAZ,Laja,30124.26
2026-08-28,LA PAZ,Laja,883287.6099999999
2026-08-28,LA PAZ,Luribay,7288.0
2026-08-28,LA PAZ,Luribay,242616.43000000002
2026-08-28,LA PAZ,MULTIMUNICIPAL,2514.5
2026-08-28,LA PAZ,MULTIMUNICIPAL,7210.0
2026-08-28,LA PAZ,MULTIMUNICIPAL,80000.0
2026-08-28,LA PAZ,MULTIMUNICIPAL,214283.92999999993
2026-08-28,LA PAZ,MULTIMUNICIPAL,236158.26000000004
2026-08-28,LA PAZ,MULTIMUNICIPAL,261627.22999999998
2026-08-28,LA PAZ,MULTIMUNICIPAL,1569699.5600000003
2026-08-28,LA PAZ,MULTIMUNICIPAL,3419473.540000001
2026-08-28,LA PAZ,MULTIMUNICIPAL,3972370.2399999998
2026-08-28,LA PAZ,Malla,70963.92
2026-08-28,LA PAZ,Malla,342730.56000000006
2026-08-28,LA PAZ,Mapiri,157798.18
2026-08-28,LA PAZ,Mapiri,192035.25999999998
2026-08-28,LA PAZ,Mecapaca,494768.2899999999
2026-08-28,LA PAZ,Mocomoco,806874.65
2026-08-28,LA PAZ,Multimunicipal,7138.9
2026-08-28,LA PAZ,Multimunicipal,31586.670000000002
2026-08-28,LA PAZ,Multimunicipal,123219.42000000001
2026-08-28,LA PAZ,Multimunicipal,2192702.89
2026-08-28,LA PAZ,Nazacara de Pacajes,358388.41000000003
2026-08-28,LA PAZ,Palca,11686.61
2026-08-28,LA PAZ,Palca,942824.7100000001
2026-08-28,LA PAZ,Palos Blancos,43942.049999999996
2026-08-28,LA PAZ,Palos Blancos,1851846.8699999999
2026-08-28,LA PAZ,Papel Pampa,150276.41000000003
2026-08-28,LA PAZ,Patacamaya,14841.0
2026-08-28,LA PAZ,Patacamaya,722503.6199999999
2026-08-28,LA PAZ,Pelechuco,302068.15
2026-08-28,LA PAZ,Pucarani,23696.0
2026-08-28,LA PAZ,Pucarani,119915.68
2026-08-28,LA PAZ,Pucarani,875378.14
2026-08-28,LA PAZ,Pucarani,1257667.9800000002
2026-08-28,LA PAZ,Puerto Acosta,984.0
2026-08-28,LA PAZ,Puerto Acosta,164098.72999999998
2026-08-28,LA PAZ,Puerto Pérez,292907.59
2026-08-28,LA PAZ,QUIME,2817.699999999997
2026-08-28,LA PAZ,QUIME,102728.37
2026-08-28,LA PAZ,Quiabaya,422519.49
2026-08-28,LA PAZ,SANTIAGO DE CALLAPA,276526.67
2026-08-28,LA PAZ,San Andrés de Machaca,174545.38999999998
2026-08-28,LA PAZ,San Buenaventura,18751.65
2026-08-28,LA PAZ,San Buenaventura,617813.6
2026-08-28,LA PAZ,San Buenaventura,1399276.77
2026-08-28,LA PAZ,San Pedro de Curahuara,230138.21
2026-08-28,LA PAZ,San Pedro de Tiquina,445343.12
2026-08-28,LA PAZ,Santiago de Huata,202597.86
2026-08-28,LA PAZ,Sapahaqui,21775.57
2026-08-28,LA PAZ,Sapahaqui,510352.73
2026-08-28,LA PAZ,Sica Sica (Villa Aroma),2620.5
2026-08-28,LA PAZ,Sica Sica (Villa Aroma),767227.9000000001
2026-08-28,LA PAZ,Sorata,152161.15999999992
2026-08-28,LA PAZ,Sorata,1519045.8900000001
2026-08-28,LA PAZ,Tacacoma,278348.97
2026-08-28,LA PAZ,Teoponte,1661178.97
2026-08-28,LA PAZ,Tiahuanacu,577091.15
2026-08-28,LA PAZ,Tipuani,337325.0
2026-08-28,LA PAZ,Tito Yupanqui,55618.0
2026-08-28,LA PAZ,Umala,11344.000000000002
2026-08-28,LA PAZ,Umala,219207.33000000002
2026-08-28,LA PAZ,Viacha,11550.0
2026-08-28,LA PAZ,Viacha,175217.74
2026-08-28,LA PAZ,Viacha,198754.56
2026-08-28,LA PAZ,Viacha,310933.91
2026-08-28,LA PAZ,Viacha,6132798.039999999
2026-08-28,LA PAZ,Villa Libertad Licoma,344194.52
2026-08-28,LA PAZ,Waldo Ballivián,397603.02999999997
2026-08-28,LA PAZ,Yaco,192431.95000000007
2026-08-28,LA PAZ,Yanacachi,249557.67000000004
2026-08-28,LA PAZ,,7677514.27
2026-08-28,MULTIDEPARTAMEN,MULTIPROVINCIAL,21482.09
2026-08-28,MULTIDEPARTAMEN,MULTIPROVINCIAL,246987.84999999998
2026-08-28,MULTIDEPARTAMEN,MULTIPROVINCIAL,1198526.4800000004
2026-08-28,MULTIDEPARTAMEN,MULTIPROVINCIAL,8602807.42
2026-08-28,MULTIDEPARTAMEN,MULTIPROVINCIAL,9672875.490000002
2026-08-28,MULTIDEPARTAMEN,MULTIPROVINCIAL,42249172.1
2026-08-28,NACIONAL,MULTIMUNICIPAL,2440.0199999999913
2026-08-28,NACIONAL,MULTIMUNICIPAL,43121.57999999994
2026-08-28,NACIONAL,MULTIMUNICIPAL,57883.17
2026-08-28,NACIONAL,MULTIMUNICIPAL,68370.15999999999
2026-08-28,NACIONAL,MULTIMUNICIPAL,77935.83
2026-08-28,NACIONAL,MULTIMUNICIPAL,96204.75999999978
2026-08-28,NACIONAL,MULTIMUNICIPAL,172156.80000000005
2026-08-28,NACIONAL,MULTIMUNICIPAL,174999.47999999998
2026-08-28,NACIONAL,MULTIMUNICIPAL,382228.6200000001
2026-08-28,NACIONAL,MULTIMUNICIPAL,576790.6
2026-08-28,NACIONAL,MULTIMUNICIPAL,611667.2199999999
2026-08-28,NACIONAL,MULTIMUNICIPAL,618778.0100000001
2026-08-28,NACIONAL,MULTIMUNICIPAL,633540.88
2026-08-28,NACIONAL,MULTIMUNICIPAL,636914.2200000003
2026-08-28,NACIONAL,MULTIMUNICIPAL,890429.0800000001
2026-08-28,NACIONAL,MULTIMUNICIPAL,967008.32
2026-08-28,NACIONAL,MULTIMUNICIPAL,1703577.46
2026-08-28,NACIONAL,MULTIMUNICIPAL,1754773.69
2026-08-28,NACIONAL,MULTIMUNICIPAL,4068792.6100000003
2026-08-28,NACIONAL,MULTIMUNICIPAL,5083294.5
2026-08-28,NACIONAL,MULTIMUNICIPAL,5455542.49
2026-08-28,NACIONAL,MULTIMUNICIPAL,11714209.5
2026-08-28,NACIONAL,MULTIMUNICIPAL,4296547537.719999
2026-08-28,NO APLICABLE,NO APLICABLE,599.3999999999996
2026-08-28,NO APLICABLE,NO APLICABLE,4706675.409999999
2026-08-28,NO APLICABLE,NO APLICABLE,99009667.27
2026-08-28,ORURO,Andamarca (Stgo. de Andamarca),319109.37
2026-08-28,ORURO,Antequera,568978.39
2026-08-28,ORURO,Belen de Andamarca,114372.19999999998
2026-08-28,ORURO,Caracollo,1302256.96
2026-08-28,ORURO,Carangas,97775.82
2026-08-28,ORURO,Challapata,4018.15
2026-08-28,ORURO,Challapata,215865.11000000034
2026-08-28,ORURO,Challapata,815869.3700000001
2026-08-28,ORURO,Challapata,1577360.95
2026-08-28,ORURO,Choquecota,249479.38999999998
2026-08-28,ORURO,Coipasa,138187.06
2026-08-28,ORURO,Corque,817568.5000000001
2026-08-28,ORURO,Cruz de Machacamarca,156060.55
2026-08-28,ORURO,Curahuara de Carangas,25617.21
2026-08-28,ORURO,Curahuara de Carangas,917923.54
2026-08-28,ORURO,El Choro,392564.43
2026-08-28,ORURO,Escara,531825.19
2026-08-28,ORURO,Esmeralda,153248.0
2026-08-28,ORURO,Eucaliptus,1221160.4
2026-08-28,ORURO,HUACHACALLA,142441.92
2026-08-28,ORURO,Huanuni,1760992.4899999998
2026-08-28,ORURO,La Rivera,116322.86
2026-08-28,ORURO,MULTIMUNICIPAL,1674918.35
2026-08-28,ORURO,MULTIMUNICIPAL,5889489.5299999975
2026-08-28,ORURO,Machacamarca,609223.15
2026-08-28,ORURO,Multimunicipal,30765.73
2026-08-28,ORURO,ORURO,310.4
2026-08-28,ORURO,ORURO,528.1700000000001
2026-08-28,ORURO,ORURO,7526.029999999999
2026-08-28,ORURO,ORURO,10475.769999999988
2026-08-28,ORURO,ORURO,27953.0
2026-08-28,ORURO,ORURO,91184.83000000002
2026-08-28,ORURO,ORURO,121601.04
2026-08-28,ORURO,ORURO,212665.62999999977
2026-08-28,ORURO,ORURO,237095.71999999997
2026-08-28,ORURO,ORURO,330989.40000000014
2026-08-28,ORURO,ORURO,363241.0000000001
2026-08-28,ORURO,ORURO,879793.6799999994
2026-08-28,ORURO,ORURO,1133997.0999999996
2026-08-28,ORURO,ORURO,1282032.2300000002
2026-08-28,ORURO,ORURO,1684852.6800000004
2026-08-28,ORURO,ORURO,4426975.24
2026-08-28,ORURO,ORURO,5491988.4
2026-08-28,ORURO,ORURO,21123834.44
2026-08-28,ORURO,ORURO,28140607.810000002
2026-08-28,ORURO,ORURO,85096474.05000001
2026-08-28,ORURO,POOPÓ (VILLA POOPÓ),388373.17
2026-08-28,ORURO,Pampa Aullagas,409005.27
2026-08-28,ORURO,Pazña,123038.83000000005
2026-08-28,ORURO,Sabaya,1023554.47
2026-08-28,ORURO,Santiago de Huari,131301.5
2026-08-28,ORURO,Santiago de Huari,1911302.25
2026-08-28,ORURO,Santuario de Quillacas,25597.95
2026-08-28,ORURO,Soracachi,107571.43
2026-08-28,ORURO,Soracachi,1203670.69
2026-08-28,ORURO,TIOC Nación Originaria Uru Chipaya,125194.77
2026-08-28,ORURO,TIOC Salinas,76211.53
2026-08-28,ORURO,TIOC Salinas,705722.9400000001
2026-08-28,ORURO,Todos Santos,59347.42
2026-08-28,ORURO,Toledo,10704.789999999994
2026-08-28,ORURO,Toledo,545210.73
2026-08-28,ORURO,Totora,51340.0
2026-08-28,ORURO,Totora,973415.2899999999
2026-08-28,ORURO,Turco,466234.99000000005
2026-08-28,ORURO,Yunguyo de Litoral,227955.78
2026-08-28,ORURO,,2534700.71
2026-08-28,PANDO,BELLA FLOR,3225.6
2026-08-28,PANDO,BELLA FLOR,449349.89
2026-08-28,PANDO,Bolpebra,114314.35000000002
2026-08-28,PANDO,COBIJA,157.17000000000002
2026-08-28,PANDO,COBIJA,3625.0
2026-08-28,PANDO,COBIJA,4668.0
2026-08-28,PANDO,COBIJA,5469.17
2026-08-28,PANDO,COBIJA,25679.24
2026-08-28,PANDO,COBIJA,46314.700000000004
2026-08-28,PANDO,COBIJA,182441.5
2026-08-28,PANDO,COBIJA,203760.63
2026-08-28,PANDO,COBIJA,536039.38
2026-08-28,PANDO,COBIJA,536745.2899999998
2026-08-28,PANDO,COBIJA,645291.0899999999
2026-08-28,PANDO,COBIJA,2204216.92
2026-08-28,PANDO,COBIJA,4013870.17
2026-08-28,PANDO,COBIJA,5391593.91
2026-08-28,PANDO,COBIJA,9082601.07
2026-08-28,PANDO,COBIJA,11473455.17
2026-08-28,PANDO,COBIJA,24465009.090000007
2026-08-28,PANDO,Filadelfia,3152.10000000149
2026-08-28,PANDO,Filadelfia,548193.7
2026-08-28,PANDO,MULTIMUNICIPAL,612429.0499999999
2026-08-28,PANDO,MULTIMUNICIPAL,961722.7999999999
2026-08-28,PANDO,MULTIMUNICIPAL,1550649.0199999986
2026-08-28,PANDO,MULTIMUNICIPAL,1904439.4700000007
2026-08-28,PANDO,Multimunicipal,1802.5
2026-08-28,PANDO,Multimunicipal,3867.9300000000003
2026-08-28,PANDO,Multimunicipal,38083.97999999997
2026-08-28,PANDO,Nueva Esperanza,240496.83000000002
2026-08-28,PANDO,Porvenir,294999.96
2026-08-28,PANDO,Puerto Gonzalo Moreno,3300.0
2026-08-28,PANDO,Puerto Gonzalo Moreno,1137132.56
2026-08-28,PANDO,Puerto Rico,670822.5500000002
2026-08-28,PANDO,San Lorenzo,1125537.1
2026-08-28,PANDO,San Pedro,250535.87
2026-08-28,PANDO,Santa Rosa del Abuná,224112.2
2026-08-28,PANDO,Sena,400.0
2026-08-28,PANDO,Sena,202725.67999999993
2026-08-28,PANDO,Sena,918372.1800000002
2026-08-28,PANDO,Sena,1186732.6300000001
2026-08-28,PANDO,VILLA NUEVA (LOMA ALTA),158837.61
2026-08-28,PANDO,,198515.59999999995
2026-08-28,POTOSI,Acasio,132309.84
2026-08-28,POTOSI,Arampampa,59406.81
2026-08-28,POTOSI,Arampampa,340781.1200000001
2026-08-28,POTOSI,Atocha,270000.0
2026-08-28,POTOSI,Atocha,735678.8400000001
2026-08-28,POTOSI,Betanzos,1545067.5399999998
2026-08-28,POTOSI,"Caiza ""D""",705173.98
2026-08-28,POTOSI,Caripuyo,343879.85
2026-08-28,POTOSI,Chaqui,24908.149999999994
2026-08-28,POTOSI,Chaqui,290156.4199999999
2026-08-28,POTOSI,Chayanta,28278.54
2026-08-28,POTOSI,Chayanta,1779935.7000000002
2026-08-28,POTOSI,"Chuquiuta ""Ayllu Jucumani""",345379.06999999995
2026-08-28,POTOSI,"Chuquiuta ""Ayllu Jucumani""",1590033.7000000002
2026-08-28,POTOSI,Ckochas,550635.7799999999
2026-08-28,POTOSI,Ckochas,891180.35
2026-08-28,POTOSI,"Colcha""K"" (Villa Martín)",2256510.7199999997
2026-08-28,POTOSI,Colquechaca,469411.89
2026-08-28,POTOSI,Cotagaita,1082852.38
2026-08-28,POTOSI,Llallagua,18451.76000000001
2026-08-28,POTOSI,Llallagua,160195.95000000004
2026-08-28,POTOSI,Llallagua,1177777.04
2026-08-28,POTOSI,Llallagua,3321568.39
2026-08-28,POTOSI,Llica,151795.64999999997
2026-08-28,POTOSI,Llica,623547.0800000001
2026-08-28,POTOSI,MULTIMUNICIPAL,3073.91
2026-08-28,POTOSI,MULTIMUNICIPAL,349852.5900000001
2026-08-28,POTOSI,MULTIMUNICIPAL,49013370.29
2026-08-28,POTOSI,Mojinete,46863.44
2026-08-28,POTOSI,Multimunicipal,28712.00000000003
2026-08-28,POTOSI,Ocurí,740747.63
2026-08-28,POTOSI,PUNA (VILLA TALAVERA),58087.95000000001
2026-08-28,POTOSI,PUNA (VILLA TALAVERA),237597.25000000003
2026-08-28,POTOSI,PUNA (VILLA TALAVERA),306302.62
2026-08-28,POTOSI,Pocoata,735395.72
2026-08-28,POTOSI,Pocoata,3818126.0
2026-08-28,POTOSI,Porco,16750.0
2026-08-28,POTOSI,Porco,830724.0299999999
2026-08-28,POTOSI,Potosí,1237.01
2026-08-28,POTOSI,Potosí,2157.17
2026-08-28,POTOSI,Potosí,2646.3599999999997
2026-08-28,POTOSI,Potosí,4844.5
2026-08-28,POTOSI,Potosí,6935.099999999999
2026-08-28,POTOSI,Potosí,11146.19
2026-08-28,POTOSI,Potosí,11956.71
2026-08-28,POTOSI,Potosí,12880.0
2026-08-28,POTOSI,Potosí,43779.42999999999
2026-08-28,POTOSI,Potosí,66438.78000000001
2026-08-28,POTOSI,Potosí,105490.99
2026-08-28,POTOSI,Potosí,176814.68000000002
2026-08-28,POTOSI,Potosí,177626.53999999998
2026-08-28,POTOSI,Potosí,191271.14
2026-08-28,POTOSI,Potosí,269642.1599999999
2026-08-28,POTOSI,Potosí,424725.35999999987
2026-08-28,POTOSI,Potosí,662716.0000000001
2026-08-28,POTOSI,Potosí,766607.1499999999
2026-08-28,POTOSI,Potosí,1050624.56
2026-08-28,POTOSI,Potosí,1168854.8200000003
2026-08-28,POTOSI,Potosí,5413957.27
2026-08-28,POTOSI,Potosí,5892347.790000001
2026-08-28,POTOSI,Potosí,13611228.93
2026-08-28,POTOSI,Potosí,14083944.36
2026-08-28,POTOSI,Potosí,14345162.4
2026-08-28,POTOSI,Potosí,17646659.869999997
2026-08-28,POTOSI,Potosí,149462336.68
2026-08-28,POTOSI,Ravelo,660982.47
2026-08-28,POTOSI,Sacaca (Villa de Sacaca),464467.57999999996
2026-08-28,POTOSI,San Agustín,48998.4
2026-08-28,POTOSI,San Agustín,110710.26
2026-08-28,POTOSI,San Agustín,198849.89
2026-08-28,POTOSI,San Antonio de Esmoruco,91939.13999999998
2026-08-28,POTOSI,San Pablo de Lípez,157796.39000000013
2026-08-28,POTOSI,San Pablo de Lípez,288571.4100000001
2026-08-28,POTOSI,San Pablo de Lípez,384639.47000000003
2026-08-28,POTOSI,San Pedro,160050.46
2026-08-28,POTOSI,San Pedro,2284120.87
2026-08-28,POTOSI,San Pedro de Macha,397306.69999999995
2026-08-28,POTOSI,San Pedro de Macha,494169.15
2026-08-28,POTOSI,Tacobamba,56000.0
2026-08-28,POTOSI,Tacobamba,685510.5499999999
2026-08-28,POTOSI,Tahua,97629.36
2026-08-28,POTOSI,Tinguipaya,163324.83999999997
2026-08-28,POTOSI,Tinguipaya,823990.29
2026-08-28,POTOSI,Tomave,67179.33000000002
2026-08-28,POTOSI,Tomave,247539.09
2026-08-28,POTOSI,Tomave,444877.06999999995
2026-08-28,POTOSI,Toro Toro,39870.73999999998
2026-08-28,POTOSI,Toro Toro,235327.74999999994
2026-08-28,POTOSI,Tupiza,3754.2000000000007
2026-08-28,POTOSI,Tupiza,229193.62
2026-08-28,POTOSI,Tupiza,2938270.2800000003
2026-08-28,POTOSI,Uncía,5718.570000000007
2026-08-28,POTOSI,Uncía,525470.63
2026-08-28,POTOSI,Uncía,1445859.07
2026-08-28,POTOSI,Urmiri,55049.06000000001
2026-08-28,POTOSI,Uyuni,59158.46999999997
2026-08-28,POTOSI,Uyuni,158088.1699999999
2026-08-28,POTOSI,Uyuni,969830.0
2026-08-28,POTOSI,Uyuni,2030964.16
2026-08-28,POTOSI,Villazón,613039.0
2026-08-28,POTOSI,Villazón,2173291.92
2026-08-28,POTOSI,Villazón,3219323.09
2026-08-28,POTOSI,Vitichi,393684.22000000003
2026-08-28,POTOSI,Vitichi,1005294.0000000001
2026-08-28,POTOSI,Yocalla,24082.28
2026-08-28,POTOSI,Yocalla,231281.55
2026-08-28,POTOSI,Yocalla,2805334.37
2026-08-28,SANTA CRUZ,Ascención de Guarayos,58548.11
2026-08-28,SANTA CRUZ,Ascención de Guarayos,2656040.7499999995
2026-08-28,SANTA CRUZ,Boyuibe,8525.199999999953
2026-08-28,SANTA CRUZ,Boyuibe,488906.71
2026-08-28,SANTA CRUZ,Buena Vista,35303.66
2026-08-28,SANTA CRUZ,Buena Vista,1317260.53
2026-08-28,SANTA CRUZ,CONCEPCIÓN,38850.840000000004
2026-08-28,SANTA CRUZ,CONCEPCIÓN,2183913.28
2026-08-28,SANTA CRUZ,Cabezas,2136342.0300000003
2026-08-28,SANTA CRUZ,Camiri,36464.04
2026-08-28,SANTA CRUZ,Camiri,1975491.7000000002
2026-08-28,SANTA CRUZ,Colpa Bélgica,667033.01
2026-08-28,SANTA CRUZ,Comarapa,3300.0
2026-08-28,SANTA CRUZ,Comarapa,28652.39
2026-08-28,SANTA CRUZ,Comarapa,889766.2899999999
2026-08-28,SANTA CRUZ,Cotoca,44739.67
2026-08-28,SANTA CRUZ,Cotoca,3914037.19
2026-08-28,SANTA CRUZ,Cuatro Cañadas,2455357.52
2026-08-28,SANTA CRUZ,Cuevo,302695.43
2026-08-28,SANTA CRUZ,El Carmen Rivero Tórrez,789889.2100000001
2026-08-28,SANTA CRUZ,El Puente,11644.779999999999
2026-08-28,SANTA CRUZ,El Puente,949305.7599999999
2026-08-28,SANTA CRUZ,El Torno,4347263.49
2026-08-28,SANTA CRUZ,Fernández Alonso,718892.5900000001
2026-08-28,SANTA CRUZ,GENERAL AGUSTÍN SAAVEDRA,1540.35
2026-08-28,SANTA CRUZ,GENERAL AGUSTÍN SAAVEDRA,1155859.0
2026-08-28,SANTA CRUZ,La Guardia,4823.44
2026-08-28,SANTA CRUZ,La Guardia,9747469.639999999
2026-08-28,SANTA CRUZ,Lagunillas,331193.87
2026-08-28,SANTA CRUZ,MULTIMUNICIPAL,19100.35000000001
2026-08-28,SANTA CRUZ,MULTIMUNICIPAL,116297.49000000002
2026-08-28,SANTA CRUZ,MULTIMUNICIPAL,409691.63000000006
2026-08-28,SANTA CRUZ,MULTIMUNICIPAL,2886807.8799999994
2026-08-28,SANTA CRUZ,MULTIMUNICIPAL,5688425.440000003
2026-08-28,SANTA CRUZ,MULTIMUNICIPAL,32739920.92
2026-08-28,SANTA CRUZ,Mairana,685551.9100000003
2026-08-28,SANTA CRUZ,Mineros,1317937.3900000001
2026-08-28,SANTA CRUZ,Montero,29993.909999999996
2026-08-28,SANTA CRUZ,Montero,62501.650000000016
2026-08-28,SANTA CRUZ,Montero,9173137.100000001
2026-08-28,SANTA CRUZ,Moro Moro,99650.90000000002
2026-08-28,SANTA CRUZ,Multimunicipal,3450.7999999999956
2026-08-28,SANTA CRUZ,Multimunicipal,67038.22000000002
2026-08-28,SANTA CRUZ,Okinawa I,692882.54
2026-08-28,SANTA CRUZ,PUERTO SUAREZ,32077.370000000014
2026-08-28,SANTA CRUZ,PUERTO SUAREZ,1644422.47
2026-08-28,SANTA CRUZ,PUERTO SUAREZ,1794467.9300000002
2026-08-28,SANTA CRUZ,Pailón,23292.89
2026-08-28,SANTA CRUZ,Pailón,3829245.28
2026-08-28,SANTA CRUZ,Pampa Grande,1712464.15
2026-08-28,SANTA CRUZ,Porongo  (Ayacucho),5528607.95
2026-08-28,SANTA CRUZ,Portachuelo,23582.81
2026-08-28,SANTA CRUZ,Portachuelo,593010.48
2026-08-28,SANTA CRUZ,Postrer Valle,71881.87
2026-08-28,SANTA CRUZ,Puerto Quijarro,1578920.3
2026-08-28,SANTA CRUZ,Quirusillas,141328.85000000003
2026-08-28,SANTA CRUZ,Robore,516557.4800000002
2026-08-28,SANTA CRUZ,SAN IGNACIO (SAN IGNACIO DE VELASCO),2578.4400000000023
2026-08-28,SANTA CRUZ,SAN IGNACIO (SAN IGNACIO DE VELASCO),13861.989999999998
2026-08-28,SANTA CRUZ,SAN IGNACIO (SAN IGNACIO DE VELASCO),25558.050000000003
2026-08-28,SANTA CRUZ,SAN IGNACIO (SAN IGNACIO DE VELASCO),72022.05999999997
2026-08-28,SANTA CRUZ,SAN IGNACIO (SAN IGNACIO DE VELASCO),3084560.3200000003
2026-08-28,SANTA CRUZ,SANTA CRUZ DE LA SIERRA,310.8
2026-08-28,SANTA CRUZ,SANTA CRUZ DE LA SIERRA,777.54
2026-08-28,SANTA CRUZ,SANTA CRUZ DE LA SIERRA,2134.0
2026-08-28,SANTA CRUZ,SANTA CRUZ DE LA SIERRA,4696.5
2026-08-28,SANTA CRUZ,SANTA CRUZ DE LA SIERRA,5426.97
2026-08-28,SANTA CRUZ,SANTA CRUZ DE LA SIERRA,7457.9
2026-08-28,SANTA CRUZ,SANTA CRUZ DE LA SIERRA,12681.0
2026-08-28,SANTA CRUZ,SANTA CRUZ DE LA SIERRA,31506.0
2026-08-28,SANTA CRUZ,SANTA CRUZ DE LA SIERRA,31869.0
2026-08-28,SANTA CRUZ,SANTA CRUZ DE LA SIERRA,72288.39
2026-08-28,SANTA CRUZ,SANTA CRUZ DE LA SIERRA,124806.17000000001
2026-08-28,SANTA CRUZ,SANTA CRUZ DE LA SIERRA,181055.51999999987
2026-08-28,SANTA CRUZ,SANTA CRUZ DE LA SIERRA,345177.72000000003
2026-08-28,SANTA CRUZ,SANTA CRUZ DE LA SIERRA,439613.8299999999
2026-08-28,SANTA CRUZ,SANTA CRUZ DE LA SIERRA,513946.82999999996
2026-08-28,SANTA CRUZ,SANTA CRUZ DE LA SIERRA,782808.9199999997
2026-08-28,SANTA CRUZ,SANTA CRUZ DE LA SIERRA,879201.5800000001
2026-08-28,SANTA CRUZ,SANTA CRUZ DE LA SIERRA,1195035.46
2026-08-28,SANTA CRUZ,SANTA CRUZ DE LA SIERRA,2316643.320000001
2026-08-28,SANTA CRUZ,SANTA CRUZ DE LA SIERRA,3534574.520000001
2026-08-28,SANTA CRUZ,SANTA CRUZ DE LA SIERRA,5602602.99
2026-08-28,SANTA CRUZ,SANTA CRUZ DE LA SIERRA,9876624.820000002
2026-08-28,SANTA CRUZ,SANTA CRUZ DE LA SIERRA,12422440.420000004
2026-08-28,SANTA CRUZ,SANTA CRUZ DE LA SIERRA,67809026.6
2026-08-28,SANTA CRUZ,SANTA CRUZ DE LA SIERRA,78610217.22
2026-08-28,SANTA CRUZ,SANTA CRUZ DE LA SIERRA,120273137.75999999
2026-08-28,SANTA CRUZ,SANTA CRUZ DE LA SIERRA,313637231.30999994
2026-08-28,SANTA CRUZ,Saipina,405506.97000000003
2026-08-28,SANTA CRUZ,Samaipata,23278.32000000002
2026-08-28,SANTA CRUZ,Samaipata,903209.63
2026-08-28,SANTA CRUZ,San Antonio de Lomerio,613705.46
2026-08-28,SANTA CRUZ,San Carlos,10000.0
2026-08-28,SANTA CRUZ,San Carlos,1805171.51
2026-08-28,SANTA CRUZ,San Javier,799284.6200000001
2026-08-28,SANTA CRUZ,San José,34189.56
2026-08-28,SANTA CRUZ,San José,2525434.6100000003
2026-08-28,SANTA CRUZ,San Juan,1509618.0999999999
2026-08-28,SANTA CRUZ,San Julian,1220598.3599999999
2026-08-28,SANTA CRUZ,San Julian,3512014.16
2026-08-28,SANTA CRUZ,San Julian,14805055.08
2026-08-28,SANTA CRUZ,San Matías,43950.229999999996
2026-08-28,SANTA CRUZ,San Matías,678087.9399999998
2026-08-28,SANTA CRUZ,San Miguel (San Miguel de Velasco),1047480.96
2026-08-28,SANTA CRUZ,San Pedro,252759.70999999996
2026-08-28,SANTA CRUZ,San Pedro,1246896.72
2026-08-28,SANTA CRUZ,San Rafael,294289.07999999996
2026-08-28,SANTA CRUZ,San Ramón,573268.55
2026-08-28,SANTA CRUZ,Santa Rosa del Sara,2358553.3200000003
2026-08-28,SANTA CRUZ,TIOC Charagua Iyambae,3047333.55
2026-08-28,SANTA CRUZ,TIOG Kereimba Iyaambae,470795.48
2026-08-28,SANTA CRUZ,Trigal,117519.78
2026-08-28,SANTA CRUZ,Urubicha,587011.32
2026-08-28,SANTA CRUZ,Vallegrande,28092.430000000008
2026-08-28,SANTA CRUZ,Vallegrande,606452.4600000002
2026-08-28,SANTA CRUZ,WARNES,29580.490000000005
2026-08-28,SANTA CRUZ,WARNES,312441.38
2026-08-28,SANTA CRUZ,WARNES,14184353.650000002
2026-08-28,SANTA CRUZ,Yapacaní,820585.04
2026-08-28,SANTA CRUZ,Yapacaní,3122892.4800000004
2026-08-28,SANTA CRUZ,,1012492.39
2026-08-28,TARIJA,Bermejo,148002.24
2026-08-28,TARIJA,Bermejo,2199985.88
2026-08-28,TARIJA,Caraparí,121552.48999999999
2026-08-28,TARIJA,Caraparí,188653.74
2026-08-28,TARIJA,Caraparí,222922.5
2026-08-28,TARIJA,Caraparí,1184465.19
2026-08-28,TARIJA,Caraparí,1313794.7899999996
2026-08-28,TARIJA,El Puente,22258.18
2026-08-28,TARIJA,El Puente,96429.39000000001
2026-08-28,TARIJA,El Puente,1751682.89
2026-08-28,TARIJA,El Puente,2338856.01
2026-08-28,TARIJA,Entre Ríos,1603637.63
2026-08-28,TARIJA,MULTIMUNICIPAL,10000.0
2026-08-28,TARIJA,MULTIMUNICIPAL,38419.76000000004
2026-08-28,TARIJA,MULTIMUNICIPAL,91999.04000000001
2026-08-28,TARIJA,MULTIMUNICIPAL,524111.8100000002
2026-08-28,TARIJA,MULTIMUNICIPAL,4739892.859999999
2026-08-28,TARIJA,Multimunicipal,43949.61999999997
2026-08-28,TARIJA,Multimunicipal,3034979.1599999997
2026-08-28,TARIJA,Multimunicipal,28755065.68
2026-08-28,TARIJA,Padcaya,1140940.73
2026-08-28,TARIJA,Región Autónoma del Gran Chaco,2268509.64
2026-08-28,TARIJA,Región Autónoma del Gran Chaco,5550348.62
2026-08-28,TARIJA,San Lorenzo,1.0
2026-08-28,TARIJA,San Lorenzo,410533.89
2026-08-28,TARIJA,San Lorenzo,2469102.4099999997
2026-08-28,TARIJA,Tarija,157.16999999999996
2026-08-28,TARIJA,Tarija,377.39999999999964
2026-08-28,TARIJA,Tarija,7753.639999999999
2026-08-28,TARIJA,Tarija,10766.620000000012
2026-08-28,TARIJA,Tarija,20226.22
2026-08-28,TARIJA,Tarija,31278.86
2026-08-28,TARIJA,Tarija,76578.99999999997
2026-08-28,TARIJA,Tarija,101674.81000000008
2026-08-28,TARIJA,Tarija,176266.8
2026-08-28,TARIJA,Tarija,185150.13
2026-08-28,TARIJA,Tarija,269177.85
2026-08-28,TARIJA,Tarija,322998.4799999998
2026-08-28,TARIJA,Tarija,367821.78000000014
2026-08-28,TARIJA,Tarija,437442.86
2026-08-28,TARIJA,Tarija,844238.3500000001
2026-08-28,TARIJA,Tarija,1112967.18
2026-08-28,TARIJA,Tarija,1214486.22
2026-08-28,TARIJA,Tarija,1646322.54
2026-08-28,TARIJA,Tarija,2157371.98
2026-08-28,TARIJA,Tarija,5244046.840000001
2026-08-28,TARIJA,Tarija,5288668.779999998
2026-08-28,TARIJA,Tarija,10099093.370000001
2026-08-28,TARIJA,Tarija,15227254.9
2026-08-28,TARIJA,Tarija,22219995.069999997
2026-08-28,TARIJA,Tarija,83844740.02
2026-08-28,TARIJA,Uriondo (Concepción),18118.0
2026-08-28,TARIJA,Uriondo (Concepción),703415.36
2026-08-28,TARIJA,Villamontes,539.0
2026-08-28,TARIJA,Villamontes,1990.0
2026-08-28,TARIJA,Villamontes,1259864.25
2026-08-28,TARIJA,Villamontes,2330601.17
2026-08-28,TARIJA,Yacuiba,17045.0
2026-08-28,TARIJA,Yacuiba,1450147.1199999999
2026-08-28,TARIJA,Yacuiba,4042609.4599999995
2026-08-28,TARIJA,Yunchara,4182.959999999992
2026-08-28,TARIJA,Yunchara,187892.42
2026-08-28,TARIJA,,6980.0
2026-08-28,TARIJA,,84500.0
2026-09-04,BENI,Baures,597786.9
2026-09-04,BENI,Exaltación,723637.21
2026-09-04,BENI,GIA Territorio Indígena Multiétnico,13876.0
2026-09-04,BENI,Huacaraje,8204.7
2026-09-04,BENI,Huacaraje,279772.98
2026-09-04,BENI,Loreto,1346.0
2026-09-04,BENI,Loreto,64488.70000000001
2026-09-04,BENI,Magdalena,540035.94
2026-09-04,BENI,Puerto Guayaramerín,749396.1699999999
2026-09-04,BENI,Puerto Rurrenabaque,512031.06999999995
2026-09-04,BENI,Reyes,146197.72
2026-09-04,BENI,Riberalta,37675.449999999255
2026-09-04,BENI,Riberalta,50260.0
2026-09-04,BENI,Riberalta,50763.05000000005
2026-09-04,BENI,Riberalta,140443.1
2026-09-04,BENI,Riberalta,2611105.0500000007
2026-09-04,BENI,San Andrés,483574.9099999996
2026-09-04,BENI,San Andrés,643469.8600000001
2026-09-04,BENI,San Borja,21428.75
2026-09-04,BENI,San Borja,455002.7999999997
2026-09-04,BENI,San Ignacio,419145.90999999986
2026-09-04,BENI,San Javier,176659.49
2026-09-04,BENI,San Joaquín,188693.33999999994
2026-09-04,BENI,San Ramón,89382.23999999999
2026-09-04,BENI,Santa Ana,12307.06
2026-09-04,BENI,Santa Ana,657972.31
2026-09-04,BENI,Santa Rosa,1424638.4
2026-09-04,BENI,Trinidad,6138.0
2026-09-04,BENI,Trinidad,6482.340000000038
2026-09-04,BENI,Trinidad,9552.0
2026-09-04,BENI,Trinidad,14139.970000000001
2026-09-04,BENI,Trinidad,30138.789999999994
2026-09-04,BENI,Trinidad,51193.5
2026-09-04,BENI,Trinidad,110859.6
2026-09-04,BENI,Trinidad,212432.09000000003
2026-09-04,BENI,Trinidad,220446.63
2026-09-04,BENI,Trinidad,468636.1699999996
2026-09-04,BENI,Trinidad,2086395.540000001
2026-09-04,BENI,Trinidad,5053567.13
2026-09-04,BENI,Trinidad,25163605.94
2026-09-04,BENI,,288654.83
2026-09-04,BINACIONAL,Binacional,6907.97
2026-09-04,CHUQUISACA,ATIOC Guaraní Chaqueño de Huacaya,165454.55
2026-09-04,CHUQUISACA,Camargo,270984.54
2026-09-04,CHUQUISACA,Camataqui (Villa Abecia),62010.44
2026-09-04,CHUQUISACA,Culpina,174713.52
2026-09-04,CHUQUISACA,El Villar,105600.37000000001
2026-09-04,CHUQUISACA,Icla,104254.72
2026-09-04,CHUQUISACA,Incahuasi,435837.32
2026-09-04,CHUQUISACA,Las Carreras,175172.89
2026-09-04,CHUQUISACA,MULTIMUNICIPAL,3110.0
2026-09-04,CHUQUISACA,MULTIMUNICIPAL,8821.800000000003
2026-09-04,CHUQUISACA,MULTIMUNICIPAL,4068879.3200000008
2026-09-04,CHUQUISACA,Machareti,67231.05
2026-09-04,CHUQUISACA,Machareti,146097.19999999998
2026-09-04,CHUQUISACA,Monteagudo,18737.079999999998
2026-09-04,CHUQUISACA,Monteagudo,847413.1699999999
2026-09-04,CHUQUISACA,Multimunicipal,383877.4599999991
2026-09-04,CHUQUISACA,Padilla,167912.49000000002
2026-09-04,CHUQUISACA,Poroma,413714.70999999996
2026-09-04,CHUQUISACA,Presto,17436.25
2026-09-04,CHUQUISACA,San Lucas,124184.99
2026-09-04,CHUQUISACA,San Pablo de Huacareta,436393.5800000001
2026-09-04,CHUQUISACA,Sopachuy,72868.01000000001
2026-09-04,CHUQUISACA,Sucre,3500.0
2026-09-04,CHUQUISACA,Sucre,4374.0
2026-09-04,CHUQUISACA,Sucre,5671.720000000001
2026-09-04,CHUQUISACA,Sucre,11380.0
2026-09-04,CHUQUISACA,Sucre,13550.0
2026-09-04,CHUQUISACA,Sucre,18679.149999999998
2026-09-04,CHUQUISACA,Sucre,23548.0
2026-09-04,CHUQUISACA,Sucre,24585.039999999997
2026-09-04,CHUQUISACA,Sucre,24861.0
2026-09-04,CHUQUISACA,Sucre,59825.88999999998
2026-09-04,CHUQUISACA,Sucre,65517.219999999994
2026-09-04,CHUQUISACA,Sucre,70582.77999999998
2026-09-04,CHUQUISACA,Sucre,74165.44
2026-09-04,CHUQUISACA,Sucre,76812.87000000037
2026-09-04,CHUQUISACA,Sucre,77579.31000000004
2026-09-04,CHUQUISACA,Sucre,78148.76
2026-09-04,CHUQUISACA,Sucre,109027.91
2026-09-04,CHUQUISACA,Sucre,117269.09999999963
2026-09-04,CHUQUISACA,Sucre,141695.4
2026-09-04,CHUQUISACA,Sucre,777147.1800000002
2026-09-04,CHUQUISACA,Sucre,2212529.3400000012
2026-09-04,CHUQUISACA,Sucre,2384273.0999999996
2026-09-04,CHUQUISACA,Sucre,8615668.459999997
2026-09-04,CHUQUISACA,Sucre,9191382.320000002
2026-09-04,CHUQUISACA,Sucre,32871139.270000003
2026-09-04,CHUQUISACA,TARVITA (VILLA ORIAS),154572.96
2026-09-04,CHUQUISACA,Tarabuco,39341.13
2026-09-04,CHUQUISACA,Tomina,139572.28
2026-09-04,CHUQUISACA,Villa Alcalá,47497.82000000001
2026-09-04,CHUQUISACA,Villa Azurduy,163372.94
2026-09-04,CHUQUISACA,Villa Charcas,584410.46
2026-09-04,CHUQUISACA,Villa Mojocoya,207584.12
2026-09-04,CHUQUISACA,Villa Serrano,859857.58
2026-09-04,CHUQUISACA,Villa Vaca Guzmán,64429.50000000019
2026-09-04,CHUQUISACA,Villa Vaca Guzmán,491628.66
2026-09-04,CHUQUISACA,Villa Zudañez (Tacopaya),266634.04000000004
2026-09-04,CHUQUISACA,YAMPAPARÁEZ,4807.200000000004
2026-09-04,CHUQUISACA,YAMPAPARÁEZ,114334.44
2026-09-04,CHUQUISACA,Yotala,997573.39
2026-09-04,CHUQUISACA,,188490.65000000002
2026-09-04,COCHABAMBA,Aiquile,434667.28
2026-09-04,COCHABAMBA,Alalay,153897.71999999997
2026-09-04,COCHABAMBA,Anzaldo,240984.2
2026-09-04,COCHABAMBA,Arani,133827.76
2026-09-04,COCHABAMBA,Arbieto,346838.72000000003
2026-09-04,COCHABAMBA,Arque,141940.34
2026-09-04,COCHABAMBA,Bolivar,235624.01
2026-09-04,COCHABAMBA,COCHABAMBA,360.0
2026-09-04,COCHABAMBA,COCHABAMBA,1837.43
2026-09-04,COCHABAMBA,COCHABAMBA,6495.600000000093
2026-09-04,COCHABAMBA,COCHABAMBA,17778.2
2026-09-04,COCHABAMBA,COCHABAMBA,27876.45
2026-09-04,COCHABAMBA,COCHABAMBA,28877.649999999994
2026-09-04,COCHABAMBA,COCHABAMBA,29135.0
2026-09-04,COCHABAMBA,COCHABAMBA,41648.619999999995
2026-09-04,COCHABAMBA,COCHABAMBA,63537.079999999994
2026-09-04,COCHABAMBA,COCHABAMBA,64894.420000000006
2026-09-04,COCHABAMBA,COCHABAMBA,66966.85999999999
2026-09-04,COCHABAMBA,COCHABAMBA,110207.91999999998
2026-09-04,COCHABAMBA,COCHABAMBA,253423.78000000026
2026-09-04,COCHABAMBA,COCHABAMBA,675375.0
2026-09-04,COCHABAMBA,COCHABAMBA,1026343.35
2026-09-04,COCHABAMBA,COCHABAMBA,1377338.52
2026-09-04,COCHABAMBA,COCHABAMBA,2358514.9
2026-09-04,COCHABAMBA,COCHABAMBA,7199010.51
2026-09-04,COCHABAMBA,COCHABAMBA,7249915.79
2026-09-04,COCHABAMBA,COCHABAMBA,10053211.419999998
2026-09-04,COCHABAMBA,COCHABAMBA,21128954.890000004
2026-09-04,COCHABAMBA,COCHABAMBA,32217125.770000007
2026-09-04,COCHABAMBA,COCHABAMBA,50132513.92
2026-09-04,COCHABAMBA,COCHABAMBA,93763282.74000001
2026-09-04,COCHABAMBA,Capinota,652233.78
2026-09-04,COCHABAMBA,Chimoré,895629.68
2026-09-04,COCHABAMBA,Cliza,1276157.62
2026-09-04,COCHABAMBA,Cocapata,378329.56
2026-09-04,COCHABAMBA,Colcapirhua,3613291.440000001
2026-09-04,COCHABAMBA,Colomi,560687.76
2026-09-04,COCHABAMBA,Entre Rios,862343.66
2026-09-04,COCHABAMBA,Independencia,102232.71999999999
2026-09-04,COCHABAMBA,MULTIMUNICIPAL,81590.62000000001
2026-09-04,COCHABAMBA,MULTIMUNICIPAL,141749.78000000073
2026-09-04,COCHABAMBA,MULTIMUNICIPAL,875105.68
2026-09-04,COCHABAMBA,Mizque,1173486.75
2026-09-04,COCHABAMBA,Morochata,13754.899999999994
2026-09-04,COCHABAMBA,Morochata,327718.25000000006
2026-09-04,COCHABAMBA,Multimunicipal,55940.009999999995
2026-09-04,COCHABAMBA,Multimunicipal,126182.4299999999
2026-09-04,COCHABAMBA,Omereque,220889.13
2026-09-04,COCHABAMBA,Pasorapa,57375.94
2026-09-04,COCHABAMBA,Pocona,333439.20999999996
2026-09-04,COCHABAMBA,Pojo,203806.0299999999
2026-09-04,COCHABAMBA,Puerto Villarroel,1256942.55
2026-09-04,COCHABAMBA,Puerto Villarroel,2027622.1300000001
2026-09-04,COCHABAMBA,Punata,774282.4899999999
2026-09-04,COCHABAMBA,Quillacollo,4050429.7600000007
2026-09-04,COCHABAMBA,Sacaba,1173.0
2026-09-04,COCHABAMBA,Sacaba,13660.099999999999
2026-09-04,COCHABAMBA,Sacaba,533402.04
2026-09-04,COCHABAMBA,Sacaba,5831853.150000001
2026-09-04,COCHABAMBA,Sacabamba,133785.48
2026-09-04,COCHABAMBA,Santivañez,3437.600000000002
2026-09-04,COCHABAMBA,Santivañez,18790.650000000023
2026-09-04,COCHABAMBA,Santivañez,422224.22000000003
2026-09-04,COCHABAMBA,Shinaota,309769.3099999999
2026-09-04,COCHABAMBA,Sicaya,107809.37000000001
2026-09-04,COCHABAMBA,Sipe Sipe,1101167.6900000002
2026-09-04,COCHABAMBA,TIOC Raqaypampa,236449.9
2026-09-04,COCHABAMBA,Tacachi,21206.089999999997
2026-09-04,COCHABAMBA,Tacopaya,440535.33
2026-09-04,COCHABAMBA,Tapacari,159043.86
2026-09-04,COCHABAMBA,Tapacari,1110345.37
2026-09-04,COCHABAMBA,Tarata,337728.67000000004
2026-09-04,COCHABAMBA,Tiquipaya,4278280.79
2026-09-04,COCHABAMBA,Tiraque,720.0
2026-09-04,COCHABAMBA,Tiraque,17741.53
2026-09-04,COCHABAMBA,Tiraque,206443.56999999998
2026-09-04,COCHABAMBA,Toco,234404.13
2026-09-04,COCHABAMBA,Tolata,169411.6
2026-09-04,COCHABAMBA,Totora,633779.75
2026-09-04,COCHABAMBA,Vacas,72275.12999999999
2026-09-04,COCHABAMBA,Vila Vila,126498.76000000001
2026-09-04,COCHABAMBA,Villa Gualberto Villarroel,146639.67
2026-09-04,COCHABAMBA,Villa Rivero,288280.1
2026-09-04,COCHABAMBA,Villa Tunari,1753.7299999998886
2026-09-04,COCHABAMBA,Villa Tunari,461464.02
2026-09-04,COCHABAMBA,Villa Tunari,2253968.51
2026-09-04,COCHABAMBA,Vinto,1137959.99
2026-09-04,COCHABAMBA,,2996172.1700000004
2026-09-04,LA PAZ,Achacachi,318072.12000000005
2026-09-04,LA PAZ,Achacachi,457692.50000000035
2026-09-04,LA PAZ,Achocalla Municipio Ecológico ,1002715.67
2026-09-04,LA PAZ,Alto Beni,116247.68
2026-09-04,LA PAZ,Ancoraimes,312455.65
2026-09-04,LA PAZ,Apolo,120979.86
2026-09-04,LA PAZ,Aucapata,490617.72
2026-09-04,LA PAZ,Ayata,92672.19999999998
2026-09-04,LA PAZ,Ayo Ayo,7753.540000000079
2026-09-04,LA PAZ,Batallas,37059.270000000004
2026-09-04,LA PAZ,CHUMA,185375.67999999996
2026-09-04,LA PAZ,COROCORO,245297.76000000007
2026-09-04,LA PAZ,Cairoma,125421.88
2026-09-04,LA PAZ,Cajuata,97604.84
2026-09-04,LA PAZ,Calacoto,268974.14999999997
2026-09-04,LA PAZ,Calamarca,213510.1
2026-09-04,LA PAZ,Caquiaviri,739404.85
2026-09-04,LA PAZ,Carabuco,2723.629999999999
2026-09-04,LA PAZ,Caranavi,8478.300000000003
2026-09-04,LA PAZ,Caranavi,12562.0
2026-09-04,LA PAZ,Caranavi,1066773.2899999998
2026-09-04,LA PAZ,Catacora,86884.0
2026-09-04,LA PAZ,Chacarilla,29408.57
2026-09-04,LA PAZ,Charaña,75096.94
2026-09-04,LA PAZ,Chua Cocani,192034.27
2026-09-04,LA PAZ,Chulumani (Villa de la Libertad),10000.0
2026-09-04,LA PAZ,Chulumani (Villa de la Libertad),1701689.3699999999
2026-09-04,LA PAZ,Collana,107036.26999999997
2026-09-04,LA PAZ,Colquencha,187242.08000000007
2026-09-04,LA PAZ,Colquiri,574654.5200000001
2026-09-04,LA PAZ,Comanche,89053.0
2026-09-04,LA PAZ,Combaya,85989.45999999999
2026-09-04,LA PAZ,Copacabana,1429.5
2026-09-04,LA PAZ,Copacabana,82950.52
2026-09-04,LA PAZ,Coripata,212843.76999999996
2026-09-04,LA PAZ,Coroico,48649.05000000001
2026-09-04,LA PAZ,Coroico,641951.82
2026-09-04,LA PAZ,Curva,34510.09999999999
2026-09-04,LA PAZ,Desaguadero,386939.78
2026-09-04,LA PAZ,El Alto de La Paz,1184.0
2026-09-04,LA PAZ,El Alto de La Paz,5256.92
2026-09-04,LA PAZ,El Alto de La Paz,11237.43
2026-09-04,LA PAZ,El Alto de La Paz,13572.0
2026-09-04,LA PAZ,El Alto de La Paz,39111.860000000706
2026-09-04,LA PAZ,El Alto de La Paz,48853.56
2026-09-04,LA PAZ,El Alto de La Paz,110181.82000000007
2026-09-04,LA PAZ,El Alto de La Paz,110890.62999999996
2026-09-04,LA PAZ,El Alto de La Paz,185634.03999999995
2026-09-04,LA PAZ,El Alto de La Paz,278042.18999999994
2026-09-04,LA PAZ,El Alto de La Paz,305544.89999999997
2026-09-04,LA PAZ,El Alto de La Paz,2597755.589999999
2026-09-04,LA PAZ,El Alto de La Paz,8332640.459999998
2026-09-04,LA PAZ,El Alto de La Paz,34015055.38000001
2026-09-04,LA PAZ,Escoma,92990.26000000001
2026-09-04,LA PAZ,GUAQUI,181212.23
2026-09-04,LA PAZ,General Juan José Pérez (Charazani),367488.16000000003
2026-09-04,LA PAZ,Guanay,76447.52
2026-09-04,LA PAZ,Guanay,486779.7
2026-09-04,LA PAZ,Huarina,487559.24
2026-09-04,LA PAZ,Huatajata,91114.32999999999
2026-09-04,LA PAZ,Humanata,87031.93000000001
2026-09-04,LA PAZ,ICHOCA,100714.1
2026-09-04,LA PAZ,INQUISIVI,169158.6100000001
2026-09-04,LA PAZ,INQUISIVI,776281.46
2026-09-04,LA PAZ,Irupana (Villa de Lanza),160752.65999999997
2026-09-04,LA PAZ,Ixiamas,480809.86999999994
2026-09-04,LA PAZ,Jesús de Machaca,94360.19999999998
2026-09-04,LA PAZ,LA PAZ,150.0
2026-09-04,LA PAZ,LA PAZ,390.0
2026-09-04,LA PAZ,LA PAZ,1690.0
2026-09-04,LA PAZ,LA PAZ,1833.5
2026-09-04,LA PAZ,LA PAZ,1964.0
2026-09-04,LA PAZ,LA PAZ,2463.5
2026-09-04,LA PAZ,LA PAZ,3963.0
2026-09-04,LA PAZ,LA PAZ,5166.0
2026-09-04,LA PAZ,LA PAZ,5347.5
2026-09-04,LA PAZ,LA PAZ,5819.9000000000015
2026-09-04,LA PAZ,LA PAZ,6450.0
2026-09-04,LA PAZ,LA PAZ,8044.35
2026-09-04,LA PAZ,LA PAZ,8233.0
2026-09-04,LA PAZ,LA PAZ,9589.100000000006
2026-09-04,LA PAZ,LA PAZ,11024.460000002699
2026-09-04,LA PAZ,LA PAZ,11206.0
2026-09-04,LA PAZ,LA PAZ,14740.71
2026-09-04,LA PAZ,LA PAZ,15122.63
2026-09-04,LA PAZ,LA PAZ,18834.34
2026-09-04,LA PAZ,LA PAZ,19061.28
2026-09-04,LA PAZ,LA PAZ,20477.19
2026-09-04,LA PAZ,LA PAZ,21724.479999999978
2026-09-04,LA PAZ,LA PAZ,24632.86
2026-09-04,LA PAZ,LA PAZ,29781.0
2026-09-04,LA PAZ,LA PAZ,31000.260000000053
2026-09-04,LA PAZ,LA PAZ,37300.640000000014
2026-09-04,LA PAZ,LA PAZ,41898.18
2026-09-04,LA PAZ,LA PAZ,44301.359999999964
2026-09-04,LA PAZ,LA PAZ,52134.7
2026-09-04,LA PAZ,LA PAZ,52137.9
2026-09-04,LA PAZ,LA PAZ,57104.10000000002
2026-09-04,LA PAZ,LA PAZ,65821.7800000002
2026-09-04,LA PAZ,LA PAZ,69135.43000000008
2026-09-04,LA PAZ,LA PAZ,75600.21999999999
2026-09-04,LA PAZ,LA PAZ,75625.77999999998
2026-09-04,LA PAZ,LA PAZ,77552.38999999998
2026-09-04,LA PAZ,LA PAZ,78328.04999999997
2026-09-04,LA PAZ,LA PAZ,79695.75000000004
2026-09-04,LA PAZ,LA PAZ,80669.65
2026-09-04,LA PAZ,LA PAZ,81449.66000000012
2026-09-04,LA PAZ,LA PAZ,83891.07
2026-09-04,LA PAZ,LA PAZ,95226.99999999999
2026-09-04,LA PAZ,LA PAZ,99204.63
2026-09-04,LA PAZ,LA PAZ,99468.1400000001
2026-09-04,LA PAZ,LA PAZ,100839.01000000001
2026-09-04,LA PAZ,LA PAZ,102284.41999999998
2026-09-04,LA PAZ,LA PAZ,118363.40000000001
2026-09-04,LA PAZ,LA PAZ,119976.76999999999
2026-09-04,LA PAZ,LA PAZ,122810.16
2026-09-04,LA PAZ,LA PAZ,129667.12000000001
2026-09-04,LA PAZ,LA PAZ,132510.39
2026-09-04,LA PAZ,LA PAZ,139514.49000000002
2026-09-04,LA PAZ,LA PAZ,150594.0000000017
2026-09-04,LA PAZ,LA PAZ,161770.17
2026-09-04,LA PAZ,LA PAZ,164298.31
2026-09-04,LA PAZ,LA PAZ,164522.98
2026-09-04,LA PAZ,LA PAZ,164920.56999999972
2026-09-04,LA PAZ,LA PAZ,185053.8
2026-09-04,LA PAZ,LA PAZ,188236.76
2026-09-04,LA PAZ,LA PAZ,195791.40999999992
2026-09-04,LA PAZ,LA PAZ,207601.58
2026-09-04,LA PAZ,LA PAZ,208149.51999999947
2026-09-04,LA PAZ,LA PAZ,223161.73
2026-09-04,LA PAZ,LA PAZ,225950.07000000004
2026-09-04,LA PAZ,LA PAZ,228284.77000000002
2026-09-04,LA PAZ,LA PAZ,228418.3
2026-09-04,LA PAZ,LA PAZ,268308.5000000001
2026-09-04,LA PAZ,LA PAZ,288492.86
2026-09-04,LA PAZ,LA PAZ,331273.08
2026-09-04,LA PAZ,LA PAZ,361171.2899999999
2026-09-04,LA PAZ,LA PAZ,386406.86999999924
2026-09-04,LA PAZ,LA PAZ,415306.7299999999
2026-09-04,LA PAZ,LA PAZ,415619.55000000005
2026-09-04,LA PAZ,LA PAZ,421178.5199999999
2026-09-04,LA PAZ,LA PAZ,434009.0
2026-09-04,LA PAZ,LA PAZ,437118.44999999995
2026-09-04,LA PAZ,LA PAZ,453522.64999999927
2026-09-04,LA PAZ,LA PAZ,476226.51999999996
2026-09-04,LA PAZ,LA PAZ,500036.54999999993
2026-09-04,LA PAZ,LA PAZ,535394.8799999984
2026-09-04,LA PAZ,LA PAZ,541789.3299999998
2026-09-04,LA PAZ,LA PAZ,557715.6900000001
2026-09-04,LA PAZ,LA PAZ,574262.5700000001
2026-09-04,LA PAZ,LA PAZ,575888.9999999999
2026-09-04,LA PAZ,LA PAZ,591474.7800000004
2026-09-04,LA PAZ,LA PAZ,689833.6599999995
2026-09-04,LA PAZ,LA PAZ,717949.44
2026-09-04,LA PAZ,LA PAZ,782186.3499999999
2026-09-04,LA PAZ,LA PAZ,839214.0000000014
2026-09-04,LA PAZ,LA PAZ,864516.4799999997
2026-09-04,LA PAZ,LA PAZ,1025903.4400000001
2026-09-04,LA PAZ,LA PAZ,1078711.9300000004
2026-09-04,LA PAZ,LA PAZ,1245130.01
2026-09-04,LA PAZ,LA PAZ,1246859.19
2026-09-04,LA PAZ,LA PAZ,1314012.8000000007
2026-09-04,LA PAZ,LA PAZ,1452053.4000000008
2026-09-04,LA PAZ,LA PAZ,1458526.68
2026-09-04,LA PAZ,LA PAZ,1927035.1799999995
2026-09-04,LA PAZ,LA PAZ,2240610.249999999
2026-09-04,LA PAZ,LA PAZ,2406492.0300000003
2026-09-04,LA PAZ,LA PAZ,2500538.37
2026-09-04,LA PAZ,LA PAZ,3008841.39
2026-09-04,LA PAZ,LA PAZ,3012829.7700000014
2026-09-04,LA PAZ,LA PAZ,3341949.749999999
2026-09-04,LA PAZ,LA PAZ,4022995.0999999978
2026-09-04,LA PAZ,LA PAZ,4466412.34
2026-09-04,LA PAZ,LA PAZ,4563726.569999999
2026-09-04,LA PAZ,LA PAZ,5471453.680000002
2026-09-04,LA PAZ,LA PAZ,8133343.470000002
2026-09-04,LA PAZ,LA PAZ,8700412.1
2026-09-04,LA PAZ,LA PAZ,8813074.59
2026-09-04,LA PAZ,LA PAZ,10253139.219999999
2026-09-04,LA PAZ,LA PAZ,10625831.520000003
2026-09-04,LA PAZ,LA PAZ,11527884.939999996
2026-09-04,LA PAZ,LA PAZ,12776234.090000002
2026-09-04,LA PAZ,LA PAZ,16882196.45
2026-09-04,LA PAZ,LA PAZ,32222250.759999998
2026-09-04,LA PAZ,LA PAZ,99573725.83
2026-09-04,LA PAZ,La Asunta,539073.4899999999
2026-09-04,LA PAZ,Laja,30124.26
2026-09-04,LA PAZ,Laja,379963.06
2026-09-04,LA PAZ,Luribay,212235.66
2026-09-04,LA PAZ,MULTIMUNICIPAL,157.9299999999348
2026-09-04,LA PAZ,MULTIMUNICIPAL,6570.0
2026-09-04,LA PAZ,MULTIMUNICIPAL,96345.08
2026-09-04,LA PAZ,MULTIMUNICIPAL,209528.0
2026-09-04,LA PAZ,MULTIMUNICIPAL,1500509.98
2026-09-04,LA PAZ,MULTIMUNICIPAL,3187002.8800000004
2026-09-04,LA PAZ,Malla,70963.92
2026-09-04,LA PAZ,Mapiri,75231.65
2026-09-04,LA PAZ,Mapiri,76514.7
2026-09-04,LA PAZ,Mecapaca,198866.91999999998
2026-09-04,LA PAZ,Mocomoco,248291.01
2026-09-04,LA PAZ,Multimunicipal,2765.4000000000015
2026-09-04,LA PAZ,Multimunicipal,7138.9
2026-09-04,LA PAZ,Multimunicipal,320617.0
2026-09-04,LA PAZ,Nazacara de Pacajes,290371.78
2026-09-04,LA PAZ,Palca,347290.7299999999
2026-09-04,LA PAZ,Palos Blancos,1409805.6799999997
2026-09-04,LA PAZ,Papel Pampa,17710.370000000003
2026-09-04,LA PAZ,Patacamaya,9347.0
2026-09-04,LA PAZ,Patacamaya,619655.7599999999
2026-09-04,LA PAZ,Pelechuco,302068.15
2026-09-04,LA PAZ,Pucarani,119915.68
2026-09-04,LA PAZ,Pucarani,244984.89
2026-09-04,LA PAZ,Puerto Acosta,164098.72999999998
2026-09-04,LA PAZ,Puerto Pérez,230831.3
2026-09-04,LA PAZ,QUIME,2817.699999999997
2026-09-04,LA PAZ,QUIME,102014.06999999999
2026-09-04,LA PAZ,Quiabaya,45337.70999999999
2026-09-04,LA PAZ,SANTIAGO DE CALLAPA,51884.340000000004
2026-09-04,LA PAZ,San Andrés de Machaca,20040.0
2026-09-04,LA PAZ,San Buenaventura,6066.65
2026-09-04,LA PAZ,San Buenaventura,106228.57000000005
2026-09-04,LA PAZ,San Buenaventura,284794.5199999999
2026-09-04,LA PAZ,San Pedro de Curahuara,201735.21
2026-09-04,LA PAZ,San Pedro de Tiquina,149702.72
2026-09-04,LA PAZ,Santiago de Huata,76371.63999999998
2026-09-04,LA PAZ,Sapahaqui,245294.41
2026-09-04,LA PAZ,Sica Sica (Villa Aroma),537477.7300000001
2026-09-04,LA PAZ,Sorata,1085135.1300000001
2026-09-04,LA PAZ,Teoponte,531915.97
2026-09-04,LA PAZ,Tiahuanacu,366697.50999999995
2026-09-04,LA PAZ,Tipuani,169077.8
2026-09-04,LA PAZ,Umala,1355.0
2026-09-04,LA PAZ,Umala,65199.82000000001
2026-09-04,LA PAZ,Viacha,11550.0
2026-09-04,LA PAZ,Viacha,12276.19
2026-09-04,LA PAZ,Viacha,60439.0
2026-09-04,LA PAZ,Viacha,3281918.59
2026-09-04,LA PAZ,Villa Libertad Licoma,140648.97999999998
2026-09-04,LA PAZ,Waldo Ballivián,174549.38999999998
2026-09-04,LA PAZ,Yaco,8482.329999999998
2026-09-04,LA PAZ,Yanacachi,26988.570000000007
2026-09-04,LA PAZ,,3741344.6099999985
2026-09-04,MULTIDEPARTAMEN,MULTIPROVINCIAL,9283.03
2026-09-04,MULTIDEPARTAMEN,MULTIPROVINCIAL,21482.09
2026-09-04,MULTIDEPARTAMEN,MULTIPROVINCIAL,246987.84999999998
2026-09-04,MULTIDEPARTAMEN,MULTIPROVINCIAL,1390186.5400000007
2026-09-04,MULTIDEPARTAMEN,MULTIPROVINCIAL,1495753.5700000008
2026-09-04,MULTIDEPARTAMEN,MULTIPROVINCIAL,38326253.56
2026-09-04,NACIONAL,MULTIMUNICIPAL,4988.0
2026-09-04,NACIONAL,MULTIMUNICIPAL,8150.400000000001
2026-09-04,NACIONAL,MULTIMUNICIPAL,14326.0
2026-09-04,NACIONAL,MULTIMUNICIPAL,39882.47
2026-09-04,NACIONAL,MULTIMUNICIPAL,40566.18999999999
2026-09-04,NACIONAL,MULTIMUNICIPAL,43121.57999999994
2026-09-04,NACIONAL,MULTIMUNICIPAL,44448.89000000001
2026-09-04,NACIONAL,MULTIMUNICIPAL,55085.869999999995
2026-09-04,NACIONAL,MULTIMUNICIPAL,72565.7
2026-09-04,NACIONAL,MULTIMUNICIPAL,342861.2399999999
2026-09-04,NACIONAL,MULTIMUNICIPAL,434036.41
2026-09-04,NACIONAL,MULTIMUNICIPAL,566519.6800000004
2026-09-04,NACIONAL,MULTIMUNICIPAL,575190.6
2026-09-04,NACIONAL,MULTIMUNICIPAL,586509.93
2026-09-04,NACIONAL,MULTIMUNICIPAL,596022.0
2026-09-04,NACIONAL,MULTIMUNICIPAL,1362757.6099999999
2026-09-04,NACIONAL,MULTIMUNICIPAL,1694984.2199999988
2026-09-04,NACIONAL,MULTIMUNICIPAL,2695942.3099999996
2026-09-04,NACIONAL,MULTIMUNICIPAL,1554712018.3
2026-09-04,NO APLICABLE,NO APLICABLE,4144123.8299999996
2026-09-04,NO APLICABLE,NO APLICABLE,91915755.78999999
2026-09-04,ORURO,Andamarca (Stgo. de Andamarca),90257.30000000002
2026-09-04,ORURO,Antequera,568978.39
2026-09-04,ORURO,Belen de Andamarca,57854.17999999999
2026-09-04,ORURO,Caracollo,744889.38
2026-09-04,ORURO,Carangas,7500.0
2026-09-04,ORURO,Challapata,2758.15
2026-09-04,ORURO,Challapata,620320.2000000001
2026-09-04,ORURO,Challapata,877441.6
2026-09-04,ORURO,Choquecota,59167.6
2026-09-04,ORURO,Coipasa,13111.679999999997
2026-09-04,ORURO,Corque,230455.89
2026-09-04,ORURO,Cruz de Machacamarca,153940.55
2026-09-04,ORURO,Curahuara de Carangas,874972.2000000001
2026-09-04,ORURO,El Choro,76279.79000000001
2026-09-04,ORURO,Escara,39436.7
2026-09-04,ORURO,Esmeralda,89144.48000000001
2026-09-04,ORURO,Eucaliptus,93975.34999999995
2026-09-04,ORURO,HUACHACALLA,142441.92
2026-09-04,ORURO,Huanuni,862721.4199999999
2026-09-04,ORURO,La Rivera,71463.86
2026-09-04,ORURO,MULTIMUNICIPAL,176751.73
2026-09-04,ORURO,Machacamarca,99107.91000000003
2026-09-04,ORURO,Multimunicipal,12253.77
2026-09-04,ORURO,ORURO,926.0299999999988
2026-09-04,ORURO,ORURO,6631.25
2026-09-04,ORURO,ORURO,7522.090000000018
2026-09-04,ORURO,ORURO,10957.84
2026-09-04,ORURO,ORURO,12776.5
2026-09-04,ORURO,ORURO,21688.180000000004
2026-09-04,ORURO,ORURO,30567.84
2026-09-04,ORURO,ORURO,71619.13
2026-09-04,ORURO,ORURO,157909.50999999978
2026-09-04,ORURO,ORURO,363241.0000000001
2026-09-04,ORURO,ORURO,764980.5799999997
2026-09-04,ORURO,ORURO,777996.1000000001
2026-09-04,ORURO,ORURO,816620.5300000005
2026-09-04,ORURO,ORURO,4426975.24
2026-09-04,ORURO,ORURO,8522262.660000002
2026-09-04,ORURO,ORURO,21549786.870000005
2026-09-04,ORURO,POOPÓ (VILLA POOPÓ),253980.22999999998
2026-09-04,ORURO,Pampa Aullagas,361476.61
2026-09-04,ORURO,Pazña,57156.0
2026-09-04,ORURO,Sabaya,451123.5999999999
2026-09-04,ORURO,Santiago de Huari,255158.54
2026-09-04,ORURO,Soracachi,50157.5
2026-09-04,ORURO,Soracachi,703799.88
2026-09-04,ORURO,TIOC Nación Originaria Uru Chipaya,74496.34999999999
2026-09-04,ORURO,TIOC Salinas,669510.33
2026-09-04,ORURO,Todos Santos,44347.42
2026-09-04,ORURO,Toledo,489930.39
2026-09-04,ORURO,Totora,51340.0
2026-09-04,ORURO,Totora,874498.25
2026-09-04,ORURO,Turco,366890.82
2026-09-04,ORURO,Yunguyo de Litoral,86161.43
2026-09-04,ORURO,,195933.57
2026-09-04,PANDO,BELLA FLOR,3225.6
2026-09-04,PANDO,BELLA FLOR,299214.54000000004
2026-09-04,PANDO,Bolpebra,36691.36
2026-09-04,PANDO,COBIJA,1980.0
2026-09-04,PANDO,COBIJA,3625.0
2026-09-04,PANDO,COBIJA,4668.0
2026-09-04,PANDO,COBIJA,5000.0
2026-09-04,PANDO,COBIJA,7000.0
2026-09-04,PANDO,COBIJA,7280.049999999999
2026-09-04,PANDO,COBIJA,23429.24
2026-09-04,PANDO,COBIJA,23590.760000000002
2026-09-04,PANDO,COBIJA,101034.0
2026-09-04,PANDO,COBIJA,214136.6799999999
2026-09-04,PANDO,COBIJA,271026.91000000003
2026-09-04,PANDO,COBIJA,875983.2099999995
2026-09-04,PANDO,COBIJA,2412306.9100000006
2026-09-04,PANDO,COBIJA,4013870.17
2026-09-04,PANDO,COBIJA,10504568.7
2026-09-04,PANDO,Filadelfia,68380.02999999998
2026-09-04,PANDO,MULTIMUNICIPAL,12252.019999999988
2026-09-04,PANDO,MULTIMUNICIPAL,816725.19
2026-09-04,PANDO,MULTIMUNICIPAL,1019689.2800000005
2026-09-04,PANDO,MULTIMUNICIPAL,1550649.0199999986
2026-09-04,PANDO,Multimunicipal,1802.5
2026-09-04,PANDO,Nueva Esperanza,215391.14
2026-09-04,PANDO,Porvenir,115118.06000000004
2026-09-04,PANDO,Puerto Gonzalo Moreno,3300.0
2026-09-04,PANDO,Puerto Gonzalo Moreno,628047.0
2026-09-04,PANDO,Puerto Rico,564236.3900000001
2026-09-04,PANDO,San Lorenzo,891330.5700000001
2026-09-04,PANDO,San Pedro,143625.0
2026-09-04,PANDO,Santa Rosa del Abuná,122507.2
2026-09-04,PANDO,Sena,400.0
2026-09-04,PANDO,Sena,41982.11
2026-09-04,PANDO,Sena,199559.63999999998
2026-09-04,PANDO,Sena,202725.67999999993
2026-09-04,PANDO,,113399.99999999988
2026-09-04,POTOSI,Acasio,132309.84
2026-09-04,POTOSI,Arampampa,59406.81
2026-09-04,POTOSI,Atocha,120000.0
2026-09-04,POTOSI,Atocha,439262.77000000014
2026-09-04,POTOSI,Betanzos,1500832.5
2026-09-04,POTOSI,"Caiza ""D""",133798.96
2026-09-04,POTOSI,Caripuyo,183465.15999999997
2026-09-04,POTOSI,Chaqui,239497.82999999993
2026-09-04,POTOSI,Chayanta,1020894.7000000001
2026-09-04,POTOSI,"Chuquiuta ""Ayllu Jucumani""",203342.22999999998
2026-09-04,POTOSI,"Chuquiuta ""Ayllu Jucumani""",309285.25
2026-09-04,POTOSI,Ckochas,428238.2799999999
2026-09-04,POTOSI,"Colcha""K"" (Villa Martín)",829238.24
2026-09-04,POTOSI,Colquechaca,164036.95
2026-09-04,POTOSI,Cotagaita,806519.6799999999
2026-09-04,POTOSI,Llallagua,797.9400000000023
2026-09-04,POTOSI,Llallagua,122387.59000000003
2026-09-04,POTOSI,Llallagua,932850.79
2026-09-04,POTOSI,Llallagua,1389950.7400000002
2026-09-04,POTOSI,Llica,30718.7
2026-09-04,POTOSI,MULTIMUNICIPAL,33813356.39
2026-09-04,POTOSI,Mojinete,45806.93
2026-09-04,POTOSI,Multimunicipal,27999.00000000003
2026-09-04,POTOSI,Ocurí,68172.0
2026-09-04,POTOSI,PUNA (VILLA TALAVERA),80051.74
2026-09-04,POTOSI,PUNA (VILLA TALAVERA),237597.25000000003
2026-09-04,POTOSI,Pocoata,192410.32
2026-09-04,POTOSI,Pocoata,663454.01
2026-09-04,POTOSI,Porco,620661.0399999999
2026-09-04,POTOSI,Potosí,599.4000000000015
2026-09-04,POTOSI,Potosí,1237.01
2026-09-04,POTOSI,Potosí,5310.0
2026-09-04,POTOSI,Potosí,5724.0
2026-09-04,POTOSI,Potosí,6206.5
2026-09-04,POTOSI,Potosí,6701.699999999999
2026-09-04,POTOSI,Potosí,10926.500000000004
2026-09-04,POTOSI,Potosí,16437.55
2026-09-04,POTOSI,Potosí,37278.12
2026-09-04,POTOSI,Potosí,119036.67
2026-09-04,POTOSI,Potosí,152830.52
2026-09-04,POTOSI,Potosí,177626.53999999998
2026-09-04,POTOSI,Potosí,208449.25000000006
2026-09-04,POTOSI,Potosí,222745.2
2026-09-04,POTOSI,Potosí,574032.9699999997
2026-09-04,POTOSI,Potosí,5413957.27
2026-09-04,POTOSI,Potosí,6327321.899999999
2026-09-04,POTOSI,Potosí,7968416.31
2026-09-04,POTOSI,Potosí,9391364.369999997
2026-09-04,POTOSI,Ravelo,660982.47
2026-09-04,POTOSI,Sacaca (Villa de Sacaca),464467.57999999996
2026-09-04,POTOSI,San Agustín,68799.92
2026-09-04,POTOSI,San Agustín,198849.89
2026-09-04,POTOSI,San Antonio de Esmoruco,91939.13999999998
2026-09-04,POTOSI,San Pablo de Lípez,144675.41
2026-09-04,POTOSI,San Pedro,21682.67
2026-09-04,POTOSI,San Pedro,1308724.08
2026-09-04,POTOSI,San Pedro de Macha,139119.35
2026-09-04,POTOSI,San Pedro de Macha,397306.69999999995
2026-09-04,POTOSI,Tacobamba,56000.0
2026-09-04,POTOSI,Tacobamba,522950.1599999999
2026-09-04,POTOSI,Tahua,52216.0
2026-09-04,POTOSI,Tinguipaya,84241.8
2026-09-04,POTOSI,Tinguipaya,163324.83999999997
2026-09-04,POTOSI,Tomave,67179.33000000002
2026-09-04,POTOSI,Tomave,92457.14
2026-09-04,POTOSI,Toro Toro,95467.35
2026-09-04,POTOSI,Tupiza,583.0
2026-09-04,POTOSI,Tupiza,2382150.6900000004
2026-09-04,POTOSI,Uncía,525470.63
2026-09-04,POTOSI,Urmiri,55049.06000000001
2026-09-04,POTOSI,Uyuni,59158.46999999997
2026-09-04,POTOSI,Uyuni,177309.66000000003
2026-09-04,POTOSI,Uyuni,484184.8899999999
2026-09-04,POTOSI,Villazón,1400370.9400000002
2026-09-04,POTOSI,Vitichi,268212.88000000006
2026-09-04,POTOSI,Yocalla,162045.16
2026-09-04,POTOSI,Yocalla,436352.80000000005
2026-09-04,SANTA CRUZ,Ascención de Guarayos,25952.0
2026-09-04,SANTA CRUZ,Ascención de Guarayos,1091893.2700000005
2026-09-04,SANTA CRUZ,Boyuibe,8525.199999999953
2026-09-04,SANTA CRUZ,Boyuibe,65664.28
2026-09-04,SANTA CRUZ,Buena Vista,283809.24
2026-09-04,SANTA CRUZ,CONCEPCIÓN,2000.0
2026-09-04,SANTA CRUZ,CONCEPCIÓN,506369.71999999986
2026-09-04,SANTA CRUZ,Cabezas,703060.64
2026-09-04,SANTA CRUZ,Camiri,250933.68999999983
2026-09-04,SANTA CRUZ,Colpa Bélgica,400758.6699999999
2026-09-04,SANTA CRUZ,Comarapa,2000.0
2026-09-04,SANTA CRUZ,Comarapa,3300.0
2026-09-04,SANTA CRUZ,Comarapa,265047.05
2026-09-04,SANTA CRUZ,Cotoca,3000.0
2026-09-04,SANTA CRUZ,Cotoca,2620397.12
2026-09-04,SANTA CRUZ,Cuatro Cañadas,466821.2199999999
2026-09-04,SANTA CRUZ,Cuevo,113057.20999999999
2026-09-04,SANTA CRUZ,El Carmen Rivero Tórrez,148926.11999999997
2026-09-04,SANTA CRUZ,El Puente,204203.97
2026-09-04,SANTA CRUZ,El Torno,2436476.56
2026-09-04,SANTA CRUZ,Fernández Alonso,352994.17
2026-09-04,SANTA CRUZ,GENERAL AGUSTÍN SAAVEDRA,1540.35
2026-09-04,SANTA CRUZ,GENERAL AGUSTÍN SAAVEDRA,583229.28
2026-09-04,SANTA CRUZ,La Guardia,7.44
2026-09-04,SANTA CRUZ,La Guardia,7393183.9399999995
2026-09-04,SANTA CRUZ,Lagunillas,118244.74
2026-09-04,SANTA CRUZ,MULTIMUNICIPAL,40.0
2026-09-04,SANTA CRUZ,MULTIMUNICIPAL,5339.059999999996
2026-09-04,SANTA CRUZ,MULTIMUNICIPAL,987406.8399999996
2026-09-04,SANTA CRUZ,MULTIMUNICIPAL,5341591.200000003
2026-09-04,SANTA CRUZ,MULTIMUNICIPAL,5560140.660000005
2026-09-04,SANTA CRUZ,Mairana,485319.94000000024
2026-09-04,SANTA CRUZ,Mineros,861109.91
2026-09-04,SANTA CRUZ,Montero,3942.0
2026-09-04,SANTA CRUZ,Montero,5222855.3500000015
2026-09-04,SANTA CRUZ,Moro Moro,6973.810000000001
2026-09-04,SANTA CRUZ,Multimunicipal,1008.5999999999985
2026-09-04,SANTA CRUZ,Okinawa I,610538.5700000001
2026-09-04,SANTA CRUZ,PUERTO SUAREZ,1094380.77
2026-09-04,SANTA CRUZ,PUERTO SUAREZ,1759480.5400000003
2026-09-04,SANTA CRUZ,Pailón,305.0
2026-09-04,SANTA CRUZ,Pailón,1971476.81
2026-09-04,SANTA CRUZ,Pampa Grande,285023.55999999994
2026-09-04,SANTA CRUZ,Porongo  (Ayacucho),3482300.24
2026-09-04,SANTA CRUZ,Portachuelo,243217.90999999995
2026-09-04,SANTA CRUZ,Puerto Quijarro,436538.76
2026-09-04,SANTA CRUZ,Quirusillas,13240.05
2026-09-04,SANTA CRUZ,Robore,211457.07000000007
2026-09-04,SANTA CRUZ,SAN IGNACIO (SAN IGNACIO DE VELASCO),2000.0
2026-09-04,SANTA CRUZ,SAN IGNACIO (SAN IGNACIO DE VELASCO),2578.4400000000023
2026-09-04,SANTA CRUZ,SAN IGNACIO (SAN IGNACIO DE VELASCO),13861.989999999998
2026-09-04,SANTA CRUZ,SAN IGNACIO (SAN IGNACIO DE VELASCO),433271.60999999987
2026-09-04,SANTA CRUZ,SANTA CRUZ DE LA SIERRA,271.4200000000001
2026-09-04,SANTA CRUZ,SANTA CRUZ DE LA SIERRA,310.8
2026-09-04,SANTA CRUZ,SANTA CRUZ DE LA SIERRA,927.5
2026-09-04,SANTA CRUZ,SANTA CRUZ DE LA SIERRA,2753.0
2026-09-04,SANTA CRUZ,SANTA CRUZ DE LA SIERRA,3727.0
2026-09-04,SANTA CRUZ,SANTA CRUZ DE LA SIERRA,5269.8
2026-09-04,SANTA CRUZ,SANTA CRUZ DE LA SIERRA,7803.0
2026-09-04,SANTA CRUZ,SANTA CRUZ DE LA SIERRA,24318.0
2026-09-04,SANTA CRUZ,SANTA CRUZ DE LA SIERRA,29876.0
2026-09-04,SANTA CRUZ,SANTA CRUZ DE LA SIERRA,52779.689999999995
2026-09-04,SANTA CRUZ,SANTA CRUZ DE LA SIERRA,63981.0
2026-09-04,SANTA CRUZ,SANTA CRUZ DE LA SIERRA,96720.32999999999
2026-09-04,SANTA CRUZ,SANTA CRUZ DE LA SIERRA,109609.43
2026-09-04,SANTA CRUZ,SANTA CRUZ DE LA SIERRA,137024.50000000003
2026-09-04,SANTA CRUZ,SANTA CRUZ DE LA SIERRA,181055.51999999987
2026-09-04,SANTA CRUZ,SANTA CRUZ DE LA SIERRA,396106.37
2026-09-04,SANTA CRUZ,SANTA CRUZ DE LA SIERRA,512632.76999999996
2026-09-04,SANTA CRUZ,SANTA CRUZ DE LA SIERRA,653428.8499999997
2026-09-04,SANTA CRUZ,SANTA CRUZ DE LA SIERRA,728911.14
2026-09-04,SANTA CRUZ,SANTA CRUZ DE LA SIERRA,1988372.7999999998
2026-09-04,SANTA CRUZ,SANTA CRUZ DE LA SIERRA,9876624.820000002
2026-09-04,SANTA CRUZ,SANTA CRUZ DE LA SIERRA,20571110.02
2026-09-04,SANTA CRUZ,SANTA CRUZ DE LA SIERRA,25878551.1
2026-09-04,SANTA CRUZ,SANTA CRUZ DE LA SIERRA,71619309.41
2026-09-04,SANTA CRUZ,Saipina,405506.97000000003
2026-09-04,SANTA CRUZ,Samaipata,299188.36999999994
2026-09-04,SANTA CRUZ,San Antonio de Lomerio,594064.46
2026-09-04,SANTA CRUZ,San Carlos,845327.3300000002
2026-09-04,SANTA CRUZ,San Javier,799284.6200000001
2026-09-04,SANTA CRUZ,San José,508294.6499999999
2026-09-04,SANTA CRUZ,San Juan,558899.2799999999
2026-09-04,SANTA CRUZ,San Julian,538878.1999999997
2026-09-04,SANTA CRUZ,San Julian,1916506.57
2026-09-04,SANTA CRUZ,San Matías,431091.3899999999
2026-09-04,SANTA CRUZ,San Miguel (San Miguel de Velasco),590124.8699999999
2026-09-04,SANTA CRUZ,San Pedro,263083.25
2026-09-04,SANTA CRUZ,San Rafael,283574.79999999993
2026-09-04,SANTA CRUZ,San Ramón,484853.26000000007
2026-09-04,SANTA CRUZ,Santa Rosa del Sara,1704267.77
2026-09-04,SANTA CRUZ,TIOC Charagua Iyambae,1185553.29
2026-09-04,SANTA CRUZ,TIOG Kereimba Iyaambae,11000.0
2026-09-04,SANTA CRUZ,Trigal,52249.27
2026-09-04,SANTA CRUZ,Urubicha,25762.13
2026-09-04,SANTA CRUZ,Vallegrande,451556.8100000002
2026-09-04,SANTA CRUZ,WARNES,5861036.020000001
2026-09-04,SANTA CRUZ,Yapacaní,820585.04
2026-09-04,SANTA CRUZ,Yapacaní,2243244.6500000004
2026-09-04,SANTA CRUZ,,971702.5
2026-09-04,TARIJA,Bermejo,29862.000000000004
2026-09-04,TARIJA,Bermejo,601831.6399999999
2026-09-04,TARIJA,Caraparí,1779.0
2026-09-04,TARIJA,Caraparí,59898.859999999986
2026-09-04,TARIJA,Caraparí,222922.5
2026-09-04,TARIJA,Caraparí,509964.8
2026-09-04,TARIJA,Caraparí,521994.60999999987
2026-09-04,TARIJA,El Puente,103389.39
2026-09-04,TARIJA,El Puente,492053.83
2026-09-04,TARIJA,Entre Ríos,793498.5499999998
2026-09-04,TARIJA,MULTIMUNICIPAL,10000.0
2026-09-04,TARIJA,MULTIMUNICIPAL,27830.97
2026-09-04,TARIJA,MULTIMUNICIPAL,524111.8100000002
2026-09-04,TARIJA,MULTIMUNICIPAL,4174661.1899999995
2026-09-04,TARIJA,Multimunicipal,339209.3400000001
2026-09-04,TARIJA,Multimunicipal,28432231.32
2026-09-04,TARIJA,Padcaya,642345.9
2026-09-04,TARIJA,Región Autónoma del Gran Chaco,1253859.32
2026-09-04,TARIJA,Región Autónoma del Gran Chaco,1886165.0100000005
2026-09-04,TARIJA,San Lorenzo,286432.25
2026-09-04,TARIJA,San Lorenzo,932342.39
2026-09-04,TARIJA,Tarija,377.39999999999964
2026-09-04,TARIJA,Tarija,2165.0699999999997
2026-09-04,TARIJA,Tarija,6174.0
2026-09-04,TARIJA,Tarija,6284.629999999976
2026-09-04,TARIJA,Tarija,7200.0
2026-09-04,TARIJA,Tarija,12502.86
2026-09-04,TARIJA,Tarija,18821.55
2026-09-04,TARIJA,Tarija,21465.0
2026-09-04,TARIJA,Tarija,23617.52
2026-09-04,TARIJA,Tarija,28195.51
2026-09-04,TARIJA,Tarija,38959.07
2026-09-04,TARIJA,Tarija,45801.34
2026-09-04,TARIJA,Tarija,51755.93
2026-09-04,TARIJA,Tarija,89880.83000000003
2026-09-04,TARIJA,Tarija,109028.98000000004
2026-09-04,TARIJA,Tarija,141037.88
2026-09-04,TARIJA,Tarija,269177.85
2026-09-04,TARIJA,Tarija,417575.3800000001
2026-09-04,TARIJA,Tarija,624262.63
2026-09-04,TARIJA,Tarija,4929651.420000001
2026-09-04,TARIJA,Tarija,5288668.779999998
2026-09-04,TARIJA,Tarija,10353414.4
2026-09-04,TARIJA,Uriondo (Concepción),160152.70000000004
2026-09-04,TARIJA,Villamontes,1113.0
2026-09-04,TARIJA,Villamontes,641715.3600000001
2026-09-04,TARIJA,Villamontes,1247473.97
2026-09-04,TARIJA,Yacuiba,10045.0
2026-09-04,TARIJA,Yacuiba,274760.59999999974
2026-09-04,TARIJA,Yacuiba,818201.9399999998
2026-09-04,TARIJA,Yunchara,4182.959999999992
2026-09-04,TARIJA,Yunchara,140705.18
2026-09-04,TARIJA,,6980.0
2026-09-04,TARIJA,,84500.0
2026-09-08,BENI,Baures,306185.9
2026-09-08,BENI,Exaltación,268172.17
2026-09-08,BENI,GIA Territorio Indígena Multiétnico,11820.0
2026-09-08,BENI,Huacaraje,8204.7
2026-09-08,BENI,Huacaraje,183999.29
2026-09-08,BENI,Loreto,1346.0
2026-09-08,BENI,Loreto,43488.70000000001
2026-09-08,BENI,Magdalena,201083.93999999994
2026-09-08,BENI,Puerto Guayaramerín,524167.13999999996
2026-09-08,BENI,Puerto Rurrenabaque,232275.5
2026-09-08,BENI,Reyes,76613.3
2026-09-08,BENI,Riberalta,37675.449999999255
2026-09-08,BENI,Riberalta,50260.0
2026-09-08,BENI,Riberalta,50763.05000000005
2026-09-08,BENI,Riberalta,104092.94000000006
2026-09-08,BENI,Riberalta,1883505.6500000006
2026-09-08,BENI,San Andrés,274888.17000000016
2026-09-08,BENI,San Andrés,481574.9099999996
2026-09-08,BENI,San Borja,21428.75
2026-09-08,BENI,San Borja,291933.79999999976
2026-09-08,BENI,San Ignacio,337322.6299999999
2026-09-08,BENI,San Javier,110114.79000000001
2026-09-08,BENI,San Joaquín,175490.66999999995
2026-09-08,BENI,San Ramón,49001.0
2026-09-08,BENI,Santa Ana,311666.05000000005
2026-09-08,BENI,Santa Rosa,281732.62
2026-09-08,BENI,Trinidad,3184.6000000000786
2026-09-08,BENI,Trinidad,6138.0
2026-09-08,BENI,Trinidad,16644.24
2026-09-08,BENI,Trinidad,34863.5
2026-09-08,BENI,Trinidad,49670.0
2026-09-08,BENI,Trinidad,109248.70000000001
2026-09-08,BENI,Trinidad,153212.63
2026-09-08,BENI,Trinidad,155460.70000000074
2026-09-08,BENI,Trinidad,385491.7999999997
2026-09-08,BENI,Trinidad,484569.9199999998
2026-09-08,BENI,,186384.75
2026-09-08,BINACIONAL,Binacional,2000.0
2026-09-08,CHUQUISACA,ATIOC Guaraní Chaqueño de Huacaya,165454.55
2026-09-08,CHUQUISACA,Camargo,204913.87
2026-09-08,CHUQUISACA,Culpina,55269.21999999999
2026-09-08,CHUQUISACA,El Villar,64059.76
2026-09-08,CHUQUISACA,Icla,78982.72
2026-09-08,CHUQUISACA,Incahuasi,60770.26
2026-09-08,CHUQUISACA,Las Carreras,129888.04
2026-09-08,CHUQUISACA,MULTIMUNICIPAL,371.0
2026-09-08,CHUQUISACA,MULTIMUNICIPAL,2610.0
2026-09-08,CHUQUISACA,MULTIMUNICIPAL,115655.77000000003
2026-09-08,CHUQUISACA,Machareti,15997.0
2026-09-08,CHUQUISACA,Machareti,67231.05
2026-09-08,CHUQUISACA,Monteagudo,18737.079999999998
2026-09-08,CHUQUISACA,Monteagudo,453383.50999999995
2026-09-08,CHUQUISACA,Multimunicipal,194590.58999999997
2026-09-08,CHUQUISACA,Padilla,53351.35000000003
2026-09-08,CHUQUISACA,Poroma,160.0
2026-09-08,CHUQUISACA,Presto,17436.25
2026-09-08,CHUQUISACA,San Lucas,117684.99
2026-09-08,CHUQUISACA,San Pablo de Huacareta,207317.31
2026-09-08,CHUQUISACA,Sopachuy,26490.33
2026-09-08,CHUQUISACA,Sucre,258.72000000000116
2026-09-08,CHUQUISACA,Sucre,2344.0
2026-09-08,CHUQUISACA,Sucre,3500.0
2026-09-08,CHUQUISACA,Sucre,4374.0
2026-09-08,CHUQUISACA,Sucre,11380.0
2026-09-08,CHUQUISACA,Sucre,12360.0
2026-09-08,CHUQUISACA,Sucre,13550.0
2026-09-08,CHUQUISACA,Sucre,15665.74
2026-09-08,CHUQUISACA,Sucre,18679.149999999998
2026-09-08,CHUQUISACA,Sucre,21600.0
2026-09-08,CHUQUISACA,Sucre,27543.440000000002
2026-09-08,CHUQUISACA,Sucre,63217.11000000004
2026-09-08,CHUQUISACA,Sucre,65517.219999999994
2026-09-08,CHUQUISACA,Sucre,76812.87000000037
2026-09-08,CHUQUISACA,Sucre,78108.76
2026-09-08,CHUQUISACA,Sucre,84045.09999999963
2026-09-08,CHUQUISACA,Sucre,87564.41
2026-09-08,CHUQUISACA,Sucre,98960.97
2026-09-08,CHUQUISACA,Sucre,610775.6300000001
2026-09-08,CHUQUISACA,Sucre,780228.0499999991
2026-09-08,CHUQUISACA,Sucre,1608243.1900000004
2026-09-08,CHUQUISACA,Sucre,8182451.739999997
2026-09-08,CHUQUISACA,Sucre,27904241.11
2026-09-08,CHUQUISACA,TARVITA (VILLA ORIAS),123534.96
2026-09-08,CHUQUISACA,Tomina,133029.35
2026-09-08,CHUQUISACA,Villa Alcalá,47497.82000000001
2026-09-08,CHUQUISACA,Villa Azurduy,46400.270000000004
2026-09-08,CHUQUISACA,Villa Charcas,183425.50999999992
2026-09-08,CHUQUISACA,Villa Mojocoya,173095.59999999998
2026-09-08,CHUQUISACA,Villa Serrano,60932.04
2026-09-08,CHUQUISACA,Villa Vaca Guzmán,28917.3
2026-09-08,CHUQUISACA,Villa Vaca Guzmán,81244.7
2026-09-08,CHUQUISACA,Villa Zudañez (Tacopaya),129355.16999999998
2026-09-08,CHUQUISACA,YAMPAPARÁEZ,3317.1800000000003
2026-09-08,CHUQUISACA,YAMPAPARÁEZ,93624.0
2026-09-08,CHUQUISACA,Yotala,629303.15
2026-09-08,CHUQUISACA,,188180.27000000002
2026-09-08,COCHABAMBA,Aiquile,327544.00000000006
2026-09-08,COCHABAMBA,Alalay,115847.72
2026-09-08,COCHABAMBA,Anzaldo,226069.85
2026-09-08,COCHABAMBA,Arani,67350.01
2026-09-08,COCHABAMBA,Arbieto,227824.88000000003
2026-09-08,COCHABAMBA,Arque,62865.34
2026-09-08,COCHABAMBA,Bolivar,235624.01
2026-09-08,COCHABAMBA,COCHABAMBA,360.0
2026-09-08,COCHABAMBA,COCHABAMBA,17778.2
2026-09-08,COCHABAMBA,COCHABAMBA,24298.25
2026-09-08,COCHABAMBA,COCHABAMBA,28500.0
2026-09-08,COCHABAMBA,COCHABAMBA,41648.619999999995
2026-09-08,COCHABAMBA,COCHABAMBA,50128.859999999986
2026-09-08,COCHABAMBA,COCHABAMBA,51996.0
2026-09-08,COCHABAMBA,COCHABAMBA,64894.420000000006
2026-09-08,COCHABAMBA,COCHABAMBA,66060.33
2026-09-08,COCHABAMBA,COCHABAMBA,86380.78000000026
2026-09-08,COCHABAMBA,COCHABAMBA,559375.0
2026-09-08,COCHABAMBA,COCHABAMBA,803843.8800000002
2026-09-08,COCHABAMBA,COCHABAMBA,1377338.52
2026-09-08,COCHABAMBA,COCHABAMBA,1645419.63
2026-09-08,COCHABAMBA,COCHABAMBA,1657344.9200000004
2026-09-08,COCHABAMBA,COCHABAMBA,2244666.81
2026-09-08,COCHABAMBA,COCHABAMBA,6584830.6099999985
2026-09-08,COCHABAMBA,COCHABAMBA,15625119.670000007
2026-09-08,COCHABAMBA,COCHABAMBA,31761219.78000001
2026-09-08,COCHABAMBA,COCHABAMBA,90281140.53
2026-09-08,COCHABAMBA,Capinota,642633.78
2026-09-08,COCHABAMBA,Chimoré,689994.7000000001
2026-09-08,COCHABAMBA,Cliza,691900.16
2026-09-08,COCHABAMBA,Cocapata,247159.32000000004
2026-09-08,COCHABAMBA,Colcapirhua,1743277.3300000003
2026-09-08,COCHABAMBA,Colomi,471841.2
2026-09-08,COCHABAMBA,Entre Rios,642269.73
2026-09-08,COCHABAMBA,Independencia,80593.79999999999
2026-09-08,COCHABAMBA,MULTIMUNICIPAL,2250.0
2026-09-08,COCHABAMBA,MULTIMUNICIPAL,637827.54
2026-09-08,COCHABAMBA,Mizque,892322.91
2026-09-08,COCHABAMBA,Morochata,129063.63000000002
2026-09-08,COCHABAMBA,Multimunicipal,52052.5
2026-09-08,COCHABAMBA,Multimunicipal,113886.15999999992
2026-09-08,COCHABAMBA,Omereque,19106.1
2026-09-08,COCHABAMBA,Pasorapa,240.0
2026-09-08,COCHABAMBA,Pocona,200087.72
2026-09-08,COCHABAMBA,Pojo,8025.000000000002
2026-09-08,COCHABAMBA,Puerto Villarroel,1246142.55
2026-09-08,COCHABAMBA,Puerto Villarroel,1276698.9300000002
2026-09-08,COCHABAMBA,Punata,280192.93
2026-09-08,COCHABAMBA,Quillacollo,1346035.33
2026-09-08,COCHABAMBA,Sacaba,60.0
2026-09-08,COCHABAMBA,Sacaba,4225.0
2026-09-08,COCHABAMBA,Sacaba,533402.04
2026-09-08,COCHABAMBA,Sacaba,4436743.94
2026-09-08,COCHABAMBA,Santivañez,3437.600000000002
2026-09-08,COCHABAMBA,Santivañez,18790.650000000023
2026-09-08,COCHABAMBA,Santivañez,278097.92000000004
2026-09-08,COCHABAMBA,Shinaota,159086.2499999999
2026-09-08,COCHABAMBA,Sicaya,54049.99999999999
2026-09-08,COCHABAMBA,Sipe Sipe,425189.09
2026-09-08,COCHABAMBA,TIOC Raqaypampa,234649.9
2026-09-08,COCHABAMBA,Tacachi,21206.089999999997
2026-09-08,COCHABAMBA,Tacopaya,150369.01
2026-09-08,COCHABAMBA,Tapacari,858497.53
2026-09-08,COCHABAMBA,Tarata,107309.14000000001
2026-09-08,COCHABAMBA,Tiquipaya,3437274.5100000002
2026-09-08,COCHABAMBA,Tiraque,720.0
2026-09-08,COCHABAMBA,Tiraque,17741.53
2026-09-08,COCHABAMBA,Tiraque,78364.23999999999
2026-09-08,COCHABAMBA,Toco,159079.67
2026-09-08,COCHABAMBA,Tolata,137079.16999999998
2026-09-08,COCHABAMBA,Totora,390267.60000000003
2026-09-08,COCHABAMBA,Vacas,792.0
2026-09-08,COCHABAMBA,Vila Vila,61343.71000000001
2026-09-08,COCHABAMBA,Villa Gualberto Villarroel,28455.190000000002
2026-09-08,COCHABAMBA,Villa Rivero,14656.790000000003
2026-09-08,COCHABAMBA,Villa Tunari,461464.02
2026-09-08,COCHABAMBA,Villa Tunari,1636936.1899999997
2026-09-08,COCHABAMBA,Vinto,342683.83
2026-09-08,COCHABAMBA,,2178276.8699999996
2026-09-08,LA PAZ,Achacachi,311906.65
2026-09-08,LA PAZ,Achacachi,453692.50000000035
2026-09-08,LA PAZ,Achocalla Municipio Ecológico ,848078.95
2026-09-08,LA PAZ,Alto Beni,107327.68
2026-09-08,LA PAZ,Ancoraimes,234076.45
2026-09-08,LA PAZ,Apolo,106132.67
2026-09-08,LA PAZ,Aucapata,478717.72
2026-09-08,LA PAZ,Ayata,85730.24999999999
2026-09-08,LA PAZ,Ayo Ayo,7753.540000000079
2026-09-08,LA PAZ,Batallas,33625.600000000006
2026-09-08,LA PAZ,CHUMA,73139.07
2026-09-08,LA PAZ,COROCORO,29993.67
2026-09-08,LA PAZ,Cairoma,125261.88
2026-09-08,LA PAZ,Cajuata,43688.170000000006
2026-09-08,LA PAZ,Calacoto,140966.76
2026-09-08,LA PAZ,Calamarca,213510.1
2026-09-08,LA PAZ,Caquiaviri,278397.93999999994
2026-09-08,LA PAZ,Carabuco,899.6299999999992
2026-09-08,LA PAZ,Caranavi,2694.0
2026-09-08,LA PAZ,Caranavi,8478.300000000003
2026-09-08,LA PAZ,Caranavi,332803.93
2026-09-08,LA PAZ,Catacora,40000.0
2026-09-08,LA PAZ,Chacarilla,14408.57
2026-09-08,LA PAZ,Charaña,59770.0
2026-09-08,LA PAZ,Chua Cocani,156703.63
2026-09-08,LA PAZ,Chulumani (Villa de la Libertad),1246483.2199999997
2026-09-08,LA PAZ,Collana,89736.26999999997
2026-09-08,LA PAZ,Colquencha,167963.31000000006
2026-09-08,LA PAZ,Colquiri,254642.39000000004
2026-09-08,LA PAZ,Comanche,15000.0
2026-09-08,LA PAZ,Combaya,85989.45999999999
2026-09-08,LA PAZ,Copacabana,1429.5
2026-09-08,LA PAZ,Copacabana,62950.52
2026-09-08,LA PAZ,Coripata,79648.6
2026-09-08,LA PAZ,Coroico,45676.12000000001
2026-09-08,LA PAZ,Coroico,354024.42
2026-09-08,LA PAZ,Curva,18425.29999999999
2026-09-08,LA PAZ,Desaguadero,47430.83
2026-09-08,LA PAZ,El Alto de La Paz,5256.92
2026-09-08,LA PAZ,El Alto de La Paz,6600.0
2026-09-08,LA PAZ,El Alto de La Paz,13572.0
2026-09-08,LA PAZ,El Alto de La Paz,32739.930000000073
2026-09-08,LA PAZ,El Alto de La Paz,47106.359999999986
2026-09-08,LA PAZ,El Alto de La Paz,99554.01999999997
2026-09-08,LA PAZ,El Alto de La Paz,110181.82000000007
2026-09-08,LA PAZ,El Alto de La Paz,235412.23999999996
2026-09-08,LA PAZ,El Alto de La Paz,278042.18999999994
2026-09-08,LA PAZ,El Alto de La Paz,1352918.3799999985
2026-09-08,LA PAZ,El Alto de La Paz,5561000.249999997
2026-09-08,LA PAZ,El Alto de La Paz,31246485.61000001
2026-09-08,LA PAZ,Escoma,92990.26000000001
2026-09-08,LA PAZ,GUAQUI,90200.61000000002
2026-09-08,LA PAZ,General Juan José Pérez (Charazani),335232.16000000003
2026-09-08,LA PAZ,Guanay,76447.52
2026-09-08,LA PAZ,Guanay,486779.7
2026-09-08,LA PAZ,Huarina,199624.57
2026-09-08,LA PAZ,Huatajata,91114.32999999999
2026-09-08,LA PAZ,ICHOCA,61714.1
2026-09-08,LA PAZ,INQUISIVI,167828.6100000001
2026-09-08,LA PAZ,INQUISIVI,284958.73000000004
2026-09-08,LA PAZ,Ixiamas,64801.75
2026-09-08,LA PAZ,Jesús de Machaca,94180.27999999998
2026-09-08,LA PAZ,LA PAZ,150.0
2026-09-08,LA PAZ,LA PAZ,1833.5
2026-09-08,LA PAZ,LA PAZ,3484.0
2026-09-08,LA PAZ,LA PAZ,3560.0
2026-09-08,LA PAZ,LA PAZ,3762.0
2026-09-08,LA PAZ,LA PAZ,3963.0
2026-09-08,LA PAZ,LA PAZ,4600.0
2026-09-08,LA PAZ,LA PAZ,6106.450000000001
2026-09-08,LA PAZ,LA PAZ,8000.0
2026-09-08,LA PAZ,LA PAZ,8233.0
2026-09-08,LA PAZ,LA PAZ,9589.100000000006
2026-09-08,LA PAZ,LA PAZ,10311.63
2026-09-08,LA PAZ,LA PAZ,11025.569999999832
2026-09-08,LA PAZ,LA PAZ,14561.28
2026-09-08,LA PAZ,LA PAZ,15468.7
2026-09-08,LA PAZ,LA PAZ,15678.34
2026-09-08,LA PAZ,LA PAZ,19105.070000000007
2026-09-08,LA PAZ,LA PAZ,19216.89999999995
2026-09-08,LA PAZ,LA PAZ,20477.19
2026-09-08,LA PAZ,LA PAZ,22879.569999999716
2026-09-08,LA PAZ,LA PAZ,23924.2
2026-09-08,LA PAZ,LA PAZ,24632.86
2026-09-08,LA PAZ,LA PAZ,31000.260000000053
2026-09-08,LA PAZ,LA PAZ,31538.18
2026-09-08,LA PAZ,LA PAZ,35690.0
2026-09-08,LA PAZ,LA PAZ,37455.4
2026-09-08,LA PAZ,LA PAZ,43738.23000000001
2026-09-08,LA PAZ,LA PAZ,44134.7
2026-09-08,LA PAZ,LA PAZ,53193.89
2026-09-08,LA PAZ,LA PAZ,53224.38999999999
2026-09-08,LA PAZ,LA PAZ,53375.11
2026-09-08,LA PAZ,LA PAZ,53614.0
2026-09-08,LA PAZ,LA PAZ,54224.20999999999
2026-09-08,LA PAZ,LA PAZ,54248.42000000001
2026-09-08,LA PAZ,LA PAZ,56334.580000000075
2026-09-08,LA PAZ,LA PAZ,61226.200000000004
2026-09-08,LA PAZ,LA PAZ,61441.0
2026-09-08,LA PAZ,LA PAZ,61799.109999999986
2026-09-08,LA PAZ,LA PAZ,63620.16
2026-09-08,LA PAZ,LA PAZ,73260.31000000006
2026-09-08,LA PAZ,LA PAZ,74717.97999999998
2026-09-08,LA PAZ,LA PAZ,75625.77999999998
2026-09-08,LA PAZ,LA PAZ,75990.29999999996
2026-09-08,LA PAZ,LA PAZ,76317.66000000012
2026-09-08,LA PAZ,LA PAZ,77794.99999999999
2026-09-08,LA PAZ,LA PAZ,82995.41000000002
2026-09-08,LA PAZ,LA PAZ,87531.39000000001
2026-09-08,LA PAZ,LA PAZ,87569.40999999999
2026-09-08,LA PAZ,LA PAZ,93250.83999999998
2026-09-08,LA PAZ,LA PAZ,93732.91
2026-09-08,LA PAZ,LA PAZ,98969.6400000001
2026-09-08,LA PAZ,LA PAZ,99656.41999999998
2026-09-08,LA PAZ,LA PAZ,99919.01000000001
2026-09-08,LA PAZ,LA PAZ,113698.05
2026-09-08,LA PAZ,LA PAZ,117341.93999999996
2026-09-08,LA PAZ,LA PAZ,118327.0
2026-09-08,LA PAZ,LA PAZ,120068.84
2026-09-08,LA PAZ,LA PAZ,123595.66999999998
2026-09-08,LA PAZ,LA PAZ,131873.64
2026-09-08,LA PAZ,LA PAZ,132510.39
2026-09-08,LA PAZ,LA PAZ,134892.1
2026-09-08,LA PAZ,LA PAZ,164522.98
2026-09-08,LA PAZ,LA PAZ,171519.97000000137
2026-09-08,LA PAZ,LA PAZ,179188.32999999996
2026-09-08,LA PAZ,LA PAZ,198908.8
2026-09-08,LA PAZ,LA PAZ,208149.51999999947
2026-09-08,LA PAZ,LA PAZ,212441.83000000002
2026-09-08,LA PAZ,LA PAZ,227360.23
2026-09-08,LA PAZ,LA PAZ,256361.07
2026-09-08,LA PAZ,LA PAZ,263354.80999999784
2026-09-08,LA PAZ,LA PAZ,271296.93000000046
2026-09-08,LA PAZ,LA PAZ,273031.3499999993
2026-09-08,LA PAZ,LA PAZ,324803.91
2026-09-08,LA PAZ,LA PAZ,351843.9799999999
2026-09-08,LA PAZ,LA PAZ,377323.49999999924
2026-09-08,LA PAZ,LA PAZ,414981.7299999999
2026-09-08,LA PAZ,LA PAZ,423309.32999999984
2026-09-08,LA PAZ,LA PAZ,446217.86
2026-09-08,LA PAZ,LA PAZ,497036.54999999993
2026-09-08,LA PAZ,LA PAZ,536123.2599999999
2026-09-08,LA PAZ,LA PAZ,549396.3300000003
2026-09-08,LA PAZ,LA PAZ,570134.8500000001
2026-09-08,LA PAZ,LA PAZ,706411.3899999999
2026-09-08,LA PAZ,LA PAZ,723147.39
2026-09-08,LA PAZ,LA PAZ,736668.7899999999
2026-09-08,LA PAZ,LA PAZ,762851.24
2026-09-08,LA PAZ,LA PAZ,876657.65
2026-09-08,LA PAZ,LA PAZ,1264631.1500000008
2026-09-08,LA PAZ,LA PAZ,1445037.51
2026-09-08,LA PAZ,LA PAZ,1761730.0599999994
2026-09-08,LA PAZ,LA PAZ,1790663.0800000008
2026-09-08,LA PAZ,LA PAZ,2034062.9399999997
2026-09-08,LA PAZ,LA PAZ,2406089.5500000003
2026-09-08,LA PAZ,LA PAZ,2445114.42
2026-09-08,LA PAZ,LA PAZ,2447089.03
2026-09-08,LA PAZ,LA PAZ,2511125.4699999997
2026-09-08,LA PAZ,LA PAZ,2788193.4700000016
2026-09-08,LA PAZ,LA PAZ,3035495.8000000026
2026-09-08,LA PAZ,LA PAZ,3547499.460000003
2026-09-08,LA PAZ,LA PAZ,3955441.0999999978
2026-09-08,LA PAZ,LA PAZ,5315504.789999999
2026-09-08,LA PAZ,LA PAZ,5327516.97
2026-09-08,LA PAZ,LA PAZ,6646654.14
2026-09-08,LA PAZ,LA PAZ,6959993.879999992
2026-09-08,LA PAZ,LA PAZ,8261200.9799999995
2026-09-08,LA PAZ,LA PAZ,30415262.619999997
2026-09-08,LA PAZ,LA PAZ,96292300.23
2026-09-08,LA PAZ,La Asunta,394860.93999999994
2026-09-08,LA PAZ,Laja,30124.26
2026-09-08,LA PAZ,Laja,304606.3
2026-09-08,LA PAZ,Luribay,195572.46
2026-09-08,LA PAZ,MULTIMUNICIPAL,96345.08
2026-09-08,LA PAZ,MULTIMUNICIPAL,209528.0
2026-09-08,LA PAZ,MULTIMUNICIPAL,1092171.3100000003
2026-09-08,LA PAZ,MULTIMUNICIPAL,1496673.98
2026-09-08,LA PAZ,Mapiri,2249.199999999997
2026-09-08,LA PAZ,Mapiri,23510.0
2026-09-08,LA PAZ,Mecapaca,145295.88
2026-09-08,LA PAZ,Mocomoco,237991.01
2026-09-08,LA PAZ,Multimunicipal,2748.0
2026-09-08,LA PAZ,Multimunicipal,2765.4000000000015
2026-09-08,LA PAZ,Multimunicipal,320617.0
2026-09-08,LA PAZ,Nazacara de Pacajes,255698.18000000002
2026-09-08,LA PAZ,Palca,140851.12
2026-09-08,LA PAZ,Palos Blancos,518531.2299999998
2026-09-08,LA PAZ,Papel Pampa,17710.370000000003
2026-09-08,LA PAZ,Patacamaya,579771.2699999999
2026-09-08,LA PAZ,Pelechuco,252607.15
2026-09-08,LA PAZ,Pucarani,92139.94999999995
2026-09-08,LA PAZ,Pucarani,119915.68
2026-09-08,LA PAZ,Puerto Acosta,24756.0
2026-09-08,LA PAZ,Puerto Pérez,104258.68
2026-09-08,LA PAZ,QUIME,2817.699999999997
2026-09-08,LA PAZ,QUIME,102014.06999999999
2026-09-08,LA PAZ,Quiabaya,45337.70999999999
2026-09-08,LA PAZ,SANTIAGO DE CALLAPA,51724.340000000004
2026-09-08,LA PAZ,San Andrés de Machaca,20040.0
2026-09-08,LA PAZ,San Buenaventura,67358.81000000004
2026-09-08,LA PAZ,San Buenaventura,146714.14999999997
2026-09-08,LA PAZ,San Pedro de Curahuara,113496.88
2026-09-08,LA PAZ,San Pedro de Tiquina,41941.719999999994
2026-09-08,LA PAZ,Santiago de Huata,70771.63999999998
2026-09-08,LA PAZ,Sapahaqui,206941.80000000002
2026-09-08,LA PAZ,Sica Sica (Villa Aroma),9000.0
2026-09-08,LA PAZ,Sica Sica (Villa Aroma),510232.72000000015
2026-09-08,LA PAZ,Sorata,181614.63
2026-09-08,LA PAZ,Teoponte,188876.74
2026-09-08,LA PAZ,Tiahuanacu,199748.20999999996
2026-09-08,LA PAZ,Tipuani,141357.8
2026-09-08,LA PAZ,Umala,4341.329999999998
2026-09-08,LA PAZ,Viacha,11550.0
2026-09-08,LA PAZ,Viacha,27815.0
2026-09-08,LA PAZ,Viacha,1101381.55
2026-09-08,LA PAZ,Villa Libertad Licoma,140648.97999999998
2026-09-08,LA PAZ,Waldo Ballivián,171439.38999999998
2026-09-08,LA PAZ,Yaco,8219.999999999998
2026-09-08,LA PAZ,Yanacachi,16428.570000000007
2026-09-08,LA PAZ,,1378308.98
2026-09-08,MULTIDEPARTAMEN,MULTIPROVINCIAL,21482.09
2026-09-08,MULTIDEPARTAMEN,MULTIPROVINCIAL,246987.84999999998
2026-09-08,MULTIDEPARTAMEN,MULTIPROVINCIAL,928128.9800000008
2026-09-08,MULTIDEPARTAMEN,MULTIPROVINCIAL,1319579.6300000008
2026-09-08,MULTIDEPARTAMEN,MULTIPROVINCIAL,8092576.949999999
2026-09-08,NACIONAL,MULTIMUNICIPAL,609.71
2026-09-08,NACIONAL,MULTIMUNICIPAL,4988.0
2026-09-08,NACIONAL,MULTIMUNICIPAL,14326.0
2026-09-08,NACIONAL,MULTIMUNICIPAL,14473.400000000005
2026-09-08,NACIONAL,MULTIMUNICIPAL,32653.980000000003
2026-09-08,NACIONAL,MULTIMUNICIPAL,43121.57999999994
2026-09-08,NACIONAL,MULTIMUNICIPAL,72565.7
2026-09-08,NACIONAL,MULTIMUNICIPAL,213024.3899999999
2026-09-08,NACIONAL,MULTIMUNICIPAL,232558.46999999994
2026-09-08,NACIONAL,MULTIMUNICIPAL,248925.60999999987
2026-09-08,NACIONAL,MULTIMUNICIPAL,311199.9099999999
2026-09-08,NACIONAL,MULTIMUNICIPAL,596022.0
2026-09-08,NACIONAL,MULTIMUNICIPAL,1340192.8499999999
2026-09-08,NACIONAL,MULTIMUNICIPAL,1910656.0900000003
2026-09-08,NACIONAL,MULTIMUNICIPAL,1203181107.72
2026-09-08,NO APLICABLE,NO APLICABLE,418382.53000000084
2026-09-08,NO APLICABLE,NO APLICABLE,7445564.86
2026-09-08,ORURO,Antequera,531949.98
2026-09-08,ORURO,Belen de Andamarca,43300.0
2026-09-08,ORURO,Caracollo,685700.88
2026-09-08,ORURO,Carangas,7500.0
2026-09-08,ORURO,Challapata,620320.2000000001
2026-09-08,ORURO,Challapata,687569.36
2026-09-08,ORURO,Choquecota,56582.6
2026-09-08,ORURO,Coipasa,10711.679999999997
2026-09-08,ORURO,Corque,117695.30000000002
2026-09-08,ORURO,Cruz de Machacamarca,50973.0
2026-09-08,ORURO,Curahuara de Carangas,26614.29
2026-09-08,ORURO,El Choro,12286.0
2026-09-08,ORURO,Escara,39436.7
2026-09-08,ORURO,Esmeralda,67294.48000000001
2026-09-08,ORURO,Eucaliptus,73977.65
2026-09-08,ORURO,HUACHACALLA,138721.92
2026-09-08,ORURO,Huanuni,140090.5
2026-09-08,ORURO,La Rivera,15808.289999999999
2026-09-08,ORURO,MULTIMUNICIPAL,164409.16
2026-09-08,ORURO,Machacamarca,67767.91000000003
2026-09-08,ORURO,ORURO,3997.8
2026-09-08,ORURO,ORURO,6127.090000000018
2026-09-08,ORURO,ORURO,8835.84
2026-09-08,ORURO,ORURO,12776.5
2026-09-08,ORURO,ORURO,21688.180000000004
2026-09-08,ORURO,ORURO,28269.290000000037
2026-09-08,ORURO,ORURO,36419.18
2026-09-08,ORURO,ORURO,47299.43000000005
2026-09-08,ORURO,ORURO,363241.0000000001
2026-09-08,ORURO,ORURO,619455.2000000005
2026-09-08,ORURO,ORURO,764980.5799999997
2026-09-08,ORURO,ORURO,1359989.65
2026-09-08,ORURO,ORURO,6685624.44
2026-09-08,ORURO,POOPÓ (VILLA POOPÓ),73901.66
2026-09-08,ORURO,Pampa Aullagas,318590.07
2026-09-08,ORURO,Pazña,57156.0
2026-09-08,ORURO,Sabaya,547263.52
2026-09-08,ORURO,Santiago de Huari,113742.54000000001
2026-09-08,ORURO,Soracachi,50157.5
2026-09-08,ORURO,Soracachi,86252.29000000001
2026-09-08,ORURO,TIOC Nación Originaria Uru Chipaya,19927.799999999996
2026-09-08,ORURO,TIOC Salinas,645979.33
2026-09-08,ORURO,Todos Santos,44347.42
2026-09-08,ORURO,Toledo,187664.88
2026-09-08,ORURO,Totora,21600.0
2026-09-08,ORURO,Totora,67085.59999999999
2026-09-08,ORURO,Turco,287095.49
2026-09-08,ORURO,Yunguyo de Litoral,49481.01
2026-09-08,PANDO,BELLA FLOR,3225.6
2026-09-08,PANDO,BELLA FLOR,62373.04000000001
2026-09-08,PANDO,Bolpebra,13473.36
2026-09-08,PANDO,COBIJA,1980.0
2026-09-08,PANDO,COBIJA,3400.0
2026-09-08,PANDO,COBIJA,5000.0
2026-09-08,PANDO,COBIJA,7280.049999999999
2026-09-08,PANDO,COBIJA,23429.24
2026-09-08,PANDO,COBIJA,23590.760000000002
2026-09-08,PANDO,COBIJA,24312.0
2026-09-08,PANDO,COBIJA,80970.88999999998
2026-09-08,PANDO,COBIJA,99034.0
2026-09-08,PANDO,COBIJA,214474.91
2026-09-08,PANDO,COBIJA,298525.3
2026-09-08,PANDO,COBIJA,1766030.2800000005
2026-09-08,PANDO,Filadelfia,64227.029999999984
2026-09-08,PANDO,MULTIMUNICIPAL,39479.08999999998
2026-09-08,PANDO,MULTIMUNICIPAL,816725.19
2026-09-08,PANDO,MULTIMUNICIPAL,1550649.0199999986
2026-09-08,PANDO,Multimunicipal,1802.5
2026-09-08,PANDO,Nueva Esperanza,76825.0
2026-09-08,PANDO,Porvenir,50170.5
2026-09-08,PANDO,Puerto Gonzalo Moreno,3300.0
2026-09-08,PANDO,Puerto Gonzalo Moreno,627486.0
2026-09-08,PANDO,San Lorenzo,232724.1
2026-09-08,PANDO,Santa Rosa del Abuná,95664.2
2026-09-08,PANDO,Sena,31982.11
2026-09-08,PANDO,Sena,40825.78999999999
2026-09-08,PANDO,Sena,202725.67999999993
2026-09-08,POTOSI,Atocha,397312.77000000014
2026-09-08,POTOSI,Betanzos,956150.4799999999
2026-09-08,POTOSI,"Caiza ""D""",133798.96
2026-09-08,POTOSI,Caripuyo,183465.15999999997
2026-09-08,POTOSI,Chaqui,191721.49999999994
2026-09-08,POTOSI,Chayanta,812958.99
2026-09-08,POTOSI,"Chuquiuta ""Ayllu Jucumani""",112842.23
2026-09-08,POTOSI,Ckochas,269060.74
2026-09-08,POTOSI,"Colcha""K"" (Villa Martín)",829238.24
2026-09-08,POTOSI,Colquechaca,21500.0
2026-09-08,POTOSI,Cotagaita,634023.9199999999
2026-09-08,POTOSI,Llallagua,797.9400000000023
2026-09-08,POTOSI,Llallagua,11206.0
2026-09-08,POTOSI,Llallagua,154090.55999999997
2026-09-08,POTOSI,Llallagua,933370.79
2026-09-08,POTOSI,MULTIMUNICIPAL,3207756.5900000003
2026-09-08,POTOSI,Mojinete,45806.93
2026-09-08,POTOSI,Multimunicipal,9395.00000000003
2026-09-08,POTOSI,Ocurí,58202.0
2026-09-08,POTOSI,PUNA (VILLA TALAVERA),77594.39
2026-09-08,POTOSI,PUNA (VILLA TALAVERA),237597.25000000003
2026-09-08,POTOSI,Pocoata,130098.0
2026-09-08,POTOSI,Porco,481755.73
2026-09-08,POTOSI,Potosí,100.0
2026-09-08,POTOSI,Potosí,599.4000000000015
2026-09-08,POTOSI,Potosí,1237.01
2026-09-08,POTOSI,Potosí,5197.76
2026-09-08,POTOSI,Potosí,5310.0
2026-09-08,POTOSI,Potosí,10926.500000000004
2026-09-08,POTOSI,Potosí,16437.55
2026-09-08,POTOSI,Potosí,37278.12
2026-09-08,POTOSI,Potosí,66974.35
2026-09-08,POTOSI,Potosí,94160.35
2026-09-08,POTOSI,Potosí,110819.2
2026-09-08,POTOSI,Potosí,166076.53999999998
2026-09-08,POTOSI,Potosí,206339.74000000005
2026-09-08,POTOSI,Potosí,510397.96999999974
2026-09-08,POTOSI,Potosí,2309199.8599999994
2026-09-08,POTOSI,Potosí,5155783.9399999995
2026-09-08,POTOSI,Potosí,8934176.049999999
2026-09-08,POTOSI,Ravelo,259066.88999999993
2026-09-08,POTOSI,Sacaca (Villa de Sacaca),464467.57999999996
2026-09-08,POTOSI,San Agustín,6160.0
2026-09-08,POTOSI,San Agustín,198849.89
2026-09-08,POTOSI,San Antonio de Esmoruco,58273.02999999999
2026-09-08,POTOSI,San Pablo de Lípez,99497.21
2026-09-08,POTOSI,San Pedro,21682.67
2026-09-08,POTOSI,San Pedro,1284388.94
2026-09-08,POTOSI,San Pedro de Macha,120190.0
2026-09-08,POTOSI,San Pedro de Macha,397306.69999999995
2026-09-08,POTOSI,Tacobamba,56000.0
2026-09-08,POTOSI,Tacobamba,422769.1599999999
2026-09-08,POTOSI,Tinguipaya,55357.8
2026-09-08,POTOSI,Tinguipaya,163324.83999999997
2026-09-08,POTOSI,Tomave,58283.330000000016
2026-09-08,POTOSI,Tomave,62857.14
2026-09-08,POTOSI,Toro Toro,8122.780000000001
2026-09-08,POTOSI,Tupiza,583.0
2026-09-08,POTOSI,Tupiza,771106.97
2026-09-08,POTOSI,Uncía,480760.63
2026-09-08,POTOSI,Urmiri,54929.06000000001
2026-09-08,POTOSI,Uyuni,59158.46999999997
2026-09-08,POTOSI,Uyuni,482433.8999999999
2026-09-08,POTOSI,Villazón,788115.18
2026-09-08,POTOSI,Vitichi,268212.88000000006
2026-09-08,POTOSI,Yocalla,13090.5
2026-09-08,POTOSI,Yocalla,436352.80000000005
2026-09-08,SANTA CRUZ,Ascención de Guarayos,25952.0
2026-09-08,SANTA CRUZ,Ascención de Guarayos,353201.2900000004
2026-09-08,SANTA CRUZ,Boyuibe,8071.42
2026-09-08,SANTA CRUZ,Boyuibe,8525.199999999953
2026-09-08,SANTA CRUZ,Buena Vista,154278.77000000002
2026-09-08,SANTA CRUZ,CONCEPCIÓN,2000.0
2026-09-08,SANTA CRUZ,CONCEPCIÓN,126028.38999999996
2026-09-08,SANTA CRUZ,Cabezas,95946.0
2026-09-08,SANTA CRUZ,Camiri,114610.02000000002
2026-09-08,SANTA CRUZ,Colpa Bélgica,328828.6699999999
2026-09-08,SANTA CRUZ,Comarapa,475.8599999999997
2026-09-08,SANTA CRUZ,Comarapa,2000.0
2026-09-08,SANTA CRUZ,Comarapa,58737.359999999986
2026-09-08,SANTA CRUZ,Cotoca,2037255.47
2026-09-08,SANTA CRUZ,Cuatro Cañadas,111350.0
2026-09-08,SANTA CRUZ,Cuevo,15407.21
2026-09-08,SANTA CRUZ,El Carmen Rivero Tórrez,97432.91999999997
2026-09-08,SANTA CRUZ,El Puente,87938.98000000001
2026-09-08,SANTA CRUZ,El Torno,1366897.32
2026-09-08,SANTA CRUZ,Fernández Alonso,314554.95
2026-09-08,SANTA CRUZ,GENERAL AGUSTÍN SAAVEDRA,1540.35
2026-09-08,SANTA CRUZ,GENERAL AGUSTÍN SAAVEDRA,332187.11
2026-09-08,SANTA CRUZ,La Guardia,7.44
2026-09-08,SANTA CRUZ,La Guardia,3204769.85
2026-09-08,SANTA CRUZ,Lagunillas,7017.0
2026-09-08,SANTA CRUZ,MULTIMUNICIPAL,40.0
2026-09-08,SANTA CRUZ,MULTIMUNICIPAL,579.06
2026-09-08,SANTA CRUZ,MULTIMUNICIPAL,390147.2099999995
2026-09-08,SANTA CRUZ,MULTIMUNICIPAL,4303013.360000004
2026-09-08,SANTA CRUZ,MULTIMUNICIPAL,5331485.200000003
2026-09-08,SANTA CRUZ,Mairana,164983.81000000026
2026-09-08,SANTA CRUZ,Mineros,190567.56999999995
2026-09-08,SANTA CRUZ,Montero,3942.0
2026-09-08,SANTA CRUZ,Montero,3979484.430000001
2026-09-08,SANTA CRUZ,Moro Moro,2973.8099999999995
2026-09-08,SANTA CRUZ,Multimunicipal,2039.0999999999985
2026-09-08,SANTA CRUZ,Okinawa I,593526.5700000001
2026-09-08,SANTA CRUZ,PUERTO SUAREZ,3970.0
2026-09-08,SANTA CRUZ,PUERTO SUAREZ,107738.43
2026-09-08,SANTA CRUZ,Pailón,1420034.74
2026-09-08,SANTA CRUZ,Pampa Grande,285023.55999999994
2026-09-08,SANTA CRUZ,Porongo  (Ayacucho),2515812.58
2026-09-08,SANTA CRUZ,Portachuelo,185619.06999999995
2026-09-08,SANTA CRUZ,Puerto Quijarro,393244.35
2026-09-08,SANTA CRUZ,Quirusillas,8121.0
2026-09-08,SANTA CRUZ,Robore,128464.48000000007
2026-09-08,SANTA CRUZ,SAN IGNACIO (SAN IGNACIO DE VELASCO),2000.0
2026-09-08,SANTA CRUZ,SAN IGNACIO (SAN IGNACIO DE VELASCO),13861.989999999998
2026-09-08,SANTA CRUZ,SAN IGNACIO (SAN IGNACIO DE VELASCO),347754.03999999986
2026-09-08,SANTA CRUZ,SANTA CRUZ DE LA SIERRA,271.4200000000001
2026-09-08,SANTA CRUZ,SANTA CRUZ DE LA SIERRA,310.8
2026-09-08,SANTA CRUZ,SANTA CRUZ DE LA SIERRA,927.5
2026-09-08,SANTA CRUZ,SANTA CRUZ DE LA SIERRA,5269.8
2026-09-08,SANTA CRUZ,SANTA CRUZ DE LA SIERRA,7803.0
2026-09-08,SANTA CRUZ,SANTA CRUZ DE LA SIERRA,10152.5
2026-09-08,SANTA CRUZ,SANTA CRUZ DE LA SIERRA,23905.13999999997
2026-09-08,SANTA CRUZ,SANTA CRUZ DE LA SIERRA,24318.0
2026-09-08,SANTA CRUZ,SANTA CRUZ DE LA SIERRA,28000.0
2026-09-08,SANTA CRUZ,SANTA CRUZ DE LA SIERRA,48263.82999999998
2026-09-08,SANTA CRUZ,SANTA CRUZ DE LA SIERRA,56591.85
2026-09-08,SANTA CRUZ,SANTA CRUZ DE LA SIERRA,57520.49
2026-09-08,SANTA CRUZ,SANTA CRUZ DE LA SIERRA,86876.08999999985
2026-09-08,SANTA CRUZ,SANTA CRUZ DE LA SIERRA,103931.53
2026-09-08,SANTA CRUZ,SANTA CRUZ DE LA SIERRA,137066.41999999995
2026-09-08,SANTA CRUZ,SANTA CRUZ DE LA SIERRA,181055.51999999987
2026-09-08,SANTA CRUZ,SANTA CRUZ DE LA SIERRA,219854.46
2026-09-08,SANTA CRUZ,SANTA CRUZ DE LA SIERRA,396013.26999999996
2026-09-08,SANTA CRUZ,SANTA CRUZ DE LA SIERRA,628348.5599999998
2026-09-08,SANTA CRUZ,SANTA CRUZ DE LA SIERRA,6132381.409999998
2026-09-08,SANTA CRUZ,SANTA CRUZ DE LA SIERRA,24280579.9
2026-09-08,SANTA CRUZ,Saipina,181848.78
2026-09-08,SANTA CRUZ,Samaipata,286082.98999999993
2026-09-08,SANTA CRUZ,San Antonio de Lomerio,551271.46
2026-09-08,SANTA CRUZ,San Carlos,358432.7500000002
2026-09-08,SANTA CRUZ,San Javier,195379.90000000005
2026-09-08,SANTA CRUZ,San José,78296.65
2026-09-08,SANTA CRUZ,San Juan,110554.93
2026-09-08,SANTA CRUZ,San Julian,538878.1999999997
2026-09-08,SANTA CRUZ,San Julian,1420264.1700000002
2026-09-08,SANTA CRUZ,San Matías,60023.3899999999
2026-09-08,SANTA CRUZ,San Miguel (San Miguel de Velasco),183867.75999999995
2026-09-08,SANTA CRUZ,San Pedro,76755.57
2026-09-08,SANTA CRUZ,San Rafael,283334.79999999993
2026-09-08,SANTA CRUZ,San Ramón,388386.49
2026-09-08,SANTA CRUZ,Santa Rosa del Sara,158289.77999999997
2026-09-08,SANTA CRUZ,TIOC Charagua Iyambae,330132.37
2026-09-08,SANTA CRUZ,TIOG Kereimba Iyaambae,11000.0
2026-09-08,SANTA CRUZ,Trigal,52249.27
2026-09-08,SANTA CRUZ,Urubicha,25762.13
2026-09-08,SANTA CRUZ,Vallegrande,401506.49000000017
2026-09-08,SANTA CRUZ,WARNES,5321105.340000002
2026-09-08,SANTA CRUZ,Yapacaní,820585.04
2026-09-08,SANTA CRUZ,Yapacaní,1289657.6500000001
2026-09-08,SANTA CRUZ,,971702.5
2026-09-08,TARIJA,Bermejo,21962.0
2026-09-08,TARIJA,Bermejo,385584.98
2026-09-08,TARIJA,Caraparí,1779.0
2026-09-08,TARIJA,Caraparí,19960.0
2026-09-08,TARIJA,Caraparí,222922.5
2026-09-08,TARIJA,Caraparí,501081.8
2026-09-08,TARIJA,Caraparí,521994.60999999987
2026-09-08,TARIJA,El Puente,24274.0
2026-09-08,TARIJA,El Puente,473539.39999999997
2026-09-08,TARIJA,Entre Ríos,557529.7899999999
2026-09-08,TARIJA,MULTIMUNICIPAL,524111.8100000002
2026-09-08,TARIJA,MULTIMUNICIPAL,3635713.7799999993
2026-09-08,TARIJA,Multimunicipal,140476.51
2026-09-08,TARIJA,Multimunicipal,339209.3400000001
2026-09-08,TARIJA,Padcaya,501503.73000000004
2026-09-08,TARIJA,Región Autónoma del Gran Chaco,1043221.8
2026-09-08,TARIJA,Región Autónoma del Gran Chaco,1886165.0100000005
2026-09-08,TARIJA,San Lorenzo,282432.25
2026-09-08,TARIJA,San Lorenzo,372106.0
2026-09-08,TARIJA,Tarija,377.39999999999964
2026-09-08,TARIJA,Tarija,2165.0699999999997
2026-09-08,TARIJA,Tarija,6174.0
2026-09-08,TARIJA,Tarija,6284.629999999976
2026-09-08,TARIJA,Tarija,6340.0
2026-09-08,TARIJA,Tarija,7200.0
2026-09-08,TARIJA,Tarija,13760.0
2026-09-08,TARIJA,Tarija,14069.289999999997
2026-09-08,TARIJA,Tarija,16651.55
2026-09-08,TARIJA,Tarija,23617.52
2026-09-08,TARIJA,Tarija,28195.51
2026-09-08,TARIJA,Tarija,47116.37000000001
2026-09-08,TARIJA,Tarija,65788.44
2026-09-08,TARIJA,Tarija,83483.98000000004
2026-09-08,TARIJA,Tarija,89976.06000000001
2026-09-08,TARIJA,Tarija,110819.2300000001
2026-09-08,TARIJA,Tarija,458898.88
2026-09-08,TARIJA,Tarija,3931399.49
2026-09-08,TARIJA,Tarija,10153846.209999999
2026-09-08,TARIJA,Uriondo (Concepción),140520.22000000003
2026-09-08,TARIJA,Villamontes,371.0
2026-09-08,TARIJA,Villamontes,268736.02999999997
2026-09-08,TARIJA,Villamontes,1247473.97
2026-09-08,TARIJA,Yacuiba,10045.0
2026-09-08,TARIJA,Yacuiba,712127.4699999999
2026-09-08,TARIJA,Yunchara,4182.959999999992
2026-09-08,TARIJA,Yunchara,63203.11
2026-09-08,TARIJA,,6980.0
2026-09-08,TARIJA,,84500.0
2026-09-10,BENI,Baures,119118.0
2026-09-10,BENI,Exaltación,147469.0
2026-09-10,BENI,GIA Territorio Indígena Multiétnico,7800.0
2026-09-10,BENI,Huacaraje,105079.49
2026-09-10,BENI,Loreto,1346.0
2026-09-10,BENI,Puerto Guayaramerín,371199.2099999999
2026-09-10,BENI,Puerto Rurrenabaque,221780.5
2026-09-10,BENI,Reyes,4686.799999999999
2026-09-10,BENI,Riberalta,9745.449999999255
2026-09-10,BENI,Riberalta,50763.05000000005
2026-09-10,BENI,Riberalta,259266.18000000005
2026-09-10,BENI,San Andrés,847.5599999999977
2026-09-10,BENI,San Andrés,72836.17000000016
2026-09-10,BENI,San Borja,69780.44000000009
2026-09-10,BENI,San Ignacio,16470.0
2026-09-10,BENI,San Javier,48548.0
2026-09-10,BENI,San Joaquín,16005.0
2026-09-10,BENI,Santa Ana,183012.34000000003
2026-09-10,BENI,Santa Rosa,42170.0
2026-09-10,BENI,Trinidad,1794.929999999993
2026-09-10,BENI,Trinidad,1900.0
2026-09-10,BENI,Trinidad,17506.700000000743
2026-09-10,BENI,Trinidad,69363.57999999996
2026-09-10,BENI,Trinidad,273354.5299999997
2026-09-10,BENI,,21384.75
2026-09-10,CHUQUISACA,ATIOC Guaraní Chaqueño de Huacaya,57873.0
2026-09-10,CHUQUISACA,Camargo,59157.0
2026-09-10,CHUQUISACA,Culpina,257.5
2026-09-10,CHUQUISACA,Icla,920.0
2026-09-10,CHUQUISACA,Incahuasi,10255.93
2026-09-10,CHUQUISACA,Las Carreras,19008.84
2026-09-10,CHUQUISACA,Machareti,5568.0
2026-09-10,CHUQUISACA,Machareti,15910.0
2026-09-10,CHUQUISACA,Multimunicipal,38687.31999999998
2026-09-10,CHUQUISACA,Padilla,42728.730000000025
2026-09-10,CHUQUISACA,San Lucas,8713.0
2026-09-10,CHUQUISACA,San Pablo de Huacareta,39335.920000000006
2026-09-10,CHUQUISACA,Sucre,294.5799999999999
2026-09-10,CHUQUISACA,Sucre,428.79999999999995
2026-09-10,CHUQUISACA,Sucre,2140.0
2026-09-10,CHUQUISACA,Sucre,2790.0
2026-09-10,CHUQUISACA,Sucre,3500.0
2026-09-10,CHUQUISACA,Sucre,3987.0500000000006
2026-09-10,CHUQUISACA,Sucre,16000.0
2026-09-10,CHUQUISACA,Sucre,21287.260000000006
2026-09-10,CHUQUISACA,Sucre,27543.440000000002
2026-09-10,CHUQUISACA,Sucre,44891.51
2026-09-10,CHUQUISACA,Sucre,72850.6
2026-09-10,CHUQUISACA,Sucre,97986.97
2026-09-10,CHUQUISACA,Sucre,137937.69000000003
2026-09-10,CHUQUISACA,TARVITA (VILLA ORIAS),63845.95
2026-09-10,CHUQUISACA,Tomina,133029.35
2026-09-10,CHUQUISACA,Villa Alcalá,41777.39000000001
2026-09-10,CHUQUISACA,Villa Azurduy,46120.270000000004
2026-09-10,CHUQUISACA,Villa Charcas,41548.71999999997
2026-09-10,CHUQUISACA,Villa Mojocoya,24700.0
2026-09-10,CHUQUISACA,Villa Vaca Guzmán,1303.0
2026-09-10,CHUQUISACA,Villa Vaca Guzmán,45613.0
2026-09-10,CHUQUISACA,Villa Zudañez (Tacopaya),17130.4
2026-09-10,CHUQUISACA,YAMPAPARÁEZ,67.0
2026-09-10,CHUQUISACA,Yotala,71574.25
2026-09-10,CHUQUISACA,,14440.27
2026-09-10,COCHABAMBA,Aiquile,284956.00000000006
2026-09-10,COCHABAMBA,Alalay,22337.0
2026-09-10,COCHABAMBA,Arani,20023.820000000003
2026-09-10,COCHABAMBA,Arbieto,214822.00000000006
2026-09-10,COCHABAMBA,COCHABAMBA,332.9999999999999
2026-09-10,COCHABAMBA,COCHABAMBA,3596.1500000000015
2026-09-10,COCHABAMBA,COCHABAMBA,9500.0
2026-09-10,COCHABAMBA,COCHABAMBA,22586.62
2026-09-10,COCHABAMBA,COCHABAMBA,24874.510000000002
2026-09-10,COCHABAMBA,COCHABAMBA,41480.0
2026-09-10,COCHABAMBA,COCHABAMBA,50128.859999999986
2026-09-10,COCHABAMBA,COCHABAMBA,64894.420000000006
2026-09-10,COCHABAMBA,COCHABAMBA,412093.2599999996
2026-09-10,COCHABAMBA,COCHABAMBA,427706.5600000001
2026-09-10,COCHABAMBA,COCHABAMBA,452282.4
2026-09-10,COCHABAMBA,COCHABAMBA,507098.76000000007
2026-09-10,COCHABAMBA,COCHABAMBA,539465.0
2026-09-10,COCHABAMBA,COCHABAMBA,773693.1300000002
2026-09-10,COCHABAMBA,COCHABAMBA,6134008.98
2026-09-10,COCHABAMBA,COCHABAMBA,8592671.770000001
2026-09-10,COCHABAMBA,COCHABAMBA,37360067.089999996
2026-09-10,COCHABAMBA,Capinota,636601.42
2026-09-10,COCHABAMBA,Chimoré,444427.56000000006
2026-09-10,COCHABAMBA,Cliza,191290.28
2026-09-10,COCHABAMBA,Cocapata,33300.00000000003
2026-09-10,COCHABAMBA,Colcapirhua,508140.73
2026-09-10,COCHABAMBA,Colomi,37178.45
2026-09-10,COCHABAMBA,Entre Rios,463660.66
2026-09-10,COCHABAMBA,MULTIMUNICIPAL,182017.28
2026-09-10,COCHABAMBA,Mizque,96014.81
2026-09-10,COCHABAMBA,Morochata,4998.24
2026-09-10,COCHABAMBA,Omereque,16126.77
2026-09-10,COCHABAMBA,Pocona,83340.0
2026-09-10,COCHABAMBA,Puerto Villarroel,251886.08000000002
2026-09-10,COCHABAMBA,Puerto Villarroel,479671.3000000001
2026-09-10,COCHABAMBA,Punata,135563.55000000005
2026-09-10,COCHABAMBA,Quillacollo,289589.31999999995
2026-09-10,COCHABAMBA,Sacaba,368347.57000000007
2026-09-10,COCHABAMBA,Sacaba,1546762.6900000006
2026-09-10,COCHABAMBA,Santivañez,4678.0
2026-09-10,COCHABAMBA,Santivañez,18790.650000000023
2026-09-10,COCHABAMBA,Shinaota,76708.94999999994
2026-09-10,COCHABAMBA,Sipe Sipe,53516.0
2026-09-10,COCHABAMBA,TIOC Raqaypampa,49242.04
2026-09-10,COCHABAMBA,Tacachi,1747.2499999999998
2026-09-10,COCHABAMBA,Tacopaya,2175.0
2026-09-10,COCHABAMBA,Tapacari,128543.79000000001
2026-09-10,COCHABAMBA,Tarata,106477.16000000002
2026-09-10,COCHABAMBA,Tiquipaya,1519638.0500000003
2026-09-10,COCHABAMBA,Tiraque,33212.39
2026-09-10,COCHABAMBA,Toco,106671.67
2026-09-10,COCHABAMBA,Totora,147851.0
2026-09-10,COCHABAMBA,Villa Rivero,8280.0
2026-09-10,COCHABAMBA,Villa Tunari,1356534.5399999998
2026-09-10,COCHABAMBA,Vinto,158626.58
2026-09-10,COCHABAMBA,,1674697.9599999997
2026-09-10,LA PAZ,Achacachi,25010.07999999998
2026-09-10,LA PAZ,Ancoraimes,8300.0
2026-09-10,LA PAZ,Apolo,83329.0
2026-09-10,LA PAZ,Aucapata,422602.84
2026-09-10,LA PAZ,Ayata,45008.840000000004
2026-09-10,LA PAZ,Batallas,23125.6
2026-09-10,LA PAZ,CHUMA,29571.030000000002
2026-09-10,LA PAZ,COROCORO,28173.67
2026-09-10,LA PAZ,Cairoma,88540.0
2026-09-10,LA PAZ,Cajuata,20491.909999999996
2026-09-10,LA PAZ,Calacoto,23866.67
2026-09-10,LA PAZ,Caquiaviri,6324.129999999999
2026-09-10,LA PAZ,Caranavi,1890.0
2026-09-10,LA PAZ,Caranavi,2694.0
2026-09-10,LA PAZ,Caranavi,33075.0
2026-09-10,LA PAZ,Catacora,20000.0
2026-09-10,LA PAZ,Chacarilla,9680.0
2026-09-10,LA PAZ,Charaña,48960.0
2026-09-10,LA PAZ,Chua Cocani,105546.4
2026-09-10,LA PAZ,Chulumani (Villa de la Libertad),36465.0
2026-09-10,LA PAZ,Collana,82656.26999999997
2026-09-10,LA PAZ,Colquencha,167963.31000000006
2026-09-10,LA PAZ,Colquiri,235313.40000000002
2026-09-10,LA PAZ,Combaya,6613.5899999999965
2026-09-10,LA PAZ,Copacabana,62291.5
2026-09-10,LA PAZ,Coripata,8508.6
2026-09-10,LA PAZ,El Alto de La Paz,4269.799999999988
2026-09-10,LA PAZ,El Alto de La Paz,5256.92
2026-09-10,LA PAZ,El Alto de La Paz,9581.86999999918
2026-09-10,LA PAZ,El Alto de La Paz,36176.80000000001
2026-09-10,LA PAZ,El Alto de La Paz,110181.82000000007
2026-09-10,LA PAZ,El Alto de La Paz,278042.18999999994
2026-09-10,LA PAZ,El Alto de La Paz,1712011.1199999976
2026-09-10,LA PAZ,El Alto de La Paz,11167058.040000005
2026-09-10,LA PAZ,Escoma,87848.65000000002
2026-09-10,LA PAZ,GUAQUI,575.0
2026-09-10,LA PAZ,General Juan José Pérez (Charazani),328197.4
2026-09-10,LA PAZ,Guanay,1652.6599999999962
2026-09-10,LA PAZ,ICHOCA,54304.1
2026-09-10,LA PAZ,INQUISIVI,65448.54000000003
2026-09-10,LA PAZ,Ixiamas,40797.25
2026-09-10,LA PAZ,LA PAZ,150.0
2026-09-10,LA PAZ,LA PAZ,526.0
2026-09-10,LA PAZ,LA PAZ,765.9399999999441
2026-09-10,LA PAZ,LA PAZ,930.0
2026-09-10,LA PAZ,LA PAZ,930.0
2026-09-10,LA PAZ,LA PAZ,1672.0
2026-09-10,LA PAZ,LA PAZ,2052.5600000000013
2026-09-10,LA PAZ,LA PAZ,2525.0
2026-09-10,LA PAZ,LA PAZ,2897.0999999999995
2026-09-10,LA PAZ,LA PAZ,3484.0
2026-09-10,LA PAZ,LA PAZ,3553.0
2026-09-10,LA PAZ,LA PAZ,4924.239999999991
2026-09-10,LA PAZ,LA PAZ,6735.610000000001
2026-09-10,LA PAZ,LA PAZ,7093.600000000004
2026-09-10,LA PAZ,LA PAZ,7589.100000000006
2026-09-10,LA PAZ,LA PAZ,8000.0
2026-09-10,LA PAZ,LA PAZ,8233.0
2026-09-10,LA PAZ,LA PAZ,9142.000000000015
2026-09-10,LA PAZ,LA PAZ,10766.460000000008
2026-09-10,LA PAZ,LA PAZ,13209.659999999998
2026-09-10,LA PAZ,LA PAZ,13995.439999999999
2026-09-10,LA PAZ,LA PAZ,15468.7
2026-09-10,LA PAZ,LA PAZ,16634.85
2026-09-10,LA PAZ,LA PAZ,18000.0
2026-09-10,LA PAZ,LA PAZ,18385.17
2026-09-10,LA PAZ,LA PAZ,20334.639999999996
2026-09-10,LA PAZ,LA PAZ,20477.19
2026-09-10,LA PAZ,LA PAZ,22879.569999999716
2026-09-10,LA PAZ,LA PAZ,24500.149999999994
2026-09-10,LA PAZ,LA PAZ,25436.1
2026-09-10,LA PAZ,LA PAZ,25517.73000000001
2026-09-10,LA PAZ,LA PAZ,25666.550000000003
2026-09-10,LA PAZ,LA PAZ,30100.0
2026-09-10,LA PAZ,LA PAZ,34475.11
2026-09-10,LA PAZ,LA PAZ,36685.0
2026-09-10,LA PAZ,LA PAZ,37784.29
2026-09-10,LA PAZ,LA PAZ,37793.77000000001
2026-09-10,LA PAZ,LA PAZ,40875.0
2026-09-10,LA PAZ,LA PAZ,45404.19999999985
2026-09-10,LA PAZ,LA PAZ,47168.25
2026-09-10,LA PAZ,LA PAZ,47753.100000000006
2026-09-10,LA PAZ,LA PAZ,54265.81999999998
2026-09-10,LA PAZ,LA PAZ,54431.0
2026-09-10,LA PAZ,LA PAZ,54940.10000000004
2026-09-10,LA PAZ,LA PAZ,57188.09999999999
2026-09-10,LA PAZ,LA PAZ,62150.289999999935
2026-09-10,LA PAZ,LA PAZ,68742.83999999998
2026-09-10,LA PAZ,LA PAZ,69375.99999999999
2026-09-10,LA PAZ,LA PAZ,99919.01000000001
2026-09-10,LA PAZ,LA PAZ,113698.05
2026-09-10,LA PAZ,LA PAZ,118132.99
2026-09-10,LA PAZ,LA PAZ,136088.72000000015
2026-09-10,LA PAZ,LA PAZ,139702.87000000002
2026-09-10,LA PAZ,LA PAZ,143145.6
2026-09-10,LA PAZ,LA PAZ,143627.86000000002
2026-09-10,LA PAZ,LA PAZ,150541.5
2026-09-10,LA PAZ,LA PAZ,164522.98
2026-09-10,LA PAZ,LA PAZ,167219.31
2026-09-10,LA PAZ,LA PAZ,181007.9
2026-09-10,LA PAZ,LA PAZ,194420.36999999965
2026-09-10,LA PAZ,LA PAZ,254032.5999999999
2026-09-10,LA PAZ,LA PAZ,256164.48
2026-09-10,LA PAZ,LA PAZ,287407.79000000004
2026-09-10,LA PAZ,LA PAZ,303820.53
2026-09-10,LA PAZ,LA PAZ,332116.93999999994
2026-09-10,LA PAZ,LA PAZ,338476.4799999992
2026-09-10,LA PAZ,LA PAZ,446318.77999999997
2026-09-10,LA PAZ,LA PAZ,559685.9600000001
2026-09-10,LA PAZ,LA PAZ,617450.0
2026-09-10,LA PAZ,LA PAZ,651155.75
2026-09-10,LA PAZ,LA PAZ,745651.9
2026-09-10,LA PAZ,LA PAZ,888521.17
2026-09-10,LA PAZ,LA PAZ,979426.97
2026-09-10,LA PAZ,LA PAZ,1004697.26
2026-09-10,LA PAZ,LA PAZ,1108470.82
2026-09-10,LA PAZ,LA PAZ,1392643.5599999991
2026-09-10,LA PAZ,LA PAZ,1607951.3999999994
2026-09-10,LA PAZ,LA PAZ,1644615.6800000002
2026-09-10,LA PAZ,LA PAZ,3633764.4999999995
2026-09-10,LA PAZ,LA PAZ,3936253.0999999978
2026-09-10,LA PAZ,LA PAZ,5853764.6899999995
2026-09-10,LA PAZ,La Asunta,105214.85999999999
2026-09-10,LA PAZ,Laja,15191.459999999997
2026-09-10,LA PAZ,Laja,30124.26
2026-09-10,LA PAZ,Luribay,13500.0
2026-09-10,LA PAZ,MULTIMUNICIPAL,325.5
2026-09-10,LA PAZ,MULTIMUNICIPAL,72651.6100000001
2026-09-10,LA PAZ,MULTIMUNICIPAL,209528.0
2026-09-10,LA PAZ,Mocomoco,209517.44
2026-09-10,LA PAZ,Multimunicipal,1484.0
2026-09-10,LA PAZ,Multimunicipal,2765.4000000000015
2026-09-10,LA PAZ,Multimunicipal,21312.0
2026-09-10,LA PAZ,Papel Pampa,17710.370000000003
2026-09-10,LA PAZ,Puerto Acosta,24756.0
2026-09-10,LA PAZ,QUIME,2817.699999999997
2026-09-10,LA PAZ,QUIME,100051.85
2026-09-10,LA PAZ,Quiabaya,479.54999999999995
2026-09-10,LA PAZ,San Andrés de Machaca,19760.0
2026-09-10,LA PAZ,San Buenaventura,19284.57
2026-09-10,LA PAZ,San Pedro de Curahuara,40140.0
2026-09-10,LA PAZ,Santiago de Huata,63085.25999999998
2026-09-10,LA PAZ,Sica Sica (Villa Aroma),9000.0
2026-09-10,LA PAZ,Sica Sica (Villa Aroma),209992.27
2026-09-10,LA PAZ,Sorata,141852.85
2026-09-10,LA PAZ,Teoponte,180626.74
2026-09-10,LA PAZ,Tipuani,62655.6
2026-09-10,LA PAZ,Umala,280.0
2026-09-10,LA PAZ,Viacha,2010.0
2026-09-10,LA PAZ,Viacha,11550.0
2026-09-10,LA PAZ,Viacha,13728.0
2026-09-10,LA PAZ,Villa Libertad Licoma,972.62
2026-09-10,LA PAZ,Waldo Ballivián,44435.0
2026-09-10,LA PAZ,Yanacachi,7571.430000000008
2026-09-10,LA PAZ,,17400.0
2026-09-10,MULTIDEPARTAMEN,MULTIPROVINCIAL,381095.68000000063
2026-09-10,MULTIDEPARTAMEN,MULTIPROVINCIAL,966261.5900000011
2026-09-10,MULTIDEPARTAMEN,MULTIPROVINCIAL,8092576.949999999
2026-09-10,NACIONAL,MULTIMUNICIPAL,1332.0
2026-09-10,NACIONAL,MULTIMUNICIPAL,3725.8499999999985
2026-09-10,NACIONAL,MULTIMUNICIPAL,6480.980000000003
2026-09-10,NACIONAL,MULTIMUNICIPAL,18354.71
2026-09-10,NACIONAL,MULTIMUNICIPAL,71096.18
2026-09-10,NACIONAL,MULTIMUNICIPAL,80305.44000000009
2026-09-10,NACIONAL,MULTIMUNICIPAL,133923.4
2026-09-10,NACIONAL,MULTIMUNICIPAL,447631.79999999935
2026-09-10,NACIONAL,MULTIMUNICIPAL,1479669.4200000004
2026-09-10,NACIONAL,MULTIMUNICIPAL,64534119.72999999
2026-09-10,NO APLICABLE,NO APLICABLE,217836.1199999993
2026-09-10,NO APLICABLE,NO APLICABLE,250803.94000000006
2026-09-10,ORURO,Antequera,108698.32
2026-09-10,ORURO,Belen de Andamarca,19800.0
2026-09-10,ORURO,Carangas,7500.0
2026-09-10,ORURO,Challapata,593.0
2026-09-10,ORURO,Challapata,183568.26
2026-09-10,ORURO,Coipasa,981.1399999999999
2026-09-10,ORURO,Corque,3370.2300000000173
2026-09-10,ORURO,Cruz de Machacamarca,35303.94
2026-09-10,ORURO,Curahuara de Carangas,26614.29
2026-09-10,ORURO,El Choro,5353.57
2026-09-10,ORURO,Escara,2000.0
2026-09-10,ORURO,Esmeralda,5892.08
2026-09-10,ORURO,Eucaliptus,72717.65
2026-09-10,ORURO,HUACHACALLA,13013.33
2026-09-10,ORURO,Huanuni,72266.04000000001
2026-09-10,ORURO,La Rivera,15808.289999999999
2026-09-10,ORURO,MULTIMUNICIPAL,340.0
2026-09-10,ORURO,ORURO,1500.0
2026-09-10,ORURO,ORURO,2511.8
2026-09-10,ORURO,ORURO,25456.37
2026-09-10,ORURO,ORURO,175601.9800000001
2026-09-10,ORURO,ORURO,747937.94
2026-09-10,ORURO,ORURO,2822368.42
2026-09-10,ORURO,Pampa Aullagas,256989.1
2026-09-10,ORURO,Pazña,52256.0
2026-09-10,ORURO,Sabaya,41511.6
2026-09-10,ORURO,Santiago de Huari,100418.7
2026-09-10,ORURO,Soracachi,50000.0
2026-09-10,ORURO,TIOC Nación Originaria Uru Chipaya,8085.0
2026-09-10,ORURO,TIOC Salinas,645979.33
2026-09-10,ORURO,Todos Santos,44347.42
2026-09-10,ORURO,Toledo,33984.4
2026-09-10,ORURO,Totora,37248.95999999999
2026-09-10,ORURO,Turco,98031.83
2026-09-10,PANDO,BELLA FLOR,3225.6
2026-09-10,PANDO,BELLA FLOR,25521.020000000004
2026-09-10,PANDO,Bolpebra,3456.6800000000003
2026-09-10,PANDO,COBIJA,300.0
2026-09-10,PANDO,COBIJA,3400.0
2026-09-10,PANDO,COBIJA,4978.0
2026-09-10,PANDO,COBIJA,5000.0
2026-09-10,PANDO,COBIJA,6995.0
2026-09-10,PANDO,COBIJA,13796.66
2026-09-10,PANDO,COBIJA,73381.06999999995
2026-09-10,PANDO,COBIJA,164979.0
2026-09-10,PANDO,COBIJA,1199456.9600000002
2026-09-10,PANDO,MULTIMUNICIPAL,14633.32
2026-09-10,PANDO,MULTIMUNICIPAL,31912.0
2026-09-10,PANDO,MULTIMUNICIPAL,1550649.0199999986
2026-09-10,PANDO,Nueva Esperanza,11500.0
2026-09-10,PANDO,Porvenir,8330.5
2026-09-10,PANDO,Puerto Gonzalo Moreno,3300.0
2026-09-10,PANDO,San Lorenzo,123110.0
2026-09-10,PANDO,Santa Rosa del Abuná,78973.2
2026-09-10,PANDO,Sena,200.0
2026-09-10,PANDO,Sena,202725.67999999993
2026-09-10,POTOSI,Atocha,21676.699999999997
2026-09-10,POTOSI,Betanzos,22913.79999999996
2026-09-10,POTOSI,"Caiza ""D""",18184.96
2026-09-10,POTOSI,Caripuyo,32053.0
2026-09-10,POTOSI,Chaqui,29127.0
2026-09-10,POTOSI,Chayanta,591857.5
2026-09-10,POTOSI,"Chuquiuta ""Ayllu Jucumani""",6585.5
2026-09-10,POTOSI,Ckochas,146810.74
2026-09-10,POTOSI,"Colcha""K"" (Villa Martín)",32920.21999999997
2026-09-10,POTOSI,Colquechaca,18000.0
2026-09-10,POTOSI,Cotagaita,539585.4199999999
2026-09-10,POTOSI,Llallagua,11206.0
2026-09-10,POTOSI,Llallagua,35501.770000000004
2026-09-10,POTOSI,MULTIMUNICIPAL,784660.2100000001
2026-09-10,POTOSI,Mojinete,23715.19
2026-09-10,POTOSI,Multimunicipal,4470.0
2026-09-10,POTOSI,Pocoata,63968.0
2026-09-10,POTOSI,Porco,334128.0099999999
2026-09-10,POTOSI,Potosí,100.0
2026-09-10,POTOSI,Potosí,234.5999999999999
2026-09-10,POTOSI,Potosí,444.0
2026-09-10,POTOSI,Potosí,7729.37
2026-09-10,POTOSI,Potosí,10319.200000000003
2026-09-10,POTOSI,Potosí,11440.0
2026-09-10,POTOSI,Potosí,31490.0
2026-09-10,POTOSI,Potosí,61749.96999999997
2026-09-10,POTOSI,Potosí,71890.0
2026-09-10,POTOSI,Potosí,197912.30000000002
2026-09-10,POTOSI,Potosí,1779124.279999999
2026-09-10,POTOSI,Potosí,3838708.46
2026-09-10,POTOSI,Ravelo,71095.76
2026-09-10,POTOSI,Sacaca (Villa de Sacaca),75065.0
2026-09-10,POTOSI,San Agustín,5860.0
2026-09-10,POTOSI,San Pablo de Lípez,45557.21000000001
2026-09-10,POTOSI,San Pedro,21682.67
2026-09-10,POTOSI,San Pedro,199701.5
2026-09-10,POTOSI,San Pedro de Macha,397306.69999999995
2026-09-10,POTOSI,Tinguipaya,22400.0
2026-09-10,POTOSI,Tinguipaya,163324.83999999997
2026-09-10,POTOSI,Toro Toro,177.7800000000002
2026-09-10,POTOSI,Tupiza,199910.96999999997
2026-09-10,POTOSI,Uncía,55526.29999999999
2026-09-10,POTOSI,Urmiri,54929.06000000001
2026-09-10,POTOSI,Uyuni,52595.20000000004
2026-09-10,POTOSI,Villazón,120073.67000000001
2026-09-10,POTOSI,Vitichi,131065.46000000008
2026-09-10,POTOSI,Yocalla,13040.5
2026-09-10,POTOSI,Yocalla,436352.80000000005
2026-09-10,SANTA CRUZ,Ascención de Guarayos,23952.0
2026-09-10,SANTA CRUZ,Ascención de Guarayos,80626.94000000041
2026-09-10,SANTA CRUZ,Buena Vista,118607.08
2026-09-10,SANTA CRUZ,CONCEPCIÓN,124554.19999999995
2026-09-10,SANTA CRUZ,Cabezas,3006.0
2026-09-10,SANTA CRUZ,Camiri,79026.02
2026-09-10,SANTA CRUZ,Colpa Bélgica,307176.6699999999
2026-09-10,SANTA CRUZ,Cotoca,153580.5
2026-09-10,SANTA CRUZ,Cuatro Cañadas,70110.0
2026-09-10,SANTA CRUZ,Cuevo,15407.21
2026-09-10,SANTA CRUZ,El Carmen Rivero Tórrez,4650.0
2026-09-10,SANTA CRUZ,El Torno,153432.03999999998
2026-09-10,SANTA CRUZ,Fernández Alonso,200956.0
2026-09-10,SANTA CRUZ,GENERAL AGUSTÍN SAAVEDRA,79991.6
2026-09-10,SANTA CRUZ,La Guardia,7.44
2026-09-10,SANTA CRUZ,La Guardia,1776391.41
2026-09-10,SANTA CRUZ,Lagunillas,5887.0
2026-09-10,SANTA CRUZ,MULTIMUNICIPAL,137407.3999999999
2026-09-10,SANTA CRUZ,MULTIMUNICIPAL,1693652.5700000008
2026-09-10,SANTA CRUZ,Mairana,477.0
2026-09-10,SANTA CRUZ,Mineros,138748.62999999998
2026-09-10,SANTA CRUZ,Montero,2077385.470000001
2026-09-10,SANTA CRUZ,Moro Moro,1000.0
2026-09-10,SANTA CRUZ,PUERTO SUAREZ,10139.53
2026-09-10,SANTA CRUZ,Pailón,158653.2
2026-09-10,SANTA CRUZ,Pampa Grande,338.78999999999996
2026-09-10,SANTA CRUZ,Porongo  (Ayacucho),1205422.98
2026-09-10,SANTA CRUZ,Portachuelo,11400.0
2026-09-10,SANTA CRUZ,Quirusillas,8121.0
2026-09-10,SANTA CRUZ,Robore,89101.20000000007
2026-09-10,SANTA CRUZ,SAN IGNACIO (SAN IGNACIO DE VELASCO),126557.47000000002
2026-09-10,SANTA CRUZ,SANTA CRUZ DE LA SIERRA,119.13999999998487
2026-09-10,SANTA CRUZ,SANTA CRUZ DE LA SIERRA,226.92000000000007
2026-09-10,SANTA CRUZ,SANTA CRUZ DE LA SIERRA,271.4200000000001
2026-09-10,SANTA CRUZ,SANTA CRUZ DE LA SIERRA,718.0599999999995
2026-09-10,SANTA CRUZ,SANTA CRUZ DE LA SIERRA,826.7799999999988
2026-09-10,SANTA CRUZ,SANTA CRUZ DE LA SIERRA,1450.0
2026-09-10,SANTA CRUZ,SANTA CRUZ DE LA SIERRA,3177.4999999999995
2026-09-10,SANTA CRUZ,SANTA CRUZ DE LA SIERRA,19549.769999999997
2026-09-10,SANTA CRUZ,SANTA CRUZ DE LA SIERRA,25024.82
2026-09-10,SANTA CRUZ,SANTA CRUZ DE LA SIERRA,28000.0
2026-09-10,SANTA CRUZ,SANTA CRUZ DE LA SIERRA,29179.96
2026-09-10,SANTA CRUZ,SANTA CRUZ DE LA SIERRA,42821.2
2026-09-10,SANTA CRUZ,SANTA CRUZ DE LA SIERRA,86876.08999999985
2026-09-10,SANTA CRUZ,SANTA CRUZ DE LA SIERRA,211157.12
2026-09-10,SANTA CRUZ,SANTA CRUZ DE LA SIERRA,1403676.9400000002
2026-09-10,SANTA CRUZ,SANTA CRUZ DE LA SIERRA,2025326.4499999983
2026-09-10,SANTA CRUZ,Saipina,97504.15
2026-09-10,SANTA CRUZ,Samaipata,282537.98999999993
2026-09-10,SANTA CRUZ,San Antonio de Lomerio,551271.46
2026-09-10,SANTA CRUZ,San Carlos,226466.02
2026-09-10,SANTA CRUZ,San Javier,81572.70000000007
2026-09-10,SANTA CRUZ,San José,3207.6500000000015
2026-09-10,SANTA CRUZ,San Juan,43188.270000000004
2026-09-10,SANTA CRUZ,San Julian,215480.56000000003
2026-09-10,SANTA CRUZ,San Julian,530878.1999999997
2026-09-10,SANTA CRUZ,San Matías,9556.0
2026-09-10,SANTA CRUZ,San Miguel (San Miguel de Velasco),27206.3
2026-09-10,SANTA CRUZ,San Pedro,73133.0
2026-09-10,SANTA CRUZ,San Rafael,3162.8600000000006
2026-09-10,SANTA CRUZ,San Ramón,90068.74999999999
2026-09-10,SANTA CRUZ,Santa Rosa del Sara,94483.57999999997
2026-09-10,SANTA CRUZ,TIOC Charagua Iyambae,92740.56
2026-09-10,SANTA CRUZ,Trigal,45549.27
2026-09-10,SANTA CRUZ,Vallegrande,11129.300000000047
2026-09-10,SANTA CRUZ,WARNES,4974910.450000002
2026-09-10,SANTA CRUZ,Yapacaní,81966.29
2026-09-10,TARIJA,Bermejo,115482.0
2026-09-10,TARIJA,Caraparí,19960.0
2026-09-10,TARIJA,Caraparí,247515.0
2026-09-10,TARIJA,El Puente,23174.0
2026-09-10,TARIJA,El Puente,202572.0
2026-09-10,TARIJA,Entre Ríos,515734.4499999999
2026-09-10,TARIJA,MULTIMUNICIPAL,41468.45
2026-09-10,TARIJA,MULTIMUNICIPAL,202944.2000000002
2026-09-10,TARIJA,Multimunicipal,42702.3
2026-09-10,TARIJA,Padcaya,10617.170000000011
2026-09-10,TARIJA,Región Autónoma del Gran Chaco,64466.1
2026-09-10,TARIJA,Región Autónoma del Gran Chaco,1109307.0999999996
2026-09-10,TARIJA,San Lorenzo,234820.0
2026-09-10,TARIJA,San Lorenzo,350076.0
2026-09-10,TARIJA,Tarija,2165.0699999999997
2026-09-10,TARIJA,Tarija,3197.790000000001
2026-09-10,TARIJA,Tarija,13760.0
2026-09-10,TARIJA,Tarija,25368.839999999997
2026-09-10,TARIJA,Tarija,33315.0
2026-09-10,TARIJA,Tarija,72246.0
2026-09-10,TARIJA,Tarija,235663.9
2026-09-10,TARIJA,Tarija,458898.88
2026-09-10,TARIJA,Tarija,2910564.13
2026-09-10,TARIJA,Uriondo (Concepción),44507.92000000004
2026-09-10,TARIJA,Villamontes,371.0
2026-09-10,TARIJA,Villamontes,43820.04
2026-09-10,TARIJA,Yacuiba,174835.44
2026-09-10,TARIJA,Yacuiba,248298.2199999998
2026-09-10,TARIJA,Yunchara,3178.7999999999884
2026-09-10,TARIJA,Yunchara,12862.08
2026-09-10,TARIJA,,84500.0
2026-09-11,BENI,Baures,73058.33
2026-09-11,BENI,Baures,7718327.13
2026-09-11,BENI,Exaltación,113174.5
2026-09-11,BENI,Exaltación,5377700.66
2026-09-11,BENI,GIA Territorio Indígena Multiétnico,2370936.64
2026-09-11,BENI,Huacaraje,129796.27
2026-09-11,BENI,Huacaraje,267002.72000000003
2026-09-11,BENI,Huacaraje,3460474.39
2026-09-11,BENI,Loreto,222978.93
2026-09-11,BENI,Loreto,2291111.04
2026-09-11,BENI,MULTIMUNICIPAL,297550.24
2026-09-11,BENI,MULTIMUNICIPAL,642773.7999999999
2026-09-11,BENI,MULTIMUNICIPAL,1128807.3
2026-09-11,BENI,MULTIMUNICIPAL,2831553.22
2026-09-11,BENI,MULTIMUNICIPAL,11330598.45
2026-09-11,BENI,Magdalena,84807.49
2026-09-11,BENI,Magdalena,8301611.569999999
2026-09-11,BENI,PUERTO SILES,126755.6
2026-09-11,BENI,PUERTO SILES,647693.67
2026-09-11,BENI,Puerto Guayaramerín,307037.86
2026-09-11,BENI,Puerto Guayaramerín,4670446.6
2026-09-11,BENI,Puerto Guayaramerín,9479150.27
2026-09-11,BENI,Puerto Guayaramerín,29472702.49
2026-09-11,BENI,Puerto Rurrenabaque,84931.09000000001
2026-09-11,BENI,Puerto Rurrenabaque,19066185.4
2026-09-11,BENI,Reyes,86601.22
2026-09-11,BENI,Reyes,99247.3
2026-09-11,BENI,Reyes,7184429.36
2026-09-11,BENI,Riberalta,1438474.5999999999
2026-09-11,BENI,Riberalta,1921749.87
2026-09-11,BENI,Riberalta,10102872.209999999
2026-09-11,BENI,Riberalta,12781922.46
2026-09-11,BENI,Riberalta,22730728.28
2026-09-11,BENI,Riberalta,82999775.54
2026-09-11,BENI,San Andrés,92915.63
2026-09-11,BENI,San Andrés,1011660.1699999999
2026-09-11,BENI,San Andrés,2329681.21
2026-09-11,BENI,San Andrés,10214661.19
2026-09-11,BENI,San Andrés,11635844.28
2026-09-11,BENI,San Borja,20411.98
2026-09-11,BENI,San Borja,73132.4
2026-09-11,BENI,San Borja,122754.47
2026-09-11,BENI,San Borja,548103.72
2026-09-11,BENI,San Borja,28563336.2
2026-09-11,BENI,San Ignacio,3529.4
2026-09-11,BENI,San Ignacio,53183.0
2026-09-11,BENI,San Ignacio,342110.1
2026-09-11,BENI,San Ignacio,1442910.8699999999
2026-09-11,BENI,San Ignacio,14677798.5
2026-09-11,BENI,San Javier,133166.31
2026-09-11,BENI,San Javier,4546248.45
2026-09-11,BENI,San Joaquín,194818.02000000002
2026-09-11,BENI,San Joaquín,6464484.13
2026-09-11,BENI,San Ramón,51626.57
2026-09-11,BENI,San Ramón,4469006.97
2026-09-11,BENI,Santa Ana,361955.46
2026-09-11,BENI,Santa Ana,15040275.19
2026-09-11,BENI,Santa Rosa,122390.37
2026-09-11,BENI,Santa Rosa,10707520.4
2026-09-11,BENI,Trinidad,5105.9400000000005
2026-09-11,BENI,Trinidad,8662.7
2026-09-11,BENI,Trinidad,74181.79999999999
2026-09-11,BENI,Trinidad,120433.91
2026-09-11,BENI,Trinidad,267447.09
2026-09-11,BENI,Trinidad,354916.39
2026-09-11,BENI,Trinidad,840586.72
2026-09-11,BENI,Trinidad,1088479.55
2026-09-11,BENI,Trinidad,1308851.6
2026-09-11,BENI,Trinidad,1401550.03
2026-09-11,BENI,Trinidad,2537901.9499999997
2026-09-11,BENI,Trinidad,3933465.3
2026-09-11,BENI,Trinidad,7423933.66
2026-09-11,BENI,Trinidad,21817313.580000002
2026-09-11,BENI,Trinidad,35223207.68
2026-09-11,BENI,Trinidad,36405730.050000004
2026-09-11,BENI,Trinidad,89114257.13
2026-09-11,BENI,Trinidad,160806072.77
2026-09-11,BENI,Trinidad,282018931.8
2026-09-11,BENI,Trinidad,655855606.47
2026-09-11,BENI,,30603007.07
2026-09-11,BINACIONAL,Binacional,958649.16
2026-09-11,CHUQUISACA,ATIOC Guaraní Chaqueño de Huacaya,1306165.32
2026-09-11,CHUQUISACA,Camargo,219259.09
2026-09-11,CHUQUISACA,Camargo,5331337.83
2026-09-11,CHUQUISACA,Camargo,10410457.12
2026-09-11,CHUQUISACA,Camataqui (Villa Abecia),290165.15
2026-09-11,CHUQUISACA,Camataqui (Villa Abecia),397369.70999999996
2026-09-11,CHUQUISACA,Camataqui (Villa Abecia),2786202.25
2026-09-11,CHUQUISACA,Culpina,37588.23
2026-09-11,CHUQUISACA,Culpina,382500.35
2026-09-11,CHUQUISACA,Culpina,417711.35
2026-09-11,CHUQUISACA,Culpina,15396929.52
2026-09-11,CHUQUISACA,El Villar,131710.5
2026-09-11,CHUQUISACA,El Villar,162898.0
2026-09-11,CHUQUISACA,El Villar,844863.79
2026-09-11,CHUQUISACA,El Villar,1082890.01
2026-09-11,CHUQUISACA,El Villar,4788113.27
2026-09-11,CHUQUISACA,Icla,244823.0
2026-09-11,CHUQUISACA,Icla,5928287.72
2026-09-11,CHUQUISACA,Incahuasi,202741.02
2026-09-11,CHUQUISACA,Incahuasi,785807.48
2026-09-11,CHUQUISACA,Incahuasi,9738144.97
2026-09-11,CHUQUISACA,Las Carreras,456776.69
2026-09-11,CHUQUISACA,Las Carreras,750903.26
2026-09-11,CHUQUISACA,Las Carreras,4691837.53
2026-09-11,CHUQUISACA,MULTIMUNICIPAL,5950.52
2026-09-11,CHUQUISACA,MULTIMUNICIPAL,82318.84000000001
2026-09-11,CHUQUISACA,MULTIMUNICIPAL,12470081.59
2026-09-11,CHUQUISACA,MULTIMUNICIPAL,68863002.64
2026-09-11,CHUQUISACA,MULTIMUNICIPAL,838942215.9
2026-09-11,CHUQUISACA,Machareti,84991.34
2026-09-11,CHUQUISACA,Machareti,1880900.25
2026-09-11,CHUQUISACA,Machareti,4481420.37
2026-09-11,CHUQUISACA,Machareti,5640758.4799999995
2026-09-11,CHUQUISACA,Monteagudo,1401.6
2026-09-11,CHUQUISACA,Monteagudo,110570.0
2026-09-11,CHUQUISACA,Monteagudo,153746.39
2026-09-11,CHUQUISACA,Monteagudo,713124.71
2026-09-11,CHUQUISACA,Monteagudo,1631260.42
2026-09-11,CHUQUISACA,Monteagudo,1712976.87
2026-09-11,CHUQUISACA,Monteagudo,2133057.0
2026-09-11,CHUQUISACA,Monteagudo,21910137.52
2026-09-11,CHUQUISACA,Multimunicipal,32091.82
2026-09-11,CHUQUISACA,Multimunicipal,2534396.0500000003
2026-09-11,CHUQUISACA,Multimunicipal,3044722.55
2026-09-11,CHUQUISACA,Multimunicipal,4191139.27
2026-09-11,CHUQUISACA,Multimunicipal,39834403.47
2026-09-11,CHUQUISACA,Multimunicipal,234615448.48
2026-09-11,CHUQUISACA,Padilla,332871.67
2026-09-11,CHUQUISACA,Padilla,404189.96
2026-09-11,CHUQUISACA,Padilla,3349251.0
2026-09-11,CHUQUISACA,Padilla,6424754.72
2026-09-11,CHUQUISACA,Poroma,288957.54
2026-09-11,CHUQUISACA,Poroma,931649.73
2026-09-11,CHUQUISACA,Poroma,2303717.01
2026-09-11,CHUQUISACA,Poroma,7041982.79
2026-09-11,CHUQUISACA,Presto,360853.19999999995
2026-09-11,CHUQUISACA,Presto,1315869.2000000002
2026-09-11,CHUQUISACA,Presto,1344065.67
2026-09-11,CHUQUISACA,Presto,10268237.1
2026-09-11,CHUQUISACA,San Lucas,78354.88
2026-09-11,CHUQUISACA,San Lucas,512341.19
2026-09-11,CHUQUISACA,San Lucas,2609716.2600000002
2026-09-11,CHUQUISACA,San Lucas,21904154.6
2026-09-11,CHUQUISACA,San Pablo de Huacareta,1120992.9200000002
2026-09-11,CHUQUISACA,San Pablo de Huacareta,5795185.94
2026-09-11,CHUQUISACA,Sopachuy,719764.6799999999
2026-09-11,CHUQUISACA,Sopachuy,4732019.14
2026-09-11,CHUQUISACA,Sucre,3753.25
2026-09-11,CHUQUISACA,Sucre,10293.6
2026-09-11,CHUQUISACA,Sucre,10845.7
2026-09-11,CHUQUISACA,Sucre,53035.12
2026-09-11,CHUQUISACA,Sucre,56388.71
2026-09-11,CHUQUISACA,Sucre,109071.5
2026-09-11,CHUQUISACA,Sucre,132809.82
2026-09-11,CHUQUISACA,Sucre,177166.87
2026-09-11,CHUQUISACA,Sucre,183147.16
2026-09-11,CHUQUISACA,Sucre,207272.0
2026-09-11,CHUQUISACA,Sucre,268067.23
2026-09-11,CHUQUISACA,Sucre,384867.1
2026-09-11,CHUQUISACA,Sucre,697906.33
2026-09-11,CHUQUISACA,Sucre,723187.52
2026-09-11,CHUQUISACA,Sucre,1408259.41
2026-09-11,CHUQUISACA,Sucre,1540584.02
2026-09-11,CHUQUISACA,Sucre,1572391.35
2026-09-11,CHUQUISACA,Sucre,1618395.21
2026-09-11,CHUQUISACA,Sucre,2908751.36
2026-09-11,CHUQUISACA,Sucre,4365423.83
2026-09-11,CHUQUISACA,Sucre,6707316.23
2026-09-11,CHUQUISACA,Sucre,8688770.52
2026-09-11,CHUQUISACA,Sucre,11000873.39
2026-09-11,CHUQUISACA,Sucre,11136640.24
2026-09-11,CHUQUISACA,Sucre,16253189.690000001
2026-09-11,CHUQUISACA,Sucre,24317435.91
2026-09-11,CHUQUISACA,Sucre,24815411.349999998
2026-09-11,CHUQUISACA,Sucre,30598853.65
2026-09-11,CHUQUISACA,Sucre,41872427.18
2026-09-11,CHUQUISACA,Sucre,55782962.67
2026-09-11,CHUQUISACA,Sucre,70960030.14
2026-09-11,CHUQUISACA,Sucre,95323731.38
2026-09-11,CHUQUISACA,Sucre,193613943.76
2026-09-11,CHUQUISACA,Sucre,238063813.55
2026-09-11,CHUQUISACA,Sucre,255214668.33
2026-09-11,CHUQUISACA,Sucre,358166640.08
2026-09-11,CHUQUISACA,TARVITA (VILLA ORIAS),553966.39
2026-09-11,CHUQUISACA,TARVITA (VILLA ORIAS),9773584.95
2026-09-11,CHUQUISACA,Tarabuco,83805.16
2026-09-11,CHUQUISACA,Tarabuco,8518762.93
2026-09-11,CHUQUISACA,Tomina,6710420.5200000005
2026-09-11,CHUQUISACA,Villa Alcalá,2692133.8
2026-09-11,CHUQUISACA,Villa Azurduy,19981.0
2026-09-11,CHUQUISACA,Villa Azurduy,35413.06
2026-09-11,CHUQUISACA,Villa Azurduy,5776530.92
2026-09-11,CHUQUISACA,Villa Charcas,700000.0
2026-09-11,CHUQUISACA,Villa Charcas,12216356.51
2026-09-11,CHUQUISACA,Villa Mojocoya,48926.24
2026-09-11,CHUQUISACA,Villa Mojocoya,259596.34000000003
2026-09-11,CHUQUISACA,Villa Mojocoya,7486587.11
2026-09-11,CHUQUISACA,Villa Serrano,68548.0
2026-09-11,CHUQUISACA,Villa Serrano,75885.12
2026-09-11,CHUQUISACA,Villa Serrano,122895.96
2026-09-11,CHUQUISACA,Villa Serrano,451294.25
2026-09-11,CHUQUISACA,Villa Serrano,510911.52
2026-09-11,CHUQUISACA,Villa Serrano,7878222.16
2026-09-11,CHUQUISACA,Villa Vaca Guzmán,132722.96
2026-09-11,CHUQUISACA,Villa Vaca Guzmán,2815209.22
2026-09-11,CHUQUISACA,Villa Vaca Guzmán,8290261.92
2026-09-11,CHUQUISACA,Villa Zudañez (Tacopaya),1520295.09
2026-09-11,CHUQUISACA,Villa Zudañez (Tacopaya),8166947.94
2026-09-11,CHUQUISACA,Villa Zudañez (Tacopaya),23708156.2
2026-09-11,CHUQUISACA,YAMPAPARÁEZ,99672.25
2026-09-11,CHUQUISACA,YAMPAPARÁEZ,408682.36
2026-09-11,CHUQUISACA,YAMPAPARÁEZ,545538.6
2026-09-11,CHUQUISACA,YAMPAPARÁEZ,4848870.51
2026-09-11,CHUQUISACA,YAMPAPARÁEZ,7175165.37
2026-09-11,CHUQUISACA,Yotala,39927.11
2026-09-11,CHUQUISACA,Yotala,49058.91
2026-09-11,CHUQUISACA,Yotala,253741.99
2026-09-11,CHUQUISACA,Yotala,7104746.32
2026-09-11,CHUQUISACA,,5740549.28
2026-09-11,COCHABAMBA,Aiquile,1328246.5
2026-09-11,COCHABAMBA,Aiquile,9524985.83
2026-09-11,COCHABAMBA,Aiquile,15545673.9
2026-09-11,COCHABAMBA,Alalay,2482831.34
2026-09-11,COCHABAMBA,Anzaldo,3434870.75
2026-09-11,COCHABAMBA,Arani,2515763.35
2026-09-11,COCHABAMBA,Arani,6648344.99
2026-09-11,COCHABAMBA,Arani,8417670.629999999
2026-09-11,COCHABAMBA,Arbieto,114122.09999999999
2026-09-11,COCHABAMBA,Arbieto,21438412.38
2026-09-11,COCHABAMBA,Arque,710021.37
2026-09-11,COCHABAMBA,Arque,992870.06
2026-09-11,COCHABAMBA,Arque,6338520.6
2026-09-11,COCHABAMBA,Bolivar,3698269.0
2026-09-11,COCHABAMBA,COCHABAMBA,1634.0
2026-09-11,COCHABAMBA,COCHABAMBA,14657.0
2026-09-11,COCHABAMBA,COCHABAMBA,22552.5
2026-09-11,COCHABAMBA,COCHABAMBA,30301.81
2026-09-11,COCHABAMBA,COCHABAMBA,46625.1
2026-09-11,COCHABAMBA,COCHABAMBA,66767.5
2026-09-11,COCHABAMBA,COCHABAMBA,238390.74
2026-09-11,COCHABAMBA,COCHABAMBA,268107.51
2026-09-11,COCHABAMBA,COCHABAMBA,502694.83
2026-09-11,COCHABAMBA,COCHABAMBA,622720.11
2026-09-11,COCHABAMBA,COCHABAMBA,1061046.9
2026-09-11,COCHABAMBA,COCHABAMBA,2075683.8199999998
2026-09-11,COCHABAMBA,COCHABAMBA,2514943.18
2026-09-11,COCHABAMBA,COCHABAMBA,6846226.489999999
2026-09-11,COCHABAMBA,COCHABAMBA,8920585.01
2026-09-11,COCHABAMBA,COCHABAMBA,10938909.2
2026-09-11,COCHABAMBA,COCHABAMBA,12479688.3
2026-09-11,COCHABAMBA,COCHABAMBA,18265536.01
2026-09-11,COCHABAMBA,COCHABAMBA,23528341.400000002
2026-09-11,COCHABAMBA,COCHABAMBA,32516669.320000004
2026-09-11,COCHABAMBA,COCHABAMBA,39150236.04
2026-09-11,COCHABAMBA,COCHABAMBA,45990120.09
2026-09-11,COCHABAMBA,COCHABAMBA,54634657.75
2026-09-11,COCHABAMBA,COCHABAMBA,80199712.89
2026-09-11,COCHABAMBA,COCHABAMBA,81575714.74
2026-09-11,COCHABAMBA,COCHABAMBA,97322330.06
2026-09-11,COCHABAMBA,COCHABAMBA,99915114.89999999
2026-09-11,COCHABAMBA,COCHABAMBA,184224525.29
2026-09-11,COCHABAMBA,COCHABAMBA,507146205.36
2026-09-11,COCHABAMBA,COCHABAMBA,587989855.37
2026-09-11,COCHABAMBA,COCHABAMBA,1036611025.9
2026-09-11,COCHABAMBA,COCHABAMBA,2234348380.95
2026-09-11,COCHABAMBA,COCHABAMBA,2802949998.36
2026-09-11,COCHABAMBA,Capinota,114927.20999999999
2026-09-11,COCHABAMBA,Capinota,271920.99
2026-09-11,COCHABAMBA,Capinota,2012480.08
2026-09-11,COCHABAMBA,Capinota,11550121.72
2026-09-11,COCHABAMBA,Chimoré,95690.68
2026-09-11,COCHABAMBA,Chimoré,434439.44
2026-09-11,COCHABAMBA,Chimoré,728589.82
2026-09-11,COCHABAMBA,Chimoré,3110539.89
2026-09-11,COCHABAMBA,Chimoré,4052337.53
2026-09-11,COCHABAMBA,Chimoré,23458797.259999998
2026-09-11,COCHABAMBA,Cliza,3438155.81
2026-09-11,COCHABAMBA,Cliza,15180173.72
2026-09-11,COCHABAMBA,Cocapata,18157577.44
2026-09-11,COCHABAMBA,Colcapirhua,32496.0
2026-09-11,COCHABAMBA,Colcapirhua,68870528.42
2026-09-11,COCHABAMBA,Colomi,32408.98
2026-09-11,COCHABAMBA,Colomi,14783360.34
2026-09-11,COCHABAMBA,Entre Rios,58100.0
2026-09-11,COCHABAMBA,Entre Rios,6915975.57
2026-09-11,COCHABAMBA,Entre Rios,7051086.47
2026-09-11,COCHABAMBA,Entre Rios,16167803.9
2026-09-11,COCHABAMBA,Entre Rios,29491891.02
2026-09-11,COCHABAMBA,Independencia,17321110.59
2026-09-11,COCHABAMBA,MULTIMUNICIPAL,79768.63
2026-09-11,COCHABAMBA,MULTIMUNICIPAL,784973.39
2026-09-11,COCHABAMBA,MULTIMUNICIPAL,2089935.53
2026-09-11,COCHABAMBA,MULTIMUNICIPAL,2820060.21
2026-09-11,COCHABAMBA,MULTIMUNICIPAL,3372441.68
2026-09-11,COCHABAMBA,MULTIMUNICIPAL,15357607.780000001
2026-09-11,COCHABAMBA,MULTIMUNICIPAL,32182256.7
2026-09-11,COCHABAMBA,MULTIMUNICIPAL,49059191.68
2026-09-11,COCHABAMBA,Mizque,46070.32
2026-09-11,COCHABAMBA,Mizque,778292.13
2026-09-11,COCHABAMBA,Mizque,797590.4500000001
2026-09-11,COCHABAMBA,Mizque,1179686.77
2026-09-11,COCHABAMBA,Mizque,13589045.78
2026-09-11,COCHABAMBA,Morochata,119376.35999999999
2026-09-11,COCHABAMBA,Morochata,8380994.13
2026-09-11,COCHABAMBA,Morochata,14527202.85
2026-09-11,COCHABAMBA,Multimunicipal,878970.76
2026-09-11,COCHABAMBA,Multimunicipal,1525191.52
2026-09-11,COCHABAMBA,Multimunicipal,3923714.82
2026-09-11,COCHABAMBA,Multimunicipal,5829084.53
2026-09-11,COCHABAMBA,Multimunicipal,15956229.69
2026-09-11,COCHABAMBA,Omereque,2874245.48
2026-09-11,COCHABAMBA,Omereque,4418856.77
2026-09-11,COCHABAMBA,Pasorapa,686854.96
2026-09-11,COCHABAMBA,Pasorapa,4922680.21
2026-09-11,COCHABAMBA,Pocona,440877.4
2026-09-11,COCHABAMBA,Pocona,7214198.640000001
2026-09-11,COCHABAMBA,Pojo,7640698.51
2026-09-11,COCHABAMBA,Puerto Villarroel,264605.05
2026-09-11,COCHABAMBA,Puerto Villarroel,23019448.92
2026-09-11,COCHABAMBA,Puerto Villarroel,47835407.07
2026-09-11,COCHABAMBA,Punata,16705.71
2026-09-11,COCHABAMBA,Punata,6346616.46
2026-09-11,COCHABAMBA,Punata,33183562.22
2026-09-11,COCHABAMBA,Quillacollo,1232349.19
2026-09-11,COCHABAMBA,Quillacollo,6013244.29
2026-09-11,COCHABAMBA,Quillacollo,122223579.47
2026-09-11,COCHABAMBA,SAN BENITO (VILLA JOSÉ QUINTIN MENDOZA),113080.59
2026-09-11,COCHABAMBA,SAN BENITO (VILLA JOSÉ QUINTIN MENDOZA),606631.83
2026-09-11,COCHABAMBA,SAN BENITO (VILLA JOSÉ QUINTIN MENDOZA),12684375.72
2026-09-11,COCHABAMBA,Sacaba,2644796.3000000003
2026-09-11,COCHABAMBA,Sacaba,5136844.33
2026-09-11,COCHABAMBA,Sacaba,6824237.22
2026-09-11,COCHABAMBA,Sacaba,7357027.33
2026-09-11,COCHABAMBA,Sacaba,168257864.47
2026-09-11,COCHABAMBA,Sacabamba,2215668.52
2026-09-11,COCHABAMBA,Santivañez,38578.05
2026-09-11,COCHABAMBA,Santivañez,293216.3
2026-09-11,COCHABAMBA,Santivañez,6355894.9
2026-09-11,COCHABAMBA,Santivañez,26965906.95
2026-09-11,COCHABAMBA,Shinaota,989630.16
2026-09-11,COCHABAMBA,Shinaota,15614532.42
2026-09-11,COCHABAMBA,Sicaya,1115946.53
2026-09-11,COCHABAMBA,Sicaya,2198367.36
2026-09-11,COCHABAMBA,Sipe Sipe,56032.53
2026-09-11,COCHABAMBA,Sipe Sipe,547368.06
2026-09-11,COCHABAMBA,Sipe Sipe,28505765.669999998
2026-09-11,COCHABAMBA,TIOC Raqaypampa,197804.64
2026-09-11,COCHABAMBA,TIOC Raqaypampa,3691681.81
2026-09-11,COCHABAMBA,Tacachi,654811.13
2026-09-11,COCHABAMBA,Tacopaya,328186.63
2026-09-11,COCHABAMBA,Tacopaya,5928637.29
2026-09-11,COCHABAMBA,Tapacari,191425.46999999997
2026-09-11,COCHABAMBA,Tapacari,786194.98
2026-09-11,COCHABAMBA,Tapacari,12917759.24
2026-09-11,COCHABAMBA,Tarata,258305.75999999998
2026-09-11,COCHABAMBA,Tarata,6511955.03
2026-09-11,COCHABAMBA,Tiquipaya,420840.0
2026-09-11,COCHABAMBA,Tiquipaya,496166.87
2026-09-11,COCHABAMBA,Tiquipaya,9975034.45
2026-09-11,COCHABAMBA,Tiquipaya,63397360.42
2026-09-11,COCHABAMBA,Tiraque,15967.96
2026-09-11,COCHABAMBA,Tiraque,93841.1
2026-09-11,COCHABAMBA,Tiraque,226232.36
2026-09-11,COCHABAMBA,Tiraque,2316595.75
2026-09-11,COCHABAMBA,Tiraque,10102338.32
2026-09-11,COCHABAMBA,Toco,15368.49
2026-09-11,COCHABAMBA,Toco,4846169.44
2026-09-11,COCHABAMBA,Tolata,381917.34
2026-09-11,COCHABAMBA,Tolata,6505438.75
2026-09-11,COCHABAMBA,Totora,43650.0
2026-09-11,COCHABAMBA,Totora,68712.87
2026-09-11,COCHABAMBA,Totora,154256.0
2026-09-11,COCHABAMBA,Totora,8290946.649999999
2026-09-11,COCHABAMBA,Totora,76720427.3
2026-09-11,COCHABAMBA,Vacas,20760.47
2026-09-11,COCHABAMBA,Vacas,327837.38
2026-09-11,COCHABAMBA,Vacas,3869181.18
2026-09-11,COCHABAMBA,Vacas,4872208.62
2026-09-11,COCHABAMBA,Vila Vila,2881000.37
2026-09-11,COCHABAMBA,Vila Vila,4221065.87
2026-09-11,COCHABAMBA,Villa Gualberto Villarroel,2043626.54
2026-09-11,COCHABAMBA,Villa Rivero,8405.85
2026-09-11,COCHABAMBA,Villa Rivero,55620.54
2026-09-11,COCHABAMBA,Villa Rivero,6996247.3
2026-09-11,COCHABAMBA,Villa Tunari,4488.63
2026-09-11,COCHABAMBA,Villa Tunari,2396936.41
2026-09-11,COCHABAMBA,Villa Tunari,7234462.01
2026-09-11,COCHABAMBA,Villa Tunari,12951469.45
2026-09-11,COCHABAMBA,Villa Tunari,58420180.0
2026-09-11,COCHABAMBA,Vinto,42293733.23
2026-09-11,COCHABAMBA,,130000.0
2026-09-11,COCHABAMBA,,81332835.96
2026-09-11,LA PAZ,Achacachi,77973.52
2026-09-11,LA PAZ,Achacachi,352479.37
2026-09-11,LA PAZ,Achacachi,530816.56
2026-09-11,LA PAZ,Achacachi,12287320.46
2026-09-11,LA PAZ,Achacachi,28121044.73
2026-09-11,LA PAZ,Achocalla Municipio Ecológico ,386019.57
2026-09-11,LA PAZ,Achocalla Municipio Ecológico ,1818125.73
2026-09-11,LA PAZ,Achocalla Municipio Ecológico ,47040334.97
2026-09-11,LA PAZ,Alto Beni,6507.47
2026-09-11,LA PAZ,Alto Beni,62415.46
2026-09-11,LA PAZ,Alto Beni,5630939.41
2026-09-11,LA PAZ,Alto Beni,21963185.8
2026-09-11,LA PAZ,Alto Beni,49348581.3
2026-09-11,LA PAZ,Ancoraimes,10852851.78
2026-09-11,LA PAZ,Apolo,8460333.94
2026-09-11,LA PAZ,Aucapata,283865.60000000003
2026-09-11,LA PAZ,Aucapata,5160853.45
2026-09-11,LA PAZ,Ayata,3208226.61
2026-09-11,LA PAZ,Ayo Ayo,5984802.17
2026-09-11,LA PAZ,Batallas,641811.79
2026-09-11,LA PAZ,Batallas,5082719.3
2026-09-11,LA PAZ,Batallas,19716752.6
2026-09-11,LA PAZ,CHUMA,128702.21
2026-09-11,LA PAZ,CHUMA,7748299.21
2026-09-11,LA PAZ,COROCORO,23855.42
2026-09-11,LA PAZ,COROCORO,3603928.7800000003
2026-09-11,LA PAZ,Cairoma,212591.12
2026-09-11,LA PAZ,Cairoma,735083.23
2026-09-11,LA PAZ,Cairoma,5161388.43
2026-09-11,LA PAZ,Cajuata,2628830.37
2026-09-11,LA PAZ,Cajuata,10936676.63
2026-09-11,LA PAZ,Calacoto,56535.0
2026-09-11,LA PAZ,Calacoto,5704876.7
2026-09-11,LA PAZ,Calacoto,15963696.37
2026-09-11,LA PAZ,Calamarca,405317.43999999994
2026-09-11,LA PAZ,Calamarca,14773701.99
2026-09-11,LA PAZ,Caquiaviri,415639.82
2026-09-11,LA PAZ,Caquiaviri,661222.95
2026-09-11,LA PAZ,Caquiaviri,7784620.34
2026-09-11,LA PAZ,Carabuco,7481462.53
2026-09-11,LA PAZ,Caranavi,95456.2
2026-09-11,LA PAZ,Caranavi,137606.07
2026-09-11,LA PAZ,Caranavi,2409436.42
2026-09-11,LA PAZ,Caranavi,2575436.0300000003
2026-09-11,LA PAZ,Caranavi,27878370.4
2026-09-11,LA PAZ,Catacora,2108781.55
2026-09-11,LA PAZ,Chacarilla,1132379.15
2026-09-11,LA PAZ,Charaña,631429.83
2026-09-11,LA PAZ,Charaña,2344079.12
2026-09-11,LA PAZ,Chua Cocani,2707566.68
2026-09-11,LA PAZ,Chulumani (Villa de la Libertad),15000.0
2026-09-11,LA PAZ,Chulumani (Villa de la Libertad),33571.81
2026-09-11,LA PAZ,Chulumani (Villa de la Libertad),255300.4
2026-09-11,LA PAZ,Chulumani (Villa de la Libertad),17960269.419999998
2026-09-11,LA PAZ,Collana,953770.61
2026-09-11,LA PAZ,Collana,1286143.9800000002
2026-09-11,LA PAZ,Collana,5165347.17
2026-09-11,LA PAZ,Colquencha,7005507.56
2026-09-11,LA PAZ,Colquiri,1242469.77
2026-09-11,LA PAZ,Colquiri,16733488.06
2026-09-11,LA PAZ,Comanche,272102.0
2026-09-11,LA PAZ,Comanche,2487950.65
2026-09-11,LA PAZ,Combaya,2029947.69
2026-09-11,LA PAZ,Copacabana,176295.32
2026-09-11,LA PAZ,Copacabana,293681.2
2026-09-11,LA PAZ,Copacabana,699360.59
2026-09-11,LA PAZ,Copacabana,6396808.18
2026-09-11,LA PAZ,Coripata,155223.95
2026-09-11,LA PAZ,Coripata,186224.0
2026-09-11,LA PAZ,Coripata,852579.63
2026-09-11,LA PAZ,Coripata,12004306.8
2026-09-11,LA PAZ,Coroico,8696.3
2026-09-11,LA PAZ,Coroico,39887.91
2026-09-11,LA PAZ,Coroico,115880.0
2026-09-11,LA PAZ,Coroico,473595.10000000003
2026-09-11,LA PAZ,Coroico,777531.4800000001
2026-09-11,LA PAZ,Coroico,12535193.67
2026-09-11,LA PAZ,Curva,3445912.08
2026-09-11,LA PAZ,Desaguadero,40320.0
2026-09-11,LA PAZ,Desaguadero,322923.23
2026-09-11,LA PAZ,Desaguadero,4897495.7299999995
2026-09-11,LA PAZ,El Alto de La Paz,96223.03
2026-09-11,LA PAZ,El Alto de La Paz,240148.64
2026-09-11,LA PAZ,El Alto de La Paz,1163645.45
2026-09-11,LA PAZ,El Alto de La Paz,1403176.51
2026-09-11,LA PAZ,El Alto de La Paz,1747294.59
2026-09-11,LA PAZ,El Alto de La Paz,2006638.78
2026-09-11,LA PAZ,El Alto de La Paz,2188018.9099999997
2026-09-11,LA PAZ,El Alto de La Paz,2265736.53
2026-09-11,LA PAZ,El Alto de La Paz,3079167.54
2026-09-11,LA PAZ,El Alto de La Paz,3455272.63
2026-09-11,LA PAZ,El Alto de La Paz,4342084.09
2026-09-11,LA PAZ,El Alto de La Paz,12975212.24
2026-09-11,LA PAZ,El Alto de La Paz,15560159.1
2026-09-11,LA PAZ,El Alto de La Paz,17358532.75
2026-09-11,LA PAZ,El Alto de La Paz,17807083.349999998
2026-09-11,LA PAZ,El Alto de La Paz,20539991.44
2026-09-11,LA PAZ,El Alto de La Paz,22984472.13
2026-09-11,LA PAZ,El Alto de La Paz,27572449.77
2026-09-11,LA PAZ,El Alto de La Paz,243498274.97
2026-09-11,LA PAZ,El Alto de La Paz,840282387.0
2026-09-11,LA PAZ,Escoma,2536747.84
2026-09-11,LA PAZ,GUAQUI,2168151.65
2026-09-11,LA PAZ,GUAQUI,4809536.91
2026-09-11,LA PAZ,General Juan José Pérez (Charazani),1003747.98
2026-09-11,LA PAZ,General Juan José Pérez (Charazani),9248623.03
2026-09-11,LA PAZ,Guanay,486779.7
2026-09-11,LA PAZ,Guanay,953288.81
2026-09-11,LA PAZ,Guanay,12230140.58
2026-09-11,LA PAZ,Huarina,170694.22999999998
2026-09-11,LA PAZ,Huarina,835276.2000000001
2026-09-11,LA PAZ,Huarina,8622351.49
2026-09-11,LA PAZ,Huatajata,90867.8
2026-09-11,LA PAZ,Huatajata,3747649.93
2026-09-11,LA PAZ,Humanata,455226.53
2026-09-11,LA PAZ,Humanata,4442849.82
2026-09-11,LA PAZ,ICHOCA,136848.0
2026-09-11,LA PAZ,ICHOCA,1555624.2
2026-09-11,LA PAZ,ICHOCA,5965196.29
2026-09-11,LA PAZ,INQUISIVI,1200071.5
2026-09-11,LA PAZ,INQUISIVI,12528793.54
2026-09-11,LA PAZ,INQUISIVI,64257601.54
2026-09-11,LA PAZ,Irupana (Villa de Lanza),151095.85
2026-09-11,LA PAZ,Irupana (Villa de Lanza),1693005.62
2026-09-11,LA PAZ,Irupana (Villa de Lanza),17027188.97
2026-09-11,LA PAZ,Ixiamas,45796.8
2026-09-11,LA PAZ,Ixiamas,118209.9
2026-09-11,LA PAZ,Ixiamas,788869.41
2026-09-11,LA PAZ,Ixiamas,9286912.51
2026-09-11,LA PAZ,Ixiamas,9297410.889999999
2026-09-11,LA PAZ,Jesús de Machaca,8958694.709999999
2026-09-11,LA PAZ,LA PAZ,21920.0
2026-09-11,LA PAZ,LA PAZ,117792.8
2026-09-11,LA PAZ,LA PAZ,461685.89
2026-09-11,LA PAZ,LA PAZ,573198.89
2026-09-11,LA PAZ,LA PAZ,687034.3200000001
2026-09-11,LA PAZ,LA PAZ,780285.5900000001
2026-09-11,LA PAZ,LA PAZ,895326.58
2026-09-11,LA PAZ,LA PAZ,905451.2899999999
2026-09-11,LA PAZ,LA PAZ,906023.2999999999
2026-09-11,LA PAZ,LA PAZ,925747.49
2026-09-11,LA PAZ,LA PAZ,1176508.11
2026-09-11,LA PAZ,LA PAZ,1265319.11
2026-09-11,LA PAZ,LA PAZ,1373589.45
2026-09-11,LA PAZ,LA PAZ,1417541.78
2026-09-11,LA PAZ,LA PAZ,1431029.52
2026-09-11,LA PAZ,LA PAZ,1698194.97
2026-09-11,LA PAZ,LA PAZ,1703471.5499999998
2026-09-11,LA PAZ,LA PAZ,1761127.66
2026-09-11,LA PAZ,LA PAZ,1803469.1700000002
2026-09-11,LA PAZ,LA PAZ,1968205.13
2026-09-11,LA PAZ,LA PAZ,2053515.01
2026-09-11,LA PAZ,LA PAZ,2153933.85
2026-09-11,LA PAZ,LA PAZ,2538850.2399999998
2026-09-11,LA PAZ,LA PAZ,2753794.37
2026-09-11,LA PAZ,LA PAZ,3178542.4099999997
2026-09-11,LA PAZ,LA PAZ,3231976.8200000003
2026-09-11,LA PAZ,LA PAZ,3381668.79
2026-09-11,LA PAZ,LA PAZ,3547199.5100000002
2026-09-11,LA PAZ,LA PAZ,3571301.9
2026-09-11,LA PAZ,LA PAZ,3599119.66
2026-09-11,LA PAZ,LA PAZ,4311352.01
2026-09-11,LA PAZ,LA PAZ,4505865.05
2026-09-11,LA PAZ,LA PAZ,4537510.91
2026-09-11,LA PAZ,LA PAZ,4575298.89
2026-09-11,LA PAZ,LA PAZ,4863898.61
2026-09-11,LA PAZ,LA PAZ,5364646.95
2026-09-11,LA PAZ,LA PAZ,5569931.45
2026-09-11,LA PAZ,LA PAZ,5635166.41
2026-09-11,LA PAZ,LA PAZ,6259470.2
2026-09-11,LA PAZ,LA PAZ,6297502.33
2026-09-11,LA PAZ,LA PAZ,6484773.7299999995
2026-09-11,LA PAZ,LA PAZ,6725298.34
2026-09-11,LA PAZ,LA PAZ,6759591.38
2026-09-11,LA PAZ,LA PAZ,6985379.91
2026-09-11,LA PAZ,LA PAZ,7179335.0
2026-09-11,LA PAZ,LA PAZ,7438886.55
2026-09-11,LA PAZ,LA PAZ,7554880.47
2026-09-11,LA PAZ,LA PAZ,7711772.6899999995
2026-09-11,LA PAZ,LA PAZ,8188156.9399999995
2026-09-11,LA PAZ,LA PAZ,9342320.02
2026-09-11,LA PAZ,LA PAZ,9684270.25
2026-09-11,LA PAZ,LA PAZ,9847604.82
2026-09-11,LA PAZ,LA PAZ,10208880.51
2026-09-11,LA PAZ,LA PAZ,11097289.129999999
2026-09-11,LA PAZ,LA PAZ,12055173.91
2026-09-11,LA PAZ,LA PAZ,12631254.19
2026-09-11,LA PAZ,LA PAZ,12787370.95
2026-09-11,LA PAZ,LA PAZ,12887080.49
2026-09-11,LA PAZ,LA PAZ,13095664.36
2026-09-11,LA PAZ,LA PAZ,13131863.95
2026-09-11,LA PAZ,LA PAZ,14585141.74
2026-09-11,LA PAZ,LA PAZ,14787160.26
2026-09-11,LA PAZ,LA PAZ,16234523.32
2026-09-11,LA PAZ,LA PAZ,16401697.73
2026-09-11,LA PAZ,LA PAZ,17983174.34
2026-09-11,LA PAZ,LA PAZ,18115053.5
2026-09-11,LA PAZ,LA PAZ,18583065.7
2026-09-11,LA PAZ,LA PAZ,18870186.9
2026-09-11,LA PAZ,LA PAZ,19511858.15
2026-09-11,LA PAZ,LA PAZ,20434343.57
2026-09-11,LA PAZ,LA PAZ,20915654.53
2026-09-11,LA PAZ,LA PAZ,21149948.43
2026-09-11,LA PAZ,LA PAZ,21739532.5
2026-09-11,LA PAZ,LA PAZ,21836309.25
2026-09-11,LA PAZ,LA PAZ,22820298.56
2026-09-11,LA PAZ,LA PAZ,23694524.56
2026-09-11,LA PAZ,LA PAZ,24547174.759999998
2026-09-11,LA PAZ,LA PAZ,25179806.7
2026-09-11,LA PAZ,LA PAZ,25559883.59
2026-09-11,LA PAZ,LA PAZ,26041962.24
2026-09-11,LA PAZ,LA PAZ,27277827.01
2026-09-11,LA PAZ,LA PAZ,27749063.05
2026-09-11,LA PAZ,LA PAZ,27882071.92
2026-09-11,LA PAZ,LA PAZ,28682333.1
2026-09-11,LA PAZ,LA PAZ,28803049.0
2026-09-11,LA PAZ,LA PAZ,30255182.2
2026-09-11,LA PAZ,LA PAZ,30465191.3
2026-09-11,LA PAZ,LA PAZ,30607434.95
2026-09-11,LA PAZ,LA PAZ,32211332.470000003
2026-09-11,LA PAZ,LA PAZ,35340630.910000004
2026-09-11,LA PAZ,LA PAZ,35935846.47
2026-09-11,LA PAZ,LA PAZ,41728064.6
2026-09-11,LA PAZ,LA PAZ,45124306.2
2026-09-11,LA PAZ,LA PAZ,46488758.39
2026-09-11,LA PAZ,LA PAZ,48591236.77
2026-09-11,LA PAZ,LA PAZ,51648081.519999996
2026-09-11,LA PAZ,LA PAZ,54928332.17
2026-09-11,LA PAZ,LA PAZ,58494545.36
2026-09-11,LA PAZ,LA PAZ,61229086.32
2026-09-11,LA PAZ,LA PAZ,62118030.0
2026-09-11,LA PAZ,LA PAZ,66329007.13
2026-09-11,LA PAZ,LA PAZ,66440934.48
2026-09-11,LA PAZ,LA PAZ,69677015.62
2026-09-11,LA PAZ,LA PAZ,99567031.03
2026-09-11,LA PAZ,LA PAZ,101337579.54
2026-09-11,LA PAZ,LA PAZ,112900636.5
2026-09-11,LA PAZ,LA PAZ,119095155.07000001
2026-09-11,LA PAZ,LA PAZ,120206092.41
2026-09-11,LA PAZ,LA PAZ,127325943.75
2026-09-11,LA PAZ,LA PAZ,138021835.99
2026-09-11,LA PAZ,LA PAZ,143152396.32
2026-09-11,LA PAZ,LA PAZ,144283672.35
2026-09-11,LA PAZ,LA PAZ,148546816.23
2026-09-11,LA PAZ,LA PAZ,163292996.6
2026-09-11,LA PAZ,LA PAZ,163317347.79
2026-09-11,LA PAZ,LA PAZ,163387219.61
2026-09-11,LA PAZ,LA PAZ,234468455.60999998
2026-09-11,LA PAZ,LA PAZ,236233294.49
2026-09-11,LA PAZ,LA PAZ,282424436.3
2026-09-11,LA PAZ,LA PAZ,293543342.03000003
2026-09-11,LA PAZ,LA PAZ,353730530.08
2026-09-11,LA PAZ,LA PAZ,377993389.0
2026-09-11,LA PAZ,LA PAZ,399296897.34
2026-09-11,LA PAZ,LA PAZ,531266018.1
2026-09-11,LA PAZ,LA PAZ,544926168.35
2026-09-11,LA PAZ,LA PAZ,632287207.96
2026-09-11,LA PAZ,LA PAZ,786431138.47
2026-09-11,LA PAZ,LA PAZ,850369774.63
2026-09-11,LA PAZ,LA PAZ,1006678805.77
2026-09-11,LA PAZ,LA PAZ,2183855394.65
2026-09-11,LA PAZ,LA PAZ,3070300661.7
2026-09-11,LA PAZ,LA PAZ,3733276364.57
2026-09-11,LA PAZ,La Asunta,122486.41999999998
2026-09-11,LA PAZ,La Asunta,1011182.73
2026-09-11,LA PAZ,La Asunta,20322384.28
2026-09-11,LA PAZ,Laja,1098454.11
2026-09-11,LA PAZ,Laja,1135958.62
2026-09-11,LA PAZ,Laja,1829276.8599999999
2026-09-11,LA PAZ,Laja,2690726.63
2026-09-11,LA PAZ,Laja,5769458.2299999995
2026-09-11,LA PAZ,Laja,15836844.77
2026-09-11,LA PAZ,Luribay,38400.06
2026-09-11,LA PAZ,Luribay,141362.64
2026-09-11,LA PAZ,Luribay,6841832.45
2026-09-11,LA PAZ,MULTIMUNICIPAL,29538.8
2026-09-11,LA PAZ,MULTIMUNICIPAL,126887.85
2026-09-11,LA PAZ,MULTIMUNICIPAL,1118284.0
2026-09-11,LA PAZ,MULTIMUNICIPAL,2121521.49
2026-09-11,LA PAZ,MULTIMUNICIPAL,2175935.4
2026-09-11,LA PAZ,MULTIMUNICIPAL,6710053.96
2026-09-11,LA PAZ,MULTIMUNICIPAL,7897541.4
2026-09-11,LA PAZ,MULTIMUNICIPAL,15063284.17
2026-09-11,LA PAZ,MULTIMUNICIPAL,18240822.37
2026-09-11,LA PAZ,MULTIMUNICIPAL,118180918.97
2026-09-11,LA PAZ,Malla,1069800.22
2026-09-11,LA PAZ,Malla,3415386.95
2026-09-11,LA PAZ,Mapiri,2021587.65
2026-09-11,LA PAZ,Mapiri,2325103.3
2026-09-11,LA PAZ,Mapiri,13332586.75
2026-09-11,LA PAZ,Mecapaca,1114343.45
2026-09-11,LA PAZ,Mecapaca,11900410.45
2026-09-11,LA PAZ,Mocomoco,9198727.03
2026-09-11,LA PAZ,Multimunicipal,444.0
2026-09-11,LA PAZ,Multimunicipal,8370.0
2026-09-11,LA PAZ,Multimunicipal,67675.13
2026-09-11,LA PAZ,Multimunicipal,514381.77
2026-09-11,LA PAZ,Multimunicipal,803026.28
2026-09-11,LA PAZ,Multimunicipal,1055547.35
2026-09-11,LA PAZ,Multimunicipal,1721425.93
2026-09-11,LA PAZ,Multimunicipal,9837406.78
2026-09-11,LA PAZ,Nazacara de Pacajes,2158777.33
2026-09-11,LA PAZ,Palca,165813.35
2026-09-11,LA PAZ,Palca,407347.38
2026-09-11,LA PAZ,Palca,6974504.35
2026-09-11,LA PAZ,Palca,23999061.1
2026-09-11,LA PAZ,Palos Blancos,4339.25
2026-09-11,LA PAZ,Palos Blancos,117781.05
2026-09-11,LA PAZ,Palos Blancos,420673.22
2026-09-11,LA PAZ,Palos Blancos,1360751.35
2026-09-11,LA PAZ,Palos Blancos,2679215.12
2026-09-11,LA PAZ,Palos Blancos,16638515.17
2026-09-11,LA PAZ,Papel Pampa,4957068.88
2026-09-11,LA PAZ,Patacamaya,298204.91
2026-09-11,LA PAZ,Patacamaya,4718437.7700000005
2026-09-11,LA PAZ,Patacamaya,16597587.43
2026-09-11,LA PAZ,Pelechuco,4048195.68
2026-09-11,LA PAZ,Pucarani,90546.15
2026-09-11,LA PAZ,Pucarani,119915.68
2026-09-11,LA PAZ,Pucarani,126748.4
2026-09-11,LA PAZ,Pucarani,3759769.5
2026-09-11,LA PAZ,Pucarani,12898205.129999999
2026-09-11,LA PAZ,Pucarani,24680651.75
2026-09-11,LA PAZ,Puerto Acosta,2007.0
2026-09-11,LA PAZ,Puerto Acosta,455520.0
2026-09-11,LA PAZ,Puerto Acosta,6640417.8
2026-09-11,LA PAZ,Puerto Pérez,3606987.0
2026-09-11,LA PAZ,QUIME,56880.31
2026-09-11,LA PAZ,QUIME,5713118.04
2026-09-11,LA PAZ,Quiabaya,87696.41
2026-09-11,LA PAZ,Quiabaya,2940867.62
2026-09-11,LA PAZ,SANTIAGO DE CALLAPA,3383733.04
2026-09-11,LA PAZ,San Andrés de Machaca,1677493.8199999998
2026-09-11,LA PAZ,San Andrés de Machaca,2828415.95
2026-09-11,LA PAZ,San Buenaventura,19844.49
2026-09-11,LA PAZ,San Buenaventura,82751.65
2026-09-11,LA PAZ,San Buenaventura,7027358.03
2026-09-11,LA PAZ,San Buenaventura,7084002.66
2026-09-11,LA PAZ,San Pedro de Curahuara,152178.0
2026-09-11,LA PAZ,San Pedro de Curahuara,4724853.45
2026-09-11,LA PAZ,San Pedro de Tiquina,67874.01999999999
2026-09-11,LA PAZ,San Pedro de Tiquina,7879958.14
2026-09-11,LA PAZ,Santiago de Huata,1155564.81
2026-09-11,LA PAZ,Santiago de Huata,6444221.85
2026-09-11,LA PAZ,Santiago de Machaca,2387705.55
2026-09-11,LA PAZ,Sapahaqui,296392.16000000003
2026-09-11,LA PAZ,Sapahaqui,1536901.2
2026-09-11,LA PAZ,Sapahaqui,8680598.35
2026-09-11,LA PAZ,Sica Sica (Villa Aroma),110617.76000000001
2026-09-11,LA PAZ,Sica Sica (Villa Aroma),1727253.0899999999
2026-09-11,LA PAZ,Sica Sica (Villa Aroma),12463578.370000001
2026-09-11,LA PAZ,Sorata,846512.46
2026-09-11,LA PAZ,Sorata,19000056.84
2026-09-11,LA PAZ,Tacacoma,4861362.13
2026-09-11,LA PAZ,Taraco,2645480.49
2026-09-11,LA PAZ,Teoponte,10597489.47
2026-09-11,LA PAZ,Tiahuanacu,29503.58
2026-09-11,LA PAZ,Tiahuanacu,2396678.36
2026-09-11,LA PAZ,Tiahuanacu,6979944.44
2026-09-11,LA PAZ,Tipuani,8600154.18
2026-09-11,LA PAZ,Tito Yupanqui,3367099.76
2026-09-11,LA PAZ,Umala,60539.81
2026-09-11,LA PAZ,Umala,6790686.08
2026-09-11,LA PAZ,Viacha,59973.6
2026-09-11,LA PAZ,Viacha,349462.02
2026-09-11,LA PAZ,Viacha,1302560.88
2026-09-11,LA PAZ,Viacha,1579479.43
2026-09-11,LA PAZ,Viacha,3777463.79
2026-09-11,LA PAZ,Viacha,4606556.93
2026-09-11,LA PAZ,Viacha,88310237.17
2026-09-11,LA PAZ,Villa Libertad Licoma,17054.0
2026-09-11,LA PAZ,Villa Libertad Licoma,3008225.71
2026-09-11,LA PAZ,Waldo Ballivián,7085029.66
2026-09-11,LA PAZ,Yaco,5295251.0600000005
2026-09-11,LA PAZ,Yanacachi,4136342.66
2026-09-11,LA PAZ,,97168541.15
2026-09-11,MULTIDEPARTAMEN,MULTIPROVINCIAL,72932.09
2026-09-11,MULTIDEPARTAMEN,MULTIPROVINCIAL,1688463.5999999999
2026-09-11,MULTIDEPARTAMEN,MULTIPROVINCIAL,12239384.719999999
2026-09-11,MULTIDEPARTAMEN,MULTIPROVINCIAL,82056941.05
2026-09-11,MULTIDEPARTAMEN,MULTIPROVINCIAL,89751798.17
2026-09-11,MULTIDEPARTAMEN,MULTIPROVINCIAL,557687417.9
2026-09-11,NACIONAL,MULTIMUNICIPAL,288836.49
2026-09-11,NACIONAL,MULTIMUNICIPAL,467394.16
2026-09-11,NACIONAL,MULTIMUNICIPAL,674990.9299999999
2026-09-11,NACIONAL,MULTIMUNICIPAL,1058031.15
2026-09-11,NACIONAL,MULTIMUNICIPAL,1931197.8800000001
2026-09-11,NACIONAL,MULTIMUNICIPAL,3453810.12
2026-09-11,NACIONAL,MULTIMUNICIPAL,5010459.55
2026-09-11,NACIONAL,MULTIMUNICIPAL,5324802.88
2026-09-11,NACIONAL,MULTIMUNICIPAL,5593509.26
2026-09-11,NACIONAL,MULTIMUNICIPAL,6204882.11
2026-09-11,NACIONAL,MULTIMUNICIPAL,6647676.470000001
2026-09-11,NACIONAL,MULTIMUNICIPAL,6971154.74
2026-09-11,NACIONAL,MULTIMUNICIPAL,7123705.96
2026-09-11,NACIONAL,MULTIMUNICIPAL,8371836.54
2026-09-11,NACIONAL,MULTIMUNICIPAL,8893050.98
2026-09-11,NACIONAL,MULTIMUNICIPAL,9652459.52
2026-09-11,NACIONAL,MULTIMUNICIPAL,20887596.05
2026-09-11,NACIONAL,MULTIMUNICIPAL,28269503.14
2026-09-11,NACIONAL,MULTIMUNICIPAL,30751313.35
2026-09-11,NACIONAL,MULTIMUNICIPAL,34940057.7
2026-09-11,NACIONAL,MULTIMUNICIPAL,45151511.28
2026-09-11,NACIONAL,MULTIMUNICIPAL,70545172.37
2026-09-11,NACIONAL,MULTIMUNICIPAL,104135710.12
2026-09-11,NACIONAL,MULTIMUNICIPAL,116771270.87
2026-09-11,NACIONAL,MULTIMUNICIPAL,29089318933.5
2026-09-11,NO APLICABLE,NO APLICABLE,3113.07
2026-09-11,NO APLICABLE,NO APLICABLE,19015.6
2026-09-11,NO APLICABLE,NO APLICABLE,44920860.699999996
2026-09-11,NO APLICABLE,NO APLICABLE,771473056.36
2026-09-11,ORURO,Andamarca (Stgo. de Andamarca),4039625.31
2026-09-11,ORURO,Antequera,166662.0
2026-09-11,ORURO,Antequera,4865445.3
2026-09-11,ORURO,Belen de Andamarca,1934005.54
2026-09-11,ORURO,Caracollo,784483.58
2026-09-11,ORURO,Caracollo,3990905.46
2026-09-11,ORURO,Caracollo,15230891.450000001
2026-09-11,ORURO,Carangas,1315362.25
2026-09-11,ORURO,Challapata,102984.87
2026-09-11,ORURO,Challapata,456259.72
2026-09-11,ORURO,Challapata,5303323.79
2026-09-11,ORURO,Challapata,11807840.520000001
2026-09-11,ORURO,Challapata,24819364.88
2026-09-11,ORURO,Choquecota,1618520.45
2026-09-11,ORURO,Coipasa,1753612.76
2026-09-11,ORURO,Coipasa,2373132.86
2026-09-11,ORURO,Corque,427610.06
2026-09-11,ORURO,Corque,625423.61
2026-09-11,ORURO,Corque,8044123.05
2026-09-11,ORURO,Cruz de Machacamarca,2108865.59
2026-09-11,ORURO,Curahuara de Carangas,406743.11
2026-09-11,ORURO,Curahuara de Carangas,3036132.54
2026-09-11,ORURO,Curahuara de Carangas,3468495.5
2026-09-11,ORURO,El Choro,3204655.05
2026-09-11,ORURO,Escara,3995017.75
2026-09-11,ORURO,Esmeralda,1975867.92
2026-09-11,ORURO,Eucaliptus,1707766.32
2026-09-11,ORURO,Eucaliptus,3472908.83
2026-09-11,ORURO,HUACHACALLA,2001985.25
2026-09-11,ORURO,Huanuni,255971.37
2026-09-11,ORURO,Huanuni,16950345.33
2026-09-11,ORURO,Huayllamarca (Stgo. de Huayllamarca),279546.29
2026-09-11,ORURO,Huayllamarca (Stgo. de Huayllamarca),1647971.11
2026-09-11,ORURO,Huayllamarca (Stgo. de Huayllamarca),3855991.5100000002
2026-09-11,ORURO,La Rivera,113820.0
2026-09-11,ORURO,La Rivera,1075484.79
2026-09-11,ORURO,MULTIMUNICIPAL,15023101.540000001
2026-09-11,ORURO,MULTIMUNICIPAL,54765729.44
2026-09-11,ORURO,Machacamarca,3990766.51
2026-09-11,ORURO,Multimunicipal,1085919.84
2026-09-11,ORURO,ORURO,1427.4
2026-09-11,ORURO,ORURO,5170.7
2026-09-11,ORURO,ORURO,25918.23
2026-09-11,ORURO,ORURO,33380.0
2026-09-11,ORURO,ORURO,74833.95999999999
2026-09-11,ORURO,ORURO,119609.54
2026-09-11,ORURO,ORURO,329812.28
2026-09-11,ORURO,ORURO,360846.65
2026-09-11,ORURO,ORURO,1002728.91
2026-09-11,ORURO,ORURO,1228139.23
2026-09-11,ORURO,ORURO,1551453.17
2026-09-11,ORURO,ORURO,2961643.16
2026-09-11,ORURO,ORURO,3645633.59
2026-09-11,ORURO,ORURO,3855052.06
2026-09-11,ORURO,ORURO,6107702.03
2026-09-11,ORURO,ORURO,7592702.279999999
2026-09-11,ORURO,ORURO,16852058.63
2026-09-11,ORURO,ORURO,19433225.55
2026-09-11,ORURO,ORURO,35624547.19
2026-09-11,ORURO,ORURO,37872117.31
2026-09-11,ORURO,ORURO,51159492.16
2026-09-11,ORURO,ORURO,146168019.95
2026-09-11,ORURO,ORURO,258346124.9
2026-09-11,ORURO,ORURO,289250486.17
2026-09-11,ORURO,ORURO,749376707.57
2026-09-11,ORURO,POOPÓ (VILLA POOPÓ),6277745.49
2026-09-11,ORURO,Pampa Aullagas,197357.0
2026-09-11,ORURO,Pampa Aullagas,2028158.44
2026-09-11,ORURO,Pazña,2484016.6
2026-09-11,ORURO,Sabaya,9808729.89
2026-09-11,ORURO,Santiago de Huari,74664.39
2026-09-11,ORURO,Santiago de Huari,819585.99
2026-09-11,ORURO,Santiago de Huari,8624349.92
2026-09-11,ORURO,Santuario de Quillacas,3979736.6
2026-09-11,ORURO,Soracachi,696603.3400000001
2026-09-11,ORURO,Soracachi,1069618.91
2026-09-11,ORURO,Soracachi,7409951.67
2026-09-11,ORURO,Soracachi,13075588.57
2026-09-11,ORURO,TIOC Nación Originaria Uru Chipaya,371103.37
2026-09-11,ORURO,TIOC Nación Originaria Uru Chipaya,1929182.35
2026-09-11,ORURO,TIOC Salinas,665795.61
2026-09-11,ORURO,TIOC Salinas,7224095.33
2026-09-11,ORURO,Todos Santos,862202.35
2026-09-11,ORURO,Toledo,108289.95999999999
2026-09-11,ORURO,Toledo,6655871.71
2026-09-11,ORURO,Totora,348408.98
2026-09-11,ORURO,Totora,6907670.18
2026-09-11,ORURO,Turco,1214822.8699999999
2026-09-11,ORURO,Turco,5323416.41
2026-09-11,ORURO,Yunguyo de Litoral,940579.22
2026-09-11,ORURO,,25222137.67
2026-09-11,PANDO,BELLA FLOR,83225.6
2026-09-11,PANDO,BELLA FLOR,7762804.94
2026-09-11,PANDO,Bolpebra,2461723.6
2026-09-11,PANDO,COBIJA,521.63
2026-09-11,PANDO,COBIJA,9547.380000000001
2026-09-11,PANDO,COBIJA,27940.5
2026-09-11,PANDO,COBIJA,124338.16
2026-09-11,PANDO,COBIJA,149250.41999999998
2026-09-11,PANDO,COBIJA,180699.02000000002
2026-09-11,PANDO,COBIJA,272274.91
2026-09-11,PANDO,COBIJA,367180.69
2026-09-11,PANDO,COBIJA,1411363.95
2026-09-11,PANDO,COBIJA,4680922.45
2026-09-11,PANDO,COBIJA,7197134.36
2026-09-11,PANDO,COBIJA,8362518.62
2026-09-11,PANDO,COBIJA,14552894.780000001
2026-09-11,PANDO,COBIJA,19453891.439999998
2026-09-11,PANDO,COBIJA,30908984.900000002
2026-09-11,PANDO,COBIJA,74084407.62
2026-09-11,PANDO,COBIJA,75563089.33
2026-09-11,PANDO,COBIJA,124580838.23
2026-09-11,PANDO,COBIJA,211720076.2
2026-09-11,PANDO,Filadelfia,6710255.55
2026-09-11,PANDO,Filadelfia,87303257.5
2026-09-11,PANDO,Ingavi (Humaita),1423857.75
2026-09-11,PANDO,MULTIMUNICIPAL,3486966.74
2026-09-11,PANDO,MULTIMUNICIPAL,5831187.2
2026-09-11,PANDO,MULTIMUNICIPAL,7673357.66
2026-09-11,PANDO,MULTIMUNICIPAL,16561803.540000001
2026-09-11,PANDO,MULTIMUNICIPAL,25850850.81
2026-09-11,PANDO,Multimunicipal,3800.5
2026-09-11,PANDO,Multimunicipal,30943.440000000002
2026-09-11,PANDO,Multimunicipal,367801.22000000003
2026-09-11,PANDO,Multimunicipal,416311.38
2026-09-11,PANDO,Nueva Esperanza,2442879.14
2026-09-11,PANDO,Porvenir,7977531.74
2026-09-11,PANDO,Puerto Gonzalo Moreno,26206.47
2026-09-11,PANDO,Puerto Gonzalo Moreno,11071212.51
2026-09-11,PANDO,Puerto Rico,155311.02
2026-09-11,PANDO,Puerto Rico,170667.63
2026-09-11,PANDO,Puerto Rico,6297041.800000001
2026-09-11,PANDO,San Lorenzo,10103776.64
2026-09-11,PANDO,San Pedro,2713788.81
2026-09-11,PANDO,Santa Rosa del Abuná,2936585.51
2026-09-11,PANDO,Santos Mercado,1569299.94
2026-09-11,PANDO,Sena,132654.51
2026-09-11,PANDO,Sena,1865975.26
2026-09-11,PANDO,Sena,5997185.93
2026-09-11,PANDO,Sena,11276020.72
2026-09-11,PANDO,VILLA NUEVA (LOMA ALTA),3008754.54
2026-09-11,PANDO,,3697158.42
2026-09-11,POTOSI,Acasio,205645.14
2026-09-11,POTOSI,Acasio,2571902.37
2026-09-11,POTOSI,Arampampa,1368887.34
2026-09-11,POTOSI,Arampampa,2158624.76
2026-09-11,POTOSI,Atocha,377923.0
2026-09-11,POTOSI,Atocha,10739318.46
2026-09-11,POTOSI,Betanzos,498681.96
2026-09-11,POTOSI,Betanzos,690955.59
2026-09-11,POTOSI,Betanzos,6837166.609999999
2026-09-11,POTOSI,Betanzos,17750894.18
2026-09-11,POTOSI,"Caiza ""D""",79799.32
2026-09-11,POTOSI,"Caiza ""D""",2619721.2800000003
2026-09-11,POTOSI,"Caiza ""D""",7371005.16
2026-09-11,POTOSI,Caripuyo,26838.95
2026-09-11,POTOSI,Caripuyo,4219799.8
2026-09-11,POTOSI,Chaqui,195859.43
2026-09-11,POTOSI,Chaqui,580538.5900000001
2026-09-11,POTOSI,Chaqui,5663632.49
2026-09-11,POTOSI,Chayanta,8999.71
2026-09-11,POTOSI,Chayanta,63626.71
2026-09-11,POTOSI,Chayanta,1208742.71
2026-09-11,POTOSI,Chayanta,8975768.85
2026-09-11,POTOSI,"Chuquiuta ""Ayllu Jucumani""",17793.61
2026-09-11,POTOSI,"Chuquiuta ""Ayllu Jucumani""",3091447.08
2026-09-11,POTOSI,"Chuquiuta ""Ayllu Jucumani""",4627260.74
2026-09-11,POTOSI,Ckochas,175509.39
2026-09-11,POTOSI,Ckochas,1526362.77
2026-09-11,POTOSI,Ckochas,6022667.6
2026-09-11,POTOSI,"Colcha""K"" (Villa Martín)",1193869.07
2026-09-11,POTOSI,"Colcha""K"" (Villa Martín)",3400664.0799999996
2026-09-11,POTOSI,"Colcha""K"" (Villa Martín)",4482464.36
2026-09-11,POTOSI,"Colcha""K"" (Villa Martín)",29762858.88
2026-09-11,POTOSI,Colquechaca,9540920.51
2026-09-11,POTOSI,Cotagaita,1155575.26
2026-09-11,POTOSI,Cotagaita,3032568.18
2026-09-11,POTOSI,Cotagaita,14315395.45
2026-09-11,POTOSI,Llallagua,413313.57
2026-09-11,POTOSI,Llallagua,443688.82
2026-09-11,POTOSI,Llallagua,1680700.0
2026-09-11,POTOSI,Llallagua,3234859.21
2026-09-11,POTOSI,Llallagua,6850931.459999999
2026-09-11,POTOSI,Llallagua,34400176.56
2026-09-11,POTOSI,Llallagua,75100751.64
2026-09-11,POTOSI,Llica,1407779.07
2026-09-11,POTOSI,Llica,2040439.31
2026-09-11,POTOSI,MULTIMUNICIPAL,73069.4
2026-09-11,POTOSI,MULTIMUNICIPAL,1588212.76
2026-09-11,POTOSI,MULTIMUNICIPAL,2205475.2
2026-09-11,POTOSI,MULTIMUNICIPAL,11826086.17
2026-09-11,POTOSI,MULTIMUNICIPAL,350777780.18
2026-09-11,POTOSI,Mojinete,1074789.85
2026-09-11,POTOSI,Mojinete,7605599.16
2026-09-11,POTOSI,Multimunicipal,396488.95
2026-09-11,POTOSI,Multimunicipal,408762.31
2026-09-11,POTOSI,Multimunicipal,462621.71
2026-09-11,POTOSI,Ocurí,204129.93
2026-09-11,POTOSI,Ocurí,1680700.0
2026-09-11,POTOSI,Ocurí,3310357.14
2026-09-11,POTOSI,Ocurí,7438688.25
2026-09-11,POTOSI,PUNA (VILLA TALAVERA),188399.63
2026-09-11,POTOSI,PUNA (VILLA TALAVERA),4674523.91
2026-09-11,POTOSI,PUNA (VILLA TALAVERA),7268795.17
2026-09-11,POTOSI,Pocoata,363109.48000000004
2026-09-11,POTOSI,Pocoata,595338.51
2026-09-11,POTOSI,Pocoata,4185503.38
2026-09-11,POTOSI,Pocoata,13215070.92
2026-09-11,POTOSI,Porco,7074231.89
2026-09-11,POTOSI,Porco,10342526.87
2026-09-11,POTOSI,Potosí,25572.45
2026-09-11,POTOSI,Potosí,31052.280000000002
2026-09-11,POTOSI,Potosí,36429.600000000006
2026-09-11,POTOSI,Potosí,108803.70999999999
2026-09-11,POTOSI,Potosí,117118.29
2026-09-11,POTOSI,Potosí,137419.81
2026-09-11,POTOSI,Potosí,176263.75
2026-09-11,POTOSI,Potosí,242901.23
2026-09-11,POTOSI,Potosí,960239.76
2026-09-11,POTOSI,Potosí,975776.79
2026-09-11,POTOSI,Potosí,1297623.86
2026-09-11,POTOSI,Potosí,1861018.67
2026-09-11,POTOSI,Potosí,2036535.8499999999
2026-09-11,POTOSI,Potosí,2406558.43
2026-09-11,POTOSI,Potosí,3252310.19
2026-09-11,POTOSI,Potosí,5184970.41
2026-09-11,POTOSI,Potosí,5499059.76
2026-09-11,POTOSI,Potosí,9055583.91
2026-09-11,POTOSI,Potosí,12208248.39
2026-09-11,POTOSI,Potosí,15686815.790000001
2026-09-11,POTOSI,Potosí,20458177.65
2026-09-11,POTOSI,Potosí,43193144.589999996
2026-09-11,POTOSI,Potosí,45025328.52
2026-09-11,POTOSI,Potosí,92173944.29
2026-09-11,POTOSI,Potosí,115382744.7
2026-09-11,POTOSI,Potosí,169198460.8
2026-09-11,POTOSI,Potosí,207154702.65
2026-09-11,POTOSI,Potosí,1310634985.47
2026-09-11,POTOSI,Ravelo,183092.72
2026-09-11,POTOSI,Ravelo,7794796.27
2026-09-11,POTOSI,Ravelo,10403027.83
2026-09-11,POTOSI,Sacaca (Villa de Sacaca),912071.5900000001
2026-09-11,POTOSI,Sacaca (Villa de Sacaca),8065258.98
2026-09-11,POTOSI,San Agustín,88999.20000000001
2026-09-11,POTOSI,San Agustín,1190955.54
2026-09-11,POTOSI,San Agustín,1682626.2200000002
2026-09-11,POTOSI,San Agustín,11034656.0
2026-09-11,POTOSI,San Antonio de Esmoruco,192538.22
2026-09-11,POTOSI,San Antonio de Esmoruco,1485688.54
2026-09-11,POTOSI,San Pablo de Lípez,842028.62
2026-09-11,POTOSI,San Pablo de Lípez,1229207.62
2026-09-11,POTOSI,San Pablo de Lípez,2950583.67
2026-09-11,POTOSI,San Pablo de Lípez,7066095.37
2026-09-11,POTOSI,San Pedro,1298951.22
2026-09-11,POTOSI,San Pedro,6475047.11
2026-09-11,POTOSI,San Pedro,12951706.04
2026-09-11,POTOSI,San Pedro de Macha,2780688.54
2026-09-11,POTOSI,San Pedro de Macha,10819811.64
2026-09-11,POTOSI,San Pedro de Quemes,568471.62
2026-09-11,POTOSI,San Pedro de Quemes,1246536.18
2026-09-11,POTOSI,TIOC de Jatún Ayllu Yura,29210.030000000002
2026-09-11,POTOSI,Tacobamba,6643729.55
2026-09-11,POTOSI,Tacobamba,8579699.51
2026-09-11,POTOSI,Tahua,757497.71
2026-09-11,POTOSI,Tahua,4089502.84
2026-09-11,POTOSI,Tinguipaya,596841.5199999999
2026-09-11,POTOSI,Tinguipaya,3721661.37
2026-09-11,POTOSI,Tinguipaya,16578653.98
2026-09-11,POTOSI,Tomave,1361089.1
2026-09-11,POTOSI,Tomave,2155412.01
2026-09-11,POTOSI,Tomave,3493815.0300000003
2026-09-11,POTOSI,Toro Toro,521810.30999999994
2026-09-11,POTOSI,Toro Toro,5623722.65
2026-09-11,POTOSI,Toro Toro,6245527.59
2026-09-11,POTOSI,Tupiza,27991.7
2026-09-11,POTOSI,Tupiza,824871.3300000001
2026-09-11,POTOSI,Tupiza,959515.55
2026-09-11,POTOSI,Tupiza,5537935.49
2026-09-11,POTOSI,Tupiza,9429502.37
2026-09-11,POTOSI,Tupiza,11203455.6
2026-09-11,POTOSI,Tupiza,28545235.64
2026-09-11,POTOSI,Uncía,233824.56
2026-09-11,POTOSI,Uncía,267058.97
2026-09-11,POTOSI,Uncía,8807870.08
2026-09-11,POTOSI,Uncía,12771378.38
2026-09-11,POTOSI,Urmiri,1522966.96
2026-09-11,POTOSI,Urmiri,3104115.82
2026-09-11,POTOSI,Uyuni,3711587.26
2026-09-11,POTOSI,Uyuni,4557190.93
2026-09-11,POTOSI,Uyuni,7426902.95
2026-09-11,POTOSI,Uyuni,25566431.17
2026-09-11,POTOSI,Villazón,559161.66
2026-09-11,POTOSI,Villazón,1467362.98
2026-09-11,POTOSI,Villazón,1523431.65
2026-09-11,POTOSI,Villazón,6776582.97
2026-09-11,POTOSI,Villazón,13572363.21
2026-09-11,POTOSI,Villazón,37638950.02
2026-09-11,POTOSI,Vitichi,76313.45
2026-09-11,POTOSI,Vitichi,752874.51
2026-09-11,POTOSI,Vitichi,4410215.79
2026-09-11,POTOSI,Vitichi,6855252.67
2026-09-11,POTOSI,Yocalla,7936.44
2026-09-11,POTOSI,Yocalla,993240.16
2026-09-11,POTOSI,Yocalla,5833180.53
2026-09-11,POTOSI,Yocalla,6829737.62
2026-09-11,POTOSI,,3544621.97
2026-09-11,SANTA CRUZ,Ascención de Guarayos,89837.7
2026-09-11,SANTA CRUZ,Ascención de Guarayos,482965.7
2026-09-11,SANTA CRUZ,Ascención de Guarayos,24206862.18
2026-09-11,SANTA CRUZ,Boyuibe,2461157.1
2026-09-11,SANTA CRUZ,Boyuibe,4628087.0
2026-09-11,SANTA CRUZ,Buena Vista,275826.53
2026-09-11,SANTA CRUZ,Buena Vista,356376.6
2026-09-11,SANTA CRUZ,Buena Vista,11731845.8
2026-09-11,SANTA CRUZ,CONCEPCIÓN,16293.8
2026-09-11,SANTA CRUZ,CONCEPCIÓN,327013.64
2026-09-11,SANTA CRUZ,CONCEPCIÓN,668107.85
2026-09-11,SANTA CRUZ,CONCEPCIÓN,22301085.33
2026-09-11,SANTA CRUZ,Cabezas,17358214.1
2026-09-11,SANTA CRUZ,Cabezas,32148801.5
2026-09-11,SANTA CRUZ,Camiri,188422.08000000002
2026-09-11,SANTA CRUZ,Camiri,1487612.89
2026-09-11,SANTA CRUZ,Camiri,3278297.07
2026-09-11,SANTA CRUZ,Camiri,25145112.94
2026-09-11,SANTA CRUZ,Camiri,224396666.03
2026-09-11,SANTA CRUZ,Colpa Bélgica,12937148.93
2026-09-11,SANTA CRUZ,Comarapa,10503.7
2026-09-11,SANTA CRUZ,Comarapa,253083.9
2026-09-11,SANTA CRUZ,Comarapa,856814.68
2026-09-11,SANTA CRUZ,Comarapa,5303563.79
2026-09-11,SANTA CRUZ,Comarapa,14365195.71
2026-09-11,SANTA CRUZ,Cotoca,695343.34
2026-09-11,SANTA CRUZ,Cotoca,943448.92
2026-09-11,SANTA CRUZ,Cotoca,108352226.65
2026-09-11,SANTA CRUZ,Cuatro Cañadas,51248.520000000004
2026-09-11,SANTA CRUZ,Cuatro Cañadas,3305558.04
2026-09-11,SANTA CRUZ,Cuatro Cañadas,28452274.5
2026-09-11,SANTA CRUZ,Cuevo,25557.98
2026-09-11,SANTA CRUZ,Cuevo,307135.98
2026-09-11,SANTA CRUZ,Cuevo,3242376.79
2026-09-11,SANTA CRUZ,El Carmen Rivero Tórrez,7766022.36
2026-09-11,SANTA CRUZ,El Puente,762889.5599999999
2026-09-11,SANTA CRUZ,El Puente,11709310.24
2026-09-11,SANTA CRUZ,El Torno,57526305.73
2026-09-11,SANTA CRUZ,Fernández Alonso,10952056.97
2026-09-11,SANTA CRUZ,GENERAL AGUSTÍN SAAVEDRA,5540.35
2026-09-11,SANTA CRUZ,GENERAL AGUSTÍN SAAVEDRA,22233247.99
2026-09-11,SANTA CRUZ,La Guardia,2784115.41
2026-09-11,SANTA CRUZ,La Guardia,4411150.0
2026-09-11,SANTA CRUZ,La Guardia,100542141.45
2026-09-11,SANTA CRUZ,Lagunillas,2783226.55
2026-09-11,SANTA CRUZ,MULTIMUNICIPAL,1244534.45
2026-09-11,SANTA CRUZ,MULTIMUNICIPAL,1390797.81
2026-09-11,SANTA CRUZ,MULTIMUNICIPAL,2577991.54
2026-09-11,SANTA CRUZ,MULTIMUNICIPAL,44463770.7
2026-09-11,SANTA CRUZ,MULTIMUNICIPAL,45430027.120000005
2026-09-11,SANTA CRUZ,MULTIMUNICIPAL,74038108.0
2026-09-11,SANTA CRUZ,MULTIMUNICIPAL,400291148.71
2026-09-11,SANTA CRUZ,Mairana,112319.86
2026-09-11,SANTA CRUZ,Mairana,11794249.83
2026-09-11,SANTA CRUZ,Mineros,18186951.99
2026-09-11,SANTA CRUZ,Montero,44970.0
2026-09-11,SANTA CRUZ,Montero,272971.22
2026-09-11,SANTA CRUZ,Montero,583571.31
2026-09-11,SANTA CRUZ,Montero,3234409.79
2026-09-11,SANTA CRUZ,Montero,120687503.49
2026-09-11,SANTA CRUZ,Moro Moro,1077082.05
2026-09-11,SANTA CRUZ,Moro Moro,2163602.79
2026-09-11,SANTA CRUZ,Multimunicipal,4975.0
2026-09-11,SANTA CRUZ,Multimunicipal,74124.86
2026-09-11,SANTA CRUZ,Multimunicipal,858535.02
2026-09-11,SANTA CRUZ,Multimunicipal,867692.5
2026-09-11,SANTA CRUZ,Okinawa I,2461194.27
2026-09-11,SANTA CRUZ,Okinawa I,7915112.09
2026-09-11,SANTA CRUZ,Okinawa I,9815694.64
2026-09-11,SANTA CRUZ,PUERTO SUAREZ,75167.62
2026-09-11,SANTA CRUZ,PUERTO SUAREZ,258612.72
2026-09-11,SANTA CRUZ,PUERTO SUAREZ,1061406.52
2026-09-11,SANTA CRUZ,PUERTO SUAREZ,12765229.09
2026-09-11,SANTA CRUZ,PUERTO SUAREZ,69029731.35
2026-09-11,SANTA CRUZ,Pailón,8616.02
2026-09-11,SANTA CRUZ,Pailón,194413.66
2026-09-11,SANTA CRUZ,Pailón,48631648.38
2026-09-11,SANTA CRUZ,Pampa Grande,9939.6
2026-09-11,SANTA CRUZ,Pampa Grande,8736492.76
2026-09-11,SANTA CRUZ,Porongo  (Ayacucho),71468587.5
2026-09-11,SANTA CRUZ,Portachuelo,243641.74000000002
2026-09-11,SANTA CRUZ,Portachuelo,13816020.65
2026-09-11,SANTA CRUZ,Postrer Valle,971611.04
2026-09-11,SANTA CRUZ,Pucara,1267935.58
2026-09-11,SANTA CRUZ,Puerto Quijarro,4078278.81
2026-09-11,SANTA CRUZ,Puerto Quijarro,17897092.86
2026-09-11,SANTA CRUZ,Quirusillas,2131262.94
2026-09-11,SANTA CRUZ,Robore,177496.6
2026-09-11,SANTA CRUZ,Robore,10631291.76
2026-09-11,SANTA CRUZ,SAN IGNACIO (SAN IGNACIO DE VELASCO),158144.0
2026-09-11,SANTA CRUZ,SAN IGNACIO (SAN IGNACIO DE VELASCO),213711.69
2026-09-11,SANTA CRUZ,SAN IGNACIO (SAN IGNACIO DE VELASCO),889050.95
2026-09-11,SANTA CRUZ,SAN IGNACIO (SAN IGNACIO DE VELASCO),1495935.98
2026-09-11,SANTA CRUZ,SAN IGNACIO (SAN IGNACIO DE VELASCO),2417049.46
2026-09-11,SANTA CRUZ,SAN IGNACIO (SAN IGNACIO DE VELASCO),52953385.019999996
2026-09-11,SANTA CRUZ,SANTA CRUZ DE LA SIERRA,1846.2
2026-09-11,SANTA CRUZ,SANTA CRUZ DE LA SIERRA,2965.5
2026-09-11,SANTA CRUZ,SANTA CRUZ DE LA SIERRA,10750.34
2026-09-11,SANTA CRUZ,SANTA CRUZ DE LA SIERRA,10956.91
2026-09-11,SANTA CRUZ,SANTA CRUZ DE LA SIERRA,13643.65
2026-09-11,SANTA CRUZ,SANTA CRUZ DE LA SIERRA,14120.49
2026-09-11,SANTA CRUZ,SANTA CRUZ DE LA SIERRA,181744.81999999998
2026-09-11,SANTA CRUZ,SANTA CRUZ DE LA SIERRA,275514.04
2026-09-11,SANTA CRUZ,SANTA CRUZ DE LA SIERRA,543274.79
2026-09-11,SANTA CRUZ,SANTA CRUZ DE LA SIERRA,651697.6699999999
2026-09-11,SANTA CRUZ,SANTA CRUZ DE LA SIERRA,708902.57
2026-09-11,SANTA CRUZ,SANTA CRUZ DE LA SIERRA,733693.59
2026-09-11,SANTA CRUZ,SANTA CRUZ DE LA SIERRA,1081075.52
2026-09-11,SANTA CRUZ,SANTA CRUZ DE LA SIERRA,1407446.24
2026-09-11,SANTA CRUZ,SANTA CRUZ DE LA SIERRA,2861568.82
2026-09-11,SANTA CRUZ,SANTA CRUZ DE LA SIERRA,3478830.5700000003
2026-09-11,SANTA CRUZ,SANTA CRUZ DE LA SIERRA,4100343.81
2026-09-11,SANTA CRUZ,SANTA CRUZ DE LA SIERRA,4134594.61
2026-09-11,SANTA CRUZ,SANTA CRUZ DE LA SIERRA,5777171.52
2026-09-11,SANTA CRUZ,SANTA CRUZ DE LA SIERRA,8852438.05
2026-09-11,SANTA CRUZ,SANTA CRUZ DE LA SIERRA,11007790.950000001
2026-09-11,SANTA CRUZ,SANTA CRUZ DE LA SIERRA,16680886.61
2026-09-11,SANTA CRUZ,SANTA CRUZ DE LA SIERRA,22887314.380000003
2026-09-11,SANTA CRUZ,SANTA CRUZ DE LA SIERRA,30163568.39
2026-09-11,SANTA CRUZ,SANTA CRUZ DE LA SIERRA,49453913.239999995
2026-09-11,SANTA CRUZ,SANTA CRUZ DE LA SIERRA,56633522.21
2026-09-11,SANTA CRUZ,SANTA CRUZ DE LA SIERRA,78857630.9
2026-09-11,SANTA CRUZ,SANTA CRUZ DE LA SIERRA,112946277.2
2026-09-11,SANTA CRUZ,SANTA CRUZ DE LA SIERRA,660262962.87
2026-09-11,SANTA CRUZ,SANTA CRUZ DE LA SIERRA,747569755.09
2026-09-11,SANTA CRUZ,SANTA CRUZ DE LA SIERRA,2273760722.83
2026-09-11,SANTA CRUZ,SANTA CRUZ DE LA SIERRA,2739680310.86
2026-09-11,SANTA CRUZ,Saipina,4453154.78
2026-09-11,SANTA CRUZ,Samaipata,28531.58
2026-09-11,SANTA CRUZ,Samaipata,229930.57
2026-09-11,SANTA CRUZ,Samaipata,9236969.709999999
2026-09-11,SANTA CRUZ,San Antonio de Lomerio,5005058.29
2026-09-11,SANTA CRUZ,San Carlos,46672.65
2026-09-11,SANTA CRUZ,San Carlos,17195186.11
2026-09-11,SANTA CRUZ,San Javier,463744.95
2026-09-11,SANTA CRUZ,San Javier,10745327.98
2026-09-11,SANTA CRUZ,San José,187621.72
2026-09-11,SANTA CRUZ,San José,249429.65
2026-09-11,SANTA CRUZ,San José,32956160.77
2026-09-11,SANTA CRUZ,San Juan,10296235.72
2026-09-11,SANTA CRUZ,San Julian,369305.35
2026-09-11,SANTA CRUZ,San Julian,31168293.38
2026-09-11,SANTA CRUZ,San Julian,35897565.98
2026-09-11,SANTA CRUZ,San Julian,36061615.49
2026-09-11,SANTA CRUZ,San Matías,338541.18
2026-09-11,SANTA CRUZ,San Matías,10049529.58
2026-09-11,SANTA CRUZ,San Miguel (San Miguel de Velasco),10458797.24
2026-09-11,SANTA CRUZ,San Pedro,89490.0
2026-09-11,SANTA CRUZ,San Pedro,1669041.65
2026-09-11,SANTA CRUZ,San Pedro,12984080.91
2026-09-11,SANTA CRUZ,San Rafael,8429038.89
2026-09-11,SANTA CRUZ,San Ramón,8348416.45
2026-09-11,SANTA CRUZ,Santa Rosa del Sara,14871451.16
2026-09-11,SANTA CRUZ,TIOC Charagua Iyambae,13566.67
2026-09-11,SANTA CRUZ,TIOC Charagua Iyambae,44782.75
2026-09-11,SANTA CRUZ,TIOC Charagua Iyambae,26848378.73
2026-09-11,SANTA CRUZ,TIOG Kereimba Iyaambae,4150182.25
2026-09-11,SANTA CRUZ,Trigal,1609605.25
2026-09-11,SANTA CRUZ,Urubicha,6433607.52
2026-09-11,SANTA CRUZ,Vallegrande,245791.26
2026-09-11,SANTA CRUZ,Vallegrande,16900045.31
2026-09-11,SANTA CRUZ,WARNES,312441.38
2026-09-11,SANTA CRUZ,WARNES,320468.72000000003
2026-09-11,SANTA CRUZ,WARNES,3304343.02
2026-09-11,SANTA CRUZ,WARNES,5342276.83
2026-09-11,SANTA CRUZ,WARNES,179365305.66
2026-09-11,SANTA CRUZ,Yapacaní,1567352.13
2026-09-11,SANTA CRUZ,Yapacaní,1572088.73
2026-09-11,SANTA CRUZ,Yapacaní,16996938.23
2026-09-11,SANTA CRUZ,Yapacaní,48639926.34
2026-09-11,SANTA CRUZ,,18408871.2
2026-09-11,TARIJA,Bermejo,119111.58
2026-09-11,TARIJA,Bermejo,1214000.51
2026-09-11,TARIJA,Bermejo,43871196.75
2026-09-11,TARIJA,Caraparí,1149160.24
2026-09-11,TARIJA,Caraparí,1496743.92
2026-09-11,TARIJA,Caraparí,2269373.0
2026-09-11,TARIJA,Caraparí,8617491.65
2026-09-11,TARIJA,Caraparí,11550602.68
2026-09-11,TARIJA,Caraparí,24472668.24
2026-09-11,TARIJA,El Puente,255873.61
2026-09-11,TARIJA,El Puente,898439.8200000001
2026-09-11,TARIJA,El Puente,2370273.25
2026-09-11,TARIJA,El Puente,2549993.56
2026-09-11,TARIJA,El Puente,12043036.33
2026-09-11,TARIJA,Entre Ríos,15540846.29
2026-09-11,TARIJA,MULTIMUNICIPAL,52918.0
2026-09-11,TARIJA,MULTIMUNICIPAL,80952.66
2026-09-11,TARIJA,MULTIMUNICIPAL,876195.9600000001
2026-09-11,TARIJA,MULTIMUNICIPAL,1034090.7
2026-09-11,TARIJA,MULTIMUNICIPAL,1110784.39
2026-09-11,TARIJA,MULTIMUNICIPAL,9205265.02
2026-09-11,TARIJA,MULTIMUNICIPAL,49515531.05
2026-09-11,TARIJA,Multimunicipal,42506.0
2026-09-11,TARIJA,Multimunicipal,687027.52
2026-09-11,TARIJA,Multimunicipal,10183375.1
2026-09-11,TARIJA,Multimunicipal,14594720.51
2026-09-11,TARIJA,Multimunicipal,239342726.13
2026-09-11,TARIJA,Padcaya,123382.24
2026-09-11,TARIJA,Padcaya,443218.06999999995
2026-09-11,TARIJA,Padcaya,9549063.55
2026-09-11,TARIJA,Región Autónoma del Gran Chaco,23037632.05
2026-09-11,TARIJA,Región Autónoma del Gran Chaco,69329732.38
2026-09-11,TARIJA,Región Autónoma del Gran Chaco,147800936.5
2026-09-11,TARIJA,San Lorenzo,75003.73
2026-09-11,TARIJA,San Lorenzo,244930.89
2026-09-11,TARIJA,San Lorenzo,739725.05
2026-09-11,TARIJA,San Lorenzo,4064540.5
2026-09-11,TARIJA,San Lorenzo,4851926.59
2026-09-11,TARIJA,San Lorenzo,20945136.11
2026-09-11,TARIJA,Tarija,3099.17
2026-09-11,TARIJA,Tarija,9178.3
2026-09-11,TARIJA,Tarija,59822.92999999999
2026-09-11,TARIJA,Tarija,78102.56
2026-09-11,TARIJA,Tarija,163275.40000000002
2026-09-11,TARIJA,Tarija,238830.12000000002
2026-09-11,TARIJA,Tarija,435242.49
2026-09-11,TARIJA,Tarija,821475.88
2026-09-11,TARIJA,Tarija,897762.96
2026-09-11,TARIJA,Tarija,906581.99
2026-09-11,TARIJA,Tarija,1160452.38
2026-09-11,TARIJA,Tarija,1200664.81
2026-09-11,TARIJA,Tarija,1990646.8599999999
2026-09-11,TARIJA,Tarija,3189068.46
2026-09-11,TARIJA,Tarija,3590734.5999999996
2026-09-11,TARIJA,Tarija,4703751.23
2026-09-11,TARIJA,Tarija,7418025.26
2026-09-11,TARIJA,Tarija,9741353.6
2026-09-11,TARIJA,Tarija,10102052.69
2026-09-11,TARIJA,Tarija,17257913.490000002
2026-09-11,TARIJA,Tarija,27057300.85
2026-09-11,TARIJA,Tarija,39900849.13
2026-09-11,TARIJA,Tarija,45445235.36
2026-09-11,TARIJA,Tarija,49516221.989999995
2026-09-11,TARIJA,Tarija,68505294.94
2026-09-11,TARIJA,Tarija,199081017.94
2026-09-11,TARIJA,Tarija,239193824.39
2026-09-11,TARIJA,Tarija,729626629.54
2026-09-11,TARIJA,Uriondo (Concepción),14752.0
2026-09-11,TARIJA,Uriondo (Concepción),18118.0
2026-09-11,TARIJA,Uriondo (Concepción),103688.46
2026-09-11,TARIJA,Uriondo (Concepción),716792.33
2026-09-11,TARIJA,Uriondo (Concepción),12577835.51
2026-09-11,TARIJA,Villamontes,39400.0
2026-09-11,TARIJA,Villamontes,531000.0
2026-09-11,TARIJA,Villamontes,1245026.54
2026-09-11,TARIJA,Villamontes,1396994.85
2026-09-11,TARIJA,Villamontes,3325829.4
2026-09-11,TARIJA,Villamontes,4759259.57
2026-09-11,TARIJA,Villamontes,9756949.139999999
2026-09-11,TARIJA,Villamontes,51372607.6
2026-09-11,TARIJA,Yacuiba,8712.75
2026-09-11,TARIJA,Yacuiba,12000.0
2026-09-11,TARIJA,Yacuiba,65434.8
2026-09-11,TARIJA,Yacuiba,1799668.8499999999
2026-09-11,TARIJA,Yacuiba,2018249.57
2026-09-11,TARIJA,Yacuiba,11834008.28
2026-09-11,TARIJA,Yacuiba,81046829.0
2026-09-11,TARIJA,Yunchara,12862.08
2026-09-11,TARIJA,Yunchara,163401.58
2026-09-11,TARIJA,Yunchara,3804940.06
2026-09-11,TARIJA,,134000.0
2026-09-11,TARIJA,,3887377.31
