fecha_programacion,distrito_nombre,producto,familia,familia_codigo,cliente,volumen_programado,canal
2026-09-14,Cochabamba,DIESEL OIL NACIONAL EESS,Diesel Oil Nacional,DIESEL_NACIONAL,TERMINAL DE BUSES COCHABAMBA S.A.,12000.0,
2026-09-14,Cochabamba,DIESEL OIL NACIONAL EESS,Diesel Oil Nacional,DIESEL_NACIONAL,IMBRANJO S.R.L.,19000.0,
2026-09-14,Cochabamba,DIESEL OIL NACIONAL EESS,Diesel Oil Nacional,DIESEL_NACIONAL,ESTACION DE SERVICIO TICTI S.R.L.,14000.0,
2026-09-14,Cochabamba,DIESEL OIL NACIONAL EESS,Diesel Oil Nacional,DIESEL_NACIONAL,ESTACION DE SERVICIO LOS LIBERTADORES S.R.L.,9000.0,
2026-09-14,Cochabamba,DIESEL OIL NACIONAL EESS,Diesel Oil Nacional,DIESEL_NACIONAL,ESTACION DE SERVICIO LOS ALAMOS S.R.L.,27000.0,
2026-09-14,Cochabamba,DIESEL OIL NACIONAL EESS,Diesel Oil Nacional,DIESEL_NACIONAL,ESTACION DE SERVICIO COODPE S.R.L.,11000.0,
2026-09-14,Cochabamba,DIESEL OIL NACIONAL EESS,Diesel Oil Nacional,DIESEL_NACIONAL,ESTACION DE SERVICIO BEIJING S.R.L.,14000.0,
2026-09-14,Cochabamba,DIESEL OIL NACIONAL EESS,Diesel Oil Nacional,DIESEL_NACIONAL,ESTACION DE SERVICIO ANITA,17000.0,
2026-09-14,Cochabamba,DIESEL OIL NACIONAL EESS,Diesel Oil Nacional,DIESEL_NACIONAL,"ESTACION DE SERVICIO ""POJO""",11000.0,
2026-09-14,Cochabamba,DIESEL OIL NACIONAL EESS,Diesel Oil Nacional,DIESEL_NACIONAL,"EST. DE SERV. ""VILLA OBRAJES""",17000.0,
2026-09-14,Cochabamba,DIESEL OIL NACIONAL EESS,Diesel Oil Nacional,DIESEL_NACIONAL,"EST. DE SERV. ""URKUPINA"" - ALBERTO OPORTO",14000.0,
2026-09-14,Cochabamba,DIESEL OIL NACIONAL EESS,Diesel Oil Nacional,DIESEL_NACIONAL,"EST. DE SERV. ""URKUPINA I""- ALBERTO OPORTO L.",7000.0,
2026-09-14,Cochabamba,DIESEL OIL NACIONAL EESS,Diesel Oil Nacional,DIESEL_NACIONAL,"EST. DE SERV. ""TRANS SACABA S.A.""",12000.0,
2026-09-14,Cochabamba,DIESEL OIL NACIONAL EESS,Diesel Oil Nacional,DIESEL_NACIONAL,"EST. DE SERV. ""TRANS SACABA S.A. II""",15000.0,
2026-09-14,Cochabamba,DIESEL OIL NACIONAL EESS,Diesel Oil Nacional,DIESEL_NACIONAL,"EST. DE SERV. ""TIQUIPAYA"" - VENICIA ALANEZ JIMENES",8000.0,
2026-09-14,Cochabamba,DIESEL OIL NACIONAL EESS,Diesel Oil Nacional,DIESEL_NACIONAL,"EST. DE SERV. ""SURTIDOR CAMPERO""",11000.0,
2026-09-14,Cochabamba,DIESEL OIL NACIONAL EESS,Diesel Oil Nacional,DIESEL_NACIONAL,"EST. DE SERV. ""SIPE SIPE S.R.L.""",27000.0,
2026-09-14,Cochabamba,DIESEL OIL NACIONAL EESS,Diesel Oil Nacional,DIESEL_NACIONAL,"EST. DE SERV. ""SENOR SANTIAGO"" - E. DELGADILLO",9000.0,
2026-09-14,Cochabamba,DIESEL OIL NACIONAL EESS,Diesel Oil Nacional,DIESEL_NACIONAL,"EST. DE SERV. ""SANTA MONICA"" S.R.L.",9000.0,
2026-09-14,Cochabamba,DIESEL OIL NACIONAL EESS,Diesel Oil Nacional,DIESEL_NACIONAL,"EST. DE SERV. ""SAN JUAN BAUTISTA S.R.L.""",10000.0,
2026-09-14,Cochabamba,DIESEL OIL NACIONAL EESS,Diesel Oil Nacional,DIESEL_NACIONAL,"EST. DE SERV. ""SAN JORGE CBBA S.R.L.""",26000.0,
2026-09-14,Cochabamba,DIESEL OIL NACIONAL EESS,Diesel Oil Nacional,DIESEL_NACIONAL,"EST. DE SERV. ""RIOJA""",9000.0,
2026-09-14,Cochabamba,DIESEL OIL NACIONAL EESS,Diesel Oil Nacional,DIESEL_NACIONAL,"EST. DE SERV. ""REFINERIA""- SIMON RODRIGO FERRUFINO",8000.0,
2026-09-14,Cochabamba,DIESEL OIL NACIONAL EESS,Diesel Oil Nacional,DIESEL_NACIONAL,"EST. DE SERV. ""PETROGAS S.R.L.""",12000.0,
2026-09-14,Cochabamba,DIESEL OIL NACIONAL EESS,Diesel Oil Nacional,DIESEL_NACIONAL,"EST. DE SERV. ""PAROTANI""",24000.0,
2026-09-14,Cochabamba,DIESEL OIL NACIONAL EESS,Diesel Oil Nacional,DIESEL_NACIONAL,"EST. DE SERV. ""PARAJE 24.7 SRL""",19000.0,
2026-09-14,Cochabamba,DIESEL OIL NACIONAL EESS,Diesel Oil Nacional,DIESEL_NACIONAL,"EST. DE SERV. ""PARAJE 24.7 SRL SUC. 1""",9000.0,
2026-09-14,Cochabamba,DIESEL OIL NACIONAL EESS,Diesel Oil Nacional,DIESEL_NACIONAL,"EST. DE SERV. ""NISSAN"" - SIMON FERRUFINO",8000.0,
2026-09-14,Cochabamba,DIESEL OIL NACIONAL EESS,Diesel Oil Nacional,DIESEL_NACIONAL,"EST. DE SERV. ""MONTERREY S.R.L.""",20000.0,
2026-09-14,Cochabamba,DIESEL OIL NACIONAL EESS,Diesel Oil Nacional,DIESEL_NACIONAL,"EST. DE SERV. ""MIZQUE"" - DIOGENES MONTENEGRO P.",9000.0,
2026-09-14,Cochabamba,DIESEL OIL NACIONAL EESS,Diesel Oil Nacional,DIESEL_NACIONAL,"EST. DE SERV. ""MAX MAMANGUENO"" - E. MELGAREJO",8000.0,
2026-09-14,Cochabamba,DIESEL OIL NACIONAL EESS,Diesel Oil Nacional,DIESEL_NACIONAL,"EST. DE SERV. ""LOS ALPES""-BERTHA CAMACHO RICALDEZ",11000.0,
2026-09-14,Cochabamba,DIESEL OIL NACIONAL EESS,Diesel Oil Nacional,DIESEL_NACIONAL,COMERCIALIZADORA DE SERVICIOS LUBRISHOP S.R.L.,8000.0,
2026-09-14,Cochabamba,DIESEL OIL NACIONAL EESS,Diesel Oil Nacional,DIESEL_NACIONAL,"EST. DE SERV. ""LORETO"" SUC. 1",12000.0,
2026-09-14,Cochabamba,DIESEL OIL NACIONAL EESS,Diesel Oil Nacional,DIESEL_NACIONAL,"EST. DE SERV. ""LA MERCED S.R.L.""",11000.0,
2026-09-14,Cochabamba,DIESEL OIL NACIONAL EESS,Diesel Oil Nacional,DIESEL_NACIONAL,"EST. DE SERV. ""ITAPAYA"" - ALBERTO AMURRIO F.",10000.0,
2026-09-14,Cochabamba,DIESEL OIL NACIONAL EESS,Diesel Oil Nacional,DIESEL_NACIONAL,"EST. DE SERV. ""ISABEL CHAVEZ""",10000.0,
2026-09-14,Cochabamba,DIESEL OIL NACIONAL EESS,Diesel Oil Nacional,DIESEL_NACIONAL,"EST. DE SERV. ""IQUIRCOLLO S.R.L.""",27000.0,
2026-09-14,Cochabamba,DIESEL OIL NACIONAL EESS,Diesel Oil Nacional,DIESEL_NACIONAL,"EST. DE SERV. ""GASNOR S.R.L.""",7000.0,
2026-09-14,Cochabamba,DIESEL OIL NACIONAL EESS,Diesel Oil Nacional,DIESEL_NACIONAL,"EST. DE SERV. ""FORTALEZA ENERGY S.R.L.""",7000.0,
2026-09-14,Cochabamba,DIESEL OIL NACIONAL EESS,Diesel Oil Nacional,DIESEL_NACIONAL,"EST. DE SERV. ""EQGAS"" S.R.L.",7000.0,
2026-09-14,Cochabamba,DIESEL OIL NACIONAL EESS,Diesel Oil Nacional,DIESEL_NACIONAL,"EST. DE SERV. ""EPIZANA""",11000.0,
2026-09-14,Cochabamba,DIESEL OIL NACIONAL EESS,Diesel Oil Nacional,DIESEL_NACIONAL,"EST. DE SERV. ""EL VIAJERO SRL""",20000.0,
2026-09-14,Cochabamba,DIESEL OIL NACIONAL EESS,Diesel Oil Nacional,DIESEL_NACIONAL,"EST. DE SERV. ""EL MANANTIAL SRL""",7000.0,
2026-09-14,Cochabamba,DIESEL OIL NACIONAL EESS,Diesel Oil Nacional,DIESEL_NACIONAL,"EST. DE SERV. ""EL CRISTO"" - CRISTIAN SABAG",7000.0,
2026-09-14,Cochabamba,DIESEL OIL NACIONAL EESS,Diesel Oil Nacional,DIESEL_NACIONAL,"EST. DE SERV. ""DISEL S.R.L.""",24000.0,
2026-09-14,Cochabamba,DIESEL OIL NACIONAL EESS,Diesel Oil Nacional,DIESEL_NACIONAL,"EST. DE SERV. ""DISEL S.R.L. I""",27000.0,
2026-09-14,Cochabamba,DIESEL OIL NACIONAL EESS,Diesel Oil Nacional,DIESEL_NACIONAL,"EST. DE SERV. ""DAYANA""",10000.0,
2026-09-14,Cochabamba,DIESEL OIL NACIONAL EESS,Diesel Oil Nacional,DIESEL_NACIONAL,"EST. DE SERV. ""COMERCIALIZADORA QK S.R.L.""",9000.0,
2026-09-14,Cochabamba,DIESEL OIL NACIONAL EESS,Diesel Oil Nacional,DIESEL_NACIONAL,"EST. DE SERV. ""COCHABAMBA""",27000.0,
2026-09-14,Cochabamba,DIESEL OIL NACIONAL EESS,Diesel Oil Nacional,DIESEL_NACIONAL,"EST. DE SERV. ""COCHABAMBA S.R.L. SUC. 1""",13000.0,
2026-09-14,Cochabamba,DIESEL OIL NACIONAL EESS,Diesel Oil Nacional,DIESEL_NACIONAL,"EST. DE SERV. ""CITY TRUCK FH S.R.L.""",14000.0,
2026-09-14,Cochabamba,DIESEL OIL NACIONAL EESS,Diesel Oil Nacional,DIESEL_NACIONAL,"EST. DE SERV. ""CIRCUITO BOLIVIA S.A.""",10000.0,
2026-09-14,Cochabamba,DIESEL OIL NACIONAL EESS,Diesel Oil Nacional,DIESEL_NACIONAL,"EST. DE SERV. ""CHULLPANI"" - TORRICO AGUILAR JOSE M",12000.0,
2026-09-14,Cochabamba,DIESEL OIL NACIONAL EESS,Diesel Oil Nacional,DIESEL_NACIONAL,"EST. DE SERV. ""CHINATA S.R.L.""",17000.0,
2026-09-14,Cochabamba,DIESEL OIL NACIONAL EESS,Diesel Oil Nacional,DIESEL_NACIONAL,"EST. DE SERV. ""CHIMBOCO""",19000.0,
2026-09-14,Cochabamba,DIESEL OIL NACIONAL EESS,Diesel Oil Nacional,DIESEL_NACIONAL,"EST. DE SERV. ""C.G.C. SRL""",24000.0,
2026-09-14,Cochabamba,DIESEL OIL NACIONAL EESS,Diesel Oil Nacional,DIESEL_NACIONAL,"EST. DE SERV. ""ARANI"" - ZULMA ROJAS",11000.0,
2026-09-14,Cochabamba,DIESEL OIL NACIONAL EESS,Diesel Oil Nacional,DIESEL_NACIONAL,"EST. DE SERV. ""AEROPUERTO S.R.L.""",10000.0,
2026-09-14,Cochabamba,DIESEL OIL NACIONAL EESS,Diesel Oil Nacional,DIESEL_NACIONAL,"EST. DE SERV. ""ADRIAN""",11000.0,
2026-09-14,Cochabamba,DIESEL OIL NACIONAL EESS,Diesel Oil Nacional,DIESEL_NACIONAL,"EST. DE SERV. ""24 DE SEPTIEMBRE S.R.L.""",11000.0,
2026-09-14,Cochabamba,DIESEL OIL NACIONAL EESS,Diesel Oil Nacional,DIESEL_NACIONAL,CENTRO DE SERVICIOS VALLEPUNATA S.R.L.,9000.0,
2026-09-14,Cochabamba,DIESEL OIL NACIONAL EESS,Diesel Oil Nacional,DIESEL_NACIONAL,SURTIDOR DE GASOLINA Y DIESEL COLOMI,12000.0,
2026-09-14,Cochabamba,DIESEL OIL NACIONAL EESS,Diesel Oil Nacional,DIESEL_NACIONAL,"EST. DE SERV. ""SUTICOLLO""",16000.0,
2026-09-14,Cochabamba,GASOLINA ESPECIAL + EESS,Gasolina Especial +,GASOLINA_ESPECIAL_MAS,TERMINAL DE BUSES COCHABAMBA S.A.,7000.0,
2026-09-14,Cochabamba,GASOLINA ESPECIAL + EESS,Gasolina Especial +,GASOLINA_ESPECIAL_MAS,SURTIDOR DE GASOLINA Y DIESEL COLOMI,9000.0,
2026-09-14,Cochabamba,GASOLINA ESPECIAL + EESS,Gasolina Especial +,GASOLINA_ESPECIAL_MAS,PETROCEL S.R.L.,8000.0,
2026-09-14,Cochabamba,GASOLINA ESPECIAL + EESS,Gasolina Especial +,GASOLINA_ESPECIAL_MAS,KHORA ESTACION DE SERVICIO - MEDRANO ARNEZ JAIME,5000.0,
2026-09-14,Cochabamba,GASOLINA ESPECIAL + EESS,Gasolina Especial +,GASOLINA_ESPECIAL_MAS,IMBRANJO S.R.L.,9000.0,
2026-09-14,Cochabamba,GASOLINA ESPECIAL + EESS,Gasolina Especial +,GASOLINA_ESPECIAL_MAS,FEDEX CHACO,3000.0,
2026-09-14,Cochabamba,GASOLINA ESPECIAL + EESS,Gasolina Especial +,GASOLINA_ESPECIAL_MAS,ESTAGAS S.R.L.,7000.0,
2026-09-14,Cochabamba,GASOLINA ESPECIAL + EESS,Gasolina Especial +,GASOLINA_ESPECIAL_MAS,ESTACION DE SERVICIO VIRGEN DE LAS ANGUSTIAS S.R.L.,8000.0,
2026-09-14,Cochabamba,GASOLINA ESPECIAL + EESS,Gasolina Especial +,GASOLINA_ESPECIAL_MAS,ESTACION DE SERVICIO TICTI S.R.L.,8000.0,
2026-09-14,Cochabamba,GASOLINA ESPECIAL + EESS,Gasolina Especial +,GASOLINA_ESPECIAL_MAS,ESTACION DE SERVICIO LOS LIBERTADORES S.R.L.,7000.0,
2026-09-14,Cochabamba,GASOLINA ESPECIAL + EESS,Gasolina Especial +,GASOLINA_ESPECIAL_MAS,ESTACION DE SERVICIO LOS ALAMOS S.R.L.,9000.0,
2026-09-14,Cochabamba,GASOLINA ESPECIAL + EESS,Gasolina Especial +,GASOLINA_ESPECIAL_MAS,ESTACION DE SERVICIO HIPODROMO S.R.L.,4000.0,
2026-09-14,Cochabamba,GASOLINA ESPECIAL + EESS,Gasolina Especial +,GASOLINA_ESPECIAL_MAS,ESTACION DE SERVICIO COODPE S.R.L.,8000.0,
2026-09-14,Cochabamba,GASOLINA ESPECIAL + EESS,Gasolina Especial +,GASOLINA_ESPECIAL_MAS,ESTACION DE SERVICIO CAPITAN VICTOR USTARIZ S.R.L.,8000.0,
2026-09-14,Cochabamba,GASOLINA ESPECIAL + EESS,Gasolina Especial +,GASOLINA_ESPECIAL_MAS,ESTACION DE SERVICIO BEIJING S.R.L.,9000.0,
2026-09-14,Cochabamba,GASOLINA ESPECIAL + EESS,Gasolina Especial +,GASOLINA_ESPECIAL_MAS,ESTACION DE SERVICIO ANITA,10000.0,
2026-09-14,Cochabamba,GASOLINA ESPECIAL + EESS,Gasolina Especial +,GASOLINA_ESPECIAL_MAS,"ESTACION DE SERVICIO ""POJO""",9000.0,
2026-09-14,Cochabamba,GASOLINA ESPECIAL + EESS,Gasolina Especial +,GASOLINA_ESPECIAL_MAS,"ESTACION DE SERVICIO ""LOS LAURELES"" - DIEGO M. DELGADILLO ANTEZANA",7000.0,
2026-09-14,Cochabamba,GASOLINA ESPECIAL + EESS,Gasolina Especial +,GASOLINA_ESPECIAL_MAS,"EST. DE SERV. ""VILLA OBRAJES""",7000.0,
2026-09-14,Cochabamba,GASOLINA ESPECIAL + EESS,Gasolina Especial +,GASOLINA_ESPECIAL_MAS,"EST. DE SERV. ""URKUPINA"" - ALBERTO OPORTO",7000.0,
2026-09-14,Cochabamba,GASOLINA ESPECIAL + EESS,Gasolina Especial +,GASOLINA_ESPECIAL_MAS,"EST. DE SERV. ""URKUPINA I""- ALBERTO OPORTO L.",8000.0,
2026-09-14,Cochabamba,GASOLINA ESPECIAL + EESS,Gasolina Especial +,GASOLINA_ESPECIAL_MAS,"EST. DE SERV. ""TRANS SACABA S.A. II""",7000.0,
2026-09-14,Cochabamba,GASOLINA ESPECIAL + EESS,Gasolina Especial +,GASOLINA_ESPECIAL_MAS,"EST. DE SERV. ""PETROGAS S.R.L.""",5000.0,
2026-09-14,Cochabamba,GASOLINA ESPECIAL + EESS,Gasolina Especial +,GASOLINA_ESPECIAL_MAS,COMERCIALIZADORA DE SERVICIOS LUBRISHOP S.R.L.,5000.0,
2026-09-14,Cochabamba,GASOLINA ESPECIAL + EESS,Gasolina Especial +,GASOLINA_ESPECIAL_MAS,"EST. DE SERV. ""TIQUIPAYA"" - VENICIA ALANEZ JIMENES",4000.0,
2026-09-14,Cochabamba,GASOLINA ESPECIAL + EESS,Gasolina Especial +,GASOLINA_ESPECIAL_MAS,"EST. DE SERV. ""SUTICOLLO""",8000.0,
2026-09-14,Cochabamba,GASOLINA ESPECIAL + EESS,Gasolina Especial +,GASOLINA_ESPECIAL_MAS,"EST. DE SERV. ""SURTIDOR CAMPERO""",7000.0,
2026-09-14,Cochabamba,GASOLINA ESPECIAL + EESS,Gasolina Especial +,GASOLINA_ESPECIAL_MAS,"EST. DE SERV. ""SIPE SIPE S.R.L.""",9000.0,
2026-09-14,Cochabamba,GASOLINA ESPECIAL + EESS,Gasolina Especial +,GASOLINA_ESPECIAL_MAS,"EST. DE SERV. ""SENOR SANTIAGO"" - E. DELGADILLO",7000.0,
2026-09-14,Cochabamba,GASOLINA ESPECIAL + EESS,Gasolina Especial +,GASOLINA_ESPECIAL_MAS,"EST. DE SERV. ""SENOR SANTIAGO SUC. 1"" - E. DELGADILLO",7000.0,
2026-09-14,Cochabamba,GASOLINA ESPECIAL + EESS,Gasolina Especial +,GASOLINA_ESPECIAL_MAS,"EST. DE SERV. ""SANTA MONICA"" S.R.L.",7000.0,
2026-09-14,Cochabamba,GASOLINA ESPECIAL + EESS,Gasolina Especial +,GASOLINA_ESPECIAL_MAS,"EST. DE SERV. ""SAN JUAN BAUTISTA S.R.L.""",8000.0,
2026-09-14,Cochabamba,GASOLINA ESPECIAL + EESS,Gasolina Especial +,GASOLINA_ESPECIAL_MAS,"EST. DE SERV. ""SAN JORGE CBBA S.R.L.""",10000.0,
2026-09-14,Cochabamba,GASOLINA ESPECIAL + EESS,Gasolina Especial +,GASOLINA_ESPECIAL_MAS,"EST. DE SERV. ""RIOJA""",7000.0,
2026-09-14,Cochabamba,GASOLINA ESPECIAL + EESS,Gasolina Especial +,GASOLINA_ESPECIAL_MAS,"EST. DE SERV. ""REFINERIA""- SIMON RODRIGO FERRUFINO",6000.0,
2026-09-14,Cochabamba,GASOLINA ESPECIAL + EESS,Gasolina Especial +,GASOLINA_ESPECIAL_MAS,"EST. DE SERV. ""PORTALEZ S.R.L.""",12000.0,
2026-09-14,Cochabamba,GASOLINA ESPECIAL + EESS,Gasolina Especial +,GASOLINA_ESPECIAL_MAS,"EST. DE SERV. ""PAROTANI""",8000.0,
2026-09-14,Cochabamba,GASOLINA ESPECIAL + EESS,Gasolina Especial +,GASOLINA_ESPECIAL_MAS,"EST. DE SERV. ""PARAJE 24.7 SRL""",8000.0,
2026-09-14,Cochabamba,GASOLINA ESPECIAL + EESS,Gasolina Especial +,GASOLINA_ESPECIAL_MAS,"EST. DE SERV. ""PARAJE 24.7 SRL SUC. 1""",7000.0,
2026-09-14,Cochabamba,GASOLINA ESPECIAL + EESS,Gasolina Especial +,GASOLINA_ESPECIAL_MAS,"EST. DE SERV. ""PANAMERICANA"" SUCURSAL COCHABAMBA",7000.0,
2026-09-14,Cochabamba,GASOLINA ESPECIAL + EESS,Gasolina Especial +,GASOLINA_ESPECIAL_MAS,"EST. DE SERV. ""NISSAN"" - SIMON FERRUFINO",5000.0,
2026-09-14,Cochabamba,GASOLINA ESPECIAL + EESS,Gasolina Especial +,GASOLINA_ESPECIAL_MAS,"EST. DE SERV. ""MONTERREY S.R.L.""",7000.0,
2026-09-14,Cochabamba,GASOLINA ESPECIAL + EESS,Gasolina Especial +,GASOLINA_ESPECIAL_MAS,"EST. DE SERV. ""MIZQUE"" - DIOGENES MONTENEGRO P.",8000.0,
2026-09-14,Cochabamba,GASOLINA ESPECIAL + EESS,Gasolina Especial +,GASOLINA_ESPECIAL_MAS,"EST. DE SERV. ""MAX MAMANGUENO"" - E. MELGAREJO",4000.0,
2026-09-14,Cochabamba,GASOLINA ESPECIAL + EESS,Gasolina Especial +,GASOLINA_ESPECIAL_MAS,"EST. DE SERV. ""LOS ALPES""-BERTHA CAMACHO RICALDEZ",8000.0,
2026-09-14,Cochabamba,GASOLINA ESPECIAL + EESS,Gasolina Especial +,GASOLINA_ESPECIAL_MAS,"EST. DE SERV. ""LORETO"" SUC. 1",7000.0,
2026-09-14,Cochabamba,GASOLINA ESPECIAL + EESS,Gasolina Especial +,GASOLINA_ESPECIAL_MAS,"EST. DE SERV. ""LA PATRIA S.R.L.""",4000.0,
2026-09-14,Cochabamba,GASOLINA ESPECIAL + EESS,Gasolina Especial +,GASOLINA_ESPECIAL_MAS,"EST. DE SERV. ""LA MERCED S.R.L.""",5000.0,
2026-09-14,Cochabamba,GASOLINA ESPECIAL + EESS,Gasolina Especial +,GASOLINA_ESPECIAL_MAS,"EST. DE SERV. ""ITAPAYA"" - ALBERTO AMURRIO F.",5000.0,
2026-09-14,Cochabamba,GASOLINA ESPECIAL + EESS,Gasolina Especial +,GASOLINA_ESPECIAL_MAS,"EST. DE SERV. ""ISABEL CHAVEZ""",8000.0,
2026-09-14,Cochabamba,GASOLINA ESPECIAL + EESS,Gasolina Especial +,GASOLINA_ESPECIAL_MAS,"EST. DE SERV. ""IQUIRCOLLO S.R.L.""",10000.0,
2026-09-14,Cochabamba,GASOLINA ESPECIAL + EESS,Gasolina Especial +,GASOLINA_ESPECIAL_MAS,"EST. DE SERV. ""IQUIRCOLLO S.R.L. SUC. 1""",9000.0,
2026-09-14,Cochabamba,GASOLINA ESPECIAL + EESS,Gasolina Especial +,GASOLINA_ESPECIAL_MAS,"EST. DE SERV. ""GUADELOUPE GROUP S.R.L.""",7000.0,
2026-09-14,Cochabamba,GASOLINA ESPECIAL + EESS,Gasolina Especial +,GASOLINA_ESPECIAL_MAS,"EST. DE SERV. ""GASNOR S.R.L.""",5000.0,
2026-09-14,Cochabamba,GASOLINA ESPECIAL + EESS,Gasolina Especial +,GASOLINA_ESPECIAL_MAS,"EST. DE SERV. ""FORTALEZA ENERGY S.R.L.""",4000.0,
2026-09-14,Cochabamba,GASOLINA ESPECIAL + EESS,Gasolina Especial +,GASOLINA_ESPECIAL_MAS,"EST. DE SERV. ""EQGAS"" S.R.L.",5000.0,
2026-09-14,Cochabamba,GASOLINA ESPECIAL + EESS,Gasolina Especial +,GASOLINA_ESPECIAL_MAS,"EST. DE SERV. ""EPIZANA""",10000.0,
2026-09-14,Cochabamba,GASOLINA ESPECIAL + EESS,Gasolina Especial +,GASOLINA_ESPECIAL_MAS,"EST. DE SERV. ""EL MANANTIAL SUC. 2""",8000.0,
2026-09-14,Cochabamba,GASOLINA ESPECIAL + EESS,Gasolina Especial +,GASOLINA_ESPECIAL_MAS,"EST. DE SERV. ""EL MANANTIAL SUC. 1""",7000.0,
2026-09-14,Cochabamba,GASOLINA ESPECIAL + EESS,Gasolina Especial +,GASOLINA_ESPECIAL_MAS,"EST. DE SERV. ""EL MANANTIAL SRL""",7000.0,
2026-09-14,Cochabamba,GASOLINA ESPECIAL + EESS,Gasolina Especial +,GASOLINA_ESPECIAL_MAS,"EST. DE SERV. ""EL CRISTO"" - CRISTIAN SABAG",18000.0,
2026-09-14,Cochabamba,GASOLINA ESPECIAL + EESS,Gasolina Especial +,GASOLINA_ESPECIAL_MAS,"EST. DE SERV. ""DORBIGNI""",8000.0,
2026-09-14,Cochabamba,GASOLINA ESPECIAL + EESS,Gasolina Especial +,GASOLINA_ESPECIAL_MAS,"EST. DE SERV. ""DISEL S.R.L.""",5000.0,
2026-09-14,Cochabamba,GASOLINA ESPECIAL + EESS,Gasolina Especial +,GASOLINA_ESPECIAL_MAS,"EST. DE SERV. ""DISEL S.R.L. I""",5000.0,
2026-09-14,Cochabamba,GASOLINA ESPECIAL + EESS,Gasolina Especial +,GASOLINA_ESPECIAL_MAS,"EST. DE SERV. ""DELAASUNCION-AMERICA S.R.L.""",8000.0,
2026-09-14,Cochabamba,GASOLINA ESPECIAL + EESS,Gasolina Especial +,GASOLINA_ESPECIAL_MAS,"EST. DE SERV. ""DAYANA""",8000.0,
2026-09-14,Cochabamba,GASOLINA ESPECIAL + EESS,Gasolina Especial +,GASOLINA_ESPECIAL_MAS,"EST. DE SERV. ""COMERCIALIZADORA QK S.R.L.""",7000.0,
2026-09-14,Cochabamba,GASOLINA ESPECIAL + EESS,Gasolina Especial +,GASOLINA_ESPECIAL_MAS,"EST. DE SERV. ""COCHABAMBA""",9000.0,
2026-09-14,Cochabamba,GASOLINA ESPECIAL + EESS,Gasolina Especial +,GASOLINA_ESPECIAL_MAS,"EST. DE SERV. ""COCHABAMBA S.R.L. SUC. 2""",8000.0,
2026-09-14,Cochabamba,GASOLINA ESPECIAL + EESS,Gasolina Especial +,GASOLINA_ESPECIAL_MAS,"EST. DE SERV. ""COCHABAMBA S.R.L. SUC. 1""",8000.0,
2026-09-14,Cochabamba,GASOLINA ESPECIAL + EESS,Gasolina Especial +,GASOLINA_ESPECIAL_MAS,"EST. DE SERV. ""CITY TRUCK FH S.R.L.""",7000.0,
2026-09-14,Cochabamba,GASOLINA ESPECIAL + EESS,Gasolina Especial +,GASOLINA_ESPECIAL_MAS,"EST. DE SERV. ""CIRCUITO BOLIVIA S.A.""",9000.0,
2026-09-14,Cochabamba,GASOLINA ESPECIAL + EESS,Gasolina Especial +,GASOLINA_ESPECIAL_MAS,"EST. DE SERV. ""CHULLPANI"" - TORRICO AGUILAR JOSE M",12000.0,
2026-09-14,Cochabamba,GASOLINA ESPECIAL + EESS,Gasolina Especial +,GASOLINA_ESPECIAL_MAS,"EST. DE SERV. ""CHINATA S.R.L.""",7000.0,
2026-09-14,Cochabamba,GASOLINA ESPECIAL + EESS,Gasolina Especial +,GASOLINA_ESPECIAL_MAS,"EST. DE SERV. ""CHIMBOCO""",9000.0,
2026-09-14,Cochabamba,GASOLINA ESPECIAL + EESS,Gasolina Especial +,GASOLINA_ESPECIAL_MAS,"EST. DE SERV. ""C.G.C. SRL""",7000.0,
2026-09-14,Cochabamba,GASOLINA ESPECIAL + EESS,Gasolina Especial +,GASOLINA_ESPECIAL_MAS,"EST. DE SERV. ""AYACUCHO""",8000.0,
2026-09-14,Cochabamba,GASOLINA ESPECIAL + EESS,Gasolina Especial +,GASOLINA_ESPECIAL_MAS,"EST. DE SERV. ""ARANJUEZ""",10000.0,
2026-09-14,Cochabamba,GASOLINA ESPECIAL + EESS,Gasolina Especial +,GASOLINA_ESPECIAL_MAS,"EST. DE SERV. ""ARANI"" - ZULMA ROJAS",10000.0,
2026-09-14,Cochabamba,GASOLINA ESPECIAL + EESS,Gasolina Especial +,GASOLINA_ESPECIAL_MAS,"EST. DE SERV. ""AEROPUERTO S.R.L.""",7000.0,
2026-09-14,Cochabamba,GASOLINA ESPECIAL + EESS,Gasolina Especial +,GASOLINA_ESPECIAL_MAS,"EST. DE SERV. ""ADRIAN""",8000.0,
2026-09-14,Cochabamba,GASOLINA ESPECIAL + EESS,Gasolina Especial +,GASOLINA_ESPECIAL_MAS,"EST. DE SERV. ""A.C.B. CARBURANTES SRL""",10000.0,
2026-09-14,Cochabamba,GASOLINA ESPECIAL + EESS,Gasolina Especial +,GASOLINA_ESPECIAL_MAS,"EST. DE SERV. ""24 DE SEPTIEMBRE S.R.L.""",8000.0,
2026-09-14,Cochabamba,GASOLINA ESPECIAL + EESS,Gasolina Especial +,GASOLINA_ESPECIAL_MAS,"EST. DE SERV. ""20 DE DICIEMBRE""",8000.0,
2026-09-14,Cochabamba,GASOLINA ESPECIAL + EESS,Gasolina Especial +,GASOLINA_ESPECIAL_MAS,"EST. DE SERV. "" LAS PALMERAS S.R.L.""",7000.0,
2026-09-14,Cochabamba,GASOLINA ESPECIAL + EESS,Gasolina Especial +,GASOLINA_ESPECIAL_MAS,CENTRO DE SERVICIOS VALLEPUNATA S.R.L.,7000.0,
2026-09-12,Cochabamba,GASOLINA ESPECIAL + CF,Gasolina Especial +,GASOLINA_ESPECIAL_MAS,YPFB REFINACION S.A.,10000.0,
2026-09-12,Cochabamba,GASOLINA ESPECIAL + EESS,Gasolina Especial +,GASOLINA_ESPECIAL_MAS,PETROCEL S.R.L.,16000.0,
2026-09-12,Cochabamba,GASOLINA ESPECIAL + EESS,Gasolina Especial +,GASOLINA_ESPECIAL_MAS,CENTRO DE SERVICIOS VALLEPUNATA S.R.L.,10000.0,
2026-09-12,Cochabamba,DIESEL OIL NACIONAL EESS,Diesel Oil Nacional,DIESEL_NACIONAL,TERMINAL DE BUSES COCHABAMBA S.A.,19000.0,
2026-09-12,Cochabamba,DIESEL OIL NACIONAL EESS,Diesel Oil Nacional,DIESEL_NACIONAL,SURTIDOR DE GASOLINA Y DIESEL COLOMI,16000.0,
2026-09-12,Cochabamba,DIESEL OIL NACIONAL EESS,Diesel Oil Nacional,DIESEL_NACIONAL,IMBRANJO S.R.L.,24000.0,
2026-09-12,Cochabamba,DIESEL OIL NACIONAL EESS,Diesel Oil Nacional,DIESEL_NACIONAL,ESTACIÓN DE SERVICIO VALLESANTIVAÑEZ S.R.L.,12000.0,
2026-09-12,Cochabamba,DIESEL OIL NACIONAL EESS,Diesel Oil Nacional,DIESEL_NACIONAL,ESTACIÓN DE SERVICIO FRANQUITO,12000.0,
2026-09-12,Cochabamba,DIESEL OIL NACIONAL EESS,Diesel Oil Nacional,DIESEL_NACIONAL,ESTACION DE SERVICIO TICTI S.R.L.,20000.0,
2026-09-12,Cochabamba,DIESEL OIL NACIONAL EESS,Diesel Oil Nacional,DIESEL_NACIONAL,ESTACION DE SERVICIO PAPU S.R.L.,10000.0,
2026-09-12,Cochabamba,DIESEL OIL NACIONAL EESS,Diesel Oil Nacional,DIESEL_NACIONAL,ESTACION DE SERVICIO OMEREQUE,11000.0,
2026-09-12,Cochabamba,DIESEL OIL NACIONAL EESS,Diesel Oil Nacional,DIESEL_NACIONAL,ESTACION DE SERVICIO LOS ALAMOS S.R.L.,30000.0,
2026-09-12,Cochabamba,DIESEL OIL NACIONAL EESS,Diesel Oil Nacional,DIESEL_NACIONAL,ESTACION DE SERVICIO BEIJING S.R.L.,19000.0,
2026-09-12,Cochabamba,DIESEL OIL NACIONAL EESS,Diesel Oil Nacional,DIESEL_NACIONAL,ESTACION DE SERVICIO ANITA,22000.0,
2026-09-12,Cochabamba,DIESEL OIL NACIONAL EESS,Diesel Oil Nacional,DIESEL_NACIONAL,"ESTACION DE SERVICIO ""POJO""",11000.0,
2026-09-12,Cochabamba,DIESEL OIL NACIONAL EESS,Diesel Oil Nacional,DIESEL_NACIONAL,"EST. DE SERV. ""VILLA OBRAJES""",24000.0,
2026-09-12,Cochabamba,DIESEL OIL NACIONAL EESS,Diesel Oil Nacional,DIESEL_NACIONAL,"EST. DE SERV. ""URKUPINA"" - ALBERTO OPORTO",20000.0,
2026-09-12,Cochabamba,DIESEL OIL NACIONAL EESS,Diesel Oil Nacional,DIESEL_NACIONAL,"EST. DE SERV. ""URKUPINA I""- ALBERTO OPORTO L.",10000.0,
2026-09-12,Cochabamba,DIESEL OIL NACIONAL EESS,Diesel Oil Nacional,DIESEL_NACIONAL,"EST. DE SERV. ""TRANS SACABA S.A.""",14000.0,
2026-09-12,Cochabamba,DIESEL OIL NACIONAL EESS,Diesel Oil Nacional,DIESEL_NACIONAL,"EST. DE SERV. ""TRANS SACABA S.A. II""",18000.0,
2026-09-12,Cochabamba,DIESEL OIL NACIONAL EESS,Diesel Oil Nacional,DIESEL_NACIONAL,"EST. DE SERV. ""TIRAQUE""",14000.0,
2026-09-12,Cochabamba,DIESEL OIL NACIONAL EESS,Diesel Oil Nacional,DIESEL_NACIONAL,"EST. DE SERV. ""TIQUIPAYA"" - VENICIA ALANEZ JIMENES",10000.0,
2026-09-12,Cochabamba,DIESEL OIL NACIONAL EESS,Diesel Oil Nacional,DIESEL_NACIONAL,"EST. DE SERV. ""SUTICOLLO""",26000.0,
2026-09-12,Cochabamba,DIESEL OIL NACIONAL EESS,Diesel Oil Nacional,DIESEL_NACIONAL,"EST. DE SERV. ""SURTIDOR CAMPERO""",7000.0,
2026-09-12,Cochabamba,DIESEL OIL NACIONAL EESS,Diesel Oil Nacional,DIESEL_NACIONAL,"EST. DE SERV. ""SIPE SIPE S.R.L.""",34000.0,
2026-09-12,Cochabamba,DIESEL OIL NACIONAL EESS,Diesel Oil Nacional,DIESEL_NACIONAL,"EST. DE SERV. ""SENOR SANTIAGO"" - E. DELGADILLO",11000.0,
2026-09-12,Cochabamba,DIESEL OIL NACIONAL EESS,Diesel Oil Nacional,DIESEL_NACIONAL,"EST. DE SERV. ""SANTA MONICA"" S.R.L.",11000.0,
2026-09-12,Cochabamba,DIESEL OIL NACIONAL EESS,Diesel Oil Nacional,DIESEL_NACIONAL,"EST. DE SERV. ""SAN JUAN BAUTISTA S.R.L.""",13000.0,
2026-09-12,Cochabamba,DIESEL OIL NACIONAL EESS,Diesel Oil Nacional,DIESEL_NACIONAL,"EST. DE SERV. ""SAN JORGE CBBA S.R.L.""",30000.0,
2026-09-12,Cochabamba,DIESEL OIL NACIONAL EESS,Diesel Oil Nacional,DIESEL_NACIONAL,"EST. DE SERV. ""RIOJA""",13000.0,
2026-09-12,Cochabamba,DIESEL OIL NACIONAL EESS,Diesel Oil Nacional,DIESEL_NACIONAL,"EST. DE SERV. ""REFINERIA""- SIMON RODRIGO FERRUFINO",10000.0,
2026-09-12,Cochabamba,DIESEL OIL NACIONAL EESS,Diesel Oil Nacional,DIESEL_NACIONAL,"EST. DE SERV. ""PETROGAS S.R.L.""",18000.0,
2026-09-12,Cochabamba,DIESEL OIL NACIONAL EESS,Diesel Oil Nacional,DIESEL_NACIONAL,"EST. DE SERV. ""PAROTANI""",28000.0,
2026-09-12,Cochabamba,DIESEL OIL NACIONAL EESS,Diesel Oil Nacional,DIESEL_NACIONAL,"EST. DE SERV. ""PAREDES VALLEJOS"" - JHONNY MILTON PAREDES VALLEJOS",11000.0,
2026-09-12,Cochabamba,DIESEL OIL NACIONAL EESS,Diesel Oil Nacional,DIESEL_NACIONAL,"EST. DE SERV. ""PARAJE 24.7 SRL""",26000.0,
2026-09-12,Cochabamba,DIESEL OIL NACIONAL EESS,Diesel Oil Nacional,DIESEL_NACIONAL,"EST. DE SERV. ""PARAJE 24.7 SRL SUC. 1""",13000.0,
2026-09-12,Cochabamba,DIESEL OIL NACIONAL EESS,Diesel Oil Nacional,DIESEL_NACIONAL,"EST. DE SERV. ""NISSAN"" - SIMON FERRUFINO",10000.0,
2026-09-12,Cochabamba,DIESEL OIL NACIONAL EESS,Diesel Oil Nacional,DIESEL_NACIONAL,"EST. DE SERV. ""MONTERREY S.R.L.""",26000.0,
2026-09-12,Cochabamba,DIESEL OIL NACIONAL EESS,Diesel Oil Nacional,DIESEL_NACIONAL,"EST. DE SERV. ""MIZQUE"" - DIOGENES MONTENEGRO P.",9000.0,
2026-09-12,Cochabamba,DIESEL OIL NACIONAL EESS,Diesel Oil Nacional,DIESEL_NACIONAL,"EST. DE SERV. ""MAX MAMANGUENO"" - E. MELGAREJO",10000.0,
2026-09-12,Cochabamba,DIESEL OIL NACIONAL EESS,Diesel Oil Nacional,DIESEL_NACIONAL,"EST. DE SERV. ""LOS ALPES""-BERTHA CAMACHO RICALDEZ",13000.0,
2026-09-12,Cochabamba,DIESEL OIL NACIONAL EESS,Diesel Oil Nacional,DIESEL_NACIONAL,"EST. DE SERV. ""LORETO"" SUC. 1",14000.0,
2026-09-12,Cochabamba,DIESEL OIL NACIONAL EESS,Diesel Oil Nacional,DIESEL_NACIONAL,"EST. DE SERV. ""ITAPAYA"" - ALBERTO AMURRIO F.",16000.0,
2026-09-12,Cochabamba,DIESEL OIL NACIONAL EESS,Diesel Oil Nacional,DIESEL_NACIONAL,"EST. DE SERV. ""ISABEL CHAVEZ""",16000.0,
2026-09-12,Cochabamba,DIESEL OIL NACIONAL EESS,Diesel Oil Nacional,DIESEL_NACIONAL,"EST. DE SERV. ""IQUIRCOLLO S.R.L.""",32000.0,
2026-09-12,Cochabamba,DIESEL OIL NACIONAL EESS,Diesel Oil Nacional,DIESEL_NACIONAL,"EST. DE SERV. ""INVERSIONES VALLESUR S.A.""",10000.0,
2026-09-12,Cochabamba,DIESEL OIL NACIONAL EESS,Diesel Oil Nacional,DIESEL_NACIONAL,"EST. DE SERV. ""GASNOR S.R.L.""",10000.0,
2026-09-12,Cochabamba,DIESEL OIL NACIONAL EESS,Diesel Oil Nacional,DIESEL_NACIONAL,"EST. DE SERV. ""FORTALEZA ENERGY S.R.L.""",10000.0,
2026-09-12,Cochabamba,DIESEL OIL NACIONAL EESS,Diesel Oil Nacional,DIESEL_NACIONAL,"EST. DE SERV. ""EQGAS"" S.R.L.",10000.0,
2026-09-12,Cochabamba,DIESEL OIL NACIONAL EESS,Diesel Oil Nacional,DIESEL_NACIONAL,"EST. DE SERV. ""EPIZANA""",12000.0,
2026-09-12,Cochabamba,DIESEL OIL NACIONAL EESS,Diesel Oil Nacional,DIESEL_NACIONAL,"EST. DE SERV. ""EL VIAJERO SRL""",26000.0,
2026-09-12,Cochabamba,DIESEL OIL NACIONAL EESS,Diesel Oil Nacional,DIESEL_NACIONAL,"EST. DE SERV. ""EL MANANTIAL SRL""",10000.0,
2026-09-12,Cochabamba,DIESEL OIL NACIONAL EESS,Diesel Oil Nacional,DIESEL_NACIONAL,"EST. DE SERV. ""EL CRISTO"" - CRISTIAN SABAG",10000.0,
2026-09-12,Cochabamba,DIESEL OIL NACIONAL EESS,Diesel Oil Nacional,DIESEL_NACIONAL,"EST. DE SERV. ""DISEL S.R.L.""",29000.0,
2026-09-12,Cochabamba,DIESEL OIL NACIONAL EESS,Diesel Oil Nacional,DIESEL_NACIONAL,"EST. DE SERV. ""DISEL S.R.L. I""",33000.0,
2026-09-12,Cochabamba,DIESEL OIL NACIONAL EESS,Diesel Oil Nacional,DIESEL_NACIONAL,"EST. DE SERV. ""DAYANA""",14000.0,
2026-09-12,Cochabamba,DIESEL OIL NACIONAL EESS,Diesel Oil Nacional,DIESEL_NACIONAL,"EST. DE SERV. ""COMERCIALIZADORA QK S.R.L.""",16000.0,
2026-09-12,Cochabamba,DIESEL OIL NACIONAL EESS,Diesel Oil Nacional,DIESEL_NACIONAL,"EST. DE SERV. ""COCHABAMBA""",32000.0,
2026-09-12,Cochabamba,DIESEL OIL NACIONAL EESS,Diesel Oil Nacional,DIESEL_NACIONAL,"EST. DE SERV. ""COCHABAMBA S.R.L. SUC. 1""",18000.0,
2026-09-12,Cochabamba,DIESEL OIL NACIONAL EESS,Diesel Oil Nacional,DIESEL_NACIONAL,"EST. DE SERV. ""CITY TRUCK FH S.R.L.""",21000.0,
2026-09-12,Cochabamba,DIESEL OIL NACIONAL EESS,Diesel Oil Nacional,DIESEL_NACIONAL,"EST. DE SERV. ""CIRCUITO BOLIVIA S.A.""",16000.0,
2026-09-12,Cochabamba,DIESEL OIL NACIONAL EESS,Diesel Oil Nacional,DIESEL_NACIONAL,"EST. DE SERV. ""CHULLPANI"" - TORRICO AGUILAR JOSE M",18000.0,
2026-09-12,Cochabamba,DIESEL OIL NACIONAL EESS,Diesel Oil Nacional,DIESEL_NACIONAL,"EST. DE SERV. ""CHINATA S.R.L.""",22000.0,
2026-09-12,Cochabamba,DIESEL OIL NACIONAL EESS,Diesel Oil Nacional,DIESEL_NACIONAL,"EST. DE SERV. ""CHIMBOCO""",22000.0,
2026-09-12,Cochabamba,DIESEL OIL NACIONAL EESS,Diesel Oil Nacional,DIESEL_NACIONAL,"EST. DE SERV. ""C.G.C. SRL""",29000.0,
2026-09-12,Cochabamba,DIESEL OIL NACIONAL EESS,Diesel Oil Nacional,DIESEL_NACIONAL,"EST. DE SERV. ""ARISPE""",11000.0,
2026-09-12,Cochabamba,DIESEL OIL NACIONAL EESS,Diesel Oil Nacional,DIESEL_NACIONAL,"EST. DE SERV. ""AEROPUERTO S.R.L.""",16000.0,
2026-09-12,Cochabamba,DIESEL OIL NACIONAL EESS,Diesel Oil Nacional,DIESEL_NACIONAL,COMERCIALIZADORA DE SERVICIOS LUBRISHOP S.R.L.,6000.0,
2026-09-12,Cochabamba,DIESEL OIL NACIONAL EESS,Diesel Oil Nacional,DIESEL_NACIONAL,CENTRO DE SERVICIOS VALLEPUNATA S.R.L.,6000.0,
2026-09-12,Cochabamba,GASOLINA ESPECIAL + EESS,Gasolina Especial +,GASOLINA_ESPECIAL_MAS,TERMINAL DE BUSES COCHABAMBA S.A.,10000.0,
2026-09-12,Cochabamba,GASOLINA ESPECIAL + EESS,Gasolina Especial +,GASOLINA_ESPECIAL_MAS,SURTIDOR DE GASOLINA Y DIESEL COLOMI,16000.0,
2026-09-12,Cochabamba,GASOLINA ESPECIAL + EESS,Gasolina Especial +,GASOLINA_ESPECIAL_MAS,KHORA ESTACION DE SERVICIO - MEDRANO ARNEZ JAIME,12000.0,
2026-09-12,Cochabamba,GASOLINA ESPECIAL + EESS,Gasolina Especial +,GASOLINA_ESPECIAL_MAS,IMBRANJO S.R.L.,22000.0,
2026-09-12,Cochabamba,GASOLINA ESPECIAL + EESS,Gasolina Especial +,GASOLINA_ESPECIAL_MAS,FEDEX CHACO,3000.0,
2026-09-12,Cochabamba,GASOLINA ESPECIAL + EESS,Gasolina Especial +,GASOLINA_ESPECIAL_MAS,ESTAGAS S.R.L.,14000.0,
2026-09-12,Cochabamba,GASOLINA ESPECIAL + EESS,Gasolina Especial +,GASOLINA_ESPECIAL_MAS,ESTACIÓN DE SERVICIO VALLESANTIVAÑEZ S.R.L.,12000.0,
2026-09-12,Cochabamba,GASOLINA ESPECIAL + EESS,Gasolina Especial +,GASOLINA_ESPECIAL_MAS,ESTACIÓN DE SERVICIO FRANQUITO,12000.0,
2026-09-12,Cochabamba,GASOLINA ESPECIAL + EESS,Gasolina Especial +,GASOLINA_ESPECIAL_MAS,ESTACION DE SERVICIO VIRGEN DE LAS ANGUSTIAS S.R.L.,12000.0,
2026-09-12,Cochabamba,GASOLINA ESPECIAL + EESS,Gasolina Especial +,GASOLINA_ESPECIAL_MAS,ESTACION DE SERVICIO TICTI S.R.L.,18000.0,
2026-09-12,Cochabamba,GASOLINA ESPECIAL + EESS,Gasolina Especial +,GASOLINA_ESPECIAL_MAS,ESTACION DE SERVICIO PAPU S.R.L.,14000.0,
2026-09-12,Cochabamba,GASOLINA ESPECIAL + EESS,Gasolina Especial +,GASOLINA_ESPECIAL_MAS,ESTACION DE SERVICIO OMEREQUE,14000.0,
2026-09-12,Cochabamba,GASOLINA ESPECIAL + EESS,Gasolina Especial +,GASOLINA_ESPECIAL_MAS,ESTACION DE SERVICIO LOS ALAMOS S.R.L.,18000.0,
2026-09-12,Cochabamba,GASOLINA ESPECIAL + EESS,Gasolina Especial +,GASOLINA_ESPECIAL_MAS,ESTACION DE SERVICIO HIPODROMO S.R.L.,6000.0,
2026-09-12,Cochabamba,GASOLINA ESPECIAL + EESS,Gasolina Especial +,GASOLINA_ESPECIAL_MAS,ESTACION DE SERVICIO CAPITAN VICTOR USTARIZ S.R.L.,16000.0,
2026-09-12,Cochabamba,GASOLINA ESPECIAL + EESS,Gasolina Especial +,GASOLINA_ESPECIAL_MAS,ESTACION DE SERVICIO BEIJING S.R.L.,20000.0,
2026-09-12,Cochabamba,GASOLINA ESPECIAL + EESS,Gasolina Especial +,GASOLINA_ESPECIAL_MAS,ESTACION DE SERVICIO ANITA,24000.0,
2026-09-12,Cochabamba,GASOLINA ESPECIAL + EESS,Gasolina Especial +,GASOLINA_ESPECIAL_MAS,"ESTACION DE SERVICIO ""POJO""",12000.0,
2026-09-12,Cochabamba,GASOLINA ESPECIAL + EESS,Gasolina Especial +,GASOLINA_ESPECIAL_MAS,"ESTACION DE SERVICIO ""LOS LAURELES"" - DIEGO M. DELGADILLO ANTEZANA",14000.0,
2026-09-12,Cochabamba,GASOLINA ESPECIAL + EESS,Gasolina Especial +,GASOLINA_ESPECIAL_MAS,"EST. DE SERV. ""VILLA OBRAJES""",18000.0,
2026-09-12,Cochabamba,GASOLINA ESPECIAL + EESS,Gasolina Especial +,GASOLINA_ESPECIAL_MAS,"EST. DE SERV. ""URKUPINA"" - ALBERTO OPORTO",14000.0,
2026-09-12,Cochabamba,GASOLINA ESPECIAL + EESS,Gasolina Especial +,GASOLINA_ESPECIAL_MAS,"EST. DE SERV. ""URKUPINA I""- ALBERTO OPORTO L.",20000.0,
2026-09-12,Cochabamba,GASOLINA ESPECIAL + EESS,Gasolina Especial +,GASOLINA_ESPECIAL_MAS,"EST. DE SERV. ""PETROGAS S.R.L.""",6000.0,
2026-09-12,Cochabamba,GASOLINA ESPECIAL + EESS,Gasolina Especial +,GASOLINA_ESPECIAL_MAS,COMERCIALIZADORA DE SERVICIOS LUBRISHOP S.R.L.,6000.0,
2026-09-12,Cochabamba,GASOLINA ESPECIAL + EESS,Gasolina Especial +,GASOLINA_ESPECIAL_MAS,"EST. DE SERV. ""TRANS SACABA S.A. II""",18000.0,
2026-09-12,Cochabamba,GASOLINA ESPECIAL + EESS,Gasolina Especial +,GASOLINA_ESPECIAL_MAS,"EST. DE SERV. ""TIRAQUE""",12000.0,
2026-09-12,Cochabamba,GASOLINA ESPECIAL + EESS,Gasolina Especial +,GASOLINA_ESPECIAL_MAS,"EST. DE SERV. ""TIQUIPAYA"" - VENICIA ALANEZ JIMENES",12000.0,
2026-09-12,Cochabamba,GASOLINA ESPECIAL + EESS,Gasolina Especial +,GASOLINA_ESPECIAL_MAS,"EST. DE SERV. ""SURTIDOR CAMPERO""",14000.0,
2026-09-12,Cochabamba,GASOLINA ESPECIAL + EESS,Gasolina Especial +,GASOLINA_ESPECIAL_MAS,"EST. DE SERV. ""SIPE SIPE S.R.L.""",18000.0,
2026-09-12,Cochabamba,GASOLINA ESPECIAL + EESS,Gasolina Especial +,GASOLINA_ESPECIAL_MAS,"EST. DE SERV. ""SENOR SANTIAGO"" - E. DELGADILLO",18000.0,
2026-09-12,Cochabamba,GASOLINA ESPECIAL + EESS,Gasolina Especial +,GASOLINA_ESPECIAL_MAS,"EST. DE SERV. ""SENOR SANTIAGO SUC. 1"" - E. DELGADILLO",16000.0,
2026-09-12,Cochabamba,GASOLINA ESPECIAL + EESS,Gasolina Especial +,GASOLINA_ESPECIAL_MAS,"EST. DE SERV. ""SANTA MONICA"" S.R.L.",14000.0,
2026-09-12,Cochabamba,GASOLINA ESPECIAL + EESS,Gasolina Especial +,GASOLINA_ESPECIAL_MAS,"EST. DE SERV. ""SAN JUAN BAUTISTA S.R.L.""",18000.0,
2026-09-12,Cochabamba,GASOLINA ESPECIAL + EESS,Gasolina Especial +,GASOLINA_ESPECIAL_MAS,"EST. DE SERV. ""SAN JORGE CBBA S.R.L.""",20000.0,
2026-09-12,Cochabamba,GASOLINA ESPECIAL + EESS,Gasolina Especial +,GASOLINA_ESPECIAL_MAS,"EST. DE SERV. ""RIOJA""",18000.0,
2026-09-12,Cochabamba,GASOLINA ESPECIAL + EESS,Gasolina Especial +,GASOLINA_ESPECIAL_MAS,"EST. DE SERV. ""REFINERIA""- SIMON RODRIGO FERRUFINO",16000.0,
2026-09-12,Cochabamba,GASOLINA ESPECIAL + EESS,Gasolina Especial +,GASOLINA_ESPECIAL_MAS,"EST. DE SERV. ""PORTALEZ S.R.L.""",24000.0,
2026-09-12,Cochabamba,GASOLINA ESPECIAL + EESS,Gasolina Especial +,GASOLINA_ESPECIAL_MAS,"EST. DE SERV. ""PAREDES VALLEJOS"" - JHONNY MILTON PAREDES VALLEJOS",12000.0,
2026-09-12,Cochabamba,GASOLINA ESPECIAL + EESS,Gasolina Especial +,GASOLINA_ESPECIAL_MAS,"EST. DE SERV. ""PARAJE 24.7 SRL""",16000.0,
2026-09-12,Cochabamba,GASOLINA ESPECIAL + EESS,Gasolina Especial +,GASOLINA_ESPECIAL_MAS,"EST. DE SERV. ""PARAJE 24.7 SRL SUC. 1""",14000.0,
2026-09-12,Cochabamba,GASOLINA ESPECIAL + EESS,Gasolina Especial +,GASOLINA_ESPECIAL_MAS,"EST. DE SERV. ""PANAMERICANA"" SUCURSAL COCHABAMBA",14000.0,
2026-09-12,Cochabamba,GASOLINA ESPECIAL + EESS,Gasolina Especial +,GASOLINA_ESPECIAL_MAS,"EST. DE SERV. ""NISSAN"" - SIMON FERRUFINO",16000.0,
2026-09-12,Cochabamba,GASOLINA ESPECIAL + EESS,Gasolina Especial +,GASOLINA_ESPECIAL_MAS,"EST. DE SERV. ""MONTERREY S.R.L.""",14000.0,
2026-09-12,Cochabamba,GASOLINA ESPECIAL + EESS,Gasolina Especial +,GASOLINA_ESPECIAL_MAS,"EST. DE SERV. ""MIZQUE"" - DIOGENES MONTENEGRO P.",16000.0,
2026-09-12,Cochabamba,GASOLINA ESPECIAL + EESS,Gasolina Especial +,GASOLINA_ESPECIAL_MAS,"EST. DE SERV. ""MAX MAMANGUENO"" - E. MELGAREJO",16000.0,
2026-09-12,Cochabamba,GASOLINA ESPECIAL + EESS,Gasolina Especial +,GASOLINA_ESPECIAL_MAS,"EST. DE SERV. ""LOS ALPES""-BERTHA CAMACHO RICALDEZ",20000.0,
2026-09-12,Cochabamba,GASOLINA ESPECIAL + EESS,Gasolina Especial +,GASOLINA_ESPECIAL_MAS,"EST. DE SERV. ""LORETO"" SUC. 1",20000.0,
2026-09-12,Cochabamba,GASOLINA ESPECIAL + EESS,Gasolina Especial +,GASOLINA_ESPECIAL_MAS,"EST. DE SERV. ""LA PATRIA S.R.L.""",10000.0,
2026-09-12,Cochabamba,GASOLINA ESPECIAL + EESS,Gasolina Especial +,GASOLINA_ESPECIAL_MAS,"EST. DE SERV. ""ITAPAYA"" - ALBERTO AMURRIO F.",10000.0,
2026-09-12,Cochabamba,GASOLINA ESPECIAL + EESS,Gasolina Especial +,GASOLINA_ESPECIAL_MAS,"EST. DE SERV. ""ISABEL CHAVEZ""",24000.0,
2026-09-12,Cochabamba,GASOLINA ESPECIAL + EESS,Gasolina Especial +,GASOLINA_ESPECIAL_MAS,"EST. DE SERV. ""IQUIRCOLLO S.R.L.""",24000.0,
2026-09-12,Cochabamba,GASOLINA ESPECIAL + EESS,Gasolina Especial +,GASOLINA_ESPECIAL_MAS,"EST. DE SERV. ""IQUIRCOLLO S.R.L. SUC. 1""",24000.0,
2026-09-12,Cochabamba,GASOLINA ESPECIAL + EESS,Gasolina Especial +,GASOLINA_ESPECIAL_MAS,"EST. DE SERV. ""INVERSIONES VALLESUR S.A.""",12000.0,
2026-09-12,Cochabamba,GASOLINA ESPECIAL + EESS,Gasolina Especial +,GASOLINA_ESPECIAL_MAS,"EST. DE SERV. ""GUADELOUPE GROUP S.R.L.""",14000.0,
2026-09-12,Cochabamba,GASOLINA ESPECIAL + EESS,Gasolina Especial +,GASOLINA_ESPECIAL_MAS,"EST. DE SERV. ""GASNOR S.R.L.""",20000.0,
2026-09-12,Cochabamba,GASOLINA ESPECIAL + EESS,Gasolina Especial +,GASOLINA_ESPECIAL_MAS,"EST. DE SERV. ""FORTALEZA ENERGY S.R.L.""",12000.0,
2026-09-12,Cochabamba,GASOLINA ESPECIAL + EESS,Gasolina Especial +,GASOLINA_ESPECIAL_MAS,"EST. DE SERV. ""EQGAS"" S.R.L.",16000.0,
2026-09-12,Cochabamba,GASOLINA ESPECIAL + EESS,Gasolina Especial +,GASOLINA_ESPECIAL_MAS,"EST. DE SERV. ""EPIZANA""",20000.0,
2026-09-12,Cochabamba,GASOLINA ESPECIAL + EESS,Gasolina Especial +,GASOLINA_ESPECIAL_MAS,"EST. DE SERV. ""EL MANANTIAL SUC. 2""",18000.0,
2026-09-12,Cochabamba,GASOLINA ESPECIAL + EESS,Gasolina Especial +,GASOLINA_ESPECIAL_MAS,"EST. DE SERV. ""EL MANANTIAL SUC. 1""",14000.0,
2026-09-12,Cochabamba,GASOLINA ESPECIAL + EESS,Gasolina Especial +,GASOLINA_ESPECIAL_MAS,"EST. DE SERV. ""EL MANANTIAL SRL""",14000.0,
2026-09-12,Cochabamba,GASOLINA ESPECIAL + EESS,Gasolina Especial +,GASOLINA_ESPECIAL_MAS,"EST. DE SERV. ""EL CRISTO"" - CRISTIAN SABAG",30000.0,
2026-09-12,Cochabamba,GASOLINA ESPECIAL + EESS,Gasolina Especial +,GASOLINA_ESPECIAL_MAS,"EST. DE SERV. ""DORBIGNI""",20000.0,
2026-09-12,Cochabamba,GASOLINA ESPECIAL + EESS,Gasolina Especial +,GASOLINA_ESPECIAL_MAS,"EST. DE SERV. ""DISEL S.R.L.""",16000.0,
2026-09-12,Cochabamba,GASOLINA ESPECIAL + EESS,Gasolina Especial +,GASOLINA_ESPECIAL_MAS,"EST. DE SERV. ""DISEL S.R.L. I""",16000.0,
2026-09-12,Cochabamba,GASOLINA ESPECIAL + EESS,Gasolina Especial +,GASOLINA_ESPECIAL_MAS,"EST. DE SERV. ""DELAASUNCION-AMERICA S.R.L.""",14000.0,
2026-09-12,Cochabamba,GASOLINA ESPECIAL + EESS,Gasolina Especial +,GASOLINA_ESPECIAL_MAS,"EST. DE SERV. ""DAYANA""",20000.0,
2026-09-12,Cochabamba,GASOLINA ESPECIAL + EESS,Gasolina Especial +,GASOLINA_ESPECIAL_MAS,"EST. DE SERV. ""COMERCIALIZADORA QK S.R.L.""",14000.0,
2026-09-12,Cochabamba,GASOLINA ESPECIAL + EESS,Gasolina Especial +,GASOLINA_ESPECIAL_MAS,"EST. DE SERV. ""COCHABAMBA""",16000.0,
2026-09-12,Cochabamba,GASOLINA ESPECIAL + EESS,Gasolina Especial +,GASOLINA_ESPECIAL_MAS,"EST. DE SERV. ""COCHABAMBA S.R.L. SUC. 2""",16000.0,
2026-09-12,Cochabamba,GASOLINA ESPECIAL + EESS,Gasolina Especial +,GASOLINA_ESPECIAL_MAS,"EST. DE SERV. ""COCHABAMBA S.R.L. SUC. 1""",16000.0,
2026-09-12,Cochabamba,GASOLINA ESPECIAL + EESS,Gasolina Especial +,GASOLINA_ESPECIAL_MAS,"EST. DE SERV. ""CITY TRUCK FH S.R.L.""",18000.0,
2026-09-12,Cochabamba,GASOLINA ESPECIAL + EESS,Gasolina Especial +,GASOLINA_ESPECIAL_MAS,"EST. DE SERV. ""CIRCUITO BOLIVIA S.A.""",20000.0,
2026-09-12,Cochabamba,GASOLINA ESPECIAL + EESS,Gasolina Especial +,GASOLINA_ESPECIAL_MAS,"EST. DE SERV. ""CHULLPANI"" - TORRICO AGUILAR JOSE M",26000.0,
2026-09-12,Cochabamba,GASOLINA ESPECIAL + EESS,Gasolina Especial +,GASOLINA_ESPECIAL_MAS,"EST. DE SERV. ""CHINATA S.R.L.""",18000.0,
2026-09-12,Cochabamba,GASOLINA ESPECIAL + EESS,Gasolina Especial +,GASOLINA_ESPECIAL_MAS,"EST. DE SERV. ""CHIMBOCO""",20000.0,
2026-09-12,Cochabamba,GASOLINA ESPECIAL + EESS,Gasolina Especial +,GASOLINA_ESPECIAL_MAS,"EST. DE SERV. ""C.G.C. SRL""",16000.0,
2026-09-12,Cochabamba,GASOLINA ESPECIAL + EESS,Gasolina Especial +,GASOLINA_ESPECIAL_MAS,"EST. DE SERV. ""AYACUCHO""",18000.0,
2026-09-12,Cochabamba,GASOLINA ESPECIAL + EESS,Gasolina Especial +,GASOLINA_ESPECIAL_MAS,"EST. DE SERV. ""ARISPE""",14000.0,
2026-09-12,Cochabamba,GASOLINA ESPECIAL + EESS,Gasolina Especial +,GASOLINA_ESPECIAL_MAS,"EST. DE SERV. ""ARANJUEZ""",22000.0,
2026-09-12,Cochabamba,GASOLINA ESPECIAL + EESS,Gasolina Especial +,GASOLINA_ESPECIAL_MAS,"EST. DE SERV. ""AEROPUERTO S.R.L.""",16000.0,
2026-09-12,Cochabamba,GASOLINA ESPECIAL + EESS,Gasolina Especial +,GASOLINA_ESPECIAL_MAS,"EST. DE SERV. ""A.C.B. CARBURANTES SRL""",24000.0,
2026-09-12,Cochabamba,GASOLINA ESPECIAL + EESS,Gasolina Especial +,GASOLINA_ESPECIAL_MAS,"EST. DE SERV. ""20 DE DICIEMBRE""",16000.0,
2026-09-12,Cochabamba,GASOLINA ESPECIAL + EESS,Gasolina Especial +,GASOLINA_ESPECIAL_MAS,"EST. DE SERV. "" LAS PALMERAS S.R.L.""",16000.0,
2026-09-12,Cochabamba,GLP DISTRIB. 45 KILOS NAL,GLP,GLP,DIST. GLP SOCIEDAD PETROLERA SANTA ELENA S.R.L.,3600.0,
2026-09-12,Cochabamba,GLP DISTRIB. 45 KILOS NAL,GLP,GLP,CBA GAS S.A.,2250.0,
2026-09-12,Cochabamba,GLP DISTRIB. 10 KILOS NAL,GLP,GLP,FERRO GAS - BERTHA CAMACHO RICALDEZ DE FERRUFINO,12000.0,
2026-09-12,Cochabamba,GLP DISTRIB. 10 KILOS NAL,GLP,GLP,"DIST.GLP""VILOMA GAS"" E.ARANDIA",12000.0,
2026-09-12,Cochabamba,GLP DISTRIB. 10 KILOS NAL,GLP,GLP,"DIST.GLP""NOE GAS""M.HINOJOSA R.",12000.0,
2026-09-12,Cochabamba,GLP DISTRIB. 10 KILOS NAL,GLP,GLP,"DIST. PROV.GLP ""SIPE SIPE GAS""",12000.0,
2026-09-12,Cochabamba,GLP DISTRIB. 10 KILOS NAL,GLP,GLP,"DIST. PROV. GLP ""PREMIUN GAS"" - EDUARDO ZENTENO E.",6000.0,
2026-09-12,Cochabamba,GLP DISTRIB. 10 KILOS NAL,GLP,GLP,"DIST. PROV. GLP ""COTA GAS"" - NELSON OLMOS",6000.0,
2026-09-12,Cochabamba,GLP DISTRIB. 10 KILOS NAL,GLP,GLP,"DIST. PROV. GLP ""COLOMI GAS""",6000.0,
2026-09-12,Cochabamba,GLP DISTRIB. 10 KILOS NAL,GLP,GLP,"DIST. PROV. GLP ""ARANDIA GAS S.R.L.""",6000.0,
2026-09-12,Cochabamba,GLP DISTRIB. 10 KILOS NAL,GLP,GLP,"DIST. GLP""SARCO GAS""M.FELIPEZ",12000.0,
2026-09-12,Cochabamba,GLP DISTRIB. 10 KILOS NAL,GLP,GLP,DIST. GLP SOCIEDAD PETROLERA SANTA ELENA S.R.L.,12000.0,
2026-09-12,Cochabamba,GLP DISTRIB. 10 KILOS NAL,GLP,GLP,DIST. GLP NUESTRO GAS-JONSON RICHARD LIMA FLORERO,12000.0,
2026-09-12,Cochabamba,GLP DISTRIB. 10 KILOS NAL,GLP,GLP,"DIST. GLP ""EXTRA GAS"" - MARIO CORDOVA PINTO",12000.0,
2026-09-12,Cochabamba,GLP DISTRIB. 10 KILOS NAL,GLP,GLP,"DIST. GLP ""EDMUNDO GAS"" - EDMUNDO QUIROZ TAPIA",6000.0,
2026-09-12,Cochabamba,GLP DISTRIB. 10 KILOS NAL,GLP,GLP,"DIST. GLP ""DISBOGAS"" - JENNY PETRONA SALAMANCA VILLAFUERTE",6000.0,
2026-09-12,Cochabamba,GLP DISTRIB. 10 KILOS NAL,GLP,GLP,"DIST. GLP ""CAPI GAS"" - GONZALO SOLIZ GUTIERREZ",6000.0,
2026-09-12,Cochabamba,GLP DISTRIB. 10 KILOS NAL,GLP,GLP,"DIST. GLP ""BIO GAS"" - ANA MARIA ROMERO DE TORRICO",12000.0,
2026-09-12,Cochabamba,GLP DISTRIB. 10 KILOS NAL,GLP,GLP,"DIST. GLP ""ADRIAZOL GAS""",6000.0,
2026-09-12,Cochabamba,GLP DISTRIB. 10 KILOS NAL,GLP,GLP,"COOPERATIVA DE SERVICIOS DE DISTRIBUCION DE GAS LICUADO ""CANDELARIA"" R.L.",6000.0,
2026-09-12,Cochabamba,GLP DISTRIB. 10 KILOS NAL,GLP,GLP,CBA GAS S.A.,12000.0,
2026-09-12,Cochabamba,GLP DISTRIB. 10 KILOS NAL,GLP,GLP,A TODO GAS S.R.L.,12000.0,
2026-09-11,Cochabamba,GLP DISTRIB. 10 KILOS NAL,GLP,GLP,ROSI GAS - ROXANA ESPINOZA PRADO,6000.0,
2026-09-11,Cochabamba,GLP DISTRIB. 10 KILOS NAL,GLP,GLP,FAS GAS,6000.0,
2026-09-11,Cochabamba,GLP DISTRIB. 10 KILOS NAL,GLP,GLP,"DIST. PROV.GLP ""ESPERANZA GAS""",6000.0,
2026-09-11,Cochabamba,GLP DISTRIB. 10 KILOS NAL,GLP,GLP,"DIST. PROV. GLP ""VADIGAS""",6000.0,
2026-09-11,Cochabamba,GLP DISTRIB. 45 KILOS NAL,GLP,GLP,DIST. GLP SOCIEDAD PETROLERA SANTA ELENA S.R.L.,3600.0,
2026-09-11,Cochabamba,GLP DISTRIB. 45 KILOS NAL,GLP,GLP,DIST. GLP NUESTRO GAS-JONSON RICHARD LIMA FLORERO,1800.0,
2026-09-11,Cochabamba,GLP DISTRIB. 45 KILOS NAL,GLP,GLP,CBA GAS S.A.,2250.0,
2026-09-11,Cochabamba,GLP DISTRIB. 10 KILOS NAL,GLP,GLP,FERRO GAS - BERTHA CAMACHO RICALDEZ DE FERRUFINO,18000.0,
2026-09-11,Cochabamba,GLP DISTRIB. 10 KILOS NAL,GLP,GLP,"DIST.GLP""VILOMA GAS"" E.ARANDIA",12000.0,
2026-09-11,Cochabamba,GLP DISTRIB. 10 KILOS NAL,GLP,GLP,"DIST.GLP""NOE GAS""M.HINOJOSA R.",12000.0,
2026-09-11,Cochabamba,GLP DISTRIB. 10 KILOS NAL,GLP,GLP,"DIST. PROV.GLP ""SIPE SIPE GAS""",12000.0,
2026-09-11,Cochabamba,GLP DISTRIB. 10 KILOS NAL,GLP,GLP,"DIST. PROV. GLP ""PREMIUN GAS"" - EDUARDO ZENTENO E.",6000.0,
2026-09-11,Cochabamba,GLP DISTRIB. 10 KILOS NAL,GLP,GLP,"DIST. PROV. GLP ""COTA GAS"" - NELSON OLMOS",6000.0,
2026-09-11,Cochabamba,GLP DISTRIB. 10 KILOS NAL,GLP,GLP,"DIST. PROV. GLP ""COLOMI GAS""",6000.0,
2026-09-11,Cochabamba,GLP DISTRIB. 10 KILOS NAL,GLP,GLP,"DIST. PROV. GLP ""ARANDIA GAS S.R.L.""",6000.0,
2026-09-11,Cochabamba,GLP DISTRIB. 10 KILOS NAL,GLP,GLP,"DIST. GLP""SARCO GAS""M.FELIPEZ",18000.0,
2026-09-11,Cochabamba,GLP DISTRIB. 10 KILOS NAL,GLP,GLP,DIST. GLP SOCIEDAD PETROLERA SANTA ELENA S.R.L.,24000.0,
2026-09-11,Cochabamba,GLP DISTRIB. 10 KILOS NAL,GLP,GLP,DIST. GLP NUESTRO GAS-JONSON RICHARD LIMA FLORERO,24000.0,
2026-09-11,Cochabamba,GLP DISTRIB. 10 KILOS NAL,GLP,GLP,"DIST. GLP ""SANTIVANEZ GAS"" - JUVENAL ZENTENO ESPINOZA",6000.0,
2026-09-11,Cochabamba,GLP DISTRIB. 10 KILOS NAL,GLP,GLP,"DIST. GLP ""EXTRA GAS"" - MARIO CORDOVA PINTO",12000.0,
2026-09-11,Cochabamba,GLP DISTRIB. 10 KILOS NAL,GLP,GLP,"DIST. GLP ""EDMUNDO GAS"" - EDMUNDO QUIROZ TAPIA",6000.0,
2026-09-11,Cochabamba,GLP DISTRIB. 10 KILOS NAL,GLP,GLP,"DIST. GLP ""DISBOGAS"" - JENNY PETRONA SALAMANCA VILLAFUERTE",6000.0,
2026-09-11,Cochabamba,GLP DISTRIB. 10 KILOS NAL,GLP,GLP,"DIST. GLP ""CAPI GAS"" - GONZALO SOLIZ GUTIERREZ",6000.0,
2026-09-11,Cochabamba,GLP DISTRIB. 10 KILOS NAL,GLP,GLP,"DIST. GLP ""BIO GAS"" - ANA MARIA ROMERO DE TORRICO",18000.0,
2026-09-11,Cochabamba,GLP DISTRIB. 10 KILOS NAL,GLP,GLP,"DIST. GLP ""ADRIAZOL GAS""",6000.0,
2026-09-11,Cochabamba,GLP DISTRIB. 10 KILOS NAL,GLP,GLP,"COOPERATIVA DE SERVICIOS DE DISTRIBUCION DE GAS LICUADO ""CANDELARIA"" R.L.",6000.0,
2026-09-11,Cochabamba,GLP DISTRIB. 10 KILOS NAL,GLP,GLP,CBA GAS S.A.,12000.0,
2026-09-11,Cochabamba,GLP DISTRIB. 10 KILOS NAL,GLP,GLP,A TODO GAS S.R.L.,18000.0,
2026-09-11,Cochabamba,GASOLINA ESPECIAL + GRACO,Gasolina Especial +,GASOLINA_ESPECIAL_MAS,COOPERATIVA MULTIACTIVA COBOCE R.L.,10000.0,
2026-09-11,Cochabamba,GASOLINA ESPECIAL + EESS,Gasolina Especial +,GASOLINA_ESPECIAL_MAS,TERMINAL DE BUSES COCHABAMBA S.A.,10000.0,
2026-09-11,Cochabamba,GASOLINA ESPECIAL + EESS,Gasolina Especial +,GASOLINA_ESPECIAL_MAS,SURTIDOR DE GASOLINA Y DIESEL COLOMI,16000.0,
2026-09-11,Cochabamba,GASOLINA ESPECIAL + EESS,Gasolina Especial +,GASOLINA_ESPECIAL_MAS,PETROCEL S.R.L.,12000.0,
2026-09-11,Cochabamba,GASOLINA ESPECIAL + EESS,Gasolina Especial +,GASOLINA_ESPECIAL_MAS,KHORA ESTACION DE SERVICIO - MEDRANO ARNEZ JAIME,6000.0,
2026-09-11,Cochabamba,GASOLINA ESPECIAL + EESS,Gasolina Especial +,GASOLINA_ESPECIAL_MAS,IMBRANJO S.R.L.,14000.0,
2026-09-11,Cochabamba,GASOLINA ESPECIAL + EESS,Gasolina Especial +,GASOLINA_ESPECIAL_MAS,FEDEX CHACO,3000.0,
2026-09-11,Cochabamba,GASOLINA ESPECIAL + EESS,Gasolina Especial +,GASOLINA_ESPECIAL_MAS,ESTAGAS S.R.L.,10000.0,
2026-09-11,Cochabamba,GASOLINA ESPECIAL + EESS,Gasolina Especial +,GASOLINA_ESPECIAL_MAS,ESTACION DE SERVICIO VIRGEN DE LAS ANGUSTIAS S.R.L.,12000.0,
2026-09-11,Cochabamba,GASOLINA ESPECIAL + EESS,Gasolina Especial +,GASOLINA_ESPECIAL_MAS,ESTACION DE SERVICIO TICTI S.R.L.,12000.0,
2026-09-11,Cochabamba,GASOLINA ESPECIAL + EESS,Gasolina Especial +,GASOLINA_ESPECIAL_MAS,ESTACION DE SERVICIO LOS LIBERTADORES S.R.L.,10000.0,
2026-09-11,Cochabamba,GASOLINA ESPECIAL + EESS,Gasolina Especial +,GASOLINA_ESPECIAL_MAS,ESTACION DE SERVICIO LOS ALAMOS S.R.L.,14000.0,
2026-09-11,Cochabamba,GASOLINA ESPECIAL + EESS,Gasolina Especial +,GASOLINA_ESPECIAL_MAS,ESTACION DE SERVICIO HIPODROMO S.R.L.,6000.0,
2026-09-11,Cochabamba,GASOLINA ESPECIAL + EESS,Gasolina Especial +,GASOLINA_ESPECIAL_MAS,ESTACION DE SERVICIO COODPE S.R.L.,12000.0,
2026-09-11,Cochabamba,GASOLINA ESPECIAL + EESS,Gasolina Especial +,GASOLINA_ESPECIAL_MAS,ESTACION DE SERVICIO CAPITAN VICTOR USTARIZ S.R.L.,12000.0,
2026-09-11,Cochabamba,GASOLINA ESPECIAL + EESS,Gasolina Especial +,GASOLINA_ESPECIAL_MAS,ESTACION DE SERVICIO BEIJING S.R.L.,14000.0,
2026-09-11,Cochabamba,GASOLINA ESPECIAL + EESS,Gasolina Especial +,GASOLINA_ESPECIAL_MAS,ESTACION DE SERVICIO ANITA,16000.0,
2026-09-11,Cochabamba,GASOLINA ESPECIAL + EESS,Gasolina Especial +,GASOLINA_ESPECIAL_MAS,"ESTACION DE SERVICIO ""POJO""",6000.0,
2026-09-11,Cochabamba,GASOLINA ESPECIAL + EESS,Gasolina Especial +,GASOLINA_ESPECIAL_MAS,"ESTACION DE SERVICIO ""LOS LAURELES"" - DIEGO M. DELGADILLO ANTEZANA",10000.0,
2026-09-11,Cochabamba,GASOLINA ESPECIAL + EESS,Gasolina Especial +,GASOLINA_ESPECIAL_MAS,"EST. DE SERV. ""VILLA OBRAJES""",10000.0,
2026-09-11,Cochabamba,GASOLINA ESPECIAL + EESS,Gasolina Especial +,GASOLINA_ESPECIAL_MAS,"EST. DE SERV. ""URKUPINA"" - ALBERTO OPORTO",10000.0,
2026-09-11,Cochabamba,GASOLINA ESPECIAL + EESS,Gasolina Especial +,GASOLINA_ESPECIAL_MAS,"EST. DE SERV. ""URKUPINA I""- ALBERTO OPORTO L.",12000.0,
2026-09-11,Cochabamba,GASOLINA ESPECIAL + EESS,Gasolina Especial +,GASOLINA_ESPECIAL_MAS,"EST. DE SERV. ""TRANS SACABA S.A. II""",10000.0,
2026-09-11,Cochabamba,GASOLINA ESPECIAL + EESS,Gasolina Especial +,GASOLINA_ESPECIAL_MAS,"EST. DE SERV. ""TIQUIPAYA"" - VENICIA ALANEZ JIMENES",6000.0,
2026-09-11,Cochabamba,GASOLINA ESPECIAL + EESS,Gasolina Especial +,GASOLINA_ESPECIAL_MAS,"EST. DE SERV. ""SUTICOLLO""",12000.0,
2026-09-11,Cochabamba,GASOLINA ESPECIAL + EESS,Gasolina Especial +,GASOLINA_ESPECIAL_MAS,"EST. DE SERV. ""SURTIDOR CAMPERO""",8000.0,
2026-09-11,Cochabamba,GASOLINA ESPECIAL + EESS,Gasolina Especial +,GASOLINA_ESPECIAL_MAS,"EST. DE SERV. ""SIPE SIPE S.R.L.""",14000.0,
2026-09-11,Cochabamba,GASOLINA ESPECIAL + EESS,Gasolina Especial +,GASOLINA_ESPECIAL_MAS,"EST. DE SERV. ""SENOR SANTIAGO"" - E. DELGADILLO",10000.0,
2026-09-11,Cochabamba,GASOLINA ESPECIAL + EESS,Gasolina Especial +,GASOLINA_ESPECIAL_MAS,"EST. DE SERV. ""SENOR SANTIAGO SUC. 1"" - E. DELGADILLO",10000.0,
2026-09-11,Cochabamba,GASOLINA ESPECIAL + EESS,Gasolina Especial +,GASOLINA_ESPECIAL_MAS,"EST. DE SERV. ""SANTA MONICA"" S.R.L.",10000.0,
2026-09-11,Cochabamba,GASOLINA ESPECIAL + EESS,Gasolina Especial +,GASOLINA_ESPECIAL_MAS,"EST. DE SERV. ""SAN JUAN BAUTISTA S.R.L.""",12000.0,
2026-09-11,Cochabamba,GASOLINA ESPECIAL + EESS,Gasolina Especial +,GASOLINA_ESPECIAL_MAS,"EST. DE SERV. ""SAN JORGE CBBA S.R.L.""",16000.0,
2026-09-11,Cochabamba,GASOLINA ESPECIAL + EESS,Gasolina Especial +,GASOLINA_ESPECIAL_MAS,"EST. DE SERV. ""RIOJA""",10000.0,
2026-09-11,Cochabamba,GASOLINA ESPECIAL + EESS,Gasolina Especial +,GASOLINA_ESPECIAL_MAS,"EST. DE SERV. ""REFINERIA""- SIMON RODRIGO FERRUFINO",6000.0,
2026-09-11,Cochabamba,GASOLINA ESPECIAL + EESS,Gasolina Especial +,GASOLINA_ESPECIAL_MAS,"EST. DE SERV. ""PORTALEZ S.R.L.""",18000.0,
2026-09-11,Cochabamba,GASOLINA ESPECIAL + EESS,Gasolina Especial +,GASOLINA_ESPECIAL_MAS,"EST. DE SERV. ""PETROGAS S.R.L.""",6000.0,
2026-09-11,Cochabamba,GASOLINA ESPECIAL + EESS,Gasolina Especial +,GASOLINA_ESPECIAL_MAS,"EST. DE SERV. ""PAROTANI""",12000.0,
2026-09-11,Cochabamba,GASOLINA ESPECIAL + EESS,Gasolina Especial +,GASOLINA_ESPECIAL_MAS,"EST. DE SERV. ""PARAJE 24.7 SRL""",12000.0,
2026-09-11,Cochabamba,GASOLINA ESPECIAL + EESS,Gasolina Especial +,GASOLINA_ESPECIAL_MAS,"EST. DE SERV. ""PARAJE 24.7 SRL SUC. 1""",10000.0,
2026-09-11,Cochabamba,GASOLINA ESPECIAL + EESS,Gasolina Especial +,GASOLINA_ESPECIAL_MAS,"EST. DE SERV. ""PANAMERICANA"" SUCURSAL COCHABAMBA",10000.0,
2026-09-11,Cochabamba,GASOLINA ESPECIAL + EESS,Gasolina Especial +,GASOLINA_ESPECIAL_MAS,"EST. DE SERV. ""NISSAN"" - SIMON FERRUFINO",8000.0,
2026-09-11,Cochabamba,GASOLINA ESPECIAL + EESS,Gasolina Especial +,GASOLINA_ESPECIAL_MAS,"EST. DE SERV. ""MONTERREY S.R.L.""",10000.0,
2026-09-11,Cochabamba,GASOLINA ESPECIAL + EESS,Gasolina Especial +,GASOLINA_ESPECIAL_MAS,"EST. DE SERV. ""MIZQUE"" - DIOGENES MONTENEGRO P.",6000.0,
2026-09-11,Cochabamba,GASOLINA ESPECIAL + EESS,Gasolina Especial +,GASOLINA_ESPECIAL_MAS,"EST. DE SERV. ""MAX MAMANGUENO"" - E. MELGAREJO",6000.0,
2026-09-11,Cochabamba,GASOLINA ESPECIAL + EESS,Gasolina Especial +,GASOLINA_ESPECIAL_MAS,"EST. DE SERV. ""LOS ALPES""-BERTHA CAMACHO RICALDEZ",12000.0,
2026-09-11,Cochabamba,GASOLINA ESPECIAL + EESS,Gasolina Especial +,GASOLINA_ESPECIAL_MAS,"EST. DE SERV. ""LORETO"" SUC. 1",12000.0,
2026-09-11,Cochabamba,GASOLINA ESPECIAL + EESS,Gasolina Especial +,GASOLINA_ESPECIAL_MAS,"EST. DE SERV. ""LA PATRIA S.R.L.""",6000.0,
2026-09-11,Cochabamba,GASOLINA ESPECIAL + EESS,Gasolina Especial +,GASOLINA_ESPECIAL_MAS,"EST. DE SERV. ""LA MERCED S.R.L.""",9000.0,
2026-09-11,Cochabamba,GASOLINA ESPECIAL + EESS,Gasolina Especial +,GASOLINA_ESPECIAL_MAS,"EST. DE SERV. ""ITAPAYA"" - ALBERTO AMURRIO F.",8000.0,
2026-09-11,Cochabamba,GASOLINA ESPECIAL + EESS,Gasolina Especial +,GASOLINA_ESPECIAL_MAS,"EST. DE SERV. ""ISABEL CHAVEZ""",12000.0,
2026-09-11,Cochabamba,GASOLINA ESPECIAL + EESS,Gasolina Especial +,GASOLINA_ESPECIAL_MAS,"EST. DE SERV. ""IQUIRCOLLO S.R.L.""",16000.0,
2026-09-11,Cochabamba,GASOLINA ESPECIAL + EESS,Gasolina Especial +,GASOLINA_ESPECIAL_MAS,"EST. DE SERV. ""IQUIRCOLLO S.R.L. SUC. 1""",16000.0,
2026-09-11,Cochabamba,GASOLINA ESPECIAL + EESS,Gasolina Especial +,GASOLINA_ESPECIAL_MAS,"EST. DE SERV. ""GUADELOUPE GROUP S.R.L.""",10000.0,
2026-09-11,Cochabamba,GASOLINA ESPECIAL + EESS,Gasolina Especial +,GASOLINA_ESPECIAL_MAS,"EST. DE SERV. ""GASNOR S.R.L.""",8000.0,
2026-09-11,Cochabamba,GASOLINA ESPECIAL + EESS,Gasolina Especial +,GASOLINA_ESPECIAL_MAS,"EST. DE SERV. ""FORTALEZA ENERGY S.R.L.""",6000.0,
2026-09-11,Cochabamba,GASOLINA ESPECIAL + EESS,Gasolina Especial +,GASOLINA_ESPECIAL_MAS,"EST. DE SERV. ""EQGAS"" S.R.L.",8000.0,
2026-09-11,Cochabamba,GASOLINA ESPECIAL + EESS,Gasolina Especial +,GASOLINA_ESPECIAL_MAS,"EST. DE SERV. ""EPIZANA""",12000.0,
2026-09-11,Cochabamba,GASOLINA ESPECIAL + EESS,Gasolina Especial +,GASOLINA_ESPECIAL_MAS,"EST. DE SERV. ""EL MANANTIAL SUC. 2""",12000.0,
2026-09-11,Cochabamba,GASOLINA ESPECIAL + EESS,Gasolina Especial +,GASOLINA_ESPECIAL_MAS,"EST. DE SERV. ""EL MANANTIAL SUC. 1""",10000.0,
2026-09-11,Cochabamba,GASOLINA ESPECIAL + EESS,Gasolina Especial +,GASOLINA_ESPECIAL_MAS,"EST. DE SERV. ""EL MANANTIAL SRL""",10000.0,
2026-09-11,Cochabamba,GASOLINA ESPECIAL + EESS,Gasolina Especial +,GASOLINA_ESPECIAL_MAS,"EST. DE SERV. ""EL CRISTO"" - CRISTIAN SABAG",28000.0,
2026-09-11,Cochabamba,GASOLINA ESPECIAL + EESS,Gasolina Especial +,GASOLINA_ESPECIAL_MAS,"EST. DE SERV. ""DORBIGNI""",12000.0,
2026-09-11,Cochabamba,GASOLINA ESPECIAL + EESS,Gasolina Especial +,GASOLINA_ESPECIAL_MAS,"EST. DE SERV. ""DISEL S.R.L.""",8000.0,
2026-09-11,Cochabamba,GASOLINA ESPECIAL + EESS,Gasolina Especial +,GASOLINA_ESPECIAL_MAS,"EST. DE SERV. ""DISEL S.R.L. I""",8000.0,
2026-09-11,Cochabamba,GASOLINA ESPECIAL + EESS,Gasolina Especial +,GASOLINA_ESPECIAL_MAS,"EST. DE SERV. ""DELAASUNCION-AMERICA S.R.L.""",12000.0,
2026-09-11,Cochabamba,GASOLINA ESPECIAL + EESS,Gasolina Especial +,GASOLINA_ESPECIAL_MAS,"EST. DE SERV. ""DAYANA""",12000.0,
2026-09-11,Cochabamba,GASOLINA ESPECIAL + EESS,Gasolina Especial +,GASOLINA_ESPECIAL_MAS,"EST. DE SERV. ""COMERCIALIZADORA QK S.R.L.""",10000.0,
2026-09-11,Cochabamba,GASOLINA ESPECIAL + EESS,Gasolina Especial +,GASOLINA_ESPECIAL_MAS,"EST. DE SERV. ""COCHABAMBA""",14000.0,
2026-09-11,Cochabamba,GASOLINA ESPECIAL + EESS,Gasolina Especial +,GASOLINA_ESPECIAL_MAS,"EST. DE SERV. ""COCHABAMBA S.R.L. SUC. 2""",12000.0,
2026-09-11,Cochabamba,GASOLINA ESPECIAL + EESS,Gasolina Especial +,GASOLINA_ESPECIAL_MAS,"EST. DE SERV. ""COCHABAMBA S.R.L. SUC. 1""",12000.0,
2026-09-11,Cochabamba,GASOLINA ESPECIAL + EESS,Gasolina Especial +,GASOLINA_ESPECIAL_MAS,"EST. DE SERV. ""CITY TRUCK FH S.R.L.""",10000.0,
2026-09-11,Cochabamba,GASOLINA ESPECIAL + EESS,Gasolina Especial +,GASOLINA_ESPECIAL_MAS,"EST. DE SERV. ""CIRCUITO BOLIVIA S.A.""",14000.0,
2026-09-11,Cochabamba,GASOLINA ESPECIAL + EESS,Gasolina Especial +,GASOLINA_ESPECIAL_MAS,"EST. DE SERV. ""CHULLPANI"" - TORRICO AGUILAR JOSE M",18000.0,
2026-09-11,Cochabamba,GASOLINA ESPECIAL + EESS,Gasolina Especial +,GASOLINA_ESPECIAL_MAS,"EST. DE SERV. ""CHINATA S.R.L.""",10000.0,
2026-09-11,Cochabamba,GASOLINA ESPECIAL + EESS,Gasolina Especial +,GASOLINA_ESPECIAL_MAS,"EST. DE SERV. ""CHIMBOCO""",14000.0,
2026-09-11,Cochabamba,GASOLINA ESPECIAL + EESS,Gasolina Especial +,GASOLINA_ESPECIAL_MAS,"EST. DE SERV. ""C.G.C. SRL""",10000.0,
2026-09-11,Cochabamba,GASOLINA ESPECIAL + EESS,Gasolina Especial +,GASOLINA_ESPECIAL_MAS,"EST. DE SERV. ""AYACUCHO""",12000.0,
2026-09-11,Cochabamba,GASOLINA ESPECIAL + EESS,Gasolina Especial +,GASOLINA_ESPECIAL_MAS,"EST. DE SERV. ""ARANJUEZ""",16000.0,
2026-09-11,Cochabamba,GASOLINA ESPECIAL + EESS,Gasolina Especial +,GASOLINA_ESPECIAL_MAS,"EST. DE SERV. ""ARANI"" - ZULMA ROJAS",12000.0,
2026-09-11,Cochabamba,GASOLINA ESPECIAL + EESS,Gasolina Especial +,GASOLINA_ESPECIAL_MAS,"EST. DE SERV. ""AEROPUERTO S.R.L.""",10000.0,
2026-09-11,Cochabamba,GASOLINA ESPECIAL + EESS,Gasolina Especial +,GASOLINA_ESPECIAL_MAS,"EST. DE SERV. ""ADRIAN""",12000.0,
2026-09-11,Cochabamba,GASOLINA ESPECIAL + EESS,Gasolina Especial +,GASOLINA_ESPECIAL_MAS,"EST. DE SERV. ""A.C.B. CARBURANTES SRL""",16000.0,
2026-09-11,Cochabamba,GASOLINA ESPECIAL + EESS,Gasolina Especial +,GASOLINA_ESPECIAL_MAS,"EST. DE SERV. ""24 DE SEPTIEMBRE S.R.L.""",12000.0,
2026-09-11,Cochabamba,GASOLINA ESPECIAL + EESS,Gasolina Especial +,GASOLINA_ESPECIAL_MAS,"EST. DE SERV. ""20 DE DICIEMBRE""",12000.0,
2026-09-11,Cochabamba,GASOLINA ESPECIAL + EESS,Gasolina Especial +,GASOLINA_ESPECIAL_MAS,"EST. DE SERV. "" LAS PALMERAS S.R.L.""",10000.0,
2026-09-11,Cochabamba,GASOLINA ESPECIAL + EESS,Gasolina Especial +,GASOLINA_ESPECIAL_MAS,COMERCIALIZADORA DE SERVICIOS LUBRISHOP S.R.L.,6000.0,
2026-09-11,Cochabamba,GASOLINA ESPECIAL + EESS,Gasolina Especial +,GASOLINA_ESPECIAL_MAS,CENTRO DE SERVICIOS VALLEPUNATA S.R.L.,10000.0,
2026-09-11,Cochabamba,DIESEL OIL NACIONAL GRACO,Diesel Oil Nacional,DIESEL_NACIONAL,SERVICIO DEPARTAMENTAL DE CAMINOS,10000.0,
2026-09-11,Cochabamba,DIESEL OIL NACIONAL GRACO,Diesel Oil Nacional,DIESEL_NACIONAL,EMPRESA MUNICIPAL DE SERVICIOS DE ASEO,10000.0,
2026-09-11,Cochabamba,DIESEL OIL NACIONAL GRACO,Diesel Oil Nacional,DIESEL_NACIONAL,COOPERATIVA MULTIACTIVA COBOCE R.L.,20000.0,
2026-09-11,Cochabamba,DIESEL OIL NACIONAL EESS,Diesel Oil Nacional,DIESEL_NACIONAL,TERMINAL DE BUSES COCHABAMBA S.A.,14000.0,
2026-09-11,Cochabamba,DIESEL OIL NACIONAL EESS,Diesel Oil Nacional,DIESEL_NACIONAL,SURTIDOR DE GASOLINA Y DIESEL COLOMI,11000.0,
2026-09-11,Cochabamba,DIESEL OIL NACIONAL EESS,Diesel Oil Nacional,DIESEL_NACIONAL,IMBRANJO S.R.L.,18000.0,
2026-09-11,Cochabamba,DIESEL OIL NACIONAL EESS,Diesel Oil Nacional,DIESEL_NACIONAL,ESTACION DE SERVICIO TICTI S.R.L.,15000.0,
2026-09-11,Cochabamba,DIESEL OIL NACIONAL EESS,Diesel Oil Nacional,DIESEL_NACIONAL,ESTACION DE SERVICIO LOS LIBERTADORES S.R.L.,10000.0,
2026-09-11,Cochabamba,DIESEL OIL NACIONAL EESS,Diesel Oil Nacional,DIESEL_NACIONAL,ESTACION DE SERVICIO LOS ALAMOS S.R.L.,30000.0,
2026-09-11,Cochabamba,DIESEL OIL NACIONAL EESS,Diesel Oil Nacional,DIESEL_NACIONAL,ESTACION DE SERVICIO COODPE S.R.L.,14000.0,
2026-09-11,Cochabamba,DIESEL OIL NACIONAL EESS,Diesel Oil Nacional,DIESEL_NACIONAL,ESTACION DE SERVICIO BEIJING S.R.L.,13000.0,
2026-09-11,Cochabamba,DIESEL OIL NACIONAL EESS,Diesel Oil Nacional,DIESEL_NACIONAL,ESTACION DE SERVICIO ANITA,19000.0,
2026-09-11,Cochabamba,DIESEL OIL NACIONAL EESS,Diesel Oil Nacional,DIESEL_NACIONAL,"ESTACION DE SERVICIO ""POJO""",12000.0,
2026-09-11,Cochabamba,DIESEL OIL NACIONAL EESS,Diesel Oil Nacional,DIESEL_NACIONAL,"EST. DE SERV. ""VILLA OBRAJES""",18000.0,
2026-09-11,Cochabamba,DIESEL OIL NACIONAL EESS,Diesel Oil Nacional,DIESEL_NACIONAL,"EST. DE SERV. ""URKUPINA"" - ALBERTO OPORTO",15000.0,
2026-09-11,Cochabamba,DIESEL OIL NACIONAL EESS,Diesel Oil Nacional,DIESEL_NACIONAL,"EST. DE SERV. ""URKUPINA I""- ALBERTO OPORTO L.",6000.0,
2026-09-11,Cochabamba,DIESEL OIL NACIONAL EESS,Diesel Oil Nacional,DIESEL_NACIONAL,"EST. DE SERV. ""TRANS SACABA S.A.""",13000.0,
2026-09-11,Cochabamba,DIESEL OIL NACIONAL EESS,Diesel Oil Nacional,DIESEL_NACIONAL,"EST. DE SERV. ""TRANS SACABA S.A. II""",17000.0,
2026-09-11,Cochabamba,DIESEL OIL NACIONAL EESS,Diesel Oil Nacional,DIESEL_NACIONAL,"EST. DE SERV. ""TIQUIPAYA"" - VENICIA ALANEZ JIMENES",6000.0,
2026-09-11,Cochabamba,DIESEL OIL NACIONAL EESS,Diesel Oil Nacional,DIESEL_NACIONAL,"EST. DE SERV. ""SUTICOLLO""",20000.0,
2026-09-11,Cochabamba,DIESEL OIL NACIONAL EESS,Diesel Oil Nacional,DIESEL_NACIONAL,"EST. DE SERV. ""SURTIDOR CAMPERO""",11000.0,
2026-09-11,Cochabamba,DIESEL OIL NACIONAL EESS,Diesel Oil Nacional,DIESEL_NACIONAL,"EST. DE SERV. ""SIPE SIPE S.R.L.""",30000.0,
2026-09-11,Cochabamba,DIESEL OIL NACIONAL EESS,Diesel Oil Nacional,DIESEL_NACIONAL,"EST. DE SERV. ""SENOR SANTIAGO"" - E. DELGADILLO",8000.0,
2026-09-11,Cochabamba,DIESEL OIL NACIONAL EESS,Diesel Oil Nacional,DIESEL_NACIONAL,"EST. DE SERV. ""SANTA MONICA"" S.R.L.",8000.0,
2026-09-11,Cochabamba,DIESEL OIL NACIONAL EESS,Diesel Oil Nacional,DIESEL_NACIONAL,"EST. DE SERV. ""SAN JUAN BAUTISTA S.R.L.""",11000.0,
2026-09-11,Cochabamba,DIESEL OIL NACIONAL EESS,Diesel Oil Nacional,DIESEL_NACIONAL,"EST. DE SERV. ""SAN JORGE CBBA S.R.L.""",29000.0,
2026-09-11,Cochabamba,DIESEL OIL NACIONAL EESS,Diesel Oil Nacional,DIESEL_NACIONAL,"EST. DE SERV. ""RIOJA""",10000.0,
2026-09-11,Cochabamba,DIESEL OIL NACIONAL EESS,Diesel Oil Nacional,DIESEL_NACIONAL,"EST. DE SERV. ""REFINERIA""- SIMON RODRIGO FERRUFINO",6000.0,
2026-09-11,Cochabamba,DIESEL OIL NACIONAL EESS,Diesel Oil Nacional,DIESEL_NACIONAL,"EST. DE SERV. ""PETROGAS S.R.L.""",13000.0,
2026-09-11,Cochabamba,DIESEL OIL NACIONAL EESS,Diesel Oil Nacional,DIESEL_NACIONAL,"EST. DE SERV. ""PAROTANI""",26000.0,
2026-09-11,Cochabamba,DIESEL OIL NACIONAL EESS,Diesel Oil Nacional,DIESEL_NACIONAL,"EST. DE SERV. ""PARAJE 24.7 SRL""",20000.0,
2026-09-11,Cochabamba,DIESEL OIL NACIONAL EESS,Diesel Oil Nacional,DIESEL_NACIONAL,"EST. DE SERV. ""PARAJE 24.7 SRL SUC. 1""",9000.0,
2026-09-11,Cochabamba,DIESEL OIL NACIONAL EESS,Diesel Oil Nacional,DIESEL_NACIONAL,"EST. DE SERV. ""NISSAN"" - SIMON FERRUFINO",8000.0,
2026-09-11,Cochabamba,DIESEL OIL NACIONAL EESS,Diesel Oil Nacional,DIESEL_NACIONAL,"EST. DE SERV. ""MONTERREY S.R.L.""",22000.0,
2026-09-11,Cochabamba,DIESEL OIL NACIONAL EESS,Diesel Oil Nacional,DIESEL_NACIONAL,"EST. DE SERV. ""MIZQUE"" - DIOGENES MONTENEGRO P.",10000.0,
2026-09-11,Cochabamba,DIESEL OIL NACIONAL EESS,Diesel Oil Nacional,DIESEL_NACIONAL,"EST. DE SERV. ""MAX MAMANGUENO"" - E. MELGAREJO",8000.0,
2026-09-11,Cochabamba,DIESEL OIL NACIONAL EESS,Diesel Oil Nacional,DIESEL_NACIONAL,"EST. DE SERV. ""LOS ALPES""-BERTHA CAMACHO RICALDEZ",8000.0,
2026-09-11,Cochabamba,DIESEL OIL NACIONAL EESS,Diesel Oil Nacional,DIESEL_NACIONAL,"EST. DE SERV. ""LORETO"" SUC. 1",13000.0,
2026-09-11,Cochabamba,DIESEL OIL NACIONAL EESS,Diesel Oil Nacional,DIESEL_NACIONAL,"EST. DE SERV. ""LA MERCED S.R.L.""",10000.0,
2026-09-11,Cochabamba,DIESEL OIL NACIONAL EESS,Diesel Oil Nacional,DIESEL_NACIONAL,"EST. DE SERV. ""ITAPAYA"" - ALBERTO AMURRIO F.",11000.0,
2026-09-11,Cochabamba,DIESEL OIL NACIONAL EESS,Diesel Oil Nacional,DIESEL_NACIONAL,"EST. DE SERV. ""ISABEL CHAVEZ""",11000.0,
2026-09-11,Cochabamba,DIESEL OIL NACIONAL EESS,Diesel Oil Nacional,DIESEL_NACIONAL,"EST. DE SERV. ""IQUIRCOLLO S.R.L.""",29000.0,
2026-09-11,Cochabamba,DIESEL OIL NACIONAL EESS,Diesel Oil Nacional,DIESEL_NACIONAL,"EST. DE SERV. ""GASNOR S.R.L.""",6000.0,
2026-09-11,Cochabamba,DIESEL OIL NACIONAL EESS,Diesel Oil Nacional,DIESEL_NACIONAL,"EST. DE SERV. ""FORTALEZA ENERGY S.R.L.""",6000.0,
2026-09-11,Cochabamba,DIESEL OIL NACIONAL EESS,Diesel Oil Nacional,DIESEL_NACIONAL,"EST. DE SERV. ""EQGAS"" S.R.L.",8000.0,
2026-09-11,Cochabamba,DIESEL OIL NACIONAL EESS,Diesel Oil Nacional,DIESEL_NACIONAL,"EST. DE SERV. ""EPIZANA""",12000.0,
2026-09-11,Cochabamba,DIESEL OIL NACIONAL EESS,Diesel Oil Nacional,DIESEL_NACIONAL,"EST. DE SERV. ""EL VIAJERO SRL""",22000.0,
2026-09-11,Cochabamba,DIESEL OIL NACIONAL EESS,Diesel Oil Nacional,DIESEL_NACIONAL,"EST. DE SERV. ""EL MANANTIAL SRL""",6000.0,
2026-09-11,Cochabamba,DIESEL OIL NACIONAL EESS,Diesel Oil Nacional,DIESEL_NACIONAL,"EST. DE SERV. ""EL CRISTO"" - CRISTIAN SABAG",8000.0,
2026-09-11,Cochabamba,DIESEL OIL NACIONAL EESS,Diesel Oil Nacional,DIESEL_NACIONAL,"EST. DE SERV. ""DISEL S.R.L.""",26000.0,
2026-09-11,Cochabamba,DIESEL OIL NACIONAL EESS,Diesel Oil Nacional,DIESEL_NACIONAL,"EST. DE SERV. ""DISEL S.R.L. I""",29000.0,
2026-09-11,Cochabamba,DIESEL OIL NACIONAL EESS,Diesel Oil Nacional,DIESEL_NACIONAL,"EST. DE SERV. ""DAYANA""",12000.0,
2026-09-11,Cochabamba,DIESEL OIL NACIONAL EESS,Diesel Oil Nacional,DIESEL_NACIONAL,"EST. DE SERV. ""COMERCIALIZADORA QK S.R.L.""",10000.0,
2026-09-11,Cochabamba,DIESEL OIL NACIONAL EESS,Diesel Oil Nacional,DIESEL_NACIONAL,"EST. DE SERV. ""COCHABAMBA""",29000.0,
2026-09-11,Cochabamba,DIESEL OIL NACIONAL EESS,Diesel Oil Nacional,DIESEL_NACIONAL,"EST. DE SERV. ""COCHABAMBA S.R.L. SUC. 1""",13000.0,
2026-09-11,Cochabamba,DIESEL OIL NACIONAL EESS,Diesel Oil Nacional,DIESEL_NACIONAL,"EST. DE SERV. ""CITY TRUCK FH S.R.L.""",16000.0,
2026-09-11,Cochabamba,DIESEL OIL NACIONAL EESS,Diesel Oil Nacional,DIESEL_NACIONAL,"EST. DE SERV. ""CIRCUITO BOLIVIA S.A.""",10000.0,
2026-09-11,Cochabamba,DIESEL OIL NACIONAL EESS,Diesel Oil Nacional,DIESEL_NACIONAL,"EST. DE SERV. ""CHULLPANI"" - TORRICO AGUILAR JOSE M",13000.0,
2026-09-11,Cochabamba,DIESEL OIL NACIONAL EESS,Diesel Oil Nacional,DIESEL_NACIONAL,"EST. DE SERV. ""CHINATA S.R.L.""",18000.0,
2026-09-11,Cochabamba,DIESEL OIL NACIONAL EESS,Diesel Oil Nacional,DIESEL_NACIONAL,"EST. DE SERV. ""CHIMBOCO""",20000.0,
2026-09-11,Cochabamba,DIESEL OIL NACIONAL EESS,Diesel Oil Nacional,DIESEL_NACIONAL,"EST. DE SERV. ""C.G.C. SRL""",26000.0,
2026-09-11,Cochabamba,DIESEL OIL NACIONAL EESS,Diesel Oil Nacional,DIESEL_NACIONAL,"EST. DE SERV. ""ARANI"" - ZULMA ROJAS",12000.0,
2026-09-11,Cochabamba,DIESEL OIL NACIONAL EESS,Diesel Oil Nacional,DIESEL_NACIONAL,"EST. DE SERV. ""AEROPUERTO S.R.L.""",11000.0,
2026-09-11,Cochabamba,DIESEL OIL NACIONAL EESS,Diesel Oil Nacional,DIESEL_NACIONAL,"EST. DE SERV. ""ADRIAN""",11000.0,
2026-09-11,Cochabamba,DIESEL OIL NACIONAL EESS,Diesel Oil Nacional,DIESEL_NACIONAL,"EST. DE SERV. ""24 DE SEPTIEMBRE S.R.L.""",11000.0,
2026-09-11,Cochabamba,DIESEL OIL NACIONAL EESS,Diesel Oil Nacional,DIESEL_NACIONAL,COMERCIALIZADORA DE SERVICIOS LUBRISHOP S.R.L.,6000.0,
2026-09-11,Cochabamba,DIESEL OIL NACIONAL EESS,Diesel Oil Nacional,DIESEL_NACIONAL,CENTRO DE SERVICIOS VALLEPUNATA S.R.L.,7000.0,
2026-09-10,Cochabamba,GASOLINA ESPECIAL + EESS,Gasolina Especial +,GASOLINA_ESPECIAL_MAS,PETROCEL S.R.L.,12000.0,
2026-09-10,Cochabamba,GLP DISTRIB. 45 KILOS NAL,GLP,GLP,DIST. GLP SOCIEDAD PETROLERA SANTA ELENA S.R.L.,3600.0,
2026-09-10,Cochabamba,GLP DISTRIB. 45 KILOS NAL,GLP,GLP,DIST. GLP NUESTRO GAS-JONSON RICHARD LIMA FLORERO,1800.0,
2026-09-10,Cochabamba,GLP DISTRIB. 10 KILOS NAL,GLP,GLP,FERRO GAS - BERTHA CAMACHO RICALDEZ DE FERRUFINO,12000.0,
2026-09-10,Cochabamba,GLP DISTRIB. 10 KILOS NAL,GLP,GLP,"DIST.GLP""VILOMA GAS"" E.ARANDIA",12000.0,
2026-09-10,Cochabamba,GLP DISTRIB. 10 KILOS NAL,GLP,GLP,"DIST.GLP""NOE GAS""M.HINOJOSA R.",12000.0,
2026-09-10,Cochabamba,GLP DISTRIB. 10 KILOS NAL,GLP,GLP,"DIST. PROV.GLP ""SIPE SIPE GAS""",12000.0,
2026-09-10,Cochabamba,GLP DISTRIB. 10 KILOS NAL,GLP,GLP,"DIST. PROV. GLP ""PREMIUN GAS"" - EDUARDO ZENTENO E.",6000.0,
2026-09-10,Cochabamba,GLP DISTRIB. 10 KILOS NAL,GLP,GLP,"DIST. PROV. GLP ""COTA GAS"" - NELSON OLMOS",6000.0,
2026-09-10,Cochabamba,GLP DISTRIB. 10 KILOS NAL,GLP,GLP,"DIST. PROV. GLP ""COLOMI GAS""",6000.0,
2026-09-10,Cochabamba,GLP DISTRIB. 10 KILOS NAL,GLP,GLP,"DIST. PROV. GLP ""ARANDIA GAS S.R.L.""",6000.0,
2026-09-10,Cochabamba,GLP DISTRIB. 10 KILOS NAL,GLP,GLP,"DIST. GLP""SARCO GAS""M.FELIPEZ",12000.0,
2026-09-10,Cochabamba,GLP DISTRIB. 10 KILOS NAL,GLP,GLP,DIST. GLP SOCIEDAD PETROLERA SANTA ELENA S.R.L.,24000.0,
2026-09-10,Cochabamba,GLP DISTRIB. 10 KILOS NAL,GLP,GLP,DIST. GLP NUESTRO GAS-JONSON RICHARD LIMA FLORERO,24000.0,
2026-09-10,Cochabamba,GLP DISTRIB. 10 KILOS NAL,GLP,GLP,"DIST. GLP ""EXTRA GAS"" - MARIO CORDOVA PINTO",18000.0,
2026-09-10,Cochabamba,GLP DISTRIB. 10 KILOS NAL,GLP,GLP,"DIST. GLP ""EDMUNDO GAS"" - EDMUNDO QUIROZ TAPIA",6000.0,
2026-09-10,Cochabamba,GLP DISTRIB. 10 KILOS NAL,GLP,GLP,"DIST. GLP ""DISBOGAS"" - JENNY PETRONA SALAMANCA VILLAFUERTE",6000.0,
2026-09-10,Cochabamba,GLP DISTRIB. 10 KILOS NAL,GLP,GLP,"DIST. GLP ""CAPI GAS"" - GONZALO SOLIZ GUTIERREZ",6000.0,
2026-09-10,Cochabamba,GLP DISTRIB. 10 KILOS NAL,GLP,GLP,"DIST. GLP ""BIO GAS"" - ANA MARIA ROMERO DE TORRICO",18000.0,
2026-09-10,Cochabamba,GLP DISTRIB. 10 KILOS NAL,GLP,GLP,"DIST. GLP ""ADRIAZOL GAS""",6000.0,
2026-09-10,Cochabamba,GLP DISTRIB. 10 KILOS NAL,GLP,GLP,"COOPERATIVA DE SERVICIOS DE DISTRIBUCION DE GAS LICUADO ""CANDELARIA"" R.L.",6000.0,
2026-09-10,Cochabamba,GLP DISTRIB. 10 KILOS NAL,GLP,GLP,CBA GAS S.A.,18000.0,
2026-09-10,Cochabamba,GLP DISTRIB. 10 KILOS NAL,GLP,GLP,A TODO GAS S.R.L.,12000.0,
2026-09-10,Cochabamba,GLP DISTRIB. 10 KILOS NAL,GLP,GLP,AG.CANTONAL MACHAJMARCA - N. QUIROZ,4000.0,
2026-09-10,Cochabamba,GLP DISTRIB. 10 KILOS NAL,GLP,GLP,"AG. CANTONAL ""ANDY GAS"" - QUIROGA CLAURE IRMA",4000.0,
2026-09-10,Cochabamba,GASOLINA ESPECIAL + EESS,Gasolina Especial +,GASOLINA_ESPECIAL_MAS,TERMINAL DE BUSES COCHABAMBA S.A.,10000.0,
2026-09-10,Cochabamba,GASOLINA ESPECIAL + EESS,Gasolina Especial +,GASOLINA_ESPECIAL_MAS,KHORA ESTACION DE SERVICIO - MEDRANO ARNEZ JAIME,6000.0,
2026-09-10,Cochabamba,GASOLINA ESPECIAL + EESS,Gasolina Especial +,GASOLINA_ESPECIAL_MAS,IMBRANJO S.R.L.,14000.0,
2026-09-10,Cochabamba,GASOLINA ESPECIAL + EESS,Gasolina Especial +,GASOLINA_ESPECIAL_MAS,FEDEX CHACO,3000.0,
2026-09-10,Cochabamba,GASOLINA ESPECIAL + EESS,Gasolina Especial +,GASOLINA_ESPECIAL_MAS,ESTAGAS S.R.L.,10000.0,
2026-09-10,Cochabamba,GASOLINA ESPECIAL + EESS,Gasolina Especial +,GASOLINA_ESPECIAL_MAS,ESTACIÓN DE SERVICIO VALLESANTIVAÑEZ S.R.L.,12000.0,
2026-09-10,Cochabamba,GASOLINA ESPECIAL + EESS,Gasolina Especial +,GASOLINA_ESPECIAL_MAS,ESTACIÓN DE SERVICIO FRANQUITO,12000.0,
2026-09-10,Cochabamba,GASOLINA ESPECIAL + EESS,Gasolina Especial +,GASOLINA_ESPECIAL_MAS,ESTACION DE SERVICIO TICTI S.R.L.,12000.0,
2026-09-10,Cochabamba,GASOLINA ESPECIAL + EESS,Gasolina Especial +,GASOLINA_ESPECIAL_MAS,ESTACION DE SERVICIO PAPU S.R.L.,12000.0,
2026-09-10,Cochabamba,GASOLINA ESPECIAL + EESS,Gasolina Especial +,GASOLINA_ESPECIAL_MAS,ESTACION DE SERVICIO OMEREQUE,12000.0,
2026-09-10,Cochabamba,GASOLINA ESPECIAL + EESS,Gasolina Especial +,GASOLINA_ESPECIAL_MAS,ESTACION DE SERVICIO LOS LIBERTADORES S.R.L.,10000.0,
2026-09-10,Cochabamba,GASOLINA ESPECIAL + EESS,Gasolina Especial +,GASOLINA_ESPECIAL_MAS,ESTACION DE SERVICIO LOS ALAMOS S.R.L.,14000.0,
2026-09-10,Cochabamba,GASOLINA ESPECIAL + EESS,Gasolina Especial +,GASOLINA_ESPECIAL_MAS,ESTACION DE SERVICIO HIPODROMO S.R.L.,6000.0,
2026-09-10,Cochabamba,GASOLINA ESPECIAL + EESS,Gasolina Especial +,GASOLINA_ESPECIAL_MAS,ESTACION DE SERVICIO CAPITAN VICTOR USTARIZ S.R.L.,12000.0,
2026-09-10,Cochabamba,GASOLINA ESPECIAL + EESS,Gasolina Especial +,GASOLINA_ESPECIAL_MAS,ESTACION DE SERVICIO BEIJING S.R.L.,14000.0,
2026-09-10,Cochabamba,GASOLINA ESPECIAL + EESS,Gasolina Especial +,GASOLINA_ESPECIAL_MAS,ESTACION DE SERVICIO ANITA,16000.0,
2026-09-10,Cochabamba,GASOLINA ESPECIAL + EESS,Gasolina Especial +,GASOLINA_ESPECIAL_MAS,"ESTACION DE SERVICIO ""LOS LAURELES"" - DIEGO M. DELGADILLO ANTEZANA",10000.0,
2026-09-10,Cochabamba,GASOLINA ESPECIAL + EESS,Gasolina Especial +,GASOLINA_ESPECIAL_MAS,"EST. DE SERV. ""VILLA OBRAJES""",10000.0,
2026-09-10,Cochabamba,GASOLINA ESPECIAL + EESS,Gasolina Especial +,GASOLINA_ESPECIAL_MAS,"EST. DE SERV. ""URKUPINA"" - ALBERTO OPORTO",10000.0,
2026-09-10,Cochabamba,GASOLINA ESPECIAL + EESS,Gasolina Especial +,GASOLINA_ESPECIAL_MAS,"EST. DE SERV. ""URKUPINA I""- ALBERTO OPORTO L.",12000.0,
2026-09-10,Cochabamba,GASOLINA ESPECIAL + EESS,Gasolina Especial +,GASOLINA_ESPECIAL_MAS,"EST. DE SERV. ""TRANS SACABA S.A. II""",10000.0,
2026-09-10,Cochabamba,GASOLINA ESPECIAL + EESS,Gasolina Especial +,GASOLINA_ESPECIAL_MAS,"EST. DE SERV. ""TIRAQUE""",12000.0,
2026-09-10,Cochabamba,GASOLINA ESPECIAL + EESS,Gasolina Especial +,GASOLINA_ESPECIAL_MAS,"EST. DE SERV. ""TIQUIPAYA"" - VENICIA ALANEZ JIMENES",6000.0,
2026-09-10,Cochabamba,GASOLINA ESPECIAL + EESS,Gasolina Especial +,GASOLINA_ESPECIAL_MAS,"EST. DE SERV. ""SURTIDOR CAMPERO""",10000.0,
2026-09-10,Cochabamba,GASOLINA ESPECIAL + EESS,Gasolina Especial +,GASOLINA_ESPECIAL_MAS,"EST. DE SERV. ""SIPE SIPE S.R.L.""",14000.0,
2026-09-10,Cochabamba,GASOLINA ESPECIAL + EESS,Gasolina Especial +,GASOLINA_ESPECIAL_MAS,"EST. DE SERV. ""SENOR SANTIAGO"" - E. DELGADILLO",10000.0,
2026-09-10,Cochabamba,GASOLINA ESPECIAL + EESS,Gasolina Especial +,GASOLINA_ESPECIAL_MAS,"EST. DE SERV. ""SENOR SANTIAGO SUC. 1"" - E. DELGADILLO",10000.0,
2026-09-10,Cochabamba,GASOLINA ESPECIAL + EESS,Gasolina Especial +,GASOLINA_ESPECIAL_MAS,"EST. DE SERV. ""SANTA MONICA"" S.R.L.",10000.0,
2026-09-10,Cochabamba,GASOLINA ESPECIAL + EESS,Gasolina Especial +,GASOLINA_ESPECIAL_MAS,"EST. DE SERV. ""SAN JUAN BAUTISTA S.R.L.""",12000.0,
2026-09-10,Cochabamba,GASOLINA ESPECIAL + EESS,Gasolina Especial +,GASOLINA_ESPECIAL_MAS,"EST. DE SERV. ""SAN JORGE CBBA S.R.L.""",14000.0,
2026-09-10,Cochabamba,GASOLINA ESPECIAL + EESS,Gasolina Especial +,GASOLINA_ESPECIAL_MAS,"EST. DE SERV. ""RIOJA""",8000.0,
2026-09-10,Cochabamba,GASOLINA ESPECIAL + EESS,Gasolina Especial +,GASOLINA_ESPECIAL_MAS,"EST. DE SERV. ""REFINERIA""- SIMON RODRIGO FERRUFINO",6000.0,
2026-09-10,Cochabamba,GASOLINA ESPECIAL + EESS,Gasolina Especial +,GASOLINA_ESPECIAL_MAS,"EST. DE SERV. ""PORTALEZ S.R.L.""",18000.0,
2026-09-10,Cochabamba,GASOLINA ESPECIAL + EESS,Gasolina Especial +,GASOLINA_ESPECIAL_MAS,"EST. DE SERV. ""PETROGAS S.R.L.""",6000.0,
2026-09-10,Cochabamba,GASOLINA ESPECIAL + EESS,Gasolina Especial +,GASOLINA_ESPECIAL_MAS,"EST. DE SERV. ""PAREDES VALLEJOS"" - JHONNY MILTON PAREDES VALLEJOS",10000.0,
2026-09-10,Cochabamba,GASOLINA ESPECIAL + EESS,Gasolina Especial +,GASOLINA_ESPECIAL_MAS,"EST. DE SERV. ""PARAJE 24.7 SRL""",12000.0,
2026-09-10,Cochabamba,GASOLINA ESPECIAL + EESS,Gasolina Especial +,GASOLINA_ESPECIAL_MAS,"EST. DE SERV. ""PARAJE 24.7 SRL SUC. 1""",10000.0,
2026-09-10,Cochabamba,GASOLINA ESPECIAL + EESS,Gasolina Especial +,GASOLINA_ESPECIAL_MAS,"EST. DE SERV. ""PANAMERICANA"" SUCURSAL COCHABAMBA",10000.0,
2026-09-10,Cochabamba,GASOLINA ESPECIAL + EESS,Gasolina Especial +,GASOLINA_ESPECIAL_MAS,"EST. DE SERV. ""NISSAN"" - SIMON FERRUFINO",8000.0,
2026-09-10,Cochabamba,GASOLINA ESPECIAL + EESS,Gasolina Especial +,GASOLINA_ESPECIAL_MAS,"EST. DE SERV. ""MONTERREY S.R.L.""",10000.0,
2026-09-10,Cochabamba,GASOLINA ESPECIAL + EESS,Gasolina Especial +,GASOLINA_ESPECIAL_MAS,"EST. DE SERV. ""MIZQUE"" - DIOGENES MONTENEGRO P.",6000.0,
2026-09-10,Cochabamba,GASOLINA ESPECIAL + EESS,Gasolina Especial +,GASOLINA_ESPECIAL_MAS,"EST. DE SERV. ""MAX MAMANGUENO"" - E. MELGAREJO",6000.0,
2026-09-10,Cochabamba,GASOLINA ESPECIAL + EESS,Gasolina Especial +,GASOLINA_ESPECIAL_MAS,"EST. DE SERV. ""LOS ALPES""-BERTHA CAMACHO RICALDEZ",12000.0,
2026-09-10,Cochabamba,GASOLINA ESPECIAL + EESS,Gasolina Especial +,GASOLINA_ESPECIAL_MAS,"EST. DE SERV. ""LORETO"" SUC. 1",10000.0,
2026-09-10,Cochabamba,GASOLINA ESPECIAL + EESS,Gasolina Especial +,GASOLINA_ESPECIAL_MAS,"EST. DE SERV. ""LA PATRIA S.R.L.""",6000.0,
2026-09-10,Cochabamba,GASOLINA ESPECIAL + EESS,Gasolina Especial +,GASOLINA_ESPECIAL_MAS,"EST. DE SERV. ""ITAPAYA"" - ALBERTO AMURRIO F.",8000.0,
2026-09-10,Cochabamba,GASOLINA ESPECIAL + EESS,Gasolina Especial +,GASOLINA_ESPECIAL_MAS,"EST. DE SERV. ""ISABEL CHAVEZ""",12000.0,
2026-09-10,Cochabamba,GASOLINA ESPECIAL + EESS,Gasolina Especial +,GASOLINA_ESPECIAL_MAS,"EST. DE SERV. ""IQUIRCOLLO S.R.L.""",16000.0,
2026-09-10,Cochabamba,GASOLINA ESPECIAL + EESS,Gasolina Especial +,GASOLINA_ESPECIAL_MAS,"EST. DE SERV. ""IQUIRCOLLO S.R.L. SUC. 1""",14000.0,
2026-09-10,Cochabamba,GASOLINA ESPECIAL + EESS,Gasolina Especial +,GASOLINA_ESPECIAL_MAS,"EST. DE SERV. ""INVERSIONES VALLESUR S.A.""",12000.0,
2026-09-10,Cochabamba,GASOLINA ESPECIAL + EESS,Gasolina Especial +,GASOLINA_ESPECIAL_MAS,"EST. DE SERV. ""GUADELOUPE GROUP S.R.L.""",10000.0,
2026-09-10,Cochabamba,GASOLINA ESPECIAL + EESS,Gasolina Especial +,GASOLINA_ESPECIAL_MAS,"EST. DE SERV. ""GASNOR S.R.L.""",8000.0,
2026-09-10,Cochabamba,GASOLINA ESPECIAL + EESS,Gasolina Especial +,GASOLINA_ESPECIAL_MAS,"EST. DE SERV. ""FORTALEZA ENERGY S.R.L.""",6000.0,
2026-09-10,Cochabamba,GASOLINA ESPECIAL + EESS,Gasolina Especial +,GASOLINA_ESPECIAL_MAS,"EST. DE SERV. ""EQGAS"" S.R.L.",8000.0,
2026-09-10,Cochabamba,GASOLINA ESPECIAL + EESS,Gasolina Especial +,GASOLINA_ESPECIAL_MAS,"EST. DE SERV. ""EPIZANA""",12000.0,
2026-09-10,Cochabamba,GASOLINA ESPECIAL + EESS,Gasolina Especial +,GASOLINA_ESPECIAL_MAS,"EST. DE SERV. ""EL MANANTIAL SUC. 2""",12000.0,
2026-09-10,Cochabamba,GASOLINA ESPECIAL + EESS,Gasolina Especial +,GASOLINA_ESPECIAL_MAS,"EST. DE SERV. ""EL MANANTIAL SUC. 1""",10000.0,
2026-09-10,Cochabamba,GASOLINA ESPECIAL + EESS,Gasolina Especial +,GASOLINA_ESPECIAL_MAS,"EST. DE SERV. ""EL MANANTIAL SRL""",10000.0,
2026-09-10,Cochabamba,GASOLINA ESPECIAL + EESS,Gasolina Especial +,GASOLINA_ESPECIAL_MAS,"EST. DE SERV. ""EL CRISTO"" - CRISTIAN SABAG",28000.0,
2026-09-10,Cochabamba,GASOLINA ESPECIAL + EESS,Gasolina Especial +,GASOLINA_ESPECIAL_MAS,"EST. DE SERV. ""DORBIGNI""",12000.0,
2026-09-10,Cochabamba,GASOLINA ESPECIAL + EESS,Gasolina Especial +,GASOLINA_ESPECIAL_MAS,"EST. DE SERV. ""DISEL S.R.L.""",8000.0,
2026-09-10,Cochabamba,GASOLINA ESPECIAL + EESS,Gasolina Especial +,GASOLINA_ESPECIAL_MAS,"EST. DE SERV. ""DISEL S.R.L. I""",8000.0,
2026-09-10,Cochabamba,GASOLINA ESPECIAL + EESS,Gasolina Especial +,GASOLINA_ESPECIAL_MAS,"EST. DE SERV. ""DELAASUNCION-AMERICA S.R.L.""",12000.0,
2026-09-10,Cochabamba,GASOLINA ESPECIAL + EESS,Gasolina Especial +,GASOLINA_ESPECIAL_MAS,"EST. DE SERV. ""DAYANA""",12000.0,
2026-09-10,Cochabamba,GASOLINA ESPECIAL + EESS,Gasolina Especial +,GASOLINA_ESPECIAL_MAS,"EST. DE SERV. ""COMERCIALIZADORA QK S.R.L.""",10000.0,
2026-09-10,Cochabamba,GASOLINA ESPECIAL + EESS,Gasolina Especial +,GASOLINA_ESPECIAL_MAS,"EST. DE SERV. ""COCHABAMBA""",14000.0,
2026-09-10,Cochabamba,GASOLINA ESPECIAL + EESS,Gasolina Especial +,GASOLINA_ESPECIAL_MAS,"EST. DE SERV. ""COCHABAMBA S.R.L. SUC. 2""",12000.0,
2026-09-10,Cochabamba,GASOLINA ESPECIAL + EESS,Gasolina Especial +,GASOLINA_ESPECIAL_MAS,"EST. DE SERV. ""COCHABAMBA S.R.L. SUC. 1""",12000.0,
2026-09-10,Cochabamba,GASOLINA ESPECIAL + EESS,Gasolina Especial +,GASOLINA_ESPECIAL_MAS,"EST. DE SERV. ""CITY TRUCK FH S.R.L.""",10000.0,
2026-09-10,Cochabamba,GASOLINA ESPECIAL + EESS,Gasolina Especial +,GASOLINA_ESPECIAL_MAS,"EST. DE SERV. ""CIRCUITO BOLIVIA S.A.""",14000.0,
2026-09-10,Cochabamba,GASOLINA ESPECIAL + EESS,Gasolina Especial +,GASOLINA_ESPECIAL_MAS,"EST. DE SERV. ""CHULLPANI"" - TORRICO AGUILAR JOSE M",17000.0,
2026-09-10,Cochabamba,GASOLINA ESPECIAL + EESS,Gasolina Especial +,GASOLINA_ESPECIAL_MAS,"EST. DE SERV. ""CHINATA S.R.L.""",10000.0,
2026-09-10,Cochabamba,GASOLINA ESPECIAL + EESS,Gasolina Especial +,GASOLINA_ESPECIAL_MAS,"EST. DE SERV. ""CHIMBOCO""",14000.0,
2026-09-10,Cochabamba,GASOLINA ESPECIAL + EESS,Gasolina Especial +,GASOLINA_ESPECIAL_MAS,"EST. DE SERV. ""C.G.C. SRL""",10000.0,
2026-09-10,Cochabamba,GASOLINA ESPECIAL + EESS,Gasolina Especial +,GASOLINA_ESPECIAL_MAS,"EST. DE SERV. ""AYACUCHO""",12000.0,
2026-09-10,Cochabamba,GASOLINA ESPECIAL + EESS,Gasolina Especial +,GASOLINA_ESPECIAL_MAS,"EST. DE SERV. ""ARISPE""",12000.0,
2026-09-10,Cochabamba,GASOLINA ESPECIAL + EESS,Gasolina Especial +,GASOLINA_ESPECIAL_MAS,"EST. DE SERV. ""ARANJUEZ""",16000.0,
2026-09-10,Cochabamba,GASOLINA ESPECIAL + EESS,Gasolina Especial +,GASOLINA_ESPECIAL_MAS,"EST. DE SERV. ""AEROPUERTO S.R.L.""",10000.0,
2026-09-10,Cochabamba,GASOLINA ESPECIAL + EESS,Gasolina Especial +,GASOLINA_ESPECIAL_MAS,"EST. DE SERV. ""A.C.B. CARBURANTES SRL""",16000.0,
2026-09-10,Cochabamba,GASOLINA ESPECIAL + EESS,Gasolina Especial +,GASOLINA_ESPECIAL_MAS,"EST. DE SERV. ""20 DE DICIEMBRE""",12000.0,
2026-09-10,Cochabamba,GASOLINA ESPECIAL + EESS,Gasolina Especial +,GASOLINA_ESPECIAL_MAS,"EST. DE SERV. "" LAS PALMERAS S.R.L.""",10000.0,
2026-09-10,Cochabamba,GASOLINA ESPECIAL + EESS,Gasolina Especial +,GASOLINA_ESPECIAL_MAS,COMERCIALIZADORA DE SERVICIOS LUBRISHOP S.R.L.,6000.0,
2026-09-10,Cochabamba,GASOLINA ESPECIAL + CF,Gasolina Especial +,GASOLINA_ESPECIAL_MAS,SERVICIO DEPARTAMENTAL DE CAMINOS,6000.0,
2026-09-10,Cochabamba,DIESEL OIL NACIONAL GRACO,Diesel Oil Nacional,DIESEL_NACIONAL,SERVICIO DEPARTAMENTAL DE CAMINOS,10000.0,
2026-09-10,Cochabamba,DIESEL OIL NACIONAL GRACO,Diesel Oil Nacional,DIESEL_NACIONAL,GOBIERNO AUTONOMO MUNICIPAL DE COCHABAMBA,12000.0,
2026-09-10,Cochabamba,DIESEL OIL NACIONAL EESS,Diesel Oil Nacional,DIESEL_NACIONAL,TERMINAL DE BUSES COCHABAMBA S.A.,14000.0,
2026-09-10,Cochabamba,DIESEL OIL NACIONAL EESS,Diesel Oil Nacional,DIESEL_NACIONAL,IMBRANJO S.R.L.,20000.0,
2026-09-10,Cochabamba,DIESEL OIL NACIONAL EESS,Diesel Oil Nacional,DIESEL_NACIONAL,ESTACIÓN DE SERVICIO VALLESANTIVAÑEZ S.R.L.,12000.0,
2026-09-10,Cochabamba,DIESEL OIL NACIONAL EESS,Diesel Oil Nacional,DIESEL_NACIONAL,ESTACIÓN DE SERVICIO FRANQUITO,12000.0,
2026-09-10,Cochabamba,DIESEL OIL NACIONAL EESS,Diesel Oil Nacional,DIESEL_NACIONAL,ESTACION DE SERVICIO TICTI S.R.L.,15000.0,
2026-09-10,Cochabamba,DIESEL OIL NACIONAL EESS,Diesel Oil Nacional,DIESEL_NACIONAL,ESTACION DE SERVICIO PAPU S.R.L.,12000.0,
2026-09-10,Cochabamba,DIESEL OIL NACIONAL EESS,Diesel Oil Nacional,DIESEL_NACIONAL,ESTACION DE SERVICIO OMEREQUE,11000.0,
2026-09-10,Cochabamba,DIESEL OIL NACIONAL EESS,Diesel Oil Nacional,DIESEL_NACIONAL,ESTACION DE SERVICIO LOS LIBERTADORES S.R.L.,10000.0,
2026-09-10,Cochabamba,DIESEL OIL NACIONAL EESS,Diesel Oil Nacional,DIESEL_NACIONAL,ESTACION DE SERVICIO LOS ALAMOS S.R.L.,30000.0,
2026-09-10,Cochabamba,DIESEL OIL NACIONAL EESS,Diesel Oil Nacional,DIESEL_NACIONAL,ESTACION DE SERVICIO BEIJING S.R.L.,14000.0,
2026-09-10,Cochabamba,DIESEL OIL NACIONAL EESS,Diesel Oil Nacional,DIESEL_NACIONAL,ESTACION DE SERVICIO ANITA,20000.0,
2026-09-10,Cochabamba,DIESEL OIL NACIONAL EESS,Diesel Oil Nacional,DIESEL_NACIONAL,"EST. DE SERV. ""VILLA OBRAJES""",20000.0,
2026-09-10,Cochabamba,DIESEL OIL NACIONAL EESS,Diesel Oil Nacional,DIESEL_NACIONAL,"EST. DE SERV. ""URKUPINA"" - ALBERTO OPORTO",15000.0,
2026-09-10,Cochabamba,DIESEL OIL NACIONAL EESS,Diesel Oil Nacional,DIESEL_NACIONAL,"EST. DE SERV. ""URKUPINA I""- ALBERTO OPORTO L.",6000.0,
2026-09-10,Cochabamba,DIESEL OIL NACIONAL EESS,Diesel Oil Nacional,DIESEL_NACIONAL,"EST. DE SERV. ""TRANS SACABA S.A.""",14000.0,
2026-09-10,Cochabamba,DIESEL OIL NACIONAL EESS,Diesel Oil Nacional,DIESEL_NACIONAL,"EST. DE SERV. ""TRANS SACABA S.A. II""",17000.0,
2026-09-10,Cochabamba,DIESEL OIL NACIONAL EESS,Diesel Oil Nacional,DIESEL_NACIONAL,"EST. DE SERV. ""TIRAQUE""",12000.0,
2026-09-10,Cochabamba,DIESEL OIL NACIONAL EESS,Diesel Oil Nacional,DIESEL_NACIONAL,"EST. DE SERV. ""TIQUIPAYA"" - VENICIA ALANEZ JIMENES",6000.0,
2026-09-10,Cochabamba,DIESEL OIL NACIONAL EESS,Diesel Oil Nacional,DIESEL_NACIONAL,"EST. DE SERV. ""SUTICOLLO""",22000.0,
2026-09-10,Cochabamba,DIESEL OIL NACIONAL EESS,Diesel Oil Nacional,DIESEL_NACIONAL,"EST. DE SERV. ""SURTIDOR CAMPERO""",12000.0,
2026-09-10,Cochabamba,DIESEL OIL NACIONAL EESS,Diesel Oil Nacional,DIESEL_NACIONAL,"EST. DE SERV. ""SIPE SIPE S.R.L.""",32000.0,
2026-09-10,Cochabamba,DIESEL OIL NACIONAL EESS,Diesel Oil Nacional,DIESEL_NACIONAL,"EST. DE SERV. ""SENOR SANTIAGO"" - E. DELGADILLO",6000.0,
2026-09-10,Cochabamba,DIESEL OIL NACIONAL EESS,Diesel Oil Nacional,DIESEL_NACIONAL,"EST. DE SERV. ""SANTA MONICA"" S.R.L.",8000.0,
2026-09-10,Cochabamba,DIESEL OIL NACIONAL EESS,Diesel Oil Nacional,DIESEL_NACIONAL,"EST. DE SERV. ""SAN JUAN BAUTISTA S.R.L.""",12000.0,
2026-09-10,Cochabamba,DIESEL OIL NACIONAL EESS,Diesel Oil Nacional,DIESEL_NACIONAL,"EST. DE SERV. ""SAN JORGE CBBA S.R.L.""",30000.0,
2026-09-10,Cochabamba,DIESEL OIL NACIONAL EESS,Diesel Oil Nacional,DIESEL_NACIONAL,"EST. DE SERV. ""RIOJA""",10000.0,
2026-09-10,Cochabamba,DIESEL OIL NACIONAL EESS,Diesel Oil Nacional,DIESEL_NACIONAL,"EST. DE SERV. ""REFINERIA""- SIMON RODRIGO FERRUFINO",6000.0,
2026-09-10,Cochabamba,DIESEL OIL NACIONAL EESS,Diesel Oil Nacional,DIESEL_NACIONAL,"EST. DE SERV. ""PETROGAS S.R.L.""",14000.0,
2026-09-10,Cochabamba,DIESEL OIL NACIONAL EESS,Diesel Oil Nacional,DIESEL_NACIONAL,"EST. DE SERV. ""PAROTANI""",28000.0,
2026-09-10,Cochabamba,DIESEL OIL NACIONAL EESS,Diesel Oil Nacional,DIESEL_NACIONAL,"EST. DE SERV. ""PAREDES VALLEJOS"" - JHONNY MILTON PAREDES VALLEJOS",11000.0,
2026-09-10,Cochabamba,DIESEL OIL NACIONAL EESS,Diesel Oil Nacional,DIESEL_NACIONAL,"EST. DE SERV. ""PARAJE 24.7 SRL""",22000.0,
2026-09-10,Cochabamba,DIESEL OIL NACIONAL EESS,Diesel Oil Nacional,DIESEL_NACIONAL,"EST. DE SERV. ""PARAJE 24.7 SRL SUC. 1""",10000.0,
2026-09-10,Cochabamba,DIESEL OIL NACIONAL EESS,Diesel Oil Nacional,DIESEL_NACIONAL,"EST. DE SERV. ""NISSAN"" - SIMON FERRUFINO",6000.0,
2026-09-10,Cochabamba,DIESEL OIL NACIONAL EESS,Diesel Oil Nacional,DIESEL_NACIONAL,"EST. DE SERV. ""MONTERREY S.R.L.""",24000.0,
2026-09-10,Cochabamba,DIESEL OIL NACIONAL EESS,Diesel Oil Nacional,DIESEL_NACIONAL,"EST. DE SERV. ""MIZQUE"" - DIOGENES MONTENEGRO P.",6000.0,
2026-09-10,Cochabamba,DIESEL OIL NACIONAL EESS,Diesel Oil Nacional,DIESEL_NACIONAL,"EST. DE SERV. ""MAX MAMANGUENO"" - E. MELGAREJO",8000.0,
2026-09-10,Cochabamba,DIESEL OIL NACIONAL EESS,Diesel Oil Nacional,DIESEL_NACIONAL,"EST. DE SERV. ""LOS ALPES""-BERTHA CAMACHO RICALDEZ",8000.0,
2026-09-10,Cochabamba,DIESEL OIL NACIONAL EESS,Diesel Oil Nacional,DIESEL_NACIONAL,"EST. DE SERV. ""LORETO"" SUC. 1",14000.0,
2026-09-10,Cochabamba,DIESEL OIL NACIONAL EESS,Diesel Oil Nacional,DIESEL_NACIONAL,"EST. DE SERV. ""LA MERCED S.R.L.""",10000.0,
2026-09-10,Cochabamba,DIESEL OIL NACIONAL EESS,Diesel Oil Nacional,DIESEL_NACIONAL,"EST. DE SERV. ""ITAPAYA"" - ALBERTO AMURRIO F.",12000.0,
2026-09-10,Cochabamba,DIESEL OIL NACIONAL EESS,Diesel Oil Nacional,DIESEL_NACIONAL,"EST. DE SERV. ""ISABEL CHAVEZ""",10000.0,
2026-09-10,Cochabamba,DIESEL OIL NACIONAL EESS,Diesel Oil Nacional,DIESEL_NACIONAL,"EST. DE SERV. ""IQUIRCOLLO S.R.L.""",30000.0,
2026-09-10,Cochabamba,DIESEL OIL NACIONAL EESS,Diesel Oil Nacional,DIESEL_NACIONAL,"EST. DE SERV. ""INVERSIONES VALLESUR S.A.""",12000.0,
2026-09-10,Cochabamba,DIESEL OIL NACIONAL EESS,Diesel Oil Nacional,DIESEL_NACIONAL,"EST. DE SERV. ""GASNOR S.R.L.""",6000.0,
2026-09-10,Cochabamba,DIESEL OIL NACIONAL EESS,Diesel Oil Nacional,DIESEL_NACIONAL,"EST. DE SERV. ""FORTALEZA ENERGY S.R.L.""",6000.0,
2026-09-10,Cochabamba,DIESEL OIL NACIONAL EESS,Diesel Oil Nacional,DIESEL_NACIONAL,"EST. DE SERV. ""EQGAS"" S.R.L.",8000.0,
2026-09-10,Cochabamba,DIESEL OIL NACIONAL EESS,Diesel Oil Nacional,DIESEL_NACIONAL,"EST. DE SERV. ""EPIZANA""",12000.0,
2026-09-10,Cochabamba,DIESEL OIL NACIONAL EESS,Diesel Oil Nacional,DIESEL_NACIONAL,"EST. DE SERV. ""EL VIAJERO SRL""",24000.0,
2026-09-10,Cochabamba,DIESEL OIL NACIONAL EESS,Diesel Oil Nacional,DIESEL_NACIONAL,"EST. DE SERV. ""EL MANANTIAL SRL""",6000.0,
2026-09-10,Cochabamba,DIESEL OIL NACIONAL EESS,Diesel Oil Nacional,DIESEL_NACIONAL,"EST. DE SERV. ""EL CRISTO"" - CRISTIAN SABAG",8000.0,
2026-09-10,Cochabamba,DIESEL OIL NACIONAL EESS,Diesel Oil Nacional,DIESEL_NACIONAL,"EST. DE SERV. ""DISEL S.R.L.""",28000.0,
2026-09-10,Cochabamba,DIESEL OIL NACIONAL EESS,Diesel Oil Nacional,DIESEL_NACIONAL,"EST. DE SERV. ""DISEL S.R.L. I""",32000.0,
2026-09-10,Cochabamba,DIESEL OIL NACIONAL EESS,Diesel Oil Nacional,DIESEL_NACIONAL,"EST. DE SERV. ""DAYANA""",12000.0,
2026-09-10,Cochabamba,DIESEL OIL NACIONAL EESS,Diesel Oil Nacional,DIESEL_NACIONAL,"EST. DE SERV. ""COMERCIALIZADORA QK S.R.L.""",10000.0,
2026-09-10,Cochabamba,DIESEL OIL NACIONAL EESS,Diesel Oil Nacional,DIESEL_NACIONAL,"EST. DE SERV. ""COCHABAMBA""",32000.0,
2026-09-10,Cochabamba,DIESEL OIL NACIONAL EESS,Diesel Oil Nacional,DIESEL_NACIONAL,"EST. DE SERV. ""COCHABAMBA S.R.L. SUC. 1""",14000.0,
2026-09-10,Cochabamba,DIESEL OIL NACIONAL EESS,Diesel Oil Nacional,DIESEL_NACIONAL,"EST. DE SERV. ""CITY TRUCK FH S.R.L.""",18000.0,
2026-09-10,Cochabamba,DIESEL OIL NACIONAL EESS,Diesel Oil Nacional,DIESEL_NACIONAL,"EST. DE SERV. ""CIRCUITO BOLIVIA S.A.""",8000.0,
2026-09-10,Cochabamba,DIESEL OIL NACIONAL EESS,Diesel Oil Nacional,DIESEL_NACIONAL,"EST. DE SERV. ""CHULLPANI"" - TORRICO AGUILAR JOSE M",14000.0,
2026-09-10,Cochabamba,DIESEL OIL NACIONAL EESS,Diesel Oil Nacional,DIESEL_NACIONAL,"EST. DE SERV. ""CHINATA S.R.L.""",20000.0,
2026-09-10,Cochabamba,DIESEL OIL NACIONAL EESS,Diesel Oil Nacional,DIESEL_NACIONAL,"EST. DE SERV. ""CHIMBOCO""",22000.0,
2026-09-10,Cochabamba,DIESEL OIL NACIONAL EESS,Diesel Oil Nacional,DIESEL_NACIONAL,"EST. DE SERV. ""C.G.C. SRL""",28000.0,
2026-09-10,Cochabamba,DIESEL OIL NACIONAL EESS,Diesel Oil Nacional,DIESEL_NACIONAL,"EST. DE SERV. ""ARISPE""",12000.0,
2026-09-10,Cochabamba,DIESEL OIL NACIONAL EESS,Diesel Oil Nacional,DIESEL_NACIONAL,"EST. DE SERV. ""AEROPUERTO S.R.L.""",12000.0,
2026-09-10,Cochabamba,DIESEL OIL NACIONAL EESS,Diesel Oil Nacional,DIESEL_NACIONAL,COMERCIALIZADORA DE SERVICIOS LUBRISHOP S.R.L.,8000.0,
2026-09-10,Cochabamba,DIESEL OIL NACIONAL CF,Diesel Oil Nacional,DIESEL_NACIONAL,SINOHYDRO CORPORATION LIMITED - SUCURSAL BOLIVIA,10000.0,
2026-09-10,Cochabamba,DIESEL OIL NACIONAL CF,Diesel Oil Nacional,DIESEL_NACIONAL,COOPERATIVA MINERA TAMIÑANI R.L.,19900.0,
2026-09-09,Cochabamba,GLP DISTRIB. 45 KILOS NAL,GLP,GLP,DIST. GLP SOCIEDAD PETROLERA SANTA ELENA S.R.L.,3600.0,
2026-09-09,Cochabamba,GLP DISTRIB. 45 KILOS NAL,GLP,GLP,DIST. GLP NUESTRO GAS-JONSON RICHARD LIMA FLORERO,1800.0,
2026-09-09,Cochabamba,GLP DISTRIB. 45 KILOS NAL,GLP,GLP,CBA GAS S.A.,2250.0,
2026-09-09,Cochabamba,GLP DISTRIB. 10 KILOS NAL,GLP,GLP,ROSI GAS - ROXANA ESPINOZA PRADO,6000.0,
2026-09-09,Cochabamba,GLP DISTRIB. 10 KILOS NAL,GLP,GLP,PRONTO GAS - VIVIANA LESLY TORRICO TERRAZAS,6000.0,
2026-09-09,Cochabamba,GLP DISTRIB. 10 KILOS NAL,GLP,GLP,FERRO GAS - BERTHA CAMACHO RICALDEZ DE FERRUFINO,18000.0,
2026-09-09,Cochabamba,GLP DISTRIB. 10 KILOS NAL,GLP,GLP,FAS GAS,6000.0,
2026-09-09,Cochabamba,GLP DISTRIB. 10 KILOS NAL,GLP,GLP,"DIST.GLP""VILOMA GAS"" E.ARANDIA",12000.0,
2026-09-09,Cochabamba,GLP DISTRIB. 10 KILOS NAL,GLP,GLP,"DIST.GLP""NOE GAS""M.HINOJOSA R.",12000.0,
2026-09-09,Cochabamba,GLP DISTRIB. 10 KILOS NAL,GLP,GLP,"DIST. PROV.GLP ""SIPE SIPE GAS""",12000.0,
2026-09-09,Cochabamba,GLP DISTRIB. 10 KILOS NAL,GLP,GLP,"DIST. PROV. GLP ""PREMIUN GAS"" - EDUARDO ZENTENO E.",6000.0,
2026-09-09,Cochabamba,GLP DISTRIB. 10 KILOS NAL,GLP,GLP,"DIST. PROV. GLP ""COTA GAS"" - NELSON OLMOS",6000.0,
2026-09-09,Cochabamba,GLP DISTRIB. 10 KILOS NAL,GLP,GLP,"DIST. PROV. GLP ""COLOMI GAS""",6000.0,
2026-09-09,Cochabamba,GLP DISTRIB. 10 KILOS NAL,GLP,GLP,"DIST. PROV. GLP ""ARANDIA GAS S.R.L.""",6000.0,
2026-09-09,Cochabamba,GLP DISTRIB. 10 KILOS NAL,GLP,GLP,"DIST. GLP""SARCO GAS""M.FELIPEZ",18000.0,
2026-09-09,Cochabamba,GLP DISTRIB. 10 KILOS NAL,GLP,GLP,DIST. GLP SOCIEDAD PETROLERA SANTA ELENA S.R.L.,24000.0,
2026-09-09,Cochabamba,GLP DISTRIB. 10 KILOS NAL,GLP,GLP,DIST. GLP NUESTRO GAS-JONSON RICHARD LIMA FLORERO,24000.0,
2026-09-09,Cochabamba,GLP DISTRIB. 10 KILOS NAL,GLP,GLP,"DIST. GLP ""EXTRA GAS"" - MARIO CORDOVA PINTO",18000.0,
2026-09-09,Cochabamba,GLP DISTRIB. 10 KILOS NAL,GLP,GLP,"DIST. GLP ""EDMUNDO GAS"" - EDMUNDO QUIROZ TAPIA",6000.0,
2026-09-09,Cochabamba,GLP DISTRIB. 10 KILOS NAL,GLP,GLP,"DIST. GLP ""DISBOGAS"" - JENNY PETRONA SALAMANCA VILLAFUERTE",6000.0,
2026-09-09,Cochabamba,GLP DISTRIB. 10 KILOS NAL,GLP,GLP,"DIST. GLP ""CAPI GAS"" - GONZALO SOLIZ GUTIERREZ",6000.0,
2026-09-09,Cochabamba,GLP DISTRIB. 10 KILOS NAL,GLP,GLP,"DIST. GLP ""BIO GAS"" - ANA MARIA ROMERO DE TORRICO",18000.0,
2026-09-09,Cochabamba,GLP DISTRIB. 10 KILOS NAL,GLP,GLP,"DIST. GLP ""ADRIAZOL GAS""",6000.0,
2026-09-09,Cochabamba,GLP DISTRIB. 10 KILOS NAL,GLP,GLP,"COOPERATIVA DE SERVICIOS DE DISTRIBUCION DE GAS LICUADO ""CANDELARIA"" R.L.",6000.0,
2026-09-09,Cochabamba,GLP DISTRIB. 10 KILOS NAL,GLP,GLP,CBA GAS S.A.,12000.0,
2026-09-09,Cochabamba,GLP DISTRIB. 10 KILOS NAL,GLP,GLP,A TODO GAS S.R.L.,18000.0,
2026-09-09,Cochabamba,GASOLINA ESPECIAL + GRACO,Gasolina Especial +,GASOLINA_ESPECIAL_MAS,GOBIERNO AUTONOMO MUNICIPAL DE COCHABAMBA,10000.0,
2026-09-09,Cochabamba,GASOLINA ESPECIAL + GRACO,Gasolina Especial +,GASOLINA_ESPECIAL_MAS,COOPERATIVA MULTIACTIVA COBOCE R.L.,10000.0,
2026-09-09,Cochabamba,GASOLINA ESPECIAL + EESS,Gasolina Especial +,GASOLINA_ESPECIAL_MAS,TERMINAL DE BUSES COCHABAMBA S.A.,10000.0,
2026-09-09,Cochabamba,GASOLINA ESPECIAL + EESS,Gasolina Especial +,GASOLINA_ESPECIAL_MAS,SURTIDOR DE GASOLINA Y DIESEL COLOMI,14000.0,
2026-09-09,Cochabamba,GASOLINA ESPECIAL + EESS,Gasolina Especial +,GASOLINA_ESPECIAL_MAS,PETROCEL S.R.L.,12000.0,
2026-09-09,Cochabamba,GASOLINA ESPECIAL + EESS,Gasolina Especial +,GASOLINA_ESPECIAL_MAS,KHORA ESTACION DE SERVICIO - MEDRANO ARNEZ JAIME,6000.0,
2026-09-09,Cochabamba,GASOLINA ESPECIAL + EESS,Gasolina Especial +,GASOLINA_ESPECIAL_MAS,IMBRANJO S.R.L.,14000.0,
2026-09-09,Cochabamba,GASOLINA ESPECIAL + EESS,Gasolina Especial +,GASOLINA_ESPECIAL_MAS,FEDEX CHACO,3000.0,
2026-09-09,Cochabamba,GASOLINA ESPECIAL + EESS,Gasolina Especial +,GASOLINA_ESPECIAL_MAS,ESTAGAS S.R.L.,10000.0,
2026-09-09,Cochabamba,GASOLINA ESPECIAL + EESS,Gasolina Especial +,GASOLINA_ESPECIAL_MAS,ESTACION DE SERVICIO VIRGEN DE LAS ANGUSTIAS S.R.L.,12000.0,
2026-09-09,Cochabamba,GASOLINA ESPECIAL + EESS,Gasolina Especial +,GASOLINA_ESPECIAL_MAS,ESTACION DE SERVICIO TICTI S.R.L.,12000.0,
2026-09-09,Cochabamba,GASOLINA ESPECIAL + EESS,Gasolina Especial +,GASOLINA_ESPECIAL_MAS,ESTACION DE SERVICIO LOS LIBERTADORES S.R.L.,10000.0,
2026-09-09,Cochabamba,GASOLINA ESPECIAL + EESS,Gasolina Especial +,GASOLINA_ESPECIAL_MAS,ESTACION DE SERVICIO LOS ALAMOS S.R.L.,14000.0,
2026-09-09,Cochabamba,GASOLINA ESPECIAL + EESS,Gasolina Especial +,GASOLINA_ESPECIAL_MAS,ESTACION DE SERVICIO HIPODROMO S.R.L.,6000.0,
2026-09-09,Cochabamba,GASOLINA ESPECIAL + EESS,Gasolina Especial +,GASOLINA_ESPECIAL_MAS,ESTACION DE SERVICIO COODPE S.R.L.,12000.0,
2026-09-09,Cochabamba,GASOLINA ESPECIAL + EESS,Gasolina Especial +,GASOLINA_ESPECIAL_MAS,ESTACION DE SERVICIO CAPITAN VICTOR USTARIZ S.R.L.,12000.0,
2026-09-09,Cochabamba,GASOLINA ESPECIAL + EESS,Gasolina Especial +,GASOLINA_ESPECIAL_MAS,ESTACION DE SERVICIO BEIJING S.R.L.,14000.0,
2026-09-09,Cochabamba,GASOLINA ESPECIAL + EESS,Gasolina Especial +,GASOLINA_ESPECIAL_MAS,ESTACION DE SERVICIO ANITA,16000.0,
2026-09-09,Cochabamba,GASOLINA ESPECIAL + EESS,Gasolina Especial +,GASOLINA_ESPECIAL_MAS,"ESTACION DE SERVICIO ""POJO""",12000.0,
2026-09-09,Cochabamba,GASOLINA ESPECIAL + EESS,Gasolina Especial +,GASOLINA_ESPECIAL_MAS,"ESTACION DE SERVICIO ""LOS LAURELES"" - DIEGO M. DELGADILLO ANTEZANA",10000.0,
2026-09-09,Cochabamba,GASOLINA ESPECIAL + EESS,Gasolina Especial +,GASOLINA_ESPECIAL_MAS,"EST. DE SERV. ""VILLA OBRAJES""",10000.0,
2026-09-09,Cochabamba,GASOLINA ESPECIAL + EESS,Gasolina Especial +,GASOLINA_ESPECIAL_MAS,"EST. DE SERV. ""URKUPINA"" - ALBERTO OPORTO",10000.0,
2026-09-09,Cochabamba,GASOLINA ESPECIAL + EESS,Gasolina Especial +,GASOLINA_ESPECIAL_MAS,"EST. DE SERV. ""URKUPINA I""- ALBERTO OPORTO L.",12000.0,
2026-09-09,Cochabamba,GASOLINA ESPECIAL + EESS,Gasolina Especial +,GASOLINA_ESPECIAL_MAS,"EST. DE SERV. ""TRANS SACABA S.A. II""",10000.0,
2026-09-09,Cochabamba,GASOLINA ESPECIAL + EESS,Gasolina Especial +,GASOLINA_ESPECIAL_MAS,"EST. DE SERV. ""TIQUIPAYA"" - VENICIA ALANEZ JIMENES",6000.0,
2026-09-09,Cochabamba,GASOLINA ESPECIAL + EESS,Gasolina Especial +,GASOLINA_ESPECIAL_MAS,"EST. DE SERV. ""SUTICOLLO""",12000.0,
2026-09-09,Cochabamba,GASOLINA ESPECIAL + EESS,Gasolina Especial +,GASOLINA_ESPECIAL_MAS,"EST. DE SERV. ""SURTIDOR CAMPERO""",8000.0,
2026-09-09,Cochabamba,GASOLINA ESPECIAL + EESS,Gasolina Especial +,GASOLINA_ESPECIAL_MAS,"EST. DE SERV. ""SIPE SIPE S.R.L.""",14000.0,
2026-09-09,Cochabamba,GASOLINA ESPECIAL + EESS,Gasolina Especial +,GASOLINA_ESPECIAL_MAS,"EST. DE SERV. ""SENOR SANTIAGO"" - E. DELGADILLO",10000.0,
2026-09-09,Cochabamba,GASOLINA ESPECIAL + EESS,Gasolina Especial +,GASOLINA_ESPECIAL_MAS,"EST. DE SERV. ""SENOR SANTIAGO SUC. 1"" - E. DELGADILLO",10000.0,
2026-09-09,Cochabamba,GASOLINA ESPECIAL + EESS,Gasolina Especial +,GASOLINA_ESPECIAL_MAS,"EST. DE SERV. ""SANTA MONICA"" S.R.L.",10000.0,
2026-09-09,Cochabamba,GASOLINA ESPECIAL + EESS,Gasolina Especial +,GASOLINA_ESPECIAL_MAS,"EST. DE SERV. ""SAN JUAN BAUTISTA S.R.L.""",12000.0,
2026-09-09,Cochabamba,GASOLINA ESPECIAL + EESS,Gasolina Especial +,GASOLINA_ESPECIAL_MAS,"EST. DE SERV. ""SAN JORGE CBBA S.R.L.""",14000.0,
2026-09-09,Cochabamba,GASOLINA ESPECIAL + EESS,Gasolina Especial +,GASOLINA_ESPECIAL_MAS,"EST. DE SERV. ""RIOJA""",8000.0,
2026-09-09,Cochabamba,GASOLINA ESPECIAL + EESS,Gasolina Especial +,GASOLINA_ESPECIAL_MAS,"EST. DE SERV. ""REFINERIA""- SIMON RODRIGO FERRUFINO",6000.0,
2026-09-09,Cochabamba,GASOLINA ESPECIAL + EESS,Gasolina Especial +,GASOLINA_ESPECIAL_MAS,"EST. DE SERV. ""PORTALEZ S.R.L.""",18000.0,
2026-09-09,Cochabamba,GASOLINA ESPECIAL + EESS,Gasolina Especial +,GASOLINA_ESPECIAL_MAS,"EST. DE SERV. ""PETROGAS S.R.L.""",5000.0,
2026-09-09,Cochabamba,GASOLINA ESPECIAL + EESS,Gasolina Especial +,GASOLINA_ESPECIAL_MAS,"EST. DE SERV. ""PAROTANI""",12000.0,
2026-09-09,Cochabamba,GASOLINA ESPECIAL + EESS,Gasolina Especial +,GASOLINA_ESPECIAL_MAS,"EST. DE SERV. ""PARAJE 24.7 SRL""",12000.0,
2026-09-09,Cochabamba,GASOLINA ESPECIAL + EESS,Gasolina Especial +,GASOLINA_ESPECIAL_MAS,"EST. DE SERV. ""PARAJE 24.7 SRL SUC. 1""",10000.0,
2026-09-09,Cochabamba,GASOLINA ESPECIAL + EESS,Gasolina Especial +,GASOLINA_ESPECIAL_MAS,"EST. DE SERV. ""PANAMERICANA"" SUCURSAL COCHABAMBA",10000.0,
2026-09-09,Cochabamba,GASOLINA ESPECIAL + EESS,Gasolina Especial +,GASOLINA_ESPECIAL_MAS,"EST. DE SERV. ""NISSAN"" - SIMON FERRUFINO",8000.0,
2026-09-09,Cochabamba,GASOLINA ESPECIAL + EESS,Gasolina Especial +,GASOLINA_ESPECIAL_MAS,"EST. DE SERV. ""MONTERREY S.R.L.""",10000.0,
2026-09-09,Cochabamba,GASOLINA ESPECIAL + EESS,Gasolina Especial +,GASOLINA_ESPECIAL_MAS,"EST. DE SERV. ""MIZQUE"" - DIOGENES MONTENEGRO P.",12000.0,
2026-09-09,Cochabamba,GASOLINA ESPECIAL + EESS,Gasolina Especial +,GASOLINA_ESPECIAL_MAS,"EST. DE SERV. ""MAX MAMANGUENO"" - E. MELGAREJO",6000.0,
2026-09-09,Cochabamba,GASOLINA ESPECIAL + EESS,Gasolina Especial +,GASOLINA_ESPECIAL_MAS,"EST. DE SERV. ""LOS ALPES""-BERTHA CAMACHO RICALDEZ",12000.0,
2026-09-09,Cochabamba,GASOLINA ESPECIAL + EESS,Gasolina Especial +,GASOLINA_ESPECIAL_MAS,"EST. DE SERV. ""LORETO"" SUC. 1",12000.0,
2026-09-09,Cochabamba,GASOLINA ESPECIAL + EESS,Gasolina Especial +,GASOLINA_ESPECIAL_MAS,"EST. DE SERV. ""LA PATRIA S.R.L.""",6000.0,
2026-09-09,Cochabamba,GASOLINA ESPECIAL + EESS,Gasolina Especial +,GASOLINA_ESPECIAL_MAS,"EST. DE SERV. ""LA MERCED S.R.L.""",8000.0,
2026-09-09,Cochabamba,GASOLINA ESPECIAL + EESS,Gasolina Especial +,GASOLINA_ESPECIAL_MAS,"EST. DE SERV. ""ITAPAYA"" - ALBERTO AMURRIO F.",10000.0,
2026-09-09,Cochabamba,GASOLINA ESPECIAL + EESS,Gasolina Especial +,GASOLINA_ESPECIAL_MAS,"EST. DE SERV. ""ISABEL CHAVEZ""",12000.0,
2026-09-09,Cochabamba,GASOLINA ESPECIAL + EESS,Gasolina Especial +,GASOLINA_ESPECIAL_MAS,"EST. DE SERV. ""IQUIRCOLLO S.R.L.""",16000.0,
2026-09-09,Cochabamba,GASOLINA ESPECIAL + EESS,Gasolina Especial +,GASOLINA_ESPECIAL_MAS,"EST. DE SERV. ""IQUIRCOLLO S.R.L. SUC. 1""",14000.0,
2026-09-09,Cochabamba,GASOLINA ESPECIAL + EESS,Gasolina Especial +,GASOLINA_ESPECIAL_MAS,"EST. DE SERV. ""GUADELOUPE GROUP S.R.L.""",10000.0,
2026-09-09,Cochabamba,GASOLINA ESPECIAL + EESS,Gasolina Especial +,GASOLINA_ESPECIAL_MAS,"EST. DE SERV. ""GASNOR S.R.L.""",8000.0,
2026-09-09,Cochabamba,GASOLINA ESPECIAL + EESS,Gasolina Especial +,GASOLINA_ESPECIAL_MAS,"EST. DE SERV. ""FORTALEZA ENERGY S.R.L.""",6000.0,
2026-09-09,Cochabamba,GASOLINA ESPECIAL + EESS,Gasolina Especial +,GASOLINA_ESPECIAL_MAS,"EST. DE SERV. ""EQGAS"" S.R.L.",8000.0,
2026-09-09,Cochabamba,GASOLINA ESPECIAL + EESS,Gasolina Especial +,GASOLINA_ESPECIAL_MAS,"EST. DE SERV. ""EPIZANA""",12000.0,
2026-09-09,Cochabamba,GASOLINA ESPECIAL + EESS,Gasolina Especial +,GASOLINA_ESPECIAL_MAS,"EST. DE SERV. ""EL MANANTIAL SUC. 2""",12000.0,
2026-09-09,Cochabamba,GASOLINA ESPECIAL + EESS,Gasolina Especial +,GASOLINA_ESPECIAL_MAS,"EST. DE SERV. ""EL MANANTIAL SUC. 1""",10000.0,
2026-09-09,Cochabamba,GASOLINA ESPECIAL + EESS,Gasolina Especial +,GASOLINA_ESPECIAL_MAS,"EST. DE SERV. ""EL MANANTIAL SRL""",10000.0,
2026-09-09,Cochabamba,GASOLINA ESPECIAL + EESS,Gasolina Especial +,GASOLINA_ESPECIAL_MAS,"EST. DE SERV. ""EL CRISTO"" - CRISTIAN SABAG",28000.0,
2026-09-09,Cochabamba,GASOLINA ESPECIAL + EESS,Gasolina Especial +,GASOLINA_ESPECIAL_MAS,"EST. DE SERV. ""DORBIGNI""",12000.0,
2026-09-09,Cochabamba,GASOLINA ESPECIAL + EESS,Gasolina Especial +,GASOLINA_ESPECIAL_MAS,"EST. DE SERV. ""DISEL S.R.L.""",8000.0,
2026-09-09,Cochabamba,GASOLINA ESPECIAL + EESS,Gasolina Especial +,GASOLINA_ESPECIAL_MAS,"EST. DE SERV. ""DISEL S.R.L. I""",8000.0,
2026-09-09,Cochabamba,GASOLINA ESPECIAL + EESS,Gasolina Especial +,GASOLINA_ESPECIAL_MAS,"EST. DE SERV. ""DELAASUNCION-AMERICA S.R.L.""",12000.0,
2026-09-09,Cochabamba,GASOLINA ESPECIAL + EESS,Gasolina Especial +,GASOLINA_ESPECIAL_MAS,"EST. DE SERV. ""DAYANA""",12000.0,
2026-09-09,Cochabamba,GASOLINA ESPECIAL + EESS,Gasolina Especial +,GASOLINA_ESPECIAL_MAS,"EST. DE SERV. ""COMERCIALIZADORA QK S.R.L.""",10000.0,
2026-09-09,Cochabamba,GASOLINA ESPECIAL + EESS,Gasolina Especial +,GASOLINA_ESPECIAL_MAS,"EST. DE SERV. ""COCHABAMBA""",14000.0,
2026-09-09,Cochabamba,GASOLINA ESPECIAL + EESS,Gasolina Especial +,GASOLINA_ESPECIAL_MAS,"EST. DE SERV. ""COCHABAMBA S.R.L. SUC. 2""",12000.0,
2026-09-09,Cochabamba,GASOLINA ESPECIAL + EESS,Gasolina Especial +,GASOLINA_ESPECIAL_MAS,"EST. DE SERV. ""COCHABAMBA S.R.L. SUC. 1""",12000.0,
2026-09-09,Cochabamba,GASOLINA ESPECIAL + EESS,Gasolina Especial +,GASOLINA_ESPECIAL_MAS,"EST. DE SERV. ""CITY TRUCK FH S.R.L.""",10000.0,
2026-09-09,Cochabamba,GASOLINA ESPECIAL + EESS,Gasolina Especial +,GASOLINA_ESPECIAL_MAS,"EST. DE SERV. ""CIRCUITO BOLIVIA S.A.""",14000.0,
2026-09-09,Cochabamba,GASOLINA ESPECIAL + EESS,Gasolina Especial +,GASOLINA_ESPECIAL_MAS,"EST. DE SERV. ""CHULLPANI"" - TORRICO AGUILAR JOSE M",18000.0,
2026-09-09,Cochabamba,GASOLINA ESPECIAL + EESS,Gasolina Especial +,GASOLINA_ESPECIAL_MAS,"EST. DE SERV. ""CHINATA S.R.L.""",10000.0,
2026-09-09,Cochabamba,GASOLINA ESPECIAL + EESS,Gasolina Especial +,GASOLINA_ESPECIAL_MAS,"EST. DE SERV. ""CHIMBOCO""",14000.0,
2026-09-09,Cochabamba,GASOLINA ESPECIAL + EESS,Gasolina Especial +,GASOLINA_ESPECIAL_MAS,"EST. DE SERV. ""C.G.C. SRL""",10000.0,
2026-09-09,Cochabamba,GASOLINA ESPECIAL + EESS,Gasolina Especial +,GASOLINA_ESPECIAL_MAS,"EST. DE SERV. ""AYACUCHO""",12000.0,
2026-09-09,Cochabamba,GASOLINA ESPECIAL + EESS,Gasolina Especial +,GASOLINA_ESPECIAL_MAS,"EST. DE SERV. ""ARANJUEZ""",16000.0,
2026-09-09,Cochabamba,GASOLINA ESPECIAL + EESS,Gasolina Especial +,GASOLINA_ESPECIAL_MAS,"EST. DE SERV. ""ARANI"" - ZULMA ROJAS",12000.0,
2026-09-09,Cochabamba,GASOLINA ESPECIAL + EESS,Gasolina Especial +,GASOLINA_ESPECIAL_MAS,"EST. DE SERV. ""AEROPUERTO S.R.L.""",10000.0,
2026-09-09,Cochabamba,GASOLINA ESPECIAL + EESS,Gasolina Especial +,GASOLINA_ESPECIAL_MAS,"EST. DE SERV. ""ADRIAN""",12000.0,
2026-09-09,Cochabamba,GASOLINA ESPECIAL + EESS,Gasolina Especial +,GASOLINA_ESPECIAL_MAS,"EST. DE SERV. ""A.C.B. CARBURANTES SRL""",16000.0,
2026-09-09,Cochabamba,GASOLINA ESPECIAL + EESS,Gasolina Especial +,GASOLINA_ESPECIAL_MAS,"EST. DE SERV. ""24 DE SEPTIEMBRE S.R.L.""",12000.0,
2026-09-09,Cochabamba,GASOLINA ESPECIAL + EESS,Gasolina Especial +,GASOLINA_ESPECIAL_MAS,"EST. DE SERV. ""20 DE DICIEMBRE""",12000.0,
2026-09-09,Cochabamba,GASOLINA ESPECIAL + EESS,Gasolina Especial +,GASOLINA_ESPECIAL_MAS,"EST. DE SERV. "" LAS PALMERAS S.R.L.""",10000.0,
2026-09-09,Cochabamba,GASOLINA ESPECIAL + EESS,Gasolina Especial +,GASOLINA_ESPECIAL_MAS,COMERCIALIZADORA DE SERVICIOS LUBRISHOP S.R.L.,6000.0,
2026-09-09,Cochabamba,GASOLINA ESPECIAL + EESS,Gasolina Especial +,GASOLINA_ESPECIAL_MAS,CENTRO DE SERVICIOS VALLEPUNATA S.R.L.,10000.0,
2026-09-09,Cochabamba,DIESEL OIL NACIONAL GRACO,Diesel Oil Nacional,DIESEL_NACIONAL,SERVICIO DEPARTAMENTAL DE CAMINOS,10000.0,
2026-09-09,Cochabamba,DIESEL OIL NACIONAL GRACO,Diesel Oil Nacional,DIESEL_NACIONAL,GOBIERNO AUTONOMO MUNICIPAL DE SACABA,24000.0,
2026-09-09,Cochabamba,DIESEL OIL NACIONAL GRACO,Diesel Oil Nacional,DIESEL_NACIONAL,EMPRESA MUNICIPAL DE SERVICIOS DE ASEO,10000.0,
2026-09-09,Cochabamba,DIESEL OIL NACIONAL GRACO,Diesel Oil Nacional,DIESEL_NACIONAL,COOPERATIVA MULTIACTIVA COBOCE R.L.,20000.0,
2026-09-09,Cochabamba,DIESEL OIL NACIONAL EESS,Diesel Oil Nacional,DIESEL_NACIONAL,TERMINAL DE BUSES COCHABAMBA S.A.,18000.0,
2026-09-09,Cochabamba,DIESEL OIL NACIONAL EESS,Diesel Oil Nacional,DIESEL_NACIONAL,SURTIDOR DE GASOLINA Y DIESEL COLOMI,15000.0,
2026-09-09,Cochabamba,DIESEL OIL NACIONAL EESS,Diesel Oil Nacional,DIESEL_NACIONAL,IMBRANJO S.R.L.,25000.0,
2026-09-09,Cochabamba,DIESEL OIL NACIONAL EESS,Diesel Oil Nacional,DIESEL_NACIONAL,ESTACION DE SERVICIO TICTI S.R.L.,15000.0,
2026-09-09,Cochabamba,DIESEL OIL NACIONAL EESS,Diesel Oil Nacional,DIESEL_NACIONAL,ESTACION DE SERVICIO LOS LIBERTADORES S.R.L.,13000.0,
2026-09-09,Cochabamba,DIESEL OIL NACIONAL EESS,Diesel Oil Nacional,DIESEL_NACIONAL,ESTACION DE SERVICIO LOS ALAMOS S.R.L.,39000.0,
2026-09-09,Cochabamba,DIESEL OIL NACIONAL EESS,Diesel Oil Nacional,DIESEL_NACIONAL,ESTACION DE SERVICIO COODPE S.R.L.,14000.0,
2026-09-09,Cochabamba,DIESEL OIL NACIONAL EESS,Diesel Oil Nacional,DIESEL_NACIONAL,ESTACION DE SERVICIO BEIJING S.R.L.,17000.0,
2026-09-09,Cochabamba,DIESEL OIL NACIONAL EESS,Diesel Oil Nacional,DIESEL_NACIONAL,ESTACION DE SERVICIO ANITA,25000.0,
2026-09-09,Cochabamba,DIESEL OIL NACIONAL EESS,Diesel Oil Nacional,DIESEL_NACIONAL,"ESTACION DE SERVICIO ""POJO""",12000.0,
2026-09-09,Cochabamba,DIESEL OIL NACIONAL EESS,Diesel Oil Nacional,DIESEL_NACIONAL,"EST. DE SERV. ""VILLA OBRAJES""",25000.0,
2026-09-09,Cochabamba,DIESEL OIL NACIONAL EESS,Diesel Oil Nacional,DIESEL_NACIONAL,"EST. DE SERV. ""URKUPINA"" - ALBERTO OPORTO",20000.0,
2026-09-09,Cochabamba,DIESEL OIL NACIONAL EESS,Diesel Oil Nacional,DIESEL_NACIONAL,"EST. DE SERV. ""URKUPINA I""- ALBERTO OPORTO L.",8000.0,
2026-09-09,Cochabamba,DIESEL OIL NACIONAL EESS,Diesel Oil Nacional,DIESEL_NACIONAL,"EST. DE SERV. ""TRANS SACABA S.A.""",17000.0,
2026-09-09,Cochabamba,DIESEL OIL NACIONAL EESS,Diesel Oil Nacional,DIESEL_NACIONAL,"EST. DE SERV. ""TRANS SACABA S.A. II""",22000.0,
2026-09-09,Cochabamba,DIESEL OIL NACIONAL EESS,Diesel Oil Nacional,DIESEL_NACIONAL,"EST. DE SERV. ""TIQUIPAYA"" - VENICIA ALANEZ JIMENES",8000.0,
2026-09-09,Cochabamba,DIESEL OIL NACIONAL EESS,Diesel Oil Nacional,DIESEL_NACIONAL,"EST. DE SERV. ""SUTICOLLO""",27000.0,
2026-09-09,Cochabamba,DIESEL OIL NACIONAL EESS,Diesel Oil Nacional,DIESEL_NACIONAL,"EST. DE SERV. ""SURTIDOR CAMPERO""",11000.0,
2026-09-09,Cochabamba,DIESEL OIL NACIONAL EESS,Diesel Oil Nacional,DIESEL_NACIONAL,"EST. DE SERV. ""SIPE SIPE S.R.L.""",40000.0,
2026-09-09,Cochabamba,DIESEL OIL NACIONAL EESS,Diesel Oil Nacional,DIESEL_NACIONAL,"EST. DE SERV. ""SENOR SANTIAGO"" - E. DELGADILLO",10000.0,
2026-09-09,Cochabamba,DIESEL OIL NACIONAL EESS,Diesel Oil Nacional,DIESEL_NACIONAL,"EST. DE SERV. ""SANTA MONICA"" S.R.L.",10000.0,
2026-09-09,Cochabamba,DIESEL OIL NACIONAL EESS,Diesel Oil Nacional,DIESEL_NACIONAL,"EST. DE SERV. ""SAN JUAN BAUTISTA S.R.L.""",16000.0,
2026-09-09,Cochabamba,DIESEL OIL NACIONAL EESS,Diesel Oil Nacional,DIESEL_NACIONAL,"EST. DE SERV. ""SAN JORGE CBBA S.R.L.""",39000.0,
2026-09-09,Cochabamba,DIESEL OIL NACIONAL EESS,Diesel Oil Nacional,DIESEL_NACIONAL,"EST. DE SERV. ""RIOJA""",13000.0,
2026-09-09,Cochabamba,DIESEL OIL NACIONAL EESS,Diesel Oil Nacional,DIESEL_NACIONAL,"EST. DE SERV. ""REFINERIA""- SIMON RODRIGO FERRUFINO",8000.0,
2026-09-09,Cochabamba,DIESEL OIL NACIONAL EESS,Diesel Oil Nacional,DIESEL_NACIONAL,"EST. DE SERV. ""PETROGAS S.R.L.""",17000.0,
2026-09-09,Cochabamba,DIESEL OIL NACIONAL EESS,Diesel Oil Nacional,DIESEL_NACIONAL,"EST. DE SERV. ""PAROTANI""",34000.0,
2026-09-09,Cochabamba,DIESEL OIL NACIONAL EESS,Diesel Oil Nacional,DIESEL_NACIONAL,"EST. DE SERV. ""PARAJE 24.7 SRL""",27000.0,
2026-09-09,Cochabamba,DIESEL OIL NACIONAL EESS,Diesel Oil Nacional,DIESEL_NACIONAL,"EST. DE SERV. ""PARAJE 24.7 SRL SUC. 1""",12000.0,
2026-09-09,Cochabamba,DIESEL OIL NACIONAL EESS,Diesel Oil Nacional,DIESEL_NACIONAL,"EST. DE SERV. ""NISSAN"" - SIMON FERRUFINO",10000.0,
2026-09-09,Cochabamba,DIESEL OIL NACIONAL EESS,Diesel Oil Nacional,DIESEL_NACIONAL,"EST. DE SERV. ""MONTERREY S.R.L.""",29000.0,
2026-09-09,Cochabamba,DIESEL OIL NACIONAL EESS,Diesel Oil Nacional,DIESEL_NACIONAL,"EST. DE SERV. ""MIZQUE"" - DIOGENES MONTENEGRO P.",10000.0,
2026-09-09,Cochabamba,DIESEL OIL NACIONAL EESS,Diesel Oil Nacional,DIESEL_NACIONAL,"EST. DE SERV. ""MAX MAMANGUENO"" - E. MELGAREJO",10000.0,
2026-09-09,Cochabamba,DIESEL OIL NACIONAL EESS,Diesel Oil Nacional,DIESEL_NACIONAL,"EST. DE SERV. ""LOS ALPES""-BERTHA CAMACHO RICALDEZ",10000.0,
2026-09-09,Cochabamba,DIESEL OIL NACIONAL EESS,Diesel Oil Nacional,DIESEL_NACIONAL,"EST. DE SERV. ""LORETO"" SUC. 1",17000.0,
2026-09-09,Cochabamba,DIESEL OIL NACIONAL EESS,Diesel Oil Nacional,DIESEL_NACIONAL,"EST. DE SERV. ""ITAPAYA"" - ALBERTO AMURRIO F.",14000.0,
2026-09-09,Cochabamba,DIESEL OIL NACIONAL EESS,Diesel Oil Nacional,DIESEL_NACIONAL,"EST. DE SERV. ""ISABEL CHAVEZ""",16000.0,
2026-09-09,Cochabamba,DIESEL OIL NACIONAL EESS,Diesel Oil Nacional,DIESEL_NACIONAL,"EST. DE SERV. ""IQUIRCOLLO S.R.L.""",39000.0,
2026-09-09,Cochabamba,DIESEL OIL NACIONAL EESS,Diesel Oil Nacional,DIESEL_NACIONAL,"EST. DE SERV. ""INVERSIONES VALLESUR S.A.""",12000.0,
2026-09-09,Cochabamba,DIESEL OIL NACIONAL EESS,Diesel Oil Nacional,DIESEL_NACIONAL,"EST. DE SERV. ""GASNOR S.R.L.""",8000.0,
2026-09-09,Cochabamba,DIESEL OIL NACIONAL EESS,Diesel Oil Nacional,DIESEL_NACIONAL,"EST. DE SERV. ""FORTALEZA ENERGY S.R.L.""",8000.0,
2026-09-09,Cochabamba,DIESEL OIL NACIONAL EESS,Diesel Oil Nacional,DIESEL_NACIONAL,"EST. DE SERV. ""EQGAS"" S.R.L.",8000.0,
2026-09-09,Cochabamba,DIESEL OIL NACIONAL EESS,Diesel Oil Nacional,DIESEL_NACIONAL,"EST. DE SERV. ""EPIZANA""",12000.0,
2026-09-09,Cochabamba,DIESEL OIL NACIONAL EESS,Diesel Oil Nacional,DIESEL_NACIONAL,"EST. DE SERV. ""EL VIAJERO SRL""",29000.0,
2026-09-09,Cochabamba,DIESEL OIL NACIONAL EESS,Diesel Oil Nacional,DIESEL_NACIONAL,"EST. DE SERV. ""EL MANANTIAL SRL""",8000.0,
2026-09-09,Cochabamba,DIESEL OIL NACIONAL EESS,Diesel Oil Nacional,DIESEL_NACIONAL,"EST. DE SERV. ""EL CRISTO"" - CRISTIAN SABAG",9000.0,
2026-09-09,Cochabamba,DIESEL OIL NACIONAL EESS,Diesel Oil Nacional,DIESEL_NACIONAL,"EST. DE SERV. ""DISEL S.R.L.""",34000.0,
2026-09-09,Cochabamba,DIESEL OIL NACIONAL EESS,Diesel Oil Nacional,DIESEL_NACIONAL,"EST. DE SERV. ""DISEL S.R.L. I""",39000.0,
2026-09-09,Cochabamba,DIESEL OIL NACIONAL EESS,Diesel Oil Nacional,DIESEL_NACIONAL,"EST. DE SERV. ""DAYANA""",16000.0,
2026-09-09,Cochabamba,DIESEL OIL NACIONAL EESS,Diesel Oil Nacional,DIESEL_NACIONAL,"EST. DE SERV. ""COMERCIALIZADORA QK S.R.L.""",12000.0,
2026-09-09,Cochabamba,DIESEL OIL NACIONAL EESS,Diesel Oil Nacional,DIESEL_NACIONAL,"EST. DE SERV. ""COCHABAMBA""",39000.0,
2026-09-09,Cochabamba,DIESEL OIL NACIONAL EESS,Diesel Oil Nacional,DIESEL_NACIONAL,"EST. DE SERV. ""COCHABAMBA S.R.L. SUC. 1""",14000.0,
2026-09-09,Cochabamba,DIESEL OIL NACIONAL EESS,Diesel Oil Nacional,DIESEL_NACIONAL,"EST. DE SERV. ""CITY TRUCK FH S.R.L.""",21000.0,
2026-09-09,Cochabamba,DIESEL OIL NACIONAL EESS,Diesel Oil Nacional,DIESEL_NACIONAL,"EST. DE SERV. ""CIRCUITO BOLIVIA S.A.""",12000.0,
2026-09-09,Cochabamba,DIESEL OIL NACIONAL EESS,Diesel Oil Nacional,DIESEL_NACIONAL,"EST. DE SERV. ""CHULLPANI"" - TORRICO AGUILAR JOSE M",13000.0,
2026-09-09,Cochabamba,DIESEL OIL NACIONAL EESS,Diesel Oil Nacional,DIESEL_NACIONAL,"EST. DE SERV. ""CHINATA S.R.L.""",26000.0,
2026-09-09,Cochabamba,DIESEL OIL NACIONAL EESS,Diesel Oil Nacional,DIESEL_NACIONAL,"EST. DE SERV. ""CHIMBOCO""",27000.0,
2026-09-09,Cochabamba,DIESEL OIL NACIONAL EESS,Diesel Oil Nacional,DIESEL_NACIONAL,"EST. DE SERV. ""C.G.C. SRL""",34000.0,
2026-09-09,Cochabamba,DIESEL OIL NACIONAL EESS,Diesel Oil Nacional,DIESEL_NACIONAL,"EST. DE SERV. ""ARANI"" - ZULMA ROJAS",12000.0,
2026-09-09,Cochabamba,DIESEL OIL NACIONAL EESS,Diesel Oil Nacional,DIESEL_NACIONAL,"EST. DE SERV. ""AEROPUERTO S.R.L.""",14000.0,
2026-09-09,Cochabamba,DIESEL OIL NACIONAL EESS,Diesel Oil Nacional,DIESEL_NACIONAL,"EST. DE SERV. ""ADRIAN""",11000.0,
2026-09-09,Cochabamba,DIESEL OIL NACIONAL EESS,Diesel Oil Nacional,DIESEL_NACIONAL,"EST. DE SERV. ""24 DE SEPTIEMBRE S.R.L.""",11000.0,
2026-09-09,Cochabamba,DIESEL OIL NACIONAL EESS,Diesel Oil Nacional,DIESEL_NACIONAL,COMERCIALIZADORA DE SERVICIOS LUBRISHOP S.R.L.,10000.0,
2026-09-09,Cochabamba,DIESEL OIL NACIONAL EESS,Diesel Oil Nacional,DIESEL_NACIONAL,CENTRO DE SERVICIOS VALLEPUNATA S.R.L.,8000.0,
2026-09-09,Cochabamba,DIESEL OIL NACIONAL CF,Diesel Oil Nacional,DIESEL_NACIONAL,SINOHYDRO CORPORATION LIMITED - SUCURSAL BOLIVIA,10000.0,
2026-09-08,Cochabamba,GLP DISTRIB. 45 KILOS NAL,GLP,GLP,DIST. GLP SOCIEDAD PETROLERA SANTA ELENA S.R.L.,3600.0,
2026-09-08,Cochabamba,GLP DISTRIB. 45 KILOS NAL,GLP,GLP,DIST. GLP NUESTRO GAS-JONSON RICHARD LIMA FLORERO,1800.0,
2026-09-08,Cochabamba,GLP DISTRIB. 10 KILOS NAL,GLP,GLP,FERRO GAS - BERTHA CAMACHO RICALDEZ DE FERRUFINO,12000.0,
2026-09-08,Cochabamba,GLP DISTRIB. 10 KILOS NAL,GLP,GLP,"DIST.GLP""VILOMA GAS"" E.ARANDIA",12000.0,
2026-09-08,Cochabamba,GLP DISTRIB. 10 KILOS NAL,GLP,GLP,"DIST.GLP""NOE GAS""M.HINOJOSA R.",12000.0,
2026-09-08,Cochabamba,GLP DISTRIB. 10 KILOS NAL,GLP,GLP,"DIST. PROV.GLP ""SIPE SIPE GAS""",12000.0,
2026-09-08,Cochabamba,GLP DISTRIB. 10 KILOS NAL,GLP,GLP,"DIST. PROV. GLP ""PREMIUN GAS"" - EDUARDO ZENTENO E.",6000.0,
2026-09-08,Cochabamba,GLP DISTRIB. 10 KILOS NAL,GLP,GLP,"DIST. PROV. GLP ""COTA GAS"" - NELSON OLMOS",6000.0,
2026-09-08,Cochabamba,GLP DISTRIB. 10 KILOS NAL,GLP,GLP,"DIST. PROV. GLP ""COLOMI GAS""",6000.0,
2026-09-08,Cochabamba,GLP DISTRIB. 10 KILOS NAL,GLP,GLP,"DIST. PROV. GLP ""ARANDIA GAS S.R.L.""",6000.0,
2026-09-08,Cochabamba,GLP DISTRIB. 10 KILOS NAL,GLP,GLP,"DIST. GLP""SARCO GAS""M.FELIPEZ",12000.0,
2026-09-08,Cochabamba,GLP DISTRIB. 10 KILOS NAL,GLP,GLP,DIST. GLP SOCIEDAD PETROLERA SANTA ELENA S.R.L.,24000.0,
2026-09-08,Cochabamba,GLP DISTRIB. 10 KILOS NAL,GLP,GLP,DIST. GLP NUESTRO GAS-JONSON RICHARD LIMA FLORERO,24000.0,
2026-09-08,Cochabamba,GLP DISTRIB. 10 KILOS NAL,GLP,GLP,"DIST. GLP ""SANTIVANEZ GAS"" - JUVENAL ZENTENO ESPINOZA",6000.0,
2026-09-08,Cochabamba,GLP DISTRIB. 10 KILOS NAL,GLP,GLP,"DIST. GLP ""EXTRA GAS"" - MARIO CORDOVA PINTO",18000.0,
2026-09-08,Cochabamba,GLP DISTRIB. 10 KILOS NAL,GLP,GLP,"DIST. GLP ""EDMUNDO GAS"" - EDMUNDO QUIROZ TAPIA",6000.0,
2026-09-08,Cochabamba,GLP DISTRIB. 10 KILOS NAL,GLP,GLP,"DIST. GLP ""DISBOGAS"" - JENNY PETRONA SALAMANCA VILLAFUERTE",6000.0,
2026-09-08,Cochabamba,GLP DISTRIB. 10 KILOS NAL,GLP,GLP,"DIST. GLP ""CAPI GAS"" - GONZALO SOLIZ GUTIERREZ",6000.0,
2026-09-08,Cochabamba,GLP DISTRIB. 10 KILOS NAL,GLP,GLP,"DIST. GLP ""BIO GAS"" - ANA MARIA ROMERO DE TORRICO",18000.0,
2026-09-08,Cochabamba,GLP DISTRIB. 10 KILOS NAL,GLP,GLP,"DIST. GLP ""ADRIAZOL GAS""",6000.0,
2026-09-08,Cochabamba,GLP DISTRIB. 10 KILOS NAL,GLP,GLP,"COOPERATIVA DE SERVICIOS DE DISTRIBUCION DE GAS LICUADO ""CANDELARIA"" R.L.",6000.0,
2026-09-08,Cochabamba,GLP DISTRIB. 10 KILOS NAL,GLP,GLP,CBA GAS S.A.,18000.0,
2026-09-08,Cochabamba,GLP DISTRIB. 10 KILOS NAL,GLP,GLP,A TODO GAS S.R.L.,12000.0,
2026-09-08,Cochabamba,GASOLINA ESPECIAL + EESS,Gasolina Especial +,GASOLINA_ESPECIAL_MAS,TERMINAL DE BUSES COCHABAMBA S.A.,10000.0,
2026-09-08,Cochabamba,GASOLINA ESPECIAL + EESS,Gasolina Especial +,GASOLINA_ESPECIAL_MAS,KHORA ESTACION DE SERVICIO - MEDRANO ARNEZ JAIME,6000.0,
2026-09-08,Cochabamba,GASOLINA ESPECIAL + EESS,Gasolina Especial +,GASOLINA_ESPECIAL_MAS,IMBRANJO S.R.L.,14000.0,
2026-09-08,Cochabamba,GASOLINA ESPECIAL + EESS,Gasolina Especial +,GASOLINA_ESPECIAL_MAS,FEDEX CHACO,3000.0,
2026-09-08,Cochabamba,GASOLINA ESPECIAL + EESS,Gasolina Especial +,GASOLINA_ESPECIAL_MAS,ESTAGAS S.R.L.,10000.0,
2026-09-08,Cochabamba,GASOLINA ESPECIAL + EESS,Gasolina Especial +,GASOLINA_ESPECIAL_MAS,ESTACIÓN DE SERVICIO VALLESANTIVAÑEZ S.R.L.,12000.0,
2026-09-08,Cochabamba,GASOLINA ESPECIAL + EESS,Gasolina Especial +,GASOLINA_ESPECIAL_MAS,ESTACIÓN DE SERVICIO FRANQUITO,12000.0,
2026-09-08,Cochabamba,GASOLINA ESPECIAL + EESS,Gasolina Especial +,GASOLINA_ESPECIAL_MAS,ESTACION DE SERVICIO VIRGEN DE LAS ANGUSTIAS S.R.L.,10000.0,
2026-09-08,Cochabamba,GASOLINA ESPECIAL + EESS,Gasolina Especial +,GASOLINA_ESPECIAL_MAS,ESTACION DE SERVICIO TICTI S.R.L.,12000.0,
2026-09-08,Cochabamba,GASOLINA ESPECIAL + EESS,Gasolina Especial +,GASOLINA_ESPECIAL_MAS,ESTACION DE SERVICIO PAPU S.R.L.,12000.0,
2026-09-08,Cochabamba,GASOLINA ESPECIAL + EESS,Gasolina Especial +,GASOLINA_ESPECIAL_MAS,ESTACION DE SERVICIO OMEREQUE,12000.0,
2026-09-08,Cochabamba,GASOLINA ESPECIAL + EESS,Gasolina Especial +,GASOLINA_ESPECIAL_MAS,ESTACION DE SERVICIO LOS LIBERTADORES S.R.L.,10000.0,
2026-09-08,Cochabamba,GASOLINA ESPECIAL + EESS,Gasolina Especial +,GASOLINA_ESPECIAL_MAS,ESTACION DE SERVICIO LOS ALAMOS S.R.L.,14000.0,
2026-09-08,Cochabamba,GASOLINA ESPECIAL + EESS,Gasolina Especial +,GASOLINA_ESPECIAL_MAS,ESTACION DE SERVICIO HIPODROMO S.R.L.,6000.0,
2026-09-08,Cochabamba,GASOLINA ESPECIAL + EESS,Gasolina Especial +,GASOLINA_ESPECIAL_MAS,ESTACION DE SERVICIO CAPITAN VICTOR USTARIZ S.R.L.,12000.0,
2026-09-08,Cochabamba,GASOLINA ESPECIAL + EESS,Gasolina Especial +,GASOLINA_ESPECIAL_MAS,ESTACION DE SERVICIO BEIJING S.R.L.,14000.0,
2026-09-08,Cochabamba,GASOLINA ESPECIAL + EESS,Gasolina Especial +,GASOLINA_ESPECIAL_MAS,ESTACION DE SERVICIO ANITA,16000.0,
2026-09-08,Cochabamba,GASOLINA ESPECIAL + EESS,Gasolina Especial +,GASOLINA_ESPECIAL_MAS,"ESTACION DE SERVICIO ""LOS LAURELES"" - DIEGO M. DELGADILLO ANTEZANA",10000.0,
2026-09-08,Cochabamba,GASOLINA ESPECIAL + EESS,Gasolina Especial +,GASOLINA_ESPECIAL_MAS,"EST. DE SERV. ""VILLA OBRAJES""",10000.0,
2026-09-08,Cochabamba,GASOLINA ESPECIAL + EESS,Gasolina Especial +,GASOLINA_ESPECIAL_MAS,"EST. DE SERV. ""URKUPINA"" - ALBERTO OPORTO",10000.0,
2026-09-08,Cochabamba,GASOLINA ESPECIAL + EESS,Gasolina Especial +,GASOLINA_ESPECIAL_MAS,"EST. DE SERV. ""URKUPINA I""- ALBERTO OPORTO L.",12000.0,
2026-09-08,Cochabamba,GASOLINA ESPECIAL + EESS,Gasolina Especial +,GASOLINA_ESPECIAL_MAS,"EST. DE SERV. ""TRANS SACABA S.A. II""",10000.0,
2026-09-08,Cochabamba,GASOLINA ESPECIAL + EESS,Gasolina Especial +,GASOLINA_ESPECIAL_MAS,"EST. DE SERV. ""TIRAQUE""",12000.0,
2026-09-08,Cochabamba,GASOLINA ESPECIAL + EESS,Gasolina Especial +,GASOLINA_ESPECIAL_MAS,"EST. DE SERV. ""TIQUIPAYA"" - VENICIA ALANEZ JIMENES",6000.0,
2026-09-08,Cochabamba,GASOLINA ESPECIAL + EESS,Gasolina Especial +,GASOLINA_ESPECIAL_MAS,"EST. DE SERV. ""SIPE SIPE S.R.L.""",14000.0,
2026-09-08,Cochabamba,GASOLINA ESPECIAL + EESS,Gasolina Especial +,GASOLINA_ESPECIAL_MAS,"EST. DE SERV. ""SENOR SANTIAGO"" - E. DELGADILLO",10000.0,
2026-09-08,Cochabamba,GASOLINA ESPECIAL + EESS,Gasolina Especial +,GASOLINA_ESPECIAL_MAS,"EST. DE SERV. ""SENOR SANTIAGO SUC. 1"" - E. DELGADILLO",10000.0,
2026-09-08,Cochabamba,GASOLINA ESPECIAL + EESS,Gasolina Especial +,GASOLINA_ESPECIAL_MAS,"EST. DE SERV. ""SANTA MONICA"" S.R.L.",10000.0,
2026-09-08,Cochabamba,GASOLINA ESPECIAL + EESS,Gasolina Especial +,GASOLINA_ESPECIAL_MAS,"EST. DE SERV. ""SAN JUAN BAUTISTA S.R.L.""",12000.0,
2026-09-08,Cochabamba,GASOLINA ESPECIAL + EESS,Gasolina Especial +,GASOLINA_ESPECIAL_MAS,"EST. DE SERV. ""SAN JORGE CBBA S.R.L.""",14000.0,
2026-09-08,Cochabamba,GASOLINA ESPECIAL + EESS,Gasolina Especial +,GASOLINA_ESPECIAL_MAS,"EST. DE SERV. ""RIOJA""",8000.0,
2026-09-08,Cochabamba,GASOLINA ESPECIAL + EESS,Gasolina Especial +,GASOLINA_ESPECIAL_MAS,"EST. DE SERV. ""REFINERIA""- SIMON RODRIGO FERRUFINO",6000.0,
2026-09-08,Cochabamba,GASOLINA ESPECIAL + EESS,Gasolina Especial +,GASOLINA_ESPECIAL_MAS,"EST. DE SERV. ""PORTALEZ S.R.L.""",18000.0,
2026-09-08,Cochabamba,GASOLINA ESPECIAL + EESS,Gasolina Especial +,GASOLINA_ESPECIAL_MAS,"EST. DE SERV. ""PETROGAS S.R.L.""",6000.0,
2026-09-08,Cochabamba,GASOLINA ESPECIAL + EESS,Gasolina Especial +,GASOLINA_ESPECIAL_MAS,"EST. DE SERV. ""PAREDES VALLEJOS"" - JHONNY MILTON PAREDES VALLEJOS",10000.0,
2026-09-08,Cochabamba,GASOLINA ESPECIAL + EESS,Gasolina Especial +,GASOLINA_ESPECIAL_MAS,"EST. DE SERV. ""PARAJE 24.7 SRL""",12000.0,
2026-09-08,Cochabamba,GASOLINA ESPECIAL + EESS,Gasolina Especial +,GASOLINA_ESPECIAL_MAS,"EST. DE SERV. ""PARAJE 24.7 SRL SUC. 1""",10000.0,
2026-09-08,Cochabamba,GASOLINA ESPECIAL + EESS,Gasolina Especial +,GASOLINA_ESPECIAL_MAS,"EST. DE SERV. ""PANAMERICANA"" SUCURSAL COCHABAMBA",10000.0,
2026-09-08,Cochabamba,GASOLINA ESPECIAL + EESS,Gasolina Especial +,GASOLINA_ESPECIAL_MAS,"EST. DE SERV. ""NISSAN"" - SIMON FERRUFINO",8000.0,
2026-09-08,Cochabamba,GASOLINA ESPECIAL + EESS,Gasolina Especial +,GASOLINA_ESPECIAL_MAS,"EST. DE SERV. ""MONTERREY S.R.L.""",10000.0,
2026-09-08,Cochabamba,GASOLINA ESPECIAL + EESS,Gasolina Especial +,GASOLINA_ESPECIAL_MAS,"EST. DE SERV. ""MIZQUE"" - DIOGENES MONTENEGRO P.",6000.0,
2026-09-08,Cochabamba,GASOLINA ESPECIAL + EESS,Gasolina Especial +,GASOLINA_ESPECIAL_MAS,"EST. DE SERV. ""MAX MAMANGUENO"" - E. MELGAREJO",6000.0,
2026-09-08,Cochabamba,GASOLINA ESPECIAL + EESS,Gasolina Especial +,GASOLINA_ESPECIAL_MAS,"EST. DE SERV. ""LOS ALPES""-BERTHA CAMACHO RICALDEZ",12000.0,
2026-09-08,Cochabamba,GASOLINA ESPECIAL + EESS,Gasolina Especial +,GASOLINA_ESPECIAL_MAS,"EST. DE SERV. ""LORETO"" SUC. 1",10000.0,
2026-09-08,Cochabamba,GASOLINA ESPECIAL + EESS,Gasolina Especial +,GASOLINA_ESPECIAL_MAS,"EST. DE SERV. ""LA PATRIA S.R.L.""",6000.0,
2026-09-08,Cochabamba,GASOLINA ESPECIAL + EESS,Gasolina Especial +,GASOLINA_ESPECIAL_MAS,"EST. DE SERV. ""ISABEL CHAVEZ""",10000.0,
2026-09-08,Cochabamba,GASOLINA ESPECIAL + EESS,Gasolina Especial +,GASOLINA_ESPECIAL_MAS,"EST. DE SERV. ""IQUIRCOLLO S.R.L.""",16000.0,
2026-09-08,Cochabamba,GASOLINA ESPECIAL + EESS,Gasolina Especial +,GASOLINA_ESPECIAL_MAS,"EST. DE SERV. ""IQUIRCOLLO S.R.L. SUC. 1""",14000.0,
2026-09-08,Cochabamba,GASOLINA ESPECIAL + EESS,Gasolina Especial +,GASOLINA_ESPECIAL_MAS,"EST. DE SERV. ""GUADELOUPE GROUP S.R.L.""",10000.0,
2026-09-08,Cochabamba,GASOLINA ESPECIAL + EESS,Gasolina Especial +,GASOLINA_ESPECIAL_MAS,"EST. DE SERV. ""GASNOR S.R.L.""",8000.0,
2026-09-08,Cochabamba,GASOLINA ESPECIAL + EESS,Gasolina Especial +,GASOLINA_ESPECIAL_MAS,"EST. DE SERV. ""FORTALEZA ENERGY S.R.L.""",6000.0,
2026-09-08,Cochabamba,GASOLINA ESPECIAL + EESS,Gasolina Especial +,GASOLINA_ESPECIAL_MAS,"EST. DE SERV. ""EQGAS"" S.R.L.",8000.0,
2026-09-08,Cochabamba,GASOLINA ESPECIAL + EESS,Gasolina Especial +,GASOLINA_ESPECIAL_MAS,"EST. DE SERV. ""EPIZANA""",12000.0,
2026-09-08,Cochabamba,GASOLINA ESPECIAL + EESS,Gasolina Especial +,GASOLINA_ESPECIAL_MAS,"EST. DE SERV. ""EL MANANTIAL SUC. 2""",12000.0,
2026-09-08,Cochabamba,GASOLINA ESPECIAL + EESS,Gasolina Especial +,GASOLINA_ESPECIAL_MAS,"EST. DE SERV. ""EL MANANTIAL SUC. 1""",10000.0,
2026-09-08,Cochabamba,GASOLINA ESPECIAL + EESS,Gasolina Especial +,GASOLINA_ESPECIAL_MAS,"EST. DE SERV. ""EL MANANTIAL SRL""",10000.0,
2026-09-08,Cochabamba,GASOLINA ESPECIAL + EESS,Gasolina Especial +,GASOLINA_ESPECIAL_MAS,"EST. DE SERV. ""EL CRISTO"" - CRISTIAN SABAG",28000.0,
2026-09-08,Cochabamba,GASOLINA ESPECIAL + EESS,Gasolina Especial +,GASOLINA_ESPECIAL_MAS,"EST. DE SERV. ""DORBIGNI""",12000.0,
2026-09-08,Cochabamba,GASOLINA ESPECIAL + EESS,Gasolina Especial +,GASOLINA_ESPECIAL_MAS,"EST. DE SERV. ""DISEL S.R.L.""",8000.0,
2026-09-08,Cochabamba,GASOLINA ESPECIAL + EESS,Gasolina Especial +,GASOLINA_ESPECIAL_MAS,"EST. DE SERV. ""DISEL S.R.L. I""",8000.0,
2026-09-08,Cochabamba,GASOLINA ESPECIAL + EESS,Gasolina Especial +,GASOLINA_ESPECIAL_MAS,"EST. DE SERV. ""DELAASUNCION-AMERICA S.R.L.""",12000.0,
2026-09-08,Cochabamba,GASOLINA ESPECIAL + EESS,Gasolina Especial +,GASOLINA_ESPECIAL_MAS,"EST. DE SERV. ""DAYANA""",12000.0,
2026-09-08,Cochabamba,GASOLINA ESPECIAL + EESS,Gasolina Especial +,GASOLINA_ESPECIAL_MAS,"EST. DE SERV. ""COMERCIALIZADORA QK S.R.L.""",10000.0,
2026-09-08,Cochabamba,GASOLINA ESPECIAL + EESS,Gasolina Especial +,GASOLINA_ESPECIAL_MAS,"EST. DE SERV. ""COCHABAMBA""",14000.0,
2026-09-08,Cochabamba,GASOLINA ESPECIAL + EESS,Gasolina Especial +,GASOLINA_ESPECIAL_MAS,"EST. DE SERV. ""COCHABAMBA S.R.L. SUC. 2""",12000.0,
2026-09-08,Cochabamba,GASOLINA ESPECIAL + EESS,Gasolina Especial +,GASOLINA_ESPECIAL_MAS,"EST. DE SERV. ""COCHABAMBA S.R.L. SUC. 1""",12000.0,
2026-09-08,Cochabamba,GASOLINA ESPECIAL + EESS,Gasolina Especial +,GASOLINA_ESPECIAL_MAS,"EST. DE SERV. ""CITY TRUCK FH S.R.L.""",10000.0,
2026-09-08,Cochabamba,GASOLINA ESPECIAL + EESS,Gasolina Especial +,GASOLINA_ESPECIAL_MAS,"EST. DE SERV. ""CIRCUITO BOLIVIA S.A.""",14000.0,
2026-09-08,Cochabamba,GASOLINA ESPECIAL + EESS,Gasolina Especial +,GASOLINA_ESPECIAL_MAS,"EST. DE SERV. ""CHULLPANI"" - TORRICO AGUILAR JOSE M",17000.0,
2026-09-08,Cochabamba,GASOLINA ESPECIAL + EESS,Gasolina Especial +,GASOLINA_ESPECIAL_MAS,"EST. DE SERV. ""CHINATA S.R.L.""",10000.0,
2026-09-08,Cochabamba,GASOLINA ESPECIAL + EESS,Gasolina Especial +,GASOLINA_ESPECIAL_MAS,"EST. DE SERV. ""CHIMBOCO""",14000.0,
2026-09-08,Cochabamba,GASOLINA ESPECIAL + EESS,Gasolina Especial +,GASOLINA_ESPECIAL_MAS,"EST. DE SERV. ""C.G.C. SRL""",10000.0,
2026-09-08,Cochabamba,GASOLINA ESPECIAL + EESS,Gasolina Especial +,GASOLINA_ESPECIAL_MAS,"EST. DE SERV. ""AYACUCHO""",12000.0,
2026-09-08,Cochabamba,GASOLINA ESPECIAL + EESS,Gasolina Especial +,GASOLINA_ESPECIAL_MAS,"EST. DE SERV. ""ARISPE""",12000.0,
2026-09-08,Cochabamba,GASOLINA ESPECIAL + EESS,Gasolina Especial +,GASOLINA_ESPECIAL_MAS,"EST. DE SERV. ""ARANJUEZ""",16000.0,
2026-09-08,Cochabamba,GASOLINA ESPECIAL + EESS,Gasolina Especial +,GASOLINA_ESPECIAL_MAS,"EST. DE SERV. ""AEROPUERTO S.R.L.""",10000.0,
2026-09-08,Cochabamba,GASOLINA ESPECIAL + EESS,Gasolina Especial +,GASOLINA_ESPECIAL_MAS,"EST. DE SERV. ""A.C.B. CARBURANTES SRL""",16000.0,
2026-09-08,Cochabamba,GASOLINA ESPECIAL + EESS,Gasolina Especial +,GASOLINA_ESPECIAL_MAS,"EST. DE SERV. ""20 DE DICIEMBRE""",12000.0,
2026-09-08,Cochabamba,GASOLINA ESPECIAL + EESS,Gasolina Especial +,GASOLINA_ESPECIAL_MAS,"EST. DE SERV. "" LAS PALMERAS S.R.L.""",10000.0,
2026-09-08,Cochabamba,GASOLINA ESPECIAL + EESS,Gasolina Especial +,GASOLINA_ESPECIAL_MAS,COMERCIALIZADORA DE SERVICIOS LUBRISHOP S.R.L.,6000.0,
2026-09-08,Cochabamba,GASOLINA ESPECIAL + EESS,Gasolina Especial +,GASOLINA_ESPECIAL_MAS,CENTRO DE SERVICIOS VALLEPUNATA S.R.L.,9000.0,
2026-09-08,Cochabamba,GASOLINA ESPECIAL + CF,Gasolina Especial +,GASOLINA_ESPECIAL_MAS,COOPERATIVA MINERA TAMIÑANI R.L.,10000.0,
2026-09-08,Cochabamba,DIESEL OIL NACIONAL GRACO,Diesel Oil Nacional,DIESEL_NACIONAL,SERVICIO DEPARTAMENTAL DE CAMINOS,10000.0,
2026-09-08,Cochabamba,DIESEL OIL NACIONAL GRACO,Diesel Oil Nacional,DIESEL_NACIONAL,GOBIERNO AUTONOMO MUNICIPAL DE COCHABAMBA,12000.0,
2026-09-08,Cochabamba,DIESEL OIL NACIONAL GRACO,Diesel Oil Nacional,DIESEL_NACIONAL,EMPRESA MUNICIPAL DE SERVICIOS DE ASEO,10000.0,
2026-09-08,Cochabamba,DIESEL OIL NACIONAL GRACO,Diesel Oil Nacional,DIESEL_NACIONAL,COOPERATIVA MULTIACTIVA COBOCE R.L.,20000.0,
2026-09-08,Cochabamba,DIESEL OIL NACIONAL EESS,Diesel Oil Nacional,DIESEL_NACIONAL,TERMINAL DE BUSES COCHABAMBA S.A.,12000.0,
2026-09-08,Cochabamba,DIESEL OIL NACIONAL EESS,Diesel Oil Nacional,DIESEL_NACIONAL,IMBRANJO S.R.L.,18000.0,
2026-09-08,Cochabamba,DIESEL OIL NACIONAL EESS,Diesel Oil Nacional,DIESEL_NACIONAL,ESTACIÓN DE SERVICIO VALLESANTIVAÑEZ S.R.L.,12000.0,
2026-09-08,Cochabamba,DIESEL OIL NACIONAL EESS,Diesel Oil Nacional,DIESEL_NACIONAL,ESTACIÓN DE SERVICIO FRANQUITO,12000.0,
2026-09-08,Cochabamba,DIESEL OIL NACIONAL EESS,Diesel Oil Nacional,DIESEL_NACIONAL,ESTACION DE SERVICIO TICTI S.R.L.,13000.0,
2026-09-08,Cochabamba,DIESEL OIL NACIONAL EESS,Diesel Oil Nacional,DIESEL_NACIONAL,ESTACION DE SERVICIO PAPU S.R.L.,12000.0,
2026-09-08,Cochabamba,DIESEL OIL NACIONAL EESS,Diesel Oil Nacional,DIESEL_NACIONAL,ESTACION DE SERVICIO OMEREQUE,12000.0,
2026-09-08,Cochabamba,DIESEL OIL NACIONAL EESS,Diesel Oil Nacional,DIESEL_NACIONAL,ESTACION DE SERVICIO LOS LIBERTADORES S.R.L.,8000.0,
2026-09-08,Cochabamba,DIESEL OIL NACIONAL EESS,Diesel Oil Nacional,DIESEL_NACIONAL,ESTACION DE SERVICIO LOS ALAMOS S.R.L.,26000.0,
2026-09-08,Cochabamba,DIESEL OIL NACIONAL EESS,Diesel Oil Nacional,DIESEL_NACIONAL,ESTACION DE SERVICIO BEIJING S.R.L.,12000.0,
2026-09-08,Cochabamba,DIESEL OIL NACIONAL EESS,Diesel Oil Nacional,DIESEL_NACIONAL,ESTACION DE SERVICIO ANITA,18000.0,
2026-09-08,Cochabamba,DIESEL OIL NACIONAL EESS,Diesel Oil Nacional,DIESEL_NACIONAL,"EST. DE SERV. ""VILLA OBRAJES""",18000.0,
2026-09-08,Cochabamba,DIESEL OIL NACIONAL EESS,Diesel Oil Nacional,DIESEL_NACIONAL,"EST. DE SERV. ""URKUPINA"" - ALBERTO OPORTO",13000.0,
2026-09-08,Cochabamba,DIESEL OIL NACIONAL EESS,Diesel Oil Nacional,DIESEL_NACIONAL,"EST. DE SERV. ""URKUPINA I""- ALBERTO OPORTO L.",6000.0,
2026-09-08,Cochabamba,DIESEL OIL NACIONAL EESS,Diesel Oil Nacional,DIESEL_NACIONAL,"EST. DE SERV. ""TRANS SACABA S.A.""",12000.0,
2026-09-08,Cochabamba,DIESEL OIL NACIONAL EESS,Diesel Oil Nacional,DIESEL_NACIONAL,"EST. DE SERV. ""TRANS SACABA S.A. II""",15000.0,
2026-09-08,Cochabamba,DIESEL OIL NACIONAL EESS,Diesel Oil Nacional,DIESEL_NACIONAL,"EST. DE SERV. ""TIRAQUE""",12000.0,
2026-09-08,Cochabamba,DIESEL OIL NACIONAL EESS,Diesel Oil Nacional,DIESEL_NACIONAL,"EST. DE SERV. ""TIQUIPAYA"" - VENICIA ALANEZ JIMENES",6000.0,
2026-09-08,Cochabamba,DIESEL OIL NACIONAL EESS,Diesel Oil Nacional,DIESEL_NACIONAL,"EST. DE SERV. ""SUTICOLLO""",19000.0,
2026-09-08,Cochabamba,DIESEL OIL NACIONAL EESS,Diesel Oil Nacional,DIESEL_NACIONAL,"EST. DE SERV. ""SIPE SIPE S.R.L.""",28000.0,
2026-09-08,Cochabamba,DIESEL OIL NACIONAL EESS,Diesel Oil Nacional,DIESEL_NACIONAL,"EST. DE SERV. ""SENOR SANTIAGO"" - E. DELGADILLO",7000.0,
2026-09-08,Cochabamba,DIESEL OIL NACIONAL EESS,Diesel Oil Nacional,DIESEL_NACIONAL,"EST. DE SERV. ""SANTA MONICA"" S.R.L.",7000.0,
2026-09-08,Cochabamba,DIESEL OIL NACIONAL EESS,Diesel Oil Nacional,DIESEL_NACIONAL,"EST. DE SERV. ""SAN JUAN BAUTISTA S.R.L.""",11000.0,
2026-09-08,Cochabamba,DIESEL OIL NACIONAL EESS,Diesel Oil Nacional,DIESEL_NACIONAL,"EST. DE SERV. ""SAN JORGE CBBA S.R.L.""",28000.0,
2026-09-08,Cochabamba,DIESEL OIL NACIONAL EESS,Diesel Oil Nacional,DIESEL_NACIONAL,"EST. DE SERV. ""RIOJA""",9000.0,
2026-09-08,Cochabamba,DIESEL OIL NACIONAL EESS,Diesel Oil Nacional,DIESEL_NACIONAL,"EST. DE SERV. ""REFINERIA""- SIMON RODRIGO FERRUFINO",6000.0,
2026-09-08,Cochabamba,DIESEL OIL NACIONAL EESS,Diesel Oil Nacional,DIESEL_NACIONAL,"EST. DE SERV. ""PETROGAS S.R.L.""",12000.0,
2026-09-08,Cochabamba,DIESEL OIL NACIONAL EESS,Diesel Oil Nacional,DIESEL_NACIONAL,"EST. DE SERV. ""PAROTANI""",25000.0,
2026-09-08,Cochabamba,DIESEL OIL NACIONAL EESS,Diesel Oil Nacional,DIESEL_NACIONAL,"EST. DE SERV. ""PAREDES VALLEJOS"" - JHONNY MILTON PAREDES VALLEJOS",12000.0,
2026-09-08,Cochabamba,DIESEL OIL NACIONAL EESS,Diesel Oil Nacional,DIESEL_NACIONAL,"EST. DE SERV. ""PARAJE 24.7 SRL""",19000.0,
2026-09-08,Cochabamba,DIESEL OIL NACIONAL EESS,Diesel Oil Nacional,DIESEL_NACIONAL,"EST. DE SERV. ""PARAJE 24.7 SRL SUC. 1""",9000.0,
2026-09-08,Cochabamba,DIESEL OIL NACIONAL EESS,Diesel Oil Nacional,DIESEL_NACIONAL,"EST. DE SERV. ""NISSAN"" - SIMON FERRUFINO",6000.0,
2026-09-08,Cochabamba,DIESEL OIL NACIONAL EESS,Diesel Oil Nacional,DIESEL_NACIONAL,"EST. DE SERV. ""MONTERREY S.R.L.""",21000.0,
2026-09-08,Cochabamba,DIESEL OIL NACIONAL EESS,Diesel Oil Nacional,DIESEL_NACIONAL,"EST. DE SERV. ""MIZQUE"" - DIOGENES MONTENEGRO P.",6000.0,
2026-09-08,Cochabamba,DIESEL OIL NACIONAL EESS,Diesel Oil Nacional,DIESEL_NACIONAL,"EST. DE SERV. ""MAX MAMANGUENO"" - E. MELGAREJO",7000.0,
2026-09-08,Cochabamba,DIESEL OIL NACIONAL EESS,Diesel Oil Nacional,DIESEL_NACIONAL,"EST. DE SERV. ""LOS ALPES""-BERTHA CAMACHO RICALDEZ",7000.0,
2026-09-08,Cochabamba,DIESEL OIL NACIONAL EESS,Diesel Oil Nacional,DIESEL_NACIONAL,"EST. DE SERV. ""LORETO"" SUC. 1",12000.0,
2026-09-08,Cochabamba,DIESEL OIL NACIONAL EESS,Diesel Oil Nacional,DIESEL_NACIONAL,"EST. DE SERV. ""LA MERCED S.R.L.""",10000.0,
2026-09-08,Cochabamba,DIESEL OIL NACIONAL EESS,Diesel Oil Nacional,DIESEL_NACIONAL,"EST. DE SERV. ""ITAPAYA"" - ALBERTO AMURRIO F.",11000.0,
2026-09-08,Cochabamba,DIESEL OIL NACIONAL EESS,Diesel Oil Nacional,DIESEL_NACIONAL,"EST. DE SERV. ""ISABEL CHAVEZ""",9000.0,
2026-09-08,Cochabamba,DIESEL OIL NACIONAL EESS,Diesel Oil Nacional,DIESEL_NACIONAL,"EST. DE SERV. ""IQUIRCOLLO S.R.L.""",26000.0,
2026-09-08,Cochabamba,DIESEL OIL NACIONAL EESS,Diesel Oil Nacional,DIESEL_NACIONAL,"EST. DE SERV. ""GASNOR S.R.L.""",6000.0,
2026-09-08,Cochabamba,DIESEL OIL NACIONAL EESS,Diesel Oil Nacional,DIESEL_NACIONAL,"EST. DE SERV. ""FORTALEZA ENERGY S.R.L.""",6000.0,
2026-09-08,Cochabamba,DIESEL OIL NACIONAL EESS,Diesel Oil Nacional,DIESEL_NACIONAL,"EST. DE SERV. ""EQGAS"" S.R.L.",8000.0,
2026-09-08,Cochabamba,DIESEL OIL NACIONAL EESS,Diesel Oil Nacional,DIESEL_NACIONAL,"EST. DE SERV. ""EPIZANA""",12000.0,
2026-09-08,Cochabamba,DIESEL OIL NACIONAL EESS,Diesel Oil Nacional,DIESEL_NACIONAL,"EST. DE SERV. ""EL VIAJERO SRL""",21000.0,
2026-09-08,Cochabamba,DIESEL OIL NACIONAL EESS,Diesel Oil Nacional,DIESEL_NACIONAL,"EST. DE SERV. ""EL MANANTIAL SRL""",6000.0,
2026-09-08,Cochabamba,DIESEL OIL NACIONAL EESS,Diesel Oil Nacional,DIESEL_NACIONAL,"EST. DE SERV. ""EL CRISTO"" - CRISTIAN SABAG",7000.0,
2026-09-08,Cochabamba,DIESEL OIL NACIONAL EESS,Diesel Oil Nacional,DIESEL_NACIONAL,"EST. DE SERV. ""DISEL S.R.L.""",25000.0,
2026-09-08,Cochabamba,DIESEL OIL NACIONAL EESS,Diesel Oil Nacional,DIESEL_NACIONAL,"EST. DE SERV. ""DISEL S.R.L. I""",28000.0,
2026-09-08,Cochabamba,DIESEL OIL NACIONAL EESS,Diesel Oil Nacional,DIESEL_NACIONAL,"EST. DE SERV. ""DAYANA""",11000.0,
2026-09-08,Cochabamba,DIESEL OIL NACIONAL EESS,Diesel Oil Nacional,DIESEL_NACIONAL,"EST. DE SERV. ""COMERCIALIZADORA QK S.R.L.""",9000.0,
2026-09-08,Cochabamba,DIESEL OIL NACIONAL EESS,Diesel Oil Nacional,DIESEL_NACIONAL,"EST. DE SERV. ""COCHABAMBA""",28000.0,
2026-09-08,Cochabamba,DIESEL OIL NACIONAL EESS,Diesel Oil Nacional,DIESEL_NACIONAL,"EST. DE SERV. ""COCHABAMBA S.R.L. SUC. 1""",12000.0,
2026-09-08,Cochabamba,DIESEL OIL NACIONAL EESS,Diesel Oil Nacional,DIESEL_NACIONAL,"EST. DE SERV. ""CITY TRUCK FH S.R.L.""",16000.0,
2026-09-08,Cochabamba,DIESEL OIL NACIONAL EESS,Diesel Oil Nacional,DIESEL_NACIONAL,"EST. DE SERV. ""CIRCUITO BOLIVIA S.A.""",7000.0,
2026-09-08,Cochabamba,DIESEL OIL NACIONAL EESS,Diesel Oil Nacional,DIESEL_NACIONAL,"EST. DE SERV. ""CHULLPANI"" - TORRICO AGUILAR JOSE M",12000.0,
2026-09-08,Cochabamba,DIESEL OIL NACIONAL EESS,Diesel Oil Nacional,DIESEL_NACIONAL,"EST. DE SERV. ""CHINATA S.R.L.""",19000.0,
2026-09-08,Cochabamba,DIESEL OIL NACIONAL EESS,Diesel Oil Nacional,DIESEL_NACIONAL,"EST. DE SERV. ""CHIMBOCO""",19000.0,
2026-09-08,Cochabamba,DIESEL OIL NACIONAL EESS,Diesel Oil Nacional,DIESEL_NACIONAL,"EST. DE SERV. ""C.G.C. SRL""",25000.0,
2026-09-08,Cochabamba,DIESEL OIL NACIONAL EESS,Diesel Oil Nacional,DIESEL_NACIONAL,"EST. DE SERV. ""ARISPE""",12000.0,
2026-09-08,Cochabamba,DIESEL OIL NACIONAL EESS,Diesel Oil Nacional,DIESEL_NACIONAL,"EST. DE SERV. ""AEROPUERTO S.R.L.""",11000.0,
2026-09-08,Cochabamba,DIESEL OIL NACIONAL EESS,Diesel Oil Nacional,DIESEL_NACIONAL,COMERCIALIZADORA DE SERVICIOS LUBRISHOP S.R.L.,6000.0,
2026-09-08,Cochabamba,DIESEL OIL NACIONAL EESS,Diesel Oil Nacional,DIESEL_NACIONAL,CENTRO DE SERVICIOS VALLEPUNATA S.R.L.,6000.0,
2026-09-08,Cochabamba,DIESEL OIL NACIONAL CF,Diesel Oil Nacional,DIESEL_NACIONAL,INDUSTRIAS DE CERAMICAS COCHABAMBA LIMITADA INCERCO LTDA.,8500.0,
2026-09-08,Cochabamba,DIESEL OIL NACIONAL CF,Diesel Oil Nacional,DIESEL_NACIONAL,EMPRESA CONSTRUCTORA APOLO LTDA.,10000.0,
2026-09-07,Cochabamba,GLP DISTRIB. 45 KILOS NAL,GLP,GLP,DIST. GLP SOCIEDAD PETROLERA SANTA ELENA S.R.L.,3600.0,
2026-09-07,Cochabamba,GLP DISTRIB. 45 KILOS NAL,GLP,GLP,DIST. GLP NUESTRO GAS-JONSON RICHARD LIMA FLORERO,1800.0,
2026-09-07,Cochabamba,GLP DISTRIB. 45 KILOS NAL,GLP,GLP,CBA GAS S.A.,2250.0,
2026-09-07,Cochabamba,GLP DISTRIB. 10 KILOS NAL,GLP,GLP,ROSI GAS - ROXANA ESPINOZA PRADO,6000.0,
2026-09-07,Cochabamba,GLP DISTRIB. 10 KILOS NAL,GLP,GLP,FERRO GAS - BERTHA CAMACHO RICALDEZ DE FERRUFINO,18000.0,
2026-09-07,Cochabamba,GLP DISTRIB. 10 KILOS NAL,GLP,GLP,FAS GAS,6000.0,
2026-09-07,Cochabamba,GLP DISTRIB. 10 KILOS NAL,GLP,GLP,"DIST.GLP""VILOMA GAS"" E.ARANDIA",12000.0,
2026-09-07,Cochabamba,GLP DISTRIB. 10 KILOS NAL,GLP,GLP,"DIST.GLP""NOE GAS""M.HINOJOSA R.",12000.0,
2026-09-07,Cochabamba,GLP DISTRIB. 10 KILOS NAL,GLP,GLP,"DIST. PROV.GLP ""SIPE SIPE GAS""",12000.0,
2026-09-07,Cochabamba,GLP DISTRIB. 10 KILOS NAL,GLP,GLP,"DIST. PROV. GLP ""PREMIUN GAS"" - EDUARDO ZENTENO E.",6000.0,
2026-09-07,Cochabamba,GLP DISTRIB. 10 KILOS NAL,GLP,GLP,"DIST. PROV. GLP ""COTA GAS"" - NELSON OLMOS",6000.0,
2026-09-07,Cochabamba,GLP DISTRIB. 10 KILOS NAL,GLP,GLP,"DIST. PROV. GLP ""COLOMI GAS""",6000.0,
2026-09-07,Cochabamba,GLP DISTRIB. 10 KILOS NAL,GLP,GLP,"DIST. PROV. GLP ""ARANDIA GAS S.R.L.""",6000.0,
2026-09-07,Cochabamba,GLP DISTRIB. 10 KILOS NAL,GLP,GLP,"DIST. GLP""SARCO GAS""M.FELIPEZ",18000.0,
2026-09-07,Cochabamba,GLP DISTRIB. 10 KILOS NAL,GLP,GLP,DIST. GLP SOCIEDAD PETROLERA SANTA ELENA S.R.L.,24000.0,
2026-09-07,Cochabamba,GLP DISTRIB. 10 KILOS NAL,GLP,GLP,DIST. GLP NUESTRO GAS-JONSON RICHARD LIMA FLORERO,24000.0,
2026-09-07,Cochabamba,GLP DISTRIB. 10 KILOS NAL,GLP,GLP,"DIST. GLP ""EXTRA GAS"" - MARIO CORDOVA PINTO",12000.0,
2026-09-07,Cochabamba,GLP DISTRIB. 10 KILOS NAL,GLP,GLP,"DIST. GLP ""EDMUNDO GAS"" - EDMUNDO QUIROZ TAPIA",6000.0,
2026-09-07,Cochabamba,GLP DISTRIB. 10 KILOS NAL,GLP,GLP,"DIST. GLP ""DISBOGAS"" - JENNY PETRONA SALAMANCA VILLAFUERTE",6000.0,
2026-09-07,Cochabamba,GLP DISTRIB. 10 KILOS NAL,GLP,GLP,"DIST. GLP ""CAPI GAS"" - GONZALO SOLIZ GUTIERREZ",6000.0,
2026-09-07,Cochabamba,GLP DISTRIB. 10 KILOS NAL,GLP,GLP,"DIST. GLP ""BIO GAS"" - ANA MARIA ROMERO DE TORRICO",12000.0,
2026-09-07,Cochabamba,GLP DISTRIB. 10 KILOS NAL,GLP,GLP,"DIST. GLP ""ADRIAZOL GAS""",6000.0,
2026-09-07,Cochabamba,GLP DISTRIB. 10 KILOS NAL,GLP,GLP,"COOPERATIVA DE SERVICIOS DE DISTRIBUCION DE GAS LICUADO ""CANDELARIA"" R.L.",6000.0,
2026-09-07,Cochabamba,GLP DISTRIB. 10 KILOS NAL,GLP,GLP,CBA GAS S.A.,18000.0,
2026-09-07,Cochabamba,GLP DISTRIB. 10 KILOS NAL,GLP,GLP,A TODO GAS S.R.L.,18000.0,
2026-09-07,Cochabamba,GASOLINA ESPECIAL + GRACO,Gasolina Especial +,GASOLINA_ESPECIAL_MAS,COOPERATIVA MULTIACTIVA COBOCE R.L.,7000.0,
2026-09-07,Cochabamba,GASOLINA ESPECIAL + EESS,Gasolina Especial +,GASOLINA_ESPECIAL_MAS,TERMINAL DE BUSES COCHABAMBA S.A.,10000.0,
2026-09-07,Cochabamba,GASOLINA ESPECIAL + EESS,Gasolina Especial +,GASOLINA_ESPECIAL_MAS,SURTIDOR DE GASOLINA Y DIESEL COLOMI,14000.0,
2026-09-07,Cochabamba,GASOLINA ESPECIAL + EESS,Gasolina Especial +,GASOLINA_ESPECIAL_MAS,PETROCEL S.R.L.,12000.0,
2026-09-07,Cochabamba,GASOLINA ESPECIAL + EESS,Gasolina Especial +,GASOLINA_ESPECIAL_MAS,KHORA ESTACION DE SERVICIO - MEDRANO ARNEZ JAIME,8000.0,
2026-09-07,Cochabamba,GASOLINA ESPECIAL + EESS,Gasolina Especial +,GASOLINA_ESPECIAL_MAS,IMBRANJO S.R.L.,14000.0,
2026-09-07,Cochabamba,GASOLINA ESPECIAL + EESS,Gasolina Especial +,GASOLINA_ESPECIAL_MAS,FEDEX CHACO,3000.0,
2026-09-07,Cochabamba,GASOLINA ESPECIAL + EESS,Gasolina Especial +,GASOLINA_ESPECIAL_MAS,ESTAGAS S.R.L.,10000.0,
2026-09-07,Cochabamba,GASOLINA ESPECIAL + EESS,Gasolina Especial +,GASOLINA_ESPECIAL_MAS,ESTACION DE SERVICIO VIRGEN DE LAS ANGUSTIAS S.R.L.,12000.0,
2026-09-07,Cochabamba,GASOLINA ESPECIAL + EESS,Gasolina Especial +,GASOLINA_ESPECIAL_MAS,ESTACION DE SERVICIO TICTI S.R.L.,12000.0,
2026-09-07,Cochabamba,GASOLINA ESPECIAL + EESS,Gasolina Especial +,GASOLINA_ESPECIAL_MAS,ESTACION DE SERVICIO LOS LIBERTADORES S.R.L.,10000.0,
2026-09-07,Cochabamba,GASOLINA ESPECIAL + EESS,Gasolina Especial +,GASOLINA_ESPECIAL_MAS,ESTACION DE SERVICIO LOS ALAMOS S.R.L.,14000.0,
2026-09-07,Cochabamba,GASOLINA ESPECIAL + EESS,Gasolina Especial +,GASOLINA_ESPECIAL_MAS,ESTACION DE SERVICIO HIPODROMO S.R.L.,6000.0,
2026-09-07,Cochabamba,GASOLINA ESPECIAL + EESS,Gasolina Especial +,GASOLINA_ESPECIAL_MAS,ESTACION DE SERVICIO COODPE S.R.L.,12000.0,
2026-09-07,Cochabamba,GASOLINA ESPECIAL + EESS,Gasolina Especial +,GASOLINA_ESPECIAL_MAS,ESTACION DE SERVICIO CAPITAN VICTOR USTARIZ S.R.L.,12000.0,
2026-09-07,Cochabamba,GASOLINA ESPECIAL + EESS,Gasolina Especial +,GASOLINA_ESPECIAL_MAS,ESTACION DE SERVICIO BEIJING S.R.L.,14000.0,
2026-09-07,Cochabamba,GASOLINA ESPECIAL + EESS,Gasolina Especial +,GASOLINA_ESPECIAL_MAS,ESTACION DE SERVICIO ANITA,16000.0,
2026-09-07,Cochabamba,GASOLINA ESPECIAL + EESS,Gasolina Especial +,GASOLINA_ESPECIAL_MAS,"ESTACION DE SERVICIO ""POJO""",12000.0,
2026-09-07,Cochabamba,GASOLINA ESPECIAL + EESS,Gasolina Especial +,GASOLINA_ESPECIAL_MAS,"ESTACION DE SERVICIO ""LOS LAURELES"" - DIEGO M. DELGADILLO ANTEZANA",10000.0,
2026-09-07,Cochabamba,GASOLINA ESPECIAL + EESS,Gasolina Especial +,GASOLINA_ESPECIAL_MAS,"EST. DE SERV. ""VILLA OBRAJES""",10000.0,
2026-09-07,Cochabamba,GASOLINA ESPECIAL + EESS,Gasolina Especial +,GASOLINA_ESPECIAL_MAS,"EST. DE SERV. ""URKUPINA"" - ALBERTO OPORTO",10000.0,
2026-09-07,Cochabamba,GASOLINA ESPECIAL + EESS,Gasolina Especial +,GASOLINA_ESPECIAL_MAS,"EST. DE SERV. ""URKUPINA I""- ALBERTO OPORTO L.",12000.0,
2026-09-07,Cochabamba,GASOLINA ESPECIAL + EESS,Gasolina Especial +,GASOLINA_ESPECIAL_MAS,"EST. DE SERV. ""TRANS SACABA S.A. II""",10000.0,
2026-09-07,Cochabamba,GASOLINA ESPECIAL + EESS,Gasolina Especial +,GASOLINA_ESPECIAL_MAS,"EST. DE SERV. ""TIQUIPAYA"" - VENICIA ALANEZ JIMENES",6000.0,
2026-09-07,Cochabamba,GASOLINA ESPECIAL + EESS,Gasolina Especial +,GASOLINA_ESPECIAL_MAS,"EST. DE SERV. ""SUTICOLLO""",12000.0,
2026-09-07,Cochabamba,GASOLINA ESPECIAL + EESS,Gasolina Especial +,GASOLINA_ESPECIAL_MAS,"EST. DE SERV. ""SURTIDOR CAMPERO""",10000.0,
2026-09-07,Cochabamba,GASOLINA ESPECIAL + EESS,Gasolina Especial +,GASOLINA_ESPECIAL_MAS,"EST. DE SERV. ""SIPE SIPE S.R.L.""",14000.0,
2026-09-07,Cochabamba,GASOLINA ESPECIAL + EESS,Gasolina Especial +,GASOLINA_ESPECIAL_MAS,"EST. DE SERV. ""SENOR SANTIAGO"" - E. DELGADILLO",10000.0,
2026-09-07,Cochabamba,GASOLINA ESPECIAL + EESS,Gasolina Especial +,GASOLINA_ESPECIAL_MAS,"EST. DE SERV. ""SENOR SANTIAGO SUC. 1"" - E. DELGADILLO",10000.0,
2026-09-07,Cochabamba,GASOLINA ESPECIAL + EESS,Gasolina Especial +,GASOLINA_ESPECIAL_MAS,"EST. DE SERV. ""SANTA MONICA"" S.R.L.",10000.0,
2026-09-07,Cochabamba,GASOLINA ESPECIAL + EESS,Gasolina Especial +,GASOLINA_ESPECIAL_MAS,"EST. DE SERV. ""SAN JUAN BAUTISTA S.R.L.""",12000.0,
2026-09-07,Cochabamba,GASOLINA ESPECIAL + EESS,Gasolina Especial +,GASOLINA_ESPECIAL_MAS,"EST. DE SERV. ""SAN JORGE CBBA S.R.L.""",16000.0,
2026-09-07,Cochabamba,GASOLINA ESPECIAL + EESS,Gasolina Especial +,GASOLINA_ESPECIAL_MAS,"EST. DE SERV. ""RIOJA""",10000.0,
2026-09-07,Cochabamba,GASOLINA ESPECIAL + EESS,Gasolina Especial +,GASOLINA_ESPECIAL_MAS,"EST. DE SERV. ""REFINERIA""- SIMON RODRIGO FERRUFINO",8000.0,
2026-09-07,Cochabamba,GASOLINA ESPECIAL + EESS,Gasolina Especial +,GASOLINA_ESPECIAL_MAS,"EST. DE SERV. ""PORTALEZ S.R.L.""",18000.0,
2026-09-07,Cochabamba,GASOLINA ESPECIAL + EESS,Gasolina Especial +,GASOLINA_ESPECIAL_MAS,"EST. DE SERV. ""PETROGAS S.R.L.""",7000.0,
2026-09-07,Cochabamba,GASOLINA ESPECIAL + EESS,Gasolina Especial +,GASOLINA_ESPECIAL_MAS,"EST. DE SERV. ""PAROTANI""",12000.0,
2026-09-07,Cochabamba,GASOLINA ESPECIAL + EESS,Gasolina Especial +,GASOLINA_ESPECIAL_MAS,"EST. DE SERV. ""PARAJE 24.7 SRL""",12000.0,
2026-09-07,Cochabamba,GASOLINA ESPECIAL + EESS,Gasolina Especial +,GASOLINA_ESPECIAL_MAS,"EST. DE SERV. ""PARAJE 24.7 SRL SUC. 1""",10000.0,
2026-09-07,Cochabamba,GASOLINA ESPECIAL + EESS,Gasolina Especial +,GASOLINA_ESPECIAL_MAS,"EST. DE SERV. ""PANAMERICANA"" SUCURSAL COCHABAMBA",10000.0,
2026-09-07,Cochabamba,GASOLINA ESPECIAL + EESS,Gasolina Especial +,GASOLINA_ESPECIAL_MAS,"EST. DE SERV. ""NISSAN"" - SIMON FERRUFINO",8000.0,
2026-09-07,Cochabamba,GASOLINA ESPECIAL + EESS,Gasolina Especial +,GASOLINA_ESPECIAL_MAS,"EST. DE SERV. ""MONTERREY S.R.L.""",10000.0,
2026-09-07,Cochabamba,GASOLINA ESPECIAL + EESS,Gasolina Especial +,GASOLINA_ESPECIAL_MAS,"EST. DE SERV. ""MIZQUE"" - DIOGENES MONTENEGRO P.",12000.0,
2026-09-07,Cochabamba,GASOLINA ESPECIAL + EESS,Gasolina Especial +,GASOLINA_ESPECIAL_MAS,"EST. DE SERV. ""MAX MAMANGUENO"" - E. MELGAREJO",6000.0,
2026-09-07,Cochabamba,GASOLINA ESPECIAL + EESS,Gasolina Especial +,GASOLINA_ESPECIAL_MAS,"EST. DE SERV. ""LOS ALPES""-BERTHA CAMACHO RICALDEZ",12000.0,
2026-09-07,Cochabamba,GASOLINA ESPECIAL + EESS,Gasolina Especial +,GASOLINA_ESPECIAL_MAS,"EST. DE SERV. ""LORETO"" SUC. 1",10000.0,
2026-09-07,Cochabamba,GASOLINA ESPECIAL + EESS,Gasolina Especial +,GASOLINA_ESPECIAL_MAS,"EST. DE SERV. ""LA PATRIA S.R.L.""",6000.0,
2026-09-07,Cochabamba,GASOLINA ESPECIAL + EESS,Gasolina Especial +,GASOLINA_ESPECIAL_MAS,"EST. DE SERV. ""LA MERCED S.R.L.""",8000.0,
2026-09-07,Cochabamba,GASOLINA ESPECIAL + EESS,Gasolina Especial +,GASOLINA_ESPECIAL_MAS,"EST. DE SERV. ""ITAPAYA"" - ALBERTO AMURRIO F.",8000.0,
2026-09-07,Cochabamba,GASOLINA ESPECIAL + EESS,Gasolina Especial +,GASOLINA_ESPECIAL_MAS,"EST. DE SERV. ""ISABEL CHAVEZ""",12000.0,
2026-09-07,Cochabamba,GASOLINA ESPECIAL + EESS,Gasolina Especial +,GASOLINA_ESPECIAL_MAS,"EST. DE SERV. ""IQUIRCOLLO S.R.L.""",16000.0,
2026-09-07,Cochabamba,GASOLINA ESPECIAL + EESS,Gasolina Especial +,GASOLINA_ESPECIAL_MAS,"EST. DE SERV. ""IQUIRCOLLO S.R.L. SUC. 1""",14000.0,
2026-09-07,Cochabamba,GASOLINA ESPECIAL + EESS,Gasolina Especial +,GASOLINA_ESPECIAL_MAS,"EST. DE SERV. ""GUADELOUPE GROUP S.R.L.""",10000.0,
2026-09-07,Cochabamba,GASOLINA ESPECIAL + EESS,Gasolina Especial +,GASOLINA_ESPECIAL_MAS,"EST. DE SERV. ""GASNOR S.R.L.""",8000.0,
2026-09-07,Cochabamba,GASOLINA ESPECIAL + EESS,Gasolina Especial +,GASOLINA_ESPECIAL_MAS,"EST. DE SERV. ""FORTALEZA ENERGY S.R.L.""",6000.0,
2026-09-07,Cochabamba,GASOLINA ESPECIAL + EESS,Gasolina Especial +,GASOLINA_ESPECIAL_MAS,"EST. DE SERV. ""EQGAS"" S.R.L.",8000.0,
2026-09-07,Cochabamba,GASOLINA ESPECIAL + EESS,Gasolina Especial +,GASOLINA_ESPECIAL_MAS,"EST. DE SERV. ""EPIZANA""",12000.0,
2026-09-07,Cochabamba,GASOLINA ESPECIAL + EESS,Gasolina Especial +,GASOLINA_ESPECIAL_MAS,"EST. DE SERV. ""EL MANANTIAL SUC. 2""",12000.0,
2026-09-07,Cochabamba,GASOLINA ESPECIAL + EESS,Gasolina Especial +,GASOLINA_ESPECIAL_MAS,"EST. DE SERV. ""EL MANANTIAL SUC. 1""",10000.0,
2026-09-07,Cochabamba,GASOLINA ESPECIAL + EESS,Gasolina Especial +,GASOLINA_ESPECIAL_MAS,"EST. DE SERV. ""EL MANANTIAL SRL""",10000.0,
2026-09-07,Cochabamba,GASOLINA ESPECIAL + EESS,Gasolina Especial +,GASOLINA_ESPECIAL_MAS,"EST. DE SERV. ""EL CRISTO"" - CRISTIAN SABAG",28000.0,
2026-09-07,Cochabamba,GASOLINA ESPECIAL + EESS,Gasolina Especial +,GASOLINA_ESPECIAL_MAS,"EST. DE SERV. ""DORBIGNI""",12000.0,
2026-09-07,Cochabamba,GASOLINA ESPECIAL + EESS,Gasolina Especial +,GASOLINA_ESPECIAL_MAS,"EST. DE SERV. ""DISEL S.R.L.""",8000.0,
2026-09-07,Cochabamba,GASOLINA ESPECIAL + EESS,Gasolina Especial +,GASOLINA_ESPECIAL_MAS,"EST. DE SERV. ""DISEL S.R.L. I""",8000.0,
2026-09-07,Cochabamba,GASOLINA ESPECIAL + EESS,Gasolina Especial +,GASOLINA_ESPECIAL_MAS,"EST. DE SERV. ""DELAASUNCION-AMERICA S.R.L.""",12000.0,
2026-09-07,Cochabamba,GASOLINA ESPECIAL + EESS,Gasolina Especial +,GASOLINA_ESPECIAL_MAS,"EST. DE SERV. ""DAYANA""",12000.0,
2026-09-07,Cochabamba,GASOLINA ESPECIAL + EESS,Gasolina Especial +,GASOLINA_ESPECIAL_MAS,"EST. DE SERV. ""COMERCIALIZADORA QK S.R.L.""",10000.0,
2026-09-07,Cochabamba,GASOLINA ESPECIAL + EESS,Gasolina Especial +,GASOLINA_ESPECIAL_MAS,"EST. DE SERV. ""COCHABAMBA""",14000.0,
2026-09-07,Cochabamba,GASOLINA ESPECIAL + EESS,Gasolina Especial +,GASOLINA_ESPECIAL_MAS,"EST. DE SERV. ""COCHABAMBA S.R.L. SUC. 2""",12000.0,
2026-09-07,Cochabamba,GASOLINA ESPECIAL + EESS,Gasolina Especial +,GASOLINA_ESPECIAL_MAS,"EST. DE SERV. ""COCHABAMBA S.R.L. SUC. 1""",12000.0,
2026-09-07,Cochabamba,GASOLINA ESPECIAL + EESS,Gasolina Especial +,GASOLINA_ESPECIAL_MAS,"EST. DE SERV. ""CITY TRUCK FH S.R.L.""",10000.0,
2026-09-07,Cochabamba,GASOLINA ESPECIAL + EESS,Gasolina Especial +,GASOLINA_ESPECIAL_MAS,"EST. DE SERV. ""CIRCUITO BOLIVIA S.A.""",14000.0,
2026-09-07,Cochabamba,GASOLINA ESPECIAL + EESS,Gasolina Especial +,GASOLINA_ESPECIAL_MAS,"EST. DE SERV. ""CHULLPANI"" - TORRICO AGUILAR JOSE M",18000.0,
2026-09-07,Cochabamba,GASOLINA ESPECIAL + EESS,Gasolina Especial +,GASOLINA_ESPECIAL_MAS,"EST. DE SERV. ""CHINATA S.R.L.""",10000.0,
2026-09-07,Cochabamba,GASOLINA ESPECIAL + EESS,Gasolina Especial +,GASOLINA_ESPECIAL_MAS,"EST. DE SERV. ""CHIMBOCO""",14000.0,
2026-09-07,Cochabamba,GASOLINA ESPECIAL + EESS,Gasolina Especial +,GASOLINA_ESPECIAL_MAS,"EST. DE SERV. ""C.G.C. SRL""",10000.0,
2026-09-07,Cochabamba,GASOLINA ESPECIAL + EESS,Gasolina Especial +,GASOLINA_ESPECIAL_MAS,"EST. DE SERV. ""AYACUCHO""",12000.0,
2026-09-07,Cochabamba,GASOLINA ESPECIAL + EESS,Gasolina Especial +,GASOLINA_ESPECIAL_MAS,"EST. DE SERV. ""ARANJUEZ""",16000.0,
2026-09-07,Cochabamba,GASOLINA ESPECIAL + EESS,Gasolina Especial +,GASOLINA_ESPECIAL_MAS,"EST. DE SERV. ""ARANI"" - ZULMA ROJAS",12000.0,
2026-09-07,Cochabamba,GASOLINA ESPECIAL + EESS,Gasolina Especial +,GASOLINA_ESPECIAL_MAS,"EST. DE SERV. ""AEROPUERTO S.R.L.""",10000.0,
2026-09-07,Cochabamba,GASOLINA ESPECIAL + EESS,Gasolina Especial +,GASOLINA_ESPECIAL_MAS,"EST. DE SERV. ""ADRIAN""",12000.0,
2026-09-07,Cochabamba,GASOLINA ESPECIAL + EESS,Gasolina Especial +,GASOLINA_ESPECIAL_MAS,"EST. DE SERV. ""A.C.B. CARBURANTES SRL""",16000.0,
2026-09-07,Cochabamba,GASOLINA ESPECIAL + EESS,Gasolina Especial +,GASOLINA_ESPECIAL_MAS,"EST. DE SERV. ""24 DE SEPTIEMBRE S.R.L.""",12000.0,
2026-09-07,Cochabamba,GASOLINA ESPECIAL + EESS,Gasolina Especial +,GASOLINA_ESPECIAL_MAS,"EST. DE SERV. ""20 DE DICIEMBRE""",12000.0,
2026-09-07,Cochabamba,GASOLINA ESPECIAL + EESS,Gasolina Especial +,GASOLINA_ESPECIAL_MAS,"EST. DE SERV. "" LAS PALMERAS S.R.L.""",10000.0,
2026-09-07,Cochabamba,GASOLINA ESPECIAL + EESS,Gasolina Especial +,GASOLINA_ESPECIAL_MAS,COMERCIALIZADORA DE SERVICIOS LUBRISHOP S.R.L.,6000.0,
2026-09-07,Cochabamba,GASOLINA ESPECIAL + EESS,Gasolina Especial +,GASOLINA_ESPECIAL_MAS,CENTRO DE SERVICIOS VALLEPUNATA S.R.L.,10000.0,
2026-09-07,Cochabamba,DIESEL OIL NACIONAL GRACO,Diesel Oil Nacional,DIESEL_NACIONAL,SERVICIO DEPARTAMENTAL DE CAMINOS,10000.0,
2026-09-07,Cochabamba,DIESEL OIL NACIONAL GRACO,Diesel Oil Nacional,DIESEL_NACIONAL,COOPERATIVA MULTIACTIVA COBOCE R.L.,7000.0,
2026-09-07,Cochabamba,DIESEL OIL NACIONAL EESS,Diesel Oil Nacional,DIESEL_NACIONAL,TERMINAL DE BUSES COCHABAMBA S.A.,14000.0,
2026-09-07,Cochabamba,DIESEL OIL NACIONAL EESS,Diesel Oil Nacional,DIESEL_NACIONAL,SURTIDOR DE GASOLINA Y DIESEL COLOMI,14000.0,
2026-09-07,Cochabamba,DIESEL OIL NACIONAL EESS,Diesel Oil Nacional,DIESEL_NACIONAL,IMBRANJO S.R.L.,22000.0,
2026-09-07,Cochabamba,DIESEL OIL NACIONAL EESS,Diesel Oil Nacional,DIESEL_NACIONAL,ESTACION DE SERVICIO TICTI S.R.L.,16000.0,
2026-09-07,Cochabamba,DIESEL OIL NACIONAL EESS,Diesel Oil Nacional,DIESEL_NACIONAL,ESTACION DE SERVICIO LOS LIBERTADORES S.R.L.,10000.0,
2026-09-07,Cochabamba,DIESEL OIL NACIONAL EESS,Diesel Oil Nacional,DIESEL_NACIONAL,ESTACION DE SERVICIO LOS ALAMOS S.R.L.,32000.0,
2026-09-07,Cochabamba,DIESEL OIL NACIONAL EESS,Diesel Oil Nacional,DIESEL_NACIONAL,ESTACION DE SERVICIO COODPE S.R.L.,12000.0,
2026-09-07,Cochabamba,DIESEL OIL NACIONAL EESS,Diesel Oil Nacional,DIESEL_NACIONAL,ESTACION DE SERVICIO BEIJING S.R.L.,16000.0,
2026-09-07,Cochabamba,DIESEL OIL NACIONAL EESS,Diesel Oil Nacional,DIESEL_NACIONAL,ESTACION DE SERVICIO ANITA,20000.0,
2026-09-07,Cochabamba,DIESEL OIL NACIONAL EESS,Diesel Oil Nacional,DIESEL_NACIONAL,"ESTACION DE SERVICIO ""POJO""",12000.0,
2026-09-07,Cochabamba,DIESEL OIL NACIONAL EESS,Diesel Oil Nacional,DIESEL_NACIONAL,"EST. DE SERV. ""VILLA OBRAJES""",20000.0,
2026-09-07,Cochabamba,DIESEL OIL NACIONAL EESS,Diesel Oil Nacional,DIESEL_NACIONAL,"EST. DE SERV. ""URKUPINA"" - ALBERTO OPORTO",16000.0,
2026-09-07,Cochabamba,DIESEL OIL NACIONAL EESS,Diesel Oil Nacional,DIESEL_NACIONAL,"EST. DE SERV. ""URKUPINA I""- ALBERTO OPORTO L.",8000.0,
2026-09-07,Cochabamba,DIESEL OIL NACIONAL EESS,Diesel Oil Nacional,DIESEL_NACIONAL,"EST. DE SERV. ""TRANS SACABA S.A.""",14000.0,
2026-09-07,Cochabamba,DIESEL OIL NACIONAL EESS,Diesel Oil Nacional,DIESEL_NACIONAL,"EST. DE SERV. ""TRANS SACABA S.A. II""",18000.0,
2026-09-07,Cochabamba,DIESEL OIL NACIONAL EESS,Diesel Oil Nacional,DIESEL_NACIONAL,"EST. DE SERV. ""TIQUIPAYA"" - VENICIA ALANEZ JIMENES",8000.0,
2026-09-07,Cochabamba,DIESEL OIL NACIONAL EESS,Diesel Oil Nacional,DIESEL_NACIONAL,"EST. DE SERV. ""SUTICOLLO""",22000.0,
2026-09-07,Cochabamba,DIESEL OIL NACIONAL EESS,Diesel Oil Nacional,DIESEL_NACIONAL,"EST. DE SERV. ""SURTIDOR CAMPERO""",12000.0,
2026-09-07,Cochabamba,DIESEL OIL NACIONAL EESS,Diesel Oil Nacional,DIESEL_NACIONAL,"EST. DE SERV. ""SIPE SIPE S.R.L.""",32000.0,
2026-09-07,Cochabamba,DIESEL OIL NACIONAL EESS,Diesel Oil Nacional,DIESEL_NACIONAL,"EST. DE SERV. ""SENOR SANTIAGO"" - E. DELGADILLO",10000.0,
2026-09-07,Cochabamba,DIESEL OIL NACIONAL EESS,Diesel Oil Nacional,DIESEL_NACIONAL,"EST. DE SERV. ""SANTA MONICA"" S.R.L.",10000.0,
2026-09-07,Cochabamba,DIESEL OIL NACIONAL EESS,Diesel Oil Nacional,DIESEL_NACIONAL,"EST. DE SERV. ""SAN JUAN BAUTISTA S.R.L.""",12000.0,
2026-09-07,Cochabamba,DIESEL OIL NACIONAL EESS,Diesel Oil Nacional,DIESEL_NACIONAL,"EST. DE SERV. ""SAN JORGE CBBA S.R.L.""",30000.0,
2026-09-07,Cochabamba,DIESEL OIL NACIONAL EESS,Diesel Oil Nacional,DIESEL_NACIONAL,"EST. DE SERV. ""RIOJA""",10000.0,
2026-09-07,Cochabamba,DIESEL OIL NACIONAL EESS,Diesel Oil Nacional,DIESEL_NACIONAL,"EST. DE SERV. ""REFINERIA""- SIMON RODRIGO FERRUFINO",8000.0,
2026-09-07,Cochabamba,DIESEL OIL NACIONAL EESS,Diesel Oil Nacional,DIESEL_NACIONAL,"EST. DE SERV. ""PETROGAS S.R.L.""",14000.0,
2026-09-07,Cochabamba,DIESEL OIL NACIONAL EESS,Diesel Oil Nacional,DIESEL_NACIONAL,"EST. DE SERV. ""PAROTANI""",28000.0,
2026-09-07,Cochabamba,DIESEL OIL NACIONAL EESS,Diesel Oil Nacional,DIESEL_NACIONAL,"EST. DE SERV. ""PARAJE 24.7 SRL""",22000.0,
2026-09-07,Cochabamba,DIESEL OIL NACIONAL EESS,Diesel Oil Nacional,DIESEL_NACIONAL,"EST. DE SERV. ""PARAJE 24.7 SRL SUC. 1""",10000.0,
2026-09-07,Cochabamba,DIESEL OIL NACIONAL EESS,Diesel Oil Nacional,DIESEL_NACIONAL,"EST. DE SERV. ""NISSAN"" - SIMON FERRUFINO",8000.0,
2026-09-07,Cochabamba,DIESEL OIL NACIONAL EESS,Diesel Oil Nacional,DIESEL_NACIONAL,"EST. DE SERV. ""MONTERREY S.R.L.""",24000.0,
2026-09-07,Cochabamba,DIESEL OIL NACIONAL EESS,Diesel Oil Nacional,DIESEL_NACIONAL,"EST. DE SERV. ""MIZQUE"" - DIOGENES MONTENEGRO P.",10000.0,
2026-09-07,Cochabamba,DIESEL OIL NACIONAL EESS,Diesel Oil Nacional,DIESEL_NACIONAL,"EST. DE SERV. ""MAX MAMANGUENO"" - E. MELGAREJO",8000.0,
2026-09-07,Cochabamba,DIESEL OIL NACIONAL EESS,Diesel Oil Nacional,DIESEL_NACIONAL,"EST. DE SERV. ""LOS ALPES""-BERTHA CAMACHO RICALDEZ",12000.0,
2026-09-07,Cochabamba,DIESEL OIL NACIONAL EESS,Diesel Oil Nacional,DIESEL_NACIONAL,"EST. DE SERV. ""LORETO"" SUC. 1",14000.0,
2026-09-07,Cochabamba,DIESEL OIL NACIONAL EESS,Diesel Oil Nacional,DIESEL_NACIONAL,"EST. DE SERV. ""LA MERCED S.R.L.""",12000.0,
2026-09-07,Cochabamba,DIESEL OIL NACIONAL EESS,Diesel Oil Nacional,DIESEL_NACIONAL,"EST. DE SERV. ""ITAPAYA"" - ALBERTO AMURRIO F.",12000.0,
2026-09-07,Cochabamba,DIESEL OIL NACIONAL EESS,Diesel Oil Nacional,DIESEL_NACIONAL,"EST. DE SERV. ""ISABEL CHAVEZ""",12000.0,
2026-09-07,Cochabamba,DIESEL OIL NACIONAL EESS,Diesel Oil Nacional,DIESEL_NACIONAL,"EST. DE SERV. ""IQUIRCOLLO S.R.L.""",32000.0,
2026-09-07,Cochabamba,DIESEL OIL NACIONAL EESS,Diesel Oil Nacional,DIESEL_NACIONAL,"EST. DE SERV. ""GASNOR S.R.L.""",8000.0,
2026-09-07,Cochabamba,DIESEL OIL NACIONAL EESS,Diesel Oil Nacional,DIESEL_NACIONAL,"EST. DE SERV. ""FORTALEZA ENERGY S.R.L.""",8000.0,
2026-09-07,Cochabamba,DIESEL OIL NACIONAL EESS,Diesel Oil Nacional,DIESEL_NACIONAL,"EST. DE SERV. ""EQGAS"" S.R.L.",8000.0,
2026-09-07,Cochabamba,DIESEL OIL NACIONAL EESS,Diesel Oil Nacional,DIESEL_NACIONAL,"EST. DE SERV. ""EPIZANA""",12000.0,
2026-09-07,Cochabamba,DIESEL OIL NACIONAL EESS,Diesel Oil Nacional,DIESEL_NACIONAL,"EST. DE SERV. ""EL VIAJERO SRL""",24000.0,
2026-09-07,Cochabamba,DIESEL OIL NACIONAL EESS,Diesel Oil Nacional,DIESEL_NACIONAL,"EST. DE SERV. ""EL MANANTIAL SRL""",8000.0,
2026-09-07,Cochabamba,DIESEL OIL NACIONAL EESS,Diesel Oil Nacional,DIESEL_NACIONAL,"EST. DE SERV. ""EL CRISTO"" - CRISTIAN SABAG",8000.0,
2026-09-07,Cochabamba,DIESEL OIL NACIONAL EESS,Diesel Oil Nacional,DIESEL_NACIONAL,"EST. DE SERV. ""DISEL S.R.L.""",28000.0,
2026-09-07,Cochabamba,DIESEL OIL NACIONAL EESS,Diesel Oil Nacional,DIESEL_NACIONAL,"EST. DE SERV. ""DISEL S.R.L. I""",32000.0,
2026-09-07,Cochabamba,DIESEL OIL NACIONAL EESS,Diesel Oil Nacional,DIESEL_NACIONAL,"EST. DE SERV. ""DAYANA""",12000.0,
2026-09-07,Cochabamba,DIESEL OIL NACIONAL EESS,Diesel Oil Nacional,DIESEL_NACIONAL,"EST. DE SERV. ""COMERCIALIZADORA QK S.R.L.""",10000.0,
2026-09-07,Cochabamba,DIESEL OIL NACIONAL EESS,Diesel Oil Nacional,DIESEL_NACIONAL,"EST. DE SERV. ""COCHABAMBA""",32000.0,
2026-09-07,Cochabamba,DIESEL OIL NACIONAL EESS,Diesel Oil Nacional,DIESEL_NACIONAL,"EST. DE SERV. ""COCHABAMBA S.R.L. SUC. 1""",15000.0,
2026-09-07,Cochabamba,DIESEL OIL NACIONAL EESS,Diesel Oil Nacional,DIESEL_NACIONAL,"EST. DE SERV. ""CITY TRUCK FH S.R.L.""",17000.0,
2026-09-07,Cochabamba,DIESEL OIL NACIONAL EESS,Diesel Oil Nacional,DIESEL_NACIONAL,"EST. DE SERV. ""CIRCUITO BOLIVIA S.A.""",11000.0,
2026-09-07,Cochabamba,DIESEL OIL NACIONAL EESS,Diesel Oil Nacional,DIESEL_NACIONAL,"EST. DE SERV. ""CHULLPANI"" - TORRICO AGUILAR JOSE M",14000.0,
2026-09-07,Cochabamba,DIESEL OIL NACIONAL EESS,Diesel Oil Nacional,DIESEL_NACIONAL,"EST. DE SERV. ""CHINATA S.R.L.""",20000.0,
2026-09-07,Cochabamba,DIESEL OIL NACIONAL EESS,Diesel Oil Nacional,DIESEL_NACIONAL,"EST. DE SERV. ""CHIMBOCO""",22000.0,
2026-09-07,Cochabamba,DIESEL OIL NACIONAL EESS,Diesel Oil Nacional,DIESEL_NACIONAL,"EST. DE SERV. ""C.G.C. SRL""",28000.0,
2026-09-07,Cochabamba,DIESEL OIL NACIONAL EESS,Diesel Oil Nacional,DIESEL_NACIONAL,"EST. DE SERV. ""ARANI"" - ZULMA ROJAS",12000.0,
2026-09-07,Cochabamba,DIESEL OIL NACIONAL EESS,Diesel Oil Nacional,DIESEL_NACIONAL,"EST. DE SERV. ""AEROPUERTO S.R.L.""",12000.0,
2026-09-07,Cochabamba,DIESEL OIL NACIONAL EESS,Diesel Oil Nacional,DIESEL_NACIONAL,"EST. DE SERV. ""ADRIAN""",12000.0,
2026-09-07,Cochabamba,DIESEL OIL NACIONAL EESS,Diesel Oil Nacional,DIESEL_NACIONAL,"EST. DE SERV. ""24 DE SEPTIEMBRE S.R.L.""",12000.0,
2026-09-07,Cochabamba,DIESEL OIL NACIONAL EESS,Diesel Oil Nacional,DIESEL_NACIONAL,COMERCIALIZADORA DE SERVICIOS LUBRISHOP S.R.L.,6000.0,
2026-09-07,Cochabamba,DIESEL OIL NACIONAL EESS,Diesel Oil Nacional,DIESEL_NACIONAL,CENTRO DE SERVICIOS VALLEPUNATA S.R.L.,10000.0,
2026-09-07,Cochabamba,DIESEL OIL NACIONAL CF,Diesel Oil Nacional,DIESEL_NACIONAL,GOBIERNO AUTONOMO MUNICIPAL SAN PEDRO DE BUENA VISTA,19900.0,
2026-09-05,Cochabamba,GLP DISTRIB. 45 KILOS NAL,GLP,GLP,DIST. GLP SOCIEDAD PETROLERA SANTA ELENA S.R.L.,3600.0,
2026-09-05,Cochabamba,GLP DISTRIB. 45 KILOS NAL,GLP,GLP,CBA GAS S.A.,2250.0,
2026-09-05,Cochabamba,GLP DISTRIB. 10 KILOS NAL,GLP,GLP,FERRO GAS - BERTHA CAMACHO RICALDEZ DE FERRUFINO,6000.0,
2026-09-05,Cochabamba,GLP DISTRIB. 10 KILOS NAL,GLP,GLP,"DIST.GLP""VILOMA GAS"" E.ARANDIA",6000.0,
2026-09-05,Cochabamba,GLP DISTRIB. 10 KILOS NAL,GLP,GLP,"DIST.GLP""NOE GAS""M.HINOJOSA R.",6000.0,
2026-09-05,Cochabamba,GLP DISTRIB. 10 KILOS NAL,GLP,GLP,"DIST. PROV.GLP ""SIPE SIPE GAS""",6000.0,
2026-09-05,Cochabamba,GLP DISTRIB. 10 KILOS NAL,GLP,GLP,"DIST. PROV. GLP ""PREMIUN GAS"" - EDUARDO ZENTENO E.",6000.0,
2026-09-05,Cochabamba,GLP DISTRIB. 10 KILOS NAL,GLP,GLP,"DIST. PROV. GLP ""COTA GAS"" - NELSON OLMOS",6000.0,
2026-09-05,Cochabamba,GLP DISTRIB. 10 KILOS NAL,GLP,GLP,"DIST. PROV. GLP ""COLOMI GAS""",6000.0,
2026-09-05,Cochabamba,GLP DISTRIB. 10 KILOS NAL,GLP,GLP,"DIST. PROV. GLP ""ARANDIA GAS S.R.L.""",6000.0,
2026-09-05,Cochabamba,GLP DISTRIB. 10 KILOS NAL,GLP,GLP,"DIST. GLP""SARCO GAS""M.FELIPEZ",6000.0,
2026-09-05,Cochabamba,GLP DISTRIB. 10 KILOS NAL,GLP,GLP,DIST. GLP SOCIEDAD PETROLERA SANTA ELENA S.R.L.,6000.0,
2026-09-05,Cochabamba,GLP DISTRIB. 10 KILOS NAL,GLP,GLP,DIST. GLP NUESTRO GAS-JONSON RICHARD LIMA FLORERO,6000.0,
2026-09-05,Cochabamba,GLP DISTRIB. 10 KILOS NAL,GLP,GLP,"DIST. GLP ""EXTRA GAS"" - MARIO CORDOVA PINTO",6000.0,
2026-09-05,Cochabamba,GLP DISTRIB. 10 KILOS NAL,GLP,GLP,"DIST. GLP ""EDMUNDO GAS"" - EDMUNDO QUIROZ TAPIA",6000.0,
2026-09-05,Cochabamba,GLP DISTRIB. 10 KILOS NAL,GLP,GLP,"DIST. GLP ""DISBOGAS"" - JENNY PETRONA SALAMANCA VILLAFUERTE",6000.0,
2026-09-05,Cochabamba,GLP DISTRIB. 10 KILOS NAL,GLP,GLP,"DIST. GLP ""CAPI GAS"" - GONZALO SOLIZ GUTIERREZ",6000.0,
2026-09-05,Cochabamba,GLP DISTRIB. 10 KILOS NAL,GLP,GLP,"DIST. GLP ""BIO GAS"" - ANA MARIA ROMERO DE TORRICO",6000.0,
2026-09-05,Cochabamba,GLP DISTRIB. 10 KILOS NAL,GLP,GLP,"DIST. GLP ""ADRIAZOL GAS""",6000.0,
2026-09-05,Cochabamba,GLP DISTRIB. 10 KILOS NAL,GLP,GLP,"COOPERATIVA DE SERVICIOS DE DISTRIBUCION DE GAS LICUADO ""CANDELARIA"" R.L.",6000.0,
2026-09-05,Cochabamba,GLP DISTRIB. 10 KILOS NAL,GLP,GLP,CBA GAS S.A.,6000.0,
2026-09-05,Cochabamba,GLP DISTRIB. 10 KILOS NAL,GLP,GLP,A TODO GAS S.R.L.,6000.0,
2026-09-05,Cochabamba,GASOLINA ESPECIAL + EESS,Gasolina Especial +,GASOLINA_ESPECIAL_MAS,TERMINAL DE BUSES COCHABAMBA S.A.,10000.0,
2026-09-05,Cochabamba,GASOLINA ESPECIAL + EESS,Gasolina Especial +,GASOLINA_ESPECIAL_MAS,SURTIDOR DE GASOLINA Y DIESEL COLOMI,16000.0,
2026-09-05,Cochabamba,GASOLINA ESPECIAL + EESS,Gasolina Especial +,GASOLINA_ESPECIAL_MAS,PETROCEL S.R.L.,16000.0,
2026-09-05,Cochabamba,GASOLINA ESPECIAL + EESS,Gasolina Especial +,GASOLINA_ESPECIAL_MAS,KHORA ESTACION DE SERVICIO - MEDRANO ARNEZ JAIME,12000.0,
2026-09-05,Cochabamba,GASOLINA ESPECIAL + EESS,Gasolina Especial +,GASOLINA_ESPECIAL_MAS,IMBRANJO S.R.L.,22000.0,
2026-09-05,Cochabamba,GASOLINA ESPECIAL + EESS,Gasolina Especial +,GASOLINA_ESPECIAL_MAS,FEDEX CHACO,3000.0,
2026-09-05,Cochabamba,GASOLINA ESPECIAL + EESS,Gasolina Especial +,GASOLINA_ESPECIAL_MAS,ESTAGAS S.R.L.,14000.0,
2026-09-05,Cochabamba,GASOLINA ESPECIAL + EESS,Gasolina Especial +,GASOLINA_ESPECIAL_MAS,ESTACIÓN DE SERVICIO VALLESANTIVAÑEZ S.R.L.,12000.0,
2026-09-05,Cochabamba,GASOLINA ESPECIAL + EESS,Gasolina Especial +,GASOLINA_ESPECIAL_MAS,ESTACIÓN DE SERVICIO FRANQUITO,12000.0,
2026-09-05,Cochabamba,GASOLINA ESPECIAL + EESS,Gasolina Especial +,GASOLINA_ESPECIAL_MAS,ESTACION DE SERVICIO VIRGEN DE LAS ANGUSTIAS S.R.L.,12000.0,
2026-09-05,Cochabamba,GASOLINA ESPECIAL + EESS,Gasolina Especial +,GASOLINA_ESPECIAL_MAS,ESTACION DE SERVICIO TICTI S.R.L.,18000.0,
2026-09-05,Cochabamba,GASOLINA ESPECIAL + EESS,Gasolina Especial +,GASOLINA_ESPECIAL_MAS,ESTACION DE SERVICIO PAPU S.R.L.,14000.0,
2026-09-05,Cochabamba,GASOLINA ESPECIAL + EESS,Gasolina Especial +,GASOLINA_ESPECIAL_MAS,ESTACION DE SERVICIO OMEREQUE,14000.0,
2026-09-05,Cochabamba,GASOLINA ESPECIAL + EESS,Gasolina Especial +,GASOLINA_ESPECIAL_MAS,ESTACION DE SERVICIO LOS ALAMOS S.R.L.,18000.0,
2026-09-05,Cochabamba,GASOLINA ESPECIAL + EESS,Gasolina Especial +,GASOLINA_ESPECIAL_MAS,ESTACION DE SERVICIO HIPODROMO S.R.L.,6000.0,
2026-09-05,Cochabamba,GASOLINA ESPECIAL + EESS,Gasolina Especial +,GASOLINA_ESPECIAL_MAS,ESTACION DE SERVICIO CAPITAN VICTOR USTARIZ S.R.L.,16000.0,
2026-09-05,Cochabamba,GASOLINA ESPECIAL + EESS,Gasolina Especial +,GASOLINA_ESPECIAL_MAS,ESTACION DE SERVICIO BEIJING S.R.L.,20000.0,
2026-09-05,Cochabamba,GASOLINA ESPECIAL + EESS,Gasolina Especial +,GASOLINA_ESPECIAL_MAS,ESTACION DE SERVICIO ANITA,24000.0,
2026-09-05,Cochabamba,GASOLINA ESPECIAL + EESS,Gasolina Especial +,GASOLINA_ESPECIAL_MAS,"ESTACION DE SERVICIO ""POJO""",12000.0,
2026-09-05,Cochabamba,GASOLINA ESPECIAL + EESS,Gasolina Especial +,GASOLINA_ESPECIAL_MAS,"ESTACION DE SERVICIO ""LOS LAURELES"" - DIEGO M. DELGADILLO ANTEZANA",14000.0,
2026-09-05,Cochabamba,GASOLINA ESPECIAL + EESS,Gasolina Especial +,GASOLINA_ESPECIAL_MAS,"EST. DE SERV. ""VILLA OBRAJES""",18000.0,
2026-09-05,Cochabamba,GASOLINA ESPECIAL + EESS,Gasolina Especial +,GASOLINA_ESPECIAL_MAS,"EST. DE SERV. ""URKUPINA"" - ALBERTO OPORTO",14000.0,
2026-09-05,Cochabamba,GASOLINA ESPECIAL + EESS,Gasolina Especial +,GASOLINA_ESPECIAL_MAS,"EST. DE SERV. ""URKUPINA I""- ALBERTO OPORTO L.",20000.0,
2026-09-05,Cochabamba,GASOLINA ESPECIAL + EESS,Gasolina Especial +,GASOLINA_ESPECIAL_MAS,"EST. DE SERV. ""TRANS SACABA S.A. II""",18000.0,
2026-09-05,Cochabamba,GASOLINA ESPECIAL + EESS,Gasolina Especial +,GASOLINA_ESPECIAL_MAS,"EST. DE SERV. ""TIRAQUE""",12000.0,
2026-09-05,Cochabamba,GASOLINA ESPECIAL + EESS,Gasolina Especial +,GASOLINA_ESPECIAL_MAS,"EST. DE SERV. ""TIQUIPAYA"" - VENICIA ALANEZ JIMENES",12000.0,
2026-09-05,Cochabamba,GASOLINA ESPECIAL + EESS,Gasolina Especial +,GASOLINA_ESPECIAL_MAS,"EST. DE SERV. ""SURTIDOR CAMPERO""",14000.0,
2026-09-05,Cochabamba,GASOLINA ESPECIAL + EESS,Gasolina Especial +,GASOLINA_ESPECIAL_MAS,"EST. DE SERV. ""SIPE SIPE S.R.L.""",18000.0,
2026-09-05,Cochabamba,GASOLINA ESPECIAL + EESS,Gasolina Especial +,GASOLINA_ESPECIAL_MAS,"EST. DE SERV. ""SENOR SANTIAGO"" - E. DELGADILLO",18000.0,
2026-09-05,Cochabamba,GASOLINA ESPECIAL + EESS,Gasolina Especial +,GASOLINA_ESPECIAL_MAS,"EST. DE SERV. ""SENOR SANTIAGO SUC. 1"" - E. DELGADILLO",16000.0,
2026-09-05,Cochabamba,GASOLINA ESPECIAL + EESS,Gasolina Especial +,GASOLINA_ESPECIAL_MAS,"EST. DE SERV. ""SANTA MONICA"" S.R.L.",14000.0,
2026-09-05,Cochabamba,GASOLINA ESPECIAL + EESS,Gasolina Especial +,GASOLINA_ESPECIAL_MAS,"EST. DE SERV. ""SAN JUAN BAUTISTA S.R.L.""",18000.0,
2026-09-05,Cochabamba,GASOLINA ESPECIAL + EESS,Gasolina Especial +,GASOLINA_ESPECIAL_MAS,"EST. DE SERV. ""SAN JORGE CBBA S.R.L.""",20000.0,
2026-09-05,Cochabamba,GASOLINA ESPECIAL + EESS,Gasolina Especial +,GASOLINA_ESPECIAL_MAS,"EST. DE SERV. ""RIOJA""",18000.0,
2026-09-05,Cochabamba,GASOLINA ESPECIAL + EESS,Gasolina Especial +,GASOLINA_ESPECIAL_MAS,"EST. DE SERV. ""REFINERIA""- SIMON RODRIGO FERRUFINO",16000.0,
2026-09-05,Cochabamba,GASOLINA ESPECIAL + EESS,Gasolina Especial +,GASOLINA_ESPECIAL_MAS,"EST. DE SERV. ""PORTALEZ S.R.L.""",24000.0,
2026-09-05,Cochabamba,GASOLINA ESPECIAL + EESS,Gasolina Especial +,GASOLINA_ESPECIAL_MAS,"EST. DE SERV. ""PETROGAS S.R.L.""",6000.0,
2026-09-05,Cochabamba,GASOLINA ESPECIAL + EESS,Gasolina Especial +,GASOLINA_ESPECIAL_MAS,"EST. DE SERV. ""PAREDES VALLEJOS"" - JHONNY MILTON PAREDES VALLEJOS",12000.0,
2026-09-05,Cochabamba,GASOLINA ESPECIAL + EESS,Gasolina Especial +,GASOLINA_ESPECIAL_MAS,"EST. DE SERV. ""PARAJE 24.7 SRL""",16000.0,
2026-09-05,Cochabamba,GASOLINA ESPECIAL + EESS,Gasolina Especial +,GASOLINA_ESPECIAL_MAS,"EST. DE SERV. ""PARAJE 24.7 SRL SUC. 1""",14000.0,
2026-09-05,Cochabamba,GASOLINA ESPECIAL + EESS,Gasolina Especial +,GASOLINA_ESPECIAL_MAS,"EST. DE SERV. ""PANAMERICANA"" SUCURSAL COCHABAMBA",14000.0,
2026-09-05,Cochabamba,GASOLINA ESPECIAL + EESS,Gasolina Especial +,GASOLINA_ESPECIAL_MAS,"EST. DE SERV. ""NISSAN"" - SIMON FERRUFINO",16000.0,
2026-09-05,Cochabamba,GASOLINA ESPECIAL + EESS,Gasolina Especial +,GASOLINA_ESPECIAL_MAS,"EST. DE SERV. ""MONTERREY S.R.L.""",14000.0,
2026-09-05,Cochabamba,GASOLINA ESPECIAL + EESS,Gasolina Especial +,GASOLINA_ESPECIAL_MAS,"EST. DE SERV. ""MIZQUE"" - DIOGENES MONTENEGRO P.",16000.0,
2026-09-05,Cochabamba,GASOLINA ESPECIAL + EESS,Gasolina Especial +,GASOLINA_ESPECIAL_MAS,"EST. DE SERV. ""MAX MAMANGUENO"" - E. MELGAREJO",16000.0,
2026-09-05,Cochabamba,GASOLINA ESPECIAL + EESS,Gasolina Especial +,GASOLINA_ESPECIAL_MAS,"EST. DE SERV. ""LOS ALPES""-BERTHA CAMACHO RICALDEZ",20000.0,
2026-09-05,Cochabamba,GASOLINA ESPECIAL + EESS,Gasolina Especial +,GASOLINA_ESPECIAL_MAS,"EST. DE SERV. ""LORETO"" SUC. 1",20000.0,
2026-09-05,Cochabamba,GASOLINA ESPECIAL + EESS,Gasolina Especial +,GASOLINA_ESPECIAL_MAS,"EST. DE SERV. ""LA PATRIA S.R.L.""",10000.0,
2026-09-05,Cochabamba,GASOLINA ESPECIAL + EESS,Gasolina Especial +,GASOLINA_ESPECIAL_MAS,"EST. DE SERV. ""ITAPAYA"" - ALBERTO AMURRIO F.",10000.0,
2026-09-05,Cochabamba,GASOLINA ESPECIAL + EESS,Gasolina Especial +,GASOLINA_ESPECIAL_MAS,"EST. DE SERV. ""ISABEL CHAVEZ""",24000.0,
2026-09-05,Cochabamba,GASOLINA ESPECIAL + EESS,Gasolina Especial +,GASOLINA_ESPECIAL_MAS,"EST. DE SERV. ""IQUIRCOLLO S.R.L.""",24000.0,
2026-09-05,Cochabamba,GASOLINA ESPECIAL + EESS,Gasolina Especial +,GASOLINA_ESPECIAL_MAS,"EST. DE SERV. ""IQUIRCOLLO S.R.L. SUC. 1""",24000.0,
2026-09-05,Cochabamba,GASOLINA ESPECIAL + EESS,Gasolina Especial +,GASOLINA_ESPECIAL_MAS,"EST. DE SERV. ""GUADELOUPE GROUP S.R.L.""",14000.0,
2026-09-05,Cochabamba,GASOLINA ESPECIAL + EESS,Gasolina Especial +,GASOLINA_ESPECIAL_MAS,"EST. DE SERV. ""GASNOR S.R.L.""",18000.0,
2026-09-05,Cochabamba,GASOLINA ESPECIAL + EESS,Gasolina Especial +,GASOLINA_ESPECIAL_MAS,"EST. DE SERV. ""FORTALEZA ENERGY S.R.L.""",12000.0,
2026-09-05,Cochabamba,GASOLINA ESPECIAL + EESS,Gasolina Especial +,GASOLINA_ESPECIAL_MAS,"EST. DE SERV. ""EQGAS"" S.R.L.",16000.0,
2026-09-05,Cochabamba,GASOLINA ESPECIAL + EESS,Gasolina Especial +,GASOLINA_ESPECIAL_MAS,"EST. DE SERV. ""EPIZANA""",20000.0,
2026-09-05,Cochabamba,GASOLINA ESPECIAL + EESS,Gasolina Especial +,GASOLINA_ESPECIAL_MAS,"EST. DE SERV. ""EL MANANTIAL SUC. 2""",18000.0,
2026-09-05,Cochabamba,GASOLINA ESPECIAL + EESS,Gasolina Especial +,GASOLINA_ESPECIAL_MAS,"EST. DE SERV. ""EL MANANTIAL SUC. 1""",14000.0,
2026-09-05,Cochabamba,GASOLINA ESPECIAL + EESS,Gasolina Especial +,GASOLINA_ESPECIAL_MAS,"EST. DE SERV. ""EL MANANTIAL SRL""",14000.0,
2026-09-05,Cochabamba,GASOLINA ESPECIAL + EESS,Gasolina Especial +,GASOLINA_ESPECIAL_MAS,"EST. DE SERV. ""EL CRISTO"" - CRISTIAN SABAG",30000.0,
2026-09-05,Cochabamba,GASOLINA ESPECIAL + EESS,Gasolina Especial +,GASOLINA_ESPECIAL_MAS,"EST. DE SERV. ""DORBIGNI""",20000.0,
2026-09-05,Cochabamba,GASOLINA ESPECIAL + EESS,Gasolina Especial +,GASOLINA_ESPECIAL_MAS,"EST. DE SERV. ""DISEL S.R.L.""",16000.0,
2026-09-05,Cochabamba,GASOLINA ESPECIAL + EESS,Gasolina Especial +,GASOLINA_ESPECIAL_MAS,"EST. DE SERV. ""DISEL S.R.L. I""",16000.0,
2026-09-05,Cochabamba,GASOLINA ESPECIAL + EESS,Gasolina Especial +,GASOLINA_ESPECIAL_MAS,"EST. DE SERV. ""DELAASUNCION-AMERICA S.R.L.""",14000.0,
2026-09-05,Cochabamba,GASOLINA ESPECIAL + EESS,Gasolina Especial +,GASOLINA_ESPECIAL_MAS,"EST. DE SERV. ""DAYANA""",20000.0,
2026-09-05,Cochabamba,GASOLINA ESPECIAL + EESS,Gasolina Especial +,GASOLINA_ESPECIAL_MAS,"EST. DE SERV. ""COMERCIALIZADORA QK S.R.L.""",14000.0,
2026-09-05,Cochabamba,GASOLINA ESPECIAL + EESS,Gasolina Especial +,GASOLINA_ESPECIAL_MAS,"EST. DE SERV. ""COCHABAMBA""",16000.0,
2026-09-05,Cochabamba,GASOLINA ESPECIAL + EESS,Gasolina Especial +,GASOLINA_ESPECIAL_MAS,"EST. DE SERV. ""COCHABAMBA S.R.L. SUC. 2""",16000.0,
2026-09-05,Cochabamba,GASOLINA ESPECIAL + EESS,Gasolina Especial +,GASOLINA_ESPECIAL_MAS,"EST. DE SERV. ""COCHABAMBA S.R.L. SUC. 1""",16000.0,
2026-09-05,Cochabamba,GASOLINA ESPECIAL + EESS,Gasolina Especial +,GASOLINA_ESPECIAL_MAS,"EST. DE SERV. ""CITY TRUCK FH S.R.L.""",18000.0,
2026-09-05,Cochabamba,GASOLINA ESPECIAL + EESS,Gasolina Especial +,GASOLINA_ESPECIAL_MAS,"EST. DE SERV. ""CIRCUITO BOLIVIA S.A.""",20000.0,
2026-09-05,Cochabamba,GASOLINA ESPECIAL + EESS,Gasolina Especial +,GASOLINA_ESPECIAL_MAS,"EST. DE SERV. ""CHULLPANI"" - TORRICO AGUILAR JOSE M",26000.0,
2026-09-05,Cochabamba,GASOLINA ESPECIAL + EESS,Gasolina Especial +,GASOLINA_ESPECIAL_MAS,"EST. DE SERV. ""CHINATA S.R.L.""",18000.0,
2026-09-05,Cochabamba,GASOLINA ESPECIAL + EESS,Gasolina Especial +,GASOLINA_ESPECIAL_MAS,"EST. DE SERV. ""CHIMBOCO""",20000.0,
2026-09-05,Cochabamba,GASOLINA ESPECIAL + EESS,Gasolina Especial +,GASOLINA_ESPECIAL_MAS,"EST. DE SERV. ""C.G.C. SRL""",16000.0,
2026-09-05,Cochabamba,GASOLINA ESPECIAL + EESS,Gasolina Especial +,GASOLINA_ESPECIAL_MAS,"EST. DE SERV. ""AYACUCHO""",18000.0,
2026-09-05,Cochabamba,GASOLINA ESPECIAL + EESS,Gasolina Especial +,GASOLINA_ESPECIAL_MAS,"EST. DE SERV. ""ARISPE""",14000.0,
2026-09-05,Cochabamba,GASOLINA ESPECIAL + EESS,Gasolina Especial +,GASOLINA_ESPECIAL_MAS,"EST. DE SERV. ""ARANJUEZ""",22000.0,
2026-09-05,Cochabamba,GASOLINA ESPECIAL + EESS,Gasolina Especial +,GASOLINA_ESPECIAL_MAS,"EST. DE SERV. ""AEROPUERTO S.R.L.""",16000.0,
2026-09-05,Cochabamba,GASOLINA ESPECIAL + EESS,Gasolina Especial +,GASOLINA_ESPECIAL_MAS,"EST. DE SERV. ""A.C.B. CARBURANTES SRL""",24000.0,
2026-09-05,Cochabamba,GASOLINA ESPECIAL + EESS,Gasolina Especial +,GASOLINA_ESPECIAL_MAS,"EST. DE SERV. ""20 DE DICIEMBRE""",16000.0,
2026-09-05,Cochabamba,GASOLINA ESPECIAL + EESS,Gasolina Especial +,GASOLINA_ESPECIAL_MAS,"EST. DE SERV. "" LAS PALMERAS S.R.L.""",16000.0,
2026-09-05,Cochabamba,GASOLINA ESPECIAL + EESS,Gasolina Especial +,GASOLINA_ESPECIAL_MAS,COMERCIALIZADORA DE SERVICIOS LUBRISHOP S.R.L.,6000.0,
2026-09-05,Cochabamba,GASOLINA ESPECIAL + EESS,Gasolina Especial +,GASOLINA_ESPECIAL_MAS,CENTRO DE SERVICIOS VALLEPUNATA S.R.L.,10000.0,
2026-09-05,Cochabamba,DIESEL OIL NACIONAL EESS,Diesel Oil Nacional,DIESEL_NACIONAL,TERMINAL DE BUSES COCHABAMBA S.A.,24000.0,
2026-09-05,Cochabamba,DIESEL OIL NACIONAL EESS,Diesel Oil Nacional,DIESEL_NACIONAL,SURTIDOR DE GASOLINA Y DIESEL COLOMI,20000.0,
2026-09-05,Cochabamba,DIESEL OIL NACIONAL EESS,Diesel Oil Nacional,DIESEL_NACIONAL,IMBRANJO S.R.L.,30000.0,
2026-09-05,Cochabamba,DIESEL OIL NACIONAL EESS,Diesel Oil Nacional,DIESEL_NACIONAL,ESTACIÓN DE SERVICIO VALLESANTIVAÑEZ S.R.L.,12000.0,
2026-09-05,Cochabamba,DIESEL OIL NACIONAL EESS,Diesel Oil Nacional,DIESEL_NACIONAL,ESTACIÓN DE SERVICIO FRANQUITO,12000.0,
2026-09-05,Cochabamba,DIESEL OIL NACIONAL EESS,Diesel Oil Nacional,DIESEL_NACIONAL,ESTACION DE SERVICIO TICTI S.R.L.,26000.0,
2026-09-05,Cochabamba,DIESEL OIL NACIONAL EESS,Diesel Oil Nacional,DIESEL_NACIONAL,ESTACION DE SERVICIO PAPU S.R.L.,12000.0,
2026-09-05,Cochabamba,DIESEL OIL NACIONAL EESS,Diesel Oil Nacional,DIESEL_NACIONAL,ESTACION DE SERVICIO OMEREQUE,12000.0,
2026-09-05,Cochabamba,DIESEL OIL NACIONAL EESS,Diesel Oil Nacional,DIESEL_NACIONAL,ESTACION DE SERVICIO LOS ALAMOS S.R.L.,38000.0,
2026-09-05,Cochabamba,DIESEL OIL NACIONAL EESS,Diesel Oil Nacional,DIESEL_NACIONAL,ESTACION DE SERVICIO BEIJING S.R.L.,24000.0,
2026-09-05,Cochabamba,DIESEL OIL NACIONAL EESS,Diesel Oil Nacional,DIESEL_NACIONAL,ESTACION DE SERVICIO ANITA,30000.0,
2026-09-05,Cochabamba,DIESEL OIL NACIONAL EESS,Diesel Oil Nacional,DIESEL_NACIONAL,"ESTACION DE SERVICIO ""POJO""",14000.0,
2026-09-05,Cochabamba,DIESEL OIL NACIONAL EESS,Diesel Oil Nacional,DIESEL_NACIONAL,"EST. DE SERV. ""VILLA OBRAJES""",30000.0,
2026-09-05,Cochabamba,DIESEL OIL NACIONAL EESS,Diesel Oil Nacional,DIESEL_NACIONAL,"EST. DE SERV. ""URKUPINA"" - ALBERTO OPORTO",26000.0,
2026-09-05,Cochabamba,DIESEL OIL NACIONAL EESS,Diesel Oil Nacional,DIESEL_NACIONAL,"EST. DE SERV. ""URKUPINA I""- ALBERTO OPORTO L.",12000.0,
2026-09-05,Cochabamba,DIESEL OIL NACIONAL EESS,Diesel Oil Nacional,DIESEL_NACIONAL,"EST. DE SERV. ""TRANS SACABA S.A.""",18000.0,
2026-09-05,Cochabamba,DIESEL OIL NACIONAL EESS,Diesel Oil Nacional,DIESEL_NACIONAL,"EST. DE SERV. ""TRANS SACABA S.A. II""",24000.0,
2026-09-05,Cochabamba,DIESEL OIL NACIONAL EESS,Diesel Oil Nacional,DIESEL_NACIONAL,"EST. DE SERV. ""TIRAQUE""",15000.0,
2026-09-05,Cochabamba,DIESEL OIL NACIONAL EESS,Diesel Oil Nacional,DIESEL_NACIONAL,"EST. DE SERV. ""TIQUIPAYA"" - VENICIA ALANEZ JIMENES",12000.0,
2026-09-05,Cochabamba,DIESEL OIL NACIONAL EESS,Diesel Oil Nacional,DIESEL_NACIONAL,"EST. DE SERV. ""SUTICOLLO""",32000.0,
2026-09-05,Cochabamba,DIESEL OIL NACIONAL EESS,Diesel Oil Nacional,DIESEL_NACIONAL,"EST. DE SERV. ""SURTIDOR CAMPERO""",8000.0,
2026-09-05,Cochabamba,DIESEL OIL NACIONAL EESS,Diesel Oil Nacional,DIESEL_NACIONAL,"EST. DE SERV. ""SIPE SIPE S.R.L.""",42000.0,
2026-09-05,Cochabamba,DIESEL OIL NACIONAL EESS,Diesel Oil Nacional,DIESEL_NACIONAL,"EST. DE SERV. ""SENOR SANTIAGO"" - E. DELGADILLO",14000.0,
2026-09-05,Cochabamba,DIESEL OIL NACIONAL EESS,Diesel Oil Nacional,DIESEL_NACIONAL,"EST. DE SERV. ""SANTA MONICA"" S.R.L.",14000.0,
2026-09-05,Cochabamba,DIESEL OIL NACIONAL EESS,Diesel Oil Nacional,DIESEL_NACIONAL,"EST. DE SERV. ""SAN JUAN BAUTISTA S.R.L.""",16000.0,
2026-09-05,Cochabamba,DIESEL OIL NACIONAL EESS,Diesel Oil Nacional,DIESEL_NACIONAL,"EST. DE SERV. ""SAN JORGE CBBA S.R.L.""",38000.0,
2026-09-05,Cochabamba,DIESEL OIL NACIONAL EESS,Diesel Oil Nacional,DIESEL_NACIONAL,"EST. DE SERV. ""RIOJA""",16000.0,
2026-09-05,Cochabamba,DIESEL OIL NACIONAL EESS,Diesel Oil Nacional,DIESEL_NACIONAL,"EST. DE SERV. ""REFINERIA""- SIMON RODRIGO FERRUFINO",12000.0,
2026-09-05,Cochabamba,DIESEL OIL NACIONAL EESS,Diesel Oil Nacional,DIESEL_NACIONAL,"EST. DE SERV. ""PETROGAS S.R.L.""",22000.0,
2026-09-05,Cochabamba,DIESEL OIL NACIONAL EESS,Diesel Oil Nacional,DIESEL_NACIONAL,"EST. DE SERV. ""PAROTANI""",35000.0,
2026-09-05,Cochabamba,DIESEL OIL NACIONAL EESS,Diesel Oil Nacional,DIESEL_NACIONAL,"EST. DE SERV. ""PAREDES VALLEJOS"" - JHONNY MILTON PAREDES VALLEJOS",12000.0,
2026-09-05,Cochabamba,DIESEL OIL NACIONAL EESS,Diesel Oil Nacional,DIESEL_NACIONAL,"EST. DE SERV. ""PARAJE 24.7 SRL""",32000.0,
2026-09-05,Cochabamba,DIESEL OIL NACIONAL EESS,Diesel Oil Nacional,DIESEL_NACIONAL,"EST. DE SERV. ""PARAJE 24.7 SRL SUC. 1""",16000.0,
2026-09-05,Cochabamba,DIESEL OIL NACIONAL EESS,Diesel Oil Nacional,DIESEL_NACIONAL,"EST. DE SERV. ""NISSAN"" - SIMON FERRUFINO",12000.0,
2026-09-05,Cochabamba,DIESEL OIL NACIONAL EESS,Diesel Oil Nacional,DIESEL_NACIONAL,"EST. DE SERV. ""MONTERREY S.R.L.""",32000.0,
2026-09-05,Cochabamba,DIESEL OIL NACIONAL EESS,Diesel Oil Nacional,DIESEL_NACIONAL,"EST. DE SERV. ""MIZQUE"" - DIOGENES MONTENEGRO P.",10000.0,
2026-09-05,Cochabamba,DIESEL OIL NACIONAL EESS,Diesel Oil Nacional,DIESEL_NACIONAL,"EST. DE SERV. ""MAX MAMANGUENO"" - E. MELGAREJO",12000.0,
2026-09-05,Cochabamba,DIESEL OIL NACIONAL EESS,Diesel Oil Nacional,DIESEL_NACIONAL,"EST. DE SERV. ""LOS ALPES""-BERTHA CAMACHO RICALDEZ",16000.0,
2026-09-05,Cochabamba,DIESEL OIL NACIONAL EESS,Diesel Oil Nacional,DIESEL_NACIONAL,"EST. DE SERV. ""LORETO"" SUC. 1",18000.0,
2026-09-05,Cochabamba,DIESEL OIL NACIONAL EESS,Diesel Oil Nacional,DIESEL_NACIONAL,"EST. DE SERV. ""ITAPAYA"" - ALBERTO AMURRIO F.",20000.0,
2026-09-05,Cochabamba,DIESEL OIL NACIONAL EESS,Diesel Oil Nacional,DIESEL_NACIONAL,"EST. DE SERV. ""ISABEL CHAVEZ""",20000.0,
2026-09-05,Cochabamba,DIESEL OIL NACIONAL EESS,Diesel Oil Nacional,DIESEL_NACIONAL,"EST. DE SERV. ""IQUIRCOLLO S.R.L.""",40000.0,
2026-09-05,Cochabamba,DIESEL OIL NACIONAL EESS,Diesel Oil Nacional,DIESEL_NACIONAL,"EST. DE SERV. ""GASNOR S.R.L.""",12000.0,
2026-09-05,Cochabamba,DIESEL OIL NACIONAL EESS,Diesel Oil Nacional,DIESEL_NACIONAL,"EST. DE SERV. ""FORTALEZA ENERGY S.R.L.""",12000.0,
2026-09-05,Cochabamba,DIESEL OIL NACIONAL EESS,Diesel Oil Nacional,DIESEL_NACIONAL,"EST. DE SERV. ""EQGAS"" S.R.L.",12000.0,
2026-09-05,Cochabamba,DIESEL OIL NACIONAL EESS,Diesel Oil Nacional,DIESEL_NACIONAL,"EST. DE SERV. ""EPIZANA""",14000.0,
2026-09-05,Cochabamba,DIESEL OIL NACIONAL EESS,Diesel Oil Nacional,DIESEL_NACIONAL,"EST. DE SERV. ""EL VIAJERO SRL""",32000.0,
2026-09-05,Cochabamba,DIESEL OIL NACIONAL EESS,Diesel Oil Nacional,DIESEL_NACIONAL,"EST. DE SERV. ""EL MANANTIAL SRL""",12000.0,
2026-09-05,Cochabamba,DIESEL OIL NACIONAL EESS,Diesel Oil Nacional,DIESEL_NACIONAL,"EST. DE SERV. ""EL CRISTO"" - CRISTIAN SABAG",12000.0,
2026-09-05,Cochabamba,DIESEL OIL NACIONAL EESS,Diesel Oil Nacional,DIESEL_NACIONAL,"EST. DE SERV. ""DISEL S.R.L.""",36000.0,
2026-09-05,Cochabamba,DIESEL OIL NACIONAL EESS,Diesel Oil Nacional,DIESEL_NACIONAL,"EST. DE SERV. ""DISEL S.R.L. I""",41000.0,
2026-09-05,Cochabamba,DIESEL OIL NACIONAL EESS,Diesel Oil Nacional,DIESEL_NACIONAL,"EST. DE SERV. ""DAYANA""",18000.0,
2026-09-05,Cochabamba,DIESEL OIL NACIONAL EESS,Diesel Oil Nacional,DIESEL_NACIONAL,"EST. DE SERV. ""COMERCIALIZADORA QK S.R.L.""",20000.0,
2026-09-05,Cochabamba,DIESEL OIL NACIONAL EESS,Diesel Oil Nacional,DIESEL_NACIONAL,"EST. DE SERV. ""COCHABAMBA""",40000.0,
2026-09-05,Cochabamba,DIESEL OIL NACIONAL EESS,Diesel Oil Nacional,DIESEL_NACIONAL,"EST. DE SERV. ""COCHABAMBA S.R.L. SUC. 1""",23000.0,
2026-09-05,Cochabamba,DIESEL OIL NACIONAL EESS,Diesel Oil Nacional,DIESEL_NACIONAL,"EST. DE SERV. ""CITY TRUCK FH S.R.L.""",26000.0,
2026-09-05,Cochabamba,DIESEL OIL NACIONAL EESS,Diesel Oil Nacional,DIESEL_NACIONAL,"EST. DE SERV. ""CIRCUITO BOLIVIA S.A.""",20000.0,
2026-09-05,Cochabamba,DIESEL OIL NACIONAL EESS,Diesel Oil Nacional,DIESEL_NACIONAL,"EST. DE SERV. ""CHULLPANI"" - TORRICO AGUILAR JOSE M",24000.0,
2026-09-05,Cochabamba,DIESEL OIL NACIONAL EESS,Diesel Oil Nacional,DIESEL_NACIONAL,"EST. DE SERV. ""CHINATA S.R.L.""",28000.0,
2026-09-05,Cochabamba,DIESEL OIL NACIONAL EESS,Diesel Oil Nacional,DIESEL_NACIONAL,"EST. DE SERV. ""CHIMBOCO""",29000.0,
2026-09-05,Cochabamba,DIESEL OIL NACIONAL EESS,Diesel Oil Nacional,DIESEL_NACIONAL,"EST. DE SERV. ""C.G.C. SRL""",36000.0,
2026-09-05,Cochabamba,DIESEL OIL NACIONAL EESS,Diesel Oil Nacional,DIESEL_NACIONAL,"EST. DE SERV. ""ARISPE""",12000.0,
2026-09-05,Cochabamba,DIESEL OIL NACIONAL EESS,Diesel Oil Nacional,DIESEL_NACIONAL,"EST. DE SERV. ""AEROPUERTO S.R.L.""",20000.0,
2026-09-05,Cochabamba,DIESEL OIL NACIONAL EESS,Diesel Oil Nacional,DIESEL_NACIONAL,COMERCIALIZADORA DE SERVICIOS LUBRISHOP S.R.L.,8000.0,
2026-09-05,Cochabamba,DIESEL OIL NACIONAL EESS,Diesel Oil Nacional,DIESEL_NACIONAL,CENTRO DE SERVICIOS VALLEPUNATA S.R.L.,6000.0,
2026-09-04,Cochabamba,GLP DISTRIB. 45 KILOS NAL,GLP,GLP,DIST. GLP SOCIEDAD PETROLERA SANTA ELENA S.R.L.,3600.0,
2026-09-04,Cochabamba,GLP DISTRIB. 45 KILOS NAL,GLP,GLP,DIST. GLP NUESTRO GAS-JONSON RICHARD LIMA FLORERO,1800.0,
2026-09-04,Cochabamba,GLP DISTRIB. 45 KILOS NAL,GLP,GLP,CBA GAS S.A.,2250.0,
2026-09-04,Cochabamba,GLP DISTRIB. 10 KILOS NAL,GLP,GLP,ROSI GAS - ROXANA ESPINOZA PRADO,6000.0,
2026-09-04,Cochabamba,GLP DISTRIB. 10 KILOS NAL,GLP,GLP,FERRO GAS - BERTHA CAMACHO RICALDEZ DE FERRUFINO,12000.0,
2026-09-04,Cochabamba,GLP DISTRIB. 10 KILOS NAL,GLP,GLP,FAS GAS,6000.0,
2026-09-04,Cochabamba,GLP DISTRIB. 10 KILOS NAL,GLP,GLP,"DISTRIBUIDORA DE GAS ""FAGUGAS S.R.L.""",6000.0,
2026-09-04,Cochabamba,GLP DISTRIB. 10 KILOS NAL,GLP,GLP,"DIST.GLP""VILOMA GAS"" E.ARANDIA",12000.0,
2026-09-04,Cochabamba,GLP DISTRIB. 10 KILOS NAL,GLP,GLP,"DIST.GLP""NOE GAS""M.HINOJOSA R.",12000.0,
2026-09-04,Cochabamba,GLP DISTRIB. 10 KILOS NAL,GLP,GLP,"DIST. PROV.GLP ""SIPE SIPE GAS""",12000.0,
2026-09-04,Cochabamba,GLP DISTRIB. 10 KILOS NAL,GLP,GLP,"DIST. PROV.GLP ""ESPERANZA GAS""",6000.0,
2026-09-04,Cochabamba,GLP DISTRIB. 10 KILOS NAL,GLP,GLP,"DIST. PROV. GLP ""VADIGAS""",6000.0,
2026-09-04,Cochabamba,GLP DISTRIB. 10 KILOS NAL,GLP,GLP,"DIST. PROV. GLP ""SANTIAGO GAS""",6000.0,
2026-09-04,Cochabamba,GLP DISTRIB. 10 KILOS NAL,GLP,GLP,"DIST. PROV. GLP ""PREMIUN GAS"" - EDUARDO ZENTENO E.",6000.0,
2026-09-04,Cochabamba,GLP DISTRIB. 10 KILOS NAL,GLP,GLP,"DIST. PROV. GLP ""COTA GAS"" - NELSON OLMOS",6000.0,
2026-09-04,Cochabamba,GLP DISTRIB. 10 KILOS NAL,GLP,GLP,"DIST. PROV. GLP ""COLOMI GAS""",6000.0,
2026-09-04,Cochabamba,GLP DISTRIB. 10 KILOS NAL,GLP,GLP,"DIST. PROV. GLP ""ARANDIA GAS S.R.L.""",6000.0,
2026-09-04,Cochabamba,GLP DISTRIB. 10 KILOS NAL,GLP,GLP,"DIST. GLP""SARCO GAS""M.FELIPEZ",18000.0,
2026-09-04,Cochabamba,GLP DISTRIB. 10 KILOS NAL,GLP,GLP,DIST. GLP SOCIEDAD PETROLERA SANTA ELENA S.R.L.,24000.0,
2026-09-04,Cochabamba,GLP DISTRIB. 10 KILOS NAL,GLP,GLP,DIST. GLP NUESTRO GAS-JONSON RICHARD LIMA FLORERO,24000.0,
2026-09-04,Cochabamba,GLP DISTRIB. 10 KILOS NAL,GLP,GLP,"DIST. GLP ""SANTIVANEZ GAS"" - JUVENAL ZENTENO ESPINOZA",6000.0,
2026-09-04,Cochabamba,GLP DISTRIB. 10 KILOS NAL,GLP,GLP,"DIST. GLP ""EXTRA GAS"" - MARIO CORDOVA PINTO",18000.0,
2026-09-04,Cochabamba,GLP DISTRIB. 10 KILOS NAL,GLP,GLP,"DIST. GLP ""EDMUNDO GAS"" - EDMUNDO QUIROZ TAPIA",6000.0,
2026-09-04,Cochabamba,GLP DISTRIB. 10 KILOS NAL,GLP,GLP,"DIST. GLP ""DISBOGAS"" - JENNY PETRONA SALAMANCA VILLAFUERTE",6000.0,
2026-09-04,Cochabamba,GLP DISTRIB. 10 KILOS NAL,GLP,GLP,"DIST. GLP ""CAPI GAS"" - GONZALO SOLIZ GUTIERREZ",6000.0,
2026-09-04,Cochabamba,GLP DISTRIB. 10 KILOS NAL,GLP,GLP,"DIST. GLP ""BIO GAS"" - ANA MARIA ROMERO DE TORRICO",18000.0,
2026-09-04,Cochabamba,GLP DISTRIB. 10 KILOS NAL,GLP,GLP,"DIST. GLP ""ADRIAZOL GAS""",6000.0,
2026-09-04,Cochabamba,GLP DISTRIB. 10 KILOS NAL,GLP,GLP,"COOPERATIVA DE SERVICIOS DE DISTRIBUCION DE GAS LICUADO ""CANDELARIA"" R.L.",6000.0,
2026-09-04,Cochabamba,GLP DISTRIB. 10 KILOS NAL,GLP,GLP,CBA GAS S.A.,18000.0,
2026-09-04,Cochabamba,GLP DISTRIB. 10 KILOS NAL,GLP,GLP,A TODO GAS S.R.L.,18000.0,
2026-09-04,Cochabamba,GASOLINA ESPECIAL + EESS,Gasolina Especial +,GASOLINA_ESPECIAL_MAS,TERMINAL DE BUSES COCHABAMBA S.A.,10000.0,
2026-09-04,Cochabamba,GASOLINA ESPECIAL + EESS,Gasolina Especial +,GASOLINA_ESPECIAL_MAS,SURTIDOR DE GASOLINA Y DIESEL COLOMI,16000.0,
2026-09-04,Cochabamba,GASOLINA ESPECIAL + EESS,Gasolina Especial +,GASOLINA_ESPECIAL_MAS,PETROCEL S.R.L.,12000.0,
2026-09-04,Cochabamba,GASOLINA ESPECIAL + EESS,Gasolina Especial +,GASOLINA_ESPECIAL_MAS,KHORA ESTACION DE SERVICIO - MEDRANO ARNEZ JAIME,6000.0,
2026-09-04,Cochabamba,GASOLINA ESPECIAL + EESS,Gasolina Especial +,GASOLINA_ESPECIAL_MAS,IMBRANJO S.R.L.,14000.0,
2026-09-04,Cochabamba,GASOLINA ESPECIAL + EESS,Gasolina Especial +,GASOLINA_ESPECIAL_MAS,FEDEX CHACO,3000.0,
2026-09-04,Cochabamba,GASOLINA ESPECIAL + EESS,Gasolina Especial +,GASOLINA_ESPECIAL_MAS,ESTAGAS S.R.L.,10000.0,
2026-09-04,Cochabamba,GASOLINA ESPECIAL + EESS,Gasolina Especial +,GASOLINA_ESPECIAL_MAS,ESTACION DE SERVICIO VIRGEN DE LAS ANGUSTIAS S.R.L.,12000.0,
2026-09-04,Cochabamba,GASOLINA ESPECIAL + EESS,Gasolina Especial +,GASOLINA_ESPECIAL_MAS,ESTACION DE SERVICIO TICTI S.R.L.,12000.0,
2026-09-04,Cochabamba,GASOLINA ESPECIAL + EESS,Gasolina Especial +,GASOLINA_ESPECIAL_MAS,ESTACION DE SERVICIO LOS LIBERTADORES S.R.L.,10000.0,
2026-09-04,Cochabamba,GASOLINA ESPECIAL + EESS,Gasolina Especial +,GASOLINA_ESPECIAL_MAS,ESTACION DE SERVICIO LOS ALAMOS S.R.L.,14000.0,
2026-09-04,Cochabamba,GASOLINA ESPECIAL + EESS,Gasolina Especial +,GASOLINA_ESPECIAL_MAS,ESTACION DE SERVICIO HIPODROMO S.R.L.,6000.0,
2026-09-04,Cochabamba,GASOLINA ESPECIAL + EESS,Gasolina Especial +,GASOLINA_ESPECIAL_MAS,ESTACION DE SERVICIO COODPE S.R.L.,12000.0,
2026-09-04,Cochabamba,GASOLINA ESPECIAL + EESS,Gasolina Especial +,GASOLINA_ESPECIAL_MAS,ESTACION DE SERVICIO CAPITAN VICTOR USTARIZ S.R.L.,12000.0,
2026-09-04,Cochabamba,GASOLINA ESPECIAL + EESS,Gasolina Especial +,GASOLINA_ESPECIAL_MAS,ESTACION DE SERVICIO BEIJING S.R.L.,14000.0,
2026-09-04,Cochabamba,GASOLINA ESPECIAL + EESS,Gasolina Especial +,GASOLINA_ESPECIAL_MAS,ESTACION DE SERVICIO ANITA,16000.0,
2026-09-04,Cochabamba,GASOLINA ESPECIAL + EESS,Gasolina Especial +,GASOLINA_ESPECIAL_MAS,"ESTACION DE SERVICIO ""POJO""",6000.0,
2026-09-04,Cochabamba,GASOLINA ESPECIAL + EESS,Gasolina Especial +,GASOLINA_ESPECIAL_MAS,"ESTACION DE SERVICIO ""LOS LAURELES"" - DIEGO M. DELGADILLO ANTEZANA",10000.0,
2026-09-04,Cochabamba,GASOLINA ESPECIAL + EESS,Gasolina Especial +,GASOLINA_ESPECIAL_MAS,"EST. DE SERV. ""VILLA OBRAJES""",10000.0,
2026-09-04,Cochabamba,GASOLINA ESPECIAL + EESS,Gasolina Especial +,GASOLINA_ESPECIAL_MAS,"EST. DE SERV. ""URKUPINA"" - ALBERTO OPORTO",10000.0,
2026-09-04,Cochabamba,GASOLINA ESPECIAL + EESS,Gasolina Especial +,GASOLINA_ESPECIAL_MAS,"EST. DE SERV. ""URKUPINA I""- ALBERTO OPORTO L.",12000.0,
2026-09-04,Cochabamba,GASOLINA ESPECIAL + EESS,Gasolina Especial +,GASOLINA_ESPECIAL_MAS,"EST. DE SERV. ""TRANS SACABA S.A. II""",10000.0,
2026-09-04,Cochabamba,GASOLINA ESPECIAL + EESS,Gasolina Especial +,GASOLINA_ESPECIAL_MAS,"EST. DE SERV. ""TIQUIPAYA"" - VENICIA ALANEZ JIMENES",6000.0,
2026-09-04,Cochabamba,GASOLINA ESPECIAL + EESS,Gasolina Especial +,GASOLINA_ESPECIAL_MAS,"EST. DE SERV. ""SUTICOLLO""",12000.0,
2026-09-04,Cochabamba,GASOLINA ESPECIAL + EESS,Gasolina Especial +,GASOLINA_ESPECIAL_MAS,"EST. DE SERV. ""SURTIDOR CAMPERO""",8000.0,
2026-09-04,Cochabamba,GASOLINA ESPECIAL + EESS,Gasolina Especial +,GASOLINA_ESPECIAL_MAS,"EST. DE SERV. ""SIPE SIPE S.R.L.""",14000.0,
2026-09-04,Cochabamba,GASOLINA ESPECIAL + EESS,Gasolina Especial +,GASOLINA_ESPECIAL_MAS,"EST. DE SERV. ""SENOR SANTIAGO"" - E. DELGADILLO",10000.0,
2026-09-04,Cochabamba,GASOLINA ESPECIAL + EESS,Gasolina Especial +,GASOLINA_ESPECIAL_MAS,"EST. DE SERV. ""SENOR SANTIAGO SUC. 1"" - E. DELGADILLO",10000.0,
2026-09-04,Cochabamba,GASOLINA ESPECIAL + EESS,Gasolina Especial +,GASOLINA_ESPECIAL_MAS,"EST. DE SERV. ""SANTA MONICA"" S.R.L.",10000.0,
2026-09-04,Cochabamba,GASOLINA ESPECIAL + EESS,Gasolina Especial +,GASOLINA_ESPECIAL_MAS,"EST. DE SERV. ""SAN JUAN BAUTISTA S.R.L.""",12000.0,
2026-09-04,Cochabamba,GASOLINA ESPECIAL + EESS,Gasolina Especial +,GASOLINA_ESPECIAL_MAS,"EST. DE SERV. ""SAN JORGE CBBA S.R.L.""",16000.0,
2026-09-04,Cochabamba,GASOLINA ESPECIAL + EESS,Gasolina Especial +,GASOLINA_ESPECIAL_MAS,"EST. DE SERV. ""RIOJA""",10000.0,
2026-09-04,Cochabamba,GASOLINA ESPECIAL + EESS,Gasolina Especial +,GASOLINA_ESPECIAL_MAS,"EST. DE SERV. ""REFINERIA""- SIMON RODRIGO FERRUFINO",6000.0,
2026-09-04,Cochabamba,GASOLINA ESPECIAL + EESS,Gasolina Especial +,GASOLINA_ESPECIAL_MAS,"EST. DE SERV. ""PORTALEZ S.R.L.""",18000.0,
2026-09-04,Cochabamba,GASOLINA ESPECIAL + EESS,Gasolina Especial +,GASOLINA_ESPECIAL_MAS,"EST. DE SERV. ""PETROGAS S.R.L.""",6000.0,
2026-09-04,Cochabamba,GASOLINA ESPECIAL + EESS,Gasolina Especial +,GASOLINA_ESPECIAL_MAS,"EST. DE SERV. ""PAROTANI""",12000.0,
2026-09-04,Cochabamba,GASOLINA ESPECIAL + EESS,Gasolina Especial +,GASOLINA_ESPECIAL_MAS,"EST. DE SERV. ""PARAJE 24.7 SRL""",12000.0,
2026-09-04,Cochabamba,GASOLINA ESPECIAL + EESS,Gasolina Especial +,GASOLINA_ESPECIAL_MAS,"EST. DE SERV. ""PARAJE 24.7 SRL SUC. 1""",10000.0,
2026-09-04,Cochabamba,GASOLINA ESPECIAL + EESS,Gasolina Especial +,GASOLINA_ESPECIAL_MAS,"EST. DE SERV. ""PANAMERICANA"" SUCURSAL COCHABAMBA",10000.0,
2026-09-04,Cochabamba,GASOLINA ESPECIAL + EESS,Gasolina Especial +,GASOLINA_ESPECIAL_MAS,"EST. DE SERV. ""NISSAN"" - SIMON FERRUFINO",8000.0,
2026-09-04,Cochabamba,GASOLINA ESPECIAL + EESS,Gasolina Especial +,GASOLINA_ESPECIAL_MAS,"EST. DE SERV. ""MONTERREY S.R.L.""",10000.0,
2026-09-04,Cochabamba,GASOLINA ESPECIAL + EESS,Gasolina Especial +,GASOLINA_ESPECIAL_MAS,"EST. DE SERV. ""MIZQUE"" - DIOGENES MONTENEGRO P.",6000.0,
2026-09-04,Cochabamba,GASOLINA ESPECIAL + EESS,Gasolina Especial +,GASOLINA_ESPECIAL_MAS,"EST. DE SERV. ""MAX MAMANGUENO"" - E. MELGAREJO",6000.0,
2026-09-04,Cochabamba,GASOLINA ESPECIAL + EESS,Gasolina Especial +,GASOLINA_ESPECIAL_MAS,"EST. DE SERV. ""LOS ALPES""-BERTHA CAMACHO RICALDEZ",12000.0,
2026-09-04,Cochabamba,GASOLINA ESPECIAL + EESS,Gasolina Especial +,GASOLINA_ESPECIAL_MAS,"EST. DE SERV. ""LORETO"" SUC. 1",12000.0,
2026-09-04,Cochabamba,GASOLINA ESPECIAL + EESS,Gasolina Especial +,GASOLINA_ESPECIAL_MAS,"EST. DE SERV. ""LA PATRIA S.R.L.""",6000.0,
2026-09-04,Cochabamba,GASOLINA ESPECIAL + EESS,Gasolina Especial +,GASOLINA_ESPECIAL_MAS,"EST. DE SERV. ""LA MERCED S.R.L.""",9000.0,
2026-09-04,Cochabamba,GASOLINA ESPECIAL + EESS,Gasolina Especial +,GASOLINA_ESPECIAL_MAS,"EST. DE SERV. ""ITAPAYA"" - ALBERTO AMURRIO F.",8000.0,
2026-09-04,Cochabamba,GASOLINA ESPECIAL + EESS,Gasolina Especial +,GASOLINA_ESPECIAL_MAS,"EST. DE SERV. ""ISABEL CHAVEZ""",12000.0,
2026-09-04,Cochabamba,GASOLINA ESPECIAL + EESS,Gasolina Especial +,GASOLINA_ESPECIAL_MAS,"EST. DE SERV. ""IQUIRCOLLO S.R.L.""",16000.0,
2026-09-04,Cochabamba,GASOLINA ESPECIAL + EESS,Gasolina Especial +,GASOLINA_ESPECIAL_MAS,"EST. DE SERV. ""IQUIRCOLLO S.R.L. SUC. 1""",16000.0,
2026-09-04,Cochabamba,GASOLINA ESPECIAL + EESS,Gasolina Especial +,GASOLINA_ESPECIAL_MAS,"EST. DE SERV. ""GUADELOUPE GROUP S.R.L.""",10000.0,
2026-09-04,Cochabamba,GASOLINA ESPECIAL + EESS,Gasolina Especial +,GASOLINA_ESPECIAL_MAS,"EST. DE SERV. ""GASNOR S.R.L.""",8000.0,
2026-09-04,Cochabamba,GASOLINA ESPECIAL + EESS,Gasolina Especial +,GASOLINA_ESPECIAL_MAS,"EST. DE SERV. ""FORTALEZA ENERGY S.R.L.""",6000.0,
2026-09-04,Cochabamba,GASOLINA ESPECIAL + EESS,Gasolina Especial +,GASOLINA_ESPECIAL_MAS,"EST. DE SERV. ""EQGAS"" S.R.L.",8000.0,
2026-09-04,Cochabamba,GASOLINA ESPECIAL + EESS,Gasolina Especial +,GASOLINA_ESPECIAL_MAS,"EST. DE SERV. ""EPIZANA""",12000.0,
2026-09-04,Cochabamba,GASOLINA ESPECIAL + EESS,Gasolina Especial +,GASOLINA_ESPECIAL_MAS,"EST. DE SERV. ""EL MANANTIAL SUC. 2""",12000.0,
2026-09-04,Cochabamba,GASOLINA ESPECIAL + EESS,Gasolina Especial +,GASOLINA_ESPECIAL_MAS,"EST. DE SERV. ""EL MANANTIAL SUC. 1""",10000.0,
2026-09-04,Cochabamba,GASOLINA ESPECIAL + EESS,Gasolina Especial +,GASOLINA_ESPECIAL_MAS,"EST. DE SERV. ""EL MANANTIAL SRL""",10000.0,
2026-09-04,Cochabamba,GASOLINA ESPECIAL + EESS,Gasolina Especial +,GASOLINA_ESPECIAL_MAS,"EST. DE SERV. ""EL CRISTO"" - CRISTIAN SABAG",28000.0,
2026-09-04,Cochabamba,GASOLINA ESPECIAL + EESS,Gasolina Especial +,GASOLINA_ESPECIAL_MAS,"EST. DE SERV. ""DORBIGNI""",12000.0,
2026-09-04,Cochabamba,GASOLINA ESPECIAL + EESS,Gasolina Especial +,GASOLINA_ESPECIAL_MAS,"EST. DE SERV. ""DISEL S.R.L.""",8000.0,
2026-09-04,Cochabamba,GASOLINA ESPECIAL + EESS,Gasolina Especial +,GASOLINA_ESPECIAL_MAS,"EST. DE SERV. ""DISEL S.R.L. I""",8000.0,
2026-09-04,Cochabamba,GASOLINA ESPECIAL + EESS,Gasolina Especial +,GASOLINA_ESPECIAL_MAS,"EST. DE SERV. ""DELAASUNCION-AMERICA S.R.L.""",12000.0,
2026-09-04,Cochabamba,GASOLINA ESPECIAL + EESS,Gasolina Especial +,GASOLINA_ESPECIAL_MAS,"EST. DE SERV. ""DAYANA""",12000.0,
2026-09-04,Cochabamba,GASOLINA ESPECIAL + EESS,Gasolina Especial +,GASOLINA_ESPECIAL_MAS,"EST. DE SERV. ""COMERCIALIZADORA QK S.R.L.""",10000.0,
2026-09-04,Cochabamba,GASOLINA ESPECIAL + EESS,Gasolina Especial +,GASOLINA_ESPECIAL_MAS,"EST. DE SERV. ""COCHABAMBA""",14000.0,
2026-09-04,Cochabamba,GASOLINA ESPECIAL + EESS,Gasolina Especial +,GASOLINA_ESPECIAL_MAS,"EST. DE SERV. ""COCHABAMBA S.R.L. SUC. 2""",12000.0,
2026-09-04,Cochabamba,GASOLINA ESPECIAL + EESS,Gasolina Especial +,GASOLINA_ESPECIAL_MAS,"EST. DE SERV. ""COCHABAMBA S.R.L. SUC. 1""",12000.0,
2026-09-04,Cochabamba,GASOLINA ESPECIAL + EESS,Gasolina Especial +,GASOLINA_ESPECIAL_MAS,"EST. DE SERV. ""CITY TRUCK FH S.R.L.""",10000.0,
2026-09-04,Cochabamba,GASOLINA ESPECIAL + EESS,Gasolina Especial +,GASOLINA_ESPECIAL_MAS,"EST. DE SERV. ""CIRCUITO BOLIVIA S.A.""",14000.0,
2026-09-04,Cochabamba,GASOLINA ESPECIAL + EESS,Gasolina Especial +,GASOLINA_ESPECIAL_MAS,"EST. DE SERV. ""CHULLPANI"" - TORRICO AGUILAR JOSE M",17000.0,
2026-09-04,Cochabamba,GASOLINA ESPECIAL + EESS,Gasolina Especial +,GASOLINA_ESPECIAL_MAS,"EST. DE SERV. ""CHINATA S.R.L.""",10000.0,
2026-09-04,Cochabamba,GASOLINA ESPECIAL + EESS,Gasolina Especial +,GASOLINA_ESPECIAL_MAS,"EST. DE SERV. ""CHIMBOCO""",14000.0,
2026-09-04,Cochabamba,GASOLINA ESPECIAL + EESS,Gasolina Especial +,GASOLINA_ESPECIAL_MAS,"EST. DE SERV. ""C.G.C. SRL""",10000.0,
2026-09-04,Cochabamba,GASOLINA ESPECIAL + EESS,Gasolina Especial +,GASOLINA_ESPECIAL_MAS,"EST. DE SERV. ""AYACUCHO""",12000.0,
2026-09-04,Cochabamba,GASOLINA ESPECIAL + EESS,Gasolina Especial +,GASOLINA_ESPECIAL_MAS,"EST. DE SERV. ""ARANJUEZ""",16000.0,
2026-09-04,Cochabamba,GASOLINA ESPECIAL + EESS,Gasolina Especial +,GASOLINA_ESPECIAL_MAS,"EST. DE SERV. ""ARANI"" - ZULMA ROJAS",12000.0,
2026-09-04,Cochabamba,GASOLINA ESPECIAL + EESS,Gasolina Especial +,GASOLINA_ESPECIAL_MAS,"EST. DE SERV. ""AEROPUERTO S.R.L.""",10000.0,
2026-09-04,Cochabamba,GASOLINA ESPECIAL + EESS,Gasolina Especial +,GASOLINA_ESPECIAL_MAS,"EST. DE SERV. ""ADRIAN""",12000.0,
2026-09-04,Cochabamba,GASOLINA ESPECIAL + EESS,Gasolina Especial +,GASOLINA_ESPECIAL_MAS,"EST. DE SERV. ""A.C.B. CARBURANTES SRL""",16000.0,
2026-09-04,Cochabamba,GASOLINA ESPECIAL + EESS,Gasolina Especial +,GASOLINA_ESPECIAL_MAS,"EST. DE SERV. ""24 DE SEPTIEMBRE S.R.L.""",12000.0,
2026-09-04,Cochabamba,GASOLINA ESPECIAL + EESS,Gasolina Especial +,GASOLINA_ESPECIAL_MAS,"EST. DE SERV. ""20 DE DICIEMBRE""",12000.0,
2026-09-04,Cochabamba,GASOLINA ESPECIAL + EESS,Gasolina Especial +,GASOLINA_ESPECIAL_MAS,"EST. DE SERV. "" LAS PALMERAS S.R.L.""",10000.0,
2026-09-04,Cochabamba,GASOLINA ESPECIAL + EESS,Gasolina Especial +,GASOLINA_ESPECIAL_MAS,COMERCIALIZADORA DE SERVICIOS LUBRISHOP S.R.L.,6000.0,
2026-09-04,Cochabamba,GASOLINA ESPECIAL + EESS,Gasolina Especial +,GASOLINA_ESPECIAL_MAS,CENTRO DE SERVICIOS VALLEPUNATA S.R.L.,10000.0,
2026-09-04,Cochabamba,GASOLINA ESPECIAL + CF,Gasolina Especial +,GASOLINA_ESPECIAL_MAS,GOBIERNO AUTONOMO MUNICIPAL SAN PEDRO DE BUENA VISTA,15000.0,
2026-09-04,Cochabamba,DIESEL OIL NACIONAL GRACO,Diesel Oil Nacional,DIESEL_NACIONAL,SERVICIO DEPARTAMENTAL DE CAMINOS,10000.0,
2026-09-04,Cochabamba,DIESEL OIL NACIONAL GRACO,Diesel Oil Nacional,DIESEL_NACIONAL,EMPRESA MUNICIPAL DE SERVICIOS DE ASEO,10000.0,
2026-09-04,Cochabamba,DIESEL OIL NACIONAL GRACO,Diesel Oil Nacional,DIESEL_NACIONAL,COOPERATIVA MULTIACTIVA COBOCE R.L.,20000.0,
2026-09-04,Cochabamba,DIESEL OIL NACIONAL EESS,Diesel Oil Nacional,DIESEL_NACIONAL,TERMINAL DE BUSES COCHABAMBA S.A.,14000.0,
2026-09-04,Cochabamba,DIESEL OIL NACIONAL EESS,Diesel Oil Nacional,DIESEL_NACIONAL,SURTIDOR DE GASOLINA Y DIESEL COLOMI,12000.0,
2026-09-04,Cochabamba,DIESEL OIL NACIONAL EESS,Diesel Oil Nacional,DIESEL_NACIONAL,IMBRANJO S.R.L.,20000.0,
2026-09-04,Cochabamba,DIESEL OIL NACIONAL EESS,Diesel Oil Nacional,DIESEL_NACIONAL,ESTACION DE SERVICIO TICTI S.R.L.,16000.0,
2026-09-04,Cochabamba,DIESEL OIL NACIONAL EESS,Diesel Oil Nacional,DIESEL_NACIONAL,ESTACION DE SERVICIO LOS LIBERTADORES S.R.L.,10000.0,
2026-09-04,Cochabamba,DIESEL OIL NACIONAL EESS,Diesel Oil Nacional,DIESEL_NACIONAL,ESTACION DE SERVICIO LOS ALAMOS S.R.L.,32000.0,
2026-09-04,Cochabamba,DIESEL OIL NACIONAL EESS,Diesel Oil Nacional,DIESEL_NACIONAL,ESTACION DE SERVICIO COODPE S.R.L.,15000.0,
2026-09-04,Cochabamba,DIESEL OIL NACIONAL EESS,Diesel Oil Nacional,DIESEL_NACIONAL,ESTACION DE SERVICIO BEIJING S.R.L.,14000.0,
2026-09-04,Cochabamba,DIESEL OIL NACIONAL EESS,Diesel Oil Nacional,DIESEL_NACIONAL,ESTACION DE SERVICIO ANITA,20000.0,
2026-09-04,Cochabamba,DIESEL OIL NACIONAL EESS,Diesel Oil Nacional,DIESEL_NACIONAL,"ESTACION DE SERVICIO ""POJO""",12000.0,
2026-09-04,Cochabamba,DIESEL OIL NACIONAL EESS,Diesel Oil Nacional,DIESEL_NACIONAL,"EST. DE SERV. ""VILLA OBRAJES""",20000.0,
2026-09-04,Cochabamba,DIESEL OIL NACIONAL EESS,Diesel Oil Nacional,DIESEL_NACIONAL,"EST. DE SERV. ""URKUPINA"" - ALBERTO OPORTO",16000.0,
2026-09-04,Cochabamba,DIESEL OIL NACIONAL EESS,Diesel Oil Nacional,DIESEL_NACIONAL,"EST. DE SERV. ""URKUPINA I""- ALBERTO OPORTO L.",6000.0,
2026-09-04,Cochabamba,DIESEL OIL NACIONAL EESS,Diesel Oil Nacional,DIESEL_NACIONAL,"EST. DE SERV. ""TRANS SACABA S.A.""",14000.0,
2026-09-04,Cochabamba,DIESEL OIL NACIONAL EESS,Diesel Oil Nacional,DIESEL_NACIONAL,"EST. DE SERV. ""TRANS SACABA S.A. II""",18000.0,
2026-09-04,Cochabamba,DIESEL OIL NACIONAL EESS,Diesel Oil Nacional,DIESEL_NACIONAL,"EST. DE SERV. ""TIQUIPAYA"" - VENICIA ALANEZ JIMENES",6000.0,
2026-09-04,Cochabamba,DIESEL OIL NACIONAL EESS,Diesel Oil Nacional,DIESEL_NACIONAL,"EST. DE SERV. ""SUTICOLLO""",22000.0,
2026-09-04,Cochabamba,DIESEL OIL NACIONAL EESS,Diesel Oil Nacional,DIESEL_NACIONAL,"EST. DE SERV. ""SURTIDOR CAMPERO""",12000.0,
2026-09-04,Cochabamba,DIESEL OIL NACIONAL EESS,Diesel Oil Nacional,DIESEL_NACIONAL,"EST. DE SERV. ""SIPE SIPE S.R.L.""",32000.0,
2026-09-04,Cochabamba,DIESEL OIL NACIONAL EESS,Diesel Oil Nacional,DIESEL_NACIONAL,"EST. DE SERV. ""SENOR SANTIAGO"" - E. DELGADILLO",8000.0,
2026-09-04,Cochabamba,DIESEL OIL NACIONAL EESS,Diesel Oil Nacional,DIESEL_NACIONAL,"EST. DE SERV. ""SANTA MONICA"" S.R.L.",8000.0,
2026-09-04,Cochabamba,DIESEL OIL NACIONAL EESS,Diesel Oil Nacional,DIESEL_NACIONAL,"EST. DE SERV. ""SAN JUAN BAUTISTA S.R.L.""",12000.0,
2026-09-04,Cochabamba,DIESEL OIL NACIONAL EESS,Diesel Oil Nacional,DIESEL_NACIONAL,"EST. DE SERV. ""SAN JORGE CBBA S.R.L.""",30000.0,
2026-09-04,Cochabamba,DIESEL OIL NACIONAL EESS,Diesel Oil Nacional,DIESEL_NACIONAL,"EST. DE SERV. ""RIOJA""",10000.0,
2026-09-04,Cochabamba,DIESEL OIL NACIONAL EESS,Diesel Oil Nacional,DIESEL_NACIONAL,"EST. DE SERV. ""REFINERIA""- SIMON RODRIGO FERRUFINO",6000.0,
2026-09-04,Cochabamba,DIESEL OIL NACIONAL EESS,Diesel Oil Nacional,DIESEL_NACIONAL,"EST. DE SERV. ""PETROGAS S.R.L.""",14000.0,
2026-09-04,Cochabamba,DIESEL OIL NACIONAL EESS,Diesel Oil Nacional,DIESEL_NACIONAL,"EST. DE SERV. ""PAROTANI""",28000.0,
2026-09-04,Cochabamba,DIESEL OIL NACIONAL EESS,Diesel Oil Nacional,DIESEL_NACIONAL,"EST. DE SERV. ""PARAJE 24.7 SRL""",22000.0,
2026-09-04,Cochabamba,DIESEL OIL NACIONAL EESS,Diesel Oil Nacional,DIESEL_NACIONAL,"EST. DE SERV. ""PARAJE 24.7 SRL SUC. 1""",10000.0,
2026-09-04,Cochabamba,DIESEL OIL NACIONAL EESS,Diesel Oil Nacional,DIESEL_NACIONAL,"EST. DE SERV. ""NISSAN"" - SIMON FERRUFINO",8000.0,
2026-09-04,Cochabamba,DIESEL OIL NACIONAL EESS,Diesel Oil Nacional,DIESEL_NACIONAL,"EST. DE SERV. ""MONTERREY S.R.L.""",24000.0,
2026-09-04,Cochabamba,DIESEL OIL NACIONAL EESS,Diesel Oil Nacional,DIESEL_NACIONAL,"EST. DE SERV. ""MIZQUE"" - DIOGENES MONTENEGRO P.",10000.0,
2026-09-04,Cochabamba,DIESEL OIL NACIONAL EESS,Diesel Oil Nacional,DIESEL_NACIONAL,"EST. DE SERV. ""MAX MAMANGUENO"" - E. MELGAREJO",8000.0,
2026-09-04,Cochabamba,DIESEL OIL NACIONAL EESS,Diesel Oil Nacional,DIESEL_NACIONAL,"EST. DE SERV. ""LOS ALPES""-BERTHA CAMACHO RICALDEZ",8000.0,
2026-09-04,Cochabamba,DIESEL OIL NACIONAL EESS,Diesel Oil Nacional,DIESEL_NACIONAL,"EST. DE SERV. ""LORETO"" SUC. 1",14000.0,
2026-09-04,Cochabamba,DIESEL OIL NACIONAL EESS,Diesel Oil Nacional,DIESEL_NACIONAL,"EST. DE SERV. ""LA MERCED S.R.L.""",10000.0,
2026-09-04,Cochabamba,DIESEL OIL NACIONAL EESS,Diesel Oil Nacional,DIESEL_NACIONAL,"EST. DE SERV. ""ITAPAYA"" - ALBERTO AMURRIO F.",12000.0,
2026-09-04,Cochabamba,DIESEL OIL NACIONAL EESS,Diesel Oil Nacional,DIESEL_NACIONAL,"EST. DE SERV. ""ISABEL CHAVEZ""",12000.0,
2026-09-04,Cochabamba,DIESEL OIL NACIONAL EESS,Diesel Oil Nacional,DIESEL_NACIONAL,"EST. DE SERV. ""IQUIRCOLLO S.R.L.""",30000.0,
2026-09-04,Cochabamba,DIESEL OIL NACIONAL EESS,Diesel Oil Nacional,DIESEL_NACIONAL,"EST. DE SERV. ""GASNOR S.R.L.""",6000.0,
2026-09-04,Cochabamba,DIESEL OIL NACIONAL EESS,Diesel Oil Nacional,DIESEL_NACIONAL,"EST. DE SERV. ""FORTALEZA ENERGY S.R.L.""",6000.0,
2026-09-04,Cochabamba,DIESEL OIL NACIONAL EESS,Diesel Oil Nacional,DIESEL_NACIONAL,"EST. DE SERV. ""EQGAS"" S.R.L.",8000.0,
2026-09-04,Cochabamba,DIESEL OIL NACIONAL EESS,Diesel Oil Nacional,DIESEL_NACIONAL,"EST. DE SERV. ""EPIZANA""",12000.0,
2026-09-04,Cochabamba,DIESEL OIL NACIONAL EESS,Diesel Oil Nacional,DIESEL_NACIONAL,"EST. DE SERV. ""EL VIAJERO SRL""",24000.0,
2026-09-04,Cochabamba,DIESEL OIL NACIONAL EESS,Diesel Oil Nacional,DIESEL_NACIONAL,"EST. DE SERV. ""EL MANANTIAL SRL""",6000.0,
2026-09-04,Cochabamba,DIESEL OIL NACIONAL EESS,Diesel Oil Nacional,DIESEL_NACIONAL,"EST. DE SERV. ""EL CRISTO"" - CRISTIAN SABAG",8000.0,
2026-09-04,Cochabamba,DIESEL OIL NACIONAL EESS,Diesel Oil Nacional,DIESEL_NACIONAL,"EST. DE SERV. ""DISEL S.R.L.""",28000.0,
2026-09-04,Cochabamba,DIESEL OIL NACIONAL EESS,Diesel Oil Nacional,DIESEL_NACIONAL,"EST. DE SERV. ""DISEL S.R.L. I""",32000.0,
2026-09-04,Cochabamba,DIESEL OIL NACIONAL EESS,Diesel Oil Nacional,DIESEL_NACIONAL,"EST. DE SERV. ""DAYANA""",12000.0,
2026-09-04,Cochabamba,DIESEL OIL NACIONAL EESS,Diesel Oil Nacional,DIESEL_NACIONAL,"EST. DE SERV. ""COMERCIALIZADORA QK S.R.L.""",10000.0,
2026-09-04,Cochabamba,DIESEL OIL NACIONAL EESS,Diesel Oil Nacional,DIESEL_NACIONAL,"EST. DE SERV. ""COCHABAMBA""",32000.0,
2026-09-04,Cochabamba,DIESEL OIL NACIONAL EESS,Diesel Oil Nacional,DIESEL_NACIONAL,"EST. DE SERV. ""COCHABAMBA S.R.L. SUC. 1""",14000.0,
2026-09-04,Cochabamba,DIESEL OIL NACIONAL EESS,Diesel Oil Nacional,DIESEL_NACIONAL,"EST. DE SERV. ""CITY TRUCK FH S.R.L.""",17000.0,
2026-09-04,Cochabamba,DIESEL OIL NACIONAL EESS,Diesel Oil Nacional,DIESEL_NACIONAL,"EST. DE SERV. ""CIRCUITO BOLIVIA S.A.""",10000.0,
2026-09-04,Cochabamba,DIESEL OIL NACIONAL EESS,Diesel Oil Nacional,DIESEL_NACIONAL,"EST. DE SERV. ""CHULLPANI"" - TORRICO AGUILAR JOSE M",14000.0,
2026-09-04,Cochabamba,DIESEL OIL NACIONAL EESS,Diesel Oil Nacional,DIESEL_NACIONAL,"EST. DE SERV. ""CHINATA S.R.L.""",20000.0,
2026-09-04,Cochabamba,DIESEL OIL NACIONAL EESS,Diesel Oil Nacional,DIESEL_NACIONAL,"EST. DE SERV. ""CHIMBOCO""",22000.0,
2026-09-04,Cochabamba,DIESEL OIL NACIONAL EESS,Diesel Oil Nacional,DIESEL_NACIONAL,"EST. DE SERV. ""C.G.C. SRL""",28000.0,
2026-09-04,Cochabamba,DIESEL OIL NACIONAL EESS,Diesel Oil Nacional,DIESEL_NACIONAL,"EST. DE SERV. ""ARANI"" - ZULMA ROJAS",12000.0,
2026-09-04,Cochabamba,DIESEL OIL NACIONAL EESS,Diesel Oil Nacional,DIESEL_NACIONAL,"EST. DE SERV. ""AEROPUERTO S.R.L.""",12000.0,
2026-09-04,Cochabamba,DIESEL OIL NACIONAL EESS,Diesel Oil Nacional,DIESEL_NACIONAL,"EST. DE SERV. ""ADRIAN""",12000.0,
2026-09-04,Cochabamba,DIESEL OIL NACIONAL EESS,Diesel Oil Nacional,DIESEL_NACIONAL,"EST. DE SERV. ""24 DE SEPTIEMBRE S.R.L.""",12000.0,
2026-09-04,Cochabamba,DIESEL OIL NACIONAL EESS,Diesel Oil Nacional,DIESEL_NACIONAL,COMERCIALIZADORA DE SERVICIOS LUBRISHOP S.R.L.,8000.0,
2026-09-04,Cochabamba,DIESEL OIL NACIONAL EESS,Diesel Oil Nacional,DIESEL_NACIONAL,CENTRO DE SERVICIOS VALLEPUNATA S.R.L.,8000.0,
2026-09-03,Cochabamba,GLP DISTRIB. 45 KILOS NAL,GLP,GLP,DIST. GLP SOCIEDAD PETROLERA SANTA ELENA S.R.L.,3600.0,
2026-09-03,Cochabamba,GLP DISTRIB. 45 KILOS NAL,GLP,GLP,DIST. GLP NUESTRO GAS-JONSON RICHARD LIMA FLORERO,1800.0,
2026-09-03,Cochabamba,GLP DISTRIB. 45 KILOS NAL,GLP,GLP,CBA GAS S.A.,2250.0,
2026-09-03,Cochabamba,GLP DISTRIB. 10 KILOS NAL,GLP,GLP,ROSI GAS - ROXANA ESPINOZA PRADO,6000.0,
2026-09-03,Cochabamba,GLP DISTRIB. 10 KILOS NAL,GLP,GLP,PRONTO GAS - VIVIANA LESLY TORRICO TERRAZAS,6000.0,
2026-09-03,Cochabamba,GLP DISTRIB. 10 KILOS NAL,GLP,GLP,FERRO GAS - BERTHA CAMACHO RICALDEZ DE FERRUFINO,12000.0,
2026-09-03,Cochabamba,GLP DISTRIB. 10 KILOS NAL,GLP,GLP,FAS GAS,6000.0,
2026-09-03,Cochabamba,GLP DISTRIB. 10 KILOS NAL,GLP,GLP,"DISTRIBUIDORA DE GAS ""FAGUGAS S.R.L.""",6000.0,
2026-09-03,Cochabamba,GLP DISTRIB. 10 KILOS NAL,GLP,GLP,"DIST.GLP""VILOMA GAS"" E.ARANDIA",12000.0,
2026-09-03,Cochabamba,GLP DISTRIB. 10 KILOS NAL,GLP,GLP,"DIST.GLP""NOE GAS""M.HINOJOSA R.",12000.0,
2026-09-03,Cochabamba,GLP DISTRIB. 10 KILOS NAL,GLP,GLP,"DIST. PROV.GLP ""SIPE SIPE GAS""",12000.0,
2026-09-03,Cochabamba,GLP DISTRIB. 10 KILOS NAL,GLP,GLP,"DIST. PROV.GLP ""ESPERANZA GAS""",6000.0,
2026-09-03,Cochabamba,GLP DISTRIB. 10 KILOS NAL,GLP,GLP,"DIST. PROV. GLP ""VADIGAS""",6000.0,
2026-09-03,Cochabamba,GLP DISTRIB. 10 KILOS NAL,GLP,GLP,"DIST. PROV. GLP ""SANTIAGO GAS""",6000.0,
2026-09-03,Cochabamba,GLP DISTRIB. 10 KILOS NAL,GLP,GLP,"DIST. PROV. GLP ""PREMIUN GAS"" - EDUARDO ZENTENO E.",6000.0,
2026-09-03,Cochabamba,GLP DISTRIB. 10 KILOS NAL,GLP,GLP,"DIST. PROV. GLP ""COTA GAS"" - NELSON OLMOS",6000.0,
2026-09-03,Cochabamba,GLP DISTRIB. 10 KILOS NAL,GLP,GLP,"DIST. PROV. GLP ""COLOMI GAS""",6000.0,
2026-09-03,Cochabamba,GLP DISTRIB. 10 KILOS NAL,GLP,GLP,"DIST. PROV. GLP ""ARANDIA GAS S.R.L.""",6000.0,
2026-09-03,Cochabamba,GLP DISTRIB. 10 KILOS NAL,GLP,GLP,"DIST. GLP""SARCO GAS""M.FELIPEZ",18000.0,
2026-09-03,Cochabamba,GLP DISTRIB. 10 KILOS NAL,GLP,GLP,DIST. GLP SOCIEDAD PETROLERA SANTA ELENA S.R.L.,24000.0,
2026-09-03,Cochabamba,GLP DISTRIB. 10 KILOS NAL,GLP,GLP,DIST. GLP NUESTRO GAS-JONSON RICHARD LIMA FLORERO,24000.0,
2026-09-03,Cochabamba,GLP DISTRIB. 10 KILOS NAL,GLP,GLP,"DIST. GLP ""EXTRA GAS"" - MARIO CORDOVA PINTO",18000.0,
2026-09-03,Cochabamba,GLP DISTRIB. 10 KILOS NAL,GLP,GLP,"DIST. GLP ""EDMUNDO GAS"" - EDMUNDO QUIROZ TAPIA",6000.0,
2026-09-03,Cochabamba,GLP DISTRIB. 10 KILOS NAL,GLP,GLP,"DIST. GLP ""DISBOGAS"" - JENNY PETRONA SALAMANCA VILLAFUERTE",6000.0,
2026-09-03,Cochabamba,GLP DISTRIB. 10 KILOS NAL,GLP,GLP,"DIST. GLP ""CAPI GAS"" - GONZALO SOLIZ GUTIERREZ",6000.0,
2026-09-03,Cochabamba,GLP DISTRIB. 10 KILOS NAL,GLP,GLP,"DIST. GLP ""BIO GAS"" - ANA MARIA ROMERO DE TORRICO",18000.0,
2026-09-03,Cochabamba,GLP DISTRIB. 10 KILOS NAL,GLP,GLP,"DIST. GLP ""ADRIAZOL GAS""",6000.0,
2026-09-03,Cochabamba,GLP DISTRIB. 10 KILOS NAL,GLP,GLP,"COOPERATIVA DE SERVICIOS DE DISTRIBUCION DE GAS LICUADO ""CANDELARIA"" R.L.",6000.0,
2026-09-03,Cochabamba,GLP DISTRIB. 10 KILOS NAL,GLP,GLP,CBA GAS S.A.,18000.0,
2026-09-03,Cochabamba,GLP DISTRIB. 10 KILOS NAL,GLP,GLP,A TODO GAS S.R.L.,18000.0,
2026-09-03,Cochabamba,GLP DISTRIB. 10 KILOS NAL,GLP,GLP,AG.CANTONAL MACHAJMARCA - N. QUIROZ,3500.0,
2026-09-03,Cochabamba,GLP DISTRIB. 10 KILOS NAL,GLP,GLP,"AG. CANTONAL ""ANDY GAS"" - QUIROGA CLAURE IRMA",3500.0,
2026-09-03,Cochabamba,GASOLINA ESPECIAL + GRACO,Gasolina Especial +,GASOLINA_ESPECIAL_MAS,COOPERATIVA MULTIACTIVA COBOCE R.L.,7000.0,
2026-09-03,Cochabamba,GASOLINA ESPECIAL + EESS,Gasolina Especial +,GASOLINA_ESPECIAL_MAS,TERMINAL DE BUSES COCHABAMBA S.A.,10000.0,
2026-09-03,Cochabamba,GASOLINA ESPECIAL + EESS,Gasolina Especial +,GASOLINA_ESPECIAL_MAS,PETROCEL S.R.L.,12000.0,
2026-09-03,Cochabamba,GASOLINA ESPECIAL + EESS,Gasolina Especial +,GASOLINA_ESPECIAL_MAS,KHORA ESTACION DE SERVICIO - MEDRANO ARNEZ JAIME,6000.0,
2026-09-03,Cochabamba,GASOLINA ESPECIAL + EESS,Gasolina Especial +,GASOLINA_ESPECIAL_MAS,IMBRANJO S.R.L.,14000.0,
2026-09-03,Cochabamba,GASOLINA ESPECIAL + EESS,Gasolina Especial +,GASOLINA_ESPECIAL_MAS,FEDEX CHACO,3000.0,
2026-09-03,Cochabamba,GASOLINA ESPECIAL + EESS,Gasolina Especial +,GASOLINA_ESPECIAL_MAS,ESTAGAS S.R.L.,10000.0,
2026-09-03,Cochabamba,GASOLINA ESPECIAL + EESS,Gasolina Especial +,GASOLINA_ESPECIAL_MAS,ESTACIÓN DE SERVICIO VALLESANTIVAÑEZ S.R.L.,12000.0,
2026-09-03,Cochabamba,GASOLINA ESPECIAL + EESS,Gasolina Especial +,GASOLINA_ESPECIAL_MAS,ESTACIÓN DE SERVICIO FRANQUITO,12000.0,
2026-09-03,Cochabamba,GASOLINA ESPECIAL + EESS,Gasolina Especial +,GASOLINA_ESPECIAL_MAS,ESTACION DE SERVICIO TICTI S.R.L.,12000.0,
2026-09-03,Cochabamba,GASOLINA ESPECIAL + EESS,Gasolina Especial +,GASOLINA_ESPECIAL_MAS,ESTACION DE SERVICIO PAPU S.R.L.,12000.0,
2026-09-03,Cochabamba,GASOLINA ESPECIAL + EESS,Gasolina Especial +,GASOLINA_ESPECIAL_MAS,ESTACION DE SERVICIO OMEREQUE,12000.0,
2026-09-03,Cochabamba,GASOLINA ESPECIAL + EESS,Gasolina Especial +,GASOLINA_ESPECIAL_MAS,ESTACION DE SERVICIO LOS LIBERTADORES S.R.L.,10000.0,
2026-09-03,Cochabamba,GASOLINA ESPECIAL + EESS,Gasolina Especial +,GASOLINA_ESPECIAL_MAS,ESTACION DE SERVICIO LOS ALAMOS S.R.L.,14000.0,
2026-09-03,Cochabamba,GASOLINA ESPECIAL + EESS,Gasolina Especial +,GASOLINA_ESPECIAL_MAS,ESTACION DE SERVICIO HIPODROMO S.R.L.,6000.0,
2026-09-03,Cochabamba,GASOLINA ESPECIAL + EESS,Gasolina Especial +,GASOLINA_ESPECIAL_MAS,ESTACION DE SERVICIO CAPITAN VICTOR USTARIZ S.R.L.,12000.0,
2026-09-03,Cochabamba,GASOLINA ESPECIAL + EESS,Gasolina Especial +,GASOLINA_ESPECIAL_MAS,ESTACION DE SERVICIO BEIJING S.R.L.,14000.0,
2026-09-03,Cochabamba,GASOLINA ESPECIAL + EESS,Gasolina Especial +,GASOLINA_ESPECIAL_MAS,ESTACION DE SERVICIO ANITA,16000.0,
2026-09-03,Cochabamba,GASOLINA ESPECIAL + EESS,Gasolina Especial +,GASOLINA_ESPECIAL_MAS,"ESTACION DE SERVICIO ""LOS LAURELES"" - DIEGO M. DELGADILLO ANTEZANA",10000.0,
2026-09-03,Cochabamba,GASOLINA ESPECIAL + EESS,Gasolina Especial +,GASOLINA_ESPECIAL_MAS,"EST. DE SERV. ""VILLA OBRAJES""",10000.0,
2026-09-03,Cochabamba,GASOLINA ESPECIAL + EESS,Gasolina Especial +,GASOLINA_ESPECIAL_MAS,"EST. DE SERV. ""URKUPINA"" - ALBERTO OPORTO",10000.0,
2026-09-03,Cochabamba,GASOLINA ESPECIAL + EESS,Gasolina Especial +,GASOLINA_ESPECIAL_MAS,"EST. DE SERV. ""URKUPINA I""- ALBERTO OPORTO L.",12000.0,
2026-09-03,Cochabamba,GASOLINA ESPECIAL + EESS,Gasolina Especial +,GASOLINA_ESPECIAL_MAS,"EST. DE SERV. ""TRANS SACABA S.A. II""",10000.0,
2026-09-03,Cochabamba,GASOLINA ESPECIAL + EESS,Gasolina Especial +,GASOLINA_ESPECIAL_MAS,"EST. DE SERV. ""TIRAQUE""",12000.0,
2026-09-03,Cochabamba,GASOLINA ESPECIAL + EESS,Gasolina Especial +,GASOLINA_ESPECIAL_MAS,"EST. DE SERV. ""TIQUIPAYA"" - VENICIA ALANEZ JIMENES",6000.0,
2026-09-03,Cochabamba,GASOLINA ESPECIAL + EESS,Gasolina Especial +,GASOLINA_ESPECIAL_MAS,"EST. DE SERV. ""SURTIDOR CAMPERO""",10000.0,
2026-09-03,Cochabamba,GASOLINA ESPECIAL + EESS,Gasolina Especial +,GASOLINA_ESPECIAL_MAS,"EST. DE SERV. ""SIPE SIPE S.R.L.""",14000.0,
2026-09-03,Cochabamba,GASOLINA ESPECIAL + EESS,Gasolina Especial +,GASOLINA_ESPECIAL_MAS,"EST. DE SERV. ""SENOR SANTIAGO"" - E. DELGADILLO",10000.0,
2026-09-03,Cochabamba,GASOLINA ESPECIAL + EESS,Gasolina Especial +,GASOLINA_ESPECIAL_MAS,"EST. DE SERV. ""SENOR SANTIAGO SUC. 1"" - E. DELGADILLO",10000.0,
2026-09-03,Cochabamba,GASOLINA ESPECIAL + EESS,Gasolina Especial +,GASOLINA_ESPECIAL_MAS,"EST. DE SERV. ""SANTA MONICA"" S.R.L.",10000.0,
2026-09-03,Cochabamba,GASOLINA ESPECIAL + EESS,Gasolina Especial +,GASOLINA_ESPECIAL_MAS,"EST. DE SERV. ""SAN JUAN BAUTISTA S.R.L.""",12000.0,
2026-09-03,Cochabamba,GASOLINA ESPECIAL + EESS,Gasolina Especial +,GASOLINA_ESPECIAL_MAS,"EST. DE SERV. ""SAN JORGE CBBA S.R.L.""",14000.0,
2026-09-03,Cochabamba,GASOLINA ESPECIAL + EESS,Gasolina Especial +,GASOLINA_ESPECIAL_MAS,"EST. DE SERV. ""RIOJA""",8000.0,
2026-09-03,Cochabamba,GASOLINA ESPECIAL + EESS,Gasolina Especial +,GASOLINA_ESPECIAL_MAS,"EST. DE SERV. ""REFINERIA""- SIMON RODRIGO FERRUFINO",6000.0,
2026-09-03,Cochabamba,GASOLINA ESPECIAL + EESS,Gasolina Especial +,GASOLINA_ESPECIAL_MAS,"EST. DE SERV. ""PORTALEZ S.R.L.""",18000.0,
2026-09-03,Cochabamba,GASOLINA ESPECIAL + EESS,Gasolina Especial +,GASOLINA_ESPECIAL_MAS,"EST. DE SERV. ""PETROGAS S.R.L.""",6000.0,
2026-09-03,Cochabamba,GASOLINA ESPECIAL + EESS,Gasolina Especial +,GASOLINA_ESPECIAL_MAS,"EST. DE SERV. ""PAREDES VALLEJOS"" - JHONNY MILTON PAREDES VALLEJOS",10000.0,
2026-09-03,Cochabamba,GASOLINA ESPECIAL + EESS,Gasolina Especial +,GASOLINA_ESPECIAL_MAS,"EST. DE SERV. ""PARAJE 24.7 SRL""",12000.0,
2026-09-03,Cochabamba,GASOLINA ESPECIAL + EESS,Gasolina Especial +,GASOLINA_ESPECIAL_MAS,"EST. DE SERV. ""PARAJE 24.7 SRL SUC. 1""",10000.0,
2026-09-03,Cochabamba,GASOLINA ESPECIAL + EESS,Gasolina Especial +,GASOLINA_ESPECIAL_MAS,"EST. DE SERV. ""PANAMERICANA"" SUCURSAL COCHABAMBA",10000.0,
2026-09-03,Cochabamba,GASOLINA ESPECIAL + EESS,Gasolina Especial +,GASOLINA_ESPECIAL_MAS,"EST. DE SERV. ""NISSAN"" - SIMON FERRUFINO",8000.0,
2026-09-03,Cochabamba,GASOLINA ESPECIAL + EESS,Gasolina Especial +,GASOLINA_ESPECIAL_MAS,"EST. DE SERV. ""MONTERREY S.R.L.""",10000.0,
2026-09-03,Cochabamba,GASOLINA ESPECIAL + EESS,Gasolina Especial +,GASOLINA_ESPECIAL_MAS,"EST. DE SERV. ""MIZQUE"" - DIOGENES MONTENEGRO P.",6000.0,
2026-09-03,Cochabamba,GASOLINA ESPECIAL + EESS,Gasolina Especial +,GASOLINA_ESPECIAL_MAS,"EST. DE SERV. ""MAX MAMANGUENO"" - E. MELGAREJO",6000.0,
2026-09-03,Cochabamba,GASOLINA ESPECIAL + EESS,Gasolina Especial +,GASOLINA_ESPECIAL_MAS,"EST. DE SERV. ""LOS ALPES""-BERTHA CAMACHO RICALDEZ",12000.0,
2026-09-03,Cochabamba,GASOLINA ESPECIAL + EESS,Gasolina Especial +,GASOLINA_ESPECIAL_MAS,"EST. DE SERV. ""LORETO"" SUC. 1",10000.0,
2026-09-03,Cochabamba,GASOLINA ESPECIAL + EESS,Gasolina Especial +,GASOLINA_ESPECIAL_MAS,"EST. DE SERV. ""LA PATRIA S.R.L.""",6000.0,
2026-09-03,Cochabamba,GASOLINA ESPECIAL + EESS,Gasolina Especial +,GASOLINA_ESPECIAL_MAS,"EST. DE SERV. ""ITAPAYA"" - ALBERTO AMURRIO F.",8000.0,
2026-09-03,Cochabamba,GASOLINA ESPECIAL + EESS,Gasolina Especial +,GASOLINA_ESPECIAL_MAS,"EST. DE SERV. ""ISABEL CHAVEZ""",12000.0,
2026-09-03,Cochabamba,GASOLINA ESPECIAL + EESS,Gasolina Especial +,GASOLINA_ESPECIAL_MAS,"EST. DE SERV. ""IQUIRCOLLO S.R.L.""",16000.0,
2026-09-03,Cochabamba,GASOLINA ESPECIAL + EESS,Gasolina Especial +,GASOLINA_ESPECIAL_MAS,"EST. DE SERV. ""IQUIRCOLLO S.R.L. SUC. 1""",14000.0,
2026-09-03,Cochabamba,GASOLINA ESPECIAL + EESS,Gasolina Especial +,GASOLINA_ESPECIAL_MAS,"EST. DE SERV. ""GUADELOUPE GROUP S.R.L.""",10000.0,
2026-09-03,Cochabamba,GASOLINA ESPECIAL + EESS,Gasolina Especial +,GASOLINA_ESPECIAL_MAS,"EST. DE SERV. ""GASNOR S.R.L.""",8000.0,
2026-09-03,Cochabamba,GASOLINA ESPECIAL + EESS,Gasolina Especial +,GASOLINA_ESPECIAL_MAS,"EST. DE SERV. ""FORTALEZA ENERGY S.R.L.""",6000.0,
2026-09-03,Cochabamba,GASOLINA ESPECIAL + EESS,Gasolina Especial +,GASOLINA_ESPECIAL_MAS,"EST. DE SERV. ""EQGAS"" S.R.L.",8000.0,
2026-09-03,Cochabamba,GASOLINA ESPECIAL + EESS,Gasolina Especial +,GASOLINA_ESPECIAL_MAS,"EST. DE SERV. ""EPIZANA""",12000.0,
2026-09-03,Cochabamba,GASOLINA ESPECIAL + EESS,Gasolina Especial +,GASOLINA_ESPECIAL_MAS,"EST. DE SERV. ""EL MANANTIAL SUC. 2""",12000.0,
2026-09-03,Cochabamba,GASOLINA ESPECIAL + EESS,Gasolina Especial +,GASOLINA_ESPECIAL_MAS,"EST. DE SERV. ""EL MANANTIAL SUC. 1""",10000.0,
2026-09-03,Cochabamba,GASOLINA ESPECIAL + EESS,Gasolina Especial +,GASOLINA_ESPECIAL_MAS,"EST. DE SERV. ""EL MANANTIAL SRL""",10000.0,
2026-09-03,Cochabamba,GASOLINA ESPECIAL + EESS,Gasolina Especial +,GASOLINA_ESPECIAL_MAS,"EST. DE SERV. ""EL CRISTO"" - CRISTIAN SABAG",28000.0,
2026-09-03,Cochabamba,GASOLINA ESPECIAL + EESS,Gasolina Especial +,GASOLINA_ESPECIAL_MAS,"EST. DE SERV. ""DORBIGNI""",12000.0,
2026-09-03,Cochabamba,GASOLINA ESPECIAL + EESS,Gasolina Especial +,GASOLINA_ESPECIAL_MAS,"EST. DE SERV. ""DISEL S.R.L.""",8000.0,
2026-09-03,Cochabamba,GASOLINA ESPECIAL + EESS,Gasolina Especial +,GASOLINA_ESPECIAL_MAS,"EST. DE SERV. ""DISEL S.R.L. I""",8000.0,
2026-09-03,Cochabamba,GASOLINA ESPECIAL + EESS,Gasolina Especial +,GASOLINA_ESPECIAL_MAS,"EST. DE SERV. ""DELAASUNCION-AMERICA S.R.L.""",12000.0,
2026-09-03,Cochabamba,GASOLINA ESPECIAL + EESS,Gasolina Especial +,GASOLINA_ESPECIAL_MAS,"EST. DE SERV. ""DAYANA""",12000.0,
2026-09-03,Cochabamba,GASOLINA ESPECIAL + EESS,Gasolina Especial +,GASOLINA_ESPECIAL_MAS,"EST. DE SERV. ""COMERCIALIZADORA QK S.R.L.""",10000.0,
2026-09-03,Cochabamba,GASOLINA ESPECIAL + EESS,Gasolina Especial +,GASOLINA_ESPECIAL_MAS,"EST. DE SERV. ""COCHABAMBA""",14000.0,
2026-09-03,Cochabamba,GASOLINA ESPECIAL + EESS,Gasolina Especial +,GASOLINA_ESPECIAL_MAS,"EST. DE SERV. ""COCHABAMBA S.R.L. SUC. 2""",12000.0,
2026-09-03,Cochabamba,GASOLINA ESPECIAL + EESS,Gasolina Especial +,GASOLINA_ESPECIAL_MAS,"EST. DE SERV. ""COCHABAMBA S.R.L. SUC. 1""",12000.0,
2026-09-03,Cochabamba,GASOLINA ESPECIAL + EESS,Gasolina Especial +,GASOLINA_ESPECIAL_MAS,"EST. DE SERV. ""CITY TRUCK FH S.R.L.""",10000.0,
2026-09-03,Cochabamba,GASOLINA ESPECIAL + EESS,Gasolina Especial +,GASOLINA_ESPECIAL_MAS,"EST. DE SERV. ""CIRCUITO BOLIVIA S.A.""",14000.0,
2026-09-03,Cochabamba,GASOLINA ESPECIAL + EESS,Gasolina Especial +,GASOLINA_ESPECIAL_MAS,"EST. DE SERV. ""CHULLPANI"" - TORRICO AGUILAR JOSE M",18000.0,
2026-09-03,Cochabamba,GASOLINA ESPECIAL + EESS,Gasolina Especial +,GASOLINA_ESPECIAL_MAS,"EST. DE SERV. ""CHINATA S.R.L.""",10000.0,
2026-09-03,Cochabamba,GASOLINA ESPECIAL + EESS,Gasolina Especial +,GASOLINA_ESPECIAL_MAS,"EST. DE SERV. ""CHIMBOCO""",14000.0,
2026-09-03,Cochabamba,GASOLINA ESPECIAL + EESS,Gasolina Especial +,GASOLINA_ESPECIAL_MAS,"EST. DE SERV. ""C.G.C. SRL""",10000.0,
2026-09-03,Cochabamba,GASOLINA ESPECIAL + EESS,Gasolina Especial +,GASOLINA_ESPECIAL_MAS,"EST. DE SERV. ""AYACUCHO""",12000.0,
2026-09-03,Cochabamba,GASOLINA ESPECIAL + EESS,Gasolina Especial +,GASOLINA_ESPECIAL_MAS,"EST. DE SERV. ""ARISPE""",12000.0,
2026-09-03,Cochabamba,GASOLINA ESPECIAL + EESS,Gasolina Especial +,GASOLINA_ESPECIAL_MAS,"EST. DE SERV. ""ARANJUEZ""",16000.0,
2026-09-03,Cochabamba,GASOLINA ESPECIAL + EESS,Gasolina Especial +,GASOLINA_ESPECIAL_MAS,"EST. DE SERV. ""AEROPUERTO S.R.L.""",10000.0,
2026-09-03,Cochabamba,GASOLINA ESPECIAL + EESS,Gasolina Especial +,GASOLINA_ESPECIAL_MAS,"EST. DE SERV. ""A.C.B. CARBURANTES SRL""",16000.0,
2026-09-03,Cochabamba,GASOLINA ESPECIAL + EESS,Gasolina Especial +,GASOLINA_ESPECIAL_MAS,"EST. DE SERV. ""20 DE DICIEMBRE""",12000.0,
2026-09-03,Cochabamba,GASOLINA ESPECIAL + EESS,Gasolina Especial +,GASOLINA_ESPECIAL_MAS,"EST. DE SERV. "" LAS PALMERAS S.R.L.""",10000.0,
2026-09-03,Cochabamba,GASOLINA ESPECIAL + EESS,Gasolina Especial +,GASOLINA_ESPECIAL_MAS,COMERCIALIZADORA DE SERVICIOS LUBRISHOP S.R.L.,6000.0,
2026-09-03,Cochabamba,DIESEL OIL NACIONAL GRACO,Diesel Oil Nacional,DIESEL_NACIONAL,SERVICIO DEPARTAMENTAL DE CAMINOS,10000.0,
2026-09-03,Cochabamba,DIESEL OIL NACIONAL GRACO,Diesel Oil Nacional,DIESEL_NACIONAL,COOPERATIVA MULTIACTIVA COBOCE R.L.,7000.0,
2026-09-03,Cochabamba,DIESEL OIL NACIONAL EESS,Diesel Oil Nacional,DIESEL_NACIONAL,TERMINAL DE BUSES COCHABAMBA S.A.,14000.0,
2026-09-03,Cochabamba,DIESEL OIL NACIONAL EESS,Diesel Oil Nacional,DIESEL_NACIONAL,IMBRANJO S.R.L.,20000.0,
2026-09-03,Cochabamba,DIESEL OIL NACIONAL EESS,Diesel Oil Nacional,DIESEL_NACIONAL,ESTACIÓN DE SERVICIO VALLESANTIVAÑEZ S.R.L.,12000.0,
2026-09-03,Cochabamba,DIESEL OIL NACIONAL EESS,Diesel Oil Nacional,DIESEL_NACIONAL,ESTACIÓN DE SERVICIO FRANQUITO,12000.0,
2026-09-03,Cochabamba,DIESEL OIL NACIONAL EESS,Diesel Oil Nacional,DIESEL_NACIONAL,ESTACION DE SERVICIO TICTI S.R.L.,15000.0,
2026-09-03,Cochabamba,DIESEL OIL NACIONAL EESS,Diesel Oil Nacional,DIESEL_NACIONAL,ESTACION DE SERVICIO PAPU S.R.L.,12000.0,
2026-09-03,Cochabamba,DIESEL OIL NACIONAL EESS,Diesel Oil Nacional,DIESEL_NACIONAL,ESTACION DE SERVICIO OMEREQUE,11000.0,
2026-09-03,Cochabamba,DIESEL OIL NACIONAL EESS,Diesel Oil Nacional,DIESEL_NACIONAL,ESTACION DE SERVICIO LOS LIBERTADORES S.R.L.,10000.0,
2026-09-03,Cochabamba,DIESEL OIL NACIONAL EESS,Diesel Oil Nacional,DIESEL_NACIONAL,ESTACION DE SERVICIO LOS ALAMOS S.R.L.,30000.0,
2026-09-03,Cochabamba,DIESEL OIL NACIONAL EESS,Diesel Oil Nacional,DIESEL_NACIONAL,ESTACION DE SERVICIO BEIJING S.R.L.,14000.0,
2026-09-03,Cochabamba,DIESEL OIL NACIONAL EESS,Diesel Oil Nacional,DIESEL_NACIONAL,ESTACION DE SERVICIO ANITA,20000.0,
2026-09-03,Cochabamba,DIESEL OIL NACIONAL EESS,Diesel Oil Nacional,DIESEL_NACIONAL,"EST. DE SERV. ""VILLA OBRAJES""",20000.0,
2026-09-03,Cochabamba,DIESEL OIL NACIONAL EESS,Diesel Oil Nacional,DIESEL_NACIONAL,"EST. DE SERV. ""URKUPINA"" - ALBERTO OPORTO",15000.0,
2026-09-03,Cochabamba,DIESEL OIL NACIONAL EESS,Diesel Oil Nacional,DIESEL_NACIONAL,"EST. DE SERV. ""URKUPINA I""- ALBERTO OPORTO L.",6000.0,
2026-09-03,Cochabamba,DIESEL OIL NACIONAL EESS,Diesel Oil Nacional,DIESEL_NACIONAL,"EST. DE SERV. ""TRANS SACABA S.A.""",14000.0,
2026-09-03,Cochabamba,DIESEL OIL NACIONAL EESS,Diesel Oil Nacional,DIESEL_NACIONAL,"EST. DE SERV. ""TRANS SACABA S.A. II""",17000.0,
2026-09-03,Cochabamba,DIESEL OIL NACIONAL EESS,Diesel Oil Nacional,DIESEL_NACIONAL,"EST. DE SERV. ""TIRAQUE""",12000.0,
2026-09-03,Cochabamba,DIESEL OIL NACIONAL EESS,Diesel Oil Nacional,DIESEL_NACIONAL,"EST. DE SERV. ""TIQUIPAYA"" - VENICIA ALANEZ JIMENES",6000.0,
2026-09-03,Cochabamba,DIESEL OIL NACIONAL EESS,Diesel Oil Nacional,DIESEL_NACIONAL,"EST. DE SERV. ""SUTICOLLO""",22000.0,
2026-09-03,Cochabamba,DIESEL OIL NACIONAL EESS,Diesel Oil Nacional,DIESEL_NACIONAL,"EST. DE SERV. ""SURTIDOR CAMPERO""",12000.0,
2026-09-03,Cochabamba,DIESEL OIL NACIONAL EESS,Diesel Oil Nacional,DIESEL_NACIONAL,"EST. DE SERV. ""SIPE SIPE S.R.L.""",32000.0,
2026-09-03,Cochabamba,DIESEL OIL NACIONAL EESS,Diesel Oil Nacional,DIESEL_NACIONAL,"EST. DE SERV. ""SENOR SANTIAGO"" - E. DELGADILLO",6000.0,
2026-09-03,Cochabamba,DIESEL OIL NACIONAL EESS,Diesel Oil Nacional,DIESEL_NACIONAL,"EST. DE SERV. ""SANTA MONICA"" S.R.L.",8000.0,
2026-09-03,Cochabamba,DIESEL OIL NACIONAL EESS,Diesel Oil Nacional,DIESEL_NACIONAL,"EST. DE SERV. ""SAN JUAN BAUTISTA S.R.L.""",11000.0,
2026-09-03,Cochabamba,DIESEL OIL NACIONAL EESS,Diesel Oil Nacional,DIESEL_NACIONAL,"EST. DE SERV. ""SAN JORGE CBBA S.R.L.""",30000.0,
2026-09-03,Cochabamba,DIESEL OIL NACIONAL EESS,Diesel Oil Nacional,DIESEL_NACIONAL,"EST. DE SERV. ""RIOJA""",10000.0,
2026-09-03,Cochabamba,DIESEL OIL NACIONAL EESS,Diesel Oil Nacional,DIESEL_NACIONAL,"EST. DE SERV. ""REFINERIA""- SIMON RODRIGO FERRUFINO",6000.0,
2026-09-03,Cochabamba,DIESEL OIL NACIONAL EESS,Diesel Oil Nacional,DIESEL_NACIONAL,"EST. DE SERV. ""PETROGAS S.R.L.""",14000.0,
2026-09-03,Cochabamba,DIESEL OIL NACIONAL EESS,Diesel Oil Nacional,DIESEL_NACIONAL,"EST. DE SERV. ""PAROTANI""",28000.0,
2026-09-03,Cochabamba,DIESEL OIL NACIONAL EESS,Diesel Oil Nacional,DIESEL_NACIONAL,"EST. DE SERV. ""PAREDES VALLEJOS"" - JHONNY MILTON PAREDES VALLEJOS",11000.0,
2026-09-03,Cochabamba,DIESEL OIL NACIONAL EESS,Diesel Oil Nacional,DIESEL_NACIONAL,"EST. DE SERV. ""PARAJE 24.7 SRL""",22000.0,
2026-09-03,Cochabamba,DIESEL OIL NACIONAL EESS,Diesel Oil Nacional,DIESEL_NACIONAL,"EST. DE SERV. ""PARAJE 24.7 SRL SUC. 1""",10000.0,
2026-09-03,Cochabamba,DIESEL OIL NACIONAL EESS,Diesel Oil Nacional,DIESEL_NACIONAL,"EST. DE SERV. ""NISSAN"" - SIMON FERRUFINO",6000.0,
2026-09-03,Cochabamba,DIESEL OIL NACIONAL EESS,Diesel Oil Nacional,DIESEL_NACIONAL,"EST. DE SERV. ""MONTERREY S.R.L.""",24000.0,
2026-09-03,Cochabamba,DIESEL OIL NACIONAL EESS,Diesel Oil Nacional,DIESEL_NACIONAL,"EST. DE SERV. ""MIZQUE"" - DIOGENES MONTENEGRO P.",6000.0,
2026-09-03,Cochabamba,DIESEL OIL NACIONAL EESS,Diesel Oil Nacional,DIESEL_NACIONAL,"EST. DE SERV. ""MAX MAMANGUENO"" - E. MELGAREJO",8000.0,
2026-09-03,Cochabamba,DIESEL OIL NACIONAL EESS,Diesel Oil Nacional,DIESEL_NACIONAL,"EST. DE SERV. ""LOS ALPES""-BERTHA CAMACHO RICALDEZ",8000.0,
2026-09-03,Cochabamba,DIESEL OIL NACIONAL EESS,Diesel Oil Nacional,DIESEL_NACIONAL,"EST. DE SERV. ""LORETO"" SUC. 1",14000.0,
2026-09-03,Cochabamba,DIESEL OIL NACIONAL EESS,Diesel Oil Nacional,DIESEL_NACIONAL,"EST. DE SERV. ""LA MERCED S.R.L.""",10000.0,
2026-09-03,Cochabamba,DIESEL OIL NACIONAL EESS,Diesel Oil Nacional,DIESEL_NACIONAL,"EST. DE SERV. ""ITAPAYA"" - ALBERTO AMURRIO F.",12000.0,
2026-09-03,Cochabamba,DIESEL OIL NACIONAL EESS,Diesel Oil Nacional,DIESEL_NACIONAL,"EST. DE SERV. ""ISABEL CHAVEZ""",10000.0,
2026-09-03,Cochabamba,DIESEL OIL NACIONAL EESS,Diesel Oil Nacional,DIESEL_NACIONAL,"EST. DE SERV. ""IQUIRCOLLO S.R.L.""",32000.0,
2026-09-03,Cochabamba,DIESEL OIL NACIONAL EESS,Diesel Oil Nacional,DIESEL_NACIONAL,"EST. DE SERV. ""GASNOR S.R.L.""",6000.0,
2026-09-03,Cochabamba,DIESEL OIL NACIONAL EESS,Diesel Oil Nacional,DIESEL_NACIONAL,"EST. DE SERV. ""FORTALEZA ENERGY S.R.L.""",6000.0,
2026-09-03,Cochabamba,DIESEL OIL NACIONAL EESS,Diesel Oil Nacional,DIESEL_NACIONAL,"EST. DE SERV. ""EQGAS"" S.R.L.",8000.0,
2026-09-03,Cochabamba,DIESEL OIL NACIONAL EESS,Diesel Oil Nacional,DIESEL_NACIONAL,"EST. DE SERV. ""EPIZANA""",12000.0,
2026-09-03,Cochabamba,DIESEL OIL NACIONAL EESS,Diesel Oil Nacional,DIESEL_NACIONAL,"EST. DE SERV. ""EL VIAJERO SRL""",24000.0,
2026-09-03,Cochabamba,DIESEL OIL NACIONAL EESS,Diesel Oil Nacional,DIESEL_NACIONAL,"EST. DE SERV. ""EL MANANTIAL SRL""",6000.0,
2026-09-03,Cochabamba,DIESEL OIL NACIONAL EESS,Diesel Oil Nacional,DIESEL_NACIONAL,"EST. DE SERV. ""EL CRISTO"" - CRISTIAN SABAG",8000.0,
2026-09-03,Cochabamba,DIESEL OIL NACIONAL EESS,Diesel Oil Nacional,DIESEL_NACIONAL,"EST. DE SERV. ""DISEL S.R.L.""",28000.0,
2026-09-03,Cochabamba,DIESEL OIL NACIONAL EESS,Diesel Oil Nacional,DIESEL_NACIONAL,"EST. DE SERV. ""DISEL S.R.L. I""",32000.0,
2026-09-03,Cochabamba,DIESEL OIL NACIONAL EESS,Diesel Oil Nacional,DIESEL_NACIONAL,"EST. DE SERV. ""DAYANA""",12000.0,
2026-09-03,Cochabamba,DIESEL OIL NACIONAL EESS,Diesel Oil Nacional,DIESEL_NACIONAL,"EST. DE SERV. ""COMERCIALIZADORA QK S.R.L.""",10000.0,
2026-09-03,Cochabamba,DIESEL OIL NACIONAL EESS,Diesel Oil Nacional,DIESEL_NACIONAL,"EST. DE SERV. ""COCHABAMBA""",32000.0,
2026-09-03,Cochabamba,DIESEL OIL NACIONAL EESS,Diesel Oil Nacional,DIESEL_NACIONAL,"EST. DE SERV. ""COCHABAMBA S.R.L. SUC. 1""",14000.0,
2026-09-03,Cochabamba,DIESEL OIL NACIONAL EESS,Diesel Oil Nacional,DIESEL_NACIONAL,"EST. DE SERV. ""CITY TRUCK FH S.R.L.""",18000.0,
2026-09-03,Cochabamba,DIESEL OIL NACIONAL EESS,Diesel Oil Nacional,DIESEL_NACIONAL,"EST. DE SERV. ""CIRCUITO BOLIVIA S.A.""",8000.0,
2026-09-03,Cochabamba,DIESEL OIL NACIONAL EESS,Diesel Oil Nacional,DIESEL_NACIONAL,"EST. DE SERV. ""CHULLPANI"" - TORRICO AGUILAR JOSE M",14000.0,
2026-09-03,Cochabamba,DIESEL OIL NACIONAL EESS,Diesel Oil Nacional,DIESEL_NACIONAL,"EST. DE SERV. ""CHINATA S.R.L.""",20000.0,
2026-09-03,Cochabamba,DIESEL OIL NACIONAL EESS,Diesel Oil Nacional,DIESEL_NACIONAL,"EST. DE SERV. ""CHIMBOCO""",22000.0,
2026-09-03,Cochabamba,DIESEL OIL NACIONAL EESS,Diesel Oil Nacional,DIESEL_NACIONAL,"EST. DE SERV. ""C.G.C. SRL""",28000.0,
2026-09-03,Cochabamba,DIESEL OIL NACIONAL EESS,Diesel Oil Nacional,DIESEL_NACIONAL,"EST. DE SERV. ""ARISPE""",12000.0,
2026-09-03,Cochabamba,DIESEL OIL NACIONAL EESS,Diesel Oil Nacional,DIESEL_NACIONAL,"EST. DE SERV. ""AEROPUERTO S.R.L.""",11000.0,
2026-09-03,Cochabamba,DIESEL OIL NACIONAL EESS,Diesel Oil Nacional,DIESEL_NACIONAL,COMERCIALIZADORA DE SERVICIOS LUBRISHOP S.R.L.,8000.0,
2026-09-03,Cochabamba,DIESEL OIL NACIONAL CF,Diesel Oil Nacional,DIESEL_NACIONAL,INDUSTRIAS DE CERAMICAS COCHABAMBA LIMITADA INCERCO LTDA.,8500.0,
2026-09-02,Cochabamba,GLP DISTRIB. 45 KILOS NAL,GLP,GLP,DIST. GLP SOCIEDAD PETROLERA SANTA ELENA S.R.L.,3600.0,
2026-09-02,Cochabamba,GLP DISTRIB. 45 KILOS NAL,GLP,GLP,DIST. GLP NUESTRO GAS-JONSON RICHARD LIMA FLORERO,1800.0,
2026-09-02,Cochabamba,GLP DISTRIB. 10 KILOS NAL,GLP,GLP,ROSI GAS - ROXANA ESPINOZA PRADO,6000.0,
2026-09-02,Cochabamba,GLP DISTRIB. 10 KILOS NAL,GLP,GLP,FERRO GAS - BERTHA CAMACHO RICALDEZ DE FERRUFINO,6000.0,
2026-09-02,Cochabamba,GLP DISTRIB. 10 KILOS NAL,GLP,GLP,FAS GAS,6000.0,
2026-09-02,Cochabamba,GLP DISTRIB. 10 KILOS NAL,GLP,GLP,"DIST.GLP""VILOMA GAS"" E.ARANDIA",12000.0,
2026-09-02,Cochabamba,GLP DISTRIB. 10 KILOS NAL,GLP,GLP,"DIST.GLP""NOE GAS""M.HINOJOSA R.",12000.0,
2026-09-02,Cochabamba,GLP DISTRIB. 10 KILOS NAL,GLP,GLP,"DIST. PROV.GLP ""SIPE SIPE GAS""",12000.0,
2026-09-02,Cochabamba,GLP DISTRIB. 10 KILOS NAL,GLP,GLP,"DIST. PROV. GLP ""PREMIUN GAS"" - EDUARDO ZENTENO E.",6000.0,
2026-09-02,Cochabamba,GLP DISTRIB. 10 KILOS NAL,GLP,GLP,"DIST. PROV. GLP ""COTA GAS"" - NELSON OLMOS",6000.0,
2026-09-02,Cochabamba,GLP DISTRIB. 10 KILOS NAL,GLP,GLP,"DIST. PROV. GLP ""COLOMI GAS""",6000.0,
2026-09-02,Cochabamba,GLP DISTRIB. 10 KILOS NAL,GLP,GLP,"DIST. PROV. GLP ""ARANDIA GAS S.R.L.""",6000.0,
2026-09-02,Cochabamba,GLP DISTRIB. 10 KILOS NAL,GLP,GLP,"DIST. GLP""SARCO GAS""M.FELIPEZ",18000.0,
2026-09-02,Cochabamba,GLP DISTRIB. 10 KILOS NAL,GLP,GLP,DIST. GLP SOCIEDAD PETROLERA SANTA ELENA S.R.L.,24000.0,
2026-09-02,Cochabamba,GLP DISTRIB. 10 KILOS NAL,GLP,GLP,DIST. GLP NUESTRO GAS-JONSON RICHARD LIMA FLORERO,24000.0,
2026-09-02,Cochabamba,GLP DISTRIB. 10 KILOS NAL,GLP,GLP,"DIST. GLP ""EXTRA GAS"" - MARIO CORDOVA PINTO",18000.0,
2026-09-02,Cochabamba,GLP DISTRIB. 10 KILOS NAL,GLP,GLP,"DIST. GLP ""EDMUNDO GAS"" - EDMUNDO QUIROZ TAPIA",6000.0,
2026-09-02,Cochabamba,GLP DISTRIB. 10 KILOS NAL,GLP,GLP,"DIST. GLP ""DISBOGAS"" - JENNY PETRONA SALAMANCA VILLAFUERTE",6000.0,
2026-09-02,Cochabamba,GLP DISTRIB. 10 KILOS NAL,GLP,GLP,"DIST. GLP ""CAPI GAS"" - GONZALO SOLIZ GUTIERREZ",6000.0,
2026-09-02,Cochabamba,GLP DISTRIB. 10 KILOS NAL,GLP,GLP,"DIST. GLP ""BIO GAS"" - ANA MARIA ROMERO DE TORRICO",18000.0,
2026-09-02,Cochabamba,GLP DISTRIB. 10 KILOS NAL,GLP,GLP,"DIST. GLP ""ADRIAZOL GAS""",6000.0,
2026-09-02,Cochabamba,GLP DISTRIB. 10 KILOS NAL,GLP,GLP,"COOPERATIVA DE SERVICIOS DE DISTRIBUCION DE GAS LICUADO ""CANDELARIA"" R.L.",6000.0,
2026-09-02,Cochabamba,GLP DISTRIB. 10 KILOS NAL,GLP,GLP,CBA GAS S.A.,18000.0,
2026-09-02,Cochabamba,GLP DISTRIB. 10 KILOS NAL,GLP,GLP,A TODO GAS S.R.L.,18000.0,
2026-09-02,Cochabamba,GASOLINA ESPECIAL + GRACO,Gasolina Especial +,GASOLINA_ESPECIAL_MAS,GOBIERNO AUTONOMO MUNICIPAL DE COCHABAMBA,10000.0,
2026-09-02,Cochabamba,GASOLINA ESPECIAL + EESS,Gasolina Especial +,GASOLINA_ESPECIAL_MAS,TERMINAL DE BUSES COCHABAMBA S.A.,10000.0,
2026-09-02,Cochabamba,GASOLINA ESPECIAL + EESS,Gasolina Especial +,GASOLINA_ESPECIAL_MAS,SURTIDOR DE GASOLINA Y DIESEL COLOMI,14000.0,
2026-09-02,Cochabamba,GASOLINA ESPECIAL + EESS,Gasolina Especial +,GASOLINA_ESPECIAL_MAS,PETROCEL S.R.L.,12000.0,
2026-09-02,Cochabamba,GASOLINA ESPECIAL + EESS,Gasolina Especial +,GASOLINA_ESPECIAL_MAS,KHORA ESTACION DE SERVICIO - MEDRANO ARNEZ JAIME,6000.0,
2026-09-02,Cochabamba,GASOLINA ESPECIAL + EESS,Gasolina Especial +,GASOLINA_ESPECIAL_MAS,IMBRANJO S.R.L.,14000.0,
2026-09-02,Cochabamba,GASOLINA ESPECIAL + EESS,Gasolina Especial +,GASOLINA_ESPECIAL_MAS,FEDEX CHACO,3000.0,
2026-09-02,Cochabamba,GASOLINA ESPECIAL + EESS,Gasolina Especial +,GASOLINA_ESPECIAL_MAS,ESTAGAS S.R.L.,10000.0,
2026-09-02,Cochabamba,GASOLINA ESPECIAL + EESS,Gasolina Especial +,GASOLINA_ESPECIAL_MAS,ESTACION DE SERVICIO VIRGEN DE LAS ANGUSTIAS S.R.L.,12000.0,
2026-09-02,Cochabamba,GASOLINA ESPECIAL + EESS,Gasolina Especial +,GASOLINA_ESPECIAL_MAS,ESTACION DE SERVICIO TICTI S.R.L.,12000.0,
2026-09-02,Cochabamba,GASOLINA ESPECIAL + EESS,Gasolina Especial +,GASOLINA_ESPECIAL_MAS,ESTACION DE SERVICIO LOS LIBERTADORES S.R.L.,10000.0,
2026-09-02,Cochabamba,GASOLINA ESPECIAL + EESS,Gasolina Especial +,GASOLINA_ESPECIAL_MAS,ESTACION DE SERVICIO LOS ALAMOS S.R.L.,14000.0,
2026-09-02,Cochabamba,GASOLINA ESPECIAL + EESS,Gasolina Especial +,GASOLINA_ESPECIAL_MAS,ESTACION DE SERVICIO HIPODROMO S.R.L.,6000.0,
2026-09-02,Cochabamba,GASOLINA ESPECIAL + EESS,Gasolina Especial +,GASOLINA_ESPECIAL_MAS,ESTACION DE SERVICIO COODPE S.R.L.,12000.0,
2026-09-02,Cochabamba,GASOLINA ESPECIAL + EESS,Gasolina Especial +,GASOLINA_ESPECIAL_MAS,ESTACION DE SERVICIO CAPITAN VICTOR USTARIZ S.R.L.,12000.0,
2026-09-02,Cochabamba,GASOLINA ESPECIAL + EESS,Gasolina Especial +,GASOLINA_ESPECIAL_MAS,ESTACION DE SERVICIO BEIJING S.R.L.,14000.0,
2026-09-02,Cochabamba,GASOLINA ESPECIAL + EESS,Gasolina Especial +,GASOLINA_ESPECIAL_MAS,ESTACION DE SERVICIO ANITA,16000.0,
2026-09-02,Cochabamba,GASOLINA ESPECIAL + EESS,Gasolina Especial +,GASOLINA_ESPECIAL_MAS,"ESTACION DE SERVICIO ""POJO""",12000.0,
2026-09-02,Cochabamba,GASOLINA ESPECIAL + EESS,Gasolina Especial +,GASOLINA_ESPECIAL_MAS,"ESTACION DE SERVICIO ""LOS LAURELES"" - DIEGO M. DELGADILLO ANTEZANA",10000.0,
2026-09-02,Cochabamba,GASOLINA ESPECIAL + EESS,Gasolina Especial +,GASOLINA_ESPECIAL_MAS,"EST. DE SERV. ""VILLA OBRAJES""",10000.0,
2026-09-02,Cochabamba,GASOLINA ESPECIAL + EESS,Gasolina Especial +,GASOLINA_ESPECIAL_MAS,"EST. DE SERV. ""URKUPINA"" - ALBERTO OPORTO",10000.0,
2026-09-02,Cochabamba,GASOLINA ESPECIAL + EESS,Gasolina Especial +,GASOLINA_ESPECIAL_MAS,"EST. DE SERV. ""URKUPINA I""- ALBERTO OPORTO L.",12000.0,
2026-09-02,Cochabamba,GASOLINA ESPECIAL + EESS,Gasolina Especial +,GASOLINA_ESPECIAL_MAS,"EST. DE SERV. ""TRANS SACABA S.A. II""",10000.0,
2026-09-02,Cochabamba,GASOLINA ESPECIAL + EESS,Gasolina Especial +,GASOLINA_ESPECIAL_MAS,"EST. DE SERV. ""TIQUIPAYA"" - VENICIA ALANEZ JIMENES",6000.0,
2026-09-02,Cochabamba,GASOLINA ESPECIAL + EESS,Gasolina Especial +,GASOLINA_ESPECIAL_MAS,"EST. DE SERV. ""SUTICOLLO""",12000.0,
2026-09-02,Cochabamba,GASOLINA ESPECIAL + EESS,Gasolina Especial +,GASOLINA_ESPECIAL_MAS,"EST. DE SERV. ""SURTIDOR CAMPERO""",8000.0,
2026-09-02,Cochabamba,GASOLINA ESPECIAL + EESS,Gasolina Especial +,GASOLINA_ESPECIAL_MAS,"EST. DE SERV. ""SIPE SIPE S.R.L.""",14000.0,
2026-09-02,Cochabamba,GASOLINA ESPECIAL + EESS,Gasolina Especial +,GASOLINA_ESPECIAL_MAS,"EST. DE SERV. ""SENOR SANTIAGO"" - E. DELGADILLO",10000.0,
2026-09-02,Cochabamba,GASOLINA ESPECIAL + EESS,Gasolina Especial +,GASOLINA_ESPECIAL_MAS,"EST. DE SERV. ""SENOR SANTIAGO SUC. 1"" - E. DELGADILLO",10000.0,
2026-09-02,Cochabamba,GASOLINA ESPECIAL + EESS,Gasolina Especial +,GASOLINA_ESPECIAL_MAS,"EST. DE SERV. ""SANTA MONICA"" S.R.L.",10000.0,
2026-09-02,Cochabamba,GASOLINA ESPECIAL + EESS,Gasolina Especial +,GASOLINA_ESPECIAL_MAS,"EST. DE SERV. ""SAN JUAN BAUTISTA S.R.L.""",12000.0,
2026-09-02,Cochabamba,GASOLINA ESPECIAL + EESS,Gasolina Especial +,GASOLINA_ESPECIAL_MAS,"EST. DE SERV. ""SAN JORGE CBBA S.R.L.""",14000.0,
2026-09-02,Cochabamba,GASOLINA ESPECIAL + EESS,Gasolina Especial +,GASOLINA_ESPECIAL_MAS,"EST. DE SERV. ""RIOJA""",8000.0,
2026-09-02,Cochabamba,GASOLINA ESPECIAL + EESS,Gasolina Especial +,GASOLINA_ESPECIAL_MAS,"EST. DE SERV. ""REFINERIA""- SIMON RODRIGO FERRUFINO",6000.0,
2026-09-02,Cochabamba,GASOLINA ESPECIAL + EESS,Gasolina Especial +,GASOLINA_ESPECIAL_MAS,"EST. DE SERV. ""PORTALEZ S.R.L.""",18000.0,
2026-09-02,Cochabamba,GASOLINA ESPECIAL + EESS,Gasolina Especial +,GASOLINA_ESPECIAL_MAS,"EST. DE SERV. ""PETROGAS S.R.L.""",6000.0,
2026-09-02,Cochabamba,GASOLINA ESPECIAL + EESS,Gasolina Especial +,GASOLINA_ESPECIAL_MAS,"EST. DE SERV. ""PAROTANI""",12000.0,
2026-09-02,Cochabamba,GASOLINA ESPECIAL + EESS,Gasolina Especial +,GASOLINA_ESPECIAL_MAS,"EST. DE SERV. ""PARAJE 24.7 SRL""",12000.0,
2026-09-02,Cochabamba,GASOLINA ESPECIAL + EESS,Gasolina Especial +,GASOLINA_ESPECIAL_MAS,"EST. DE SERV. ""PARAJE 24.7 SRL SUC. 1""",10000.0,
2026-09-02,Cochabamba,GASOLINA ESPECIAL + EESS,Gasolina Especial +,GASOLINA_ESPECIAL_MAS,"EST. DE SERV. ""PANAMERICANA"" SUCURSAL COCHABAMBA",10000.0,
2026-09-02,Cochabamba,GASOLINA ESPECIAL + EESS,Gasolina Especial +,GASOLINA_ESPECIAL_MAS,"EST. DE SERV. ""NISSAN"" - SIMON FERRUFINO",8000.0,
2026-09-02,Cochabamba,GASOLINA ESPECIAL + EESS,Gasolina Especial +,GASOLINA_ESPECIAL_MAS,"EST. DE SERV. ""MONTERREY S.R.L.""",10000.0,
2026-09-02,Cochabamba,GASOLINA ESPECIAL + EESS,Gasolina Especial +,GASOLINA_ESPECIAL_MAS,"EST. DE SERV. ""MIZQUE"" - DIOGENES MONTENEGRO P.",12000.0,
2026-09-02,Cochabamba,GASOLINA ESPECIAL + EESS,Gasolina Especial +,GASOLINA_ESPECIAL_MAS,"EST. DE SERV. ""MAX MAMANGUENO"" - E. MELGAREJO",6000.0,
2026-09-02,Cochabamba,GASOLINA ESPECIAL + EESS,Gasolina Especial +,GASOLINA_ESPECIAL_MAS,"EST. DE SERV. ""LOS ALPES""-BERTHA CAMACHO RICALDEZ",12000.0,
2026-09-02,Cochabamba,GASOLINA ESPECIAL + EESS,Gasolina Especial +,GASOLINA_ESPECIAL_MAS,"EST. DE SERV. ""LORETO"" SUC. 1",12000.0,
2026-09-02,Cochabamba,GASOLINA ESPECIAL + EESS,Gasolina Especial +,GASOLINA_ESPECIAL_MAS,"EST. DE SERV. ""LA PATRIA S.R.L.""",6000.0,
2026-09-02,Cochabamba,GASOLINA ESPECIAL + EESS,Gasolina Especial +,GASOLINA_ESPECIAL_MAS,"EST. DE SERV. ""LA MERCED S.R.L.""",8000.0,
2026-09-02,Cochabamba,GASOLINA ESPECIAL + EESS,Gasolina Especial +,GASOLINA_ESPECIAL_MAS,"EST. DE SERV. ""ITAPAYA"" - ALBERTO AMURRIO F.",10000.0,
2026-09-02,Cochabamba,GASOLINA ESPECIAL + EESS,Gasolina Especial +,GASOLINA_ESPECIAL_MAS,"EST. DE SERV. ""ISABEL CHAVEZ""",12000.0,
2026-09-02,Cochabamba,GASOLINA ESPECIAL + EESS,Gasolina Especial +,GASOLINA_ESPECIAL_MAS,"EST. DE SERV. ""IQUIRCOLLO S.R.L.""",16000.0,
2026-09-02,Cochabamba,GASOLINA ESPECIAL + EESS,Gasolina Especial +,GASOLINA_ESPECIAL_MAS,"EST. DE SERV. ""IQUIRCOLLO S.R.L. SUC. 1""",14000.0,
2026-09-02,Cochabamba,GASOLINA ESPECIAL + EESS,Gasolina Especial +,GASOLINA_ESPECIAL_MAS,"EST. DE SERV. ""GUADELOUPE GROUP S.R.L.""",10000.0,
2026-09-02,Cochabamba,GASOLINA ESPECIAL + EESS,Gasolina Especial +,GASOLINA_ESPECIAL_MAS,"EST. DE SERV. ""GASNOR S.R.L.""",8000.0,
2026-09-02,Cochabamba,GASOLINA ESPECIAL + EESS,Gasolina Especial +,GASOLINA_ESPECIAL_MAS,"EST. DE SERV. ""FORTALEZA ENERGY S.R.L.""",6000.0,
2026-09-02,Cochabamba,GASOLINA ESPECIAL + EESS,Gasolina Especial +,GASOLINA_ESPECIAL_MAS,"EST. DE SERV. ""EQGAS"" S.R.L.",8000.0,
2026-09-02,Cochabamba,GASOLINA ESPECIAL + EESS,Gasolina Especial +,GASOLINA_ESPECIAL_MAS,"EST. DE SERV. ""EPIZANA""",12000.0,
2026-09-02,Cochabamba,GASOLINA ESPECIAL + EESS,Gasolina Especial +,GASOLINA_ESPECIAL_MAS,"EST. DE SERV. ""EL MANANTIAL SUC. 2""",12000.0,
2026-09-02,Cochabamba,GASOLINA ESPECIAL + EESS,Gasolina Especial +,GASOLINA_ESPECIAL_MAS,"EST. DE SERV. ""EL MANANTIAL SUC. 1""",10000.0,
2026-09-02,Cochabamba,GASOLINA ESPECIAL + EESS,Gasolina Especial +,GASOLINA_ESPECIAL_MAS,"EST. DE SERV. ""EL MANANTIAL SRL""",10000.0,
2026-09-02,Cochabamba,GASOLINA ESPECIAL + EESS,Gasolina Especial +,GASOLINA_ESPECIAL_MAS,"EST. DE SERV. ""EL CRISTO"" - CRISTIAN SABAG",28000.0,
2026-09-02,Cochabamba,GASOLINA ESPECIAL + EESS,Gasolina Especial +,GASOLINA_ESPECIAL_MAS,"EST. DE SERV. ""DORBIGNI""",12000.0,
2026-09-02,Cochabamba,GASOLINA ESPECIAL + EESS,Gasolina Especial +,GASOLINA_ESPECIAL_MAS,"EST. DE SERV. ""DISEL S.R.L.""",8000.0,
2026-09-02,Cochabamba,GASOLINA ESPECIAL + EESS,Gasolina Especial +,GASOLINA_ESPECIAL_MAS,"EST. DE SERV. ""DISEL S.R.L. I""",8000.0,
2026-09-02,Cochabamba,GASOLINA ESPECIAL + EESS,Gasolina Especial +,GASOLINA_ESPECIAL_MAS,"EST. DE SERV. ""DELAASUNCION-AMERICA S.R.L.""",12000.0,
2026-09-02,Cochabamba,GASOLINA ESPECIAL + EESS,Gasolina Especial +,GASOLINA_ESPECIAL_MAS,"EST. DE SERV. ""DAYANA""",12000.0,
2026-09-02,Cochabamba,GASOLINA ESPECIAL + EESS,Gasolina Especial +,GASOLINA_ESPECIAL_MAS,"EST. DE SERV. ""COMERCIALIZADORA QK S.R.L.""",10000.0,
2026-09-02,Cochabamba,GASOLINA ESPECIAL + EESS,Gasolina Especial +,GASOLINA_ESPECIAL_MAS,"EST. DE SERV. ""COCHABAMBA""",14000.0,
2026-09-02,Cochabamba,GASOLINA ESPECIAL + EESS,Gasolina Especial +,GASOLINA_ESPECIAL_MAS,"EST. DE SERV. ""COCHABAMBA S.R.L. SUC. 2""",12000.0,
2026-09-02,Cochabamba,GASOLINA ESPECIAL + EESS,Gasolina Especial +,GASOLINA_ESPECIAL_MAS,"EST. DE SERV. ""COCHABAMBA S.R.L. SUC. 1""",12000.0,
2026-09-02,Cochabamba,GASOLINA ESPECIAL + EESS,Gasolina Especial +,GASOLINA_ESPECIAL_MAS,"EST. DE SERV. ""CITY TRUCK FH S.R.L.""",10000.0,
2026-09-02,Cochabamba,GASOLINA ESPECIAL + EESS,Gasolina Especial +,GASOLINA_ESPECIAL_MAS,"EST. DE SERV. ""CIRCUITO BOLIVIA S.A.""",14000.0,
2026-09-02,Cochabamba,GASOLINA ESPECIAL + EESS,Gasolina Especial +,GASOLINA_ESPECIAL_MAS,"EST. DE SERV. ""CHULLPANI"" - TORRICO AGUILAR JOSE M",17000.0,
2026-09-02,Cochabamba,GASOLINA ESPECIAL + EESS,Gasolina Especial +,GASOLINA_ESPECIAL_MAS,"EST. DE SERV. ""CHINATA S.R.L.""",10000.0,
2026-09-02,Cochabamba,GASOLINA ESPECIAL + EESS,Gasolina Especial +,GASOLINA_ESPECIAL_MAS,"EST. DE SERV. ""CHIMBOCO""",14000.0,
2026-09-02,Cochabamba,GASOLINA ESPECIAL + EESS,Gasolina Especial +,GASOLINA_ESPECIAL_MAS,"EST. DE SERV. ""C.G.C. SRL""",10000.0,
2026-09-02,Cochabamba,GASOLINA ESPECIAL + EESS,Gasolina Especial +,GASOLINA_ESPECIAL_MAS,"EST. DE SERV. ""AYACUCHO""",12000.0,
2026-09-02,Cochabamba,GASOLINA ESPECIAL + EESS,Gasolina Especial +,GASOLINA_ESPECIAL_MAS,"EST. DE SERV. ""ARANJUEZ""",16000.0,
2026-09-02,Cochabamba,GASOLINA ESPECIAL + EESS,Gasolina Especial +,GASOLINA_ESPECIAL_MAS,"EST. DE SERV. ""ARANI"" - ZULMA ROJAS",12000.0,
2026-09-02,Cochabamba,GASOLINA ESPECIAL + EESS,Gasolina Especial +,GASOLINA_ESPECIAL_MAS,"EST. DE SERV. ""AEROPUERTO S.R.L.""",10000.0,
2026-09-02,Cochabamba,GASOLINA ESPECIAL + EESS,Gasolina Especial +,GASOLINA_ESPECIAL_MAS,"EST. DE SERV. ""ADRIAN""",12000.0,
2026-09-02,Cochabamba,GASOLINA ESPECIAL + EESS,Gasolina Especial +,GASOLINA_ESPECIAL_MAS,"EST. DE SERV. ""A.C.B. CARBURANTES SRL""",16000.0,
2026-09-02,Cochabamba,GASOLINA ESPECIAL + EESS,Gasolina Especial +,GASOLINA_ESPECIAL_MAS,"EST. DE SERV. ""24 DE SEPTIEMBRE S.R.L.""",12000.0,
2026-09-02,Cochabamba,GASOLINA ESPECIAL + EESS,Gasolina Especial +,GASOLINA_ESPECIAL_MAS,"EST. DE SERV. ""20 DE DICIEMBRE""",12000.0,
2026-09-02,Cochabamba,GASOLINA ESPECIAL + EESS,Gasolina Especial +,GASOLINA_ESPECIAL_MAS,"EST. DE SERV. "" LAS PALMERAS S.R.L.""",10000.0,
2026-09-02,Cochabamba,GASOLINA ESPECIAL + EESS,Gasolina Especial +,GASOLINA_ESPECIAL_MAS,COMERCIALIZADORA DE SERVICIOS LUBRISHOP S.R.L.,6000.0,
2026-09-02,Cochabamba,GASOLINA ESPECIAL + EESS,Gasolina Especial +,GASOLINA_ESPECIAL_MAS,CENTRO DE SERVICIOS VALLEPUNATA S.R.L.,10000.0,
2026-09-02,Cochabamba,DIESEL OIL NACIONAL GRACO,Diesel Oil Nacional,DIESEL_NACIONAL,SERVICIO DEPARTAMENTAL DE CAMINOS,10000.0,
2026-09-02,Cochabamba,DIESEL OIL NACIONAL GRACO,Diesel Oil Nacional,DIESEL_NACIONAL,EMPRESA MUNICIPAL DE SERVICIOS DE ASEO,11000.0,
2026-09-02,Cochabamba,DIESEL OIL NACIONAL GRACO,Diesel Oil Nacional,DIESEL_NACIONAL,COOPERATIVA MULTIACTIVA COBOCE R.L.,20000.0,
2026-09-02,Cochabamba,DIESEL OIL NACIONAL EESS,Diesel Oil Nacional,DIESEL_NACIONAL,TERMINAL DE BUSES COCHABAMBA S.A.,14000.0,
2026-09-02,Cochabamba,DIESEL OIL NACIONAL EESS,Diesel Oil Nacional,DIESEL_NACIONAL,SURTIDOR DE GASOLINA Y DIESEL COLOMI,16000.0,
2026-09-02,Cochabamba,DIESEL OIL NACIONAL EESS,Diesel Oil Nacional,DIESEL_NACIONAL,IMBRANJO S.R.L.,20000.0,
2026-09-02,Cochabamba,DIESEL OIL NACIONAL EESS,Diesel Oil Nacional,DIESEL_NACIONAL,ESTACION DE SERVICIO TICTI S.R.L.,16000.0,
2026-09-02,Cochabamba,DIESEL OIL NACIONAL EESS,Diesel Oil Nacional,DIESEL_NACIONAL,ESTACION DE SERVICIO LOS LIBERTADORES S.R.L.,10000.0,
2026-09-02,Cochabamba,DIESEL OIL NACIONAL EESS,Diesel Oil Nacional,DIESEL_NACIONAL,ESTACION DE SERVICIO LOS ALAMOS S.R.L.,32000.0,
2026-09-02,Cochabamba,DIESEL OIL NACIONAL EESS,Diesel Oil Nacional,DIESEL_NACIONAL,ESTACION DE SERVICIO COODPE S.R.L.,15000.0,
2026-09-02,Cochabamba,DIESEL OIL NACIONAL EESS,Diesel Oil Nacional,DIESEL_NACIONAL,ESTACION DE SERVICIO BEIJING S.R.L.,14000.0,
2026-09-02,Cochabamba,DIESEL OIL NACIONAL EESS,Diesel Oil Nacional,DIESEL_NACIONAL,ESTACION DE SERVICIO ANITA,20000.0,
2026-09-02,Cochabamba,DIESEL OIL NACIONAL EESS,Diesel Oil Nacional,DIESEL_NACIONAL,"ESTACION DE SERVICIO ""POJO""",12000.0,
2026-09-02,Cochabamba,DIESEL OIL NACIONAL EESS,Diesel Oil Nacional,DIESEL_NACIONAL,"EST. DE SERV. ""VILLA OBRAJES""",20000.0,
2026-09-02,Cochabamba,DIESEL OIL NACIONAL EESS,Diesel Oil Nacional,DIESEL_NACIONAL,"EST. DE SERV. ""URKUPINA"" - ALBERTO OPORTO",16000.0,
2026-09-02,Cochabamba,DIESEL OIL NACIONAL EESS,Diesel Oil Nacional,DIESEL_NACIONAL,"EST. DE SERV. ""URKUPINA I""- ALBERTO OPORTO L.",6000.0,
2026-09-02,Cochabamba,DIESEL OIL NACIONAL EESS,Diesel Oil Nacional,DIESEL_NACIONAL,"EST. DE SERV. ""TRANS SACABA S.A.""",14000.0,
2026-09-02,Cochabamba,DIESEL OIL NACIONAL EESS,Diesel Oil Nacional,DIESEL_NACIONAL,"EST. DE SERV. ""TRANS SACABA S.A. II""",18000.0,
2026-09-02,Cochabamba,DIESEL OIL NACIONAL EESS,Diesel Oil Nacional,DIESEL_NACIONAL,"EST. DE SERV. ""TIQUIPAYA"" - VENICIA ALANEZ JIMENES",6000.0,
2026-09-02,Cochabamba,DIESEL OIL NACIONAL EESS,Diesel Oil Nacional,DIESEL_NACIONAL,"EST. DE SERV. ""SUTICOLLO""",22000.0,
2026-09-02,Cochabamba,DIESEL OIL NACIONAL EESS,Diesel Oil Nacional,DIESEL_NACIONAL,"EST. DE SERV. ""SURTIDOR CAMPERO""",12000.0,
2026-09-02,Cochabamba,DIESEL OIL NACIONAL EESS,Diesel Oil Nacional,DIESEL_NACIONAL,"EST. DE SERV. ""SIPE SIPE S.R.L.""",32000.0,
2026-09-02,Cochabamba,DIESEL OIL NACIONAL EESS,Diesel Oil Nacional,DIESEL_NACIONAL,"EST. DE SERV. ""SENOR SANTIAGO"" - E. DELGADILLO",8000.0,
2026-09-02,Cochabamba,DIESEL OIL NACIONAL EESS,Diesel Oil Nacional,DIESEL_NACIONAL,"EST. DE SERV. ""SANTA MONICA"" S.R.L.",8000.0,
2026-09-02,Cochabamba,DIESEL OIL NACIONAL EESS,Diesel Oil Nacional,DIESEL_NACIONAL,"EST. DE SERV. ""SAN JUAN BAUTISTA S.R.L.""",12000.0,
2026-09-02,Cochabamba,DIESEL OIL NACIONAL EESS,Diesel Oil Nacional,DIESEL_NACIONAL,"EST. DE SERV. ""SAN JORGE CBBA S.R.L.""",30000.0,
2026-09-02,Cochabamba,DIESEL OIL NACIONAL EESS,Diesel Oil Nacional,DIESEL_NACIONAL,"EST. DE SERV. ""RIOJA""",10000.0,
2026-09-02,Cochabamba,DIESEL OIL NACIONAL EESS,Diesel Oil Nacional,DIESEL_NACIONAL,"EST. DE SERV. ""REFINERIA""- SIMON RODRIGO FERRUFINO",6000.0,
2026-09-02,Cochabamba,DIESEL OIL NACIONAL EESS,Diesel Oil Nacional,DIESEL_NACIONAL,"EST. DE SERV. ""PETROGAS S.R.L.""",12000.0,
2026-09-02,Cochabamba,DIESEL OIL NACIONAL EESS,Diesel Oil Nacional,DIESEL_NACIONAL,"EST. DE SERV. ""PAROTANI""",28000.0,
2026-09-02,Cochabamba,DIESEL OIL NACIONAL EESS,Diesel Oil Nacional,DIESEL_NACIONAL,"EST. DE SERV. ""PARAJE 24.7 SRL""",22000.0,
2026-09-02,Cochabamba,DIESEL OIL NACIONAL EESS,Diesel Oil Nacional,DIESEL_NACIONAL,"EST. DE SERV. ""PARAJE 24.7 SRL SUC. 1""",10000.0,
2026-09-02,Cochabamba,DIESEL OIL NACIONAL EESS,Diesel Oil Nacional,DIESEL_NACIONAL,"EST. DE SERV. ""NISSAN"" - SIMON FERRUFINO",8000.0,
2026-09-02,Cochabamba,DIESEL OIL NACIONAL EESS,Diesel Oil Nacional,DIESEL_NACIONAL,"EST. DE SERV. ""MONTERREY S.R.L.""",24000.0,
2026-09-02,Cochabamba,DIESEL OIL NACIONAL EESS,Diesel Oil Nacional,DIESEL_NACIONAL,"EST. DE SERV. ""MIZQUE"" - DIOGENES MONTENEGRO P.",10000.0,
2026-09-02,Cochabamba,DIESEL OIL NACIONAL EESS,Diesel Oil Nacional,DIESEL_NACIONAL,"EST. DE SERV. ""MAX MAMANGUENO"" - E. MELGAREJO",8000.0,
2026-09-02,Cochabamba,DIESEL OIL NACIONAL EESS,Diesel Oil Nacional,DIESEL_NACIONAL,"EST. DE SERV. ""LOS ALPES""-BERTHA CAMACHO RICALDEZ",8000.0,
2026-09-02,Cochabamba,DIESEL OIL NACIONAL EESS,Diesel Oil Nacional,DIESEL_NACIONAL,"EST. DE SERV. ""LORETO"" SUC. 1",14000.0,
2026-09-02,Cochabamba,DIESEL OIL NACIONAL EESS,Diesel Oil Nacional,DIESEL_NACIONAL,"EST. DE SERV. ""ITAPAYA"" - ALBERTO AMURRIO F.",12000.0,
2026-09-02,Cochabamba,DIESEL OIL NACIONAL EESS,Diesel Oil Nacional,DIESEL_NACIONAL,"EST. DE SERV. ""ISABEL CHAVEZ""",12000.0,
2026-09-02,Cochabamba,DIESEL OIL NACIONAL EESS,Diesel Oil Nacional,DIESEL_NACIONAL,"EST. DE SERV. ""IQUIRCOLLO S.R.L.""",30000.0,
2026-09-02,Cochabamba,DIESEL OIL NACIONAL EESS,Diesel Oil Nacional,DIESEL_NACIONAL,"EST. DE SERV. ""GASNOR S.R.L.""",6000.0,
2026-09-02,Cochabamba,DIESEL OIL NACIONAL EESS,Diesel Oil Nacional,DIESEL_NACIONAL,"EST. DE SERV. ""FORTALEZA ENERGY S.R.L.""",6000.0,
2026-09-02,Cochabamba,DIESEL OIL NACIONAL EESS,Diesel Oil Nacional,DIESEL_NACIONAL,"EST. DE SERV. ""EQGAS"" S.R.L.",8000.0,
2026-09-02,Cochabamba,DIESEL OIL NACIONAL EESS,Diesel Oil Nacional,DIESEL_NACIONAL,"EST. DE SERV. ""EPIZANA""",12000.0,
2026-09-02,Cochabamba,DIESEL OIL NACIONAL EESS,Diesel Oil Nacional,DIESEL_NACIONAL,"EST. DE SERV. ""EL VIAJERO SRL""",24000.0,
2026-09-02,Cochabamba,DIESEL OIL NACIONAL EESS,Diesel Oil Nacional,DIESEL_NACIONAL,"EST. DE SERV. ""EL MANANTIAL SRL""",6000.0,
2026-09-02,Cochabamba,DIESEL OIL NACIONAL EESS,Diesel Oil Nacional,DIESEL_NACIONAL,"EST. DE SERV. ""EL CRISTO"" - CRISTIAN SABAG",8000.0,
2026-09-02,Cochabamba,DIESEL OIL NACIONAL EESS,Diesel Oil Nacional,DIESEL_NACIONAL,"EST. DE SERV. ""DISEL S.R.L.""",28000.0,
2026-09-02,Cochabamba,DIESEL OIL NACIONAL EESS,Diesel Oil Nacional,DIESEL_NACIONAL,"EST. DE SERV. ""DISEL S.R.L. I""",32000.0,
2026-09-02,Cochabamba,DIESEL OIL NACIONAL EESS,Diesel Oil Nacional,DIESEL_NACIONAL,"EST. DE SERV. ""DAYANA""",12000.0,
2026-09-02,Cochabamba,DIESEL OIL NACIONAL EESS,Diesel Oil Nacional,DIESEL_NACIONAL,"EST. DE SERV. ""COMERCIALIZADORA QK S.R.L.""",10000.0,
2026-09-02,Cochabamba,DIESEL OIL NACIONAL EESS,Diesel Oil Nacional,DIESEL_NACIONAL,"EST. DE SERV. ""COCHABAMBA""",32000.0,
2026-09-02,Cochabamba,DIESEL OIL NACIONAL EESS,Diesel Oil Nacional,DIESEL_NACIONAL,"EST. DE SERV. ""COCHABAMBA S.R.L. SUC. 1""",12000.0,
2026-09-02,Cochabamba,DIESEL OIL NACIONAL EESS,Diesel Oil Nacional,DIESEL_NACIONAL,"EST. DE SERV. ""CITY TRUCK FH S.R.L.""",17000.0,
2026-09-02,Cochabamba,DIESEL OIL NACIONAL EESS,Diesel Oil Nacional,DIESEL_NACIONAL,"EST. DE SERV. ""CIRCUITO BOLIVIA S.A.""",10000.0,
2026-09-02,Cochabamba,DIESEL OIL NACIONAL EESS,Diesel Oil Nacional,DIESEL_NACIONAL,"EST. DE SERV. ""CHULLPANI"" - TORRICO AGUILAR JOSE M",14000.0,
2026-09-02,Cochabamba,DIESEL OIL NACIONAL EESS,Diesel Oil Nacional,DIESEL_NACIONAL,"EST. DE SERV. ""CHINATA S.R.L.""",20000.0,
2026-09-02,Cochabamba,DIESEL OIL NACIONAL EESS,Diesel Oil Nacional,DIESEL_NACIONAL,"EST. DE SERV. ""CHIMBOCO""",22000.0,
2026-09-02,Cochabamba,DIESEL OIL NACIONAL EESS,Diesel Oil Nacional,DIESEL_NACIONAL,"EST. DE SERV. ""C.G.C. SRL""",28000.0,
2026-09-02,Cochabamba,DIESEL OIL NACIONAL EESS,Diesel Oil Nacional,DIESEL_NACIONAL,"EST. DE SERV. ""ARANI"" - ZULMA ROJAS",12000.0,
2026-09-02,Cochabamba,DIESEL OIL NACIONAL EESS,Diesel Oil Nacional,DIESEL_NACIONAL,"EST. DE SERV. ""AEROPUERTO S.R.L.""",12000.0,
2026-09-02,Cochabamba,DIESEL OIL NACIONAL EESS,Diesel Oil Nacional,DIESEL_NACIONAL,"EST. DE SERV. ""ADRIAN""",11000.0,
2026-09-02,Cochabamba,DIESEL OIL NACIONAL EESS,Diesel Oil Nacional,DIESEL_NACIONAL,"EST. DE SERV. ""24 DE SEPTIEMBRE S.R.L.""",11000.0,
2026-09-02,Cochabamba,DIESEL OIL NACIONAL EESS,Diesel Oil Nacional,DIESEL_NACIONAL,COMERCIALIZADORA DE SERVICIOS LUBRISHOP S.R.L.,6000.0,
2026-09-02,Cochabamba,DIESEL OIL NACIONAL EESS,Diesel Oil Nacional,DIESEL_NACIONAL,CENTRO DE SERVICIOS VALLEPUNATA S.R.L.,8000.0,
2026-09-02,Cochabamba,DIESEL OIL NACIONAL CF,Diesel Oil Nacional,DIESEL_NACIONAL,NUR S.R.L.,6000.0,
2026-09-01,Cochabamba,GLP DISTRIB. 45 KILOS NAL,GLP,GLP,DIST. GLP SOCIEDAD PETROLERA SANTA ELENA S.R.L.,3600.0,
2026-09-01,Cochabamba,GLP DISTRIB. 45 KILOS NAL,GLP,GLP,DIST. GLP NUESTRO GAS-JONSON RICHARD LIMA FLORERO,1800.0,
2026-09-01,Cochabamba,GLP DISTRIB. 45 KILOS NAL,GLP,GLP,CBA GAS S.A.,2250.0,
2026-09-01,Cochabamba,GLP DISTRIB. 10 KILOS NAL,GLP,GLP,FERRO GAS - BERTHA CAMACHO RICALDEZ DE FERRUFINO,12000.0,
2026-09-01,Cochabamba,GLP DISTRIB. 10 KILOS NAL,GLP,GLP,"DIST.GLP""VILOMA GAS"" E.ARANDIA",12000.0,
2026-09-01,Cochabamba,GLP DISTRIB. 10 KILOS NAL,GLP,GLP,"DIST.GLP""NOE GAS""M.HINOJOSA R.",12000.0,
2026-09-01,Cochabamba,GLP DISTRIB. 10 KILOS NAL,GLP,GLP,"DIST. PROV.GLP ""SIPE SIPE GAS""",12000.0,
2026-09-01,Cochabamba,GLP DISTRIB. 10 KILOS NAL,GLP,GLP,"DIST. PROV. GLP ""PREMIUN GAS"" - EDUARDO ZENTENO E.",6000.0,
2026-09-01,Cochabamba,GLP DISTRIB. 10 KILOS NAL,GLP,GLP,"DIST. PROV. GLP ""COTA GAS"" - NELSON OLMOS",6000.0,
2026-09-01,Cochabamba,GLP DISTRIB. 10 KILOS NAL,GLP,GLP,"DIST. PROV. GLP ""COLOMI GAS""",6000.0,
2026-09-01,Cochabamba,GLP DISTRIB. 10 KILOS NAL,GLP,GLP,"DIST. PROV. GLP ""ARANDIA GAS S.R.L.""",6000.0,
2026-09-01,Cochabamba,GLP DISTRIB. 10 KILOS NAL,GLP,GLP,"DIST. GLP""SARCO GAS""M.FELIPEZ",18000.0,
2026-09-01,Cochabamba,GLP DISTRIB. 10 KILOS NAL,GLP,GLP,DIST. GLP SOCIEDAD PETROLERA SANTA ELENA S.R.L.,24000.0,
2026-09-01,Cochabamba,GLP DISTRIB. 10 KILOS NAL,GLP,GLP,DIST. GLP NUESTRO GAS-JONSON RICHARD LIMA FLORERO,24000.0,
2026-09-01,Cochabamba,GLP DISTRIB. 10 KILOS NAL,GLP,GLP,"DIST. GLP ""SANTIVANEZ GAS"" - JUVENAL ZENTENO ESPINOZA",6000.0,
2026-09-01,Cochabamba,GLP DISTRIB. 10 KILOS NAL,GLP,GLP,"DIST. GLP ""EXTRA GAS"" - MARIO CORDOVA PINTO",18000.0,
2026-09-01,Cochabamba,GLP DISTRIB. 10 KILOS NAL,GLP,GLP,"DIST. GLP ""EDMUNDO GAS"" - EDMUNDO QUIROZ TAPIA",6000.0,
2026-09-01,Cochabamba,GLP DISTRIB. 10 KILOS NAL,GLP,GLP,"DIST. GLP ""DISBOGAS"" - JENNY PETRONA SALAMANCA VILLAFUERTE",6000.0,
2026-09-01,Cochabamba,GLP DISTRIB. 10 KILOS NAL,GLP,GLP,"DIST. GLP ""CAPI GAS"" - GONZALO SOLIZ GUTIERREZ",6000.0,
2026-09-01,Cochabamba,GLP DISTRIB. 10 KILOS NAL,GLP,GLP,"DIST. GLP ""BIO GAS"" - ANA MARIA ROMERO DE TORRICO",18000.0,
2026-09-01,Cochabamba,GLP DISTRIB. 10 KILOS NAL,GLP,GLP,"DIST. GLP ""ADRIAZOL GAS""",6000.0,
2026-09-01,Cochabamba,GLP DISTRIB. 10 KILOS NAL,GLP,GLP,"COOPERATIVA DE SERVICIOS DE DISTRIBUCION DE GAS LICUADO ""CANDELARIA"" R.L.",6000.0,
2026-09-01,Cochabamba,GLP DISTRIB. 10 KILOS NAL,GLP,GLP,CBA GAS S.A.,18000.0,
2026-09-01,Cochabamba,GLP DISTRIB. 10 KILOS NAL,GLP,GLP,A TODO GAS S.R.L.,18000.0,
2026-09-01,Cochabamba,GASOLINA ESPECIAL + EESS,Gasolina Especial +,GASOLINA_ESPECIAL_MAS,TERMINAL DE BUSES COCHABAMBA S.A.,10000.0,
2026-09-01,Cochabamba,GASOLINA ESPECIAL + EESS,Gasolina Especial +,GASOLINA_ESPECIAL_MAS,PETROCEL S.R.L.,12000.0,
2026-09-01,Cochabamba,GASOLINA ESPECIAL + EESS,Gasolina Especial +,GASOLINA_ESPECIAL_MAS,KHORA ESTACION DE SERVICIO - MEDRANO ARNEZ JAIME,6000.0,
2026-09-01,Cochabamba,GASOLINA ESPECIAL + EESS,Gasolina Especial +,GASOLINA_ESPECIAL_MAS,IMBRANJO S.R.L.,14000.0,
2026-09-01,Cochabamba,GASOLINA ESPECIAL + EESS,Gasolina Especial +,GASOLINA_ESPECIAL_MAS,FEDEX CHACO,3000.0,
2026-09-01,Cochabamba,GASOLINA ESPECIAL + EESS,Gasolina Especial +,GASOLINA_ESPECIAL_MAS,ESTAGAS S.R.L.,10000.0,
2026-09-01,Cochabamba,GASOLINA ESPECIAL + EESS,Gasolina Especial +,GASOLINA_ESPECIAL_MAS,ESTACIÓN DE SERVICIO VALLESANTIVAÑEZ S.R.L.,12000.0,
2026-09-01,Cochabamba,GASOLINA ESPECIAL + EESS,Gasolina Especial +,GASOLINA_ESPECIAL_MAS,ESTACIÓN DE SERVICIO FRANQUITO,12000.0,
2026-09-01,Cochabamba,GASOLINA ESPECIAL + EESS,Gasolina Especial +,GASOLINA_ESPECIAL_MAS,ESTACION DE SERVICIO VIRGEN DE LAS ANGUSTIAS S.R.L.,10000.0,
2026-09-01,Cochabamba,GASOLINA ESPECIAL + EESS,Gasolina Especial +,GASOLINA_ESPECIAL_MAS,ESTACION DE SERVICIO TICTI S.R.L.,12000.0,
2026-09-01,Cochabamba,GASOLINA ESPECIAL + EESS,Gasolina Especial +,GASOLINA_ESPECIAL_MAS,ESTACION DE SERVICIO PAPU S.R.L.,12000.0,
2026-09-01,Cochabamba,GASOLINA ESPECIAL + EESS,Gasolina Especial +,GASOLINA_ESPECIAL_MAS,ESTACION DE SERVICIO OMEREQUE,12000.0,
2026-09-01,Cochabamba,GASOLINA ESPECIAL + EESS,Gasolina Especial +,GASOLINA_ESPECIAL_MAS,ESTACION DE SERVICIO LOS LIBERTADORES S.R.L.,10000.0,
2026-09-01,Cochabamba,GASOLINA ESPECIAL + EESS,Gasolina Especial +,GASOLINA_ESPECIAL_MAS,ESTACION DE SERVICIO LOS ALAMOS S.R.L.,14000.0,
2026-09-01,Cochabamba,GASOLINA ESPECIAL + EESS,Gasolina Especial +,GASOLINA_ESPECIAL_MAS,ESTACION DE SERVICIO HIPODROMO S.R.L.,6000.0,
2026-09-01,Cochabamba,GASOLINA ESPECIAL + EESS,Gasolina Especial +,GASOLINA_ESPECIAL_MAS,ESTACION DE SERVICIO CAPITAN VICTOR USTARIZ S.R.L.,12000.0,
2026-09-01,Cochabamba,GASOLINA ESPECIAL + EESS,Gasolina Especial +,GASOLINA_ESPECIAL_MAS,ESTACION DE SERVICIO BEIJING S.R.L.,14000.0,
2026-09-01,Cochabamba,GASOLINA ESPECIAL + EESS,Gasolina Especial +,GASOLINA_ESPECIAL_MAS,ESTACION DE SERVICIO ANITA,16000.0,
2026-09-01,Cochabamba,GASOLINA ESPECIAL + EESS,Gasolina Especial +,GASOLINA_ESPECIAL_MAS,"ESTACION DE SERVICIO ""LOS LAURELES"" - DIEGO M. DELGADILLO ANTEZANA",10000.0,
2026-09-01,Cochabamba,GASOLINA ESPECIAL + EESS,Gasolina Especial +,GASOLINA_ESPECIAL_MAS,"EST. DE SERV. ""VILLA OBRAJES""",10000.0,
2026-09-01,Cochabamba,GASOLINA ESPECIAL + EESS,Gasolina Especial +,GASOLINA_ESPECIAL_MAS,"EST. DE SERV. ""URKUPINA"" - ALBERTO OPORTO",10000.0,
2026-09-01,Cochabamba,GASOLINA ESPECIAL + EESS,Gasolina Especial +,GASOLINA_ESPECIAL_MAS,"EST. DE SERV. ""URKUPINA I""- ALBERTO OPORTO L.",12000.0,
2026-09-01,Cochabamba,GASOLINA ESPECIAL + EESS,Gasolina Especial +,GASOLINA_ESPECIAL_MAS,"EST. DE SERV. ""TRANS SACABA S.A. II""",10000.0,
2026-09-01,Cochabamba,GASOLINA ESPECIAL + EESS,Gasolina Especial +,GASOLINA_ESPECIAL_MAS,"EST. DE SERV. ""TIRAQUE""",12000.0,
2026-09-01,Cochabamba,GASOLINA ESPECIAL + EESS,Gasolina Especial +,GASOLINA_ESPECIAL_MAS,"EST. DE SERV. ""TIQUIPAYA"" - VENICIA ALANEZ JIMENES",6000.0,
2026-09-01,Cochabamba,GASOLINA ESPECIAL + EESS,Gasolina Especial +,GASOLINA_ESPECIAL_MAS,"EST. DE SERV. ""SIPE SIPE S.R.L.""",14000.0,
2026-09-01,Cochabamba,GASOLINA ESPECIAL + EESS,Gasolina Especial +,GASOLINA_ESPECIAL_MAS,"EST. DE SERV. ""SENOR SANTIAGO"" - E. DELGADILLO",10000.0,
2026-09-01,Cochabamba,GASOLINA ESPECIAL + EESS,Gasolina Especial +,GASOLINA_ESPECIAL_MAS,"EST. DE SERV. ""SENOR SANTIAGO SUC. 1"" - E. DELGADILLO",10000.0,
2026-09-01,Cochabamba,GASOLINA ESPECIAL + EESS,Gasolina Especial +,GASOLINA_ESPECIAL_MAS,"EST. DE SERV. ""SANTA MONICA"" S.R.L.",10000.0,
2026-09-01,Cochabamba,GASOLINA ESPECIAL + EESS,Gasolina Especial +,GASOLINA_ESPECIAL_MAS,"EST. DE SERV. ""SAN JUAN BAUTISTA S.R.L.""",12000.0,
2026-09-01,Cochabamba,GASOLINA ESPECIAL + EESS,Gasolina Especial +,GASOLINA_ESPECIAL_MAS,"EST. DE SERV. ""SAN JORGE CBBA S.R.L.""",14000.0,
2026-09-01,Cochabamba,GASOLINA ESPECIAL + EESS,Gasolina Especial +,GASOLINA_ESPECIAL_MAS,"EST. DE SERV. ""RIOJA""",8000.0,
2026-09-01,Cochabamba,GASOLINA ESPECIAL + EESS,Gasolina Especial +,GASOLINA_ESPECIAL_MAS,"EST. DE SERV. ""REFINERIA""- SIMON RODRIGO FERRUFINO",6000.0,
2026-09-01,Cochabamba,GASOLINA ESPECIAL + EESS,Gasolina Especial +,GASOLINA_ESPECIAL_MAS,"EST. DE SERV. ""PORTALEZ S.R.L.""",18000.0,
2026-09-01,Cochabamba,GASOLINA ESPECIAL + EESS,Gasolina Especial +,GASOLINA_ESPECIAL_MAS,"EST. DE SERV. ""PETROGAS S.R.L.""",6000.0,
2026-09-01,Cochabamba,GASOLINA ESPECIAL + EESS,Gasolina Especial +,GASOLINA_ESPECIAL_MAS,"EST. DE SERV. ""PAREDES VALLEJOS"" - JHONNY MILTON PAREDES VALLEJOS",10000.0,
2026-09-01,Cochabamba,GASOLINA ESPECIAL + EESS,Gasolina Especial +,GASOLINA_ESPECIAL_MAS,"EST. DE SERV. ""PARAJE 24.7 SRL""",12000.0,
2026-09-01,Cochabamba,GASOLINA ESPECIAL + EESS,Gasolina Especial +,GASOLINA_ESPECIAL_MAS,"EST. DE SERV. ""PARAJE 24.7 SRL SUC. 1""",10000.0,
2026-09-01,Cochabamba,GASOLINA ESPECIAL + EESS,Gasolina Especial +,GASOLINA_ESPECIAL_MAS,"EST. DE SERV. ""PANAMERICANA"" SUCURSAL COCHABAMBA",10000.0,
2026-09-01,Cochabamba,GASOLINA ESPECIAL + EESS,Gasolina Especial +,GASOLINA_ESPECIAL_MAS,"EST. DE SERV. ""NISSAN"" - SIMON FERRUFINO",8000.0,
2026-09-01,Cochabamba,GASOLINA ESPECIAL + EESS,Gasolina Especial +,GASOLINA_ESPECIAL_MAS,"EST. DE SERV. ""MONTERREY S.R.L.""",10000.0,
2026-09-01,Cochabamba,GASOLINA ESPECIAL + EESS,Gasolina Especial +,GASOLINA_ESPECIAL_MAS,"EST. DE SERV. ""MIZQUE"" - DIOGENES MONTENEGRO P.",6000.0,
2026-09-01,Cochabamba,GASOLINA ESPECIAL + EESS,Gasolina Especial +,GASOLINA_ESPECIAL_MAS,"EST. DE SERV. ""MAX MAMANGUENO"" - E. MELGAREJO",6000.0,
2026-09-01,Cochabamba,GASOLINA ESPECIAL + EESS,Gasolina Especial +,GASOLINA_ESPECIAL_MAS,"EST. DE SERV. ""LOS ALPES""-BERTHA CAMACHO RICALDEZ",12000.0,
2026-09-01,Cochabamba,GASOLINA ESPECIAL + EESS,Gasolina Especial +,GASOLINA_ESPECIAL_MAS,"EST. DE SERV. ""LORETO"" SUC. 1",10000.0,
2026-09-01,Cochabamba,GASOLINA ESPECIAL + EESS,Gasolina Especial +,GASOLINA_ESPECIAL_MAS,"EST. DE SERV. ""LA PATRIA S.R.L.""",6000.0,
2026-09-01,Cochabamba,GASOLINA ESPECIAL + EESS,Gasolina Especial +,GASOLINA_ESPECIAL_MAS,"EST. DE SERV. ""ISABEL CHAVEZ""",10000.0,
2026-09-01,Cochabamba,GASOLINA ESPECIAL + EESS,Gasolina Especial +,GASOLINA_ESPECIAL_MAS,"EST. DE SERV. ""IQUIRCOLLO S.R.L.""",16000.0,
2026-09-01,Cochabamba,GASOLINA ESPECIAL + EESS,Gasolina Especial +,GASOLINA_ESPECIAL_MAS,"EST. DE SERV. ""IQUIRCOLLO S.R.L. SUC. 1""",14000.0,
2026-09-01,Cochabamba,GASOLINA ESPECIAL + EESS,Gasolina Especial +,GASOLINA_ESPECIAL_MAS,"EST. DE SERV. ""GUADELOUPE GROUP S.R.L.""",10000.0,
2026-09-01,Cochabamba,GASOLINA ESPECIAL + EESS,Gasolina Especial +,GASOLINA_ESPECIAL_MAS,"EST. DE SERV. ""GASNOR S.R.L.""",8000.0,
2026-09-01,Cochabamba,GASOLINA ESPECIAL + EESS,Gasolina Especial +,GASOLINA_ESPECIAL_MAS,"EST. DE SERV. ""FORTALEZA ENERGY S.R.L.""",6000.0,
2026-09-01,Cochabamba,GASOLINA ESPECIAL + EESS,Gasolina Especial +,GASOLINA_ESPECIAL_MAS,"EST. DE SERV. ""EQGAS"" S.R.L.",8000.0,
2026-09-01,Cochabamba,GASOLINA ESPECIAL + EESS,Gasolina Especial +,GASOLINA_ESPECIAL_MAS,"EST. DE SERV. ""EPIZANA""",10000.0,
2026-09-01,Cochabamba,GASOLINA ESPECIAL + EESS,Gasolina Especial +,GASOLINA_ESPECIAL_MAS,"EST. DE SERV. ""EL MANANTIAL SUC. 2""",12000.0,
2026-09-01,Cochabamba,GASOLINA ESPECIAL + EESS,Gasolina Especial +,GASOLINA_ESPECIAL_MAS,"EST. DE SERV. ""EL MANANTIAL SUC. 1""",10000.0,
2026-09-01,Cochabamba,GASOLINA ESPECIAL + EESS,Gasolina Especial +,GASOLINA_ESPECIAL_MAS,"EST. DE SERV. ""EL MANANTIAL SRL""",10000.0,
2026-09-01,Cochabamba,GASOLINA ESPECIAL + EESS,Gasolina Especial +,GASOLINA_ESPECIAL_MAS,"EST. DE SERV. ""EL CRISTO"" - CRISTIAN SABAG",28000.0,
2026-09-01,Cochabamba,GASOLINA ESPECIAL + EESS,Gasolina Especial +,GASOLINA_ESPECIAL_MAS,"EST. DE SERV. ""DORBIGNI""",12000.0,
2026-09-01,Cochabamba,GASOLINA ESPECIAL + EESS,Gasolina Especial +,GASOLINA_ESPECIAL_MAS,"EST. DE SERV. ""DISEL S.R.L.""",8000.0,
2026-09-01,Cochabamba,GASOLINA ESPECIAL + EESS,Gasolina Especial +,GASOLINA_ESPECIAL_MAS,"EST. DE SERV. ""DISEL S.R.L. I""",8000.0,
2026-09-01,Cochabamba,GASOLINA ESPECIAL + EESS,Gasolina Especial +,GASOLINA_ESPECIAL_MAS,"EST. DE SERV. ""DELAASUNCION-AMERICA S.R.L.""",12000.0,
2026-09-01,Cochabamba,GASOLINA ESPECIAL + EESS,Gasolina Especial +,GASOLINA_ESPECIAL_MAS,"EST. DE SERV. ""DAYANA""",10000.0,
2026-09-01,Cochabamba,GASOLINA ESPECIAL + EESS,Gasolina Especial +,GASOLINA_ESPECIAL_MAS,"EST. DE SERV. ""COMERCIALIZADORA QK S.R.L.""",10000.0,
2026-09-01,Cochabamba,GASOLINA ESPECIAL + EESS,Gasolina Especial +,GASOLINA_ESPECIAL_MAS,"EST. DE SERV. ""COCHABAMBA""",14000.0,
2026-09-01,Cochabamba,GASOLINA ESPECIAL + EESS,Gasolina Especial +,GASOLINA_ESPECIAL_MAS,"EST. DE SERV. ""COCHABAMBA S.R.L. SUC. 2""",12000.0,
2026-09-01,Cochabamba,GASOLINA ESPECIAL + EESS,Gasolina Especial +,GASOLINA_ESPECIAL_MAS,"EST. DE SERV. ""COCHABAMBA S.R.L. SUC. 1""",12000.0,
2026-09-01,Cochabamba,GASOLINA ESPECIAL + EESS,Gasolina Especial +,GASOLINA_ESPECIAL_MAS,"EST. DE SERV. ""CITY TRUCK FH S.R.L.""",10000.0,
2026-09-01,Cochabamba,GASOLINA ESPECIAL + EESS,Gasolina Especial +,GASOLINA_ESPECIAL_MAS,"EST. DE SERV. ""CIRCUITO BOLIVIA S.A.""",14000.0,
2026-09-01,Cochabamba,GASOLINA ESPECIAL + EESS,Gasolina Especial +,GASOLINA_ESPECIAL_MAS,"EST. DE SERV. ""CHULLPANI"" - TORRICO AGUILAR JOSE M",18000.0,
2026-09-01,Cochabamba,GASOLINA ESPECIAL + EESS,Gasolina Especial +,GASOLINA_ESPECIAL_MAS,"EST. DE SERV. ""CHINATA S.R.L.""",10000.0,
2026-09-01,Cochabamba,GASOLINA ESPECIAL + EESS,Gasolina Especial +,GASOLINA_ESPECIAL_MAS,"EST. DE SERV. ""CHIMBOCO""",14000.0,
2026-09-01,Cochabamba,GASOLINA ESPECIAL + EESS,Gasolina Especial +,GASOLINA_ESPECIAL_MAS,"EST. DE SERV. ""C.G.C. SRL""",10000.0,
2026-09-01,Cochabamba,GASOLINA ESPECIAL + EESS,Gasolina Especial +,GASOLINA_ESPECIAL_MAS,"EST. DE SERV. ""AYACUCHO""",12000.0,
2026-09-01,Cochabamba,GASOLINA ESPECIAL + EESS,Gasolina Especial +,GASOLINA_ESPECIAL_MAS,"EST. DE SERV. ""ARISPE""",12000.0,
2026-09-01,Cochabamba,GASOLINA ESPECIAL + EESS,Gasolina Especial +,GASOLINA_ESPECIAL_MAS,"EST. DE SERV. ""ARANJUEZ""",16000.0,
2026-09-01,Cochabamba,GASOLINA ESPECIAL + EESS,Gasolina Especial +,GASOLINA_ESPECIAL_MAS,"EST. DE SERV. ""AEROPUERTO S.R.L.""",10000.0,
2026-09-01,Cochabamba,GASOLINA ESPECIAL + EESS,Gasolina Especial +,GASOLINA_ESPECIAL_MAS,"EST. DE SERV. ""A.C.B. CARBURANTES SRL""",16000.0,
2026-09-01,Cochabamba,GASOLINA ESPECIAL + EESS,Gasolina Especial +,GASOLINA_ESPECIAL_MAS,"EST. DE SERV. ""20 DE DICIEMBRE""",12000.0,
2026-09-01,Cochabamba,GASOLINA ESPECIAL + EESS,Gasolina Especial +,GASOLINA_ESPECIAL_MAS,"EST. DE SERV. "" LAS PALMERAS S.R.L.""",10000.0,
2026-09-01,Cochabamba,GASOLINA ESPECIAL + EESS,Gasolina Especial +,GASOLINA_ESPECIAL_MAS,COMERCIALIZADORA DE SERVICIOS LUBRISHOP S.R.L.,6000.0,
2026-09-01,Cochabamba,GASOLINA ESPECIAL + EESS,Gasolina Especial +,GASOLINA_ESPECIAL_MAS,CENTRO DE SERVICIOS VALLEPUNATA S.R.L.,9000.0,
2026-09-01,Cochabamba,DIESEL OIL NACIONAL GRACO,Diesel Oil Nacional,DIESEL_NACIONAL,SERVICIO DEPARTAMENTAL DE CAMINOS,10000.0,
2026-09-01,Cochabamba,DIESEL OIL NACIONAL GRACO,Diesel Oil Nacional,DIESEL_NACIONAL,EMPRESA MUNICIPAL DE SERVICIOS DE ASEO,10000.0,
2026-09-01,Cochabamba,DIESEL OIL NACIONAL EESS,Diesel Oil Nacional,DIESEL_NACIONAL,TERMINAL DE BUSES COCHABAMBA S.A.,14000.0,
2026-09-01,Cochabamba,DIESEL OIL NACIONAL EESS,Diesel Oil Nacional,DIESEL_NACIONAL,IMBRANJO S.R.L.,20000.0,
2026-09-01,Cochabamba,DIESEL OIL NACIONAL EESS,Diesel Oil Nacional,DIESEL_NACIONAL,ESTACIÓN DE SERVICIO VALLESANTIVAÑEZ S.R.L.,12000.0,
2026-09-01,Cochabamba,DIESEL OIL NACIONAL EESS,Diesel Oil Nacional,DIESEL_NACIONAL,ESTACIÓN DE SERVICIO FRANQUITO,11000.0,
2026-09-01,Cochabamba,DIESEL OIL NACIONAL EESS,Diesel Oil Nacional,DIESEL_NACIONAL,ESTACION DE SERVICIO TICTI S.R.L.,15000.0,
2026-09-01,Cochabamba,DIESEL OIL NACIONAL EESS,Diesel Oil Nacional,DIESEL_NACIONAL,ESTACION DE SERVICIO PAPU S.R.L.,12000.0,
2026-09-01,Cochabamba,DIESEL OIL NACIONAL EESS,Diesel Oil Nacional,DIESEL_NACIONAL,ESTACION DE SERVICIO OMEREQUE,12000.0,
2026-09-01,Cochabamba,DIESEL OIL NACIONAL EESS,Diesel Oil Nacional,DIESEL_NACIONAL,ESTACION DE SERVICIO LOS LIBERTADORES S.R.L.,8000.0,
2026-09-01,Cochabamba,DIESEL OIL NACIONAL EESS,Diesel Oil Nacional,DIESEL_NACIONAL,ESTACION DE SERVICIO LOS ALAMOS S.R.L.,32000.0,
2026-09-01,Cochabamba,DIESEL OIL NACIONAL EESS,Diesel Oil Nacional,DIESEL_NACIONAL,ESTACION DE SERVICIO BEIJING S.R.L.,14000.0,
2026-09-01,Cochabamba,DIESEL OIL NACIONAL EESS,Diesel Oil Nacional,DIESEL_NACIONAL,ESTACION DE SERVICIO ANITA,20000.0,
2026-09-01,Cochabamba,DIESEL OIL NACIONAL EESS,Diesel Oil Nacional,DIESEL_NACIONAL,"EST. DE SERV. ""VILLA OBRAJES""",20000.0,
2026-09-01,Cochabamba,DIESEL OIL NACIONAL EESS,Diesel Oil Nacional,DIESEL_NACIONAL,"EST. DE SERV. ""URKUPINA"" - ALBERTO OPORTO",15000.0,
2026-09-01,Cochabamba,DIESEL OIL NACIONAL EESS,Diesel Oil Nacional,DIESEL_NACIONAL,"EST. DE SERV. ""URKUPINA I""- ALBERTO OPORTO L.",6000.0,
2026-09-01,Cochabamba,DIESEL OIL NACIONAL EESS,Diesel Oil Nacional,DIESEL_NACIONAL,"EST. DE SERV. ""TRANS SACABA S.A.""",14000.0,
2026-09-01,Cochabamba,DIESEL OIL NACIONAL EESS,Diesel Oil Nacional,DIESEL_NACIONAL,"EST. DE SERV. ""TRANS SACABA S.A. II""",17000.0,
2026-09-01,Cochabamba,DIESEL OIL NACIONAL EESS,Diesel Oil Nacional,DIESEL_NACIONAL,"EST. DE SERV. ""TIRAQUE""",12000.0,
2026-09-01,Cochabamba,DIESEL OIL NACIONAL EESS,Diesel Oil Nacional,DIESEL_NACIONAL,"EST. DE SERV. ""TIQUIPAYA"" - VENICIA ALANEZ JIMENES",6000.0,
2026-09-01,Cochabamba,DIESEL OIL NACIONAL EESS,Diesel Oil Nacional,DIESEL_NACIONAL,"EST. DE SERV. ""SUTICOLLO""",22000.0,
2026-09-01,Cochabamba,DIESEL OIL NACIONAL EESS,Diesel Oil Nacional,DIESEL_NACIONAL,"EST. DE SERV. ""SIPE SIPE S.R.L.""",32000.0,
2026-09-01,Cochabamba,DIESEL OIL NACIONAL EESS,Diesel Oil Nacional,DIESEL_NACIONAL,"EST. DE SERV. ""SENOR SANTIAGO"" - E. DELGADILLO",8000.0,
2026-09-01,Cochabamba,DIESEL OIL NACIONAL EESS,Diesel Oil Nacional,DIESEL_NACIONAL,"EST. DE SERV. ""SANTA MONICA"" S.R.L.",8000.0,
2026-09-01,Cochabamba,DIESEL OIL NACIONAL EESS,Diesel Oil Nacional,DIESEL_NACIONAL,"EST. DE SERV. ""SAN JUAN BAUTISTA S.R.L.""",12000.0,
2026-09-01,Cochabamba,DIESEL OIL NACIONAL EESS,Diesel Oil Nacional,DIESEL_NACIONAL,"EST. DE SERV. ""SAN JORGE CBBA S.R.L.""",32000.0,
2026-09-01,Cochabamba,DIESEL OIL NACIONAL EESS,Diesel Oil Nacional,DIESEL_NACIONAL,"EST. DE SERV. ""RIOJA""",10000.0,
2026-09-01,Cochabamba,DIESEL OIL NACIONAL EESS,Diesel Oil Nacional,DIESEL_NACIONAL,"EST. DE SERV. ""REFINERIA""- SIMON RODRIGO FERRUFINO",6000.0,
2026-09-01,Cochabamba,DIESEL OIL NACIONAL EESS,Diesel Oil Nacional,DIESEL_NACIONAL,"EST. DE SERV. ""PETROGAS S.R.L.""",14000.0,
2026-09-01,Cochabamba,DIESEL OIL NACIONAL EESS,Diesel Oil Nacional,DIESEL_NACIONAL,"EST. DE SERV. ""PAROTANI""",28000.0,
2026-09-01,Cochabamba,DIESEL OIL NACIONAL EESS,Diesel Oil Nacional,DIESEL_NACIONAL,"EST. DE SERV. ""PAREDES VALLEJOS"" - JHONNY MILTON PAREDES VALLEJOS",12000.0,
2026-09-01,Cochabamba,DIESEL OIL NACIONAL EESS,Diesel Oil Nacional,DIESEL_NACIONAL,"EST. DE SERV. ""PARAJE 24.7 SRL""",22000.0,
2026-09-01,Cochabamba,DIESEL OIL NACIONAL EESS,Diesel Oil Nacional,DIESEL_NACIONAL,"EST. DE SERV. ""PARAJE 24.7 SRL SUC. 1""",10000.0,
2026-09-01,Cochabamba,DIESEL OIL NACIONAL EESS,Diesel Oil Nacional,DIESEL_NACIONAL,"EST. DE SERV. ""NISSAN"" - SIMON FERRUFINO",6000.0,
2026-09-01,Cochabamba,DIESEL OIL NACIONAL EESS,Diesel Oil Nacional,DIESEL_NACIONAL,"EST. DE SERV. ""MONTERREY S.R.L.""",24000.0,
2026-09-01,Cochabamba,DIESEL OIL NACIONAL EESS,Diesel Oil Nacional,DIESEL_NACIONAL,"EST. DE SERV. ""MIZQUE"" - DIOGENES MONTENEGRO P.",6000.0,
2026-09-01,Cochabamba,DIESEL OIL NACIONAL EESS,Diesel Oil Nacional,DIESEL_NACIONAL,"EST. DE SERV. ""MAX MAMANGUENO"" - E. MELGAREJO",8000.0,
2026-09-01,Cochabamba,DIESEL OIL NACIONAL EESS,Diesel Oil Nacional,DIESEL_NACIONAL,"EST. DE SERV. ""LOS ALPES""-BERTHA CAMACHO RICALDEZ",8000.0,
2026-09-01,Cochabamba,DIESEL OIL NACIONAL EESS,Diesel Oil Nacional,DIESEL_NACIONAL,"EST. DE SERV. ""LORETO"" SUC. 1",14000.0,
2026-09-01,Cochabamba,DIESEL OIL NACIONAL EESS,Diesel Oil Nacional,DIESEL_NACIONAL,"EST. DE SERV. ""LA MERCED S.R.L.""",10000.0,
2026-09-01,Cochabamba,DIESEL OIL NACIONAL EESS,Diesel Oil Nacional,DIESEL_NACIONAL,"EST. DE SERV. ""ITAPAYA"" - ALBERTO AMURRIO F.",12000.0,
2026-09-01,Cochabamba,DIESEL OIL NACIONAL EESS,Diesel Oil Nacional,DIESEL_NACIONAL,"EST. DE SERV. ""ISABEL CHAVEZ""",10000.0,
2026-09-01,Cochabamba,DIESEL OIL NACIONAL EESS,Diesel Oil Nacional,DIESEL_NACIONAL,"EST. DE SERV. ""IQUIRCOLLO S.R.L.""",32000.0,
2026-09-01,Cochabamba,DIESEL OIL NACIONAL EESS,Diesel Oil Nacional,DIESEL_NACIONAL,"EST. DE SERV. ""GASNOR S.R.L.""",6000.0,
2026-09-01,Cochabamba,DIESEL OIL NACIONAL EESS,Diesel Oil Nacional,DIESEL_NACIONAL,"EST. DE SERV. ""FORTALEZA ENERGY S.R.L.""",6000.0,
2026-09-01,Cochabamba,DIESEL OIL NACIONAL EESS,Diesel Oil Nacional,DIESEL_NACIONAL,"EST. DE SERV. ""EQGAS"" S.R.L.",8000.0,
2026-09-01,Cochabamba,DIESEL OIL NACIONAL EESS,Diesel Oil Nacional,DIESEL_NACIONAL,"EST. DE SERV. ""EPIZANA""",10000.0,
2026-09-01,Cochabamba,DIESEL OIL NACIONAL EESS,Diesel Oil Nacional,DIESEL_NACIONAL,"EST. DE SERV. ""EL VIAJERO SRL""",24000.0,
2026-09-01,Cochabamba,DIESEL OIL NACIONAL EESS,Diesel Oil Nacional,DIESEL_NACIONAL,"EST. DE SERV. ""EL MANANTIAL SRL""",6000.0,
2026-09-01,Cochabamba,DIESEL OIL NACIONAL EESS,Diesel Oil Nacional,DIESEL_NACIONAL,"EST. DE SERV. ""EL CRISTO"" - CRISTIAN SABAG",8000.0,
2026-09-01,Cochabamba,DIESEL OIL NACIONAL EESS,Diesel Oil Nacional,DIESEL_NACIONAL,"EST. DE SERV. ""DISEL S.R.L.""",28000.0,
2026-09-01,Cochabamba,DIESEL OIL NACIONAL EESS,Diesel Oil Nacional,DIESEL_NACIONAL,"EST. DE SERV. ""DISEL S.R.L. I""",32000.0,
2026-09-01,Cochabamba,DIESEL OIL NACIONAL EESS,Diesel Oil Nacional,DIESEL_NACIONAL,"EST. DE SERV. ""DAYANA""",12000.0,
2026-09-01,Cochabamba,DIESEL OIL NACIONAL EESS,Diesel Oil Nacional,DIESEL_NACIONAL,"EST. DE SERV. ""COMERCIALIZADORA QK S.R.L.""",10000.0,
2026-09-01,Cochabamba,DIESEL OIL NACIONAL EESS,Diesel Oil Nacional,DIESEL_NACIONAL,"EST. DE SERV. ""COCHABAMBA""",32000.0,
2026-09-01,Cochabamba,DIESEL OIL NACIONAL EESS,Diesel Oil Nacional,DIESEL_NACIONAL,"EST. DE SERV. ""COCHABAMBA S.R.L. SUC. 1""",14000.0,
2026-09-01,Cochabamba,DIESEL OIL NACIONAL EESS,Diesel Oil Nacional,DIESEL_NACIONAL,"EST. DE SERV. ""CITY TRUCK FH S.R.L.""",18000.0,
2026-09-01,Cochabamba,DIESEL OIL NACIONAL EESS,Diesel Oil Nacional,DIESEL_NACIONAL,"EST. DE SERV. ""CIRCUITO BOLIVIA S.A.""",8000.0,
2026-09-01,Cochabamba,DIESEL OIL NACIONAL EESS,Diesel Oil Nacional,DIESEL_NACIONAL,"EST. DE SERV. ""CHULLPANI"" - TORRICO AGUILAR JOSE M",14000.0,
2026-09-01,Cochabamba,DIESEL OIL NACIONAL EESS,Diesel Oil Nacional,DIESEL_NACIONAL,"EST. DE SERV. ""CHINATA S.R.L.""",20000.0,
2026-09-01,Cochabamba,DIESEL OIL NACIONAL EESS,Diesel Oil Nacional,DIESEL_NACIONAL,"EST. DE SERV. ""CHIMBOCO""",22000.0,
2026-09-01,Cochabamba,DIESEL OIL NACIONAL EESS,Diesel Oil Nacional,DIESEL_NACIONAL,"EST. DE SERV. ""C.G.C. SRL""",28000.0,
2026-09-01,Cochabamba,DIESEL OIL NACIONAL EESS,Diesel Oil Nacional,DIESEL_NACIONAL,"EST. DE SERV. ""ARISPE""",12000.0,
2026-09-01,Cochabamba,DIESEL OIL NACIONAL EESS,Diesel Oil Nacional,DIESEL_NACIONAL,"EST. DE SERV. ""AEROPUERTO S.R.L.""",12000.0,
2026-09-01,Cochabamba,DIESEL OIL NACIONAL EESS,Diesel Oil Nacional,DIESEL_NACIONAL,COMERCIALIZADORA DE SERVICIOS LUBRISHOP S.R.L.,6000.0,
2026-09-01,Cochabamba,DIESEL OIL NACIONAL EESS,Diesel Oil Nacional,DIESEL_NACIONAL,CENTRO DE SERVICIOS VALLEPUNATA S.R.L.,6000.0,
2026-09-15,Cochabamba,DIESEL OIL NACIONAL EESS,Diesel Oil Nacional,DIESEL_NACIONAL,TERMINAL DE BUSES COCHABAMBA S.A.,13000.0,
2026-09-15,Cochabamba,DIESEL OIL NACIONAL EESS,Diesel Oil Nacional,DIESEL_NACIONAL,IMBRANJO S.R.L.,18000.0,
2026-09-15,Cochabamba,DIESEL OIL NACIONAL EESS,Diesel Oil Nacional,DIESEL_NACIONAL,ESTACIÓN DE SERVICIO VALLESANTIVAÑEZ S.R.L.,12000.0,
2026-09-15,Cochabamba,DIESEL OIL NACIONAL EESS,Diesel Oil Nacional,DIESEL_NACIONAL,ESTACIÓN DE SERVICIO FRANQUITO,12000.0,
2026-09-15,Cochabamba,DIESEL OIL NACIONAL EESS,Diesel Oil Nacional,DIESEL_NACIONAL,ESTACION DE SERVICIO TICTI S.R.L.,14000.0,
2026-09-15,Cochabamba,DIESEL OIL NACIONAL EESS,Diesel Oil Nacional,DIESEL_NACIONAL,ESTACION DE SERVICIO PAPU S.R.L.,11000.0,
2026-09-15,Cochabamba,DIESEL OIL NACIONAL EESS,Diesel Oil Nacional,DIESEL_NACIONAL,ESTACION DE SERVICIO OMEREQUE,11000.0,
2026-09-15,Cochabamba,DIESEL OIL NACIONAL EESS,Diesel Oil Nacional,DIESEL_NACIONAL,ESTACION DE SERVICIO LOS LIBERTADORES S.R.L.,8000.0,
2026-09-15,Cochabamba,DIESEL OIL NACIONAL EESS,Diesel Oil Nacional,DIESEL_NACIONAL,ESTACION DE SERVICIO LOS ALAMOS S.R.L.,27000.0,
2026-09-15,Cochabamba,DIESEL OIL NACIONAL EESS,Diesel Oil Nacional,DIESEL_NACIONAL,ESTACION DE SERVICIO BEIJING S.R.L.,13000.0,
2026-09-15,Cochabamba,DIESEL OIL NACIONAL EESS,Diesel Oil Nacional,DIESEL_NACIONAL,ESTACION DE SERVICIO ANITA,18000.0,
2026-09-15,Cochabamba,DIESEL OIL NACIONAL EESS,Diesel Oil Nacional,DIESEL_NACIONAL,"EST. DE SERV. ""VILLA OBRAJES""",18000.0,
2026-09-15,Cochabamba,DIESEL OIL NACIONAL EESS,Diesel Oil Nacional,DIESEL_NACIONAL,"EST. DE SERV. ""URKUPINA"" - ALBERTO OPORTO",14000.0,
2026-09-15,Cochabamba,DIESEL OIL NACIONAL EESS,Diesel Oil Nacional,DIESEL_NACIONAL,"EST. DE SERV. ""URKUPINA I""- ALBERTO OPORTO L.",6000.0,
2026-09-15,Cochabamba,DIESEL OIL NACIONAL EESS,Diesel Oil Nacional,DIESEL_NACIONAL,"EST. DE SERV. ""TRANS SACABA S.A.""",13000.0,
2026-09-15,Cochabamba,DIESEL OIL NACIONAL EESS,Diesel Oil Nacional,DIESEL_NACIONAL,"EST. DE SERV. ""TRANS SACABA S.A. II""",15000.0,
2026-09-15,Cochabamba,DIESEL OIL NACIONAL EESS,Diesel Oil Nacional,DIESEL_NACIONAL,"EST. DE SERV. ""TIRAQUE""",12000.0,
2026-09-15,Cochabamba,DIESEL OIL NACIONAL EESS,Diesel Oil Nacional,DIESEL_NACIONAL,"EST. DE SERV. ""TIQUIPAYA"" - VENICIA ALANEZ JIMENES",6000.0,
2026-09-15,Cochabamba,DIESEL OIL NACIONAL EESS,Diesel Oil Nacional,DIESEL_NACIONAL,"EST. DE SERV. ""SUTICOLLO""",20000.0,
2026-09-15,Cochabamba,DIESEL OIL NACIONAL EESS,Diesel Oil Nacional,DIESEL_NACIONAL,"EST. DE SERV. ""SIPE SIPE S.R.L.""",29000.0,
2026-09-15,Cochabamba,DIESEL OIL NACIONAL EESS,Diesel Oil Nacional,DIESEL_NACIONAL,"EST. DE SERV. ""SENOR SANTIAGO"" - E. DELGADILLO",7000.0,
2026-09-15,Cochabamba,DIESEL OIL NACIONAL EESS,Diesel Oil Nacional,DIESEL_NACIONAL,"EST. DE SERV. ""SANTA MONICA"" S.R.L.",7000.0,
2026-09-15,Cochabamba,DIESEL OIL NACIONAL EESS,Diesel Oil Nacional,DIESEL_NACIONAL,"EST. DE SERV. ""SAN JUAN BAUTISTA S.R.L.""",11000.0,
2026-09-15,Cochabamba,DIESEL OIL NACIONAL EESS,Diesel Oil Nacional,DIESEL_NACIONAL,"EST. DE SERV. ""SAN JORGE CBBA S.R.L.""",27000.0,
2026-09-15,Cochabamba,DIESEL OIL NACIONAL EESS,Diesel Oil Nacional,DIESEL_NACIONAL,"EST. DE SERV. ""RIOJA""",9000.0,
2026-09-15,Cochabamba,DIESEL OIL NACIONAL EESS,Diesel Oil Nacional,DIESEL_NACIONAL,"EST. DE SERV. ""REFINERIA""- SIMON RODRIGO FERRUFINO",6000.0,
2026-09-15,Cochabamba,DIESEL OIL NACIONAL EESS,Diesel Oil Nacional,DIESEL_NACIONAL,"EST. DE SERV. ""PETROGAS S.R.L.""",13000.0,
2026-09-15,Cochabamba,DIESEL OIL NACIONAL EESS,Diesel Oil Nacional,DIESEL_NACIONAL,"EST. DE SERV. ""PAROTANI""",25000.0,
2026-09-15,Cochabamba,DIESEL OIL NACIONAL EESS,Diesel Oil Nacional,DIESEL_NACIONAL,"EST. DE SERV. ""PAREDES VALLEJOS"" - JHONNY MILTON PAREDES VALLEJOS",11000.0,
2026-09-15,Cochabamba,DIESEL OIL NACIONAL EESS,Diesel Oil Nacional,DIESEL_NACIONAL,"EST. DE SERV. ""PARAJE 24.7 SRL""",20000.0,
2026-09-15,Cochabamba,DIESEL OIL NACIONAL EESS,Diesel Oil Nacional,DIESEL_NACIONAL,"EST. DE SERV. ""PARAJE 24.7 SRL SUC. 1""",9000.0,
2026-09-15,Cochabamba,DIESEL OIL NACIONAL EESS,Diesel Oil Nacional,DIESEL_NACIONAL,"EST. DE SERV. ""NISSAN"" - SIMON FERRUFINO",6000.0,
2026-09-15,Cochabamba,DIESEL OIL NACIONAL EESS,Diesel Oil Nacional,DIESEL_NACIONAL,"EST. DE SERV. ""MONTERREY S.R.L.""",22000.0,
2026-09-15,Cochabamba,DIESEL OIL NACIONAL EESS,Diesel Oil Nacional,DIESEL_NACIONAL,"EST. DE SERV. ""MIZQUE"" - DIOGENES MONTENEGRO P.",6000.0,
2026-09-15,Cochabamba,DIESEL OIL NACIONAL EESS,Diesel Oil Nacional,DIESEL_NACIONAL,"EST. DE SERV. ""MAX MAMANGUENO"" - E. MELGAREJO",7000.0,
2026-09-15,Cochabamba,DIESEL OIL NACIONAL EESS,Diesel Oil Nacional,DIESEL_NACIONAL,"EST. DE SERV. ""LOS ALPES""-BERTHA CAMACHO RICALDEZ",7000.0,
2026-09-15,Cochabamba,DIESEL OIL NACIONAL EESS,Diesel Oil Nacional,DIESEL_NACIONAL,"EST. DE SERV. ""LORETO"" SUC. 1",13000.0,
2026-09-15,Cochabamba,DIESEL OIL NACIONAL EESS,Diesel Oil Nacional,DIESEL_NACIONAL,"EST. DE SERV. ""LA MERCED S.R.L.""",9000.0,
2026-09-15,Cochabamba,DIESEL OIL NACIONAL EESS,Diesel Oil Nacional,DIESEL_NACIONAL,"EST. DE SERV. ""ITAPAYA"" - ALBERTO AMURRIO F.",11000.0,
2026-09-15,Cochabamba,DIESEL OIL NACIONAL EESS,Diesel Oil Nacional,DIESEL_NACIONAL,"EST. DE SERV. ""ISABEL CHAVEZ""",9000.0,
2026-09-15,Cochabamba,DIESEL OIL NACIONAL EESS,Diesel Oil Nacional,DIESEL_NACIONAL,"EST. DE SERV. ""IQUIRCOLLO S.R.L.""",27000.0,
2026-09-15,Cochabamba,DIESEL OIL NACIONAL EESS,Diesel Oil Nacional,DIESEL_NACIONAL,"EST. DE SERV. ""INVERSIONES VALLESUR S.A.""",11000.0,
2026-09-15,Cochabamba,DIESEL OIL NACIONAL EESS,Diesel Oil Nacional,DIESEL_NACIONAL,"EST. DE SERV. ""GASNOR S.R.L.""",6000.0,
2026-09-15,Cochabamba,DIESEL OIL NACIONAL EESS,Diesel Oil Nacional,DIESEL_NACIONAL,"EST. DE SERV. ""FORTALEZA ENERGY S.R.L.""",6000.0,
2026-09-15,Cochabamba,DIESEL OIL NACIONAL EESS,Diesel Oil Nacional,DIESEL_NACIONAL,"EST. DE SERV. ""EQGAS"" S.R.L.",7000.0,
2026-09-15,Cochabamba,DIESEL OIL NACIONAL EESS,Diesel Oil Nacional,DIESEL_NACIONAL,"EST. DE SERV. ""EPIZANA""",12000.0,
2026-09-15,Cochabamba,DIESEL OIL NACIONAL EESS,Diesel Oil Nacional,DIESEL_NACIONAL,"EST. DE SERV. ""EL VIAJERO SRL""",22000.0,
2026-09-15,Cochabamba,DIESEL OIL NACIONAL EESS,Diesel Oil Nacional,DIESEL_NACIONAL,"EST. DE SERV. ""EL MANANTIAL SRL""",6000.0,
2026-09-15,Cochabamba,DIESEL OIL NACIONAL EESS,Diesel Oil Nacional,DIESEL_NACIONAL,"EST. DE SERV. ""EL CRISTO"" - CRISTIAN SABAG",7000.0,
2026-09-15,Cochabamba,DIESEL OIL NACIONAL EESS,Diesel Oil Nacional,DIESEL_NACIONAL,"EST. DE SERV. ""DISEL S.R.L.""",25000.0,
2026-09-15,Cochabamba,DIESEL OIL NACIONAL EESS,Diesel Oil Nacional,DIESEL_NACIONAL,"EST. DE SERV. ""DISEL S.R.L. I""",29000.0,
2026-09-15,Cochabamba,DIESEL OIL NACIONAL EESS,Diesel Oil Nacional,DIESEL_NACIONAL,"EST. DE SERV. ""DAYANA""",12000.0,
2026-09-15,Cochabamba,DIESEL OIL NACIONAL EESS,Diesel Oil Nacional,DIESEL_NACIONAL,COMERCIALIZADORA DE SERVICIOS LUBRISHOP S.R.L.,8000.0,
2026-09-15,Cochabamba,DIESEL OIL NACIONAL EESS,Diesel Oil Nacional,DIESEL_NACIONAL,"EST. DE SERV. ""COMERCIALIZADORA QK S.R.L.""",9000.0,
2026-09-15,Cochabamba,DIESEL OIL NACIONAL EESS,Diesel Oil Nacional,DIESEL_NACIONAL,"EST. DE SERV. ""COCHABAMBA""",29000.0,
2026-09-15,Cochabamba,DIESEL OIL NACIONAL EESS,Diesel Oil Nacional,DIESEL_NACIONAL,"EST. DE SERV. ""COCHABAMBA S.R.L. SUC. 1""",13000.0,
2026-09-15,Cochabamba,DIESEL OIL NACIONAL EESS,Diesel Oil Nacional,DIESEL_NACIONAL,"EST. DE SERV. ""CITY TRUCK FH S.R.L.""",16000.0,
2026-09-15,Cochabamba,DIESEL OIL NACIONAL EESS,Diesel Oil Nacional,DIESEL_NACIONAL,"EST. DE SERV. ""CIRCUITO BOLIVIA S.A.""",7000.0,
2026-09-15,Cochabamba,DIESEL OIL NACIONAL EESS,Diesel Oil Nacional,DIESEL_NACIONAL,"EST. DE SERV. ""CHULLPANI"" - TORRICO AGUILAR JOSE M",13000.0,
2026-09-15,Cochabamba,DIESEL OIL NACIONAL EESS,Diesel Oil Nacional,DIESEL_NACIONAL,"EST. DE SERV. ""CHINATA S.R.L.""",18000.0,
2026-09-15,Cochabamba,DIESEL OIL NACIONAL EESS,Diesel Oil Nacional,DIESEL_NACIONAL,"EST. DE SERV. ""CHIMBOCO""",20000.0,
2026-09-15,Cochabamba,DIESEL OIL NACIONAL EESS,Diesel Oil Nacional,DIESEL_NACIONAL,"EST. DE SERV. ""C.G.C. SRL""",25000.0,
2026-09-15,Cochabamba,DIESEL OIL NACIONAL EESS,Diesel Oil Nacional,DIESEL_NACIONAL,"EST. DE SERV. ""ARISPE""",11000.0,
2026-09-15,Cochabamba,DIESEL OIL NACIONAL EESS,Diesel Oil Nacional,DIESEL_NACIONAL,"EST. DE SERV. ""AEROPUERTO S.R.L.""",11000.0,
2026-09-15,Cochabamba,DIESEL OIL NACIONAL EESS,Diesel Oil Nacional,DIESEL_NACIONAL,CENTRO DE SERVICIOS VALLEPUNATA S.R.L.,6000.0,
2026-09-15,Cochabamba,GASOLINA ESPECIAL + EESS,Gasolina Especial +,GASOLINA_ESPECIAL_MAS,TERMINAL DE BUSES COCHABAMBA S.A.,10000.0,
2026-09-15,Cochabamba,GASOLINA ESPECIAL + EESS,Gasolina Especial +,GASOLINA_ESPECIAL_MAS,PETROCEL S.R.L.,12000.0,
2026-09-15,Cochabamba,GASOLINA ESPECIAL + EESS,Gasolina Especial +,GASOLINA_ESPECIAL_MAS,KHORA ESTACION DE SERVICIO - MEDRANO ARNEZ JAIME,6000.0,
2026-09-15,Cochabamba,GASOLINA ESPECIAL + EESS,Gasolina Especial +,GASOLINA_ESPECIAL_MAS,IMBRANJO S.R.L.,14000.0,
2026-09-15,Cochabamba,GASOLINA ESPECIAL + EESS,Gasolina Especial +,GASOLINA_ESPECIAL_MAS,FEDEX CHACO,3000.0,
2026-09-15,Cochabamba,GASOLINA ESPECIAL + EESS,Gasolina Especial +,GASOLINA_ESPECIAL_MAS,ESTAGAS S.R.L.,10000.0,
2026-09-15,Cochabamba,GASOLINA ESPECIAL + EESS,Gasolina Especial +,GASOLINA_ESPECIAL_MAS,ESTACIÓN DE SERVICIO VALLESANTIVAÑEZ S.R.L.,12000.0,
2026-09-15,Cochabamba,GASOLINA ESPECIAL + EESS,Gasolina Especial +,GASOLINA_ESPECIAL_MAS,ESTACIÓN DE SERVICIO FRANQUITO,12000.0,
2026-09-15,Cochabamba,GASOLINA ESPECIAL + EESS,Gasolina Especial +,GASOLINA_ESPECIAL_MAS,ESTACION DE SERVICIO VIRGEN DE LAS ANGUSTIAS S.R.L.,10000.0,
2026-09-15,Cochabamba,GASOLINA ESPECIAL + EESS,Gasolina Especial +,GASOLINA_ESPECIAL_MAS,ESTACION DE SERVICIO TICTI S.R.L.,12000.0,
2026-09-15,Cochabamba,GASOLINA ESPECIAL + EESS,Gasolina Especial +,GASOLINA_ESPECIAL_MAS,ESTACION DE SERVICIO PAPU S.R.L.,12000.0,
2026-09-15,Cochabamba,GASOLINA ESPECIAL + EESS,Gasolina Especial +,GASOLINA_ESPECIAL_MAS,ESTACION DE SERVICIO OMEREQUE,12000.0,
2026-09-15,Cochabamba,GASOLINA ESPECIAL + EESS,Gasolina Especial +,GASOLINA_ESPECIAL_MAS,ESTACION DE SERVICIO LOS LIBERTADORES S.R.L.,10000.0,
2026-09-15,Cochabamba,GASOLINA ESPECIAL + EESS,Gasolina Especial +,GASOLINA_ESPECIAL_MAS,ESTACION DE SERVICIO LOS ALAMOS S.R.L.,14000.0,
2026-09-15,Cochabamba,GASOLINA ESPECIAL + EESS,Gasolina Especial +,GASOLINA_ESPECIAL_MAS,ESTACION DE SERVICIO HIPODROMO S.R.L.,6000.0,
2026-09-15,Cochabamba,GASOLINA ESPECIAL + EESS,Gasolina Especial +,GASOLINA_ESPECIAL_MAS,ESTACION DE SERVICIO CAPITAN VICTOR USTARIZ S.R.L.,12000.0,
2026-09-15,Cochabamba,GASOLINA ESPECIAL + EESS,Gasolina Especial +,GASOLINA_ESPECIAL_MAS,ESTACION DE SERVICIO BEIJING S.R.L.,14000.0,
2026-09-15,Cochabamba,GASOLINA ESPECIAL + EESS,Gasolina Especial +,GASOLINA_ESPECIAL_MAS,ESTACION DE SERVICIO ANITA,16000.0,
2026-09-15,Cochabamba,GASOLINA ESPECIAL + EESS,Gasolina Especial +,GASOLINA_ESPECIAL_MAS,"ESTACION DE SERVICIO ""LOS LAURELES"" - DIEGO M. DELGADILLO ANTEZANA",10000.0,
2026-09-15,Cochabamba,GASOLINA ESPECIAL + EESS,Gasolina Especial +,GASOLINA_ESPECIAL_MAS,"EST. DE SERV. ""VILLA OBRAJES""",10000.0,
2026-09-15,Cochabamba,GASOLINA ESPECIAL + EESS,Gasolina Especial +,GASOLINA_ESPECIAL_MAS,"EST. DE SERV. ""URKUPINA"" - ALBERTO OPORTO",10000.0,
2026-09-15,Cochabamba,GASOLINA ESPECIAL + EESS,Gasolina Especial +,GASOLINA_ESPECIAL_MAS,"EST. DE SERV. ""URKUPINA I""- ALBERTO OPORTO L.",12000.0,
2026-09-15,Cochabamba,GASOLINA ESPECIAL + EESS,Gasolina Especial +,GASOLINA_ESPECIAL_MAS,"EST. DE SERV. ""TRANS SACABA S.A. II""",10000.0,
2026-09-15,Cochabamba,GASOLINA ESPECIAL + EESS,Gasolina Especial +,GASOLINA_ESPECIAL_MAS,"EST. DE SERV. ""PETROGAS S.R.L.""",6000.0,
2026-09-15,Cochabamba,GASOLINA ESPECIAL + EESS,Gasolina Especial +,GASOLINA_ESPECIAL_MAS,COMERCIALIZADORA DE SERVICIOS LUBRISHOP S.R.L.,6000.0,
2026-09-15,Cochabamba,GASOLINA ESPECIAL + EESS,Gasolina Especial +,GASOLINA_ESPECIAL_MAS,"EST. DE SERV. ""TIRAQUE""",12000.0,
2026-09-15,Cochabamba,GASOLINA ESPECIAL + EESS,Gasolina Especial +,GASOLINA_ESPECIAL_MAS,"EST. DE SERV. ""TIQUIPAYA"" - VENICIA ALANEZ JIMENES",6000.0,
2026-09-15,Cochabamba,GASOLINA ESPECIAL + EESS,Gasolina Especial +,GASOLINA_ESPECIAL_MAS,"EST. DE SERV. ""SIPE SIPE S.R.L.""",14000.0,
2026-09-15,Cochabamba,GASOLINA ESPECIAL + EESS,Gasolina Especial +,GASOLINA_ESPECIAL_MAS,"EST. DE SERV. ""SENOR SANTIAGO"" - E. DELGADILLO",10000.0,
2026-09-15,Cochabamba,GASOLINA ESPECIAL + EESS,Gasolina Especial +,GASOLINA_ESPECIAL_MAS,"EST. DE SERV. ""SENOR SANTIAGO SUC. 1"" - E. DELGADILLO",10000.0,
2026-09-15,Cochabamba,GASOLINA ESPECIAL + EESS,Gasolina Especial +,GASOLINA_ESPECIAL_MAS,"EST. DE SERV. ""SANTA MONICA"" S.R.L.",10000.0,
2026-09-15,Cochabamba,GASOLINA ESPECIAL + EESS,Gasolina Especial +,GASOLINA_ESPECIAL_MAS,"EST. DE SERV. ""SAN JUAN BAUTISTA S.R.L.""",12000.0,
2026-09-15,Cochabamba,GASOLINA ESPECIAL + EESS,Gasolina Especial +,GASOLINA_ESPECIAL_MAS,"EST. DE SERV. ""SAN JORGE CBBA S.R.L.""",14000.0,
2026-09-15,Cochabamba,GASOLINA ESPECIAL + EESS,Gasolina Especial +,GASOLINA_ESPECIAL_MAS,"EST. DE SERV. ""RIOJA""",8000.0,
2026-09-15,Cochabamba,GASOLINA ESPECIAL + EESS,Gasolina Especial +,GASOLINA_ESPECIAL_MAS,"EST. DE SERV. ""REFINERIA""- SIMON RODRIGO FERRUFINO",6000.0,
2026-09-15,Cochabamba,GASOLINA ESPECIAL + EESS,Gasolina Especial +,GASOLINA_ESPECIAL_MAS,"EST. DE SERV. ""PORTALEZ S.R.L.""",18000.0,
2026-09-15,Cochabamba,GASOLINA ESPECIAL + EESS,Gasolina Especial +,GASOLINA_ESPECIAL_MAS,"EST. DE SERV. ""PAREDES VALLEJOS"" - JHONNY MILTON PAREDES VALLEJOS",10000.0,
2026-09-15,Cochabamba,GASOLINA ESPECIAL + EESS,Gasolina Especial +,GASOLINA_ESPECIAL_MAS,"EST. DE SERV. ""PARAJE 24.7 SRL""",12000.0,
2026-09-15,Cochabamba,GASOLINA ESPECIAL + EESS,Gasolina Especial +,GASOLINA_ESPECIAL_MAS,"EST. DE SERV. ""PARAJE 24.7 SRL SUC. 1""",10000.0,
2026-09-15,Cochabamba,GASOLINA ESPECIAL + EESS,Gasolina Especial +,GASOLINA_ESPECIAL_MAS,"EST. DE SERV. ""PANAMERICANA"" SUCURSAL COCHABAMBA",10000.0,
2026-09-15,Cochabamba,GASOLINA ESPECIAL + EESS,Gasolina Especial +,GASOLINA_ESPECIAL_MAS,"EST. DE SERV. ""NISSAN"" - SIMON FERRUFINO",8000.0,
2026-09-15,Cochabamba,GASOLINA ESPECIAL + EESS,Gasolina Especial +,GASOLINA_ESPECIAL_MAS,"EST. DE SERV. ""MONTERREY S.R.L.""",10000.0,
2026-09-15,Cochabamba,GASOLINA ESPECIAL + EESS,Gasolina Especial +,GASOLINA_ESPECIAL_MAS,"EST. DE SERV. ""MIZQUE"" - DIOGENES MONTENEGRO P.",6000.0,
2026-09-15,Cochabamba,GASOLINA ESPECIAL + EESS,Gasolina Especial +,GASOLINA_ESPECIAL_MAS,"EST. DE SERV. ""MAX MAMANGUENO"" - E. MELGAREJO",6000.0,
2026-09-15,Cochabamba,GASOLINA ESPECIAL + EESS,Gasolina Especial +,GASOLINA_ESPECIAL_MAS,"EST. DE SERV. ""LOS ALPES""-BERTHA CAMACHO RICALDEZ",12000.0,
2026-09-15,Cochabamba,GASOLINA ESPECIAL + EESS,Gasolina Especial +,GASOLINA_ESPECIAL_MAS,"EST. DE SERV. ""LORETO"" SUC. 1",10000.0,
2026-09-15,Cochabamba,GASOLINA ESPECIAL + EESS,Gasolina Especial +,GASOLINA_ESPECIAL_MAS,"EST. DE SERV. ""LA PATRIA S.R.L.""",6000.0,
2026-09-15,Cochabamba,GASOLINA ESPECIAL + EESS,Gasolina Especial +,GASOLINA_ESPECIAL_MAS,"EST. DE SERV. ""ISABEL CHAVEZ""",12000.0,
2026-09-15,Cochabamba,GASOLINA ESPECIAL + EESS,Gasolina Especial +,GASOLINA_ESPECIAL_MAS,"EST. DE SERV. ""IQUIRCOLLO S.R.L.""",16000.0,
2026-09-15,Cochabamba,GASOLINA ESPECIAL + EESS,Gasolina Especial +,GASOLINA_ESPECIAL_MAS,"EST. DE SERV. ""IQUIRCOLLO S.R.L. SUC. 1""",14000.0,
2026-09-15,Cochabamba,GASOLINA ESPECIAL + EESS,Gasolina Especial +,GASOLINA_ESPECIAL_MAS,"EST. DE SERV. ""INVERSIONES VALLESUR S.A.""",12000.0,
2026-09-15,Cochabamba,GASOLINA ESPECIAL + EESS,Gasolina Especial +,GASOLINA_ESPECIAL_MAS,"EST. DE SERV. ""GUADELOUPE GROUP S.R.L.""",10000.0,
2026-09-15,Cochabamba,GASOLINA ESPECIAL + EESS,Gasolina Especial +,GASOLINA_ESPECIAL_MAS,"EST. DE SERV. ""GASNOR S.R.L.""",8000.0,
2026-09-15,Cochabamba,GASOLINA ESPECIAL + EESS,Gasolina Especial +,GASOLINA_ESPECIAL_MAS,"EST. DE SERV. ""FORTALEZA ENERGY S.R.L.""",6000.0,
2026-09-15,Cochabamba,GASOLINA ESPECIAL + EESS,Gasolina Especial +,GASOLINA_ESPECIAL_MAS,"EST. DE SERV. ""EQGAS"" S.R.L.",8000.0,
2026-09-15,Cochabamba,GASOLINA ESPECIAL + EESS,Gasolina Especial +,GASOLINA_ESPECIAL_MAS,"EST. DE SERV. ""EPIZANA""",12000.0,
2026-09-15,Cochabamba,GASOLINA ESPECIAL + EESS,Gasolina Especial +,GASOLINA_ESPECIAL_MAS,"EST. DE SERV. ""EL MANANTIAL SUC. 2""",12000.0,
2026-09-15,Cochabamba,GASOLINA ESPECIAL + EESS,Gasolina Especial +,GASOLINA_ESPECIAL_MAS,"EST. DE SERV. ""EL MANANTIAL SUC. 1""",10000.0,
2026-09-15,Cochabamba,GASOLINA ESPECIAL + EESS,Gasolina Especial +,GASOLINA_ESPECIAL_MAS,"EST. DE SERV. ""EL MANANTIAL SRL""",10000.0,
2026-09-15,Cochabamba,GASOLINA ESPECIAL + EESS,Gasolina Especial +,GASOLINA_ESPECIAL_MAS,"EST. DE SERV. ""EL CRISTO"" - CRISTIAN SABAG",28000.0,
2026-09-15,Cochabamba,GASOLINA ESPECIAL + EESS,Gasolina Especial +,GASOLINA_ESPECIAL_MAS,"EST. DE SERV. ""DORBIGNI""",12000.0,
2026-09-15,Cochabamba,GASOLINA ESPECIAL + EESS,Gasolina Especial +,GASOLINA_ESPECIAL_MAS,"EST. DE SERV. ""DISEL S.R.L.""",8000.0,
2026-09-15,Cochabamba,GASOLINA ESPECIAL + EESS,Gasolina Especial +,GASOLINA_ESPECIAL_MAS,"EST. DE SERV. ""DISEL S.R.L. I""",8000.0,
2026-09-15,Cochabamba,GASOLINA ESPECIAL + EESS,Gasolina Especial +,GASOLINA_ESPECIAL_MAS,"EST. DE SERV. ""DELAASUNCION-AMERICA S.R.L.""",12000.0,
2026-09-15,Cochabamba,GASOLINA ESPECIAL + EESS,Gasolina Especial +,GASOLINA_ESPECIAL_MAS,"EST. DE SERV. ""DAYANA""",12000.0,
2026-09-15,Cochabamba,GASOLINA ESPECIAL + EESS,Gasolina Especial +,GASOLINA_ESPECIAL_MAS,"EST. DE SERV. ""COMERCIALIZADORA QK S.R.L.""",10000.0,
2026-09-15,Cochabamba,GASOLINA ESPECIAL + EESS,Gasolina Especial +,GASOLINA_ESPECIAL_MAS,"EST. DE SERV. ""COCHABAMBA""",14000.0,
2026-09-15,Cochabamba,GASOLINA ESPECIAL + EESS,Gasolina Especial +,GASOLINA_ESPECIAL_MAS,"EST. DE SERV. ""COCHABAMBA S.R.L. SUC. 2""",12000.0,
2026-09-15,Cochabamba,GASOLINA ESPECIAL + EESS,Gasolina Especial +,GASOLINA_ESPECIAL_MAS,"EST. DE SERV. ""COCHABAMBA S.R.L. SUC. 1""",12000.0,
2026-09-15,Cochabamba,GASOLINA ESPECIAL + EESS,Gasolina Especial +,GASOLINA_ESPECIAL_MAS,"EST. DE SERV. ""CITY TRUCK FH S.R.L.""",10000.0,
2026-09-15,Cochabamba,GASOLINA ESPECIAL + EESS,Gasolina Especial +,GASOLINA_ESPECIAL_MAS,"EST. DE SERV. ""CIRCUITO BOLIVIA S.A.""",14000.0,
2026-09-15,Cochabamba,GASOLINA ESPECIAL + EESS,Gasolina Especial +,GASOLINA_ESPECIAL_MAS,"EST. DE SERV. ""CHULLPANI"" - TORRICO AGUILAR JOSE M",17000.0,
2026-09-15,Cochabamba,GASOLINA ESPECIAL + EESS,Gasolina Especial +,GASOLINA_ESPECIAL_MAS,"EST. DE SERV. ""CHINATA S.R.L.""",10000.0,
2026-09-15,Cochabamba,GASOLINA ESPECIAL + EESS,Gasolina Especial +,GASOLINA_ESPECIAL_MAS,"EST. DE SERV. ""CHIMBOCO""",14000.0,
2026-09-15,Cochabamba,GASOLINA ESPECIAL + EESS,Gasolina Especial +,GASOLINA_ESPECIAL_MAS,"EST. DE SERV. ""C.G.C. SRL""",10000.0,
2026-09-15,Cochabamba,GASOLINA ESPECIAL + EESS,Gasolina Especial +,GASOLINA_ESPECIAL_MAS,"EST. DE SERV. ""AYACUCHO""",12000.0,
2026-09-15,Cochabamba,GASOLINA ESPECIAL + EESS,Gasolina Especial +,GASOLINA_ESPECIAL_MAS,"EST. DE SERV. ""ARISPE""",12000.0,
2026-09-15,Cochabamba,GASOLINA ESPECIAL + EESS,Gasolina Especial +,GASOLINA_ESPECIAL_MAS,"EST. DE SERV. ""ARANJUEZ""",16000.0,
2026-09-15,Cochabamba,GASOLINA ESPECIAL + EESS,Gasolina Especial +,GASOLINA_ESPECIAL_MAS,"EST. DE SERV. ""AEROPUERTO S.R.L.""",10000.0,
2026-09-15,Cochabamba,GASOLINA ESPECIAL + EESS,Gasolina Especial +,GASOLINA_ESPECIAL_MAS,"EST. DE SERV. ""A.C.B. CARBURANTES SRL""",16000.0,
2026-09-15,Cochabamba,GASOLINA ESPECIAL + EESS,Gasolina Especial +,GASOLINA_ESPECIAL_MAS,"EST. DE SERV. ""20 DE DICIEMBRE""",12000.0,
2026-09-15,Cochabamba,GASOLINA ESPECIAL + EESS,Gasolina Especial +,GASOLINA_ESPECIAL_MAS,"EST. DE SERV. "" LAS PALMERAS S.R.L.""",10000.0,
2026-09-15,Cochabamba,GASOLINA ESPECIAL + EESS,Gasolina Especial +,GASOLINA_ESPECIAL_MAS,CENTRO DE SERVICIOS VALLEPUNATA S.R.L.,9000.0,
2026-09-15,Cochabamba,GLP DISTRIB. 45 KILOS NAL,GLP,GLP,DIST. GLP SOCIEDAD PETROLERA SANTA ELENA S.R.L.,3600.0,
2026-09-15,Cochabamba,GLP DISTRIB. 45 KILOS NAL,GLP,GLP,DIST. GLP NUESTRO GAS-JONSON RICHARD LIMA FLORERO,1800.0,
2026-09-15,Cochabamba,GLP DISTRIB. 45 KILOS NAL,GLP,GLP,CBA GAS S.A.,2250.0,
2026-09-15,Cochabamba,GLP DISTRIB. 10 KILOS NAL,GLP,GLP,FERRO GAS - BERTHA CAMACHO RICALDEZ DE FERRUFINO,12000.0,
2026-09-15,Cochabamba,GLP DISTRIB. 10 KILOS NAL,GLP,GLP,"DIST.GLP""VILOMA GAS"" E.ARANDIA",12000.0,
2026-09-15,Cochabamba,GLP DISTRIB. 10 KILOS NAL,GLP,GLP,"DIST.GLP""NOE GAS""M.HINOJOSA R.",12000.0,
2026-09-15,Cochabamba,GLP DISTRIB. 10 KILOS NAL,GLP,GLP,"DIST. PROV.GLP ""SIPE SIPE GAS""",12000.0,
2026-09-15,Cochabamba,GLP DISTRIB. 10 KILOS NAL,GLP,GLP,"DIST. PROV. GLP ""PREMIUN GAS"" - EDUARDO ZENTENO E.",6000.0,
2026-09-15,Cochabamba,GLP DISTRIB. 10 KILOS NAL,GLP,GLP,"DIST. PROV. GLP ""COTA GAS"" - NELSON OLMOS",6000.0,
2026-09-15,Cochabamba,GLP DISTRIB. 10 KILOS NAL,GLP,GLP,"DIST. PROV. GLP ""COLOMI GAS""",6000.0,
2026-09-15,Cochabamba,GLP DISTRIB. 10 KILOS NAL,GLP,GLP,"DIST. PROV. GLP ""ARANDIA GAS S.R.L.""",6000.0,
2026-09-15,Cochabamba,GLP DISTRIB. 10 KILOS NAL,GLP,GLP,"DIST. GLP""SARCO GAS""M.FELIPEZ",18000.0,
2026-09-15,Cochabamba,GLP DISTRIB. 10 KILOS NAL,GLP,GLP,DIST. GLP SOCIEDAD PETROLERA SANTA ELENA S.R.L.,24000.0,
2026-09-15,Cochabamba,GLP DISTRIB. 10 KILOS NAL,GLP,GLP,DIST. GLP NUESTRO GAS-JONSON RICHARD LIMA FLORERO,24000.0,
2026-09-15,Cochabamba,GLP DISTRIB. 10 KILOS NAL,GLP,GLP,"DIST. GLP ""SANTIVANEZ GAS"" - JUVENAL ZENTENO ESPINOZA",6000.0,
2026-09-15,Cochabamba,GLP DISTRIB. 10 KILOS NAL,GLP,GLP,"DIST. GLP ""EXTRA GAS"" - MARIO CORDOVA PINTO",18000.0,
2026-09-15,Cochabamba,GLP DISTRIB. 10 KILOS NAL,GLP,GLP,"DIST. GLP ""EDMUNDO GAS"" - EDMUNDO QUIROZ TAPIA",6000.0,
2026-09-15,Cochabamba,GLP DISTRIB. 10 KILOS NAL,GLP,GLP,"DIST. GLP ""DISBOGAS"" - JENNY PETRONA SALAMANCA VILLAFUERTE",6000.0,
2026-09-15,Cochabamba,GLP DISTRIB. 10 KILOS NAL,GLP,GLP,"DIST. GLP ""CAPI GAS"" - GONZALO SOLIZ GUTIERREZ",6000.0,
2026-09-15,Cochabamba,GLP DISTRIB. 10 KILOS NAL,GLP,GLP,"DIST. GLP ""BIO GAS"" - ANA MARIA ROMERO DE TORRICO",18000.0,
2026-09-15,Cochabamba,GLP DISTRIB. 10 KILOS NAL,GLP,GLP,"DIST. GLP ""ADRIAZOL GAS""",6000.0,
2026-09-15,Cochabamba,GLP DISTRIB. 10 KILOS NAL,GLP,GLP,"COOPERATIVA DE SERVICIOS DE DISTRIBUCION DE GAS LICUADO ""CANDELARIA"" R.L.",6000.0,
2026-09-15,Cochabamba,GLP DISTRIB. 10 KILOS NAL,GLP,GLP,CBA GAS S.A.,18000.0,
2026-09-15,Cochabamba,GLP DISTRIB. 10 KILOS NAL,GLP,GLP,A TODO GAS S.R.L.,18000.0,
2026-09-15,Cochabamba,DIESEL OIL NACIONAL GRACO,Diesel Oil Nacional,DIESEL_NACIONAL,SERVICIO DEPARTAMENTAL DE CAMINOS,10000.0,
2026-09-15,Cochabamba,DIESEL OIL NACIONAL GRACO,Diesel Oil Nacional,DIESEL_NACIONAL,GOBIERNO AUTONOMO MUNICIPAL DE COCHABAMBA,12000.0,
2026-09-15,Cochabamba,DIESEL OIL NACIONAL GRACO,Diesel Oil Nacional,DIESEL_NACIONAL,EMPRESA MUNICIPAL DE SERVICIOS DE ASEO,10000.0,
2026-09-15,Cochabamba,DIESEL OIL NACIONAL GRACO,Diesel Oil Nacional,DIESEL_NACIONAL,COOPERATIVA MULTIACTIVA COBOCE R.L.,20000.0,
2026-09-15,Cochabamba,DIESEL OIL NACIONAL CF,Diesel Oil Nacional,DIESEL_NACIONAL,EMPRESA CONSTRUCTORA APOLO LTDA.,10000.0,
2026-09-15,Cochabamba,DIESEL OIL NACIONAL CF,Diesel Oil Nacional,DIESEL_NACIONAL,DIESSE DIMENTIONAL SODALITE LTDA.,18000.0,
2026-09-16,Cochabamba,GASOLINA ESPECIAL + EESS,Gasolina Especial +,GASOLINA_ESPECIAL_MAS,TERMINAL DE BUSES COCHABAMBA S.A.,10000.0,
2026-09-16,Cochabamba,GASOLINA ESPECIAL + EESS,Gasolina Especial +,GASOLINA_ESPECIAL_MAS,SURTIDOR DE GASOLINA Y DIESEL COLOMI,14000.0,
2026-09-16,Cochabamba,GASOLINA ESPECIAL + EESS,Gasolina Especial +,GASOLINA_ESPECIAL_MAS,PETROCEL S.R.L.,12000.0,
2026-09-16,Cochabamba,GASOLINA ESPECIAL + EESS,Gasolina Especial +,GASOLINA_ESPECIAL_MAS,KHORA ESTACION DE SERVICIO - MEDRANO ARNEZ JAIME,6000.0,
2026-09-16,Cochabamba,GASOLINA ESPECIAL + EESS,Gasolina Especial +,GASOLINA_ESPECIAL_MAS,IMBRANJO S.R.L.,14000.0,
2026-09-16,Cochabamba,GASOLINA ESPECIAL + EESS,Gasolina Especial +,GASOLINA_ESPECIAL_MAS,FEDEX CHACO,3000.0,
2026-09-16,Cochabamba,GASOLINA ESPECIAL + EESS,Gasolina Especial +,GASOLINA_ESPECIAL_MAS,ESTAGAS S.R.L.,10000.0,
2026-09-16,Cochabamba,GASOLINA ESPECIAL + EESS,Gasolina Especial +,GASOLINA_ESPECIAL_MAS,ESTACION DE SERVICIO VIRGEN DE LAS ANGUSTIAS S.R.L.,12000.0,
2026-09-16,Cochabamba,GASOLINA ESPECIAL + EESS,Gasolina Especial +,GASOLINA_ESPECIAL_MAS,ESTACION DE SERVICIO TICTI S.R.L.,12000.0,
2026-09-16,Cochabamba,GASOLINA ESPECIAL + EESS,Gasolina Especial +,GASOLINA_ESPECIAL_MAS,ESTACION DE SERVICIO LOS LIBERTADORES S.R.L.,10000.0,
2026-09-16,Cochabamba,GASOLINA ESPECIAL + EESS,Gasolina Especial +,GASOLINA_ESPECIAL_MAS,ESTACION DE SERVICIO LOS ALAMOS S.R.L.,14000.0,
2026-09-16,Cochabamba,GASOLINA ESPECIAL + EESS,Gasolina Especial +,GASOLINA_ESPECIAL_MAS,ESTACION DE SERVICIO HIPODROMO S.R.L.,6000.0,
2026-09-16,Cochabamba,GASOLINA ESPECIAL + EESS,Gasolina Especial +,GASOLINA_ESPECIAL_MAS,ESTACION DE SERVICIO COODPE S.R.L.,12000.0,
2026-09-16,Cochabamba,GASOLINA ESPECIAL + EESS,Gasolina Especial +,GASOLINA_ESPECIAL_MAS,ESTACION DE SERVICIO CAPITAN VICTOR USTARIZ S.R.L.,12000.0,
2026-09-16,Cochabamba,GASOLINA ESPECIAL + EESS,Gasolina Especial +,GASOLINA_ESPECIAL_MAS,ESTACION DE SERVICIO BEIJING S.R.L.,14000.0,
2026-09-16,Cochabamba,GASOLINA ESPECIAL + EESS,Gasolina Especial +,GASOLINA_ESPECIAL_MAS,ESTACION DE SERVICIO ANITA,16000.0,
2026-09-16,Cochabamba,GASOLINA ESPECIAL + EESS,Gasolina Especial +,GASOLINA_ESPECIAL_MAS,"ESTACION DE SERVICIO ""POJO""",12000.0,
2026-09-16,Cochabamba,GASOLINA ESPECIAL + EESS,Gasolina Especial +,GASOLINA_ESPECIAL_MAS,"ESTACION DE SERVICIO ""LOS LAURELES"" - DIEGO M. DELGADILLO ANTEZANA",10000.0,
2026-09-16,Cochabamba,GASOLINA ESPECIAL + EESS,Gasolina Especial +,GASOLINA_ESPECIAL_MAS,"EST. DE SERV. ""VILLA OBRAJES""",10000.0,
2026-09-16,Cochabamba,GASOLINA ESPECIAL + EESS,Gasolina Especial +,GASOLINA_ESPECIAL_MAS,"EST. DE SERV. ""URKUPINA"" - ALBERTO OPORTO",10000.0,
2026-09-16,Cochabamba,GASOLINA ESPECIAL + EESS,Gasolina Especial +,GASOLINA_ESPECIAL_MAS,"EST. DE SERV. ""URKUPINA I""- ALBERTO OPORTO L.",12000.0,
2026-09-16,Cochabamba,GASOLINA ESPECIAL + EESS,Gasolina Especial +,GASOLINA_ESPECIAL_MAS,COMERCIALIZADORA DE SERVICIOS LUBRISHOP S.R.L.,6000.0,
2026-09-16,Cochabamba,DIESEL OIL NACIONAL EESS,Diesel Oil Nacional,DIESEL_NACIONAL,TERMINAL DE BUSES COCHABAMBA S.A.,14000.0,
2026-09-16,Cochabamba,DIESEL OIL NACIONAL EESS,Diesel Oil Nacional,DIESEL_NACIONAL,SURTIDOR DE GASOLINA Y DIESEL COLOMI,16000.0,
2026-09-16,Cochabamba,DIESEL OIL NACIONAL EESS,Diesel Oil Nacional,DIESEL_NACIONAL,IMBRANJO S.R.L.,20000.0,
2026-09-16,Cochabamba,DIESEL OIL NACIONAL EESS,Diesel Oil Nacional,DIESEL_NACIONAL,ESTACION DE SERVICIO TICTI S.R.L.,16000.0,
2026-09-16,Cochabamba,DIESEL OIL NACIONAL EESS,Diesel Oil Nacional,DIESEL_NACIONAL,ESTACION DE SERVICIO LOS LIBERTADORES S.R.L.,10000.0,
2026-09-16,Cochabamba,DIESEL OIL NACIONAL EESS,Diesel Oil Nacional,DIESEL_NACIONAL,ESTACION DE SERVICIO LOS ALAMOS S.R.L.,32000.0,
2026-09-16,Cochabamba,DIESEL OIL NACIONAL EESS,Diesel Oil Nacional,DIESEL_NACIONAL,ESTACION DE SERVICIO COODPE S.R.L.,15000.0,
2026-09-16,Cochabamba,DIESEL OIL NACIONAL EESS,Diesel Oil Nacional,DIESEL_NACIONAL,ESTACION DE SERVICIO BEIJING S.R.L.,14000.0,
2026-09-16,Cochabamba,DIESEL OIL NACIONAL EESS,Diesel Oil Nacional,DIESEL_NACIONAL,ESTACION DE SERVICIO ANITA,20000.0,
2026-09-16,Cochabamba,DIESEL OIL NACIONAL EESS,Diesel Oil Nacional,DIESEL_NACIONAL,"ESTACION DE SERVICIO ""POJO""",12000.0,
2026-09-16,Cochabamba,DIESEL OIL NACIONAL EESS,Diesel Oil Nacional,DIESEL_NACIONAL,"EST. DE SERV. ""VILLA OBRAJES""",20000.0,
2026-09-16,Cochabamba,DIESEL OIL NACIONAL EESS,Diesel Oil Nacional,DIESEL_NACIONAL,"EST. DE SERV. ""URKUPINA"" - ALBERTO OPORTO",16000.0,
2026-09-16,Cochabamba,DIESEL OIL NACIONAL EESS,Diesel Oil Nacional,DIESEL_NACIONAL,"EST. DE SERV. ""URKUPINA I""- ALBERTO OPORTO L.",6000.0,
2026-09-16,Cochabamba,DIESEL OIL NACIONAL EESS,Diesel Oil Nacional,DIESEL_NACIONAL,COMERCIALIZADORA DE SERVICIOS LUBRISHOP S.R.L.,6000.0,
2026-09-16,Cochabamba,GASOLINA ESPECIAL + EESS,Gasolina Especial +,GASOLINA_ESPECIAL_MAS,"EST. DE SERV. ""TRANS SACABA S.A. II""",10000.0,
2026-09-16,Cochabamba,GASOLINA ESPECIAL + EESS,Gasolina Especial +,GASOLINA_ESPECIAL_MAS,"EST. DE SERV. ""TIQUIPAYA"" - VENICIA ALANEZ JIMENES",6000.0,
2026-09-16,Cochabamba,GASOLINA ESPECIAL + EESS,Gasolina Especial +,GASOLINA_ESPECIAL_MAS,"EST. DE SERV. ""SUTICOLLO""",12000.0,
2026-09-16,Cochabamba,GASOLINA ESPECIAL + EESS,Gasolina Especial +,GASOLINA_ESPECIAL_MAS,"EST. DE SERV. ""SURTIDOR CAMPERO""",8000.0,
2026-09-16,Cochabamba,GASOLINA ESPECIAL + EESS,Gasolina Especial +,GASOLINA_ESPECIAL_MAS,"EST. DE SERV. ""SIPE SIPE S.R.L.""",14000.0,
2026-09-16,Cochabamba,GASOLINA ESPECIAL + EESS,Gasolina Especial +,GASOLINA_ESPECIAL_MAS,"EST. DE SERV. ""SENOR SANTIAGO"" - E. DELGADILLO",10000.0,
2026-09-16,Cochabamba,GASOLINA ESPECIAL + EESS,Gasolina Especial +,GASOLINA_ESPECIAL_MAS,"EST. DE SERV. ""SENOR SANTIAGO SUC. 1"" - E. DELGADILLO",10000.0,
2026-09-16,Cochabamba,GASOLINA ESPECIAL + EESS,Gasolina Especial +,GASOLINA_ESPECIAL_MAS,"EST. DE SERV. ""SANTA MONICA"" S.R.L.",10000.0,
2026-09-16,Cochabamba,GASOLINA ESPECIAL + EESS,Gasolina Especial +,GASOLINA_ESPECIAL_MAS,"EST. DE SERV. ""SAN JUAN BAUTISTA S.R.L.""",12000.0,
2026-09-16,Cochabamba,GASOLINA ESPECIAL + EESS,Gasolina Especial +,GASOLINA_ESPECIAL_MAS,"EST. DE SERV. ""SAN JORGE CBBA S.R.L.""",14000.0,
2026-09-16,Cochabamba,GASOLINA ESPECIAL + EESS,Gasolina Especial +,GASOLINA_ESPECIAL_MAS,"EST. DE SERV. ""RIOJA""",8000.0,
2026-09-16,Cochabamba,GASOLINA ESPECIAL + EESS,Gasolina Especial +,GASOLINA_ESPECIAL_MAS,"EST. DE SERV. ""REFINERIA""- SIMON RODRIGO FERRUFINO",6000.0,
2026-09-16,Cochabamba,GASOLINA ESPECIAL + EESS,Gasolina Especial +,GASOLINA_ESPECIAL_MAS,"EST. DE SERV. ""PORTALEZ S.R.L.""",18000.0,
2026-09-16,Cochabamba,GASOLINA ESPECIAL + EESS,Gasolina Especial +,GASOLINA_ESPECIAL_MAS,"EST. DE SERV. ""PETROGAS S.R.L.""",5000.0,
2026-09-16,Cochabamba,GASOLINA ESPECIAL + EESS,Gasolina Especial +,GASOLINA_ESPECIAL_MAS,"EST. DE SERV. ""PAROTANI""",12000.0,
2026-09-16,Cochabamba,GASOLINA ESPECIAL + EESS,Gasolina Especial +,GASOLINA_ESPECIAL_MAS,"EST. DE SERV. ""PARAJE 24.7 SRL""",12000.0,
2026-09-16,Cochabamba,GASOLINA ESPECIAL + EESS,Gasolina Especial +,GASOLINA_ESPECIAL_MAS,"EST. DE SERV. ""PARAJE 24.7 SRL SUC. 1""",10000.0,
2026-09-16,Cochabamba,GASOLINA ESPECIAL + EESS,Gasolina Especial +,GASOLINA_ESPECIAL_MAS,"EST. DE SERV. ""PANAMERICANA"" SUCURSAL COCHABAMBA",10000.0,
2026-09-16,Cochabamba,GASOLINA ESPECIAL + EESS,Gasolina Especial +,GASOLINA_ESPECIAL_MAS,"EST. DE SERV. ""NISSAN"" - SIMON FERRUFINO",8000.0,
2026-09-16,Cochabamba,GASOLINA ESPECIAL + EESS,Gasolina Especial +,GASOLINA_ESPECIAL_MAS,"EST. DE SERV. ""MONTERREY S.R.L.""",10000.0,
2026-09-16,Cochabamba,GASOLINA ESPECIAL + EESS,Gasolina Especial +,GASOLINA_ESPECIAL_MAS,"EST. DE SERV. ""MIZQUE"" - DIOGENES MONTENEGRO P.",12000.0,
2026-09-16,Cochabamba,GASOLINA ESPECIAL + EESS,Gasolina Especial +,GASOLINA_ESPECIAL_MAS,"EST. DE SERV. ""MAX MAMANGUENO"" - E. MELGAREJO",6000.0,
2026-09-16,Cochabamba,GASOLINA ESPECIAL + EESS,Gasolina Especial +,GASOLINA_ESPECIAL_MAS,"EST. DE SERV. ""LOS ALPES""-BERTHA CAMACHO RICALDEZ",12000.0,
2026-09-16,Cochabamba,GASOLINA ESPECIAL + EESS,Gasolina Especial +,GASOLINA_ESPECIAL_MAS,"EST. DE SERV. ""LORETO"" SUC. 1",12000.0,
2026-09-16,Cochabamba,GASOLINA ESPECIAL + EESS,Gasolina Especial +,GASOLINA_ESPECIAL_MAS,"EST. DE SERV. ""LA PATRIA S.R.L.""",6000.0,
2026-09-16,Cochabamba,GASOLINA ESPECIAL + EESS,Gasolina Especial +,GASOLINA_ESPECIAL_MAS,"EST. DE SERV. ""LA MERCED S.R.L.""",8000.0,
2026-09-16,Cochabamba,GASOLINA ESPECIAL + EESS,Gasolina Especial +,GASOLINA_ESPECIAL_MAS,"EST. DE SERV. ""ITAPAYA"" - ALBERTO AMURRIO F.",10000.0,
2026-09-16,Cochabamba,GASOLINA ESPECIAL + EESS,Gasolina Especial +,GASOLINA_ESPECIAL_MAS,"EST. DE SERV. ""ISABEL CHAVEZ""",12000.0,
2026-09-16,Cochabamba,GASOLINA ESPECIAL + EESS,Gasolina Especial +,GASOLINA_ESPECIAL_MAS,"EST. DE SERV. ""IQUIRCOLLO S.R.L.""",16000.0,
2026-09-16,Cochabamba,GASOLINA ESPECIAL + EESS,Gasolina Especial +,GASOLINA_ESPECIAL_MAS,"EST. DE SERV. ""IQUIRCOLLO S.R.L. SUC. 1""",14000.0,
2026-09-16,Cochabamba,GASOLINA ESPECIAL + EESS,Gasolina Especial +,GASOLINA_ESPECIAL_MAS,"EST. DE SERV. ""GUADELOUPE GROUP S.R.L.""",10000.0,
2026-09-16,Cochabamba,GASOLINA ESPECIAL + EESS,Gasolina Especial +,GASOLINA_ESPECIAL_MAS,"EST. DE SERV. ""GASNOR S.R.L.""",8000.0,
2026-09-16,Cochabamba,GASOLINA ESPECIAL + EESS,Gasolina Especial +,GASOLINA_ESPECIAL_MAS,"EST. DE SERV. ""FORTALEZA ENERGY S.R.L.""",6000.0,
2026-09-16,Cochabamba,GASOLINA ESPECIAL + EESS,Gasolina Especial +,GASOLINA_ESPECIAL_MAS,"EST. DE SERV. ""EQGAS"" S.R.L.",8000.0,
2026-09-16,Cochabamba,GASOLINA ESPECIAL + EESS,Gasolina Especial +,GASOLINA_ESPECIAL_MAS,"EST. DE SERV. ""EPIZANA""",12000.0,
2026-09-16,Cochabamba,GASOLINA ESPECIAL + EESS,Gasolina Especial +,GASOLINA_ESPECIAL_MAS,"EST. DE SERV. ""EL MANANTIAL SUC. 2""",12000.0,
2026-09-16,Cochabamba,GASOLINA ESPECIAL + EESS,Gasolina Especial +,GASOLINA_ESPECIAL_MAS,"EST. DE SERV. ""EL MANANTIAL SUC. 1""",10000.0,
2026-09-16,Cochabamba,GASOLINA ESPECIAL + EESS,Gasolina Especial +,GASOLINA_ESPECIAL_MAS,"EST. DE SERV. ""EL MANANTIAL SRL""",10000.0,
2026-09-16,Cochabamba,GASOLINA ESPECIAL + EESS,Gasolina Especial +,GASOLINA_ESPECIAL_MAS,"EST. DE SERV. ""EL CRISTO"" - CRISTIAN SABAG",28000.0,
2026-09-16,Cochabamba,GASOLINA ESPECIAL + EESS,Gasolina Especial +,GASOLINA_ESPECIAL_MAS,"EST. DE SERV. ""DORBIGNI""",12000.0,
2026-09-16,Cochabamba,GASOLINA ESPECIAL + EESS,Gasolina Especial +,GASOLINA_ESPECIAL_MAS,"EST. DE SERV. ""DISEL S.R.L.""",8000.0,
2026-09-16,Cochabamba,GASOLINA ESPECIAL + EESS,Gasolina Especial +,GASOLINA_ESPECIAL_MAS,"EST. DE SERV. ""DISEL S.R.L. I""",8000.0,
2026-09-16,Cochabamba,GASOLINA ESPECIAL + EESS,Gasolina Especial +,GASOLINA_ESPECIAL_MAS,"EST. DE SERV. ""DELAASUNCION-AMERICA S.R.L.""",12000.0,
2026-09-16,Cochabamba,GASOLINA ESPECIAL + EESS,Gasolina Especial +,GASOLINA_ESPECIAL_MAS,"EST. DE SERV. ""DAYANA""",12000.0,
2026-09-16,Cochabamba,GASOLINA ESPECIAL + EESS,Gasolina Especial +,GASOLINA_ESPECIAL_MAS,"EST. DE SERV. ""COMERCIALIZADORA QK S.R.L.""",10000.0,
2026-09-16,Cochabamba,GASOLINA ESPECIAL + EESS,Gasolina Especial +,GASOLINA_ESPECIAL_MAS,"EST. DE SERV. ""COCHABAMBA""",14000.0,
2026-09-16,Cochabamba,GASOLINA ESPECIAL + EESS,Gasolina Especial +,GASOLINA_ESPECIAL_MAS,"EST. DE SERV. ""COCHABAMBA S.R.L. SUC. 2""",12000.0,
2026-09-16,Cochabamba,GASOLINA ESPECIAL + EESS,Gasolina Especial +,GASOLINA_ESPECIAL_MAS,"EST. DE SERV. ""COCHABAMBA S.R.L. SUC. 1""",12000.0,
2026-09-16,Cochabamba,GASOLINA ESPECIAL + EESS,Gasolina Especial +,GASOLINA_ESPECIAL_MAS,"EST. DE SERV. ""CITY TRUCK FH S.R.L.""",10000.0,
2026-09-16,Cochabamba,GASOLINA ESPECIAL + EESS,Gasolina Especial +,GASOLINA_ESPECIAL_MAS,"EST. DE SERV. ""CIRCUITO BOLIVIA S.A.""",14000.0,
2026-09-16,Cochabamba,GASOLINA ESPECIAL + EESS,Gasolina Especial +,GASOLINA_ESPECIAL_MAS,"EST. DE SERV. ""CHULLPANI"" - TORRICO AGUILAR JOSE M",18000.0,
2026-09-16,Cochabamba,GASOLINA ESPECIAL + EESS,Gasolina Especial +,GASOLINA_ESPECIAL_MAS,"EST. DE SERV. ""CHINATA S.R.L.""",10000.0,
2026-09-16,Cochabamba,GASOLINA ESPECIAL + EESS,Gasolina Especial +,GASOLINA_ESPECIAL_MAS,"EST. DE SERV. ""CHIMBOCO""",14000.0,
2026-09-16,Cochabamba,GASOLINA ESPECIAL + EESS,Gasolina Especial +,GASOLINA_ESPECIAL_MAS,"EST. DE SERV. ""C.G.C. SRL""",10000.0,
2026-09-16,Cochabamba,GASOLINA ESPECIAL + EESS,Gasolina Especial +,GASOLINA_ESPECIAL_MAS,"EST. DE SERV. ""AYACUCHO""",12000.0,
2026-09-16,Cochabamba,GASOLINA ESPECIAL + EESS,Gasolina Especial +,GASOLINA_ESPECIAL_MAS,"EST. DE SERV. ""ARANJUEZ""",16000.0,
2026-09-16,Cochabamba,GASOLINA ESPECIAL + EESS,Gasolina Especial +,GASOLINA_ESPECIAL_MAS,"EST. DE SERV. ""ARANI"" - ZULMA ROJAS",12000.0,
2026-09-16,Cochabamba,GASOLINA ESPECIAL + EESS,Gasolina Especial +,GASOLINA_ESPECIAL_MAS,"EST. DE SERV. ""AEROPUERTO S.R.L.""",10000.0,
2026-09-16,Cochabamba,GASOLINA ESPECIAL + EESS,Gasolina Especial +,GASOLINA_ESPECIAL_MAS,"EST. DE SERV. ""ADRIAN""",12000.0,
2026-09-16,Cochabamba,GASOLINA ESPECIAL + EESS,Gasolina Especial +,GASOLINA_ESPECIAL_MAS,"EST. DE SERV. ""A.C.B. CARBURANTES SRL""",16000.0,
2026-09-16,Cochabamba,GASOLINA ESPECIAL + EESS,Gasolina Especial +,GASOLINA_ESPECIAL_MAS,"EST. DE SERV. ""24 DE SEPTIEMBRE S.R.L.""",12000.0,
2026-09-16,Cochabamba,GASOLINA ESPECIAL + EESS,Gasolina Especial +,GASOLINA_ESPECIAL_MAS,"EST. DE SERV. ""20 DE DICIEMBRE""",12000.0,
2026-09-16,Cochabamba,GASOLINA ESPECIAL + EESS,Gasolina Especial +,GASOLINA_ESPECIAL_MAS,"EST. DE SERV. "" LAS PALMERAS S.R.L.""",10000.0,
2026-09-16,Cochabamba,GASOLINA ESPECIAL + EESS,Gasolina Especial +,GASOLINA_ESPECIAL_MAS,CENTRO DE SERVICIOS VALLEPUNATA S.R.L.,10000.0,
2026-09-16,Cochabamba,DIESEL OIL NACIONAL EESS,Diesel Oil Nacional,DIESEL_NACIONAL,"EST. DE SERV. ""TRANS SACABA S.A.""",14000.0,
2026-09-16,Cochabamba,DIESEL OIL NACIONAL EESS,Diesel Oil Nacional,DIESEL_NACIONAL,"EST. DE SERV. ""TRANS SACABA S.A. II""",18000.0,
2026-09-16,Cochabamba,DIESEL OIL NACIONAL EESS,Diesel Oil Nacional,DIESEL_NACIONAL,"EST. DE SERV. ""TIQUIPAYA"" - VENICIA ALANEZ JIMENES",6000.0,
2026-09-16,Cochabamba,DIESEL OIL NACIONAL EESS,Diesel Oil Nacional,DIESEL_NACIONAL,"EST. DE SERV. ""SUTICOLLO""",22000.0,
2026-09-16,Cochabamba,DIESEL OIL NACIONAL EESS,Diesel Oil Nacional,DIESEL_NACIONAL,"EST. DE SERV. ""SURTIDOR CAMPERO""",12000.0,
2026-09-16,Cochabamba,DIESEL OIL NACIONAL EESS,Diesel Oil Nacional,DIESEL_NACIONAL,"EST. DE SERV. ""SIPE SIPE S.R.L.""",32000.0,
2026-09-16,Cochabamba,DIESEL OIL NACIONAL EESS,Diesel Oil Nacional,DIESEL_NACIONAL,"EST. DE SERV. ""SENOR SANTIAGO"" - E. DELGADILLO",8000.0,
2026-09-16,Cochabamba,DIESEL OIL NACIONAL EESS,Diesel Oil Nacional,DIESEL_NACIONAL,"EST. DE SERV. ""SANTA MONICA"" S.R.L.",8000.0,
2026-09-16,Cochabamba,DIESEL OIL NACIONAL EESS,Diesel Oil Nacional,DIESEL_NACIONAL,"EST. DE SERV. ""SAN JUAN BAUTISTA S.R.L.""",12000.0,
2026-09-16,Cochabamba,DIESEL OIL NACIONAL EESS,Diesel Oil Nacional,DIESEL_NACIONAL,"EST. DE SERV. ""SAN JORGE CBBA S.R.L.""",30000.0,
2026-09-16,Cochabamba,DIESEL OIL NACIONAL EESS,Diesel Oil Nacional,DIESEL_NACIONAL,"EST. DE SERV. ""RIOJA""",10000.0,
2026-09-16,Cochabamba,DIESEL OIL NACIONAL EESS,Diesel Oil Nacional,DIESEL_NACIONAL,"EST. DE SERV. ""REFINERIA""- SIMON RODRIGO FERRUFINO",6000.0,
2026-09-16,Cochabamba,DIESEL OIL NACIONAL EESS,Diesel Oil Nacional,DIESEL_NACIONAL,"EST. DE SERV. ""PETROGAS S.R.L.""",14000.0,
2026-09-16,Cochabamba,DIESEL OIL NACIONAL EESS,Diesel Oil Nacional,DIESEL_NACIONAL,"EST. DE SERV. ""PAROTANI""",28000.0,
2026-09-16,Cochabamba,DIESEL OIL NACIONAL EESS,Diesel Oil Nacional,DIESEL_NACIONAL,"EST. DE SERV. ""PARAJE 24.7 SRL""",22000.0,
2026-09-16,Cochabamba,DIESEL OIL NACIONAL EESS,Diesel Oil Nacional,DIESEL_NACIONAL,"EST. DE SERV. ""PARAJE 24.7 SRL SUC. 1""",10000.0,
2026-09-16,Cochabamba,DIESEL OIL NACIONAL EESS,Diesel Oil Nacional,DIESEL_NACIONAL,"EST. DE SERV. ""NISSAN"" - SIMON FERRUFINO",8000.0,
2026-09-16,Cochabamba,DIESEL OIL NACIONAL EESS,Diesel Oil Nacional,DIESEL_NACIONAL,"EST. DE SERV. ""MONTERREY S.R.L.""",24000.0,
2026-09-16,Cochabamba,DIESEL OIL NACIONAL EESS,Diesel Oil Nacional,DIESEL_NACIONAL,"EST. DE SERV. ""MIZQUE"" - DIOGENES MONTENEGRO P.",10000.0,
2026-09-16,Cochabamba,DIESEL OIL NACIONAL EESS,Diesel Oil Nacional,DIESEL_NACIONAL,"EST. DE SERV. ""MAX MAMANGUENO"" - E. MELGAREJO",8000.0,
2026-09-16,Cochabamba,DIESEL OIL NACIONAL EESS,Diesel Oil Nacional,DIESEL_NACIONAL,"EST. DE SERV. ""LOS ALPES""-BERTHA CAMACHO RICALDEZ",8000.0,
2026-09-16,Cochabamba,DIESEL OIL NACIONAL EESS,Diesel Oil Nacional,DIESEL_NACIONAL,"EST. DE SERV. ""LORETO"" SUC. 1",14000.0,
2026-09-16,Cochabamba,DIESEL OIL NACIONAL EESS,Diesel Oil Nacional,DIESEL_NACIONAL,"EST. DE SERV. ""ITAPAYA"" - ALBERTO AMURRIO F.",12000.0,
2026-09-16,Cochabamba,DIESEL OIL NACIONAL EESS,Diesel Oil Nacional,DIESEL_NACIONAL,"EST. DE SERV. ""ISABEL CHAVEZ""",12000.0,
2026-09-16,Cochabamba,DIESEL OIL NACIONAL EESS,Diesel Oil Nacional,DIESEL_NACIONAL,"EST. DE SERV. ""IQUIRCOLLO S.R.L.""",32000.0,
2026-09-16,Cochabamba,DIESEL OIL NACIONAL EESS,Diesel Oil Nacional,DIESEL_NACIONAL,"EST. DE SERV. ""GASNOR S.R.L.""",6000.0,
2026-09-16,Cochabamba,DIESEL OIL NACIONAL EESS,Diesel Oil Nacional,DIESEL_NACIONAL,"EST. DE SERV. ""FORTALEZA ENERGY S.R.L.""",6000.0,
2026-09-16,Cochabamba,DIESEL OIL NACIONAL EESS,Diesel Oil Nacional,DIESEL_NACIONAL,"EST. DE SERV. ""EQGAS"" S.R.L.",8000.0,
2026-09-16,Cochabamba,DIESEL OIL NACIONAL EESS,Diesel Oil Nacional,DIESEL_NACIONAL,"EST. DE SERV. ""EPIZANA""",12000.0,
2026-09-16,Cochabamba,DIESEL OIL NACIONAL EESS,Diesel Oil Nacional,DIESEL_NACIONAL,"EST. DE SERV. ""EL VIAJERO SRL""",24000.0,
2026-09-16,Cochabamba,DIESEL OIL NACIONAL EESS,Diesel Oil Nacional,DIESEL_NACIONAL,"EST. DE SERV. ""EL MANANTIAL SRL""",6000.0,
2026-09-16,Cochabamba,DIESEL OIL NACIONAL EESS,Diesel Oil Nacional,DIESEL_NACIONAL,"EST. DE SERV. ""EL CRISTO"" - CRISTIAN SABAG",8000.0,
2026-09-16,Cochabamba,DIESEL OIL NACIONAL EESS,Diesel Oil Nacional,DIESEL_NACIONAL,"EST. DE SERV. ""DISEL S.R.L.""",28000.0,
2026-09-16,Cochabamba,DIESEL OIL NACIONAL EESS,Diesel Oil Nacional,DIESEL_NACIONAL,"EST. DE SERV. ""DISEL S.R.L. I""",32000.0,
2026-09-16,Cochabamba,DIESEL OIL NACIONAL EESS,Diesel Oil Nacional,DIESEL_NACIONAL,"EST. DE SERV. ""DAYANA""",12000.0,
2026-09-16,Cochabamba,DIESEL OIL NACIONAL EESS,Diesel Oil Nacional,DIESEL_NACIONAL,"EST. DE SERV. ""COMERCIALIZADORA QK S.R.L.""",10000.0,
2026-09-16,Cochabamba,DIESEL OIL NACIONAL EESS,Diesel Oil Nacional,DIESEL_NACIONAL,"EST. DE SERV. ""COCHABAMBA""",32000.0,
2026-09-16,Cochabamba,DIESEL OIL NACIONAL EESS,Diesel Oil Nacional,DIESEL_NACIONAL,"EST. DE SERV. ""COCHABAMBA S.R.L. SUC. 1""",12000.0,
2026-09-16,Cochabamba,DIESEL OIL NACIONAL EESS,Diesel Oil Nacional,DIESEL_NACIONAL,"EST. DE SERV. ""CITY TRUCK FH S.R.L.""",17000.0,
2026-09-16,Cochabamba,DIESEL OIL NACIONAL EESS,Diesel Oil Nacional,DIESEL_NACIONAL,"EST. DE SERV. ""CIRCUITO BOLIVIA S.A.""",10000.0,
2026-09-16,Cochabamba,DIESEL OIL NACIONAL EESS,Diesel Oil Nacional,DIESEL_NACIONAL,"EST. DE SERV. ""CHULLPANI"" - TORRICO AGUILAR JOSE M",14000.0,
2026-09-16,Cochabamba,DIESEL OIL NACIONAL EESS,Diesel Oil Nacional,DIESEL_NACIONAL,"EST. DE SERV. ""CHINATA S.R.L.""",20000.0,
2026-09-16,Cochabamba,DIESEL OIL NACIONAL EESS,Diesel Oil Nacional,DIESEL_NACIONAL,"EST. DE SERV. ""CHIMBOCO""",22000.0,
2026-09-16,Cochabamba,DIESEL OIL NACIONAL EESS,Diesel Oil Nacional,DIESEL_NACIONAL,"EST. DE SERV. ""C.G.C. SRL""",28000.0,
2026-09-16,Cochabamba,DIESEL OIL NACIONAL EESS,Diesel Oil Nacional,DIESEL_NACIONAL,"EST. DE SERV. ""ARANI"" - ZULMA ROJAS",12000.0,
2026-09-16,Cochabamba,DIESEL OIL NACIONAL EESS,Diesel Oil Nacional,DIESEL_NACIONAL,"EST. DE SERV. ""AEROPUERTO S.R.L.""",12000.0,
2026-09-16,Cochabamba,DIESEL OIL NACIONAL EESS,Diesel Oil Nacional,DIESEL_NACIONAL,"EST. DE SERV. ""ADRIAN""",11000.0,
2026-09-16,Cochabamba,DIESEL OIL NACIONAL EESS,Diesel Oil Nacional,DIESEL_NACIONAL,"EST. DE SERV. ""24 DE SEPTIEMBRE S.R.L.""",11000.0,
2026-09-16,Cochabamba,DIESEL OIL NACIONAL EESS,Diesel Oil Nacional,DIESEL_NACIONAL,CENTRO DE SERVICIOS VALLEPUNATA S.R.L.,8000.0,
2026-09-16,Cochabamba,GLP DISTRIB. 45 KILOS NAL,GLP,GLP,DIST. GLP SOCIEDAD PETROLERA SANTA ELENA S.R.L.,3600.0,
2026-09-16,Cochabamba,GLP DISTRIB. 45 KILOS NAL,GLP,GLP,DIST. GLP NUESTRO GAS-JONSON RICHARD LIMA FLORERO,1800.0,
2026-09-16,Cochabamba,GLP DISTRIB. 10 KILOS NAL,GLP,GLP,FERRO GAS - BERTHA CAMACHO RICALDEZ DE FERRUFINO,12000.0,
2026-09-16,Cochabamba,GLP DISTRIB. 10 KILOS NAL,GLP,GLP,"DIST.GLP""VILOMA GAS"" E.ARANDIA",12000.0,
2026-09-16,Cochabamba,GLP DISTRIB. 10 KILOS NAL,GLP,GLP,"DIST.GLP""NOE GAS""M.HINOJOSA R.",12000.0,
2026-09-16,Cochabamba,GLP DISTRIB. 10 KILOS NAL,GLP,GLP,"DIST. PROV.GLP ""SIPE SIPE GAS""",12000.0,
2026-09-16,Cochabamba,GLP DISTRIB. 10 KILOS NAL,GLP,GLP,"DIST. PROV. GLP ""PREMIUN GAS"" - EDUARDO ZENTENO E.",6000.0,
2026-09-16,Cochabamba,GLP DISTRIB. 10 KILOS NAL,GLP,GLP,"DIST. PROV. GLP ""COTA GAS"" - NELSON OLMOS",6000.0,
2026-09-16,Cochabamba,GLP DISTRIB. 10 KILOS NAL,GLP,GLP,"DIST. PROV. GLP ""COLOMI GAS""",6000.0,
2026-09-16,Cochabamba,GLP DISTRIB. 10 KILOS NAL,GLP,GLP,"DIST. PROV. GLP ""ARANDIA GAS S.R.L.""",6000.0,
2026-09-16,Cochabamba,GLP DISTRIB. 10 KILOS NAL,GLP,GLP,"DIST. GLP""SARCO GAS""M.FELIPEZ",18000.0,
2026-09-16,Cochabamba,GLP DISTRIB. 10 KILOS NAL,GLP,GLP,DIST. GLP SOCIEDAD PETROLERA SANTA ELENA S.R.L.,24000.0,
2026-09-16,Cochabamba,GLP DISTRIB. 10 KILOS NAL,GLP,GLP,DIST. GLP NUESTRO GAS-JONSON RICHARD LIMA FLORERO,24000.0,
2026-09-16,Cochabamba,GLP DISTRIB. 10 KILOS NAL,GLP,GLP,"DIST. GLP ""EXTRA GAS"" - MARIO CORDOVA PINTO",18000.0,
2026-09-16,Cochabamba,GLP DISTRIB. 10 KILOS NAL,GLP,GLP,"DIST. GLP ""EDMUNDO GAS"" - EDMUNDO QUIROZ TAPIA",6000.0,
2026-09-16,Cochabamba,GLP DISTRIB. 10 KILOS NAL,GLP,GLP,"DIST. GLP ""DISBOGAS"" - JENNY PETRONA SALAMANCA VILLAFUERTE",6000.0,
2026-09-16,Cochabamba,GLP DISTRIB. 10 KILOS NAL,GLP,GLP,"DIST. GLP ""CAPI GAS"" - GONZALO SOLIZ GUTIERREZ",6000.0,
2026-09-16,Cochabamba,GLP DISTRIB. 10 KILOS NAL,GLP,GLP,"DIST. GLP ""BIO GAS"" - ANA MARIA ROMERO DE TORRICO",18000.0,
2026-09-16,Cochabamba,GLP DISTRIB. 10 KILOS NAL,GLP,GLP,"DIST. GLP ""ADRIAZOL GAS""",6000.0,
2026-09-16,Cochabamba,GLP DISTRIB. 10 KILOS NAL,GLP,GLP,"COOPERATIVA DE SERVICIOS DE DISTRIBUCION DE GAS LICUADO ""CANDELARIA"" R.L.",6000.0,
2026-09-16,Cochabamba,GLP DISTRIB. 10 KILOS NAL,GLP,GLP,CBA GAS S.A.,18000.0,
2026-09-16,Cochabamba,GLP DISTRIB. 10 KILOS NAL,GLP,GLP,A TODO GAS S.R.L.,18000.0,
2026-09-16,Cochabamba,DIESEL OIL NACIONAL GRACO,Diesel Oil Nacional,DIESEL_NACIONAL,EMPRESA MUNICIPAL DE SERVICIOS DE ASEO,10000.0,
2026-09-16,Cochabamba,DIESEL OIL NACIONAL GRACO,Diesel Oil Nacional,DIESEL_NACIONAL,SERVICIO DEPARTAMENTAL DE CAMINOS,10000.0,
2026-09-16,Cochabamba,DIESEL OIL NACIONAL GRACO,Diesel Oil Nacional,DIESEL_NACIONAL,GOBIERNO AUTONOMO MUNICIPAL DE SACABA,24000.0,
2026-09-15,Cochabamba,GLP DISTRIB. 10 KILOS NAL,GLP,GLP,FAS GAS,6000.0,
2026-09-15,Cochabamba,DIESEL OIL NACIONAL CF,Diesel Oil Nacional,DIESEL_NACIONAL,NUR S.R.L.,10000.0,
2026-09-17,Cochabamba,GASOLINA ESPECIAL + EESS,Gasolina Especial +,GASOLINA_ESPECIAL_MAS,TERMINAL DE BUSES COCHABAMBA S.A.,10000.0,
2026-09-17,Cochabamba,GASOLINA ESPECIAL + EESS,Gasolina Especial +,GASOLINA_ESPECIAL_MAS,PETROCEL S.R.L.,12000.0,
2026-09-17,Cochabamba,GASOLINA ESPECIAL + EESS,Gasolina Especial +,GASOLINA_ESPECIAL_MAS,KHORA ESTACION DE SERVICIO - MEDRANO ARNEZ JAIME,6000.0,
2026-09-17,Cochabamba,GASOLINA ESPECIAL + EESS,Gasolina Especial +,GASOLINA_ESPECIAL_MAS,IMBRANJO S.R.L.,14000.0,
2026-09-17,Cochabamba,GASOLINA ESPECIAL + EESS,Gasolina Especial +,GASOLINA_ESPECIAL_MAS,FEDEX CHACO,3000.0,
2026-09-17,Cochabamba,GASOLINA ESPECIAL + EESS,Gasolina Especial +,GASOLINA_ESPECIAL_MAS,ESTAGAS S.R.L.,10000.0,
2026-09-17,Cochabamba,GASOLINA ESPECIAL + EESS,Gasolina Especial +,GASOLINA_ESPECIAL_MAS,ESTACIÓN DE SERVICIO VALLESANTIVAÑEZ S.R.L.,12000.0,
2026-09-17,Cochabamba,GASOLINA ESPECIAL + EESS,Gasolina Especial +,GASOLINA_ESPECIAL_MAS,ESTACIÓN DE SERVICIO FRANQUITO,12000.0,
2026-09-17,Cochabamba,GASOLINA ESPECIAL + EESS,Gasolina Especial +,GASOLINA_ESPECIAL_MAS,ESTACION DE SERVICIO TICTI S.R.L.,12000.0,
2026-09-17,Cochabamba,GASOLINA ESPECIAL + EESS,Gasolina Especial +,GASOLINA_ESPECIAL_MAS,ESTACION DE SERVICIO PAPU S.R.L.,12000.0,
2026-09-17,Cochabamba,GASOLINA ESPECIAL + EESS,Gasolina Especial +,GASOLINA_ESPECIAL_MAS,ESTACION DE SERVICIO OMEREQUE,12000.0,
2026-09-17,Cochabamba,GASOLINA ESPECIAL + EESS,Gasolina Especial +,GASOLINA_ESPECIAL_MAS,ESTACION DE SERVICIO HIPODROMO S.R.L.,6000.0,
2026-09-17,Cochabamba,GASOLINA ESPECIAL + EESS,Gasolina Especial +,GASOLINA_ESPECIAL_MAS,"EST. DE SERV. ""PETROGAS S.R.L.""",6000.0,
2026-09-17,Cochabamba,GASOLINA ESPECIAL + EESS,Gasolina Especial +,GASOLINA_ESPECIAL_MAS,COMERCIALIZADORA DE SERVICIOS LUBRISHOP S.R.L.,6000.0,
2026-09-17,Cochabamba,GASOLINA ESPECIAL + EESS,Gasolina Especial +,GASOLINA_ESPECIAL_MAS,ESTACION DE SERVICIO LOS LIBERTADORES S.R.L.,10000.0,
2026-09-17,Cochabamba,GASOLINA ESPECIAL + EESS,Gasolina Especial +,GASOLINA_ESPECIAL_MAS,ESTACION DE SERVICIO LOS ALAMOS S.R.L.,14000.0,
2026-09-17,Cochabamba,GASOLINA ESPECIAL + EESS,Gasolina Especial +,GASOLINA_ESPECIAL_MAS,ESTACION DE SERVICIO CAPITAN VICTOR USTARIZ S.R.L.,12000.0,
2026-09-17,Cochabamba,GASOLINA ESPECIAL + EESS,Gasolina Especial +,GASOLINA_ESPECIAL_MAS,ESTACION DE SERVICIO BEIJING S.R.L.,14000.0,
2026-09-17,Cochabamba,GASOLINA ESPECIAL + EESS,Gasolina Especial +,GASOLINA_ESPECIAL_MAS,ESTACION DE SERVICIO ANITA,16000.0,
2026-09-17,Cochabamba,GASOLINA ESPECIAL + EESS,Gasolina Especial +,GASOLINA_ESPECIAL_MAS,"ESTACION DE SERVICIO ""LOS LAURELES"" - DIEGO M. DELGADILLO ANTEZANA",10000.0,
2026-09-17,Cochabamba,GASOLINA ESPECIAL + EESS,Gasolina Especial +,GASOLINA_ESPECIAL_MAS,"EST. DE SERV. ""VILLA OBRAJES""",10000.0,
2026-09-17,Cochabamba,GASOLINA ESPECIAL + EESS,Gasolina Especial +,GASOLINA_ESPECIAL_MAS,"EST. DE SERV. ""URKUPINA"" - ALBERTO OPORTO",10000.0,
2026-09-17,Cochabamba,GASOLINA ESPECIAL + EESS,Gasolina Especial +,GASOLINA_ESPECIAL_MAS,"EST. DE SERV. ""URKUPINA I""- ALBERTO OPORTO L.",12000.0,
2026-09-17,Cochabamba,GASOLINA ESPECIAL + EESS,Gasolina Especial +,GASOLINA_ESPECIAL_MAS,"EST. DE SERV. ""TRANS SACABA S.A. II""",10000.0,
2026-09-17,Cochabamba,GASOLINA ESPECIAL + EESS,Gasolina Especial +,GASOLINA_ESPECIAL_MAS,"EST. DE SERV. ""TIRAQUE""",12000.0,
2026-09-17,Cochabamba,GASOLINA ESPECIAL + EESS,Gasolina Especial +,GASOLINA_ESPECIAL_MAS,"EST. DE SERV. ""TIQUIPAYA"" - VENICIA ALANEZ JIMENES",6000.0,
2026-09-17,Cochabamba,GASOLINA ESPECIAL + EESS,Gasolina Especial +,GASOLINA_ESPECIAL_MAS,"EST. DE SERV. ""SURTIDOR CAMPERO""",10000.0,
2026-09-17,Cochabamba,GASOLINA ESPECIAL + EESS,Gasolina Especial +,GASOLINA_ESPECIAL_MAS,"EST. DE SERV. ""SIPE SIPE S.R.L.""",14000.0,
2026-09-17,Cochabamba,GASOLINA ESPECIAL + EESS,Gasolina Especial +,GASOLINA_ESPECIAL_MAS,"EST. DE SERV. ""SENOR SANTIAGO"" - E. DELGADILLO",10000.0,
2026-09-17,Cochabamba,GASOLINA ESPECIAL + EESS,Gasolina Especial +,GASOLINA_ESPECIAL_MAS,"EST. DE SERV. ""SENOR SANTIAGO SUC. 1"" - E. DELGADILLO",10000.0,
2026-09-17,Cochabamba,GASOLINA ESPECIAL + EESS,Gasolina Especial +,GASOLINA_ESPECIAL_MAS,"EST. DE SERV. ""SANTA MONICA"" S.R.L.",10000.0,
2026-09-17,Cochabamba,GASOLINA ESPECIAL + EESS,Gasolina Especial +,GASOLINA_ESPECIAL_MAS,"EST. DE SERV. ""SAN JUAN BAUTISTA S.R.L.""",12000.0,
2026-09-17,Cochabamba,GASOLINA ESPECIAL + EESS,Gasolina Especial +,GASOLINA_ESPECIAL_MAS,"EST. DE SERV. ""SAN JORGE CBBA S.R.L.""",14000.0,
2026-09-17,Cochabamba,GASOLINA ESPECIAL + EESS,Gasolina Especial +,GASOLINA_ESPECIAL_MAS,"EST. DE SERV. ""RIOJA""",8000.0,
2026-09-17,Cochabamba,GASOLINA ESPECIAL + EESS,Gasolina Especial +,GASOLINA_ESPECIAL_MAS,"EST. DE SERV. ""REFINERIA""- SIMON RODRIGO FERRUFINO",6000.0,
2026-09-17,Cochabamba,GASOLINA ESPECIAL + EESS,Gasolina Especial +,GASOLINA_ESPECIAL_MAS,"EST. DE SERV. ""PORTALEZ S.R.L.""",18000.0,
2026-09-17,Cochabamba,GASOLINA ESPECIAL + EESS,Gasolina Especial +,GASOLINA_ESPECIAL_MAS,"EST. DE SERV. ""PAREDES VALLEJOS"" - JHONNY MILTON PAREDES VALLEJOS",10000.0,
2026-09-17,Cochabamba,GASOLINA ESPECIAL + EESS,Gasolina Especial +,GASOLINA_ESPECIAL_MAS,"EST. DE SERV. ""PARAJE 24.7 SRL""",12000.0,
2026-09-17,Cochabamba,GASOLINA ESPECIAL + EESS,Gasolina Especial +,GASOLINA_ESPECIAL_MAS,"EST. DE SERV. ""PARAJE 24.7 SRL SUC. 1""",10000.0,
2026-09-17,Cochabamba,GASOLINA ESPECIAL + EESS,Gasolina Especial +,GASOLINA_ESPECIAL_MAS,"EST. DE SERV. ""PANAMERICANA"" SUCURSAL COCHABAMBA",10000.0,
2026-09-17,Cochabamba,GASOLINA ESPECIAL + EESS,Gasolina Especial +,GASOLINA_ESPECIAL_MAS,"EST. DE SERV. ""NISSAN"" - SIMON FERRUFINO",8000.0,
2026-09-17,Cochabamba,GASOLINA ESPECIAL + EESS,Gasolina Especial +,GASOLINA_ESPECIAL_MAS,"EST. DE SERV. ""MONTERREY S.R.L.""",10000.0,
2026-09-17,Cochabamba,GASOLINA ESPECIAL + EESS,Gasolina Especial +,GASOLINA_ESPECIAL_MAS,"EST. DE SERV. ""MIZQUE"" - DIOGENES MONTENEGRO P.",6000.0,
2026-09-17,Cochabamba,GASOLINA ESPECIAL + EESS,Gasolina Especial +,GASOLINA_ESPECIAL_MAS,"EST. DE SERV. ""MAX MAMANGUENO"" - E. MELGAREJO",6000.0,
2026-09-17,Cochabamba,GASOLINA ESPECIAL + EESS,Gasolina Especial +,GASOLINA_ESPECIAL_MAS,"EST. DE SERV. ""LOS ALPES""-BERTHA CAMACHO RICALDEZ",12000.0,
2026-09-17,Cochabamba,GASOLINA ESPECIAL + EESS,Gasolina Especial +,GASOLINA_ESPECIAL_MAS,"EST. DE SERV. ""LORETO"" SUC. 1",10000.0,
2026-09-17,Cochabamba,GASOLINA ESPECIAL + EESS,Gasolina Especial +,GASOLINA_ESPECIAL_MAS,"EST. DE SERV. ""LA PATRIA S.R.L.""",6000.0,
2026-09-17,Cochabamba,GASOLINA ESPECIAL + EESS,Gasolina Especial +,GASOLINA_ESPECIAL_MAS,"EST. DE SERV. ""ITAPAYA"" - ALBERTO AMURRIO F.",8000.0,
2026-09-17,Cochabamba,GASOLINA ESPECIAL + EESS,Gasolina Especial +,GASOLINA_ESPECIAL_MAS,"EST. DE SERV. ""ISABEL CHAVEZ""",12000.0,
2026-09-17,Cochabamba,GASOLINA ESPECIAL + EESS,Gasolina Especial +,GASOLINA_ESPECIAL_MAS,"EST. DE SERV. ""IQUIRCOLLO S.R.L.""",16000.0,
2026-09-17,Cochabamba,GASOLINA ESPECIAL + EESS,Gasolina Especial +,GASOLINA_ESPECIAL_MAS,"EST. DE SERV. ""IQUIRCOLLO S.R.L. SUC. 1""",14000.0,
2026-09-17,Cochabamba,GASOLINA ESPECIAL + EESS,Gasolina Especial +,GASOLINA_ESPECIAL_MAS,"EST. DE SERV. ""INVERSIONES VALLESUR S.A.""",12000.0,
2026-09-17,Cochabamba,GASOLINA ESPECIAL + EESS,Gasolina Especial +,GASOLINA_ESPECIAL_MAS,"EST. DE SERV. ""GUADELOUPE GROUP S.R.L.""",10000.0,
2026-09-17,Cochabamba,GASOLINA ESPECIAL + EESS,Gasolina Especial +,GASOLINA_ESPECIAL_MAS,"EST. DE SERV. ""GASNOR S.R.L.""",8000.0,
2026-09-17,Cochabamba,GASOLINA ESPECIAL + EESS,Gasolina Especial +,GASOLINA_ESPECIAL_MAS,"EST. DE SERV. ""FORTALEZA ENERGY S.R.L.""",6000.0,
2026-09-17,Cochabamba,GASOLINA ESPECIAL + EESS,Gasolina Especial +,GASOLINA_ESPECIAL_MAS,"EST. DE SERV. ""EQGAS"" S.R.L.",8000.0,
2026-09-17,Cochabamba,GASOLINA ESPECIAL + EESS,Gasolina Especial +,GASOLINA_ESPECIAL_MAS,"EST. DE SERV. ""EPIZANA""",12000.0,
2026-09-17,Cochabamba,GASOLINA ESPECIAL + EESS,Gasolina Especial +,GASOLINA_ESPECIAL_MAS,"EST. DE SERV. ""EL MANANTIAL SUC. 2""",12000.0,
2026-09-17,Cochabamba,GASOLINA ESPECIAL + EESS,Gasolina Especial +,GASOLINA_ESPECIAL_MAS,"EST. DE SERV. ""EL MANANTIAL SUC. 1""",10000.0,
2026-09-17,Cochabamba,GASOLINA ESPECIAL + EESS,Gasolina Especial +,GASOLINA_ESPECIAL_MAS,"EST. DE SERV. ""EL MANANTIAL SRL""",10000.0,
2026-09-17,Cochabamba,GASOLINA ESPECIAL + EESS,Gasolina Especial +,GASOLINA_ESPECIAL_MAS,"EST. DE SERV. ""EL CRISTO"" - CRISTIAN SABAG",28000.0,
2026-09-17,Cochabamba,GASOLINA ESPECIAL + EESS,Gasolina Especial +,GASOLINA_ESPECIAL_MAS,"EST. DE SERV. ""DORBIGNI""",12000.0,
2026-09-17,Cochabamba,GASOLINA ESPECIAL + EESS,Gasolina Especial +,GASOLINA_ESPECIAL_MAS,"EST. DE SERV. ""DISEL S.R.L.""",8000.0,
2026-09-17,Cochabamba,GASOLINA ESPECIAL + EESS,Gasolina Especial +,GASOLINA_ESPECIAL_MAS,"EST. DE SERV. ""DISEL S.R.L. I""",8000.0,
2026-09-17,Cochabamba,GASOLINA ESPECIAL + EESS,Gasolina Especial +,GASOLINA_ESPECIAL_MAS,"EST. DE SERV. ""DELAASUNCION-AMERICA S.R.L.""",12000.0,
2026-09-17,Cochabamba,GASOLINA ESPECIAL + EESS,Gasolina Especial +,GASOLINA_ESPECIAL_MAS,"EST. DE SERV. ""DAYANA""",12000.0,
2026-09-17,Cochabamba,GASOLINA ESPECIAL + EESS,Gasolina Especial +,GASOLINA_ESPECIAL_MAS,"EST. DE SERV. ""COMERCIALIZADORA QK S.R.L.""",10000.0,
2026-09-17,Cochabamba,GASOLINA ESPECIAL + EESS,Gasolina Especial +,GASOLINA_ESPECIAL_MAS,"EST. DE SERV. ""COCHABAMBA""",14000.0,
2026-09-17,Cochabamba,GASOLINA ESPECIAL + EESS,Gasolina Especial +,GASOLINA_ESPECIAL_MAS,"EST. DE SERV. ""COCHABAMBA S.R.L. SUC. 2""",12000.0,
2026-09-17,Cochabamba,GASOLINA ESPECIAL + EESS,Gasolina Especial +,GASOLINA_ESPECIAL_MAS,"EST. DE SERV. ""COCHABAMBA S.R.L. SUC. 1""",12000.0,
2026-09-17,Cochabamba,GASOLINA ESPECIAL + EESS,Gasolina Especial +,GASOLINA_ESPECIAL_MAS,"EST. DE SERV. ""CITY TRUCK FH S.R.L.""",10000.0,
2026-09-17,Cochabamba,GASOLINA ESPECIAL + EESS,Gasolina Especial +,GASOLINA_ESPECIAL_MAS,"EST. DE SERV. ""CIRCUITO BOLIVIA S.A.""",14000.0,
2026-09-17,Cochabamba,GASOLINA ESPECIAL + EESS,Gasolina Especial +,GASOLINA_ESPECIAL_MAS,"EST. DE SERV. ""CHULLPANI"" - TORRICO AGUILAR JOSE M",17000.0,
2026-09-17,Cochabamba,GASOLINA ESPECIAL + EESS,Gasolina Especial +,GASOLINA_ESPECIAL_MAS,"EST. DE SERV. ""CHINATA S.R.L.""",10000.0,
2026-09-17,Cochabamba,GASOLINA ESPECIAL + EESS,Gasolina Especial +,GASOLINA_ESPECIAL_MAS,"EST. DE SERV. ""CHIMBOCO""",14000.0,
2026-09-17,Cochabamba,GASOLINA ESPECIAL + EESS,Gasolina Especial +,GASOLINA_ESPECIAL_MAS,"EST. DE SERV. ""C.G.C. SRL""",10000.0,
2026-09-17,Cochabamba,GASOLINA ESPECIAL + EESS,Gasolina Especial +,GASOLINA_ESPECIAL_MAS,"EST. DE SERV. ""AYACUCHO""",12000.0,
2026-09-17,Cochabamba,GASOLINA ESPECIAL + EESS,Gasolina Especial +,GASOLINA_ESPECIAL_MAS,"EST. DE SERV. ""ARISPE""",12000.0,
2026-09-17,Cochabamba,GASOLINA ESPECIAL + EESS,Gasolina Especial +,GASOLINA_ESPECIAL_MAS,"EST. DE SERV. ""ARANJUEZ""",16000.0,
2026-09-17,Cochabamba,GASOLINA ESPECIAL + EESS,Gasolina Especial +,GASOLINA_ESPECIAL_MAS,"EST. DE SERV. ""AEROPUERTO S.R.L.""",10000.0,
2026-09-17,Cochabamba,GASOLINA ESPECIAL + EESS,Gasolina Especial +,GASOLINA_ESPECIAL_MAS,"EST. DE SERV. ""A.C.B. CARBURANTES SRL""",16000.0,
2026-09-17,Cochabamba,GASOLINA ESPECIAL + EESS,Gasolina Especial +,GASOLINA_ESPECIAL_MAS,"EST. DE SERV. ""20 DE DICIEMBRE""",12000.0,
2026-09-17,Cochabamba,GASOLINA ESPECIAL + EESS,Gasolina Especial +,GASOLINA_ESPECIAL_MAS,"EST. DE SERV. "" LAS PALMERAS S.R.L.""",10000.0,
2026-09-17,Cochabamba,DIESEL OIL NACIONAL EESS,Diesel Oil Nacional,DIESEL_NACIONAL,ESTACION DE SERVICIO TICTI S.R.L.,15000.0,VENTAS
2026-09-17,Cochabamba,DIESEL OIL NACIONAL EESS,Diesel Oil Nacional,DIESEL_NACIONAL,ESTACION DE SERVICIO PAPU S.R.L.,12000.0,VENTAS
2026-09-17,Cochabamba,DIESEL OIL NACIONAL EESS,Diesel Oil Nacional,DIESEL_NACIONAL,ESTACION DE SERVICIO OMEREQUE,11000.0,VENTAS
2026-09-17,Cochabamba,DIESEL OIL NACIONAL EESS,Diesel Oil Nacional,DIESEL_NACIONAL,ESTACION DE SERVICIO LOS LIBERTADORES S.R.L.,10000.0,VENTAS
2026-09-17,Cochabamba,DIESEL OIL NACIONAL EESS,Diesel Oil Nacional,DIESEL_NACIONAL,ESTACION DE SERVICIO LOS ALAMOS S.R.L.,30000.0,VENTAS
2026-09-17,Cochabamba,DIESEL OIL NACIONAL EESS,Diesel Oil Nacional,DIESEL_NACIONAL,ESTACION DE SERVICIO BEIJING S.R.L.,14000.0,VENTAS
2026-09-17,Cochabamba,DIESEL OIL NACIONAL EESS,Diesel Oil Nacional,DIESEL_NACIONAL,ESTACION DE SERVICIO ANITA,20000.0,VENTAS
2026-09-17,Cochabamba,DIESEL OIL NACIONAL EESS,Diesel Oil Nacional,DIESEL_NACIONAL,"EST. DE SERV. ""VILLA OBRAJES""",20000.0,VENTAS
2026-09-17,Cochabamba,DIESEL OIL NACIONAL EESS,Diesel Oil Nacional,DIESEL_NACIONAL,"EST. DE SERV. ""URKUPINA"" - ALBERTO OPORTO",15000.0,VENTAS
2026-09-17,Cochabamba,DIESEL OIL NACIONAL EESS,Diesel Oil Nacional,DIESEL_NACIONAL,"EST. DE SERV. ""URKUPINA I""- ALBERTO OPORTO L.",6000.0,VENTAS
2026-09-17,Cochabamba,DIESEL OIL NACIONAL EESS,Diesel Oil Nacional,DIESEL_NACIONAL,"EST. DE SERV. ""TRANS SACABA S.A.""",14000.0,VENTAS
2026-09-17,Cochabamba,DIESEL OIL NACIONAL EESS,Diesel Oil Nacional,DIESEL_NACIONAL,"EST. DE SERV. ""TRANS SACABA S.A. II""",17000.0,VENTAS
2026-09-17,Cochabamba,DIESEL OIL NACIONAL EESS,Diesel Oil Nacional,DIESEL_NACIONAL,"EST. DE SERV. ""TIRAQUE""",12000.0,VENTAS
2026-09-17,Cochabamba,DIESEL OIL NACIONAL EESS,Diesel Oil Nacional,DIESEL_NACIONAL,"EST. DE SERV. ""TIQUIPAYA"" - VENICIA ALANEZ JIMENES",6000.0,VENTAS
2026-09-17,Cochabamba,DIESEL OIL NACIONAL EESS,Diesel Oil Nacional,DIESEL_NACIONAL,"EST. DE SERV. ""SUTICOLLO""",22000.0,VENTAS
2026-09-17,Cochabamba,DIESEL OIL NACIONAL EESS,Diesel Oil Nacional,DIESEL_NACIONAL,"EST. DE SERV. ""SURTIDOR CAMPERO""",12000.0,VENTAS
2026-09-17,Cochabamba,DIESEL OIL NACIONAL EESS,Diesel Oil Nacional,DIESEL_NACIONAL,"EST. DE SERV. ""SIPE SIPE S.R.L.""",32000.0,VENTAS
2026-09-17,Cochabamba,DIESEL OIL NACIONAL EESS,Diesel Oil Nacional,DIESEL_NACIONAL,"EST. DE SERV. ""SENOR SANTIAGO"" - E. DELGADILLO",6000.0,VENTAS
2026-09-17,Cochabamba,DIESEL OIL NACIONAL EESS,Diesel Oil Nacional,DIESEL_NACIONAL,"EST. DE SERV. ""SANTA MONICA"" S.R.L.",8000.0,VENTAS
2026-09-17,Cochabamba,DIESEL OIL NACIONAL EESS,Diesel Oil Nacional,DIESEL_NACIONAL,"EST. DE SERV. ""SAN JUAN BAUTISTA S.R.L.""",12000.0,VENTAS
2026-09-17,Cochabamba,DIESEL OIL NACIONAL EESS,Diesel Oil Nacional,DIESEL_NACIONAL,"EST. DE SERV. ""SAN JORGE CBBA S.R.L.""",30000.0,VENTAS
2026-09-17,Cochabamba,DIESEL OIL NACIONAL EESS,Diesel Oil Nacional,DIESEL_NACIONAL,"EST. DE SERV. ""RIOJA""",10000.0,VENTAS
2026-09-17,Cochabamba,DIESEL OIL NACIONAL EESS,Diesel Oil Nacional,DIESEL_NACIONAL,"EST. DE SERV. ""REFINERIA""- SIMON RODRIGO FERRUFINO",6000.0,VENTAS
2026-09-17,Cochabamba,DIESEL OIL NACIONAL EESS,Diesel Oil Nacional,DIESEL_NACIONAL,"EST. DE SERV. ""PETROGAS S.R.L.""",14000.0,VENTAS
2026-09-17,Cochabamba,DIESEL OIL NACIONAL EESS,Diesel Oil Nacional,DIESEL_NACIONAL,"EST. DE SERV. ""PAROTANI""",28000.0,VENTAS
2026-09-17,Cochabamba,DIESEL OIL NACIONAL EESS,Diesel Oil Nacional,DIESEL_NACIONAL,"EST. DE SERV. ""PAREDES VALLEJOS"" - JHONNY MILTON PAREDES VALLEJOS",11000.0,VENTAS
2026-09-17,Cochabamba,DIESEL OIL NACIONAL EESS,Diesel Oil Nacional,DIESEL_NACIONAL,"EST. DE SERV. ""PARAJE 24.7 SRL""",22000.0,VENTAS
2026-09-17,Cochabamba,DIESEL OIL NACIONAL EESS,Diesel Oil Nacional,DIESEL_NACIONAL,"EST. DE SERV. ""PARAJE 24.7 SRL SUC. 1""",10000.0,VENTAS
2026-09-17,Cochabamba,DIESEL OIL NACIONAL EESS,Diesel Oil Nacional,DIESEL_NACIONAL,"EST. DE SERV. ""NISSAN"" - SIMON FERRUFINO",6000.0,VENTAS
2026-09-17,Cochabamba,DIESEL OIL NACIONAL EESS,Diesel Oil Nacional,DIESEL_NACIONAL,"EST. DE SERV. ""MONTERREY S.R.L.""",24000.0,VENTAS
2026-09-17,Cochabamba,DIESEL OIL NACIONAL EESS,Diesel Oil Nacional,DIESEL_NACIONAL,"EST. DE SERV. ""MIZQUE"" - DIOGENES MONTENEGRO P.",6000.0,VENTAS
2026-09-17,Cochabamba,DIESEL OIL NACIONAL EESS,Diesel Oil Nacional,DIESEL_NACIONAL,"EST. DE SERV. ""MAX MAMANGUENO"" - E. MELGAREJO",8000.0,VENTAS
2026-09-17,Cochabamba,DIESEL OIL NACIONAL EESS,Diesel Oil Nacional,DIESEL_NACIONAL,"EST. DE SERV. ""LOS ALPES""-BERTHA CAMACHO RICALDEZ",8000.0,VENTAS
2026-09-17,Cochabamba,DIESEL OIL NACIONAL EESS,Diesel Oil Nacional,DIESEL_NACIONAL,"EST. DE SERV. ""LORETO"" SUC. 1",14000.0,VENTAS
2026-09-17,Cochabamba,DIESEL OIL NACIONAL EESS,Diesel Oil Nacional,DIESEL_NACIONAL,"EST. DE SERV. ""LA MERCED S.R.L.""",10000.0,VENTAS
2026-09-17,Cochabamba,DIESEL OIL NACIONAL EESS,Diesel Oil Nacional,DIESEL_NACIONAL,"EST. DE SERV. ""ITAPAYA"" - ALBERTO AMURRIO F.",12000.0,VENTAS
2026-09-17,Cochabamba,DIESEL OIL NACIONAL EESS,Diesel Oil Nacional,DIESEL_NACIONAL,"EST. DE SERV. ""ISABEL CHAVEZ""",10000.0,VENTAS
2026-09-17,Cochabamba,DIESEL OIL NACIONAL EESS,Diesel Oil Nacional,DIESEL_NACIONAL,"EST. DE SERV. ""IQUIRCOLLO S.R.L.""",32000.0,VENTAS
2026-09-17,Cochabamba,DIESEL OIL NACIONAL EESS,Diesel Oil Nacional,DIESEL_NACIONAL,"EST. DE SERV. ""INVERSIONES VALLESUR S.A.""",12000.0,VENTAS
2026-09-17,Cochabamba,DIESEL OIL NACIONAL EESS,Diesel Oil Nacional,DIESEL_NACIONAL,"EST. DE SERV. ""GASNOR S.R.L.""",6000.0,VENTAS
2026-09-17,Cochabamba,DIESEL OIL NACIONAL EESS,Diesel Oil Nacional,DIESEL_NACIONAL,"EST. DE SERV. ""FORTALEZA ENERGY S.R.L.""",6000.0,VENTAS
2026-09-17,Cochabamba,DIESEL OIL NACIONAL EESS,Diesel Oil Nacional,DIESEL_NACIONAL,"EST. DE SERV. ""EQGAS"" S.R.L.",8000.0,VENTAS
2026-09-17,Cochabamba,DIESEL OIL NACIONAL EESS,Diesel Oil Nacional,DIESEL_NACIONAL,"EST. DE SERV. ""EPIZANA""",12000.0,VENTAS
2026-09-17,Cochabamba,DIESEL OIL NACIONAL EESS,Diesel Oil Nacional,DIESEL_NACIONAL,"EST. DE SERV. ""EL VIAJERO SRL""",24000.0,VENTAS
2026-09-17,Cochabamba,DIESEL OIL NACIONAL EESS,Diesel Oil Nacional,DIESEL_NACIONAL,"EST. DE SERV. ""EL MANANTIAL SRL""",6000.0,VENTAS
2026-09-17,Cochabamba,DIESEL OIL NACIONAL EESS,Diesel Oil Nacional,DIESEL_NACIONAL,"EST. DE SERV. ""EL CRISTO"" - CRISTIAN SABAG",8000.0,VENTAS
2026-09-17,Cochabamba,DIESEL OIL NACIONAL EESS,Diesel Oil Nacional,DIESEL_NACIONAL,"EST. DE SERV. ""DISEL S.R.L.""",28000.0,VENTAS
2026-09-17,Cochabamba,DIESEL OIL NACIONAL EESS,Diesel Oil Nacional,DIESEL_NACIONAL,"EST. DE SERV. ""DISEL S.R.L. I""",32000.0,VENTAS
2026-09-17,Cochabamba,DIESEL OIL NACIONAL EESS,Diesel Oil Nacional,DIESEL_NACIONAL,"EST. DE SERV. ""DAYANA""",12000.0,VENTAS
2026-09-17,Cochabamba,DIESEL OIL NACIONAL EESS,Diesel Oil Nacional,DIESEL_NACIONAL,"EST. DE SERV. ""COMERCIALIZADORA QK S.R.L.""",10000.0,VENTAS
2026-09-17,Cochabamba,DIESEL OIL NACIONAL EESS,Diesel Oil Nacional,DIESEL_NACIONAL,"EST. DE SERV. ""COCHABAMBA""",32000.0,VENTAS
2026-09-17,Cochabamba,DIESEL OIL NACIONAL EESS,Diesel Oil Nacional,DIESEL_NACIONAL,"EST. DE SERV. ""COCHABAMBA S.R.L. SUC. 1""",14000.0,VENTAS
2026-09-17,Cochabamba,DIESEL OIL NACIONAL EESS,Diesel Oil Nacional,DIESEL_NACIONAL,"EST. DE SERV. ""CITY TRUCK FH S.R.L.""",18000.0,VENTAS
2026-09-17,Cochabamba,DIESEL OIL NACIONAL EESS,Diesel Oil Nacional,DIESEL_NACIONAL,"EST. DE SERV. ""CIRCUITO BOLIVIA S.A.""",8000.0,VENTAS
2026-09-17,Cochabamba,DIESEL OIL NACIONAL EESS,Diesel Oil Nacional,DIESEL_NACIONAL,"EST. DE SERV. ""CHULLPANI"" - TORRICO AGUILAR JOSE M",14000.0,VENTAS
2026-09-17,Cochabamba,DIESEL OIL NACIONAL EESS,Diesel Oil Nacional,DIESEL_NACIONAL,"EST. DE SERV. ""CHINATA S.R.L.""",20000.0,VENTAS
2026-09-17,Cochabamba,DIESEL OIL NACIONAL EESS,Diesel Oil Nacional,DIESEL_NACIONAL,"EST. DE SERV. ""CHIMBOCO""",22000.0,VENTAS
2026-09-17,Cochabamba,DIESEL OIL NACIONAL EESS,Diesel Oil Nacional,DIESEL_NACIONAL,"EST. DE SERV. ""C.G.C. SRL""",28000.0,VENTAS
2026-09-17,Cochabamba,DIESEL OIL NACIONAL EESS,Diesel Oil Nacional,DIESEL_NACIONAL,"EST. DE SERV. ""ARISPE""",12000.0,VENTAS
2026-09-17,Cochabamba,DIESEL OIL NACIONAL EESS,Diesel Oil Nacional,DIESEL_NACIONAL,"EST. DE SERV. ""AEROPUERTO S.R.L.""",12000.0,VENTAS
2026-09-17,Cochabamba,GLP DISTRIB. 10 KILOS NAL,GLP,GLP,ROSI GAS - ROXANA ESPINOZA PRADO,6000.0,VENTAS
2026-09-17,Cochabamba,GLP DISTRIB. 10 KILOS NAL,GLP,GLP,PRONTO GAS - VIVIANA LESLY TORRICO TERRAZAS,6000.0,VENTAS
2026-09-17,Cochabamba,GLP DISTRIB. 10 KILOS NAL,GLP,GLP,FAS GAS,6000.0,VENTAS
2026-09-17,Cochabamba,GLP DISTRIB. 10 KILOS NAL,GLP,GLP,"DISTRIBUIDORA DE GAS ""FAGUGAS S.R.L.""",6000.0,VENTAS
2026-09-17,Cochabamba,GLP DISTRIB. 10 KILOS NAL,GLP,GLP,"DIST. PROV. GLP ""VADIGAS""",6000.0,VENTAS
2026-09-17,Cochabamba,GLP DISTRIB. 10 KILOS NAL,GLP,GLP,"DIST. PROV. GLP ""SANTIAGO GAS""",6000.0,VENTAS
2026-09-17,Cochabamba,DIESEL OIL NACIONAL EESS,Diesel Oil Nacional,DIESEL_NACIONAL,ESTACIÓN DE SERVICIO FRANQUITO,12000.0,VENTAS
2026-09-17,Cochabamba,DIESEL OIL NACIONAL EESS,Diesel Oil Nacional,DIESEL_NACIONAL,TERMINAL DE BUSES COCHABAMBA S.A.,14000.0,VENTAS
2026-09-17,Cochabamba,DIESEL OIL NACIONAL EESS,Diesel Oil Nacional,DIESEL_NACIONAL,IMBRANJO S.R.L.,20000.0,VENTAS
2026-09-17,Cochabamba,DIESEL OIL NACIONAL EESS,Diesel Oil Nacional,DIESEL_NACIONAL,ESTACIÓN DE SERVICIO VALLESANTIVAÑEZ S.R.L.,12000.0,VENTAS
2026-09-17,Cochabamba,DIESEL OIL NACIONAL EESS,Diesel Oil Nacional,DIESEL_NACIONAL,COMERCIALIZADORA DE SERVICIOS LUBRISHOP S.R.L.,6000.0,VENTAS
2026-09-17,Cochabamba,GLP DISTRIB. 45 KILOS NAL,GLP,GLP,DIST. GLP SOCIEDAD PETROLERA SANTA ELENA S.R.L.,3600.0,VENTAS
2026-09-17,Cochabamba,GLP DISTRIB. 45 KILOS NAL,GLP,GLP,DIST. GLP NUESTRO GAS-JONSON RICHARD LIMA FLORERO,1800.0,VENTAS
2026-09-17,Cochabamba,GLP DISTRIB. 45 KILOS NAL,GLP,GLP,CBA GAS S.A.,2250.0,VENTAS
2026-09-17,Cochabamba,GLP DISTRIB. 10 KILOS NAL,GLP,GLP,FERRO GAS - BERTHA CAMACHO RICALDEZ DE FERRUFINO,12000.0,VENTAS
2026-09-17,Cochabamba,GLP DISTRIB. 10 KILOS NAL,GLP,GLP,"DIST.GLP""VILOMA GAS"" E.ARANDIA",12000.0,VENTAS
2026-09-17,Cochabamba,GLP DISTRIB. 10 KILOS NAL,GLP,GLP,"DIST.GLP""NOE GAS""M.HINOJOSA R.",12000.0,VENTAS
2026-09-17,Cochabamba,GLP DISTRIB. 10 KILOS NAL,GLP,GLP,"DIST. PROV.GLP ""SIPE SIPE GAS""",12000.0,VENTAS
2026-09-17,Cochabamba,GLP DISTRIB. 10 KILOS NAL,GLP,GLP,"DIST. PROV. GLP ""PREMIUN GAS"" - EDUARDO ZENTENO E.",6000.0,VENTAS
2026-09-17,Cochabamba,GLP DISTRIB. 10 KILOS NAL,GLP,GLP,"DIST. PROV. GLP ""COTA GAS"" - NELSON OLMOS",6000.0,VENTAS
2026-09-17,Cochabamba,GLP DISTRIB. 10 KILOS NAL,GLP,GLP,"DIST. PROV. GLP ""COLOMI GAS""",6000.0,VENTAS
2026-09-17,Cochabamba,GLP DISTRIB. 10 KILOS NAL,GLP,GLP,"DIST. PROV. GLP ""ARANDIA GAS S.R.L.""",6000.0,VENTAS
2026-09-17,Cochabamba,GLP DISTRIB. 10 KILOS NAL,GLP,GLP,"DIST. GLP""SARCO GAS""M.FELIPEZ",18000.0,VENTAS
2026-09-17,Cochabamba,GLP DISTRIB. 10 KILOS NAL,GLP,GLP,DIST. GLP SOCIEDAD PETROLERA SANTA ELENA S.R.L.,24000.0,VENTAS
2026-09-17,Cochabamba,GLP DISTRIB. 10 KILOS NAL,GLP,GLP,DIST. GLP NUESTRO GAS-JONSON RICHARD LIMA FLORERO,24000.0,VENTAS
2026-09-17,Cochabamba,GLP DISTRIB. 10 KILOS NAL,GLP,GLP,"DIST. GLP ""EXTRA GAS"" - MARIO CORDOVA PINTO",18000.0,VENTAS
2026-09-17,Cochabamba,GLP DISTRIB. 10 KILOS NAL,GLP,GLP,"DIST. GLP ""EDMUNDO GAS"" - EDMUNDO QUIROZ TAPIA",6000.0,VENTAS
2026-09-17,Cochabamba,GLP DISTRIB. 10 KILOS NAL,GLP,GLP,"DIST. GLP ""DISBOGAS"" - JENNY PETRONA SALAMANCA VILLAFUERTE",6000.0,VENTAS
2026-09-17,Cochabamba,GLP DISTRIB. 10 KILOS NAL,GLP,GLP,"DIST. GLP ""CAPI GAS"" - GONZALO SOLIZ GUTIERREZ",6000.0,VENTAS
2026-09-17,Cochabamba,GLP DISTRIB. 10 KILOS NAL,GLP,GLP,"DIST. GLP ""BIO GAS"" - ANA MARIA ROMERO DE TORRICO",18000.0,VENTAS
2026-09-17,Cochabamba,GLP DISTRIB. 10 KILOS NAL,GLP,GLP,"DIST. GLP ""ADRIAZOL GAS""",6000.0,VENTAS
2026-09-17,Cochabamba,GLP DISTRIB. 10 KILOS NAL,GLP,GLP,"COOPERATIVA DE SERVICIOS DE DISTRIBUCION DE GAS LICUADO ""CANDELARIA"" R.L.",6000.0,VENTAS
2026-09-17,Cochabamba,GLP DISTRIB. 10 KILOS NAL,GLP,GLP,CBA GAS S.A.,18000.0,VENTAS
2026-09-17,Cochabamba,GLP DISTRIB. 10 KILOS NAL,GLP,GLP,A TODO GAS S.R.L.,18000.0,VENTAS
2026-09-17,Cochabamba,GLP DISTRIB. 10 KILOS NAL,GLP,GLP,AG.CANTONAL MACHAJMARCA - N. QUIROZ,3500.0,VENTAS
2026-09-17,Cochabamba,GLP DISTRIB. 10 KILOS NAL,GLP,GLP,"AG. CANTONAL ""ANDY GAS"" - QUIROGA CLAURE IRMA",3500.0,VENTAS
2026-09-17,Cochabamba,GASOLINA ESPECIAL + CF,Gasolina Especial +,GASOLINA_ESPECIAL_MAS,SERVICIO DEPARTAMENTAL DE CAMINOS,6000.0,VENTAS
2026-09-17,Cochabamba,GASOLINA ESPECIAL + EESS,Gasolina Especial +,GASOLINA_ESPECIAL_MAS,E S CALA CALA,28000.0,TRANSFERENCIAS
2026-09-17,Cochabamba,GASOLINA ESPECIAL + EESS,Gasolina Especial +,GASOLINA_ESPECIAL_MAS,E S AMERICA,24000.0,TRANSFERENCIAS
2026-09-18,Cochabamba,GLP DISTRIB. 10 KILOS NAL,GLP,GLP,ROSI GAS - ROXANA ESPINOZA PRADO,6000.0,VENTAS
2026-09-18,Cochabamba,GLP DISTRIB. 10 KILOS NAL,GLP,GLP,FAS GAS,6000.0,VENTAS
2026-09-18,Cochabamba,GLP DISTRIB. 10 KILOS NAL,GLP,GLP,"DISTRIBUIDORA DE GAS ""FAGUGAS S.R.L.""",6000.0,VENTAS
2026-09-18,Cochabamba,GLP DISTRIB. 10 KILOS NAL,GLP,GLP,"DIST. PROV.GLP ""ESPERANZA GAS""",6000.0,VENTAS
2026-09-18,Cochabamba,DIESEL OIL NACIONAL EESS,Diesel Oil Nacional,DIESEL_NACIONAL,TERMINAL DE BUSES COCHABAMBA S.A.,14000.0,VENTAS
2026-09-18,Cochabamba,DIESEL OIL NACIONAL EESS,Diesel Oil Nacional,DIESEL_NACIONAL,SURTIDOR DE GASOLINA Y DIESEL COLOMI,12000.0,VENTAS
2026-09-18,Cochabamba,DIESEL OIL NACIONAL EESS,Diesel Oil Nacional,DIESEL_NACIONAL,IMBRANJO S.R.L.,20000.0,VENTAS
2026-09-18,Cochabamba,DIESEL OIL NACIONAL EESS,Diesel Oil Nacional,DIESEL_NACIONAL,ESTACION DE SERVICIO TICTI S.R.L.,16000.0,VENTAS
2026-09-18,Cochabamba,DIESEL OIL NACIONAL EESS,Diesel Oil Nacional,DIESEL_NACIONAL,ESTACION DE SERVICIO LOS LIBERTADORES S.R.L.,10000.0,VENTAS
2026-09-18,Cochabamba,DIESEL OIL NACIONAL EESS,Diesel Oil Nacional,DIESEL_NACIONAL,COMERCIALIZADORA DE SERVICIOS LUBRISHOP S.R.L.,6000.0,VENTAS
2026-09-18,Cochabamba,DIESEL OIL NACIONAL EESS,Diesel Oil Nacional,DIESEL_NACIONAL,ESTACION DE SERVICIO LOS ALAMOS S.R.L.,32000.0,VENTAS
2026-09-18,Cochabamba,DIESEL OIL NACIONAL EESS,Diesel Oil Nacional,DIESEL_NACIONAL,ESTACION DE SERVICIO COODPE S.R.L.,15000.0,VENTAS
2026-09-18,Cochabamba,DIESEL OIL NACIONAL EESS,Diesel Oil Nacional,DIESEL_NACIONAL,ESTACION DE SERVICIO BEIJING S.R.L.,14000.0,VENTAS
2026-09-18,Cochabamba,DIESEL OIL NACIONAL EESS,Diesel Oil Nacional,DIESEL_NACIONAL,ESTACION DE SERVICIO ANITA,20000.0,VENTAS
2026-09-18,Cochabamba,DIESEL OIL NACIONAL EESS,Diesel Oil Nacional,DIESEL_NACIONAL,"ESTACION DE SERVICIO ""POJO""",12000.0,VENTAS
2026-09-18,Cochabamba,DIESEL OIL NACIONAL EESS,Diesel Oil Nacional,DIESEL_NACIONAL,"EST. DE SERV. ""VILLA OBRAJES""",20000.0,VENTAS
2026-09-18,Cochabamba,DIESEL OIL NACIONAL EESS,Diesel Oil Nacional,DIESEL_NACIONAL,"EST. DE SERV. ""URKUPINA"" - ALBERTO OPORTO",16000.0,VENTAS
2026-09-18,Cochabamba,DIESEL OIL NACIONAL EESS,Diesel Oil Nacional,DIESEL_NACIONAL,"EST. DE SERV. ""URKUPINA I""- ALBERTO OPORTO L.",6000.0,VENTAS
2026-09-18,Cochabamba,DIESEL OIL NACIONAL EESS,Diesel Oil Nacional,DIESEL_NACIONAL,"EST. DE SERV. ""TRANS SACABA S.A.""",14000.0,VENTAS
2026-09-18,Cochabamba,DIESEL OIL NACIONAL EESS,Diesel Oil Nacional,DIESEL_NACIONAL,"EST. DE SERV. ""TRANS SACABA S.A. II""",18000.0,VENTAS
2026-09-18,Cochabamba,DIESEL OIL NACIONAL EESS,Diesel Oil Nacional,DIESEL_NACIONAL,"EST. DE SERV. ""TIQUIPAYA"" - VENICIA ALANEZ JIMENES",6000.0,VENTAS
2026-09-18,Cochabamba,DIESEL OIL NACIONAL EESS,Diesel Oil Nacional,DIESEL_NACIONAL,"EST. DE SERV. ""SUTICOLLO""",22000.0,VENTAS
2026-09-18,Cochabamba,DIESEL OIL NACIONAL EESS,Diesel Oil Nacional,DIESEL_NACIONAL,"EST. DE SERV. ""SURTIDOR CAMPERO""",12000.0,VENTAS
2026-09-18,Cochabamba,DIESEL OIL NACIONAL EESS,Diesel Oil Nacional,DIESEL_NACIONAL,"EST. DE SERV. ""SIPE SIPE S.R.L.""",32000.0,VENTAS
2026-09-18,Cochabamba,DIESEL OIL NACIONAL EESS,Diesel Oil Nacional,DIESEL_NACIONAL,"EST. DE SERV. ""SENOR SANTIAGO"" - E. DELGADILLO",8000.0,VENTAS
2026-09-18,Cochabamba,DIESEL OIL NACIONAL EESS,Diesel Oil Nacional,DIESEL_NACIONAL,"EST. DE SERV. ""SANTA MONICA"" S.R.L.",8000.0,VENTAS
2026-09-18,Cochabamba,DIESEL OIL NACIONAL EESS,Diesel Oil Nacional,DIESEL_NACIONAL,"EST. DE SERV. ""SAN JUAN BAUTISTA S.R.L.""",12000.0,VENTAS
2026-09-18,Cochabamba,DIESEL OIL NACIONAL EESS,Diesel Oil Nacional,DIESEL_NACIONAL,"EST. DE SERV. ""SAN JORGE CBBA S.R.L.""",30000.0,VENTAS
2026-09-18,Cochabamba,DIESEL OIL NACIONAL EESS,Diesel Oil Nacional,DIESEL_NACIONAL,"EST. DE SERV. ""RIOJA""",10000.0,VENTAS
2026-09-18,Cochabamba,DIESEL OIL NACIONAL EESS,Diesel Oil Nacional,DIESEL_NACIONAL,"EST. DE SERV. ""REFINERIA""- SIMON RODRIGO FERRUFINO",6000.0,VENTAS
2026-09-18,Cochabamba,DIESEL OIL NACIONAL EESS,Diesel Oil Nacional,DIESEL_NACIONAL,"EST. DE SERV. ""PETROGAS S.R.L.""",14000.0,VENTAS
2026-09-18,Cochabamba,DIESEL OIL NACIONAL EESS,Diesel Oil Nacional,DIESEL_NACIONAL,"EST. DE SERV. ""PAROTANI""",28000.0,VENTAS
2026-09-18,Cochabamba,DIESEL OIL NACIONAL EESS,Diesel Oil Nacional,DIESEL_NACIONAL,"EST. DE SERV. ""PARAJE 24.7 SRL""",22000.0,VENTAS
2026-09-18,Cochabamba,DIESEL OIL NACIONAL EESS,Diesel Oil Nacional,DIESEL_NACIONAL,"EST. DE SERV. ""PARAJE 24.7 SRL SUC. 1""",10000.0,VENTAS
2026-09-18,Cochabamba,DIESEL OIL NACIONAL EESS,Diesel Oil Nacional,DIESEL_NACIONAL,"EST. DE SERV. ""NISSAN"" - SIMON FERRUFINO",8000.0,VENTAS
2026-09-18,Cochabamba,DIESEL OIL NACIONAL EESS,Diesel Oil Nacional,DIESEL_NACIONAL,"EST. DE SERV. ""MONTERREY S.R.L.""",24000.0,VENTAS
2026-09-18,Cochabamba,DIESEL OIL NACIONAL EESS,Diesel Oil Nacional,DIESEL_NACIONAL,"EST. DE SERV. ""MIZQUE"" - DIOGENES MONTENEGRO P.",10000.0,VENTAS
2026-09-18,Cochabamba,DIESEL OIL NACIONAL EESS,Diesel Oil Nacional,DIESEL_NACIONAL,"EST. DE SERV. ""MAX MAMANGUENO"" - E. MELGAREJO",8000.0,VENTAS
2026-09-18,Cochabamba,DIESEL OIL NACIONAL EESS,Diesel Oil Nacional,DIESEL_NACIONAL,"EST. DE SERV. ""LOS ALPES""-BERTHA CAMACHO RICALDEZ",8000.0,VENTAS
2026-09-18,Cochabamba,DIESEL OIL NACIONAL EESS,Diesel Oil Nacional,DIESEL_NACIONAL,"EST. DE SERV. ""LORETO"" SUC. 1",14000.0,VENTAS
2026-09-18,Cochabamba,DIESEL OIL NACIONAL EESS,Diesel Oil Nacional,DIESEL_NACIONAL,"EST. DE SERV. ""LA MERCED S.R.L.""",10000.0,VENTAS
2026-09-18,Cochabamba,DIESEL OIL NACIONAL EESS,Diesel Oil Nacional,DIESEL_NACIONAL,"EST. DE SERV. ""ITAPAYA"" - ALBERTO AMURRIO F.",12000.0,VENTAS
2026-09-18,Cochabamba,DIESEL OIL NACIONAL EESS,Diesel Oil Nacional,DIESEL_NACIONAL,"EST. DE SERV. ""ISABEL CHAVEZ""",12000.0,VENTAS
2026-09-18,Cochabamba,DIESEL OIL NACIONAL EESS,Diesel Oil Nacional,DIESEL_NACIONAL,"EST. DE SERV. ""IQUIRCOLLO S.R.L.""",30000.0,VENTAS
2026-09-18,Cochabamba,DIESEL OIL NACIONAL EESS,Diesel Oil Nacional,DIESEL_NACIONAL,"EST. DE SERV. ""GASNOR S.R.L.""",6000.0,VENTAS
2026-09-18,Cochabamba,DIESEL OIL NACIONAL EESS,Diesel Oil Nacional,DIESEL_NACIONAL,"EST. DE SERV. ""FORTALEZA ENERGY S.R.L.""",6000.0,VENTAS
2026-09-18,Cochabamba,DIESEL OIL NACIONAL EESS,Diesel Oil Nacional,DIESEL_NACIONAL,"EST. DE SERV. ""EQGAS"" S.R.L.",8000.0,VENTAS
2026-09-18,Cochabamba,DIESEL OIL NACIONAL EESS,Diesel Oil Nacional,DIESEL_NACIONAL,"EST. DE SERV. ""EPIZANA""",12000.0,VENTAS
2026-09-18,Cochabamba,DIESEL OIL NACIONAL EESS,Diesel Oil Nacional,DIESEL_NACIONAL,"EST. DE SERV. ""EL VIAJERO SRL""",24000.0,VENTAS
2026-09-18,Cochabamba,DIESEL OIL NACIONAL EESS,Diesel Oil Nacional,DIESEL_NACIONAL,"EST. DE SERV. ""EL MANANTIAL SRL""",6000.0,VENTAS
2026-09-18,Cochabamba,DIESEL OIL NACIONAL EESS,Diesel Oil Nacional,DIESEL_NACIONAL,"EST. DE SERV. ""EL CRISTO"" - CRISTIAN SABAG",8000.0,VENTAS
2026-09-18,Cochabamba,DIESEL OIL NACIONAL EESS,Diesel Oil Nacional,DIESEL_NACIONAL,"EST. DE SERV. ""DISEL S.R.L.""",28000.0,VENTAS
2026-09-18,Cochabamba,DIESEL OIL NACIONAL EESS,Diesel Oil Nacional,DIESEL_NACIONAL,"EST. DE SERV. ""DISEL S.R.L. I""",32000.0,VENTAS
2026-09-18,Cochabamba,DIESEL OIL NACIONAL EESS,Diesel Oil Nacional,DIESEL_NACIONAL,"EST. DE SERV. ""DAYANA""",12000.0,VENTAS
2026-09-18,Cochabamba,DIESEL OIL NACIONAL EESS,Diesel Oil Nacional,DIESEL_NACIONAL,"EST. DE SERV. ""COMERCIALIZADORA QK S.R.L.""",10000.0,VENTAS
2026-09-18,Cochabamba,DIESEL OIL NACIONAL EESS,Diesel Oil Nacional,DIESEL_NACIONAL,"EST. DE SERV. ""COCHABAMBA""",32000.0,VENTAS
2026-09-18,Cochabamba,DIESEL OIL NACIONAL EESS,Diesel Oil Nacional,DIESEL_NACIONAL,"EST. DE SERV. ""COCHABAMBA S.R.L. SUC. 1""",14000.0,VENTAS
2026-09-18,Cochabamba,DIESEL OIL NACIONAL EESS,Diesel Oil Nacional,DIESEL_NACIONAL,"EST. DE SERV. ""CITY TRUCK FH S.R.L.""",17000.0,VENTAS
2026-09-18,Cochabamba,DIESEL OIL NACIONAL EESS,Diesel Oil Nacional,DIESEL_NACIONAL,"EST. DE SERV. ""CIRCUITO BOLIVIA S.A.""",10000.0,VENTAS
2026-09-18,Cochabamba,DIESEL OIL NACIONAL EESS,Diesel Oil Nacional,DIESEL_NACIONAL,"EST. DE SERV. ""CHULLPANI"" - TORRICO AGUILAR JOSE M",14000.0,VENTAS
2026-09-18,Cochabamba,DIESEL OIL NACIONAL EESS,Diesel Oil Nacional,DIESEL_NACIONAL,"EST. DE SERV. ""CHINATA S.R.L.""",20000.0,VENTAS
2026-09-18,Cochabamba,DIESEL OIL NACIONAL EESS,Diesel Oil Nacional,DIESEL_NACIONAL,"EST. DE SERV. ""CHIMBOCO""",22000.0,VENTAS
2026-09-18,Cochabamba,DIESEL OIL NACIONAL EESS,Diesel Oil Nacional,DIESEL_NACIONAL,"EST. DE SERV. ""C.G.C. SRL""",28000.0,VENTAS
2026-09-18,Cochabamba,DIESEL OIL NACIONAL EESS,Diesel Oil Nacional,DIESEL_NACIONAL,"EST. DE SERV. ""ARANI"" - ZULMA ROJAS",12000.0,VENTAS
2026-09-18,Cochabamba,DIESEL OIL NACIONAL EESS,Diesel Oil Nacional,DIESEL_NACIONAL,"EST. DE SERV. ""AEROPUERTO S.R.L.""",12000.0,VENTAS
2026-09-18,Cochabamba,DIESEL OIL NACIONAL EESS,Diesel Oil Nacional,DIESEL_NACIONAL,"EST. DE SERV. ""ADRIAN""",12000.0,VENTAS
2026-09-18,Cochabamba,DIESEL OIL NACIONAL EESS,Diesel Oil Nacional,DIESEL_NACIONAL,"EST. DE SERV. ""24 DE SEPTIEMBRE S.R.L.""",12000.0,VENTAS
2026-09-18,Cochabamba,DIESEL OIL NACIONAL EESS,Diesel Oil Nacional,DIESEL_NACIONAL,CENTRO DE SERVICIOS VALLEPUNATA S.R.L.,8000.0,VENTAS
2026-09-18,Cochabamba,GASOLINA ESPECIAL + EESS,Gasolina Especial +,GASOLINA_ESPECIAL_MAS,TERMINAL DE BUSES COCHABAMBA S.A.,10000.0,VENTAS
2026-09-18,Cochabamba,GASOLINA ESPECIAL + EESS,Gasolina Especial +,GASOLINA_ESPECIAL_MAS,SURTIDOR DE GASOLINA Y DIESEL COLOMI,16000.0,VENTAS
2026-09-18,Cochabamba,GASOLINA ESPECIAL + EESS,Gasolina Especial +,GASOLINA_ESPECIAL_MAS,PETROCEL S.R.L.,12000.0,VENTAS
2026-09-18,Cochabamba,GASOLINA ESPECIAL + EESS,Gasolina Especial +,GASOLINA_ESPECIAL_MAS,KHORA ESTACION DE SERVICIO - MEDRANO ARNEZ JAIME,6000.0,VENTAS
2026-09-18,Cochabamba,GASOLINA ESPECIAL + EESS,Gasolina Especial +,GASOLINA_ESPECIAL_MAS,IMBRANJO S.R.L.,14000.0,VENTAS
2026-09-18,Cochabamba,GASOLINA ESPECIAL + EESS,Gasolina Especial +,GASOLINA_ESPECIAL_MAS,FEDEX CHACO,3000.0,VENTAS
2026-09-18,Cochabamba,GASOLINA ESPECIAL + EESS,Gasolina Especial +,GASOLINA_ESPECIAL_MAS,ESTAGAS S.R.L.,10000.0,VENTAS
2026-09-18,Cochabamba,GASOLINA ESPECIAL + EESS,Gasolina Especial +,GASOLINA_ESPECIAL_MAS,ESTACION DE SERVICIO VIRGEN DE LAS ANGUSTIAS S.R.L.,12000.0,VENTAS
2026-09-18,Cochabamba,GASOLINA ESPECIAL + EESS,Gasolina Especial +,GASOLINA_ESPECIAL_MAS,ESTACION DE SERVICIO TICTI S.R.L.,12000.0,VENTAS
2026-09-18,Cochabamba,GASOLINA ESPECIAL + EESS,Gasolina Especial +,GASOLINA_ESPECIAL_MAS,ESTACION DE SERVICIO HIPODROMO S.R.L.,6000.0,VENTAS
2026-09-18,Cochabamba,GASOLINA ESPECIAL + EESS,Gasolina Especial +,GASOLINA_ESPECIAL_MAS,"EST. DE SERV. ""PETROGAS S.R.L.""",6000.0,VENTAS
2026-09-18,Cochabamba,GASOLINA ESPECIAL + EESS,Gasolina Especial +,GASOLINA_ESPECIAL_MAS,COMERCIALIZADORA DE SERVICIOS LUBRISHOP S.R.L.,6000.0,VENTAS
2026-09-18,Cochabamba,GASOLINA ESPECIAL + EESS,Gasolina Especial +,GASOLINA_ESPECIAL_MAS,ESTACION DE SERVICIO LOS LIBERTADORES S.R.L.,10000.0,VENTAS
2026-09-18,Cochabamba,GASOLINA ESPECIAL + EESS,Gasolina Especial +,GASOLINA_ESPECIAL_MAS,ESTACION DE SERVICIO LOS ALAMOS S.R.L.,14000.0,VENTAS
2026-09-18,Cochabamba,GASOLINA ESPECIAL + EESS,Gasolina Especial +,GASOLINA_ESPECIAL_MAS,ESTACION DE SERVICIO COODPE S.R.L.,12000.0,VENTAS
2026-09-18,Cochabamba,GASOLINA ESPECIAL + EESS,Gasolina Especial +,GASOLINA_ESPECIAL_MAS,ESTACION DE SERVICIO CAPITAN VICTOR USTARIZ S.R.L.,12000.0,VENTAS
2026-09-18,Cochabamba,GASOLINA ESPECIAL + EESS,Gasolina Especial +,GASOLINA_ESPECIAL_MAS,ESTACION DE SERVICIO BEIJING S.R.L.,14000.0,VENTAS
2026-09-18,Cochabamba,GASOLINA ESPECIAL + EESS,Gasolina Especial +,GASOLINA_ESPECIAL_MAS,ESTACION DE SERVICIO ANITA,16000.0,VENTAS
2026-09-18,Cochabamba,GASOLINA ESPECIAL + EESS,Gasolina Especial +,GASOLINA_ESPECIAL_MAS,"ESTACION DE SERVICIO ""POJO""",6000.0,VENTAS
2026-09-18,Cochabamba,GASOLINA ESPECIAL + EESS,Gasolina Especial +,GASOLINA_ESPECIAL_MAS,"ESTACION DE SERVICIO ""LOS LAURELES"" - DIEGO M. DELGADILLO ANTEZANA",10000.0,VENTAS
2026-09-18,Cochabamba,GASOLINA ESPECIAL + EESS,Gasolina Especial +,GASOLINA_ESPECIAL_MAS,"EST. DE SERV. ""VILLA OBRAJES""",10000.0,VENTAS
2026-09-18,Cochabamba,GASOLINA ESPECIAL + EESS,Gasolina Especial +,GASOLINA_ESPECIAL_MAS,"EST. DE SERV. ""URKUPINA"" - ALBERTO OPORTO",10000.0,VENTAS
2026-09-18,Cochabamba,GASOLINA ESPECIAL + EESS,Gasolina Especial +,GASOLINA_ESPECIAL_MAS,"EST. DE SERV. ""URKUPINA I""- ALBERTO OPORTO L.",12000.0,VENTAS
2026-09-18,Cochabamba,GASOLINA ESPECIAL + EESS,Gasolina Especial +,GASOLINA_ESPECIAL_MAS,"EST. DE SERV. ""TRANS SACABA S.A. II""",10000.0,VENTAS
2026-09-18,Cochabamba,GASOLINA ESPECIAL + EESS,Gasolina Especial +,GASOLINA_ESPECIAL_MAS,"EST. DE SERV. ""TIQUIPAYA"" - VENICIA ALANEZ JIMENES",6000.0,VENTAS
2026-09-18,Cochabamba,GASOLINA ESPECIAL + EESS,Gasolina Especial +,GASOLINA_ESPECIAL_MAS,"EST. DE SERV. ""SUTICOLLO""",12000.0,VENTAS
2026-09-18,Cochabamba,GASOLINA ESPECIAL + EESS,Gasolina Especial +,GASOLINA_ESPECIAL_MAS,"EST. DE SERV. ""SURTIDOR CAMPERO""",8000.0,VENTAS
2026-09-18,Cochabamba,GASOLINA ESPECIAL + EESS,Gasolina Especial +,GASOLINA_ESPECIAL_MAS,"EST. DE SERV. ""SIPE SIPE S.R.L.""",14000.0,VENTAS
2026-09-18,Cochabamba,GASOLINA ESPECIAL + EESS,Gasolina Especial +,GASOLINA_ESPECIAL_MAS,"EST. DE SERV. ""SENOR SANTIAGO"" - E. DELGADILLO",10000.0,VENTAS
2026-09-18,Cochabamba,GASOLINA ESPECIAL + EESS,Gasolina Especial +,GASOLINA_ESPECIAL_MAS,"EST. DE SERV. ""SENOR SANTIAGO SUC. 1"" - E. DELGADILLO",10000.0,VENTAS
2026-09-18,Cochabamba,GASOLINA ESPECIAL + EESS,Gasolina Especial +,GASOLINA_ESPECIAL_MAS,"EST. DE SERV. ""SANTA MONICA"" S.R.L.",10000.0,VENTAS
2026-09-18,Cochabamba,GASOLINA ESPECIAL + EESS,Gasolina Especial +,GASOLINA_ESPECIAL_MAS,"EST. DE SERV. ""SAN JUAN BAUTISTA S.R.L.""",12000.0,VENTAS
2026-09-18,Cochabamba,GASOLINA ESPECIAL + EESS,Gasolina Especial +,GASOLINA_ESPECIAL_MAS,"EST. DE SERV. ""SAN JORGE CBBA S.R.L.""",16000.0,VENTAS
2026-09-18,Cochabamba,GASOLINA ESPECIAL + EESS,Gasolina Especial +,GASOLINA_ESPECIAL_MAS,"EST. DE SERV. ""RIOJA""",10000.0,VENTAS
2026-09-18,Cochabamba,GASOLINA ESPECIAL + EESS,Gasolina Especial +,GASOLINA_ESPECIAL_MAS,"EST. DE SERV. ""REFINERIA""- SIMON RODRIGO FERRUFINO",6000.0,VENTAS
2026-09-18,Cochabamba,GASOLINA ESPECIAL + EESS,Gasolina Especial +,GASOLINA_ESPECIAL_MAS,"EST. DE SERV. ""PORTALEZ S.R.L.""",18000.0,VENTAS
2026-09-18,Cochabamba,GASOLINA ESPECIAL + EESS,Gasolina Especial +,GASOLINA_ESPECIAL_MAS,"EST. DE SERV. ""PAROTANI""",12000.0,VENTAS
2026-09-18,Cochabamba,GASOLINA ESPECIAL + EESS,Gasolina Especial +,GASOLINA_ESPECIAL_MAS,"EST. DE SERV. ""PARAJE 24.7 SRL""",12000.0,VENTAS
2026-09-18,Cochabamba,GASOLINA ESPECIAL + EESS,Gasolina Especial +,GASOLINA_ESPECIAL_MAS,"EST. DE SERV. ""PARAJE 24.7 SRL SUC. 1""",10000.0,VENTAS
2026-09-18,Cochabamba,GASOLINA ESPECIAL + EESS,Gasolina Especial +,GASOLINA_ESPECIAL_MAS,"EST. DE SERV. ""PANAMERICANA"" SUCURSAL COCHABAMBA",10000.0,VENTAS
2026-09-18,Cochabamba,GASOLINA ESPECIAL + EESS,Gasolina Especial +,GASOLINA_ESPECIAL_MAS,"EST. DE SERV. ""NISSAN"" - SIMON FERRUFINO",8000.0,VENTAS
2026-09-18,Cochabamba,GASOLINA ESPECIAL + EESS,Gasolina Especial +,GASOLINA_ESPECIAL_MAS,"EST. DE SERV. ""MONTERREY S.R.L.""",10000.0,VENTAS
2026-09-18,Cochabamba,GASOLINA ESPECIAL + EESS,Gasolina Especial +,GASOLINA_ESPECIAL_MAS,"EST. DE SERV. ""MIZQUE"" - DIOGENES MONTENEGRO P.",6000.0,VENTAS
2026-09-18,Cochabamba,GASOLINA ESPECIAL + EESS,Gasolina Especial +,GASOLINA_ESPECIAL_MAS,"EST. DE SERV. ""MAX MAMANGUENO"" - E. MELGAREJO",6000.0,VENTAS
2026-09-18,Cochabamba,GASOLINA ESPECIAL + EESS,Gasolina Especial +,GASOLINA_ESPECIAL_MAS,"EST. DE SERV. ""LOS ALPES""-BERTHA CAMACHO RICALDEZ",12000.0,VENTAS
2026-09-18,Cochabamba,GASOLINA ESPECIAL + EESS,Gasolina Especial +,GASOLINA_ESPECIAL_MAS,"EST. DE SERV. ""LORETO"" SUC. 1",12000.0,VENTAS
2026-09-18,Cochabamba,GASOLINA ESPECIAL + EESS,Gasolina Especial +,GASOLINA_ESPECIAL_MAS,"EST. DE SERV. ""LA PATRIA S.R.L.""",6000.0,VENTAS
2026-09-18,Cochabamba,GASOLINA ESPECIAL + EESS,Gasolina Especial +,GASOLINA_ESPECIAL_MAS,"EST. DE SERV. ""LA MERCED S.R.L.""",9000.0,VENTAS
2026-09-18,Cochabamba,GASOLINA ESPECIAL + EESS,Gasolina Especial +,GASOLINA_ESPECIAL_MAS,"EST. DE SERV. ""ITAPAYA"" - ALBERTO AMURRIO F.",8000.0,VENTAS
2026-09-18,Cochabamba,GASOLINA ESPECIAL + EESS,Gasolina Especial +,GASOLINA_ESPECIAL_MAS,"EST. DE SERV. ""ISABEL CHAVEZ""",12000.0,VENTAS
2026-09-18,Cochabamba,GASOLINA ESPECIAL + EESS,Gasolina Especial +,GASOLINA_ESPECIAL_MAS,"EST. DE SERV. ""IQUIRCOLLO S.R.L.""",16000.0,VENTAS
2026-09-18,Cochabamba,GASOLINA ESPECIAL + EESS,Gasolina Especial +,GASOLINA_ESPECIAL_MAS,"EST. DE SERV. ""IQUIRCOLLO S.R.L. SUC. 1""",16000.0,VENTAS
2026-09-18,Cochabamba,GASOLINA ESPECIAL + EESS,Gasolina Especial +,GASOLINA_ESPECIAL_MAS,"EST. DE SERV. ""GUADELOUPE GROUP S.R.L.""",10000.0,VENTAS
2026-09-18,Cochabamba,GASOLINA ESPECIAL + EESS,Gasolina Especial +,GASOLINA_ESPECIAL_MAS,"EST. DE SERV. ""GASNOR S.R.L.""",8000.0,VENTAS
2026-09-18,Cochabamba,GASOLINA ESPECIAL + EESS,Gasolina Especial +,GASOLINA_ESPECIAL_MAS,"EST. DE SERV. ""FORTALEZA ENERGY S.R.L.""",6000.0,VENTAS
2026-09-18,Cochabamba,GASOLINA ESPECIAL + EESS,Gasolina Especial +,GASOLINA_ESPECIAL_MAS,"EST. DE SERV. ""EQGAS"" S.R.L.",8000.0,VENTAS
2026-09-18,Cochabamba,GASOLINA ESPECIAL + EESS,Gasolina Especial +,GASOLINA_ESPECIAL_MAS,"EST. DE SERV. ""EPIZANA""",12000.0,VENTAS
2026-09-18,Cochabamba,GASOLINA ESPECIAL + EESS,Gasolina Especial +,GASOLINA_ESPECIAL_MAS,"EST. DE SERV. ""EL MANANTIAL SUC. 2""",12000.0,VENTAS
2026-09-18,Cochabamba,GASOLINA ESPECIAL + EESS,Gasolina Especial +,GASOLINA_ESPECIAL_MAS,"EST. DE SERV. ""EL MANANTIAL SUC. 1""",10000.0,VENTAS
2026-09-18,Cochabamba,GASOLINA ESPECIAL + EESS,Gasolina Especial +,GASOLINA_ESPECIAL_MAS,"EST. DE SERV. ""EL MANANTIAL SRL""",10000.0,VENTAS
2026-09-18,Cochabamba,GASOLINA ESPECIAL + EESS,Gasolina Especial +,GASOLINA_ESPECIAL_MAS,"EST. DE SERV. ""EL CRISTO"" - CRISTIAN SABAG",28000.0,VENTAS
2026-09-18,Cochabamba,GASOLINA ESPECIAL + EESS,Gasolina Especial +,GASOLINA_ESPECIAL_MAS,"EST. DE SERV. ""DORBIGNI""",12000.0,VENTAS
2026-09-18,Cochabamba,GASOLINA ESPECIAL + EESS,Gasolina Especial +,GASOLINA_ESPECIAL_MAS,"EST. DE SERV. ""DISEL S.R.L.""",8000.0,VENTAS
2026-09-18,Cochabamba,GASOLINA ESPECIAL + EESS,Gasolina Especial +,GASOLINA_ESPECIAL_MAS,"EST. DE SERV. ""DISEL S.R.L. I""",8000.0,VENTAS
2026-09-18,Cochabamba,GASOLINA ESPECIAL + EESS,Gasolina Especial +,GASOLINA_ESPECIAL_MAS,"EST. DE SERV. ""DELAASUNCION-AMERICA S.R.L.""",12000.0,VENTAS
2026-09-18,Cochabamba,GASOLINA ESPECIAL + EESS,Gasolina Especial +,GASOLINA_ESPECIAL_MAS,"EST. DE SERV. ""DAYANA""",12000.0,VENTAS
2026-09-18,Cochabamba,GASOLINA ESPECIAL + EESS,Gasolina Especial +,GASOLINA_ESPECIAL_MAS,"EST. DE SERV. ""COMERCIALIZADORA QK S.R.L.""",10000.0,VENTAS
2026-09-18,Cochabamba,GASOLINA ESPECIAL + EESS,Gasolina Especial +,GASOLINA_ESPECIAL_MAS,"EST. DE SERV. ""COCHABAMBA""",14000.0,VENTAS
2026-09-18,Cochabamba,GASOLINA ESPECIAL + EESS,Gasolina Especial +,GASOLINA_ESPECIAL_MAS,"EST. DE SERV. ""COCHABAMBA S.R.L. SUC. 2""",12000.0,VENTAS
2026-09-18,Cochabamba,GASOLINA ESPECIAL + EESS,Gasolina Especial +,GASOLINA_ESPECIAL_MAS,"EST. DE SERV. ""COCHABAMBA S.R.L. SUC. 1""",12000.0,VENTAS
2026-09-18,Cochabamba,GASOLINA ESPECIAL + EESS,Gasolina Especial +,GASOLINA_ESPECIAL_MAS,"EST. DE SERV. ""CITY TRUCK FH S.R.L.""",10000.0,VENTAS
2026-09-18,Cochabamba,GASOLINA ESPECIAL + EESS,Gasolina Especial +,GASOLINA_ESPECIAL_MAS,"EST. DE SERV. ""CIRCUITO BOLIVIA S.A.""",14000.0,VENTAS
2026-09-18,Cochabamba,GASOLINA ESPECIAL + EESS,Gasolina Especial +,GASOLINA_ESPECIAL_MAS,"EST. DE SERV. ""CHULLPANI"" - TORRICO AGUILAR JOSE M",18000.0,VENTAS
2026-09-18,Cochabamba,GASOLINA ESPECIAL + EESS,Gasolina Especial +,GASOLINA_ESPECIAL_MAS,"EST. DE SERV. ""CHINATA S.R.L.""",10000.0,VENTAS
2026-09-18,Cochabamba,GASOLINA ESPECIAL + EESS,Gasolina Especial +,GASOLINA_ESPECIAL_MAS,"EST. DE SERV. ""CHIMBOCO""",14000.0,VENTAS
2026-09-18,Cochabamba,GASOLINA ESPECIAL + EESS,Gasolina Especial +,GASOLINA_ESPECIAL_MAS,"EST. DE SERV. ""C.G.C. SRL""",10000.0,VENTAS
2026-09-18,Cochabamba,GASOLINA ESPECIAL + EESS,Gasolina Especial +,GASOLINA_ESPECIAL_MAS,"EST. DE SERV. ""AYACUCHO""",12000.0,VENTAS
2026-09-18,Cochabamba,GASOLINA ESPECIAL + EESS,Gasolina Especial +,GASOLINA_ESPECIAL_MAS,"EST. DE SERV. ""ARANJUEZ""",16000.0,VENTAS
2026-09-18,Cochabamba,GASOLINA ESPECIAL + EESS,Gasolina Especial +,GASOLINA_ESPECIAL_MAS,"EST. DE SERV. ""ARANI"" - ZULMA ROJAS",12000.0,VENTAS
2026-09-18,Cochabamba,GASOLINA ESPECIAL + EESS,Gasolina Especial +,GASOLINA_ESPECIAL_MAS,"EST. DE SERV. ""AEROPUERTO S.R.L.""",10000.0,VENTAS
2026-09-18,Cochabamba,GASOLINA ESPECIAL + EESS,Gasolina Especial +,GASOLINA_ESPECIAL_MAS,"EST. DE SERV. ""ADRIAN""",12000.0,VENTAS
2026-09-18,Cochabamba,GASOLINA ESPECIAL + EESS,Gasolina Especial +,GASOLINA_ESPECIAL_MAS,"EST. DE SERV. ""A.C.B. CARBURANTES SRL""",16000.0,VENTAS
2026-09-18,Cochabamba,GASOLINA ESPECIAL + EESS,Gasolina Especial +,GASOLINA_ESPECIAL_MAS,"EST. DE SERV. ""24 DE SEPTIEMBRE S.R.L.""",12000.0,VENTAS
2026-09-18,Cochabamba,GASOLINA ESPECIAL + EESS,Gasolina Especial +,GASOLINA_ESPECIAL_MAS,"EST. DE SERV. ""20 DE DICIEMBRE""",12000.0,VENTAS
2026-09-18,Cochabamba,GASOLINA ESPECIAL + EESS,Gasolina Especial +,GASOLINA_ESPECIAL_MAS,"EST. DE SERV. "" LAS PALMERAS S.R.L.""",10000.0,VENTAS
2026-09-18,Cochabamba,GASOLINA ESPECIAL + EESS,Gasolina Especial +,GASOLINA_ESPECIAL_MAS,CENTRO DE SERVICIOS VALLEPUNATA S.R.L.,10000.0,VENTAS
2026-09-18,Cochabamba,GLP DISTRIB. 45 KILOS NAL,GLP,GLP,DIST. GLP SOCIEDAD PETROLERA SANTA ELENA S.R.L.,3600.0,VENTAS
2026-09-18,Cochabamba,GLP DISTRIB. 45 KILOS NAL,GLP,GLP,DIST. GLP NUESTRO GAS-JONSON RICHARD LIMA FLORERO,1800.0,VENTAS
2026-09-18,Cochabamba,GLP DISTRIB. 10 KILOS NAL,GLP,GLP,FERRO GAS - BERTHA CAMACHO RICALDEZ DE FERRUFINO,12000.0,VENTAS
2026-09-18,Cochabamba,GLP DISTRIB. 10 KILOS NAL,GLP,GLP,"DIST.GLP""VILOMA GAS"" E.ARANDIA",12000.0,VENTAS
2026-09-18,Cochabamba,GLP DISTRIB. 10 KILOS NAL,GLP,GLP,"DIST.GLP""NOE GAS""M.HINOJOSA R.",12000.0,VENTAS
2026-09-18,Cochabamba,GLP DISTRIB. 10 KILOS NAL,GLP,GLP,"DIST. PROV.GLP ""SIPE SIPE GAS""",12000.0,VENTAS
2026-09-18,Cochabamba,GLP DISTRIB. 10 KILOS NAL,GLP,GLP,"DIST. PROV. GLP ""PREMIUN GAS"" - EDUARDO ZENTENO E.",6000.0,VENTAS
2026-09-18,Cochabamba,GLP DISTRIB. 10 KILOS NAL,GLP,GLP,"DIST. PROV. GLP ""COTA GAS"" - NELSON OLMOS",6000.0,VENTAS
2026-09-18,Cochabamba,GLP DISTRIB. 10 KILOS NAL,GLP,GLP,"DIST. PROV. GLP ""COLOMI GAS""",6000.0,VENTAS
2026-09-18,Cochabamba,GLP DISTRIB. 10 KILOS NAL,GLP,GLP,"DIST. PROV. GLP ""ARANDIA GAS S.R.L.""",6000.0,VENTAS
2026-09-18,Cochabamba,GLP DISTRIB. 10 KILOS NAL,GLP,GLP,"DIST. GLP""SARCO GAS""M.FELIPEZ",12000.0,VENTAS
2026-09-18,Cochabamba,GLP DISTRIB. 10 KILOS NAL,GLP,GLP,DIST. GLP SOCIEDAD PETROLERA SANTA ELENA S.R.L.,24000.0,VENTAS
2026-09-18,Cochabamba,GLP DISTRIB. 10 KILOS NAL,GLP,GLP,DIST. GLP NUESTRO GAS-JONSON RICHARD LIMA FLORERO,24000.0,VENTAS
2026-09-18,Cochabamba,GLP DISTRIB. 10 KILOS NAL,GLP,GLP,"DIST. GLP ""SANTIVANEZ GAS"" - JUVENAL ZENTENO ESPINOZA",6000.0,VENTAS
2026-09-18,Cochabamba,GLP DISTRIB. 10 KILOS NAL,GLP,GLP,"DIST. GLP ""EXTRA GAS"" - MARIO CORDOVA PINTO",18000.0,VENTAS
2026-09-18,Cochabamba,GLP DISTRIB. 10 KILOS NAL,GLP,GLP,"DIST. GLP ""EDMUNDO GAS"" - EDMUNDO QUIROZ TAPIA",6000.0,VENTAS
2026-09-18,Cochabamba,GLP DISTRIB. 10 KILOS NAL,GLP,GLP,"DIST. GLP ""DISBOGAS"" - JENNY PETRONA SALAMANCA VILLAFUERTE",6000.0,VENTAS
2026-09-18,Cochabamba,GLP DISTRIB. 10 KILOS NAL,GLP,GLP,"DIST. GLP ""CAPI GAS"" - GONZALO SOLIZ GUTIERREZ",6000.0,VENTAS
2026-09-18,Cochabamba,GLP DISTRIB. 10 KILOS NAL,GLP,GLP,"DIST. GLP ""BIO GAS"" - ANA MARIA ROMERO DE TORRICO",18000.0,VENTAS
2026-09-18,Cochabamba,GLP DISTRIB. 10 KILOS NAL,GLP,GLP,"DIST. GLP ""ADRIAZOL GAS""",6000.0,VENTAS
2026-09-18,Cochabamba,GLP DISTRIB. 10 KILOS NAL,GLP,GLP,"COOPERATIVA DE SERVICIOS DE DISTRIBUCION DE GAS LICUADO ""CANDELARIA"" R.L.",6000.0,VENTAS
2026-09-18,Cochabamba,GLP DISTRIB. 10 KILOS NAL,GLP,GLP,CBA GAS S.A.,18000.0,VENTAS
2026-09-18,Cochabamba,GLP DISTRIB. 10 KILOS NAL,GLP,GLP,A TODO GAS S.R.L.,12000.0,VENTAS
2026-09-19,Cochabamba,DIESEL OIL NACIONAL EESS,Diesel Oil Nacional,DIESEL_NACIONAL,"EST. DE SERV. ""ITAPAYA"" - ALBERTO AMURRIO F.",20000.0,VENTAS
2026-09-19,Cochabamba,DIESEL OIL NACIONAL EESS,Diesel Oil Nacional,DIESEL_NACIONAL,"EST. DE SERV. ""EPIZANA""",14000.0,VENTAS
2026-09-19,Cochabamba,DIESEL OIL NACIONAL EESS,Diesel Oil Nacional,DIESEL_NACIONAL,"EST. DE SERV. ""CHULLPANI"" - TORRICO AGUILAR JOSE M",24000.0,VENTAS
2026-09-19,Cochabamba,DIESEL OIL NACIONAL EESS,Diesel Oil Nacional,DIESEL_NACIONAL,ESTACIÓN DE SERVICIO VALLESANTIVAÑEZ S.R.L.,12000.0,VENTAS
2026-09-19,Cochabamba,DIESEL OIL NACIONAL EESS,Diesel Oil Nacional,DIESEL_NACIONAL,TERMINAL DE BUSES COCHABAMBA S.A.,24000.0,VENTAS
2026-09-19,Cochabamba,DIESEL OIL NACIONAL EESS,Diesel Oil Nacional,DIESEL_NACIONAL,IMBRANJO S.R.L.,30000.0,VENTAS
2026-09-19,Cochabamba,DIESEL OIL NACIONAL EESS,Diesel Oil Nacional,DIESEL_NACIONAL,ESTACION DE SERVICIO TICTI S.R.L.,26000.0,VENTAS
2026-09-19,Cochabamba,DIESEL OIL NACIONAL EESS,Diesel Oil Nacional,DIESEL_NACIONAL,ESTACION DE SERVICIO PAPU S.R.L.,12000.0,VENTAS
2026-09-19,Cochabamba,DIESEL OIL NACIONAL EESS,Diesel Oil Nacional,DIESEL_NACIONAL,ESTACION DE SERVICIO LOS ALAMOS S.R.L.,38000.0,VENTAS
2026-09-19,Cochabamba,DIESEL OIL NACIONAL EESS,Diesel Oil Nacional,DIESEL_NACIONAL,ESTACION DE SERVICIO BEIJING S.R.L.,24000.0,VENTAS
2026-09-19,Cochabamba,DIESEL OIL NACIONAL EESS,Diesel Oil Nacional,DIESEL_NACIONAL,ESTACION DE SERVICIO ANITA,30000.0,VENTAS
2026-09-19,Cochabamba,DIESEL OIL NACIONAL EESS,Diesel Oil Nacional,DIESEL_NACIONAL,"EST. DE SERV. ""VILLA OBRAJES""",30000.0,VENTAS
2026-09-19,Cochabamba,DIESEL OIL NACIONAL EESS,Diesel Oil Nacional,DIESEL_NACIONAL,COMERCIALIZADORA DE SERVICIOS LUBRISHOP S.R.L.,6000.0,VENTAS
2026-09-19,Cochabamba,DIESEL OIL NACIONAL EESS,Diesel Oil Nacional,DIESEL_NACIONAL,"EST. DE SERV. ""URKUPINA"" - ALBERTO OPORTO",26000.0,VENTAS
2026-09-19,Cochabamba,DIESEL OIL NACIONAL EESS,Diesel Oil Nacional,DIESEL_NACIONAL,"EST. DE SERV. ""URKUPINA I""- ALBERTO OPORTO L.",12000.0,VENTAS
2026-09-19,Cochabamba,DIESEL OIL NACIONAL EESS,Diesel Oil Nacional,DIESEL_NACIONAL,"EST. DE SERV. ""TRANS SACABA S.A.""",18000.0,VENTAS
2026-09-19,Cochabamba,DIESEL OIL NACIONAL EESS,Diesel Oil Nacional,DIESEL_NACIONAL,"EST. DE SERV. ""TRANS SACABA S.A. II""",24000.0,VENTAS
2026-09-19,Cochabamba,DIESEL OIL NACIONAL EESS,Diesel Oil Nacional,DIESEL_NACIONAL,"EST. DE SERV. ""TIQUIPAYA"" - VENICIA ALANEZ JIMENES",12000.0,VENTAS
2026-09-19,Cochabamba,DIESEL OIL NACIONAL EESS,Diesel Oil Nacional,DIESEL_NACIONAL,"EST. DE SERV. ""SUTICOLLO""",32000.0,VENTAS
2026-09-19,Cochabamba,DIESEL OIL NACIONAL EESS,Diesel Oil Nacional,DIESEL_NACIONAL,"EST. DE SERV. ""SIPE SIPE S.R.L.""",42000.0,VENTAS
2026-09-19,Cochabamba,DIESEL OIL NACIONAL EESS,Diesel Oil Nacional,DIESEL_NACIONAL,"EST. DE SERV. ""SENOR SANTIAGO"" - E. DELGADILLO",14000.0,VENTAS
2026-09-19,Cochabamba,DIESEL OIL NACIONAL EESS,Diesel Oil Nacional,DIESEL_NACIONAL,"EST. DE SERV. ""SANTA MONICA"" S.R.L.",14000.0,VENTAS
2026-09-19,Cochabamba,DIESEL OIL NACIONAL EESS,Diesel Oil Nacional,DIESEL_NACIONAL,"EST. DE SERV. ""SAN JUAN BAUTISTA S.R.L.""",16000.0,VENTAS
2026-09-19,Cochabamba,DIESEL OIL NACIONAL EESS,Diesel Oil Nacional,DIESEL_NACIONAL,"EST. DE SERV. ""SAN JORGE CBBA S.R.L.""",38000.0,VENTAS
2026-09-19,Cochabamba,DIESEL OIL NACIONAL EESS,Diesel Oil Nacional,DIESEL_NACIONAL,"EST. DE SERV. ""RIOJA""",16000.0,VENTAS
2026-09-19,Cochabamba,DIESEL OIL NACIONAL EESS,Diesel Oil Nacional,DIESEL_NACIONAL,"EST. DE SERV. ""REFINERIA""- SIMON RODRIGO FERRUFINO",12000.0,VENTAS
2026-09-19,Cochabamba,DIESEL OIL NACIONAL EESS,Diesel Oil Nacional,DIESEL_NACIONAL,"EST. DE SERV. ""PETROGAS S.R.L.""",22000.0,VENTAS
2026-09-19,Cochabamba,DIESEL OIL NACIONAL EESS,Diesel Oil Nacional,DIESEL_NACIONAL,"EST. DE SERV. ""PAREDES VALLEJOS"" - JHONNY MILTON PAREDES VALLEJOS",12000.0,VENTAS
2026-09-19,Cochabamba,DIESEL OIL NACIONAL EESS,Diesel Oil Nacional,DIESEL_NACIONAL,"EST. DE SERV. ""PARAJE 24.7 SRL""",32000.0,VENTAS
2026-09-19,Cochabamba,DIESEL OIL NACIONAL EESS,Diesel Oil Nacional,DIESEL_NACIONAL,"EST. DE SERV. ""PARAJE 24.7 SRL SUC. 1""",16000.0,VENTAS
2026-09-19,Cochabamba,DIESEL OIL NACIONAL EESS,Diesel Oil Nacional,DIESEL_NACIONAL,"EST. DE SERV. ""NISSAN"" - SIMON FERRUFINO",12000.0,VENTAS
2026-09-19,Cochabamba,DIESEL OIL NACIONAL EESS,Diesel Oil Nacional,DIESEL_NACIONAL,"EST. DE SERV. ""MONTERREY S.R.L.""",32000.0,VENTAS
2026-09-19,Cochabamba,DIESEL OIL NACIONAL EESS,Diesel Oil Nacional,DIESEL_NACIONAL,"EST. DE SERV. ""MAX MAMANGUENO"" - E. MELGAREJO",12000.0,VENTAS
2026-09-19,Cochabamba,DIESEL OIL NACIONAL EESS,Diesel Oil Nacional,DIESEL_NACIONAL,"EST. DE SERV. ""LOS ALPES""-BERTHA CAMACHO RICALDEZ",16000.0,VENTAS
2026-09-19,Cochabamba,DIESEL OIL NACIONAL EESS,Diesel Oil Nacional,DIESEL_NACIONAL,"EST. DE SERV. ""LORETO"" SUC. 1",18000.0,VENTAS
2026-09-19,Cochabamba,DIESEL OIL NACIONAL EESS,Diesel Oil Nacional,DIESEL_NACIONAL,"EST. DE SERV. ""ISABEL CHAVEZ""",20000.0,VENTAS
2026-09-19,Cochabamba,DIESEL OIL NACIONAL EESS,Diesel Oil Nacional,DIESEL_NACIONAL,"EST. DE SERV. ""IQUIRCOLLO S.R.L.""",40000.0,VENTAS
2026-09-19,Cochabamba,DIESEL OIL NACIONAL EESS,Diesel Oil Nacional,DIESEL_NACIONAL,"EST. DE SERV. ""GASNOR S.R.L.""",12000.0,VENTAS
2026-09-19,Cochabamba,DIESEL OIL NACIONAL EESS,Diesel Oil Nacional,DIESEL_NACIONAL,"EST. DE SERV. ""FORTALEZA ENERGY S.R.L.""",12000.0,VENTAS
2026-09-19,Cochabamba,DIESEL OIL NACIONAL EESS,Diesel Oil Nacional,DIESEL_NACIONAL,"EST. DE SERV. ""EQGAS"" S.R.L.",12000.0,VENTAS
2026-09-19,Cochabamba,DIESEL OIL NACIONAL EESS,Diesel Oil Nacional,DIESEL_NACIONAL,"EST. DE SERV. ""EL VIAJERO SRL""",32000.0,VENTAS
2026-09-19,Cochabamba,DIESEL OIL NACIONAL EESS,Diesel Oil Nacional,DIESEL_NACIONAL,"EST. DE SERV. ""EL MANANTIAL SRL""",12000.0,VENTAS
2026-09-19,Cochabamba,DIESEL OIL NACIONAL EESS,Diesel Oil Nacional,DIESEL_NACIONAL,"EST. DE SERV. ""EL CRISTO"" - CRISTIAN SABAG",12000.0,VENTAS
2026-09-19,Cochabamba,DIESEL OIL NACIONAL EESS,Diesel Oil Nacional,DIESEL_NACIONAL,"EST. DE SERV. ""DISEL S.R.L.""",36000.0,VENTAS
2026-09-19,Cochabamba,DIESEL OIL NACIONAL EESS,Diesel Oil Nacional,DIESEL_NACIONAL,"EST. DE SERV. ""DISEL S.R.L. I""",41000.0,VENTAS
2026-09-19,Cochabamba,DIESEL OIL NACIONAL EESS,Diesel Oil Nacional,DIESEL_NACIONAL,"EST. DE SERV. ""DAYANA""",18000.0,VENTAS
2026-09-19,Cochabamba,DIESEL OIL NACIONAL EESS,Diesel Oil Nacional,DIESEL_NACIONAL,"EST. DE SERV. ""COMERCIALIZADORA QK S.R.L.""",20000.0,VENTAS
2026-09-19,Cochabamba,DIESEL OIL NACIONAL EESS,Diesel Oil Nacional,DIESEL_NACIONAL,"EST. DE SERV. ""COCHABAMBA""",40000.0,VENTAS
2026-09-19,Cochabamba,DIESEL OIL NACIONAL EESS,Diesel Oil Nacional,DIESEL_NACIONAL,"EST. DE SERV. ""COCHABAMBA S.R.L. SUC. 1""",23000.0,VENTAS
2026-09-19,Cochabamba,DIESEL OIL NACIONAL EESS,Diesel Oil Nacional,DIESEL_NACIONAL,"EST. DE SERV. ""CITY TRUCK FH S.R.L.""",26000.0,VENTAS
2026-09-19,Cochabamba,DIESEL OIL NACIONAL EESS,Diesel Oil Nacional,DIESEL_NACIONAL,"EST. DE SERV. ""ARISPE""",12000.0,VENTAS
2026-09-19,Cochabamba,DIESEL OIL NACIONAL EESS,Diesel Oil Nacional,DIESEL_NACIONAL,CENTRO DE SERVICIOS VALLEPUNATA S.R.L.,6000.0,VENTAS
2026-09-19,Cochabamba,DIESEL OIL NACIONAL EESS,Diesel Oil Nacional,DIESEL_NACIONAL,"EST. DE SERV. ""CIRCUITO BOLIVIA S.A.""",20000.0,VENTAS
2026-09-19,Cochabamba,DIESEL OIL NACIONAL EESS,Diesel Oil Nacional,DIESEL_NACIONAL,"EST. DE SERV. ""CHINATA S.R.L.""",28000.0,VENTAS
2026-09-19,Cochabamba,DIESEL OIL NACIONAL EESS,Diesel Oil Nacional,DIESEL_NACIONAL,"EST. DE SERV. ""CHIMBOCO""",29000.0,VENTAS
2026-09-19,Cochabamba,DIESEL OIL NACIONAL EESS,Diesel Oil Nacional,DIESEL_NACIONAL,"EST. DE SERV. ""C.G.C. SRL""",36000.0,VENTAS
2026-09-19,Cochabamba,DIESEL OIL NACIONAL EESS,Diesel Oil Nacional,DIESEL_NACIONAL,"EST. DE SERV. ""AEROPUERTO S.R.L.""",20000.0,VENTAS
2026-09-19,Cochabamba,GASOLINA ESPECIAL + EESS,Gasolina Especial +,GASOLINA_ESPECIAL_MAS,TERMINAL DE BUSES COCHABAMBA S.A.,10000.0,VENTAS
2026-09-19,Cochabamba,GASOLINA ESPECIAL + EESS,Gasolina Especial +,GASOLINA_ESPECIAL_MAS,SURTIDOR DE GASOLINA Y DIESEL COLOMI,16000.0,VENTAS
2026-09-19,Cochabamba,GASOLINA ESPECIAL + EESS,Gasolina Especial +,GASOLINA_ESPECIAL_MAS,PETROCEL S.R.L.,16000.0,VENTAS
2026-09-19,Cochabamba,GASOLINA ESPECIAL + EESS,Gasolina Especial +,GASOLINA_ESPECIAL_MAS,KHORA ESTACION DE SERVICIO - MEDRANO ARNEZ JAIME,12000.0,VENTAS
2026-09-19,Cochabamba,GASOLINA ESPECIAL + EESS,Gasolina Especial +,GASOLINA_ESPECIAL_MAS,IMBRANJO S.R.L.,22000.0,VENTAS
2026-09-19,Cochabamba,GASOLINA ESPECIAL + EESS,Gasolina Especial +,GASOLINA_ESPECIAL_MAS,FEDEX CHACO,3000.0,VENTAS
2026-09-19,Cochabamba,GASOLINA ESPECIAL + EESS,Gasolina Especial +,GASOLINA_ESPECIAL_MAS,ESTAGAS S.R.L.,14000.0,VENTAS
2026-09-19,Cochabamba,GASOLINA ESPECIAL + EESS,Gasolina Especial +,GASOLINA_ESPECIAL_MAS,ESTACIÓN DE SERVICIO VALLESANTIVAÑEZ S.R.L.,12000.0,VENTAS
2026-09-19,Cochabamba,GASOLINA ESPECIAL + EESS,Gasolina Especial +,GASOLINA_ESPECIAL_MAS,ESTACIÓN DE SERVICIO FRANQUITO,12000.0,VENTAS
2026-09-19,Cochabamba,GASOLINA ESPECIAL + EESS,Gasolina Especial +,GASOLINA_ESPECIAL_MAS,ESTACION DE SERVICIO VIRGEN DE LAS ANGUSTIAS S.R.L.,12000.0,VENTAS
2026-09-19,Cochabamba,GASOLINA ESPECIAL + EESS,Gasolina Especial +,GASOLINA_ESPECIAL_MAS,ESTACION DE SERVICIO TICTI S.R.L.,18000.0,VENTAS
2026-09-19,Cochabamba,GASOLINA ESPECIAL + EESS,Gasolina Especial +,GASOLINA_ESPECIAL_MAS,ESTACION DE SERVICIO PAPU S.R.L.,14000.0,VENTAS
2026-09-19,Cochabamba,GASOLINA ESPECIAL + EESS,Gasolina Especial +,GASOLINA_ESPECIAL_MAS,ESTACION DE SERVICIO OMEREQUE,14000.0,VENTAS
2026-09-19,Cochabamba,GASOLINA ESPECIAL + EESS,Gasolina Especial +,GASOLINA_ESPECIAL_MAS,ESTACION DE SERVICIO LOS ALAMOS S.R.L.,18000.0,VENTAS
2026-09-19,Cochabamba,GASOLINA ESPECIAL + EESS,Gasolina Especial +,GASOLINA_ESPECIAL_MAS,ESTACION DE SERVICIO HIPODROMO S.R.L.,6000.0,VENTAS
2026-09-19,Cochabamba,GASOLINA ESPECIAL + EESS,Gasolina Especial +,GASOLINA_ESPECIAL_MAS,ESTACION DE SERVICIO CAPITAN VICTOR USTARIZ S.R.L.,16000.0,VENTAS
2026-09-19,Cochabamba,GASOLINA ESPECIAL + EESS,Gasolina Especial +,GASOLINA_ESPECIAL_MAS,ESTACION DE SERVICIO BEIJING S.R.L.,20000.0,VENTAS
2026-09-19,Cochabamba,GASOLINA ESPECIAL + EESS,Gasolina Especial +,GASOLINA_ESPECIAL_MAS,ESTACION DE SERVICIO ANITA,24000.0,VENTAS
2026-09-19,Cochabamba,GASOLINA ESPECIAL + EESS,Gasolina Especial +,GASOLINA_ESPECIAL_MAS,"ESTACION DE SERVICIO ""POJO""",12000.0,VENTAS
2026-09-19,Cochabamba,GASOLINA ESPECIAL + EESS,Gasolina Especial +,GASOLINA_ESPECIAL_MAS,"ESTACION DE SERVICIO ""LOS LAURELES"" - DIEGO M. DELGADILLO ANTEZANA",14000.0,VENTAS
2026-09-19,Cochabamba,GASOLINA ESPECIAL + EESS,Gasolina Especial +,GASOLINA_ESPECIAL_MAS,"EST. DE SERV. ""VILLA OBRAJES""",18000.0,VENTAS
2026-09-19,Cochabamba,GASOLINA ESPECIAL + EESS,Gasolina Especial +,GASOLINA_ESPECIAL_MAS,"EST. DE SERV. ""URKUPINA"" - ALBERTO OPORTO",14000.0,VENTAS
2026-09-19,Cochabamba,GASOLINA ESPECIAL + EESS,Gasolina Especial +,GASOLINA_ESPECIAL_MAS,"EST. DE SERV. ""URKUPINA I""- ALBERTO OPORTO L.",20000.0,VENTAS
2026-09-19,Cochabamba,GASOLINA ESPECIAL + EESS,Gasolina Especial +,GASOLINA_ESPECIAL_MAS,"EST. DE SERV. ""TRANS SACABA S.A. II""",18000.0,VENTAS
2026-09-19,Cochabamba,GASOLINA ESPECIAL + EESS,Gasolina Especial +,GASOLINA_ESPECIAL_MAS,"EST. DE SERV. ""TIRAQUE""",12000.0,VENTAS
2026-09-19,Cochabamba,GASOLINA ESPECIAL + EESS,Gasolina Especial +,GASOLINA_ESPECIAL_MAS,"EST. DE SERV. ""TIQUIPAYA"" - VENICIA ALANEZ JIMENES",12000.0,VENTAS
2026-09-19,Cochabamba,GASOLINA ESPECIAL + EESS,Gasolina Especial +,GASOLINA_ESPECIAL_MAS,"EST. DE SERV. ""SURTIDOR CAMPERO""",14000.0,VENTAS
2026-09-19,Cochabamba,GASOLINA ESPECIAL + EESS,Gasolina Especial +,GASOLINA_ESPECIAL_MAS,"EST. DE SERV. ""SIPE SIPE S.R.L.""",18000.0,VENTAS
2026-09-19,Cochabamba,GASOLINA ESPECIAL + EESS,Gasolina Especial +,GASOLINA_ESPECIAL_MAS,"EST. DE SERV. ""SENOR SANTIAGO"" - E. DELGADILLO",18000.0,VENTAS
2026-09-19,Cochabamba,GASOLINA ESPECIAL + EESS,Gasolina Especial +,GASOLINA_ESPECIAL_MAS,"EST. DE SERV. ""SENOR SANTIAGO SUC. 1"" - E. DELGADILLO",16000.0,VENTAS
2026-09-19,Cochabamba,GASOLINA ESPECIAL + EESS,Gasolina Especial +,GASOLINA_ESPECIAL_MAS,"EST. DE SERV. ""SANTA MONICA"" S.R.L.",14000.0,VENTAS
2026-09-19,Cochabamba,GASOLINA ESPECIAL + EESS,Gasolina Especial +,GASOLINA_ESPECIAL_MAS,"EST. DE SERV. ""SAN JUAN BAUTISTA S.R.L.""",18000.0,VENTAS
2026-09-19,Cochabamba,GASOLINA ESPECIAL + EESS,Gasolina Especial +,GASOLINA_ESPECIAL_MAS,"EST. DE SERV. ""SAN JORGE CBBA S.R.L.""",20000.0,VENTAS
2026-09-19,Cochabamba,GASOLINA ESPECIAL + EESS,Gasolina Especial +,GASOLINA_ESPECIAL_MAS,"EST. DE SERV. ""RIOJA""",18000.0,VENTAS
2026-09-19,Cochabamba,GASOLINA ESPECIAL + EESS,Gasolina Especial +,GASOLINA_ESPECIAL_MAS,"EST. DE SERV. ""REFINERIA""- SIMON RODRIGO FERRUFINO",16000.0,VENTAS
2026-09-19,Cochabamba,GASOLINA ESPECIAL + EESS,Gasolina Especial +,GASOLINA_ESPECIAL_MAS,"EST. DE SERV. ""PORTALEZ S.R.L.""",24000.0,VENTAS
2026-09-19,Cochabamba,GASOLINA ESPECIAL + EESS,Gasolina Especial +,GASOLINA_ESPECIAL_MAS,"EST. DE SERV. ""PETROGAS S.R.L.""",6000.0,VENTAS
2026-09-19,Cochabamba,GASOLINA ESPECIAL + EESS,Gasolina Especial +,GASOLINA_ESPECIAL_MAS,"EST. DE SERV. ""PAREDES VALLEJOS"" - JHONNY MILTON PAREDES VALLEJOS",12000.0,VENTAS
2026-09-19,Cochabamba,GASOLINA ESPECIAL + EESS,Gasolina Especial +,GASOLINA_ESPECIAL_MAS,"EST. DE SERV. ""PARAJE 24.7 SRL""",16000.0,VENTAS
2026-09-19,Cochabamba,GASOLINA ESPECIAL + EESS,Gasolina Especial +,GASOLINA_ESPECIAL_MAS,"EST. DE SERV. ""PARAJE 24.7 SRL SUC. 1""",14000.0,VENTAS
2026-09-19,Cochabamba,GASOLINA ESPECIAL + EESS,Gasolina Especial +,GASOLINA_ESPECIAL_MAS,"EST. DE SERV. ""PANAMERICANA"" SUCURSAL COCHABAMBA",14000.0,VENTAS
2026-09-19,Cochabamba,GASOLINA ESPECIAL + EESS,Gasolina Especial +,GASOLINA_ESPECIAL_MAS,"EST. DE SERV. ""NISSAN"" - SIMON FERRUFINO",16000.0,VENTAS
2026-09-19,Cochabamba,GASOLINA ESPECIAL + EESS,Gasolina Especial +,GASOLINA_ESPECIAL_MAS,"EST. DE SERV. ""MONTERREY S.R.L.""",14000.0,VENTAS
2026-09-19,Cochabamba,GASOLINA ESPECIAL + EESS,Gasolina Especial +,GASOLINA_ESPECIAL_MAS,"EST. DE SERV. ""MIZQUE"" - DIOGENES MONTENEGRO P.",16000.0,VENTAS
2026-09-19,Cochabamba,GASOLINA ESPECIAL + EESS,Gasolina Especial +,GASOLINA_ESPECIAL_MAS,"EST. DE SERV. ""MAX MAMANGUENO"" - E. MELGAREJO",16000.0,VENTAS
2026-09-19,Cochabamba,GASOLINA ESPECIAL + EESS,Gasolina Especial +,GASOLINA_ESPECIAL_MAS,"EST. DE SERV. ""LOS ALPES""-BERTHA CAMACHO RICALDEZ",20000.0,VENTAS
2026-09-19,Cochabamba,GASOLINA ESPECIAL + EESS,Gasolina Especial +,GASOLINA_ESPECIAL_MAS,"EST. DE SERV. ""LORETO"" SUC. 1",20000.0,VENTAS
2026-09-19,Cochabamba,GASOLINA ESPECIAL + EESS,Gasolina Especial +,GASOLINA_ESPECIAL_MAS,"EST. DE SERV. ""LA PATRIA S.R.L.""",10000.0,VENTAS
2026-09-19,Cochabamba,GASOLINA ESPECIAL + EESS,Gasolina Especial +,GASOLINA_ESPECIAL_MAS,"EST. DE SERV. ""ITAPAYA"" - ALBERTO AMURRIO F.",10000.0,VENTAS
2026-09-19,Cochabamba,GASOLINA ESPECIAL + EESS,Gasolina Especial +,GASOLINA_ESPECIAL_MAS,"EST. DE SERV. ""ISABEL CHAVEZ""",24000.0,VENTAS
2026-09-19,Cochabamba,GASOLINA ESPECIAL + EESS,Gasolina Especial +,GASOLINA_ESPECIAL_MAS,"EST. DE SERV. ""IQUIRCOLLO S.R.L.""",24000.0,VENTAS
2026-09-19,Cochabamba,GASOLINA ESPECIAL + EESS,Gasolina Especial +,GASOLINA_ESPECIAL_MAS,"EST. DE SERV. ""IQUIRCOLLO S.R.L. SUC. 1""",24000.0,VENTAS
2026-09-19,Cochabamba,GASOLINA ESPECIAL + EESS,Gasolina Especial +,GASOLINA_ESPECIAL_MAS,"EST. DE SERV. ""INVERSIONES VALLESUR S.A.""",12000.0,VENTAS
2026-09-19,Cochabamba,GASOLINA ESPECIAL + EESS,Gasolina Especial +,GASOLINA_ESPECIAL_MAS,"EST. DE SERV. ""GUADELOUPE GROUP S.R.L.""",14000.0,VENTAS
2026-09-19,Cochabamba,GASOLINA ESPECIAL + EESS,Gasolina Especial +,GASOLINA_ESPECIAL_MAS,"EST. DE SERV. ""GASNOR S.R.L.""",20000.0,VENTAS
2026-09-19,Cochabamba,GASOLINA ESPECIAL + EESS,Gasolina Especial +,GASOLINA_ESPECIAL_MAS,"EST. DE SERV. ""FORTALEZA ENERGY S.R.L.""",12000.0,VENTAS
2026-09-19,Cochabamba,GASOLINA ESPECIAL + EESS,Gasolina Especial +,GASOLINA_ESPECIAL_MAS,"EST. DE SERV. ""EQGAS"" S.R.L.",16000.0,VENTAS
2026-09-19,Cochabamba,GASOLINA ESPECIAL + EESS,Gasolina Especial +,GASOLINA_ESPECIAL_MAS,"EST. DE SERV. ""EPIZANA""",20000.0,VENTAS
2026-09-19,Cochabamba,GASOLINA ESPECIAL + EESS,Gasolina Especial +,GASOLINA_ESPECIAL_MAS,"EST. DE SERV. ""EL MANANTIAL SUC. 2""",18000.0,VENTAS
2026-09-19,Cochabamba,GASOLINA ESPECIAL + EESS,Gasolina Especial +,GASOLINA_ESPECIAL_MAS,"EST. DE SERV. ""EL MANANTIAL SUC. 1""",14000.0,VENTAS
2026-09-19,Cochabamba,GASOLINA ESPECIAL + EESS,Gasolina Especial +,GASOLINA_ESPECIAL_MAS,"EST. DE SERV. ""EL MANANTIAL SRL""",14000.0,VENTAS
2026-09-19,Cochabamba,GASOLINA ESPECIAL + EESS,Gasolina Especial +,GASOLINA_ESPECIAL_MAS,"EST. DE SERV. ""EL CRISTO"" - CRISTIAN SABAG",30000.0,VENTAS
2026-09-19,Cochabamba,GASOLINA ESPECIAL + EESS,Gasolina Especial +,GASOLINA_ESPECIAL_MAS,"EST. DE SERV. ""DORBIGNI""",20000.0,VENTAS
2026-09-19,Cochabamba,GASOLINA ESPECIAL + EESS,Gasolina Especial +,GASOLINA_ESPECIAL_MAS,"EST. DE SERV. ""DISEL S.R.L.""",16000.0,VENTAS
2026-09-19,Cochabamba,GASOLINA ESPECIAL + EESS,Gasolina Especial +,GASOLINA_ESPECIAL_MAS,"EST. DE SERV. ""DISEL S.R.L. I""",16000.0,VENTAS
2026-09-19,Cochabamba,GASOLINA ESPECIAL + EESS,Gasolina Especial +,GASOLINA_ESPECIAL_MAS,"EST. DE SERV. ""DELAASUNCION-AMERICA S.R.L.""",14000.0,VENTAS
2026-09-19,Cochabamba,GASOLINA ESPECIAL + EESS,Gasolina Especial +,GASOLINA_ESPECIAL_MAS,"EST. DE SERV. ""DAYANA""",20000.0,VENTAS
2026-09-19,Cochabamba,GASOLINA ESPECIAL + EESS,Gasolina Especial +,GASOLINA_ESPECIAL_MAS,"EST. DE SERV. ""COMERCIALIZADORA QK S.R.L.""",14000.0,VENTAS
2026-09-19,Cochabamba,GASOLINA ESPECIAL + EESS,Gasolina Especial +,GASOLINA_ESPECIAL_MAS,"EST. DE SERV. ""COCHABAMBA""",16000.0,VENTAS
2026-09-19,Cochabamba,GASOLINA ESPECIAL + EESS,Gasolina Especial +,GASOLINA_ESPECIAL_MAS,"EST. DE SERV. ""COCHABAMBA S.R.L. SUC. 2""",16000.0,VENTAS
2026-09-19,Cochabamba,GASOLINA ESPECIAL + EESS,Gasolina Especial +,GASOLINA_ESPECIAL_MAS,COMERCIALIZADORA DE SERVICIOS LUBRISHOP S.R.L.,6000.0,VENTAS
2026-09-19,Cochabamba,DIESEL OIL NACIONAL EESS,Diesel Oil Nacional,DIESEL_NACIONAL,"EST. DE SERV. ""INVERSIONES VALLESUR S.A.""",12000.0,VENTAS
2026-09-19,Cochabamba,GASOLINA ESPECIAL + EESS,Gasolina Especial +,GASOLINA_ESPECIAL_MAS,"EST. DE SERV. ""COCHABAMBA S.R.L. SUC. 1""",16000.0,VENTAS
2026-09-19,Cochabamba,GASOLINA ESPECIAL + EESS,Gasolina Especial +,GASOLINA_ESPECIAL_MAS,"EST. DE SERV. ""CITY TRUCK FH S.R.L.""",18000.0,VENTAS
2026-09-19,Cochabamba,GASOLINA ESPECIAL + EESS,Gasolina Especial +,GASOLINA_ESPECIAL_MAS,"EST. DE SERV. ""CIRCUITO BOLIVIA S.A.""",20000.0,VENTAS
2026-09-19,Cochabamba,GASOLINA ESPECIAL + EESS,Gasolina Especial +,GASOLINA_ESPECIAL_MAS,"EST. DE SERV. ""CHULLPANI"" - TORRICO AGUILAR JOSE M",26000.0,VENTAS
2026-09-19,Cochabamba,GASOLINA ESPECIAL + EESS,Gasolina Especial +,GASOLINA_ESPECIAL_MAS,"EST. DE SERV. ""CHINATA S.R.L.""",18000.0,VENTAS
2026-09-19,Cochabamba,GASOLINA ESPECIAL + EESS,Gasolina Especial +,GASOLINA_ESPECIAL_MAS,"EST. DE SERV. ""CHIMBOCO""",20000.0,VENTAS
2026-09-19,Cochabamba,GASOLINA ESPECIAL + EESS,Gasolina Especial +,GASOLINA_ESPECIAL_MAS,"EST. DE SERV. ""C.G.C. SRL""",16000.0,VENTAS
2026-09-19,Cochabamba,GASOLINA ESPECIAL + EESS,Gasolina Especial +,GASOLINA_ESPECIAL_MAS,"EST. DE SERV. ""AYACUCHO""",18000.0,VENTAS
2026-09-19,Cochabamba,GASOLINA ESPECIAL + EESS,Gasolina Especial +,GASOLINA_ESPECIAL_MAS,"EST. DE SERV. ""ARISPE""",14000.0,VENTAS
2026-09-19,Cochabamba,GASOLINA ESPECIAL + EESS,Gasolina Especial +,GASOLINA_ESPECIAL_MAS,"EST. DE SERV. ""ARANJUEZ""",22000.0,VENTAS
2026-09-19,Cochabamba,GASOLINA ESPECIAL + EESS,Gasolina Especial +,GASOLINA_ESPECIAL_MAS,"EST. DE SERV. ""AEROPUERTO S.R.L.""",16000.0,VENTAS
2026-09-19,Cochabamba,GASOLINA ESPECIAL + EESS,Gasolina Especial +,GASOLINA_ESPECIAL_MAS,"EST. DE SERV. ""A.C.B. CARBURANTES SRL""",24000.0,VENTAS
2026-09-19,Cochabamba,GASOLINA ESPECIAL + EESS,Gasolina Especial +,GASOLINA_ESPECIAL_MAS,"EST. DE SERV. ""20 DE DICIEMBRE""",16000.0,VENTAS
2026-09-19,Cochabamba,GASOLINA ESPECIAL + EESS,Gasolina Especial +,GASOLINA_ESPECIAL_MAS,"EST. DE SERV. "" LAS PALMERAS S.R.L.""",16000.0,VENTAS
2026-09-19,Cochabamba,GASOLINA ESPECIAL + EESS,Gasolina Especial +,GASOLINA_ESPECIAL_MAS,CENTRO DE SERVICIOS VALLEPUNATA S.R.L.,10000.0,VENTAS
2026-09-19,Cochabamba,GLP DISTRIB. 45 KILOS NAL,GLP,GLP,DIST. GLP SOCIEDAD PETROLERA SANTA ELENA S.R.L.,3600.0,VENTAS
2026-09-19,Cochabamba,GLP DISTRIB. 45 KILOS NAL,GLP,GLP,CBA GAS S.A.,2250.0,VENTAS
2026-09-19,Cochabamba,GLP DISTRIB. 10 KILOS NAL,GLP,GLP,FERRO GAS - BERTHA CAMACHO RICALDEZ DE FERRUFINO,12000.0,VENTAS
2026-09-19,Cochabamba,GLP DISTRIB. 10 KILOS NAL,GLP,GLP,"DIST.GLP""VILOMA GAS"" E.ARANDIA",12000.0,VENTAS
2026-09-19,Cochabamba,GLP DISTRIB. 10 KILOS NAL,GLP,GLP,"DIST.GLP""NOE GAS""M.HINOJOSA R.",12000.0,VENTAS
2026-09-19,Cochabamba,GLP DISTRIB. 10 KILOS NAL,GLP,GLP,"DIST. PROV.GLP ""SIPE SIPE GAS""",12000.0,VENTAS
2026-09-19,Cochabamba,GLP DISTRIB. 10 KILOS NAL,GLP,GLP,"DIST. PROV. GLP ""PREMIUN GAS"" - EDUARDO ZENTENO E.",6000.0,VENTAS
2026-09-19,Cochabamba,GLP DISTRIB. 10 KILOS NAL,GLP,GLP,"DIST. PROV. GLP ""COTA GAS"" - NELSON OLMOS",6000.0,VENTAS
2026-09-19,Cochabamba,GLP DISTRIB. 10 KILOS NAL,GLP,GLP,"DIST. PROV. GLP ""COLOMI GAS""",6000.0,VENTAS
2026-09-19,Cochabamba,GLP DISTRIB. 10 KILOS NAL,GLP,GLP,"DIST. PROV. GLP ""ARANDIA GAS S.R.L.""",6000.0,VENTAS
2026-09-19,Cochabamba,GLP DISTRIB. 10 KILOS NAL,GLP,GLP,"DIST. GLP""SARCO GAS""M.FELIPEZ",12000.0,VENTAS
2026-09-19,Cochabamba,GLP DISTRIB. 10 KILOS NAL,GLP,GLP,DIST. GLP SOCIEDAD PETROLERA SANTA ELENA S.R.L.,6000.0,VENTAS
2026-09-19,Cochabamba,GLP DISTRIB. 10 KILOS NAL,GLP,GLP,DIST. GLP NUESTRO GAS-JONSON RICHARD LIMA FLORERO,6000.0,VENTAS
2026-09-19,Cochabamba,GLP DISTRIB. 10 KILOS NAL,GLP,GLP,"DIST. GLP ""EXTRA GAS"" - MARIO CORDOVA PINTO",12000.0,VENTAS
2026-09-19,Cochabamba,GLP DISTRIB. 10 KILOS NAL,GLP,GLP,"DIST. GLP ""EDMUNDO GAS"" - EDMUNDO QUIROZ TAPIA",6000.0,VENTAS
2026-09-19,Cochabamba,GLP DISTRIB. 10 KILOS NAL,GLP,GLP,"DIST. GLP ""DISBOGAS"" - JENNY PETRONA SALAMANCA VILLAFUERTE",6000.0,VENTAS
2026-09-19,Cochabamba,GLP DISTRIB. 10 KILOS NAL,GLP,GLP,"DIST. GLP ""CAPI GAS"" - GONZALO SOLIZ GUTIERREZ",6000.0,VENTAS
2026-09-19,Cochabamba,GLP DISTRIB. 10 KILOS NAL,GLP,GLP,"DIST. GLP ""BIO GAS"" - ANA MARIA ROMERO DE TORRICO",12000.0,VENTAS
2026-09-19,Cochabamba,GLP DISTRIB. 10 KILOS NAL,GLP,GLP,"DIST. GLP ""ADRIAZOL GAS""",6000.0,VENTAS
2026-09-19,Cochabamba,GLP DISTRIB. 10 KILOS NAL,GLP,GLP,"COOPERATIVA DE SERVICIOS DE DISTRIBUCION DE GAS LICUADO ""CANDELARIA"" R.L.",6000.0,VENTAS
2026-09-19,Cochabamba,GLP DISTRIB. 10 KILOS NAL,GLP,GLP,CBA GAS S.A.,12000.0,VENTAS
2026-09-19,Cochabamba,GLP DISTRIB. 10 KILOS NAL,GLP,GLP,A TODO GAS S.R.L.,12000.0,VENTAS
2026-09-19,Cochabamba,DIESEL OIL NACIONAL EESS,Diesel Oil Nacional,DIESEL_NACIONAL,E S CALA CALA,31000.0,TRANSFERENCIAS
2026-09-19,Cochabamba,GASOLINA ESPECIAL + EESS,Gasolina Especial +,GASOLINA_ESPECIAL_MAS,E S CALA CALA,30000.0,TRANSFERENCIAS
2026-09-19,Cochabamba,GASOLINA ESPECIAL + EESS,Gasolina Especial +,GASOLINA_ESPECIAL_MAS,E S AMERICA,34000.0,TRANSFERENCIAS
2026-09-19,Cochabamba,GLP DISTRIB. 10 KILOS NAL,GLP,GLP,E S VALLE HERMOSO,1500.0,TRANSFERENCIAS
2026-09-19,Cochabamba,GLP DISTRIB. 10 KILOS NAL,GLP,GLP,E S CALA CALA,2000.0,TRANSFERENCIAS
2026-09-19,Cochabamba,GLP DISTRIB. 10 KILOS NAL,GLP,GLP,E S AMERICA,2000.0,TRANSFERENCIAS
2026-09-19,Cochabamba,GASOLINA ESPECIAL + EESS,Gasolina Especial +,GASOLINA_ESPECIAL_MAS,E S VALLE HERMOSO,40000.0,TRANSFERENCIAS
2026-09-20,Cochabamba,GASOLINA ESPECIAL + EESS,Gasolina Especial +,GASOLINA_ESPECIAL_MAS,"EST. DE SERV. ""PAROTANI""",4000.0,VENTAS
2026-09-20,Cochabamba,GASOLINA ESPECIAL + EESS,Gasolina Especial +,GASOLINA_ESPECIAL_MAS,"EST. DE SERV. ""PARAJE 24.7 SRL""",4000.0,VENTAS
2026-09-20,Cochabamba,GASOLINA ESPECIAL + EESS,Gasolina Especial +,GASOLINA_ESPECIAL_MAS,"EST. DE SERV. ""PARAJE 24.7 SRL SUC. 1""",4000.0,VENTAS
2026-09-20,Cochabamba,GASOLINA ESPECIAL + EESS,Gasolina Especial +,GASOLINA_ESPECIAL_MAS,"EST. DE SERV. ""PANAMERICANA"" SUCURSAL COCHABAMBA",4000.0,VENTAS
2026-09-20,Cochabamba,GASOLINA ESPECIAL + EESS,Gasolina Especial +,GASOLINA_ESPECIAL_MAS,"EST. DE SERV. ""NISSAN"" - SIMON FERRUFINO",4000.0,VENTAS
2026-09-20,Cochabamba,GASOLINA ESPECIAL + EESS,Gasolina Especial +,GASOLINA_ESPECIAL_MAS,"EST. DE SERV. ""MONTERREY S.R.L.""",4000.0,VENTAS
2026-09-20,Cochabamba,GASOLINA ESPECIAL + EESS,Gasolina Especial +,GASOLINA_ESPECIAL_MAS,"EST. DE SERV. ""MAX MAMANGUENO"" - E. MELGAREJO",4000.0,VENTAS
2026-09-20,Cochabamba,GASOLINA ESPECIAL + EESS,Gasolina Especial +,GASOLINA_ESPECIAL_MAS,"EST. DE SERV. ""LOS ALPES""-BERTHA CAMACHO RICALDEZ",4000.0,VENTAS
2026-09-20,Cochabamba,GASOLINA ESPECIAL + EESS,Gasolina Especial +,GASOLINA_ESPECIAL_MAS,"EST. DE SERV. ""LORETO"" SUC. 1",4000.0,VENTAS
2026-09-20,Cochabamba,GASOLINA ESPECIAL + EESS,Gasolina Especial +,GASOLINA_ESPECIAL_MAS,"EST. DE SERV. ""LA PATRIA S.R.L.""",4000.0,VENTAS
2026-09-20,Cochabamba,GASOLINA ESPECIAL + EESS,Gasolina Especial +,GASOLINA_ESPECIAL_MAS,"EST. DE SERV. ""ITAPAYA"" - ALBERTO AMURRIO F.",4000.0,VENTAS
2026-09-20,Cochabamba,GASOLINA ESPECIAL + EESS,Gasolina Especial +,GASOLINA_ESPECIAL_MAS,"EST. DE SERV. ""ISABEL CHAVEZ""",4000.0,VENTAS
2026-09-20,Cochabamba,GASOLINA ESPECIAL + EESS,Gasolina Especial +,GASOLINA_ESPECIAL_MAS,"EST. DE SERV. ""IQUIRCOLLO S.R.L.""",4000.0,VENTAS
2026-09-20,Cochabamba,GASOLINA ESPECIAL + EESS,Gasolina Especial +,GASOLINA_ESPECIAL_MAS,"EST. DE SERV. ""IQUIRCOLLO S.R.L. SUC. 1""",4000.0,VENTAS
2026-09-20,Cochabamba,GASOLINA ESPECIAL + EESS,Gasolina Especial +,GASOLINA_ESPECIAL_MAS,"EST. DE SERV. ""GUADELOUPE GROUP S.R.L.""",4000.0,VENTAS
2026-09-20,Cochabamba,GASOLINA ESPECIAL + EESS,Gasolina Especial +,GASOLINA_ESPECIAL_MAS,"EST. DE SERV. ""GASNOR S.R.L.""",4000.0,VENTAS
2026-09-20,Cochabamba,GASOLINA ESPECIAL + EESS,Gasolina Especial +,GASOLINA_ESPECIAL_MAS,"EST. DE SERV. ""FORTALEZA ENERGY S.R.L.""",4000.0,VENTAS
2026-09-20,Cochabamba,GASOLINA ESPECIAL + EESS,Gasolina Especial +,GASOLINA_ESPECIAL_MAS,"EST. DE SERV. ""EL MANANTIAL SUC. 2""",4000.0,VENTAS
2026-09-20,Cochabamba,GASOLINA ESPECIAL + EESS,Gasolina Especial +,GASOLINA_ESPECIAL_MAS,"EST. DE SERV. ""EL MANANTIAL SUC. 1""",4000.0,VENTAS
2026-09-20,Cochabamba,DIESEL OIL NACIONAL EESS,Diesel Oil Nacional,DIESEL_NACIONAL,"EST. DE SERV. ""PETROGAS S.R.L.""",6000.0,VENTAS
2026-09-20,Cochabamba,DIESEL OIL NACIONAL EESS,Diesel Oil Nacional,DIESEL_NACIONAL,"EST. DE SERV. ""PAROTANI""",6000.0,VENTAS
2026-09-20,Cochabamba,DIESEL OIL NACIONAL EESS,Diesel Oil Nacional,DIESEL_NACIONAL,"EST. DE SERV. ""PARAJE 24.7 SRL""",6000.0,VENTAS
2026-09-20,Cochabamba,DIESEL OIL NACIONAL EESS,Diesel Oil Nacional,DIESEL_NACIONAL,"EST. DE SERV. ""PARAJE 24.7 SRL SUC. 1""",6000.0,VENTAS
2026-09-20,Cochabamba,DIESEL OIL NACIONAL EESS,Diesel Oil Nacional,DIESEL_NACIONAL,"EST. DE SERV. ""NISSAN"" - SIMON FERRUFINO",6000.0,VENTAS
2026-09-20,Cochabamba,DIESEL OIL NACIONAL EESS,Diesel Oil Nacional,DIESEL_NACIONAL,"EST. DE SERV. ""MONTERREY S.R.L.""",6000.0,VENTAS
2026-09-20,Cochabamba,DIESEL OIL NACIONAL EESS,Diesel Oil Nacional,DIESEL_NACIONAL,"EST. DE SERV. ""MAX MAMANGUENO"" - E. MELGAREJO",6000.0,VENTAS
2026-09-20,Cochabamba,DIESEL OIL NACIONAL EESS,Diesel Oil Nacional,DIESEL_NACIONAL,"EST. DE SERV. ""LOS ALPES""-BERTHA CAMACHO RICALDEZ",6000.0,VENTAS
2026-09-20,Cochabamba,DIESEL OIL NACIONAL EESS,Diesel Oil Nacional,DIESEL_NACIONAL,"EST. DE SERV. ""LORETO"" SUC. 1",6000.0,VENTAS
2026-09-20,Cochabamba,DIESEL OIL NACIONAL EESS,Diesel Oil Nacional,DIESEL_NACIONAL,"EST. DE SERV. ""ITAPAYA"" - ALBERTO AMURRIO F.",6000.0,VENTAS
2026-09-20,Cochabamba,DIESEL OIL NACIONAL EESS,Diesel Oil Nacional,DIESEL_NACIONAL,"EST. DE SERV. ""ISABEL CHAVEZ""",6000.0,VENTAS
2026-09-20,Cochabamba,DIESEL OIL NACIONAL EESS,Diesel Oil Nacional,DIESEL_NACIONAL,"EST. DE SERV. ""IQUIRCOLLO S.R.L.""",6000.0,VENTAS
2026-09-20,Cochabamba,DIESEL OIL NACIONAL EESS,Diesel Oil Nacional,DIESEL_NACIONAL,"EST. DE SERV. ""GASNOR S.R.L.""",6000.0,VENTAS
2026-09-20,Cochabamba,DIESEL OIL NACIONAL EESS,Diesel Oil Nacional,DIESEL_NACIONAL,"EST. DE SERV. ""FORTALEZA ENERGY S.R.L.""",6000.0,VENTAS
2026-09-20,Cochabamba,DIESEL OIL NACIONAL EESS,Diesel Oil Nacional,DIESEL_NACIONAL,"EST. DE SERV. ""EL VIAJERO SRL""",6000.0,VENTAS
2026-09-20,Cochabamba,GASOLINA ESPECIAL + EESS,Gasolina Especial +,GASOLINA_ESPECIAL_MAS,"EST. DE SERV. ""EL MANANTIAL SRL""",4000.0,VENTAS
2026-09-20,Cochabamba,GASOLINA ESPECIAL + EESS,Gasolina Especial +,GASOLINA_ESPECIAL_MAS,"EST. DE SERV. ""EL CRISTO"" - CRISTIAN SABAG",4000.0,VENTAS
2026-09-20,Cochabamba,GASOLINA ESPECIAL + EESS,Gasolina Especial +,GASOLINA_ESPECIAL_MAS,"EST. DE SERV. ""DORBIGNI""",4000.0,VENTAS
2026-09-20,Cochabamba,GASOLINA ESPECIAL + EESS,Gasolina Especial +,GASOLINA_ESPECIAL_MAS,"EST. DE SERV. ""DISEL S.R.L.""",4000.0,VENTAS
2026-09-20,Cochabamba,GASOLINA ESPECIAL + EESS,Gasolina Especial +,GASOLINA_ESPECIAL_MAS,"EST. DE SERV. ""DISEL S.R.L. I""",4000.0,VENTAS
2026-09-20,Cochabamba,GASOLINA ESPECIAL + EESS,Gasolina Especial +,GASOLINA_ESPECIAL_MAS,"EST. DE SERV. ""DELAASUNCION-AMERICA S.R.L.""",4000.0,VENTAS
2026-09-20,Cochabamba,GASOLINA ESPECIAL + EESS,Gasolina Especial +,GASOLINA_ESPECIAL_MAS,"EST. DE SERV. ""DAYANA""",4000.0,VENTAS
2026-09-20,Cochabamba,GASOLINA ESPECIAL + EESS,Gasolina Especial +,GASOLINA_ESPECIAL_MAS,"EST. DE SERV. ""COMERCIALIZADORA QK S.R.L.""",4000.0,VENTAS
2026-09-20,Cochabamba,GASOLINA ESPECIAL + EESS,Gasolina Especial +,GASOLINA_ESPECIAL_MAS,"EST. DE SERV. ""COCHABAMBA""",4000.0,VENTAS
2026-09-20,Cochabamba,GASOLINA ESPECIAL + EESS,Gasolina Especial +,GASOLINA_ESPECIAL_MAS,"EST. DE SERV. ""COCHABAMBA S.R.L. SUC. 2""",4000.0,VENTAS
2026-09-20,Cochabamba,GASOLINA ESPECIAL + EESS,Gasolina Especial +,GASOLINA_ESPECIAL_MAS,"EST. DE SERV. ""COCHABAMBA S.R.L. SUC. 1""",4000.0,VENTAS
2026-09-20,Cochabamba,GASOLINA ESPECIAL + EESS,Gasolina Especial +,GASOLINA_ESPECIAL_MAS,"EST. DE SERV. ""CITY TRUCK FH S.R.L.""",4000.0,VENTAS
2026-09-20,Cochabamba,GASOLINA ESPECIAL + EESS,Gasolina Especial +,GASOLINA_ESPECIAL_MAS,"EST. DE SERV. ""CIRCUITO BOLIVIA S.A.""",4000.0,VENTAS
2026-09-20,Cochabamba,GASOLINA ESPECIAL + EESS,Gasolina Especial +,GASOLINA_ESPECIAL_MAS,"EST. DE SERV. ""CHINATA S.R.L.""",4000.0,VENTAS
2026-09-20,Cochabamba,DIESEL OIL NACIONAL EESS,Diesel Oil Nacional,DIESEL_NACIONAL,"EST. DE SERV. ""EL MANANTIAL SRL""",6000.0,VENTAS
2026-09-20,Cochabamba,DIESEL OIL NACIONAL EESS,Diesel Oil Nacional,DIESEL_NACIONAL,"EST. DE SERV. ""EL CRISTO"" - CRISTIAN SABAG",6000.0,VENTAS
2026-09-20,Cochabamba,DIESEL OIL NACIONAL EESS,Diesel Oil Nacional,DIESEL_NACIONAL,"EST. DE SERV. ""DISEL S.R.L.""",6000.0,VENTAS
2026-09-20,Cochabamba,DIESEL OIL NACIONAL EESS,Diesel Oil Nacional,DIESEL_NACIONAL,"EST. DE SERV. ""DISEL S.R.L. I""",6000.0,VENTAS
2026-09-20,Cochabamba,DIESEL OIL NACIONAL EESS,Diesel Oil Nacional,DIESEL_NACIONAL,"EST. DE SERV. ""DAYANA""",6000.0,VENTAS
2026-09-20,Cochabamba,DIESEL OIL NACIONAL EESS,Diesel Oil Nacional,DIESEL_NACIONAL,"EST. DE SERV. ""COMERCIALIZADORA QK S.R.L.""",6000.0,VENTAS
2026-09-20,Cochabamba,DIESEL OIL NACIONAL EESS,Diesel Oil Nacional,DIESEL_NACIONAL,"EST. DE SERV. ""COCHABAMBA""",6000.0,VENTAS
2026-09-20,Cochabamba,DIESEL OIL NACIONAL EESS,Diesel Oil Nacional,DIESEL_NACIONAL,"EST. DE SERV. ""COCHABAMBA S.R.L. SUC. 1""",6000.0,VENTAS
2026-09-20,Cochabamba,DIESEL OIL NACIONAL EESS,Diesel Oil Nacional,DIESEL_NACIONAL,"EST. DE SERV. ""CITY TRUCK FH S.R.L.""",6000.0,VENTAS
2026-09-20,Cochabamba,DIESEL OIL NACIONAL EESS,Diesel Oil Nacional,DIESEL_NACIONAL,"EST. DE SERV. ""CIRCUITO BOLIVIA S.A.""",6000.0,VENTAS
2026-09-20,Cochabamba,DIESEL OIL NACIONAL EESS,Diesel Oil Nacional,DIESEL_NACIONAL,"EST. DE SERV. ""CHINATA S.R.L.""",6000.0,VENTAS
2026-09-20,Cochabamba,DIESEL OIL NACIONAL EESS,Diesel Oil Nacional,DIESEL_NACIONAL,"EST. DE SERV. ""CHIMBOCO""",6000.0,VENTAS
2026-09-20,Cochabamba,GASOLINA ESPECIAL + EESS,Gasolina Especial +,GASOLINA_ESPECIAL_MAS,"EST. DE SERV. ""CHIMBOCO""",4000.0,VENTAS
2026-09-20,Cochabamba,GASOLINA ESPECIAL + EESS,Gasolina Especial +,GASOLINA_ESPECIAL_MAS,"EST. DE SERV. ""C.G.C. SRL""",4000.0,VENTAS
2026-09-20,Cochabamba,GASOLINA ESPECIAL + EESS,Gasolina Especial +,GASOLINA_ESPECIAL_MAS,"EST. DE SERV. ""AYACUCHO""",4000.0,VENTAS
2026-09-20,Cochabamba,GASOLINA ESPECIAL + EESS,Gasolina Especial +,GASOLINA_ESPECIAL_MAS,"EST. DE SERV. ""ARISPE""",4000.0,VENTAS
2026-09-20,Cochabamba,GASOLINA ESPECIAL + EESS,Gasolina Especial +,GASOLINA_ESPECIAL_MAS,"EST. DE SERV. ""ARANJUEZ""",4000.0,VENTAS
2026-09-20,Cochabamba,GASOLINA ESPECIAL + EESS,Gasolina Especial +,GASOLINA_ESPECIAL_MAS,"EST. DE SERV. ""AEROPUERTO S.R.L.""",4000.0,VENTAS
2026-09-20,Cochabamba,GASOLINA ESPECIAL + EESS,Gasolina Especial +,GASOLINA_ESPECIAL_MAS,"EST. DE SERV. ""A.C.B. CARBURANTES SRL""",4000.0,VENTAS
2026-09-20,Cochabamba,GASOLINA ESPECIAL + EESS,Gasolina Especial +,GASOLINA_ESPECIAL_MAS,"EST. DE SERV. ""20 DE DICIEMBRE""",4000.0,VENTAS
2026-09-20,Cochabamba,GASOLINA ESPECIAL + EESS,Gasolina Especial +,GASOLINA_ESPECIAL_MAS,"EST. DE SERV. "" LAS PALMERAS S.R.L.""",4000.0,VENTAS
2026-09-20,Cochabamba,DIESEL OIL NACIONAL EESS,Diesel Oil Nacional,DIESEL_NACIONAL,"EST. DE SERV. ""C.G.C. SRL""",6000.0,VENTAS
2026-09-20,Cochabamba,DIESEL OIL NACIONAL EESS,Diesel Oil Nacional,DIESEL_NACIONAL,"EST. DE SERV. ""AEROPUERTO S.R.L.""",6000.0,VENTAS
2026-09-20,Cochabamba,GLP DISTRIB. 10 KILOS NAL,GLP,GLP,E S VALLE HERMOSO,1000.0,TRANSFERENCIAS
2026-09-20,Cochabamba,GLP DISTRIB. 10 KILOS NAL,GLP,GLP,E S CALA CALA,500.0,TRANSFERENCIAS
2026-09-20,Cochabamba,GLP DISTRIB. 10 KILOS NAL,GLP,GLP,E S AMERICA,1000.0,TRANSFERENCIAS
2026-09-20,Cochabamba,GASOLINA ESPECIAL + EESS,Gasolina Especial +,GASOLINA_ESPECIAL_MAS,E S AMERICA,12000.0,TRANSFERENCIAS
2026-09-19,Cochabamba,DIESEL OIL NACIONAL EESS,Diesel Oil Nacional,DIESEL_NACIONAL,SURTIDOR DE GASOLINA Y DIESEL COLOMI,20000.0,VENTAS
2026-09-19,Cochabamba,DIESEL OIL NACIONAL EESS,Diesel Oil Nacional,DIESEL_NACIONAL,ESTACIÓN DE SERVICIO FRANQUITO,12000.0,VENTAS
2026-09-19,Cochabamba,DIESEL OIL NACIONAL EESS,Diesel Oil Nacional,DIESEL_NACIONAL,ESTACION DE SERVICIO OMEREQUE,12000.0,VENTAS
2026-09-19,Cochabamba,DIESEL OIL NACIONAL EESS,Diesel Oil Nacional,DIESEL_NACIONAL,"ESTACION DE SERVICIO ""POJO""",14000.0,VENTAS
2026-09-19,Cochabamba,DIESEL OIL NACIONAL EESS,Diesel Oil Nacional,DIESEL_NACIONAL,"EST. DE SERV. ""TIRAQUE""",15000.0,VENTAS
2026-09-19,Cochabamba,DIESEL OIL NACIONAL EESS,Diesel Oil Nacional,DIESEL_NACIONAL,"EST. DE SERV. ""SURTIDOR CAMPERO""",8000.0,VENTAS
2026-09-19,Cochabamba,DIESEL OIL NACIONAL EESS,Diesel Oil Nacional,DIESEL_NACIONAL,"EST. DE SERV. ""PAROTANI""",35000.0,VENTAS
2026-09-19,Cochabamba,DIESEL OIL NACIONAL EESS,Diesel Oil Nacional,DIESEL_NACIONAL,"EST. DE SERV. ""MIZQUE"" - DIOGENES MONTENEGRO P.",10000.0,VENTAS
2026-09-20,Cochabamba,GASOLINA ESPECIAL + EESS,Gasolina Especial +,GASOLINA_ESPECIAL_MAS,TERMINAL DE BUSES COCHABAMBA S.A.,4000.0,VENTAS
2026-09-20,Cochabamba,GASOLINA ESPECIAL + EESS,Gasolina Especial +,GASOLINA_ESPECIAL_MAS,PETROCEL S.R.L.,4000.0,VENTAS
2026-09-20,Cochabamba,GASOLINA ESPECIAL + EESS,Gasolina Especial +,GASOLINA_ESPECIAL_MAS,KHORA ESTACION DE SERVICIO - MEDRANO ARNEZ JAIME,4000.0,VENTAS
2026-09-20,Cochabamba,GASOLINA ESPECIAL + EESS,Gasolina Especial +,GASOLINA_ESPECIAL_MAS,IMBRANJO S.R.L.,4000.0,VENTAS
2026-09-20,Cochabamba,GASOLINA ESPECIAL + EESS,Gasolina Especial +,GASOLINA_ESPECIAL_MAS,FEDEX CHACO,4000.0,VENTAS
2026-09-20,Cochabamba,GASOLINA ESPECIAL + EESS,Gasolina Especial +,GASOLINA_ESPECIAL_MAS,ESTAGAS S.R.L.,4000.0,VENTAS
2026-09-20,Cochabamba,GASOLINA ESPECIAL + EESS,Gasolina Especial +,GASOLINA_ESPECIAL_MAS,ESTACION DE SERVICIO TICTI S.R.L.,4000.0,VENTAS
2026-09-20,Cochabamba,GASOLINA ESPECIAL + EESS,Gasolina Especial +,GASOLINA_ESPECIAL_MAS,ESTACION DE SERVICIO HIPODROMO S.R.L.,4000.0,VENTAS
2026-09-20,Cochabamba,GASOLINA ESPECIAL + EESS,Gasolina Especial +,GASOLINA_ESPECIAL_MAS,"EST. DE SERV. ""PETROGAS S.R.L.""",4000.0,VENTAS
2026-09-20,Cochabamba,GASOLINA ESPECIAL + EESS,Gasolina Especial +,GASOLINA_ESPECIAL_MAS,COMERCIALIZADORA DE SERVICIOS LUBRISHOP S.R.L.,4000.0,VENTAS
2026-09-20,Cochabamba,DIESEL OIL NACIONAL EESS,Diesel Oil Nacional,DIESEL_NACIONAL,TERMINAL DE BUSES COCHABAMBA S.A.,6000.0,VENTAS
2026-09-20,Cochabamba,DIESEL OIL NACIONAL EESS,Diesel Oil Nacional,DIESEL_NACIONAL,IMBRANJO S.R.L.,6000.0,VENTAS
2026-09-20,Cochabamba,DIESEL OIL NACIONAL EESS,Diesel Oil Nacional,DIESEL_NACIONAL,ESTACION DE SERVICIO TICTI S.R.L.,6000.0,VENTAS
2026-09-20,Cochabamba,DIESEL OIL NACIONAL EESS,Diesel Oil Nacional,DIESEL_NACIONAL,COMERCIALIZADORA DE SERVICIOS LUBRISHOP S.R.L.,6000.0,VENTAS
2026-09-20,Cochabamba,GASOLINA ESPECIAL + EESS,Gasolina Especial +,GASOLINA_ESPECIAL_MAS,ESTACION DE SERVICIO LOS ALAMOS S.R.L.,4000.0,VENTAS
2026-09-20,Cochabamba,GASOLINA ESPECIAL + EESS,Gasolina Especial +,GASOLINA_ESPECIAL_MAS,ESTACION DE SERVICIO CAPITAN VICTOR USTARIZ S.R.L.,4000.0,VENTAS
2026-09-20,Cochabamba,GASOLINA ESPECIAL + EESS,Gasolina Especial +,GASOLINA_ESPECIAL_MAS,ESTACION DE SERVICIO BEIJING S.R.L.,4000.0,VENTAS
2026-09-20,Cochabamba,GASOLINA ESPECIAL + EESS,Gasolina Especial +,GASOLINA_ESPECIAL_MAS,ESTACION DE SERVICIO ANITA,4000.0,VENTAS
2026-09-20,Cochabamba,GASOLINA ESPECIAL + EESS,Gasolina Especial +,GASOLINA_ESPECIAL_MAS,"ESTACION DE SERVICIO ""LOS LAURELES"" - DIEGO M. DELGADILLO ANTEZANA",4000.0,VENTAS
2026-09-20,Cochabamba,GASOLINA ESPECIAL + EESS,Gasolina Especial +,GASOLINA_ESPECIAL_MAS,"EST. DE SERV. ""VILLA OBRAJES""",4000.0,VENTAS
2026-09-20,Cochabamba,GASOLINA ESPECIAL + EESS,Gasolina Especial +,GASOLINA_ESPECIAL_MAS,"EST. DE SERV. ""URKUPINA"" - ALBERTO OPORTO",4000.0,VENTAS
2026-09-20,Cochabamba,GASOLINA ESPECIAL + EESS,Gasolina Especial +,GASOLINA_ESPECIAL_MAS,"EST. DE SERV. ""URKUPINA I""- ALBERTO OPORTO L.",4000.0,VENTAS
2026-09-20,Cochabamba,GASOLINA ESPECIAL + EESS,Gasolina Especial +,GASOLINA_ESPECIAL_MAS,"EST. DE SERV. ""TRANS SACABA S.A. II""",4000.0,VENTAS
2026-09-20,Cochabamba,GASOLINA ESPECIAL + EESS,Gasolina Especial +,GASOLINA_ESPECIAL_MAS,"EST. DE SERV. ""TIQUIPAYA"" - VENICIA ALANEZ JIMENES",4000.0,VENTAS
2026-09-20,Cochabamba,GASOLINA ESPECIAL + EESS,Gasolina Especial +,GASOLINA_ESPECIAL_MAS,"EST. DE SERV. ""SUTICOLLO""",4000.0,VENTAS
2026-09-20,Cochabamba,GASOLINA ESPECIAL + EESS,Gasolina Especial +,GASOLINA_ESPECIAL_MAS,"EST. DE SERV. ""SIPE SIPE S.R.L.""",4000.0,VENTAS
2026-09-20,Cochabamba,GASOLINA ESPECIAL + EESS,Gasolina Especial +,GASOLINA_ESPECIAL_MAS,"EST. DE SERV. ""SENOR SANTIAGO"" - E. DELGADILLO",4000.0,VENTAS
2026-09-20,Cochabamba,GASOLINA ESPECIAL + EESS,Gasolina Especial +,GASOLINA_ESPECIAL_MAS,"EST. DE SERV. ""SENOR SANTIAGO SUC. 1"" - E. DELGADILLO",4000.0,VENTAS
2026-09-20,Cochabamba,GASOLINA ESPECIAL + EESS,Gasolina Especial +,GASOLINA_ESPECIAL_MAS,"EST. DE SERV. ""SANTA MONICA"" S.R.L.",4000.0,VENTAS
2026-09-20,Cochabamba,GASOLINA ESPECIAL + EESS,Gasolina Especial +,GASOLINA_ESPECIAL_MAS,"EST. DE SERV. ""SAN JUAN BAUTISTA S.R.L.""",4000.0,VENTAS
2026-09-20,Cochabamba,GASOLINA ESPECIAL + EESS,Gasolina Especial +,GASOLINA_ESPECIAL_MAS,"EST. DE SERV. ""SAN JORGE CBBA S.R.L.""",4000.0,VENTAS
2026-09-20,Cochabamba,GASOLINA ESPECIAL + EESS,Gasolina Especial +,GASOLINA_ESPECIAL_MAS,"EST. DE SERV. ""RIOJA""",4000.0,VENTAS
2026-09-20,Cochabamba,GASOLINA ESPECIAL + EESS,Gasolina Especial +,GASOLINA_ESPECIAL_MAS,"EST. DE SERV. ""REFINERIA""- SIMON RODRIGO FERRUFINO",4000.0,VENTAS
2026-09-20,Cochabamba,GASOLINA ESPECIAL + EESS,Gasolina Especial +,GASOLINA_ESPECIAL_MAS,"EST. DE SERV. ""PORTALEZ S.R.L.""",4000.0,VENTAS
2026-09-20,Cochabamba,DIESEL OIL NACIONAL EESS,Diesel Oil Nacional,DIESEL_NACIONAL,ESTACION DE SERVICIO LOS ALAMOS S.R.L.,6000.0,VENTAS
2026-09-20,Cochabamba,DIESEL OIL NACIONAL EESS,Diesel Oil Nacional,DIESEL_NACIONAL,ESTACION DE SERVICIO BEIJING S.R.L.,6000.0,VENTAS
2026-09-20,Cochabamba,DIESEL OIL NACIONAL EESS,Diesel Oil Nacional,DIESEL_NACIONAL,ESTACION DE SERVICIO ANITA,6000.0,VENTAS
2026-09-20,Cochabamba,DIESEL OIL NACIONAL EESS,Diesel Oil Nacional,DIESEL_NACIONAL,"EST. DE SERV. ""VILLA OBRAJES""",6000.0,VENTAS
2026-09-20,Cochabamba,DIESEL OIL NACIONAL EESS,Diesel Oil Nacional,DIESEL_NACIONAL,"EST. DE SERV. ""URKUPINA"" - ALBERTO OPORTO",6000.0,VENTAS
2026-09-20,Cochabamba,DIESEL OIL NACIONAL EESS,Diesel Oil Nacional,DIESEL_NACIONAL,"EST. DE SERV. ""URKUPINA I""- ALBERTO OPORTO L.",6000.0,VENTAS
2026-09-20,Cochabamba,DIESEL OIL NACIONAL EESS,Diesel Oil Nacional,DIESEL_NACIONAL,"EST. DE SERV. ""TRANS SACABA S.A.""",6000.0,VENTAS
2026-09-20,Cochabamba,DIESEL OIL NACIONAL EESS,Diesel Oil Nacional,DIESEL_NACIONAL,"EST. DE SERV. ""TRANS SACABA S.A. II""",6000.0,VENTAS
2026-09-20,Cochabamba,DIESEL OIL NACIONAL EESS,Diesel Oil Nacional,DIESEL_NACIONAL,"EST. DE SERV. ""TIQUIPAYA"" - VENICIA ALANEZ JIMENES",6000.0,VENTAS
2026-09-20,Cochabamba,DIESEL OIL NACIONAL EESS,Diesel Oil Nacional,DIESEL_NACIONAL,"EST. DE SERV. ""SUTICOLLO""",6000.0,VENTAS
2026-09-20,Cochabamba,DIESEL OIL NACIONAL EESS,Diesel Oil Nacional,DIESEL_NACIONAL,"EST. DE SERV. ""SIPE SIPE S.R.L.""",6000.0,VENTAS
2026-09-20,Cochabamba,DIESEL OIL NACIONAL EESS,Diesel Oil Nacional,DIESEL_NACIONAL,"EST. DE SERV. ""SENOR SANTIAGO"" - E. DELGADILLO",6000.0,VENTAS
2026-09-20,Cochabamba,DIESEL OIL NACIONAL EESS,Diesel Oil Nacional,DIESEL_NACIONAL,"EST. DE SERV. ""SANTA MONICA"" S.R.L.",6000.0,VENTAS
2026-09-20,Cochabamba,DIESEL OIL NACIONAL EESS,Diesel Oil Nacional,DIESEL_NACIONAL,"EST. DE SERV. ""SAN JUAN BAUTISTA S.R.L.""",6000.0,VENTAS
2026-09-20,Cochabamba,DIESEL OIL NACIONAL EESS,Diesel Oil Nacional,DIESEL_NACIONAL,"EST. DE SERV. ""SAN JORGE CBBA S.R.L.""",6000.0,VENTAS
2026-09-20,Cochabamba,DIESEL OIL NACIONAL EESS,Diesel Oil Nacional,DIESEL_NACIONAL,"EST. DE SERV. ""RIOJA""",6000.0,VENTAS
2026-09-20,Cochabamba,DIESEL OIL NACIONAL EESS,Diesel Oil Nacional,DIESEL_NACIONAL,"EST. DE SERV. ""REFINERIA""- SIMON RODRIGO FERRUFINO",6000.0,VENTAS
2026-09-20,Cochabamba,GASOLINA ESPECIAL + EESS,Gasolina Especial +,GASOLINA_ESPECIAL_MAS,E S VALLE HERMOSO,12000.0,TRANSFERENCIAS
2026-09-20,Cochabamba,GASOLINA ESPECIAL + EESS,Gasolina Especial +,GASOLINA_ESPECIAL_MAS,E S CALA CALA,8000.0,TRANSFERENCIAS
2026-09-21,Cochabamba,DIESEL OIL NACIONAL EESS,Diesel Oil Nacional,DIESEL_NACIONAL,TERMINAL DE BUSES COCHABAMBA S.A.,16000.0,VENTAS
2026-09-21,Cochabamba,DIESEL OIL NACIONAL EESS,Diesel Oil Nacional,DIESEL_NACIONAL,IMBRANJO S.R.L.,26000.0,VENTAS
2026-09-21,Cochabamba,DIESEL OIL NACIONAL EESS,Diesel Oil Nacional,DIESEL_NACIONAL,ESTACION DE SERVICIO TICTI S.R.L.,19000.0,VENTAS
2026-09-21,Cochabamba,DIESEL OIL NACIONAL EESS,Diesel Oil Nacional,DIESEL_NACIONAL,COMERCIALIZADORA DE SERVICIOS LUBRISHOP S.R.L.,8000.0,VENTAS
2026-09-21,Cochabamba,DIESEL OIL NACIONAL EESS,Diesel Oil Nacional,DIESEL_NACIONAL,ESTACION DE SERVICIO LOS LIBERTADORES S.R.L.,12000.0,VENTAS
2026-09-21,Cochabamba,DIESEL OIL NACIONAL EESS,Diesel Oil Nacional,DIESEL_NACIONAL,ESTACION DE SERVICIO LOS ALAMOS S.R.L.,37000.0,VENTAS
2026-09-21,Cochabamba,DIESEL OIL NACIONAL EESS,Diesel Oil Nacional,DIESEL_NACIONAL,ESTACION DE SERVICIO COODPE S.R.L.,14000.0,VENTAS
2026-09-21,Cochabamba,DIESEL OIL NACIONAL EESS,Diesel Oil Nacional,DIESEL_NACIONAL,ESTACION DE SERVICIO BEIJING S.R.L.,19000.0,VENTAS
2026-09-21,Cochabamba,DIESEL OIL NACIONAL EESS,Diesel Oil Nacional,DIESEL_NACIONAL,ESTACION DE SERVICIO ANITA,23000.0,VENTAS
2026-09-21,Cochabamba,DIESEL OIL NACIONAL EESS,Diesel Oil Nacional,DIESEL_NACIONAL,"ESTACION DE SERVICIO ""POJO""",14000.0,VENTAS
2026-09-21,Cochabamba,DIESEL OIL NACIONAL EESS,Diesel Oil Nacional,DIESEL_NACIONAL,"EST. DE SERV. ""VILLA OBRAJES""",23000.0,VENTAS
2026-09-21,Cochabamba,DIESEL OIL NACIONAL EESS,Diesel Oil Nacional,DIESEL_NACIONAL,"EST. DE SERV. ""URKUPINA"" - ALBERTO OPORTO",19000.0,VENTAS
2026-09-21,Cochabamba,DIESEL OIL NACIONAL EESS,Diesel Oil Nacional,DIESEL_NACIONAL,"EST. DE SERV. ""URKUPINA I""- ALBERTO OPORTO L.",9000.0,VENTAS
2026-09-21,Cochabamba,DIESEL OIL NACIONAL EESS,Diesel Oil Nacional,DIESEL_NACIONAL,"EST. DE SERV. ""TRANS SACABA S.A.""",16000.0,VENTAS
2026-09-21,Cochabamba,DIESEL OIL NACIONAL EESS,Diesel Oil Nacional,DIESEL_NACIONAL,"EST. DE SERV. ""TRANS SACABA S.A. II""",21000.0,VENTAS
2026-09-21,Cochabamba,DIESEL OIL NACIONAL EESS,Diesel Oil Nacional,DIESEL_NACIONAL,"EST. DE SERV. ""TIQUIPAYA"" - VENICIA ALANEZ JIMENES",9000.0,VENTAS
2026-09-21,Cochabamba,DIESEL OIL NACIONAL EESS,Diesel Oil Nacional,DIESEL_NACIONAL,"EST. DE SERV. ""SUTICOLLO""",26000.0,VENTAS
2026-09-21,Cochabamba,DIESEL OIL NACIONAL EESS,Diesel Oil Nacional,DIESEL_NACIONAL,"EST. DE SERV. ""SURTIDOR CAMPERO""",14000.0,VENTAS
2026-09-21,Cochabamba,DIESEL OIL NACIONAL EESS,Diesel Oil Nacional,DIESEL_NACIONAL,"EST. DE SERV. ""SIPE SIPE S.R.L.""",37000.0,VENTAS
2026-09-21,Cochabamba,DIESEL OIL NACIONAL EESS,Diesel Oil Nacional,DIESEL_NACIONAL,"EST. DE SERV. ""SENOR SANTIAGO"" - E. DELGADILLO",12000.0,VENTAS
2026-09-21,Cochabamba,DIESEL OIL NACIONAL EESS,Diesel Oil Nacional,DIESEL_NACIONAL,"EST. DE SERV. ""SANTA MONICA"" S.R.L.",12000.0,VENTAS
2026-09-21,Cochabamba,DIESEL OIL NACIONAL EESS,Diesel Oil Nacional,DIESEL_NACIONAL,"EST. DE SERV. ""SAN JUAN BAUTISTA S.R.L.""",14000.0,VENTAS
2026-09-21,Cochabamba,DIESEL OIL NACIONAL EESS,Diesel Oil Nacional,DIESEL_NACIONAL,"EST. DE SERV. ""SAN JORGE CBBA S.R.L.""",35000.0,VENTAS
2026-09-21,Cochabamba,DIESEL OIL NACIONAL EESS,Diesel Oil Nacional,DIESEL_NACIONAL,"EST. DE SERV. ""RIOJA""",12000.0,VENTAS
2026-09-21,Cochabamba,DIESEL OIL NACIONAL EESS,Diesel Oil Nacional,DIESEL_NACIONAL,"EST. DE SERV. ""REFINERIA""- SIMON RODRIGO FERRUFINO",9000.0,VENTAS
2026-09-21,Cochabamba,DIESEL OIL NACIONAL EESS,Diesel Oil Nacional,DIESEL_NACIONAL,"EST. DE SERV. ""PETROGAS S.R.L.""",16000.0,VENTAS
2026-09-21,Cochabamba,DIESEL OIL NACIONAL EESS,Diesel Oil Nacional,DIESEL_NACIONAL,"EST. DE SERV. ""PAROTANI""",33000.0,VENTAS
2026-09-21,Cochabamba,DIESEL OIL NACIONAL EESS,Diesel Oil Nacional,DIESEL_NACIONAL,"EST. DE SERV. ""PARAJE 24.7 SRL""",26000.0,VENTAS
2026-09-21,Cochabamba,DIESEL OIL NACIONAL EESS,Diesel Oil Nacional,DIESEL_NACIONAL,"EST. DE SERV. ""PARAJE 24.7 SRL SUC. 1""",12000.0,VENTAS
2026-09-21,Cochabamba,DIESEL OIL NACIONAL EESS,Diesel Oil Nacional,DIESEL_NACIONAL,"EST. DE SERV. ""NISSAN"" - SIMON FERRUFINO",9000.0,VENTAS
2026-09-21,Cochabamba,DIESEL OIL NACIONAL EESS,Diesel Oil Nacional,DIESEL_NACIONAL,"EST. DE SERV. ""MONTERREY S.R.L.""",28000.0,VENTAS
2026-09-21,Cochabamba,DIESEL OIL NACIONAL EESS,Diesel Oil Nacional,DIESEL_NACIONAL,"EST. DE SERV. ""MIZQUE"" - DIOGENES MONTENEGRO P.",12000.0,VENTAS
2026-09-21,Cochabamba,DIESEL OIL NACIONAL EESS,Diesel Oil Nacional,DIESEL_NACIONAL,"EST. DE SERV. ""MAX MAMANGUENO"" - E. MELGAREJO",9000.0,VENTAS
2026-09-21,Cochabamba,DIESEL OIL NACIONAL EESS,Diesel Oil Nacional,DIESEL_NACIONAL,"EST. DE SERV. ""LOS ALPES""-BERTHA CAMACHO RICALDEZ",14000.0,VENTAS
2026-09-21,Cochabamba,DIESEL OIL NACIONAL EESS,Diesel Oil Nacional,DIESEL_NACIONAL,"EST. DE SERV. ""LORETO"" SUC. 1",16000.0,VENTAS
2026-09-21,Cochabamba,DIESEL OIL NACIONAL EESS,Diesel Oil Nacional,DIESEL_NACIONAL,"EST. DE SERV. ""LA MERCED S.R.L.""",14000.0,VENTAS
2026-09-21,Cochabamba,DIESEL OIL NACIONAL EESS,Diesel Oil Nacional,DIESEL_NACIONAL,"EST. DE SERV. ""ITAPAYA"" - ALBERTO AMURRIO F.",14000.0,VENTAS
2026-09-21,Cochabamba,DIESEL OIL NACIONAL EESS,Diesel Oil Nacional,DIESEL_NACIONAL,"EST. DE SERV. ""ISABEL CHAVEZ""",14000.0,VENTAS
2026-09-21,Cochabamba,DIESEL OIL NACIONAL EESS,Diesel Oil Nacional,DIESEL_NACIONAL,"EST. DE SERV. ""IQUIRCOLLO S.R.L.""",37000.0,VENTAS
2026-09-21,Cochabamba,DIESEL OIL NACIONAL EESS,Diesel Oil Nacional,DIESEL_NACIONAL,"EST. DE SERV. ""GASNOR S.R.L.""",9000.0,VENTAS
2026-09-21,Cochabamba,DIESEL OIL NACIONAL EESS,Diesel Oil Nacional,DIESEL_NACIONAL,"EST. DE SERV. ""FORTALEZA ENERGY S.R.L.""",9000.0,VENTAS
2026-09-21,Cochabamba,DIESEL OIL NACIONAL EESS,Diesel Oil Nacional,DIESEL_NACIONAL,"EST. DE SERV. ""EQGAS"" S.R.L.",9000.0,VENTAS
2026-09-21,Cochabamba,DIESEL OIL NACIONAL EESS,Diesel Oil Nacional,DIESEL_NACIONAL,"EST. DE SERV. ""EPIZANA""",14000.0,VENTAS
2026-09-21,Cochabamba,DIESEL OIL NACIONAL EESS,Diesel Oil Nacional,DIESEL_NACIONAL,"EST. DE SERV. ""EL VIAJERO SRL""",28000.0,VENTAS
2026-09-21,Cochabamba,DIESEL OIL NACIONAL EESS,Diesel Oil Nacional,DIESEL_NACIONAL,"EST. DE SERV. ""EL MANANTIAL SRL""",9000.0,VENTAS
2026-09-21,Cochabamba,DIESEL OIL NACIONAL EESS,Diesel Oil Nacional,DIESEL_NACIONAL,"EST. DE SERV. ""EL CRISTO"" - CRISTIAN SABAG",9000.0,VENTAS
2026-09-21,Cochabamba,DIESEL OIL NACIONAL EESS,Diesel Oil Nacional,DIESEL_NACIONAL,"EST. DE SERV. ""DISEL S.R.L.""",33000.0,VENTAS
2026-09-21,Cochabamba,DIESEL OIL NACIONAL EESS,Diesel Oil Nacional,DIESEL_NACIONAL,"EST. DE SERV. ""DISEL S.R.L. I""",37000.0,VENTAS
2026-09-21,Cochabamba,DIESEL OIL NACIONAL EESS,Diesel Oil Nacional,DIESEL_NACIONAL,"EST. DE SERV. ""DAYANA""",14000.0,VENTAS
2026-09-21,Cochabamba,DIESEL OIL NACIONAL EESS,Diesel Oil Nacional,DIESEL_NACIONAL,"EST. DE SERV. ""COMERCIALIZADORA QK S.R.L.""",12000.0,VENTAS
2026-09-21,Cochabamba,DIESEL OIL NACIONAL EESS,Diesel Oil Nacional,DIESEL_NACIONAL,"EST. DE SERV. ""COCHABAMBA""",37000.0,VENTAS
2026-09-21,Cochabamba,DIESEL OIL NACIONAL EESS,Diesel Oil Nacional,DIESEL_NACIONAL,"EST. DE SERV. ""COCHABAMBA S.R.L. SUC. 1""",18000.0,VENTAS
2026-09-21,Cochabamba,DIESEL OIL NACIONAL EESS,Diesel Oil Nacional,DIESEL_NACIONAL,"EST. DE SERV. ""CITY TRUCK FH S.R.L.""",20000.0,VENTAS
2026-09-21,Cochabamba,DIESEL OIL NACIONAL EESS,Diesel Oil Nacional,DIESEL_NACIONAL,"EST. DE SERV. ""CIRCUITO BOLIVIA S.A.""",13000.0,VENTAS
2026-09-21,Cochabamba,DIESEL OIL NACIONAL EESS,Diesel Oil Nacional,DIESEL_NACIONAL,"EST. DE SERV. ""CHIMBOCO""",26000.0,VENTAS
2026-09-21,Cochabamba,DIESEL OIL NACIONAL EESS,Diesel Oil Nacional,DIESEL_NACIONAL,"EST. DE SERV. ""C.G.C. SRL""",33000.0,VENTAS
2026-09-21,Cochabamba,DIESEL OIL NACIONAL EESS,Diesel Oil Nacional,DIESEL_NACIONAL,"EST. DE SERV. ""ARANI"" - ZULMA ROJAS",14000.0,VENTAS
2026-09-21,Cochabamba,DIESEL OIL NACIONAL EESS,Diesel Oil Nacional,DIESEL_NACIONAL,"EST. DE SERV. ""AEROPUERTO S.R.L.""",14000.0,VENTAS
2026-09-21,Cochabamba,DIESEL OIL NACIONAL EESS,Diesel Oil Nacional,DIESEL_NACIONAL,"EST. DE SERV. ""ADRIAN""",14000.0,VENTAS
2026-09-21,Cochabamba,DIESEL OIL NACIONAL EESS,Diesel Oil Nacional,DIESEL_NACIONAL,"EST. DE SERV. ""24 DE SEPTIEMBRE S.R.L.""",14000.0,VENTAS
2026-09-21,Cochabamba,DIESEL OIL NACIONAL EESS,Diesel Oil Nacional,DIESEL_NACIONAL,CENTRO DE SERVICIOS VALLEPUNATA S.R.L.,12000.0,VENTAS
2026-09-21,Cochabamba,GASOLINA ESPECIAL + EESS,Gasolina Especial +,GASOLINA_ESPECIAL_MAS,TERMINAL DE BUSES COCHABAMBA S.A.,10000.0,VENTAS
2026-09-21,Cochabamba,GASOLINA ESPECIAL + EESS,Gasolina Especial +,GASOLINA_ESPECIAL_MAS,PETROCEL S.R.L.,12000.0,VENTAS
2026-09-21,Cochabamba,GASOLINA ESPECIAL + EESS,Gasolina Especial +,GASOLINA_ESPECIAL_MAS,KHORA ESTACION DE SERVICIO - MEDRANO ARNEZ JAIME,8000.0,VENTAS
2026-09-21,Cochabamba,GASOLINA ESPECIAL + EESS,Gasolina Especial +,GASOLINA_ESPECIAL_MAS,IMBRANJO S.R.L.,14000.0,VENTAS
2026-09-21,Cochabamba,GASOLINA ESPECIAL + EESS,Gasolina Especial +,GASOLINA_ESPECIAL_MAS,FEDEX CHACO,3000.0,VENTAS
2026-09-21,Cochabamba,GASOLINA ESPECIAL + EESS,Gasolina Especial +,GASOLINA_ESPECIAL_MAS,ESTAGAS S.R.L.,10000.0,VENTAS
2026-09-21,Cochabamba,GASOLINA ESPECIAL + EESS,Gasolina Especial +,GASOLINA_ESPECIAL_MAS,ESTACION DE SERVICIO VIRGEN DE LAS ANGUSTIAS S.R.L.,12000.0,VENTAS
2026-09-21,Cochabamba,GASOLINA ESPECIAL + EESS,Gasolina Especial +,GASOLINA_ESPECIAL_MAS,ESTACION DE SERVICIO TICTI S.R.L.,12000.0,VENTAS
2026-09-21,Cochabamba,GASOLINA ESPECIAL + EESS,Gasolina Especial +,GASOLINA_ESPECIAL_MAS,ESTACION DE SERVICIO LOS LIBERTADORES S.R.L.,10000.0,VENTAS
2026-09-21,Cochabamba,GASOLINA ESPECIAL + EESS,Gasolina Especial +,GASOLINA_ESPECIAL_MAS,ESTACION DE SERVICIO LOS ALAMOS S.R.L.,14000.0,VENTAS
2026-09-21,Cochabamba,GASOLINA ESPECIAL + EESS,Gasolina Especial +,GASOLINA_ESPECIAL_MAS,ESTACION DE SERVICIO HIPODROMO S.R.L.,6000.0,VENTAS
2026-09-21,Cochabamba,GASOLINA ESPECIAL + EESS,Gasolina Especial +,GASOLINA_ESPECIAL_MAS,ESTACION DE SERVICIO COODPE S.R.L.,12000.0,VENTAS
2026-09-21,Cochabamba,GASOLINA ESPECIAL + EESS,Gasolina Especial +,GASOLINA_ESPECIAL_MAS,ESTACION DE SERVICIO CAPITAN VICTOR USTARIZ S.R.L.,12000.0,VENTAS
2026-09-21,Cochabamba,GASOLINA ESPECIAL + EESS,Gasolina Especial +,GASOLINA_ESPECIAL_MAS,ESTACION DE SERVICIO BEIJING S.R.L.,14000.0,VENTAS
2026-09-21,Cochabamba,GASOLINA ESPECIAL + EESS,Gasolina Especial +,GASOLINA_ESPECIAL_MAS,ESTACION DE SERVICIO ANITA,16000.0,VENTAS
2026-09-21,Cochabamba,GASOLINA ESPECIAL + EESS,Gasolina Especial +,GASOLINA_ESPECIAL_MAS,"ESTACION DE SERVICIO ""POJO""",12000.0,VENTAS
2026-09-21,Cochabamba,GASOLINA ESPECIAL + EESS,Gasolina Especial +,GASOLINA_ESPECIAL_MAS,"ESTACION DE SERVICIO ""LOS LAURELES"" - DIEGO M. DELGADILLO ANTEZANA",10000.0,VENTAS
2026-09-21,Cochabamba,GASOLINA ESPECIAL + EESS,Gasolina Especial +,GASOLINA_ESPECIAL_MAS,"EST. DE SERV. ""VILLA OBRAJES""",10000.0,VENTAS
2026-09-21,Cochabamba,GASOLINA ESPECIAL + EESS,Gasolina Especial +,GASOLINA_ESPECIAL_MAS,"EST. DE SERV. ""URKUPINA"" - ALBERTO OPORTO",10000.0,VENTAS
2026-09-21,Cochabamba,GASOLINA ESPECIAL + EESS,Gasolina Especial +,GASOLINA_ESPECIAL_MAS,"EST. DE SERV. ""URKUPINA I""- ALBERTO OPORTO L.",12000.0,VENTAS
2026-09-21,Cochabamba,GASOLINA ESPECIAL + EESS,Gasolina Especial +,GASOLINA_ESPECIAL_MAS,"EST. DE SERV. ""TRANS SACABA S.A. II""",10000.0,VENTAS
2026-09-21,Cochabamba,GASOLINA ESPECIAL + EESS,Gasolina Especial +,GASOLINA_ESPECIAL_MAS,"EST. DE SERV. ""TIQUIPAYA"" - VENICIA ALANEZ JIMENES",6000.0,VENTAS
2026-09-21,Cochabamba,GASOLINA ESPECIAL + EESS,Gasolina Especial +,GASOLINA_ESPECIAL_MAS,"EST. DE SERV. ""SUTICOLLO""",12000.0,VENTAS
2026-09-21,Cochabamba,GASOLINA ESPECIAL + EESS,Gasolina Especial +,GASOLINA_ESPECIAL_MAS,"EST. DE SERV. ""SURTIDOR CAMPERO""",10000.0,VENTAS
2026-09-21,Cochabamba,GASOLINA ESPECIAL + EESS,Gasolina Especial +,GASOLINA_ESPECIAL_MAS,"EST. DE SERV. ""SIPE SIPE S.R.L.""",14000.0,VENTAS
2026-09-21,Cochabamba,GASOLINA ESPECIAL + EESS,Gasolina Especial +,GASOLINA_ESPECIAL_MAS,"EST. DE SERV. ""SENOR SANTIAGO"" - E. DELGADILLO",10000.0,VENTAS
2026-09-21,Cochabamba,GASOLINA ESPECIAL + EESS,Gasolina Especial +,GASOLINA_ESPECIAL_MAS,"EST. DE SERV. ""SENOR SANTIAGO SUC. 1"" - E. DELGADILLO",10000.0,VENTAS
2026-09-21,Cochabamba,GASOLINA ESPECIAL + EESS,Gasolina Especial +,GASOLINA_ESPECIAL_MAS,"EST. DE SERV. ""SANTA MONICA"" S.R.L.",10000.0,VENTAS
2026-09-21,Cochabamba,GASOLINA ESPECIAL + EESS,Gasolina Especial +,GASOLINA_ESPECIAL_MAS,"EST. DE SERV. ""SAN JUAN BAUTISTA S.R.L.""",12000.0,VENTAS
2026-09-21,Cochabamba,GASOLINA ESPECIAL + EESS,Gasolina Especial +,GASOLINA_ESPECIAL_MAS,"EST. DE SERV. ""SAN JORGE CBBA S.R.L.""",16000.0,VENTAS
2026-09-21,Cochabamba,GASOLINA ESPECIAL + EESS,Gasolina Especial +,GASOLINA_ESPECIAL_MAS,"EST. DE SERV. ""RIOJA""",10000.0,VENTAS
2026-09-21,Cochabamba,GASOLINA ESPECIAL + EESS,Gasolina Especial +,GASOLINA_ESPECIAL_MAS,"EST. DE SERV. ""REFINERIA""- SIMON RODRIGO FERRUFINO",8000.0,VENTAS
2026-09-21,Cochabamba,GASOLINA ESPECIAL + EESS,Gasolina Especial +,GASOLINA_ESPECIAL_MAS,"EST. DE SERV. ""PORTALEZ S.R.L.""",18000.0,VENTAS
2026-09-21,Cochabamba,GASOLINA ESPECIAL + EESS,Gasolina Especial +,GASOLINA_ESPECIAL_MAS,"EST. DE SERV. ""PETROGAS S.R.L.""",7000.0,VENTAS
2026-09-21,Cochabamba,GASOLINA ESPECIAL + EESS,Gasolina Especial +,GASOLINA_ESPECIAL_MAS,"EST. DE SERV. ""PAROTANI""",12000.0,VENTAS
2026-09-21,Cochabamba,GASOLINA ESPECIAL + EESS,Gasolina Especial +,GASOLINA_ESPECIAL_MAS,"EST. DE SERV. ""PARAJE 24.7 SRL""",12000.0,VENTAS
2026-09-21,Cochabamba,GASOLINA ESPECIAL + EESS,Gasolina Especial +,GASOLINA_ESPECIAL_MAS,"EST. DE SERV. ""PARAJE 24.7 SRL SUC. 1""",10000.0,VENTAS
2026-09-21,Cochabamba,GASOLINA ESPECIAL + EESS,Gasolina Especial +,GASOLINA_ESPECIAL_MAS,"EST. DE SERV. ""PANAMERICANA"" SUCURSAL COCHABAMBA",10000.0,VENTAS
2026-09-21,Cochabamba,GASOLINA ESPECIAL + EESS,Gasolina Especial +,GASOLINA_ESPECIAL_MAS,"EST. DE SERV. ""NISSAN"" - SIMON FERRUFINO",8000.0,VENTAS
2026-09-21,Cochabamba,GASOLINA ESPECIAL + EESS,Gasolina Especial +,GASOLINA_ESPECIAL_MAS,"EST. DE SERV. ""MONTERREY S.R.L.""",10000.0,VENTAS
2026-09-21,Cochabamba,GASOLINA ESPECIAL + EESS,Gasolina Especial +,GASOLINA_ESPECIAL_MAS,"EST. DE SERV. ""MIZQUE"" - DIOGENES MONTENEGRO P.",12000.0,VENTAS
2026-09-21,Cochabamba,GASOLINA ESPECIAL + EESS,Gasolina Especial +,GASOLINA_ESPECIAL_MAS,"EST. DE SERV. ""MAX MAMANGUENO"" - E. MELGAREJO",8000.0,VENTAS
2026-09-21,Cochabamba,GASOLINA ESPECIAL + EESS,Gasolina Especial +,GASOLINA_ESPECIAL_MAS,"EST. DE SERV. ""LOS ALPES""-BERTHA CAMACHO RICALDEZ",12000.0,VENTAS
2026-09-21,Cochabamba,GASOLINA ESPECIAL + EESS,Gasolina Especial +,GASOLINA_ESPECIAL_MAS,"EST. DE SERV. ""LORETO"" SUC. 1",10000.0,VENTAS
2026-09-21,Cochabamba,GASOLINA ESPECIAL + EESS,Gasolina Especial +,GASOLINA_ESPECIAL_MAS,"EST. DE SERV. ""LA PATRIA S.R.L.""",6000.0,VENTAS
2026-09-21,Cochabamba,GASOLINA ESPECIAL + EESS,Gasolina Especial +,GASOLINA_ESPECIAL_MAS,"EST. DE SERV. ""LA MERCED S.R.L.""",8000.0,VENTAS
2026-09-21,Cochabamba,GASOLINA ESPECIAL + EESS,Gasolina Especial +,GASOLINA_ESPECIAL_MAS,"EST. DE SERV. ""ITAPAYA"" - ALBERTO AMURRIO F.",8000.0,VENTAS
2026-09-21,Cochabamba,GASOLINA ESPECIAL + EESS,Gasolina Especial +,GASOLINA_ESPECIAL_MAS,"EST. DE SERV. ""ISABEL CHAVEZ""",12000.0,VENTAS
2026-09-21,Cochabamba,GASOLINA ESPECIAL + EESS,Gasolina Especial +,GASOLINA_ESPECIAL_MAS,"EST. DE SERV. ""IQUIRCOLLO S.R.L.""",16000.0,VENTAS
2026-09-21,Cochabamba,GASOLINA ESPECIAL + EESS,Gasolina Especial +,GASOLINA_ESPECIAL_MAS,"EST. DE SERV. ""IQUIRCOLLO S.R.L. SUC. 1""",14000.0,VENTAS
2026-09-21,Cochabamba,GASOLINA ESPECIAL + EESS,Gasolina Especial +,GASOLINA_ESPECIAL_MAS,"EST. DE SERV. ""GUADELOUPE GROUP S.R.L.""",10000.0,VENTAS
2026-09-21,Cochabamba,GASOLINA ESPECIAL + EESS,Gasolina Especial +,GASOLINA_ESPECIAL_MAS,"EST. DE SERV. ""GASNOR S.R.L.""",8000.0,VENTAS
2026-09-21,Cochabamba,GASOLINA ESPECIAL + EESS,Gasolina Especial +,GASOLINA_ESPECIAL_MAS,"EST. DE SERV. ""FORTALEZA ENERGY S.R.L.""",6000.0,VENTAS
2026-09-21,Cochabamba,GASOLINA ESPECIAL + EESS,Gasolina Especial +,GASOLINA_ESPECIAL_MAS,"EST. DE SERV. ""EQGAS"" S.R.L.",8000.0,VENTAS
2026-09-21,Cochabamba,GASOLINA ESPECIAL + EESS,Gasolina Especial +,GASOLINA_ESPECIAL_MAS,"EST. DE SERV. ""EPIZANA""",12000.0,VENTAS
2026-09-21,Cochabamba,GASOLINA ESPECIAL + EESS,Gasolina Especial +,GASOLINA_ESPECIAL_MAS,"EST. DE SERV. ""EL MANANTIAL SUC. 2""",12000.0,VENTAS
2026-09-21,Cochabamba,GASOLINA ESPECIAL + EESS,Gasolina Especial +,GASOLINA_ESPECIAL_MAS,"EST. DE SERV. ""EL MANANTIAL SUC. 1""",10000.0,VENTAS
2026-09-21,Cochabamba,GASOLINA ESPECIAL + EESS,Gasolina Especial +,GASOLINA_ESPECIAL_MAS,"EST. DE SERV. ""EL MANANTIAL SRL""",10000.0,VENTAS
2026-09-21,Cochabamba,GASOLINA ESPECIAL + EESS,Gasolina Especial +,GASOLINA_ESPECIAL_MAS,"EST. DE SERV. ""EL CRISTO"" - CRISTIAN SABAG",28000.0,VENTAS
2026-09-21,Cochabamba,GASOLINA ESPECIAL + EESS,Gasolina Especial +,GASOLINA_ESPECIAL_MAS,"EST. DE SERV. ""DORBIGNI""",12000.0,VENTAS
2026-09-21,Cochabamba,GASOLINA ESPECIAL + EESS,Gasolina Especial +,GASOLINA_ESPECIAL_MAS,"EST. DE SERV. ""DISEL S.R.L.""",8000.0,VENTAS
2026-09-21,Cochabamba,GASOLINA ESPECIAL + EESS,Gasolina Especial +,GASOLINA_ESPECIAL_MAS,"EST. DE SERV. ""DISEL S.R.L. I""",8000.0,VENTAS
2026-09-21,Cochabamba,GASOLINA ESPECIAL + EESS,Gasolina Especial +,GASOLINA_ESPECIAL_MAS,"EST. DE SERV. ""DELAASUNCION-AMERICA S.R.L.""",12000.0,VENTAS
2026-09-21,Cochabamba,GASOLINA ESPECIAL + EESS,Gasolina Especial +,GASOLINA_ESPECIAL_MAS,"EST. DE SERV. ""DAYANA""",12000.0,VENTAS
2026-09-21,Cochabamba,GASOLINA ESPECIAL + EESS,Gasolina Especial +,GASOLINA_ESPECIAL_MAS,"EST. DE SERV. ""COMERCIALIZADORA QK S.R.L.""",10000.0,VENTAS
2026-09-21,Cochabamba,GASOLINA ESPECIAL + EESS,Gasolina Especial +,GASOLINA_ESPECIAL_MAS,"EST. DE SERV. ""COCHABAMBA""",14000.0,VENTAS
2026-09-21,Cochabamba,GASOLINA ESPECIAL + EESS,Gasolina Especial +,GASOLINA_ESPECIAL_MAS,"EST. DE SERV. ""COCHABAMBA S.R.L. SUC. 2""",12000.0,VENTAS
2026-09-21,Cochabamba,GASOLINA ESPECIAL + EESS,Gasolina Especial +,GASOLINA_ESPECIAL_MAS,COMERCIALIZADORA DE SERVICIOS LUBRISHOP S.R.L.,6000.0,VENTAS
2026-09-21,Cochabamba,GASOLINA ESPECIAL + EESS,Gasolina Especial +,GASOLINA_ESPECIAL_MAS,"EST. DE SERV. ""COCHABAMBA S.R.L. SUC. 1""",12000.0,VENTAS
2026-09-21,Cochabamba,GASOLINA ESPECIAL + EESS,Gasolina Especial +,GASOLINA_ESPECIAL_MAS,"EST. DE SERV. ""CITY TRUCK FH S.R.L.""",10000.0,VENTAS
2026-09-21,Cochabamba,GASOLINA ESPECIAL + EESS,Gasolina Especial +,GASOLINA_ESPECIAL_MAS,"EST. DE SERV. ""CIRCUITO BOLIVIA S.A.""",14000.0,VENTAS
2026-09-21,Cochabamba,GASOLINA ESPECIAL + EESS,Gasolina Especial +,GASOLINA_ESPECIAL_MAS,"EST. DE SERV. ""CHIMBOCO""",14000.0,VENTAS
2026-09-21,Cochabamba,GASOLINA ESPECIAL + EESS,Gasolina Especial +,GASOLINA_ESPECIAL_MAS,"EST. DE SERV. ""C.G.C. SRL""",10000.0,VENTAS
2026-09-21,Cochabamba,GASOLINA ESPECIAL + EESS,Gasolina Especial +,GASOLINA_ESPECIAL_MAS,"EST. DE SERV. ""AYACUCHO""",12000.0,VENTAS
2026-09-21,Cochabamba,GASOLINA ESPECIAL + EESS,Gasolina Especial +,GASOLINA_ESPECIAL_MAS,"EST. DE SERV. ""ARANJUEZ""",16000.0,VENTAS
2026-09-21,Cochabamba,GASOLINA ESPECIAL + EESS,Gasolina Especial +,GASOLINA_ESPECIAL_MAS,"EST. DE SERV. ""ARANI"" - ZULMA ROJAS",12000.0,VENTAS
2026-09-21,Cochabamba,GASOLINA ESPECIAL + EESS,Gasolina Especial +,GASOLINA_ESPECIAL_MAS,"EST. DE SERV. ""AEROPUERTO S.R.L.""",10000.0,VENTAS
2026-09-21,Cochabamba,GASOLINA ESPECIAL + EESS,Gasolina Especial +,GASOLINA_ESPECIAL_MAS,"EST. DE SERV. ""ADRIAN""",12000.0,VENTAS
2026-09-21,Cochabamba,GASOLINA ESPECIAL + EESS,Gasolina Especial +,GASOLINA_ESPECIAL_MAS,"EST. DE SERV. ""A.C.B. CARBURANTES SRL""",16000.0,VENTAS
2026-09-21,Cochabamba,GASOLINA ESPECIAL + EESS,Gasolina Especial +,GASOLINA_ESPECIAL_MAS,"EST. DE SERV. ""24 DE SEPTIEMBRE S.R.L.""",12000.0,VENTAS
2026-09-21,Cochabamba,GASOLINA ESPECIAL + EESS,Gasolina Especial +,GASOLINA_ESPECIAL_MAS,"EST. DE SERV. ""20 DE DICIEMBRE""",12000.0,VENTAS
2026-09-21,Cochabamba,GASOLINA ESPECIAL + EESS,Gasolina Especial +,GASOLINA_ESPECIAL_MAS,"EST. DE SERV. "" LAS PALMERAS S.R.L.""",10000.0,VENTAS
2026-09-21,Cochabamba,GASOLINA ESPECIAL + EESS,Gasolina Especial +,GASOLINA_ESPECIAL_MAS,CENTRO DE SERVICIOS VALLEPUNATA S.R.L.,10000.0,VENTAS
2026-09-21,Cochabamba,GLP DISTRIB. 45 KILOS NAL,GLP,GLP,DIST. GLP SOCIEDAD PETROLERA SANTA ELENA S.R.L.,3600.0,VENTAS
2026-09-21,Cochabamba,GLP DISTRIB. 45 KILOS NAL,GLP,GLP,DIST. GLP NUESTRO GAS-JONSON RICHARD LIMA FLORERO,1800.0,VENTAS
2026-09-21,Cochabamba,GLP DISTRIB. 45 KILOS NAL,GLP,GLP,CBA GAS S.A.,2250.0,VENTAS
2026-09-21,Cochabamba,GLP DISTRIB. 10 KILOS NAL,GLP,GLP,FERRO GAS - BERTHA CAMACHO RICALDEZ DE FERRUFINO,6000.0,VENTAS
2026-09-21,Cochabamba,GLP DISTRIB. 10 KILOS NAL,GLP,GLP,"DIST.GLP""VILOMA GAS"" E.ARANDIA",12000.0,VENTAS
2026-09-21,Cochabamba,GLP DISTRIB. 10 KILOS NAL,GLP,GLP,"DIST.GLP""NOE GAS""M.HINOJOSA R.",12000.0,VENTAS
2026-09-21,Cochabamba,GLP DISTRIB. 10 KILOS NAL,GLP,GLP,"DIST. PROV.GLP ""SIPE SIPE GAS""",12000.0,VENTAS
2026-09-21,Cochabamba,GLP DISTRIB. 10 KILOS NAL,GLP,GLP,"DIST. PROV. GLP ""PREMIUN GAS"" - EDUARDO ZENTENO E.",6000.0,VENTAS
2026-09-21,Cochabamba,GLP DISTRIB. 10 KILOS NAL,GLP,GLP,"DIST. PROV. GLP ""COTA GAS"" - NELSON OLMOS",6000.0,VENTAS
2026-09-21,Cochabamba,GLP DISTRIB. 10 KILOS NAL,GLP,GLP,"DIST. PROV. GLP ""COLOMI GAS""",6000.0,VENTAS
2026-09-21,Cochabamba,GLP DISTRIB. 10 KILOS NAL,GLP,GLP,"DIST. PROV. GLP ""ARANDIA GAS S.R.L.""",6000.0,VENTAS
2026-09-21,Cochabamba,GLP DISTRIB. 10 KILOS NAL,GLP,GLP,"DIST. GLP""SARCO GAS""M.FELIPEZ",18000.0,VENTAS
2026-09-21,Cochabamba,GLP DISTRIB. 10 KILOS NAL,GLP,GLP,DIST. GLP SOCIEDAD PETROLERA SANTA ELENA S.R.L.,24000.0,VENTAS
2026-09-21,Cochabamba,GLP DISTRIB. 10 KILOS NAL,GLP,GLP,DIST. GLP NUESTRO GAS-JONSON RICHARD LIMA FLORERO,24000.0,VENTAS
2026-09-21,Cochabamba,GLP DISTRIB. 10 KILOS NAL,GLP,GLP,"DIST. GLP ""EXTRA GAS"" - MARIO CORDOVA PINTO",18000.0,VENTAS
2026-09-21,Cochabamba,GLP DISTRIB. 10 KILOS NAL,GLP,GLP,"DIST. GLP ""EDMUNDO GAS"" - EDMUNDO QUIROZ TAPIA",6000.0,VENTAS
2026-09-21,Cochabamba,GLP DISTRIB. 10 KILOS NAL,GLP,GLP,"DIST. GLP ""DISBOGAS"" - JENNY PETRONA SALAMANCA VILLAFUERTE",6000.0,VENTAS
2026-09-21,Cochabamba,GLP DISTRIB. 10 KILOS NAL,GLP,GLP,"DIST. GLP ""CAPI GAS"" - GONZALO SOLIZ GUTIERREZ",6000.0,VENTAS
2026-09-21,Cochabamba,GLP DISTRIB. 10 KILOS NAL,GLP,GLP,"DIST. GLP ""BIO GAS"" - ANA MARIA ROMERO DE TORRICO",18000.0,VENTAS
2026-09-21,Cochabamba,GLP DISTRIB. 10 KILOS NAL,GLP,GLP,"DIST. GLP ""ADRIAZOL GAS""",6000.0,VENTAS
2026-09-21,Cochabamba,GLP DISTRIB. 10 KILOS NAL,GLP,GLP,"COOPERATIVA DE SERVICIOS DE DISTRIBUCION DE GAS LICUADO ""CANDELARIA"" R.L.",6000.0,VENTAS
2026-09-21,Cochabamba,GLP DISTRIB. 10 KILOS NAL,GLP,GLP,CBA GAS S.A.,18000.0,VENTAS
2026-09-21,Cochabamba,GLP DISTRIB. 10 KILOS NAL,GLP,GLP,A TODO GAS S.R.L.,18000.0,VENTAS
2026-09-21,Cochabamba,GLP DISTRIB. 10 KILOS NAL,GLP,GLP,E S VALLE HERMOSO,1500.0,TRANSFERENCIAS
2026-09-21,Cochabamba,GASOLINA ESPECIAL + EESS,Gasolina Especial +,GASOLINA_ESPECIAL_MAS,E S VALLE HERMOSO,30000.0,TRANSFERENCIAS
2026-09-21,Cochabamba,DIESEL OIL NACIONAL EESS,Diesel Oil Nacional,DIESEL_NACIONAL,E S CALA CALA,24000.0,TRANSFERENCIAS
2026-09-21,Cochabamba,GLP DISTRIB. 10 KILOS NAL,GLP,GLP,E S CALA CALA,1500.0,TRANSFERENCIAS
2026-09-21,Cochabamba,GASOLINA ESPECIAL + EESS,Gasolina Especial +,GASOLINA_ESPECIAL_MAS,E S CALA CALA,16000.0,TRANSFERENCIAS
2026-09-21,Cochabamba,GLP DISTRIB. 10 KILOS NAL,GLP,GLP,E S AMERICA,2000.0,TRANSFERENCIAS
2026-09-21,Cochabamba,GASOLINA ESPECIAL + EESS,Gasolina Especial +,GASOLINA_ESPECIAL_MAS,E S AMERICA,20000.0,TRANSFERENCIAS
2026-09-21,Cochabamba,GLP DISTRIB. 10 KILOS NAL,GLP,GLP,FERRO GAS - BERTHA CAMACHO RICALDEZ DE FERRUFINO,12000.0,VENTAS
2026-09-21,Cochabamba,GASOLINA ESPECIAL + EESS,Gasolina Especial +,GASOLINA_ESPECIAL_MAS,SURTIDOR DE GASOLINA Y DIESEL COLOMI,14000.0,VENTAS
2026-09-21,Cochabamba,GASOLINA ESPECIAL + EESS,Gasolina Especial +,GASOLINA_ESPECIAL_MAS,"EST. DE SERV. ""CHULLPANI"" - TORRICO AGUILAR JOSE M",18000.0,VENTAS
2026-09-21,Cochabamba,GASOLINA ESPECIAL + EESS,Gasolina Especial +,GASOLINA_ESPECIAL_MAS,"EST. DE SERV. ""CHINATA S.R.L.""",10000.0,VENTAS
2026-09-21,Cochabamba,DIESEL OIL NACIONAL EESS,Diesel Oil Nacional,DIESEL_NACIONAL,SURTIDOR DE GASOLINA Y DIESEL COLOMI,16000.0,VENTAS
2026-09-21,Cochabamba,DIESEL OIL NACIONAL EESS,Diesel Oil Nacional,DIESEL_NACIONAL,"EST. DE SERV. ""CHULLPANI"" - TORRICO AGUILAR JOSE M",16000.0,VENTAS
2026-09-21,Cochabamba,DIESEL OIL NACIONAL EESS,Diesel Oil Nacional,DIESEL_NACIONAL,"EST. DE SERV. ""CHINATA S.R.L.""",23000.0,VENTAS
2026-09-22,Cochabamba,GASOLINA ESPECIAL + EESS,Gasolina Especial +,GASOLINA_ESPECIAL_MAS,TERMINAL DE BUSES COCHABAMBA S.A.,10000.0,VENTAS
2026-09-22,Cochabamba,GASOLINA ESPECIAL + EESS,Gasolina Especial +,GASOLINA_ESPECIAL_MAS,PETROCEL S.R.L.,12000.0,VENTAS
2026-09-22,Cochabamba,GASOLINA ESPECIAL + EESS,Gasolina Especial +,GASOLINA_ESPECIAL_MAS,KHORA ESTACION DE SERVICIO - MEDRANO ARNEZ JAIME,6000.0,VENTAS
2026-09-22,Cochabamba,GASOLINA ESPECIAL + EESS,Gasolina Especial +,GASOLINA_ESPECIAL_MAS,IMBRANJO S.R.L.,14000.0,VENTAS
2026-09-22,Cochabamba,GASOLINA ESPECIAL + EESS,Gasolina Especial +,GASOLINA_ESPECIAL_MAS,FEDEX CHACO,3000.0,VENTAS
2026-09-22,Cochabamba,GASOLINA ESPECIAL + EESS,Gasolina Especial +,GASOLINA_ESPECIAL_MAS,ESTAGAS S.R.L.,10000.0,VENTAS
2026-09-22,Cochabamba,GASOLINA ESPECIAL + EESS,Gasolina Especial +,GASOLINA_ESPECIAL_MAS,ESTACIÓN DE SERVICIO VALLESANTIVAÑEZ S.R.L.,12000.0,VENTAS
2026-09-22,Cochabamba,GASOLINA ESPECIAL + EESS,Gasolina Especial +,GASOLINA_ESPECIAL_MAS,ESTACIÓN DE SERVICIO FRANQUITO,12000.0,VENTAS
2026-09-22,Cochabamba,GASOLINA ESPECIAL + EESS,Gasolina Especial +,GASOLINA_ESPECIAL_MAS,ESTACION DE SERVICIO VIRGEN DE LAS ANGUSTIAS S.R.L.,10000.0,VENTAS
2026-09-22,Cochabamba,GASOLINA ESPECIAL + EESS,Gasolina Especial +,GASOLINA_ESPECIAL_MAS,ESTACION DE SERVICIO TICTI S.R.L.,12000.0,VENTAS
2026-09-22,Cochabamba,GASOLINA ESPECIAL + EESS,Gasolina Especial +,GASOLINA_ESPECIAL_MAS,ESTACION DE SERVICIO PAPU S.R.L.,12000.0,VENTAS
2026-09-22,Cochabamba,GASOLINA ESPECIAL + EESS,Gasolina Especial +,GASOLINA_ESPECIAL_MAS,ESTACION DE SERVICIO OMEREQUE,12000.0,VENTAS
2026-09-22,Cochabamba,GASOLINA ESPECIAL + EESS,Gasolina Especial +,GASOLINA_ESPECIAL_MAS,ESTACION DE SERVICIO LOS LIBERTADORES S.R.L.,10000.0,VENTAS
2026-09-22,Cochabamba,GASOLINA ESPECIAL + EESS,Gasolina Especial +,GASOLINA_ESPECIAL_MAS,ESTACION DE SERVICIO LOS ALAMOS S.R.L.,14000.0,VENTAS
2026-09-22,Cochabamba,GASOLINA ESPECIAL + EESS,Gasolina Especial +,GASOLINA_ESPECIAL_MAS,ESTACION DE SERVICIO HIPODROMO S.R.L.,6000.0,VENTAS
2026-09-22,Cochabamba,GASOLINA ESPECIAL + EESS,Gasolina Especial +,GASOLINA_ESPECIAL_MAS,ESTACION DE SERVICIO CAPITAN VICTOR USTARIZ S.R.L.,12000.0,VENTAS
2026-09-22,Cochabamba,GASOLINA ESPECIAL + EESS,Gasolina Especial +,GASOLINA_ESPECIAL_MAS,ESTACION DE SERVICIO BEIJING S.R.L.,14000.0,VENTAS
2026-09-22,Cochabamba,GASOLINA ESPECIAL + EESS,Gasolina Especial +,GASOLINA_ESPECIAL_MAS,"EST. DE SERV. ""PETROGAS S.R.L.""",6000.0,VENTAS
2026-09-22,Cochabamba,GASOLINA ESPECIAL + EESS,Gasolina Especial +,GASOLINA_ESPECIAL_MAS,COMERCIALIZADORA DE SERVICIOS LUBRISHOP S.R.L.,6000.0,VENTAS
2026-09-22,Cochabamba,DIESEL OIL NACIONAL EESS,Diesel Oil Nacional,DIESEL_NACIONAL,TERMINAL DE BUSES COCHABAMBA S.A.,11000.0,VENTAS
2026-09-22,Cochabamba,DIESEL OIL NACIONAL EESS,Diesel Oil Nacional,DIESEL_NACIONAL,IMBRANJO S.R.L.,16000.0,VENTAS
2026-09-22,Cochabamba,DIESEL OIL NACIONAL EESS,Diesel Oil Nacional,DIESEL_NACIONAL,ESTACIÓN DE SERVICIO VALLESANTIVAÑEZ S.R.L.,10000.0,VENTAS
2026-09-22,Cochabamba,DIESEL OIL NACIONAL EESS,Diesel Oil Nacional,DIESEL_NACIONAL,ESTACIÓN DE SERVICIO FRANQUITO,10000.0,VENTAS
2026-09-22,Cochabamba,DIESEL OIL NACIONAL EESS,Diesel Oil Nacional,DIESEL_NACIONAL,ESTACION DE SERVICIO TICTI S.R.L.,12000.0,VENTAS
2026-09-22,Cochabamba,DIESEL OIL NACIONAL EESS,Diesel Oil Nacional,DIESEL_NACIONAL,ESTACION DE SERVICIO PAPU S.R.L.,10000.0,VENTAS
2026-09-22,Cochabamba,DIESEL OIL NACIONAL EESS,Diesel Oil Nacional,DIESEL_NACIONAL,ESTACION DE SERVICIO OMEREQUE,10000.0,VENTAS
2026-09-22,Cochabamba,DIESEL OIL NACIONAL EESS,Diesel Oil Nacional,DIESEL_NACIONAL,ESTACION DE SERVICIO LOS LIBERTADORES S.R.L.,7000.0,VENTAS
2026-09-22,Cochabamba,DIESEL OIL NACIONAL EESS,Diesel Oil Nacional,DIESEL_NACIONAL,ESTACION DE SERVICIO LOS ALAMOS S.R.L.,25000.0,VENTAS
2026-09-22,Cochabamba,DIESEL OIL NACIONAL EESS,Diesel Oil Nacional,DIESEL_NACIONAL,ESTACION DE SERVICIO BEIJING S.R.L.,11000.0,VENTAS
2026-09-22,Cochabamba,DIESEL OIL NACIONAL EESS,Diesel Oil Nacional,DIESEL_NACIONAL,ESTACION DE SERVICIO ANITA,16000.0,VENTAS
2026-09-22,Cochabamba,DIESEL OIL NACIONAL EESS,Diesel Oil Nacional,DIESEL_NACIONAL,COMERCIALIZADORA DE SERVICIOS LUBRISHOP S.R.L.,6000.0,VENTAS
2026-09-22,Cochabamba,GASOLINA ESPECIAL + EESS,Gasolina Especial +,GASOLINA_ESPECIAL_MAS,ESTACION DE SERVICIO ANITA,16000.0,VENTAS
2026-09-22,Cochabamba,GASOLINA ESPECIAL + EESS,Gasolina Especial +,GASOLINA_ESPECIAL_MAS,"ESTACION DE SERVICIO ""LOS LAURELES"" - DIEGO M. DELGADILLO ANTEZANA",10000.0,VENTAS
2026-09-22,Cochabamba,GASOLINA ESPECIAL + EESS,Gasolina Especial +,GASOLINA_ESPECIAL_MAS,"EST. DE SERV. ""VILLA OBRAJES""",10000.0,VENTAS
2026-09-22,Cochabamba,GASOLINA ESPECIAL + EESS,Gasolina Especial +,GASOLINA_ESPECIAL_MAS,"EST. DE SERV. ""URKUPINA"" - ALBERTO OPORTO",10000.0,VENTAS
2026-09-22,Cochabamba,GASOLINA ESPECIAL + EESS,Gasolina Especial +,GASOLINA_ESPECIAL_MAS,"EST. DE SERV. ""URKUPINA I""- ALBERTO OPORTO L.",12000.0,VENTAS
2026-09-22,Cochabamba,GASOLINA ESPECIAL + EESS,Gasolina Especial +,GASOLINA_ESPECIAL_MAS,"EST. DE SERV. ""TRANS SACABA S.A. II""",10000.0,VENTAS
2026-09-22,Cochabamba,GASOLINA ESPECIAL + EESS,Gasolina Especial +,GASOLINA_ESPECIAL_MAS,"EST. DE SERV. ""TIRAQUE""",12000.0,VENTAS
2026-09-22,Cochabamba,GASOLINA ESPECIAL + EESS,Gasolina Especial +,GASOLINA_ESPECIAL_MAS,"EST. DE SERV. ""TIQUIPAYA"" - VENICIA ALANEZ JIMENES",6000.0,VENTAS
2026-09-22,Cochabamba,DIESEL OIL NACIONAL EESS,Diesel Oil Nacional,DIESEL_NACIONAL,"EST. DE SERV. ""VILLA OBRAJES""",16000.0,VENTAS
2026-09-22,Cochabamba,DIESEL OIL NACIONAL EESS,Diesel Oil Nacional,DIESEL_NACIONAL,"EST. DE SERV. ""URKUPINA"" - ALBERTO OPORTO",12000.0,VENTAS
2026-09-22,Cochabamba,DIESEL OIL NACIONAL EESS,Diesel Oil Nacional,DIESEL_NACIONAL,"EST. DE SERV. ""URKUPINA I""- ALBERTO OPORTO L.",5000.0,VENTAS
2026-09-22,Cochabamba,DIESEL OIL NACIONAL EESS,Diesel Oil Nacional,DIESEL_NACIONAL,"EST. DE SERV. ""TRANS SACABA S.A.""",11000.0,VENTAS
2026-09-22,Cochabamba,DIESEL OIL NACIONAL EESS,Diesel Oil Nacional,DIESEL_NACIONAL,"EST. DE SERV. ""TRANS SACABA S.A. II""",14000.0,VENTAS
2026-09-22,Cochabamba,DIESEL OIL NACIONAL EESS,Diesel Oil Nacional,DIESEL_NACIONAL,"EST. DE SERV. ""TIRAQUE""",10000.0,VENTAS
2026-09-22,Cochabamba,DIESEL OIL NACIONAL EESS,Diesel Oil Nacional,DIESEL_NACIONAL,"EST. DE SERV. ""TIQUIPAYA"" - VENICIA ALANEZ JIMENES",6000.0,VENTAS
2026-09-22,Cochabamba,DIESEL OIL NACIONAL EESS,Diesel Oil Nacional,DIESEL_NACIONAL,"EST. DE SERV. ""SUTICOLLO""",18000.0,VENTAS
2026-09-22,Cochabamba,DIESEL OIL NACIONAL EESS,Diesel Oil Nacional,DIESEL_NACIONAL,"EST. DE SERV. ""SIPE SIPE S.R.L.""",26000.0,VENTAS
2026-09-22,Cochabamba,GASOLINA ESPECIAL + EESS,Gasolina Especial +,GASOLINA_ESPECIAL_MAS,"EST. DE SERV. ""SIPE SIPE S.R.L.""",14000.0,VENTAS
2026-09-22,Cochabamba,GASOLINA ESPECIAL + EESS,Gasolina Especial +,GASOLINA_ESPECIAL_MAS,"EST. DE SERV. ""SENOR SANTIAGO"" - E. DELGADILLO",10000.0,VENTAS
2026-09-22,Cochabamba,GASOLINA ESPECIAL + EESS,Gasolina Especial +,GASOLINA_ESPECIAL_MAS,"EST. DE SERV. ""SENOR SANTIAGO SUC. 1"" - E. DELGADILLO",10000.0,VENTAS
2026-09-22,Cochabamba,GASOLINA ESPECIAL + EESS,Gasolina Especial +,GASOLINA_ESPECIAL_MAS,"EST. DE SERV. ""SANTA MONICA"" S.R.L.",10000.0,VENTAS
2026-09-22,Cochabamba,GASOLINA ESPECIAL + EESS,Gasolina Especial +,GASOLINA_ESPECIAL_MAS,"EST. DE SERV. ""SAN JUAN BAUTISTA S.R.L.""",12000.0,VENTAS
2026-09-22,Cochabamba,GASOLINA ESPECIAL + EESS,Gasolina Especial +,GASOLINA_ESPECIAL_MAS,"EST. DE SERV. ""SAN JORGE CBBA S.R.L.""",14000.0,VENTAS
2026-09-22,Cochabamba,GASOLINA ESPECIAL + EESS,Gasolina Especial +,GASOLINA_ESPECIAL_MAS,"EST. DE SERV. ""RIOJA""",8000.0,VENTAS
2026-09-22,Cochabamba,GASOLINA ESPECIAL + EESS,Gasolina Especial +,GASOLINA_ESPECIAL_MAS,"EST. DE SERV. ""REFINERIA""- SIMON RODRIGO FERRUFINO",6000.0,VENTAS
2026-09-22,Cochabamba,GASOLINA ESPECIAL + EESS,Gasolina Especial +,GASOLINA_ESPECIAL_MAS,"EST. DE SERV. ""PORTALEZ S.R.L.""",18000.0,VENTAS
2026-09-22,Cochabamba,GASOLINA ESPECIAL + EESS,Gasolina Especial +,GASOLINA_ESPECIAL_MAS,"EST. DE SERV. ""PAREDES VALLEJOS"" - JHONNY MILTON PAREDES VALLEJOS",10000.0,VENTAS
2026-09-22,Cochabamba,GASOLINA ESPECIAL + EESS,Gasolina Especial +,GASOLINA_ESPECIAL_MAS,"EST. DE SERV. ""PARAJE 24.7 SRL""",12000.0,VENTAS
2026-09-22,Cochabamba,GASOLINA ESPECIAL + EESS,Gasolina Especial +,GASOLINA_ESPECIAL_MAS,"EST. DE SERV. ""PARAJE 24.7 SRL SUC. 1""",10000.0,VENTAS
2026-09-22,Cochabamba,GASOLINA ESPECIAL + EESS,Gasolina Especial +,GASOLINA_ESPECIAL_MAS,"EST. DE SERV. ""PANAMERICANA"" SUCURSAL COCHABAMBA",10000.0,VENTAS
2026-09-22,Cochabamba,GASOLINA ESPECIAL + EESS,Gasolina Especial +,GASOLINA_ESPECIAL_MAS,"EST. DE SERV. ""NISSAN"" - SIMON FERRUFINO",8000.0,VENTAS
2026-09-22,Cochabamba,GASOLINA ESPECIAL + EESS,Gasolina Especial +,GASOLINA_ESPECIAL_MAS,"EST. DE SERV. ""MONTERREY S.R.L.""",10000.0,VENTAS
2026-09-22,Cochabamba,GASOLINA ESPECIAL + EESS,Gasolina Especial +,GASOLINA_ESPECIAL_MAS,"EST. DE SERV. ""MIZQUE"" - DIOGENES MONTENEGRO P.",6000.0,VENTAS
2026-09-22,Cochabamba,GASOLINA ESPECIAL + EESS,Gasolina Especial +,GASOLINA_ESPECIAL_MAS,"EST. DE SERV. ""MAX MAMANGUENO"" - E. MELGAREJO",6000.0,VENTAS
2026-09-22,Cochabamba,DIESEL OIL NACIONAL EESS,Diesel Oil Nacional,DIESEL_NACIONAL,"EST. DE SERV. ""SENOR SANTIAGO"" - E. DELGADILLO",7000.0,VENTAS
2026-09-22,Cochabamba,DIESEL OIL NACIONAL EESS,Diesel Oil Nacional,DIESEL_NACIONAL,"EST. DE SERV. ""SANTA MONICA"" S.R.L.",7000.0,VENTAS
2026-09-22,Cochabamba,DIESEL OIL NACIONAL EESS,Diesel Oil Nacional,DIESEL_NACIONAL,"EST. DE SERV. ""SAN JUAN BAUTISTA S.R.L.""",10000.0,VENTAS
2026-09-22,Cochabamba,DIESEL OIL NACIONAL EESS,Diesel Oil Nacional,DIESEL_NACIONAL,"EST. DE SERV. ""SAN JORGE CBBA S.R.L.""",25000.0,VENTAS
2026-09-22,Cochabamba,DIESEL OIL NACIONAL EESS,Diesel Oil Nacional,DIESEL_NACIONAL,"EST. DE SERV. ""RIOJA""",8000.0,VENTAS
2026-09-22,Cochabamba,DIESEL OIL NACIONAL EESS,Diesel Oil Nacional,DIESEL_NACIONAL,"EST. DE SERV. ""REFINERIA""- SIMON RODRIGO FERRUFINO",5000.0,VENTAS
2026-09-22,Cochabamba,DIESEL OIL NACIONAL EESS,Diesel Oil Nacional,DIESEL_NACIONAL,"EST. DE SERV. ""PETROGAS S.R.L.""",11000.0,VENTAS
2026-09-22,Cochabamba,DIESEL OIL NACIONAL EESS,Diesel Oil Nacional,DIESEL_NACIONAL,"EST. DE SERV. ""PAROTANI""",23000.0,VENTAS
2026-09-22,Cochabamba,DIESEL OIL NACIONAL EESS,Diesel Oil Nacional,DIESEL_NACIONAL,"EST. DE SERV. ""PAREDES VALLEJOS"" - JHONNY MILTON PAREDES VALLEJOS",10000.0,VENTAS
2026-09-22,Cochabamba,DIESEL OIL NACIONAL EESS,Diesel Oil Nacional,DIESEL_NACIONAL,"EST. DE SERV. ""PARAJE 24.7 SRL""",18000.0,VENTAS
2026-09-22,Cochabamba,DIESEL OIL NACIONAL EESS,Diesel Oil Nacional,DIESEL_NACIONAL,"EST. DE SERV. ""PARAJE 24.7 SRL SUC. 1""",8000.0,VENTAS
2026-09-22,Cochabamba,DIESEL OIL NACIONAL EESS,Diesel Oil Nacional,DIESEL_NACIONAL,"EST. DE SERV. ""NISSAN"" - SIMON FERRUFINO",6000.0,VENTAS
2026-09-22,Cochabamba,DIESEL OIL NACIONAL EESS,Diesel Oil Nacional,DIESEL_NACIONAL,"EST. DE SERV. ""MONTERREY S.R.L.""",20000.0,VENTAS
2026-09-22,Cochabamba,DIESEL OIL NACIONAL EESS,Diesel Oil Nacional,DIESEL_NACIONAL,"EST. DE SERV. ""MIZQUE"" - DIOGENES MONTENEGRO P.",6000.0,VENTAS
2026-09-22,Cochabamba,DIESEL OIL NACIONAL EESS,Diesel Oil Nacional,DIESEL_NACIONAL,"EST. DE SERV. ""MAX MAMANGUENO"" - E. MELGAREJO",7000.0,VENTAS
2026-09-22,Cochabamba,GASOLINA ESPECIAL + EESS,Gasolina Especial +,GASOLINA_ESPECIAL_MAS,"EST. DE SERV. ""LOS ALPES""-BERTHA CAMACHO RICALDEZ",12000.0,VENTAS
2026-09-22,Cochabamba,GASOLINA ESPECIAL + EESS,Gasolina Especial +,GASOLINA_ESPECIAL_MAS,"EST. DE SERV. ""LORETO"" SUC. 1",10000.0,VENTAS
2026-09-22,Cochabamba,GASOLINA ESPECIAL + EESS,Gasolina Especial +,GASOLINA_ESPECIAL_MAS,"EST. DE SERV. ""LA PATRIA S.R.L.""",6000.0,VENTAS
2026-09-22,Cochabamba,GASOLINA ESPECIAL + EESS,Gasolina Especial +,GASOLINA_ESPECIAL_MAS,"EST. DE SERV. ""ISABEL CHAVEZ""",12000.0,VENTAS
2026-09-22,Cochabamba,GASOLINA ESPECIAL + EESS,Gasolina Especial +,GASOLINA_ESPECIAL_MAS,"EST. DE SERV. ""IQUIRCOLLO S.R.L.""",16000.0,VENTAS
2026-09-22,Cochabamba,GASOLINA ESPECIAL + EESS,Gasolina Especial +,GASOLINA_ESPECIAL_MAS,"EST. DE SERV. ""IQUIRCOLLO S.R.L. SUC. 1""",14000.0,VENTAS
2026-09-22,Cochabamba,GASOLINA ESPECIAL + EESS,Gasolina Especial +,GASOLINA_ESPECIAL_MAS,"EST. DE SERV. ""INVERSIONES VALLESUR S.A.""",12000.0,VENTAS
2026-09-22,Cochabamba,GASOLINA ESPECIAL + EESS,Gasolina Especial +,GASOLINA_ESPECIAL_MAS,"EST. DE SERV. ""GUADELOUPE GROUP S.R.L.""",10000.0,VENTAS
2026-09-22,Cochabamba,GASOLINA ESPECIAL + EESS,Gasolina Especial +,GASOLINA_ESPECIAL_MAS,"EST. DE SERV. ""GASNOR S.R.L.""",8000.0,VENTAS
2026-09-22,Cochabamba,GASOLINA ESPECIAL + EESS,Gasolina Especial +,GASOLINA_ESPECIAL_MAS,"EST. DE SERV. ""FORTALEZA ENERGY S.R.L.""",6000.0,VENTAS
2026-09-22,Cochabamba,GASOLINA ESPECIAL + EESS,Gasolina Especial +,GASOLINA_ESPECIAL_MAS,"EST. DE SERV. ""EQGAS"" S.R.L.",8000.0,VENTAS
2026-09-22,Cochabamba,DIESEL OIL NACIONAL EESS,Diesel Oil Nacional,DIESEL_NACIONAL,"EST. DE SERV. ""LOS ALPES""-BERTHA CAMACHO RICALDEZ",7000.0,VENTAS
2026-09-22,Cochabamba,DIESEL OIL NACIONAL EESS,Diesel Oil Nacional,DIESEL_NACIONAL,"EST. DE SERV. ""LORETO"" SUC. 1",11000.0,VENTAS
2026-09-22,Cochabamba,DIESEL OIL NACIONAL EESS,Diesel Oil Nacional,DIESEL_NACIONAL,"EST. DE SERV. ""LA MERCED S.R.L.""",8000.0,VENTAS
2026-09-22,Cochabamba,DIESEL OIL NACIONAL EESS,Diesel Oil Nacional,DIESEL_NACIONAL,"EST. DE SERV. ""ITAPAYA"" - ALBERTO AMURRIO F.",10000.0,VENTAS
2026-09-22,Cochabamba,DIESEL OIL NACIONAL EESS,Diesel Oil Nacional,DIESEL_NACIONAL,"EST. DE SERV. ""ISABEL CHAVEZ""",8000.0,VENTAS
2026-09-22,Cochabamba,DIESEL OIL NACIONAL EESS,Diesel Oil Nacional,DIESEL_NACIONAL,"EST. DE SERV. ""IQUIRCOLLO S.R.L.""",25000.0,VENTAS
2026-09-22,Cochabamba,DIESEL OIL NACIONAL EESS,Diesel Oil Nacional,DIESEL_NACIONAL,"EST. DE SERV. ""INVERSIONES VALLESUR S.A.""",10000.0,VENTAS
2026-09-22,Cochabamba,DIESEL OIL NACIONAL EESS,Diesel Oil Nacional,DIESEL_NACIONAL,"EST. DE SERV. ""GASNOR S.R.L.""",6000.0,VENTAS
2026-09-22,Cochabamba,DIESEL OIL NACIONAL EESS,Diesel Oil Nacional,DIESEL_NACIONAL,"EST. DE SERV. ""FORTALEZA ENERGY S.R.L.""",6000.0,VENTAS
2026-09-22,Cochabamba,DIESEL OIL NACIONAL EESS,Diesel Oil Nacional,DIESEL_NACIONAL,"EST. DE SERV. ""EQGAS"" S.R.L.",7000.0,VENTAS
2026-09-22,Cochabamba,DIESEL OIL NACIONAL EESS,Diesel Oil Nacional,DIESEL_NACIONAL,"EST. DE SERV. ""EPIZANA""",10000.0,VENTAS
2026-09-22,Cochabamba,DIESEL OIL NACIONAL EESS,Diesel Oil Nacional,DIESEL_NACIONAL,"EST. DE SERV. ""EL VIAJERO SRL""",20000.0,VENTAS
2026-09-22,Cochabamba,GASOLINA ESPECIAL + EESS,Gasolina Especial +,GASOLINA_ESPECIAL_MAS,"EST. DE SERV. ""EPIZANA""",12000.0,VENTAS
2026-09-22,Cochabamba,GASOLINA ESPECIAL + EESS,Gasolina Especial +,GASOLINA_ESPECIAL_MAS,"EST. DE SERV. ""EL MANANTIAL SUC. 2""",12000.0,VENTAS
2026-09-22,Cochabamba,GASOLINA ESPECIAL + EESS,Gasolina Especial +,GASOLINA_ESPECIAL_MAS,"EST. DE SERV. ""EL MANANTIAL SUC. 1""",10000.0,VENTAS
2026-09-22,Cochabamba,GASOLINA ESPECIAL + EESS,Gasolina Especial +,GASOLINA_ESPECIAL_MAS,"EST. DE SERV. ""EL MANANTIAL SRL""",10000.0,VENTAS
2026-09-22,Cochabamba,GASOLINA ESPECIAL + EESS,Gasolina Especial +,GASOLINA_ESPECIAL_MAS,"EST. DE SERV. ""EL CRISTO"" - CRISTIAN SABAG",28000.0,VENTAS
2026-09-22,Cochabamba,GASOLINA ESPECIAL + EESS,Gasolina Especial +,GASOLINA_ESPECIAL_MAS,"EST. DE SERV. ""DORBIGNI""",12000.0,VENTAS
2026-09-22,Cochabamba,GASOLINA ESPECIAL + EESS,Gasolina Especial +,GASOLINA_ESPECIAL_MAS,"EST. DE SERV. ""DISEL S.R.L.""",8000.0,VENTAS
2026-09-22,Cochabamba,GASOLINA ESPECIAL + EESS,Gasolina Especial +,GASOLINA_ESPECIAL_MAS,"EST. DE SERV. ""DISEL S.R.L. I""",8000.0,VENTAS
2026-09-22,Cochabamba,GASOLINA ESPECIAL + EESS,Gasolina Especial +,GASOLINA_ESPECIAL_MAS,"EST. DE SERV. ""DELAASUNCION-AMERICA S.R.L.""",12000.0,VENTAS
2026-09-22,Cochabamba,GASOLINA ESPECIAL + EESS,Gasolina Especial +,GASOLINA_ESPECIAL_MAS,"EST. DE SERV. ""DAYANA""",12000.0,VENTAS
2026-09-22,Cochabamba,GASOLINA ESPECIAL + EESS,Gasolina Especial +,GASOLINA_ESPECIAL_MAS,"EST. DE SERV. ""COMERCIALIZADORA QK S.R.L.""",10000.0,VENTAS
2026-09-22,Cochabamba,GASOLINA ESPECIAL + EESS,Gasolina Especial +,GASOLINA_ESPECIAL_MAS,"EST. DE SERV. ""COCHABAMBA""",14000.0,VENTAS
2026-09-22,Cochabamba,GASOLINA ESPECIAL + EESS,Gasolina Especial +,GASOLINA_ESPECIAL_MAS,"EST. DE SERV. ""COCHABAMBA S.R.L. SUC. 2""",12000.0,VENTAS
2026-09-22,Cochabamba,GASOLINA ESPECIAL + EESS,Gasolina Especial +,GASOLINA_ESPECIAL_MAS,"EST. DE SERV. ""COCHABAMBA S.R.L. SUC. 1""",12000.0,VENTAS
2026-09-22,Cochabamba,DIESEL OIL NACIONAL EESS,Diesel Oil Nacional,DIESEL_NACIONAL,"EST. DE SERV. ""EL MANANTIAL SRL""",6000.0,VENTAS
2026-09-22,Cochabamba,DIESEL OIL NACIONAL EESS,Diesel Oil Nacional,DIESEL_NACIONAL,"EST. DE SERV. ""EL CRISTO"" - CRISTIAN SABAG",7000.0,VENTAS
2026-09-22,Cochabamba,DIESEL OIL NACIONAL EESS,Diesel Oil Nacional,DIESEL_NACIONAL,"EST. DE SERV. ""DISEL S.R.L.""",23000.0,VENTAS
2026-09-22,Cochabamba,DIESEL OIL NACIONAL EESS,Diesel Oil Nacional,DIESEL_NACIONAL,"EST. DE SERV. ""DISEL S.R.L. I""",26000.0,VENTAS
2026-09-22,Cochabamba,DIESEL OIL NACIONAL EESS,Diesel Oil Nacional,DIESEL_NACIONAL,"EST. DE SERV. ""DAYANA""",10000.0,VENTAS
2026-09-22,Cochabamba,DIESEL OIL NACIONAL EESS,Diesel Oil Nacional,DIESEL_NACIONAL,"EST. DE SERV. ""COMERCIALIZADORA QK S.R.L.""",8000.0,VENTAS
2026-09-22,Cochabamba,DIESEL OIL NACIONAL EESS,Diesel Oil Nacional,DIESEL_NACIONAL,"EST. DE SERV. ""COCHABAMBA""",26000.0,VENTAS
2026-09-22,Cochabamba,DIESEL OIL NACIONAL EESS,Diesel Oil Nacional,DIESEL_NACIONAL,"EST. DE SERV. ""COCHABAMBA S.R.L. SUC. 1""",11000.0,VENTAS
2026-09-22,Cochabamba,GASOLINA ESPECIAL + EESS,Gasolina Especial +,GASOLINA_ESPECIAL_MAS,"EST. DE SERV. ""CITY TRUCK FH S.R.L.""",10000.0,VENTAS
2026-09-22,Cochabamba,GASOLINA ESPECIAL + EESS,Gasolina Especial +,GASOLINA_ESPECIAL_MAS,"EST. DE SERV. ""CIRCUITO BOLIVIA S.A.""",14000.0,VENTAS
2026-09-22,Cochabamba,GASOLINA ESPECIAL + EESS,Gasolina Especial +,GASOLINA_ESPECIAL_MAS,"EST. DE SERV. ""CHULLPANI"" - TORRICO AGUILAR JOSE M",17000.0,VENTAS
2026-09-22,Cochabamba,GASOLINA ESPECIAL + EESS,Gasolina Especial +,GASOLINA_ESPECIAL_MAS,"EST. DE SERV. ""CHINATA S.R.L.""",10000.0,VENTAS
2026-09-22,Cochabamba,GASOLINA ESPECIAL + EESS,Gasolina Especial +,GASOLINA_ESPECIAL_MAS,"EST. DE SERV. ""CHIMBOCO""",14000.0,VENTAS
2026-09-22,Cochabamba,DIESEL OIL NACIONAL EESS,Diesel Oil Nacional,DIESEL_NACIONAL,"EST. DE SERV. ""CITY TRUCK FH S.R.L.""",15000.0,VENTAS
2026-09-22,Cochabamba,DIESEL OIL NACIONAL EESS,Diesel Oil Nacional,DIESEL_NACIONAL,"EST. DE SERV. ""CIRCUITO BOLIVIA S.A.""",7000.0,VENTAS
2026-09-22,Cochabamba,DIESEL OIL NACIONAL EESS,Diesel Oil Nacional,DIESEL_NACIONAL,"EST. DE SERV. ""CHULLPANI"" - TORRICO AGUILAR JOSE M",11000.0,VENTAS
2026-09-22,Cochabamba,DIESEL OIL NACIONAL EESS,Diesel Oil Nacional,DIESEL_NACIONAL,"EST. DE SERV. ""CHINATA S.R.L.""",16000.0,VENTAS
2026-09-22,Cochabamba,DIESEL OIL NACIONAL EESS,Diesel Oil Nacional,DIESEL_NACIONAL,"EST. DE SERV. ""CHIMBOCO""",18000.0,VENTAS
2026-09-22,Cochabamba,GASOLINA ESPECIAL + EESS,Gasolina Especial +,GASOLINA_ESPECIAL_MAS,"EST. DE SERV. ""C.G.C. SRL""",10000.0,VENTAS
2026-09-22,Cochabamba,GASOLINA ESPECIAL + EESS,Gasolina Especial +,GASOLINA_ESPECIAL_MAS,"EST. DE SERV. ""AYACUCHO""",12000.0,VENTAS
2026-09-22,Cochabamba,GASOLINA ESPECIAL + EESS,Gasolina Especial +,GASOLINA_ESPECIAL_MAS,"EST. DE SERV. ""ARISPE""",12000.0,VENTAS
2026-09-22,Cochabamba,GASOLINA ESPECIAL + EESS,Gasolina Especial +,GASOLINA_ESPECIAL_MAS,"EST. DE SERV. ""ARANJUEZ""",16000.0,VENTAS
2026-09-22,Cochabamba,GASOLINA ESPECIAL + EESS,Gasolina Especial +,GASOLINA_ESPECIAL_MAS,"EST. DE SERV. ""AEROPUERTO S.R.L.""",10000.0,VENTAS
2026-09-22,Cochabamba,GASOLINA ESPECIAL + EESS,Gasolina Especial +,GASOLINA_ESPECIAL_MAS,"EST. DE SERV. ""A.C.B. CARBURANTES SRL""",16000.0,VENTAS
2026-09-22,Cochabamba,GASOLINA ESPECIAL + EESS,Gasolina Especial +,GASOLINA_ESPECIAL_MAS,"EST. DE SERV. ""20 DE DICIEMBRE""",12000.0,VENTAS
2026-09-22,Cochabamba,GASOLINA ESPECIAL + EESS,Gasolina Especial +,GASOLINA_ESPECIAL_MAS,"EST. DE SERV. "" LAS PALMERAS S.R.L.""",10000.0,VENTAS
2026-09-22,Cochabamba,GASOLINA ESPECIAL + EESS,Gasolina Especial +,GASOLINA_ESPECIAL_MAS,CENTRO DE SERVICIOS VALLEPUNATA S.R.L.,9000.0,VENTAS
2026-09-22,Cochabamba,DIESEL OIL NACIONAL EESS,Diesel Oil Nacional,DIESEL_NACIONAL,"EST. DE SERV. ""C.G.C. SRL""",23000.0,VENTAS
2026-09-22,Cochabamba,DIESEL OIL NACIONAL EESS,Diesel Oil Nacional,DIESEL_NACIONAL,"EST. DE SERV. ""ARISPE""",10000.0,VENTAS
2026-09-22,Cochabamba,DIESEL OIL NACIONAL EESS,Diesel Oil Nacional,DIESEL_NACIONAL,"EST. DE SERV. ""AEROPUERTO S.R.L.""",10000.0,VENTAS
2026-09-22,Cochabamba,DIESEL OIL NACIONAL EESS,Diesel Oil Nacional,DIESEL_NACIONAL,CENTRO DE SERVICIOS VALLEPUNATA S.R.L.,6000.0,VENTAS
2026-09-22,Cochabamba,GLP DISTRIB. 45 KILOS NAL,GLP,GLP,DIST. GLP SOCIEDAD PETROLERA SANTA ELENA S.R.L.,3600.0,VENTAS
2026-09-22,Cochabamba,GLP DISTRIB. 45 KILOS NAL,GLP,GLP,DIST. GLP NUESTRO GAS-JONSON RICHARD LIMA FLORERO,1800.0,VENTAS
2026-09-22,Cochabamba,GLP DISTRIB. 10 KILOS NAL,GLP,GLP,FERRO GAS - BERTHA CAMACHO RICALDEZ DE FERRUFINO,12000.0,VENTAS
2026-09-22,Cochabamba,GLP DISTRIB. 10 KILOS NAL,GLP,GLP,"DIST.GLP""VILOMA GAS"" E.ARANDIA",12000.0,VENTAS
2026-09-22,Cochabamba,GLP DISTRIB. 10 KILOS NAL,GLP,GLP,"DIST.GLP""NOE GAS""M.HINOJOSA R.",12000.0,VENTAS
2026-09-22,Cochabamba,GLP DISTRIB. 10 KILOS NAL,GLP,GLP,"DIST. PROV.GLP ""SIPE SIPE GAS""",12000.0,VENTAS
2026-09-22,Cochabamba,GLP DISTRIB. 10 KILOS NAL,GLP,GLP,"DIST. PROV. GLP ""PREMIUN GAS"" - EDUARDO ZENTENO E.",6000.0,VENTAS
2026-09-22,Cochabamba,GLP DISTRIB. 10 KILOS NAL,GLP,GLP,"DIST. PROV. GLP ""COTA GAS"" - NELSON OLMOS",6000.0,VENTAS
2026-09-22,Cochabamba,GLP DISTRIB. 10 KILOS NAL,GLP,GLP,"DIST. PROV. GLP ""COLOMI GAS""",6000.0,VENTAS
2026-09-22,Cochabamba,GLP DISTRIB. 10 KILOS NAL,GLP,GLP,"DIST. PROV. GLP ""ARANDIA GAS S.R.L.""",6000.0,VENTAS
2026-09-22,Cochabamba,GLP DISTRIB. 10 KILOS NAL,GLP,GLP,"DIST. GLP""SARCO GAS""M.FELIPEZ",18000.0,VENTAS
2026-09-22,Cochabamba,GLP DISTRIB. 10 KILOS NAL,GLP,GLP,DIST. GLP SOCIEDAD PETROLERA SANTA ELENA S.R.L.,24000.0,VENTAS
2026-09-22,Cochabamba,GLP DISTRIB. 10 KILOS NAL,GLP,GLP,DIST. GLP NUESTRO GAS-JONSON RICHARD LIMA FLORERO,18000.0,VENTAS
2026-09-22,Cochabamba,GLP DISTRIB. 10 KILOS NAL,GLP,GLP,"DIST. GLP ""SANTIVANEZ GAS"" - JUVENAL ZENTENO ESPINOZA",6000.0,VENTAS
2026-09-22,Cochabamba,GLP DISTRIB. 10 KILOS NAL,GLP,GLP,"DIST. GLP ""EXTRA GAS"" - MARIO CORDOVA PINTO",18000.0,VENTAS
2026-09-22,Cochabamba,GLP DISTRIB. 10 KILOS NAL,GLP,GLP,"DIST. GLP ""EDMUNDO GAS"" - EDMUNDO QUIROZ TAPIA",6000.0,VENTAS
2026-09-22,Cochabamba,GLP DISTRIB. 10 KILOS NAL,GLP,GLP,"DIST. GLP ""DISBOGAS"" - JENNY PETRONA SALAMANCA VILLAFUERTE",6000.0,VENTAS
2026-09-22,Cochabamba,GLP DISTRIB. 10 KILOS NAL,GLP,GLP,"DIST. GLP ""CAPI GAS"" - GONZALO SOLIZ GUTIERREZ",6000.0,VENTAS
2026-09-22,Cochabamba,GLP DISTRIB. 10 KILOS NAL,GLP,GLP,"DIST. GLP ""BIO GAS"" - ANA MARIA ROMERO DE TORRICO",18000.0,VENTAS
2026-09-22,Cochabamba,GLP DISTRIB. 10 KILOS NAL,GLP,GLP,"DIST. GLP ""ADRIAZOL GAS""",6000.0,VENTAS
2026-09-22,Cochabamba,GLP DISTRIB. 10 KILOS NAL,GLP,GLP,"COOPERATIVA DE SERVICIOS DE DISTRIBUCION DE GAS LICUADO ""CANDELARIA"" R.L.",6000.0,VENTAS
2026-09-22,Cochabamba,GLP DISTRIB. 10 KILOS NAL,GLP,GLP,CBA GAS S.A.,18000.0,VENTAS
2026-09-22,Cochabamba,GLP DISTRIB. 10 KILOS NAL,GLP,GLP,A TODO GAS S.R.L.,18000.0,VENTAS
2026-09-22,Cochabamba,DIESEL OIL NACIONAL CF,Diesel Oil Nacional,DIESEL_NACIONAL,EMPRESA CONSTRUCTORA APOLO LTDA.,9900.0,VENTAS
2026-09-22,Cochabamba,GLP DISTRIB. 10 KILOS NAL,GLP,GLP,E S VALLE HERMOSO,1500.0,TRANSFERENCIAS
2026-09-22,Cochabamba,GASOLINA ESPECIAL + EESS,Gasolina Especial +,GASOLINA_ESPECIAL_MAS,E S VALLE HERMOSO,24000.0,TRANSFERENCIAS
2026-09-22,Cochabamba,DIESEL OIL NACIONAL EESS,Diesel Oil Nacional,DIESEL_NACIONAL,E S CALA CALA,24000.0,TRANSFERENCIAS
2026-09-22,Cochabamba,GLP DISTRIB. 10 KILOS NAL,GLP,GLP,E S CALA CALA,1500.0,TRANSFERENCIAS
2026-09-22,Cochabamba,GASOLINA ESPECIAL + EESS,Gasolina Especial +,GASOLINA_ESPECIAL_MAS,E S CALA CALA,12000.0,TRANSFERENCIAS
2026-09-22,Cochabamba,GLP DISTRIB. 10 KILOS NAL,GLP,GLP,E S AMERICA,1500.0,TRANSFERENCIAS
2026-09-22,Cochabamba,GASOLINA ESPECIAL + EESS,Gasolina Especial +,GASOLINA_ESPECIAL_MAS,E S AMERICA,20000.0,TRANSFERENCIAS
2026-09-22,Cochabamba,GLP DISTRIB. 10 KILOS NAL,GLP,GLP,ROSI GAS - ROXANA ESPINOZA PRADO,6000.0,VENTAS
2026-09-22,Cochabamba,GLP DISTRIB. 10 KILOS NAL,GLP,GLP,PRONTO GAS - VIVIANA LESLY TORRICO TERRAZAS,6000.0,VENTAS
2026-09-22,Cochabamba,GLP DISTRIB. 10 KILOS NAL,GLP,GLP,FAS GAS,6000.0,VENTAS
2026-09-23,Cochabamba,GASOLINA ESPECIAL + EESS,Gasolina Especial +,GASOLINA_ESPECIAL_MAS,"EST. DE SERV. ""FORTALEZA ENERGY S.R.L.""",6000.0,VENTAS
2026-09-23,Cochabamba,GASOLINA ESPECIAL + EESS,Gasolina Especial +,GASOLINA_ESPECIAL_MAS,"EST. DE SERV. ""EQGAS"" S.R.L.",8000.0,VENTAS
2026-09-23,Cochabamba,GASOLINA ESPECIAL + EESS,Gasolina Especial +,GASOLINA_ESPECIAL_MAS,"EST. DE SERV. ""EPIZANA""",12000.0,VENTAS
2026-09-23,Cochabamba,GASOLINA ESPECIAL + EESS,Gasolina Especial +,GASOLINA_ESPECIAL_MAS,"EST. DE SERV. ""EL MANANTIAL SUC. 2""",12000.0,VENTAS
2026-09-23,Cochabamba,GASOLINA ESPECIAL + EESS,Gasolina Especial +,GASOLINA_ESPECIAL_MAS,"EST. DE SERV. ""EL MANANTIAL SUC. 1""",10000.0,VENTAS
2026-09-23,Cochabamba,GASOLINA ESPECIAL + EESS,Gasolina Especial +,GASOLINA_ESPECIAL_MAS,"EST. DE SERV. ""EL MANANTIAL SRL""",10000.0,VENTAS
2026-09-23,Cochabamba,GASOLINA ESPECIAL + EESS,Gasolina Especial +,GASOLINA_ESPECIAL_MAS,"EST. DE SERV. ""EL CRISTO"" - CRISTIAN SABAG",28000.0,VENTAS
2026-09-23,Cochabamba,GASOLINA ESPECIAL + EESS,Gasolina Especial +,GASOLINA_ESPECIAL_MAS,"EST. DE SERV. ""DORBIGNI""",12000.0,VENTAS
2026-09-23,Cochabamba,GASOLINA ESPECIAL + EESS,Gasolina Especial +,GASOLINA_ESPECIAL_MAS,"EST. DE SERV. ""DISEL S.R.L.""",8000.0,VENTAS
2026-09-23,Cochabamba,GASOLINA ESPECIAL + EESS,Gasolina Especial +,GASOLINA_ESPECIAL_MAS,"EST. DE SERV. ""DISEL S.R.L. I""",8000.0,VENTAS
2026-09-23,Cochabamba,GASOLINA ESPECIAL + EESS,Gasolina Especial +,GASOLINA_ESPECIAL_MAS,"EST. DE SERV. ""DELAASUNCION-AMERICA S.R.L.""",12000.0,VENTAS
2026-09-23,Cochabamba,GASOLINA ESPECIAL + EESS,Gasolina Especial +,GASOLINA_ESPECIAL_MAS,"EST. DE SERV. ""DAYANA""",12000.0,VENTAS
2026-09-23,Cochabamba,GASOLINA ESPECIAL + EESS,Gasolina Especial +,GASOLINA_ESPECIAL_MAS,"EST. DE SERV. ""COMERCIALIZADORA QK S.R.L.""",10000.0,VENTAS
2026-09-23,Cochabamba,GASOLINA ESPECIAL + EESS,Gasolina Especial +,GASOLINA_ESPECIAL_MAS,"EST. DE SERV. ""COCHABAMBA""",14000.0,VENTAS
2026-09-23,Cochabamba,GASOLINA ESPECIAL + EESS,Gasolina Especial +,GASOLINA_ESPECIAL_MAS,"EST. DE SERV. ""COCHABAMBA S.R.L. SUC. 2""",12000.0,VENTAS
2026-09-23,Cochabamba,GASOLINA ESPECIAL + EESS,Gasolina Especial +,GASOLINA_ESPECIAL_MAS,"EST. DE SERV. ""COCHABAMBA S.R.L. SUC. 1""",12000.0,VENTAS
2026-09-23,Cochabamba,GASOLINA ESPECIAL + EESS,Gasolina Especial +,GASOLINA_ESPECIAL_MAS,"EST. DE SERV. ""CITY TRUCK FH S.R.L.""",10000.0,VENTAS
2026-09-23,Cochabamba,GASOLINA ESPECIAL + EESS,Gasolina Especial +,GASOLINA_ESPECIAL_MAS,"EST. DE SERV. ""CIRCUITO BOLIVIA S.A.""",14000.0,VENTAS
2026-09-23,Cochabamba,GASOLINA ESPECIAL + EESS,Gasolina Especial +,GASOLINA_ESPECIAL_MAS,"EST. DE SERV. ""CHULLPANI"" - TORRICO AGUILAR JOSE M",18000.0,VENTAS
2026-09-23,Cochabamba,GASOLINA ESPECIAL + EESS,Gasolina Especial +,GASOLINA_ESPECIAL_MAS,"EST. DE SERV. ""CHINATA S.R.L.""",10000.0,VENTAS
2026-09-23,Cochabamba,GASOLINA ESPECIAL + EESS,Gasolina Especial +,GASOLINA_ESPECIAL_MAS,"EST. DE SERV. ""CHIMBOCO""",14000.0,VENTAS
2026-09-23,Cochabamba,GASOLINA ESPECIAL + EESS,Gasolina Especial +,GASOLINA_ESPECIAL_MAS,"EST. DE SERV. ""C.G.C. SRL""",10000.0,VENTAS
2026-09-23,Cochabamba,GASOLINA ESPECIAL + EESS,Gasolina Especial +,GASOLINA_ESPECIAL_MAS,"EST. DE SERV. ""AYACUCHO""",12000.0,VENTAS
2026-09-23,Cochabamba,GASOLINA ESPECIAL + EESS,Gasolina Especial +,GASOLINA_ESPECIAL_MAS,"EST. DE SERV. ""ARANJUEZ""",16000.0,VENTAS
2026-09-23,Cochabamba,GASOLINA ESPECIAL + EESS,Gasolina Especial +,GASOLINA_ESPECIAL_MAS,"EST. DE SERV. ""ARANI"" - ZULMA ROJAS",12000.0,VENTAS
2026-09-23,Cochabamba,GASOLINA ESPECIAL + EESS,Gasolina Especial +,GASOLINA_ESPECIAL_MAS,"EST. DE SERV. ""AEROPUERTO S.R.L.""",10000.0,VENTAS
2026-09-23,Cochabamba,GASOLINA ESPECIAL + EESS,Gasolina Especial +,GASOLINA_ESPECIAL_MAS,"EST. DE SERV. ""ADRIAN""",12000.0,VENTAS
2026-09-23,Cochabamba,GASOLINA ESPECIAL + EESS,Gasolina Especial +,GASOLINA_ESPECIAL_MAS,"EST. DE SERV. ""A.C.B. CARBURANTES SRL""",16000.0,VENTAS
2026-09-23,Cochabamba,GASOLINA ESPECIAL + EESS,Gasolina Especial +,GASOLINA_ESPECIAL_MAS,"EST. DE SERV. ""24 DE SEPTIEMBRE S.R.L.""",12000.0,VENTAS
2026-09-23,Cochabamba,GASOLINA ESPECIAL + EESS,Gasolina Especial +,GASOLINA_ESPECIAL_MAS,"EST. DE SERV. ""20 DE DICIEMBRE""",12000.0,VENTAS
2026-09-23,Cochabamba,GASOLINA ESPECIAL + EESS,Gasolina Especial +,GASOLINA_ESPECIAL_MAS,"EST. DE SERV. "" LAS PALMERAS S.R.L.""",10000.0,VENTAS
2026-09-23,Cochabamba,GASOLINA ESPECIAL + EESS,Gasolina Especial +,GASOLINA_ESPECIAL_MAS,CENTRO DE SERVICIOS VALLEPUNATA S.R.L.,10000.0,VENTAS
2026-09-23,Cochabamba,DIESEL OIL NACIONAL EESS,Diesel Oil Nacional,DIESEL_NACIONAL,"EST. DE SERV. ""EQGAS"" S.R.L.",8000.0,VENTAS
2026-09-23,Cochabamba,DIESEL OIL NACIONAL EESS,Diesel Oil Nacional,DIESEL_NACIONAL,"EST. DE SERV. ""EPIZANA""",10000.0,VENTAS
2026-09-23,Cochabamba,DIESEL OIL NACIONAL EESS,Diesel Oil Nacional,DIESEL_NACIONAL,"EST. DE SERV. ""EL VIAJERO SRL""",20000.0,VENTAS
2026-09-23,Cochabamba,DIESEL OIL NACIONAL EESS,Diesel Oil Nacional,DIESEL_NACIONAL,"EST. DE SERV. ""EL MANANTIAL SRL""",6000.0,VENTAS
2026-09-23,Cochabamba,DIESEL OIL NACIONAL EESS,Diesel Oil Nacional,DIESEL_NACIONAL,"EST. DE SERV. ""EL CRISTO"" - CRISTIAN SABAG",8000.0,VENTAS
2026-09-23,Cochabamba,DIESEL OIL NACIONAL EESS,Diesel Oil Nacional,DIESEL_NACIONAL,"EST. DE SERV. ""DISEL S.R.L.""",22000.0,VENTAS
2026-09-23,Cochabamba,DIESEL OIL NACIONAL EESS,Diesel Oil Nacional,DIESEL_NACIONAL,"EST. DE SERV. ""DISEL S.R.L. I""",24000.0,VENTAS
2026-09-23,Cochabamba,DIESEL OIL NACIONAL EESS,Diesel Oil Nacional,DIESEL_NACIONAL,"EST. DE SERV. ""DAYANA""",10000.0,VENTAS
2026-09-23,Cochabamba,DIESEL OIL NACIONAL EESS,Diesel Oil Nacional,DIESEL_NACIONAL,"EST. DE SERV. ""COMERCIALIZADORA QK S.R.L.""",8000.0,VENTAS
2026-09-23,Cochabamba,DIESEL OIL NACIONAL EESS,Diesel Oil Nacional,DIESEL_NACIONAL,"EST. DE SERV. ""COCHABAMBA""",24000.0,VENTAS
2026-09-23,Cochabamba,DIESEL OIL NACIONAL EESS,Diesel Oil Nacional,DIESEL_NACIONAL,"EST. DE SERV. ""COCHABAMBA S.R.L. SUC. 1""",10000.0,VENTAS
2026-09-23,Cochabamba,DIESEL OIL NACIONAL EESS,Diesel Oil Nacional,DIESEL_NACIONAL,"EST. DE SERV. ""CITY TRUCK FH S.R.L.""",14000.0,VENTAS
2026-09-23,Cochabamba,DIESEL OIL NACIONAL EESS,Diesel Oil Nacional,DIESEL_NACIONAL,"EST. DE SERV. ""CIRCUITO BOLIVIA S.A.""",8000.0,VENTAS
2026-09-23,Cochabamba,DIESEL OIL NACIONAL EESS,Diesel Oil Nacional,DIESEL_NACIONAL,"EST. DE SERV. ""CHULLPANI"" - TORRICO AGUILAR JOSE M",12000.0,VENTAS
2026-09-23,Cochabamba,DIESEL OIL NACIONAL EESS,Diesel Oil Nacional,DIESEL_NACIONAL,"EST. DE SERV. ""CHINATA S.R.L.""",17000.0,VENTAS
2026-09-23,Cochabamba,DIESEL OIL NACIONAL EESS,Diesel Oil Nacional,DIESEL_NACIONAL,"EST. DE SERV. ""CHIMBOCO""",18000.0,VENTAS
2026-09-23,Cochabamba,DIESEL OIL NACIONAL EESS,Diesel Oil Nacional,DIESEL_NACIONAL,"EST. DE SERV. ""C.G.C. SRL""",20000.0,VENTAS
2026-09-23,Cochabamba,DIESEL OIL NACIONAL EESS,Diesel Oil Nacional,DIESEL_NACIONAL,"EST. DE SERV. ""ARANI"" - ZULMA ROJAS",10000.0,VENTAS
2026-09-23,Cochabamba,DIESEL OIL NACIONAL EESS,Diesel Oil Nacional,DIESEL_NACIONAL,"EST. DE SERV. ""AEROPUERTO S.R.L.""",10000.0,VENTAS
2026-09-23,Cochabamba,DIESEL OIL NACIONAL EESS,Diesel Oil Nacional,DIESEL_NACIONAL,"EST. DE SERV. ""ADRIAN""",9000.0,VENTAS
2026-09-23,Cochabamba,DIESEL OIL NACIONAL EESS,Diesel Oil Nacional,DIESEL_NACIONAL,"EST. DE SERV. ""24 DE SEPTIEMBRE S.R.L.""",9000.0,VENTAS
2026-09-23,Cochabamba,DIESEL OIL NACIONAL EESS,Diesel Oil Nacional,DIESEL_NACIONAL,CENTRO DE SERVICIOS VALLEPUNATA S.R.L.,8000.0,VENTAS
2026-09-23,Cochabamba,GLP DISTRIB. 10 KILOS NAL,GLP,GLP,FERRO GAS - BERTHA CAMACHO RICALDEZ DE FERRUFINO,12000.0,VENTAS
2026-09-23,Cochabamba,GLP DISTRIB. 10 KILOS NAL,GLP,GLP,"DIST. GLP ""BIO GAS"" - ANA MARIA ROMERO DE TORRICO",12000.0,VENTAS
2026-09-23,Cochabamba,GLP DISTRIB. 45 KILOS NAL,GLP,GLP,DIST. GLP SOCIEDAD PETROLERA SANTA ELENA S.R.L.,3600.0,VENTAS
2026-09-23,Cochabamba,GLP DISTRIB. 45 KILOS NAL,GLP,GLP,DIST. GLP NUESTRO GAS-JONSON RICHARD LIMA FLORERO,1800.0,VENTAS
2026-09-23,Cochabamba,GLP DISTRIB. 45 KILOS NAL,GLP,GLP,CBA GAS S.A.,2250.0,VENTAS
2026-09-23,Cochabamba,GLP DISTRIB. 10 KILOS NAL,GLP,GLP,"DIST.GLP""VILOMA GAS"" E.ARANDIA",12000.0,VENTAS
2026-09-23,Cochabamba,GLP DISTRIB. 10 KILOS NAL,GLP,GLP,"DIST.GLP""NOE GAS""M.HINOJOSA R.",12000.0,VENTAS
2026-09-23,Cochabamba,GLP DISTRIB. 10 KILOS NAL,GLP,GLP,"DIST. PROV.GLP ""SIPE SIPE GAS""",12000.0,VENTAS
2026-09-23,Cochabamba,GLP DISTRIB. 10 KILOS NAL,GLP,GLP,"DIST. PROV. GLP ""PREMIUN GAS"" - EDUARDO ZENTENO E.",6000.0,VENTAS
2026-09-23,Cochabamba,GLP DISTRIB. 10 KILOS NAL,GLP,GLP,"DIST. PROV. GLP ""COTA GAS"" - NELSON OLMOS",6000.0,VENTAS
2026-09-23,Cochabamba,GLP DISTRIB. 10 KILOS NAL,GLP,GLP,"DIST. PROV. GLP ""COLOMI GAS""",6000.0,VENTAS
2026-09-23,Cochabamba,GLP DISTRIB. 10 KILOS NAL,GLP,GLP,"DIST. PROV. GLP ""ARANDIA GAS S.R.L.""",6000.0,VENTAS
2026-09-23,Cochabamba,GLP DISTRIB. 10 KILOS NAL,GLP,GLP,"DIST. GLP""SARCO GAS""M.FELIPEZ",18000.0,VENTAS
2026-09-23,Cochabamba,GLP DISTRIB. 10 KILOS NAL,GLP,GLP,DIST. GLP SOCIEDAD PETROLERA SANTA ELENA S.R.L.,18000.0,VENTAS
2026-09-23,Cochabamba,GLP DISTRIB. 10 KILOS NAL,GLP,GLP,DIST. GLP NUESTRO GAS-JONSON RICHARD LIMA FLORERO,24000.0,VENTAS
2026-09-23,Cochabamba,GLP DISTRIB. 10 KILOS NAL,GLP,GLP,"DIST. GLP ""EXTRA GAS"" - MARIO CORDOVA PINTO",18000.0,VENTAS
2026-09-23,Cochabamba,GLP DISTRIB. 10 KILOS NAL,GLP,GLP,"DIST. GLP ""EDMUNDO GAS"" - EDMUNDO QUIROZ TAPIA",6000.0,VENTAS
2026-09-23,Cochabamba,GLP DISTRIB. 10 KILOS NAL,GLP,GLP,"DIST. GLP ""DISBOGAS"" - JENNY PETRONA SALAMANCA VILLAFUERTE",6000.0,VENTAS
2026-09-23,Cochabamba,GLP DISTRIB. 10 KILOS NAL,GLP,GLP,"DIST. GLP ""CAPI GAS"" - GONZALO SOLIZ GUTIERREZ",6000.0,VENTAS
2026-09-23,Cochabamba,GLP DISTRIB. 10 KILOS NAL,GLP,GLP,"DIST. GLP ""ADRIAZOL GAS""",6000.0,VENTAS
2026-09-23,Cochabamba,GLP DISTRIB. 10 KILOS NAL,GLP,GLP,"COOPERATIVA DE SERVICIOS DE DISTRIBUCION DE GAS LICUADO ""CANDELARIA"" R.L.",6000.0,VENTAS
2026-09-23,Cochabamba,GLP DISTRIB. 10 KILOS NAL,GLP,GLP,CBA GAS S.A.,18000.0,VENTAS
2026-09-23,Cochabamba,GLP DISTRIB. 10 KILOS NAL,GLP,GLP,A TODO GAS S.R.L.,18000.0,VENTAS
2026-09-23,Cochabamba,GLP DISTRIB. 10 KILOS NAL,GLP,GLP,E S VALLE HERMOSO,1500.0,TRANSFERENCIAS
2026-09-23,Cochabamba,GLP DISTRIB. 10 KILOS NAL,GLP,GLP,E S CALA CALA,2000.0,TRANSFERENCIAS
2026-09-23,Cochabamba,GASOLINA ESPECIAL + EESS,Gasolina Especial +,GASOLINA_ESPECIAL_MAS,E S VALLE HERMOSO,30000.0,TRANSFERENCIAS
2026-09-23,Cochabamba,DIESEL OIL NACIONAL EESS,Diesel Oil Nacional,DIESEL_NACIONAL,E S CALA CALA,24000.0,TRANSFERENCIAS
2026-09-23,Cochabamba,GASOLINA ESPECIAL + EESS,Gasolina Especial +,GASOLINA_ESPECIAL_MAS,E S CALA CALA,12000.0,TRANSFERENCIAS
2026-09-23,Cochabamba,GLP DISTRIB. 10 KILOS NAL,GLP,GLP,E S AMERICA,2000.0,TRANSFERENCIAS
2026-09-23,Cochabamba,GASOLINA ESPECIAL + EESS,Gasolina Especial +,GASOLINA_ESPECIAL_MAS,E S AMERICA,20000.0,TRANSFERENCIAS
