fecha_programacion,distrito_nombre,producto,familia,familia_codigo,cliente,volumen_programado
2026-09-14,Distrito Comercial La Paz,GASOLINA ESPECIAL + EESS,Gasolina Especial +,GASOLINA_ESPECIAL_MAS,FREDY LIMACHI CHALLCO - EST. SERV. DON LEO,24000.0
2026-09-14,Distrito Comercial La Paz,DIESEL OIL IMPORTADO GRACO,Diesel Oil Importado,DIESEL_IMPORTADO,SINOHYDRO CORPORATION LIMITED - SUCURSAL BOLIVIA,24000.0
2026-09-14,Distrito Comercial La Paz,DIESEL OIL IMPORTADO GRACO,Diesel Oil Importado,DIESEL_IMPORTADO,LT S.A. SUCURSAL BOLIVIA,24000.0
2026-09-14,Distrito Comercial La Paz,DIESEL OIL IMPORTADO GRACO,Diesel Oil Importado,DIESEL_IMPORTADO,EMP. AZUCARERA SAN BUENAVENTURA-EASBA,24000.0
2026-09-14,Distrito Comercial La Paz,DIESEL OIL IMPORTADO GRACO,Diesel Oil Importado,DIESEL_IMPORTADO,COOPERATIVA MINERA PRIMERO DE MAYO LA SALVADORA R.L.,24000.0
2026-09-14,Distrito Comercial La Paz,DIESEL OIL IMPORTADO GRACO,Diesel Oil Importado,DIESEL_IMPORTADO,COOPERATIVA MINERA AURIFERA MILLISCUNI II R.L.,24000.0
2026-09-14,Distrito Comercial La Paz,DIESEL OIL IMPORTADO GRACO,Diesel Oil Importado,DIESEL_IMPORTADO,COOPERATIVA MINERA AURIFERA LAS MORAS R.L.,24000.0
2026-09-14,Distrito Comercial La Paz,DIESEL OIL IMPORTADO GRACO,Diesel Oil Importado,DIESEL_IMPORTADO,"COOPERATIVA MINERA AURIFERA ""6 DE ENERO"" R.L.",24000.0
2026-09-14,Distrito Comercial La Paz,DIESEL OIL IMPORTADO GRACO,Diesel Oil Importado,DIESEL_IMPORTADO,COOP. MINERA 16 DE JULIO R.L.,24000.0
2026-09-14,Distrito Comercial La Paz,DIESEL OIL IMPORTADO GRACO,Diesel Oil Importado,DIESEL_IMPORTADO,COOP. MIN. AURIFERA TUPAC KATARI R.L.,24000.0
2026-09-14,Distrito Comercial La Paz,DIESEL OIL IMPORTADO CF,Diesel Oil Importado,DIESEL_IMPORTADO,EMPRESA MINING JHOANLIZCORDOVA S.R.L.,19900.0
2026-09-14,Distrito Comercial La Paz,DIESEL OIL IMPORTADO CF,Diesel Oil Importado,DIESEL_IMPORTADO,COOPERATIVA MINERA AURIFERA QURI QALA R.L.,19900.0
2026-09-14,Distrito Comercial La Paz,DIESEL OIL IMPORTADO CF,Diesel Oil Importado,DIESEL_IMPORTADO,"COOPERATIVA MINERA AURIFERA ""SEÑOR DE MAYO"" R.L.",19900.0
2026-09-14,Distrito Comercial La Paz,DIESEL OIL NACIONAL EESS,Diesel Oil Nacional,DIESEL_NACIONAL,OFELIA PLATA P. - EST. SERV. UMAMARCA,24000.0
2026-09-14,Distrito Comercial La Paz,GASOLINA ESPECIAL + EESS,Gasolina Especial +,GASOLINA_ESPECIAL_MAS,OFELIA PLATA P. - EST. SERV. DARTAÑAN,24000.0
2026-09-14,Distrito Comercial La Paz,GASOLINA ESPECIAL + EESS,Gasolina Especial +,GASOLINA_ESPECIAL_MAS,EST. SERV. GASOLCAMP S.R.L.,24000.0
2026-09-14,Distrito Comercial La Paz,GASOLINA ESPECIAL + CF,Gasolina Especial +,GASOLINA_ESPECIAL_MAS,CERVECERIA BOLIVIANA NACIONAL S.A.,8000.0
2026-09-14,Distrito Comercial La Paz,DIESEL OIL NACIONAL EESS,Diesel Oil Nacional,DIESEL_NACIONAL,SILVIA TORREZ.- EST. SERV. TORREZ,22000.0
2026-09-14,Distrito Comercial La Paz,DIESEL OIL NACIONAL EESS,Diesel Oil Nacional,DIESEL_NACIONAL,RACING GAS S.R.L. (SUC-1),22000.0
2026-09-14,Distrito Comercial La Paz,DIESEL OIL NACIONAL EESS,Diesel Oil Nacional,DIESEL_NACIONAL,PANAMERICANA INTERNACIONAL S.R.L. PAINTER S.R.L.,22000.0
2026-09-14,Distrito Comercial La Paz,DIESEL OIL NACIONAL EESS,Diesel Oil Nacional,DIESEL_NACIONAL,MARIO ALVAREZ M. EST. SERV. ALVAPETROL,22000.0
2026-09-14,Distrito Comercial La Paz,DIESEL OIL NACIONAL EESS,Diesel Oil Nacional,DIESEL_NACIONAL,IVAN MATIAS V. - EST. SERV. REYES MATIAS,22000.0
2026-09-14,Distrito Comercial La Paz,DIESEL OIL NACIONAL EESS,Diesel Oil Nacional,DIESEL_NACIONAL,ESTACION DE SERVICIO PARAISO TROPICAL,22000.0
2026-09-14,Distrito Comercial La Paz,DIESEL OIL NACIONAL EESS,Diesel Oil Nacional,DIESEL_NACIONAL,ESTACION DE SERVICIO MEJIA S.R.L.,22000.0
2026-09-14,Distrito Comercial La Paz,DIESEL OIL NACIONAL EESS,Diesel Oil Nacional,DIESEL_NACIONAL,ESTACION DE SERVICIO ISSUCADELA S.R.L,22000.0
2026-09-14,Distrito Comercial La Paz,DIESEL OIL NACIONAL EESS,Diesel Oil Nacional,DIESEL_NACIONAL,ESTACION DE SERVICIO GASOLINERA CRUCE DE ORO S.R.L.,22000.0
2026-09-14,Distrito Comercial La Paz,DIESEL OIL NACIONAL EESS,Diesel Oil Nacional,DIESEL_NACIONAL,EST. SERV. GUANAY,22000.0
2026-09-14,Distrito Comercial La Paz,DIESEL OIL NACIONAL EESS,Diesel Oil Nacional,DIESEL_NACIONAL,EST. SERV. FLOR DE CAÑA S.R.L.,22000.0
2026-09-14,Distrito Comercial La Paz,DIESEL OIL NACIONAL EESS,Diesel Oil Nacional,DIESEL_NACIONAL,EST. SERV. BATALLAS S.R.L. ESBA S.R.L.,22000.0
2026-09-14,Distrito Comercial La Paz,DIESEL OIL NACIONAL EESS,Diesel Oil Nacional,DIESEL_NACIONAL,EST. SERV. ADALUZ PETROL,22000.0
2026-09-14,Distrito Comercial La Paz,DIESEL OIL NACIONAL EESS,Diesel Oil Nacional,DIESEL_NACIONAL,ELDA S. AGUILAR V. - EST. SERV. JUAN PABLO II,24000.0
2026-09-14,Distrito Comercial La Paz,DIESEL OIL NACIONAL EESS,Diesel Oil Nacional,DIESEL_NACIONAL,EDEN CLEVER CARRILLO CONDORI-ESTACION DE SERVICIO EDENCCC,22000.0
2026-09-14,Distrito Comercial La Paz,DIESEL OIL NACIONAL EESS,Diesel Oil Nacional,DIESEL_NACIONAL,CLEMENTINA FANNY MAMANI MORALES - EST. SERV. LAHUACHACA Y DISTRIBUCION DE GLP,22000.0
2026-09-14,Distrito Comercial La Paz,DIESEL OIL NACIONAL EESS,Diesel Oil Nacional,DIESEL_NACIONAL,CANIAX S.R.L.,22000.0
2026-09-14,Distrito Comercial La Paz,DIESEL OIL IMPORTADO EESS,Diesel Oil Importado,DIESEL_IMPORTADO,EFRAIN LOPEZ LUCANA,22000.0
2026-09-14,Distrito Comercial La Paz,DIESEL OIL IMPORTADO EESS,Diesel Oil Importado,DIESEL_IMPORTADO,ZURSIL S.R.L. - E.S.T.,48000.0
2026-09-14,Distrito Comercial La Paz,DIESEL OIL IMPORTADO EESS,Diesel Oil Importado,DIESEL_IMPORTADO,MARIA PATZI-EST. SERV. VARELA,24000.0
2026-09-14,Distrito Comercial La Paz,DIESEL OIL IMPORTADO EESS,Diesel Oil Importado,DIESEL_IMPORTADO,GREGORIO CUENTAS M. EST. SERV. DRAGON DE ORO,12000.0
2026-09-14,Distrito Comercial La Paz,DIESEL OIL IMPORTADO EESS,Diesel Oil Importado,DIESEL_IMPORTADO,GAS SAN FELIPE S.R.L.,20000.0
2026-09-14,Distrito Comercial La Paz,DIESEL OIL IMPORTADO EESS,Diesel Oil Importado,DIESEL_IMPORTADO,ESTACIÓN DE SERVICIO LAS ROSAS S.R.L.,20000.0
2026-09-14,Distrito Comercial La Paz,DIESEL OIL IMPORTADO EESS,Diesel Oil Importado,DIESEL_IMPORTADO,ESTACIÓN DE SERVICIO ALIMARC INTER GAS BOLIVIA S.R.L.,48000.0
2026-09-14,Distrito Comercial La Paz,DIESEL OIL IMPORTADO EESS,Diesel Oil Importado,DIESEL_IMPORTADO,ESTACION DE SERVICIOS NIMAGASBOL S.R.L.,48000.0
2026-09-14,Distrito Comercial La Paz,DIESEL OIL IMPORTADO EESS,Diesel Oil Importado,DIESEL_IMPORTADO,ESTACION DE SERVICIO ZOFRI S.R.L.,48000.0
2026-09-14,Distrito Comercial La Paz,DIESEL OIL IMPORTADO EESS,Diesel Oil Importado,DIESEL_IMPORTADO,ESTACION DE SERVICIO TEJADA TRIANGULAR,12000.0
2026-09-14,Distrito Comercial La Paz,DIESEL OIL IMPORTADO EESS,Diesel Oil Importado,DIESEL_IMPORTADO,ESTACION DE SERVICIO SEÑOR DE MAYO S.R.L.,24000.0
2026-09-14,Distrito Comercial La Paz,DIESEL OIL IMPORTADO EESS,Diesel Oil Importado,DIESEL_IMPORTADO,ESTACION DE SERVICIO SAN SEBASTIAN S.R.L.,48000.0
2026-09-14,Distrito Comercial La Paz,DIESEL OIL IMPORTADO EESS,Diesel Oil Importado,DIESEL_IMPORTADO,ESTACION DE SERVICIO LOS ROSALES,12000.0
2026-09-14,Distrito Comercial La Paz,DIESEL OIL IMPORTADO EESS,Diesel Oil Importado,DIESEL_IMPORTADO,ESTACION DE SERVICIO FULL TANK S.R.L.,24000.0
2026-09-14,Distrito Comercial La Paz,DIESEL OIL IMPORTADO EESS,Diesel Oil Importado,DIESEL_IMPORTADO,ESTACION DE SERVICIO CHALLAPAMPA S.R.L.,12000.0
2026-09-14,Distrito Comercial La Paz,DIESEL OIL IMPORTADO EESS,Diesel Oil Importado,DIESEL_IMPORTADO,ESTACION DE SERVICIO CALUYO S.R.L.,24000.0
2026-09-14,Distrito Comercial La Paz,DIESEL OIL IMPORTADO EESS,Diesel Oil Importado,DIESEL_IMPORTADO,ESTACION DE SERVICIO C. REDENTOR S.R.L.,48000.0
2026-09-14,Distrito Comercial La Paz,DIESEL OIL IMPORTADO EESS,Diesel Oil Importado,DIESEL_IMPORTADO,EST. SERV. VOLCAN S.R.L.,36000.0
2026-09-14,Distrito Comercial La Paz,DIESEL OIL IMPORTADO EESS,Diesel Oil Importado,DIESEL_IMPORTADO,EST. SERV. TEXAS S.R.L.,12000.0
2026-09-14,Distrito Comercial La Paz,DIESEL OIL IMPORTADO EESS,Diesel Oil Importado,DIESEL_IMPORTADO,EST. SERV. SURTIDORES UNITOURS LTDA.,12000.0
2026-09-14,Distrito Comercial La Paz,DIESEL OIL IMPORTADO EESS,Diesel Oil Importado,DIESEL_IMPORTADO,EST. SERV. SOC. IND. COM. G.L.P.H. LTDA,12000.0
2026-09-14,Distrito Comercial La Paz,DIESEL OIL IMPORTADO EESS,Diesel Oil Importado,DIESEL_IMPORTADO,EST. SERV. SIEMPRE A FULL MIRAFLORES S.R.L. (SAF),12000.0
2026-09-14,Distrito Comercial La Paz,DIESEL OIL IMPORTADO EESS,Diesel Oil Importado,DIESEL_IMPORTADO,EST. SERV. SAN PABLO VILLA BOLIVAR S.R.L.,24000.0
2026-09-14,Distrito Comercial La Paz,DIESEL OIL IMPORTADO EESS,Diesel Oil Importado,DIESEL_IMPORTADO,EST. SERV. QHANTATI SRL.,48000.0
2026-09-14,Distrito Comercial La Paz,DIESEL OIL IMPORTADO EESS,Diesel Oil Importado,DIESEL_IMPORTADO,EST. SERV. PLAYA VERDE,36000.0
2026-09-14,Distrito Comercial La Paz,DIESEL OIL IMPORTADO EESS,Diesel Oil Importado,DIESEL_IMPORTADO,EST. SERV. PEREZ ROCHA SRL.,24000.0
2026-09-14,Distrito Comercial La Paz,DIESEL OIL IMPORTADO EESS,Diesel Oil Importado,DIESEL_IMPORTADO,EST. SERV. MARANATHA,24000.0
2026-09-14,Distrito Comercial La Paz,DIESEL OIL IMPORTADO EESS,Diesel Oil Importado,DIESEL_IMPORTADO,EST. SERV. M&G CAMINO REAL,20000.0
2026-09-14,Distrito Comercial La Paz,DIESEL OIL IMPORTADO EESS,Diesel Oil Importado,DIESEL_IMPORTADO,EST. SERV. LOS ANDES SRL,20000.0
2026-09-14,Distrito Comercial La Paz,DIESEL OIL IMPORTADO EESS,Diesel Oil Importado,DIESEL_IMPORTADO,EST. SERV. LAREDO SRL,48000.0
2026-09-14,Distrito Comercial La Paz,DIESEL OIL IMPORTADO EESS,Diesel Oil Importado,DIESEL_IMPORTADO,EST. SERV. INTEROCEANICO,24000.0
2026-09-14,Distrito Comercial La Paz,DIESEL OIL IMPORTADO EESS,Diesel Oil Importado,DIESEL_IMPORTADO,EST. SERV. ILLIMANI S.R.L.,24000.0
2026-09-14,Distrito Comercial La Paz,DIESEL OIL IMPORTADO EESS,Diesel Oil Importado,DIESEL_IMPORTADO,EST. SERV. GAS-MAY S.R.L.,12000.0
2026-09-14,Distrito Comercial La Paz,DIESEL OIL IMPORTADO EESS,Diesel Oil Importado,DIESEL_IMPORTADO,EST. SERV. GALAXIA S.R.L.,18000.0
2026-09-14,Distrito Comercial La Paz,DIESEL OIL IMPORTADO EESS,Diesel Oil Importado,DIESEL_IMPORTADO,EST. SERV. ESUR GHS LTDA.,12000.0
2026-09-14,Distrito Comercial La Paz,DIESEL OIL IMPORTADO EESS,Diesel Oil Importado,DIESEL_IMPORTADO,EST. SERV. EL PARAISO SRL.,20000.0
2026-09-14,Distrito Comercial La Paz,DIESEL OIL IMPORTADO EESS,Diesel Oil Importado,DIESEL_IMPORTADO,EST. SERV. CUENTAS SAN PABLO II S.R.L.,20000.0
2026-09-14,Distrito Comercial La Paz,DIESEL OIL IMPORTADO EESS,Diesel Oil Importado,DIESEL_IMPORTADO,EST. SERV. CHUSAMARCA,24000.0
2026-09-14,Distrito Comercial La Paz,DIESEL OIL IMPORTADO EESS,Diesel Oil Importado,DIESEL_IMPORTADO,EST. SERV. CHALY,12000.0
2026-09-14,Distrito Comercial La Paz,DIESEL OIL IMPORTADO EESS,Diesel Oil Importado,DIESEL_IMPORTADO,EST. SERV. CANDELARIA,48000.0
2026-09-14,Distrito Comercial La Paz,DIESEL OIL IMPORTADO EESS,Diesel Oil Importado,DIESEL_IMPORTADO,EST. SERV. BOLIVIA ZURSIL S.R.L.,12000.0
2026-09-14,Distrito Comercial La Paz,DIESEL OIL IMPORTADO EESS,Diesel Oil Importado,DIESEL_IMPORTADO,EST. SERV. BASSAM LTDA,20000.0
2026-09-14,Distrito Comercial La Paz,DIESEL OIL IMPORTADO EESS,Diesel Oil Importado,DIESEL_IMPORTADO,EST. SERV. APOSTOL SANTIAGO,24000.0
2026-09-14,Distrito Comercial La Paz,DIESEL OIL IMPORTADO EESS,Diesel Oil Importado,DIESEL_IMPORTADO,EST. SERV. ALTO LIMA S.R.L.,12000.0
2026-09-14,Distrito Comercial La Paz,DIESEL OIL IMPORTADO EESS,Diesel Oil Importado,DIESEL_IMPORTADO,EST. SERV. 6 DE MARZO,48000.0
2026-09-14,Distrito Comercial La Paz,DIESEL OIL IMPORTADO EESS,Diesel Oil Importado,DIESEL_IMPORTADO,ELSA CHIPANA H. - EST. SERV. ECOPETROL,48000.0
2026-09-14,Distrito Comercial La Paz,DIESEL OIL IMPORTADO EESS,Diesel Oil Importado,DIESEL_IMPORTADO,EDUARDO YUPANQUI Q.-EST. SERV. VENTILLA,24000.0
2026-09-14,Distrito Comercial La Paz,DIESEL OIL IMPORTADO EESS,Diesel Oil Importado,DIESEL_IMPORTADO,DISTRIBUIDORA DE GASOLINA Y LUBRICANTES SAN PABLO S.R.L.,12000.0
2026-09-14,Distrito Comercial La Paz,GASOLINA ESPECIAL + EESS,Gasolina Especial +,GASOLINA_ESPECIAL_MAS,ESTACION DE SERVICIO TOLAR S.R.L.,20000.0
2026-09-14,Distrito Comercial La Paz,GASOLINA ESPECIAL + (S/DSI),Gasolina Especial +,GASOLINA_ESPECIAL_MAS,GAS SAN FELIPE S.R.L.,24000.0
2026-09-14,Distrito Comercial La Paz,GASOLINA ESPECIAL + (S/DSI),Gasolina Especial +,GASOLINA_ESPECIAL_MAS,ESTACION DE SERVICIO LOZA - MARCELINA AGUIRRE VDA. DE LOZA,24000.0
2026-09-14,Distrito Comercial La Paz,GASOLINA ESPECIAL + (S/DSI),Gasolina Especial +,GASOLINA_ESPECIAL_MAS,EST. SERV. QHANTATI SRL.,24000.0
2026-09-14,Distrito Comercial La Paz,GASOLINA ESPECIAL + (S/DSI),Gasolina Especial +,GASOLINA_ESPECIAL_MAS,EST. SERV. EL PARAISO SRL.,24000.0
2026-09-14,Distrito Comercial La Paz,GASOLINA ESPECIAL + (S/DSI),Gasolina Especial +,GASOLINA_ESPECIAL_MAS,EST. SERV. APOSTOL SANTIAGO,24000.0
2026-09-14,Distrito Comercial La Paz,GASOLINA ESPECIAL + EESS,Gasolina Especial +,GASOLINA_ESPECIAL_MAS,PANAMERICANA INTERNACIONAL S.R.L. PAINTER S.R.L.,12000.0
2026-09-14,Distrito Comercial La Paz,GASOLINA ESPECIAL + EESS,Gasolina Especial +,GASOLINA_ESPECIAL_MAS,MARIO ALVAREZ M. EST. SERV. ALVAPETROL,22000.0
2026-09-14,Distrito Comercial La Paz,GASOLINA ESPECIAL + EESS,Gasolina Especial +,GASOLINA_ESPECIAL_MAS,ESTACION DE SERVICIOS YARA S.R.L.,22000.0
2026-09-14,Distrito Comercial La Paz,GASOLINA ESPECIAL + EESS,Gasolina Especial +,GASOLINA_ESPECIAL_MAS,ESTACION DE SERVICIO SURTIDOR TUMUPASA S.R.L.,22000.0
2026-09-14,Distrito Comercial La Paz,GASOLINA ESPECIAL + EESS,Gasolina Especial +,GASOLINA_ESPECIAL_MAS,ESTACION DE SERVICIO ISSUCADELA S.R.L,22000.0
2026-09-14,Distrito Comercial La Paz,GASOLINA ESPECIAL + EESS,Gasolina Especial +,GASOLINA_ESPECIAL_MAS,ESTACION DE SERVICIO HUANCANE Y TRANSPORTE S.R.L.,22000.0
2026-09-14,Distrito Comercial La Paz,GASOLINA ESPECIAL + EESS,Gasolina Especial +,GASOLINA_ESPECIAL_MAS,EST. SERV. PALOS BLANCOS,32000.0
2026-09-14,Distrito Comercial La Paz,GASOLINA ESPECIAL + EESS,Gasolina Especial +,GASOLINA_ESPECIAL_MAS,EST. SERV. NETANEL,22000.0
2026-09-14,Distrito Comercial La Paz,GASOLINA ESPECIAL + EESS,Gasolina Especial +,GASOLINA_ESPECIAL_MAS,EST. SERV. GUANAY,22000.0
2026-09-14,Distrito Comercial La Paz,GASOLINA ESPECIAL + EESS,Gasolina Especial +,GASOLINA_ESPECIAL_MAS,EST. SERV. ACHACACHI S.R.L.,20000.0
2026-09-14,Distrito Comercial La Paz,GASOLINA ESPECIAL + EESS,Gasolina Especial +,GASOLINA_ESPECIAL_MAS,CLEMENTINA FANNY MAMANI MORALES - EST. SERV. LAHUACHACA Y DISTRIBUCION DE GLP,20000.0
2026-09-14,Distrito Comercial La Paz,GASOLINA ESPECIAL + EESS,Gasolina Especial +,GASOLINA_ESPECIAL_MAS,CANIAX S.R.L.,22000.0
2026-09-14,Distrito Comercial La Paz,GASOLINA ESPECIAL + (S/DSI),Gasolina Especial +,GASOLINA_ESPECIAL_MAS,MARIA PATZI-EST. SERV. VARELA,24000.0
2026-09-14,Distrito Comercial La Paz,GASOLINA ESPECIAL + (S/DSI),Gasolina Especial +,GASOLINA_ESPECIAL_MAS,GREGORIO CUENTAS M. EST. SERV. DRAGON DE ORO,24000.0
2026-09-14,Distrito Comercial La Paz,GASOLINA ESPECIAL + (S/DSI),Gasolina Especial +,GASOLINA_ESPECIAL_MAS,ESTACIÓN DE SERVICIO LAS ROSAS S.R.L.,24000.0
2026-09-14,Distrito Comercial La Paz,GASOLINA ESPECIAL + (S/DSI),Gasolina Especial +,GASOLINA_ESPECIAL_MAS,ESTACION DE SERVICIOS NIMAGASBOL S.R.L.,18000.0
2026-09-14,Distrito Comercial La Paz,GASOLINA ESPECIAL + (S/DSI),Gasolina Especial +,GASOLINA_ESPECIAL_MAS,ESTACION DE SERVICIO TEJADA TRIANGULAR,24000.0
2026-09-14,Distrito Comercial La Paz,GASOLINA ESPECIAL + (S/DSI),Gasolina Especial +,GASOLINA_ESPECIAL_MAS,ESTACION DE SERVICIO SEÑOR DE MAYO S.R.L.,24000.0
2026-09-14,Distrito Comercial La Paz,GASOLINA ESPECIAL + (S/DSI),Gasolina Especial +,GASOLINA_ESPECIAL_MAS,ESTACION DE SERVICIO KORY INTI S.R.L.,24000.0
2026-09-14,Distrito Comercial La Paz,GASOLINA ESPECIAL + (S/DSI),Gasolina Especial +,GASOLINA_ESPECIAL_MAS,ESTACION DE SERVICIO FULL TANK S.R.L.,18000.0
2026-09-14,Distrito Comercial La Paz,GASOLINA ESPECIAL + (S/DSI),Gasolina Especial +,GASOLINA_ESPECIAL_MAS,ESTACION DE SERVICIO CALUYO S.R.L.,24000.0
2026-09-14,Distrito Comercial La Paz,GASOLINA ESPECIAL + (S/DSI),Gasolina Especial +,GASOLINA_ESPECIAL_MAS,EST. SERV. YUPANQUI,24000.0
2026-09-14,Distrito Comercial La Paz,GASOLINA ESPECIAL + (S/DSI),Gasolina Especial +,GASOLINA_ESPECIAL_MAS,EST. SERV. TEXAS S.R.L.,24000.0
2026-09-14,Distrito Comercial La Paz,GASOLINA ESPECIAL + (S/DSI),Gasolina Especial +,GASOLINA_ESPECIAL_MAS,EST. SERV. SAN PABLO VILLA BOLIVAR S.R.L.,24000.0
2026-09-14,Distrito Comercial La Paz,GASOLINA ESPECIAL + (S/DSI),Gasolina Especial +,GASOLINA_ESPECIAL_MAS,EST. SERV. PLAYA VERDE,24000.0
2026-09-14,Distrito Comercial La Paz,GASOLINA ESPECIAL + (S/DSI),Gasolina Especial +,GASOLINA_ESPECIAL_MAS,EST. SERV. PEREZ ROCHA SRL.,24000.0
2026-09-14,Distrito Comercial La Paz,GASOLINA ESPECIAL + (S/DSI),Gasolina Especial +,GASOLINA_ESPECIAL_MAS,EST. SERV. M&G CAMINO REAL,24000.0
2026-09-14,Distrito Comercial La Paz,GASOLINA ESPECIAL + (S/DSI),Gasolina Especial +,GASOLINA_ESPECIAL_MAS,EST. SERV. LOS ANDES SRL,24000.0
2026-09-14,Distrito Comercial La Paz,GASOLINA ESPECIAL + (S/DSI),Gasolina Especial +,GASOLINA_ESPECIAL_MAS,EST. SERV. INTEROCEANICO,24000.0
2026-09-14,Distrito Comercial La Paz,GASOLINA ESPECIAL + (S/DSI),Gasolina Especial +,GASOLINA_ESPECIAL_MAS,EST. SERV. ILLIMANI S.R.L.,24000.0
2026-09-14,Distrito Comercial La Paz,GASOLINA ESPECIAL + (S/DSI),Gasolina Especial +,GASOLINA_ESPECIAL_MAS,EST. SERV. GALAXIA S.R.L.,24000.0
2026-09-14,Distrito Comercial La Paz,GASOLINA ESPECIAL + (S/DSI),Gasolina Especial +,GASOLINA_ESPECIAL_MAS,EST. SERV. CUENTAS SAN PABLO II S.R.L.,24000.0
2026-09-14,Distrito Comercial La Paz,GASOLINA ESPECIAL + (S/DSI),Gasolina Especial +,GASOLINA_ESPECIAL_MAS,EST. SERV. ALTO LIMA S.R.L.,20000.0
2026-09-14,Distrito Comercial La Paz,GASOLINA ESPECIAL + (S/DSI),Gasolina Especial +,GASOLINA_ESPECIAL_MAS,ELSA CHIPANA H. - EST. SERV. ECOPETROL,18000.0
2026-09-14,Distrito Comercial La Paz,GASOLINA ESPECIAL + (S/DSI),Gasolina Especial +,GASOLINA_ESPECIAL_MAS,ELDA S. AGUILAR V. - EST. SERV. JUAN PABLO II,24000.0
2026-09-14,Distrito Comercial La Paz,GASOLINA ESPECIAL + (S/DSI),Gasolina Especial +,GASOLINA_ESPECIAL_MAS,DISTRIBUIDORA DE GASOLINA Y LUBRICANTES SAN PABLO S.R.L.,24000.0
2026-09-14,Distrito Comercial La Paz,GASOLINA ESPECIAL + EESS,Gasolina Especial +,GASOLINA_ESPECIAL_MAS,EST. SERV. SAN MIGUEL-IVAN L.,22000.0
2026-09-14,Distrito Comercial La Paz,GASOLINA ESPECIAL + (S/DSI),Gasolina Especial +,GASOLINA_ESPECIAL_MAS,ZURSIL S.R.L. - E.S.T.,18000.0
2026-09-14,Distrito Comercial La Paz,GASOLINA ESPECIAL + (S/DSI),Gasolina Especial +,GASOLINA_ESPECIAL_MAS,GRUPO EMPRESARIAL VIRGEN DE LOS ALAMOS S.R.L.,36000.0
2026-09-14,Distrito Comercial La Paz,GASOLINA ESPECIAL + (S/DSI),Gasolina Especial +,GASOLINA_ESPECIAL_MAS,ESTACIÓN DE SERVICIO ALIMARC INTER GAS BOLIVIA S.R.L.,18000.0
2026-09-14,Distrito Comercial La Paz,GASOLINA ESPECIAL + (S/DSI),Gasolina Especial +,GASOLINA_ESPECIAL_MAS,ESTACION DE SERVICIO ZOFRI S.R.L.,18000.0
2026-09-14,Distrito Comercial La Paz,GASOLINA ESPECIAL + (S/DSI),Gasolina Especial +,GASOLINA_ESPECIAL_MAS,ESTACION DE SERVICIO TERRAGAS LTDA,24000.0
2026-09-14,Distrito Comercial La Paz,GASOLINA ESPECIAL + (S/DSI),Gasolina Especial +,GASOLINA_ESPECIAL_MAS,ESTACION DE SERVICIO SAN SEBASTIAN S.R.L.,18000.0
2026-09-14,Distrito Comercial La Paz,GASOLINA ESPECIAL + (S/DSI),Gasolina Especial +,GASOLINA_ESPECIAL_MAS,ESTACION DE SERVICIO LOS ROSALES,12000.0
2026-09-14,Distrito Comercial La Paz,GASOLINA ESPECIAL + (S/DSI),Gasolina Especial +,GASOLINA_ESPECIAL_MAS,ESTACION DE SERVICIO KANTUTA S.R.L.,48000.0
2026-09-14,Distrito Comercial La Paz,GASOLINA ESPECIAL + (S/DSI),Gasolina Especial +,GASOLINA_ESPECIAL_MAS,ESTACION DE SERVICIO JACHA INTI S.R.L.,24000.0
2026-09-14,Distrito Comercial La Paz,GASOLINA ESPECIAL + (S/DSI),Gasolina Especial +,GASOLINA_ESPECIAL_MAS,ESTACION DE SERVICIO C. REDENTOR S.R.L.,18000.0
2026-09-14,Distrito Comercial La Paz,GASOLINA ESPECIAL + (S/DSI),Gasolina Especial +,GASOLINA_ESPECIAL_MAS,EST. SERV. VOLCAN S.R.L.,48000.0
2026-09-14,Distrito Comercial La Paz,GASOLINA ESPECIAL + (S/DSI),Gasolina Especial +,GASOLINA_ESPECIAL_MAS,EST. SERV. SURTIDORES UNITOURS LTDA.,24000.0
2026-09-14,Distrito Comercial La Paz,GASOLINA ESPECIAL + (S/DSI),Gasolina Especial +,GASOLINA_ESPECIAL_MAS,EST. SERV. SOC. IND. COM. G.L.P.H. LTDA,24000.0
2026-09-14,Distrito Comercial La Paz,GASOLINA ESPECIAL + (S/DSI),Gasolina Especial +,GASOLINA_ESPECIAL_MAS,EST. SERV. SIEMPRE A FULL MIRAFLORES S.R.L. (SAF),36000.0
2026-09-14,Distrito Comercial La Paz,GASOLINA ESPECIAL + (S/DSI),Gasolina Especial +,GASOLINA_ESPECIAL_MAS,EST. SERV. SALIDA LTDA,12000.0
2026-09-14,Distrito Comercial La Paz,GASOLINA ESPECIAL + (S/DSI),Gasolina Especial +,GASOLINA_ESPECIAL_MAS,EST. SERV. RACING GAS S.R.L.,24000.0
2026-09-14,Distrito Comercial La Paz,GASOLINA ESPECIAL + (S/DSI),Gasolina Especial +,GASOLINA_ESPECIAL_MAS,EST. SERV. MOTORECO SRL.,36000.0
2026-09-14,Distrito Comercial La Paz,GASOLINA ESPECIAL + (S/DSI),Gasolina Especial +,GASOLINA_ESPECIAL_MAS,EST. SERV. LUBRICAN SRL,24000.0
2026-09-14,Distrito Comercial La Paz,GASOLINA ESPECIAL + (S/DSI),Gasolina Especial +,GASOLINA_ESPECIAL_MAS,EST. SERV. LAREDO SRL,18000.0
2026-09-14,Distrito Comercial La Paz,GASOLINA ESPECIAL + (S/DSI),Gasolina Especial +,GASOLINA_ESPECIAL_MAS,EST. SERV. JAIMES FREYRE,36000.0
2026-09-14,Distrito Comercial La Paz,GASOLINA ESPECIAL + (S/DSI),Gasolina Especial +,GASOLINA_ESPECIAL_MAS,EST. SERV. GAS-MAY S.R.L.,12000.0
2026-09-14,Distrito Comercial La Paz,GASOLINA ESPECIAL + (S/DSI),Gasolina Especial +,GASOLINA_ESPECIAL_MAS,EST. SERV. GAS CENTRO S.R.L.,24000.0
2026-09-14,Distrito Comercial La Paz,GASOLINA ESPECIAL + (S/DSI),Gasolina Especial +,GASOLINA_ESPECIAL_MAS,EST. SERV. ESUR GHS LTDA.,36000.0
2026-09-14,Distrito Comercial La Paz,GASOLINA ESPECIAL + (S/DSI),Gasolina Especial +,GASOLINA_ESPECIAL_MAS,EST. SERV. EMP. COM. HID. TUPAC KATARI S.R.L.,36000.0
2026-09-14,Distrito Comercial La Paz,GASOLINA ESPECIAL + (S/DSI),Gasolina Especial +,GASOLINA_ESPECIAL_MAS,EST. SERV. CRISTO AUTO GAS SRL.,24000.0
2026-09-14,Distrito Comercial La Paz,GASOLINA ESPECIAL + (S/DSI),Gasolina Especial +,GASOLINA_ESPECIAL_MAS,EST. SERV. COSTANERA SRL.,24000.0
2026-09-14,Distrito Comercial La Paz,GASOLINA ESPECIAL + (S/DSI),Gasolina Especial +,GASOLINA_ESPECIAL_MAS,EST. SERV. CHASQUIPAMPA S.R.L.,24000.0
2026-09-14,Distrito Comercial La Paz,GASOLINA ESPECIAL + (S/DSI),Gasolina Especial +,GASOLINA_ESPECIAL_MAS,EST. SERV. CHALY,12000.0
2026-09-14,Distrito Comercial La Paz,GASOLINA ESPECIAL + (S/DSI),Gasolina Especial +,GASOLINA_ESPECIAL_MAS,EST. SERV. CARSUR S.R.L.,48000.0
2026-09-14,Distrito Comercial La Paz,GASOLINA ESPECIAL + (S/DSI),Gasolina Especial +,GASOLINA_ESPECIAL_MAS,EST. SERV. CANDELARIA,18000.0
2026-09-14,Distrito Comercial La Paz,GASOLINA ESPECIAL + (S/DSI),Gasolina Especial +,GASOLINA_ESPECIAL_MAS,EST. SERV. BOLIVIA ZURSIL S.R.L.,12000.0
2026-09-14,Distrito Comercial La Paz,GASOLINA ESPECIAL + (S/DSI),Gasolina Especial +,GASOLINA_ESPECIAL_MAS,EST. SERV. BASSAM LTDA,36000.0
2026-09-14,Distrito Comercial La Paz,GASOLINA ESPECIAL + (S/DSI),Gasolina Especial +,GASOLINA_ESPECIAL_MAS,EST. SERV. ACB SAN JORGE,24000.0
2026-09-14,Distrito Comercial La Paz,GASOLINA ESPECIAL + (S/DSI),Gasolina Especial +,GASOLINA_ESPECIAL_MAS,EST. SERV. ACB CALACOTO,36000.0
2026-09-14,Distrito Comercial La Paz,GASOLINA ESPECIAL + (S/DSI),Gasolina Especial +,GASOLINA_ESPECIAL_MAS,EST. SERV. 6 DE MARZO,18000.0
2026-09-14,Distrito Comercial La Paz,GLP DISTRIB. 10 KILOS NAL,GLP,GLP,DIST. GLP PALOS BLANCOS - SDENKA PEREZ LARICO,18000.0
2026-09-14,Distrito Comercial La Paz,GLP DISTRIB. 45 KILOS NAL,GLP,GLP,SAN JUDAS TADEO SOCIEDAD DE RESPONSABILIDAD LIMITADA,2700.0
2026-09-14,Distrito Comercial La Paz,GLP DISTRIB. 45 KILOS NAL,GLP,GLP,DIST. GLP. SAMO S.A.,4500.0
2026-09-14,Distrito Comercial La Paz,GLP DISTRIB. 45 KILOS NAL,GLP,GLP,DIST. GLP. PROGAS S.R.L.,1800.0
2026-09-14,Distrito Comercial La Paz,GLP DISTRIB. 45 KILOS NAL,GLP,GLP,DIST. GLP. ESMERALDA GAS SRL.,1800.0
2026-09-14,Distrito Comercial La Paz,GLP DISTRIB. 45 KILOS NAL,GLP,GLP,A.A.V.V. GAS S.R.L.,2250.0
2026-09-14,Distrito Comercial La Paz,GLP DISTRIB. 10 KILOS NAL,GLP,GLP,SANDRA CALLIZAYA CH. - DIST. GLP OMASUYOS,9000.0
2026-09-14,Distrito Comercial La Paz,GLP DISTRIB. 10 KILOS NAL,GLP,GLP,GENARA CAPIA DE FERNANDEZ - DIST. GLP SEVERO FERNANDEZ CH.,33000.0
2026-09-14,Distrito Comercial La Paz,GLP DISTRIB. 10 KILOS NAL,GLP,GLP,EMPRESA DISTRIBUIDORA DE GAS LICUADO GLP LOS NIETOS S.R.L,9000.0
2026-09-14,Distrito Comercial La Paz,GLP DISTRIB. 10 KILOS NAL,GLP,GLP,DISTRIBUIDORA DE GLP SAN FRANCISCO -LUCIANO SILLO CONDORI S.R.L.,21520.0
2026-09-14,Distrito Comercial La Paz,GLP DISTRIB. 10 KILOS NAL,GLP,GLP,DISTRIBUIDORA DE GAS LICUADO ALEJANDRA S.R.L.,8840.0
2026-09-14,Distrito Comercial La Paz,GLP DISTRIB. 10 KILOS NAL,GLP,GLP,"DISTRIBUIDORA DE G.L.P. ""TIPUANI"" S.R.L.",17680.0
2026-09-14,Distrito Comercial La Paz,GLP DISTRIB. 10 KILOS NAL,GLP,GLP,DIST. GLP. PEREZ,9000.0
2026-09-14,Distrito Comercial La Paz,GLP DISTRIB. 10 KILOS NAL,GLP,GLP,DIST. GLP. LA CALZADA-SUD YUNGAS,8750.0
2026-09-14,Distrito Comercial La Paz,GLP DISTRIB. 10 KILOS NAL,GLP,GLP,DIST. GLP. DISANDES S.R.L.,12000.0
2026-09-14,Distrito Comercial La Paz,GLP DISTRIB. 10 KILOS NAL,GLP,GLP,DIST. GLP. COPACABANA GAS LTDA.,8500.0
2026-09-14,Distrito Comercial La Paz,GLP DISTRIB. 10 KILOS NAL,GLP,GLP,DIST. GLP SORATA PERLA ANDINA S.R.L.,7500.0
2026-09-14,Distrito Comercial La Paz,GLP DISTRIB. 10 KILOS NAL,GLP,GLP,DIST. GLP HERMANAS DURAN AGUILAR - MARLENE F. DURAN AGUILAR,5000.0
2026-09-14,Distrito Comercial La Paz,GLP DISTRIB. 10 KILOS NAL,GLP,GLP,DIST. GLP FLOR DEL NORTE S.R.L.,18000.0
2026-09-14,Distrito Comercial La Paz,GLP DISTRIB. 10 KILOS NAL,GLP,GLP,DIST. GLP ANGELES,12000.0
2026-09-14,Distrito Comercial La Paz,GLP DISTRIB. 10 KILOS NAL,GLP,GLP,AXEL GAS S.R.L.,6000.0
2026-09-14,Distrito Comercial La Paz,GLP DISTRIB. 10 KILOS NAL,GLP,GLP,ALEXSUS GAS S.R.L.,9000.0
2026-09-14,Distrito Comercial La Paz,GLP DISTRIB. 10 KILOS NAL,GLP,GLP,SAN JUDAS TADEO SOCIEDAD DE RESPONSABILIDAD LIMITADA,36000.0
2026-09-14,Distrito Comercial La Paz,GLP DISTRIB. 10 KILOS NAL,GLP,GLP,ISABEL DURAN DE ITURRI - DIST. GLP DURA GAS,36000.0
2026-09-14,Distrito Comercial La Paz,GLP DISTRIB. 10 KILOS NAL,GLP,GLP,GMGRECO GAS SOCIEDAD DE RESPONSABILIDAD LIMITADA,36000.0
2026-09-14,Distrito Comercial La Paz,GLP DISTRIB. 10 KILOS NAL,GLP,GLP,DIST. GLP. VIAGAS,45000.0
2026-09-14,Distrito Comercial La Paz,GLP DISTRIB. 10 KILOS NAL,GLP,GLP,DIST. GLP. TRIPETROL S.R.L.,42000.0
2026-09-14,Distrito Comercial La Paz,GLP DISTRIB. 10 KILOS NAL,GLP,GLP,DIST. GLP. SOCIEDAD PETROLERA SANTA ELENA S.R.L. (SOPESE S.R.L.),36000.0
2026-09-14,Distrito Comercial La Paz,GLP DISTRIB. 10 KILOS NAL,GLP,GLP,DIST. GLP. SAMO S.A.,36000.0
2026-09-14,Distrito Comercial La Paz,GLP DISTRIB. 10 KILOS NAL,GLP,GLP,DIST. GLP. PROGAS S.R.L.,36000.0
2026-09-14,Distrito Comercial La Paz,GLP DISTRIB. 10 KILOS NAL,GLP,GLP,DIST. GLP. ESMERALDA GAS SRL.,36000.0
2026-09-14,Distrito Comercial La Paz,GLP DISTRIB. 10 KILOS NAL,GLP,GLP,A.A.V.V. GAS S.R.L.,36000.0
2026-09-12,Distrito Comercial La Paz,GASOLINA ESPECIAL + EESS,Gasolina Especial +,GASOLINA_ESPECIAL_MAS,MARIO ALVAREZ M. EST. SERV. ALVAPETROL,20000.0
2026-09-12,Distrito Comercial La Paz,GASOLINA ESPECIAL + (S/DSI),Gasolina Especial +,GASOLINA_ESPECIAL_MAS,NEW PETROL BOLIVIA SUCURSAL 2,24000.0
2026-09-12,Distrito Comercial La Paz,GASOLINA ESPECIAL + (S/DSI),Gasolina Especial +,GASOLINA_ESPECIAL_MAS,EST. SERV. JAIMES FREYRE,36000.0
2026-09-12,Distrito Comercial La Paz,DIESEL OIL NACIONAL EESS,Diesel Oil Nacional,DIESEL_NACIONAL,EST. SERV. GASOLCAMP S.R.L.,24000.0
2026-09-12,Distrito Comercial La Paz,DIESEL OIL IMPORTADO EESS,Diesel Oil Importado,DIESEL_IMPORTADO,NEW PETROL BOLIVIA SUCURSAL 2,24000.0
2026-09-12,Distrito Comercial La Paz,DIESEL OIL IMPORTADO EESS,Diesel Oil Importado,DIESEL_IMPORTADO,"EMPRESA COMERCIALIZADORA, DISTRIBUIDORA DE SERVICIOS Y CARBURANTES ARUZCA MORALES S.R.L.",24000.0
2026-09-12,Distrito Comercial La Paz,DIESEL OIL IMPORTADO EESS,Diesel Oil Importado,DIESEL_IMPORTADO,CHOROPAMPA S.R.L.,24000.0
2026-09-12,Distrito Comercial La Paz,DIESEL OIL IMPORTADO EESS,Diesel Oil Importado,DIESEL_IMPORTADO,EST. SERV. VOLCAN S.R.L.,48000.0
2026-09-12,Distrito Comercial La Paz,DIESEL OIL IMPORTADO EESS,Diesel Oil Importado,DIESEL_IMPORTADO,EST. SERV. LOS ANDES SRL,14000.0
2026-09-12,Distrito Comercial La Paz,DIESEL OIL NACIONAL EESS,Diesel Oil Nacional,DIESEL_NACIONAL,EST. SERV. BALLIVIAN,12000.0
2026-09-12,Distrito Comercial La Paz,DIESEL OIL IMPORTADO EESS,Diesel Oil Importado,DIESEL_IMPORTADO,EST. SERV. QHANTATI SRL.,24000.0
2026-09-12,Distrito Comercial La Paz,DIESEL OIL IMPORTADO EESS,Diesel Oil Importado,DIESEL_IMPORTADO,EST. SERV. EL PARAISO SRL.,20000.0
2026-09-12,Distrito Comercial La Paz,DIESEL OIL IMPORTADO EESS,Diesel Oil Importado,DIESEL_IMPORTADO,EST. SERV. APOSTOL SANTIAGO,24000.0
2026-09-12,Distrito Comercial La Paz,GASOLINA ESPECIAL + EESS,Gasolina Especial +,GASOLINA_ESPECIAL_MAS,FREDY LIMACHI CHALLCO - EST. SERV. DON LEO,22000.0
2026-09-12,Distrito Comercial La Paz,DIESEL OIL NACIONAL EESS,Diesel Oil Nacional,DIESEL_NACIONAL,PANAMERICANA INTERNACIONAL S.R.L. PAINTER S.R.L.,22000.0
2026-09-12,Distrito Comercial La Paz,DIESEL OIL NACIONAL EESS,Diesel Oil Nacional,DIESEL_NACIONAL,ESTACION DE SERVICIOS YARA S.R.L.,22000.0
2026-09-12,Distrito Comercial La Paz,DIESEL OIL NACIONAL EESS,Diesel Oil Nacional,DIESEL_NACIONAL,ESTACION DE SERVICIO TEOPONTE S.R.L.,22000.0
2026-09-12,Distrito Comercial La Paz,DIESEL OIL NACIONAL EESS,Diesel Oil Nacional,DIESEL_NACIONAL,EST. SERV. UCHUMACHI,20000.0
2026-09-12,Distrito Comercial La Paz,DIESEL OIL NACIONAL EESS,Diesel Oil Nacional,DIESEL_NACIONAL,EST. SERV. NETANEL,12000.0
2026-09-12,Distrito Comercial La Paz,DIESEL OIL NACIONAL EESS,Diesel Oil Nacional,DIESEL_NACIONAL,EST. SERV. CARBURANTES SAN MIGUEL,22000.0
2026-09-12,Distrito Comercial La Paz,DIESEL OIL NACIONAL EESS,Diesel Oil Nacional,DIESEL_NACIONAL,EST. SERV. ACHACACHI S.R.L.,20000.0
2026-09-12,Distrito Comercial La Paz,DIESEL OIL NACIONAL EESS,Diesel Oil Nacional,DIESEL_NACIONAL,CLEMENTINA FANNY MAMANI MORALES - EST. SERV. LAHUACHACA Y DISTRIBUCION DE GLP,22000.0
2026-09-12,Distrito Comercial La Paz,DIESEL OIL IMPORTADO EESS,Diesel Oil Importado,DIESEL_IMPORTADO,MARIA PATZI-EST. SERV. VARELA,20000.0
2026-09-12,Distrito Comercial La Paz,DIESEL OIL IMPORTADO EESS,Diesel Oil Importado,DIESEL_IMPORTADO,GREGORIO CUENTAS M. EST. SERV. DRAGON DE ORO,12000.0
2026-09-12,Distrito Comercial La Paz,DIESEL OIL IMPORTADO EESS,Diesel Oil Importado,DIESEL_IMPORTADO,GAS SAN FELIPE S.R.L.,20000.0
2026-09-12,Distrito Comercial La Paz,DIESEL OIL IMPORTADO EESS,Diesel Oil Importado,DIESEL_IMPORTADO,ESTACIÓN DE SERVICIO LAS ROSAS S.R.L.,18000.0
2026-09-12,Distrito Comercial La Paz,DIESEL OIL IMPORTADO EESS,Diesel Oil Importado,DIESEL_IMPORTADO,ESTACION DE SERVICIOS NIMAGASBOL S.R.L.,48000.0
2026-09-12,Distrito Comercial La Paz,DIESEL OIL IMPORTADO EESS,Diesel Oil Importado,DIESEL_IMPORTADO,ESTACION DE SERVICIO TEJADA TRIANGULAR,18000.0
2026-09-12,Distrito Comercial La Paz,DIESEL OIL IMPORTADO EESS,Diesel Oil Importado,DIESEL_IMPORTADO,ESTACION DE SERVICIO SEÑOR DE MAYO S.R.L.,20000.0
2026-09-12,Distrito Comercial La Paz,DIESEL OIL IMPORTADO EESS,Diesel Oil Importado,DIESEL_IMPORTADO,ESTACION DE SERVICIO FULL TANK S.R.L.,24000.0
2026-09-12,Distrito Comercial La Paz,DIESEL OIL IMPORTADO EESS,Diesel Oil Importado,DIESEL_IMPORTADO,ESTACION DE SERVICIO CHALLAPAMPA S.R.L.,12000.0
2026-09-12,Distrito Comercial La Paz,DIESEL OIL IMPORTADO EESS,Diesel Oil Importado,DIESEL_IMPORTADO,ESTACION DE SERVICIO CALUYO S.R.L.,24000.0
2026-09-12,Distrito Comercial La Paz,DIESEL OIL IMPORTADO EESS,Diesel Oil Importado,DIESEL_IMPORTADO,EST. SERV. TEXAS S.R.L.,12000.0
2026-09-12,Distrito Comercial La Paz,DIESEL OIL IMPORTADO EESS,Diesel Oil Importado,DIESEL_IMPORTADO,EST. SERV. SAN PABLO VILLA BOLIVAR S.R.L.,24000.0
2026-09-12,Distrito Comercial La Paz,DIESEL OIL IMPORTADO EESS,Diesel Oil Importado,DIESEL_IMPORTADO,EST. SERV. PLAYA VERDE,24000.0
2026-09-12,Distrito Comercial La Paz,DIESEL OIL IMPORTADO EESS,Diesel Oil Importado,DIESEL_IMPORTADO,EST. SERV. PEREZ ROCHA SRL.,20000.0
2026-09-12,Distrito Comercial La Paz,DIESEL OIL IMPORTADO EESS,Diesel Oil Importado,DIESEL_IMPORTADO,EST. SERV. M&G CAMINO REAL,20000.0
2026-09-12,Distrito Comercial La Paz,DIESEL OIL IMPORTADO EESS,Diesel Oil Importado,DIESEL_IMPORTADO,EST. SERV. INTEROCEANICO,20000.0
2026-09-12,Distrito Comercial La Paz,DIESEL OIL IMPORTADO EESS,Diesel Oil Importado,DIESEL_IMPORTADO,EST. SERV. ILLIMANI S.R.L.,24000.0
2026-09-12,Distrito Comercial La Paz,DIESEL OIL IMPORTADO EESS,Diesel Oil Importado,DIESEL_IMPORTADO,EST. SERV. GALAXIA S.R.L.,20000.0
2026-09-12,Distrito Comercial La Paz,DIESEL OIL IMPORTADO EESS,Diesel Oil Importado,DIESEL_IMPORTADO,EST. SERV. EDUARDO YUPANQUI,18000.0
2026-09-12,Distrito Comercial La Paz,DIESEL OIL IMPORTADO EESS,Diesel Oil Importado,DIESEL_IMPORTADO,EST. SERV. CUENTAS SAN PABLO II S.R.L.,20000.0
2026-09-12,Distrito Comercial La Paz,DIESEL OIL IMPORTADO EESS,Diesel Oil Importado,DIESEL_IMPORTADO,EST. SERV. CHUSAMARCA,20000.0
2026-09-12,Distrito Comercial La Paz,DIESEL OIL IMPORTADO EESS,Diesel Oil Importado,DIESEL_IMPORTADO,EST. SERV. ALTO LIMA S.R.L.,12000.0
2026-09-12,Distrito Comercial La Paz,DIESEL OIL IMPORTADO EESS,Diesel Oil Importado,DIESEL_IMPORTADO,ELSA CHIPANA H. - EST. SERV. ECOPETROL,48000.0
2026-09-12,Distrito Comercial La Paz,DIESEL OIL IMPORTADO EESS,Diesel Oil Importado,DIESEL_IMPORTADO,ELDA S. AGUILAR V. - EST. SERV. JUAN PABLO II,24000.0
2026-09-12,Distrito Comercial La Paz,DIESEL OIL IMPORTADO EESS,Diesel Oil Importado,DIESEL_IMPORTADO,EDUARDO YUPANQUI Q.-EST. SERV. VENTILLA,24000.0
2026-09-12,Distrito Comercial La Paz,DIESEL OIL IMPORTADO EESS,Diesel Oil Importado,DIESEL_IMPORTADO,DISTRIBUIDORA DE GASOLINA Y LUBRICANTES SAN PABLO S.R.L.,12000.0
2026-09-12,Distrito Comercial La Paz,GASOLINA ESPECIAL + EESS,Gasolina Especial +,GASOLINA_ESPECIAL_MAS,GASOLINERA HUATAJATA S.R.L.,20000.0
2026-09-12,Distrito Comercial La Paz,DIESEL OIL NACIONAL EESS,Diesel Oil Nacional,DIESEL_NACIONAL,SILVIA TORREZ.- EST. SERV. TORREZ,22000.0
2026-09-12,Distrito Comercial La Paz,DIESEL OIL NACIONAL EESS,Diesel Oil Nacional,DIESEL_NACIONAL,SANTA ROSA PERLA DEL BENI S.R.L.,12000.0
2026-09-12,Distrito Comercial La Paz,DIESEL OIL NACIONAL EESS,Diesel Oil Nacional,DIESEL_NACIONAL,IVAN MATIAS V. - EST. SERV. REYES MATIAS,12000.0
2026-09-12,Distrito Comercial La Paz,DIESEL OIL NACIONAL EESS,Diesel Oil Nacional,DIESEL_NACIONAL,FREDY LIMACHI CHALLCO - EST. SERV. DON LEO,12000.0
2026-09-12,Distrito Comercial La Paz,DIESEL OIL NACIONAL EESS,Diesel Oil Nacional,DIESEL_NACIONAL,ESTACION DE SERVICIO GERENCIA AYMARA S.R.L.,22000.0
2026-09-12,Distrito Comercial La Paz,DIESEL OIL NACIONAL EESS,Diesel Oil Nacional,DIESEL_NACIONAL,ESTACION DE SERVICIO GASOLINERA CRUCE DE ORO S.R.L.,22000.0
2026-09-12,Distrito Comercial La Paz,DIESEL OIL NACIONAL EESS,Diesel Oil Nacional,DIESEL_NACIONAL,ESTACION DE SERVICIO ESPIGA DE ORO S.R.L.,12000.0
2026-09-12,Distrito Comercial La Paz,DIESEL OIL NACIONAL EESS,Diesel Oil Nacional,DIESEL_NACIONAL,EST. SERV. RIO MANIQUI - FATIMA FORERO B.,12000.0
2026-09-12,Distrito Comercial La Paz,DIESEL OIL NACIONAL EESS,Diesel Oil Nacional,DIESEL_NACIONAL,EST. SERV. IRIARTE SAN BORJA,12000.0
2026-09-12,Distrito Comercial La Paz,DIESEL OIL IMPORTADO EESS,Diesel Oil Importado,DIESEL_IMPORTADO,MARIANA J. CAMACHO RAMIREZ - PUESTO DE VENTA MIMARBOZO,12000.0
2026-09-12,Distrito Comercial La Paz,DIESEL OIL IMPORTADO EESS,Diesel Oil Importado,DIESEL_IMPORTADO,ZURSIL S.R.L. - E.S.T.,48000.0
2026-09-12,Distrito Comercial La Paz,DIESEL OIL IMPORTADO EESS,Diesel Oil Importado,DIESEL_IMPORTADO,ESTACIÓN DE SERVICIO ALIMARC INTER GAS BOLIVIA S.R.L.,48000.0
2026-09-12,Distrito Comercial La Paz,DIESEL OIL IMPORTADO EESS,Diesel Oil Importado,DIESEL_IMPORTADO,ESTACION DE SERVICIO ZOFRI S.R.L.,48000.0
2026-09-12,Distrito Comercial La Paz,DIESEL OIL IMPORTADO EESS,Diesel Oil Importado,DIESEL_IMPORTADO,ESTACION DE SERVICIO SAN SEBASTIAN S.R.L.,48000.0
2026-09-12,Distrito Comercial La Paz,DIESEL OIL IMPORTADO EESS,Diesel Oil Importado,DIESEL_IMPORTADO,ESTACION DE SERVICIO LOS ROSALES,24000.0
2026-09-12,Distrito Comercial La Paz,DIESEL OIL IMPORTADO EESS,Diesel Oil Importado,DIESEL_IMPORTADO,ESTACION DE SERVICIO C. REDENTOR S.R.L.,48000.0
2026-09-12,Distrito Comercial La Paz,DIESEL OIL IMPORTADO EESS,Diesel Oil Importado,DIESEL_IMPORTADO,EST. SERV. LAREDO SRL,48000.0
2026-09-12,Distrito Comercial La Paz,DIESEL OIL IMPORTADO EESS,Diesel Oil Importado,DIESEL_IMPORTADO,EST. SERV. ESUR GHS LTDA.,12000.0
2026-09-12,Distrito Comercial La Paz,DIESEL OIL IMPORTADO EESS,Diesel Oil Importado,DIESEL_IMPORTADO,EST. SERV. CHASQUIPAMPA S.R.L.,18000.0
2026-09-12,Distrito Comercial La Paz,DIESEL OIL IMPORTADO EESS,Diesel Oil Importado,DIESEL_IMPORTADO,EST. SERV. CANDELARIA,48000.0
2026-09-12,Distrito Comercial La Paz,DIESEL OIL IMPORTADO EESS,Diesel Oil Importado,DIESEL_IMPORTADO,EST. SERV. BOLIVIA ZURSIL S.R.L.,12000.0
2026-09-12,Distrito Comercial La Paz,DIESEL OIL IMPORTADO EESS,Diesel Oil Importado,DIESEL_IMPORTADO,EST. SERV. BASSAM LTDA,20000.0
2026-09-12,Distrito Comercial La Paz,DIESEL OIL IMPORTADO EESS,Diesel Oil Importado,DIESEL_IMPORTADO,EST. SERV. 6 DE MARZO,48000.0
2026-09-12,Distrito Comercial La Paz,GASOLINA ESPECIAL + EESS,Gasolina Especial +,GASOLINA_ESPECIAL_MAS,OFELIA PLATA P. - EST. SERV. DARTAÑAN,24000.0
2026-09-12,Distrito Comercial La Paz,GASOLINA ESPECIAL + (S/DSI),Gasolina Especial +,GASOLINA_ESPECIAL_MAS,"EMPRESA COMERCIALIZADORA, DISTRIBUIDORA DE SERVICIOS Y CARBURANTES ARUZCA MORALES S.R.L.",20000.0
2026-09-12,Distrito Comercial La Paz,GLP DISTRIB. 10 KILOS NAL,GLP,GLP,DIST. GLP FLOR DEL NORTE S.R.L.,9000.0
2026-09-12,Distrito Comercial La Paz,GASOLINA ESPECIAL + EESS,Gasolina Especial +,GASOLINA_ESPECIAL_MAS,SILVIA TORREZ.- EST. SERV. TORREZ,22000.0
2026-09-12,Distrito Comercial La Paz,GASOLINA ESPECIAL + EESS,Gasolina Especial +,GASOLINA_ESPECIAL_MAS,SANTA ROSA PERLA DEL BENI S.R.L.,12000.0
2026-09-12,Distrito Comercial La Paz,GASOLINA ESPECIAL + EESS,Gasolina Especial +,GASOLINA_ESPECIAL_MAS,OFELIA PLATA P. - EST. SERV. UMAMARCA,24000.0
2026-09-12,Distrito Comercial La Paz,GASOLINA ESPECIAL + EESS,Gasolina Especial +,GASOLINA_ESPECIAL_MAS,IVAN MATIAS V. - EST. SERV. REYES MATIAS,12000.0
2026-09-12,Distrito Comercial La Paz,GASOLINA ESPECIAL + EESS,Gasolina Especial +,GASOLINA_ESPECIAL_MAS,ESTACION DE SERVICIO MEJIA S.R.L.,22000.0
2026-09-12,Distrito Comercial La Paz,GASOLINA ESPECIAL + EESS,Gasolina Especial +,GASOLINA_ESPECIAL_MAS,ESTACION DE SERVICIO HUANCANE Y TRANSPORTE S.R.L.,22000.0
2026-09-12,Distrito Comercial La Paz,GASOLINA ESPECIAL + EESS,Gasolina Especial +,GASOLINA_ESPECIAL_MAS,ESTACION DE SERVICIO GERENCIA AYMARA S.R.L.,22000.0
2026-09-12,Distrito Comercial La Paz,GASOLINA ESPECIAL + EESS,Gasolina Especial +,GASOLINA_ESPECIAL_MAS,ESTACION DE SERVICIO ESPIGA DE ORO S.R.L.,12000.0
2026-09-12,Distrito Comercial La Paz,GASOLINA ESPECIAL + EESS,Gasolina Especial +,GASOLINA_ESPECIAL_MAS,EST. SERV. UCHUMACHI,22000.0
2026-09-12,Distrito Comercial La Paz,GASOLINA ESPECIAL + EESS,Gasolina Especial +,GASOLINA_ESPECIAL_MAS,EST. SERV. RIO MANIQUI - FATIMA FORERO B.,22000.0
2026-09-12,Distrito Comercial La Paz,GASOLINA ESPECIAL + EESS,Gasolina Especial +,GASOLINA_ESPECIAL_MAS,EST. SERV. NETANEL,12000.0
2026-09-12,Distrito Comercial La Paz,GASOLINA ESPECIAL + EESS,Gasolina Especial +,GASOLINA_ESPECIAL_MAS,EST. SERV. IRIARTE SAN BORJA,12000.0
2026-09-12,Distrito Comercial La Paz,GASOLINA ESPECIAL + EESS,Gasolina Especial +,GASOLINA_ESPECIAL_MAS,EST. SERV. FLOR DE CAÑA S.R.L.,22000.0
2026-09-12,Distrito Comercial La Paz,GASOLINA ESPECIAL + EESS,Gasolina Especial +,GASOLINA_ESPECIAL_MAS,EST. SERV. BALLIVIAN,12000.0
2026-09-12,Distrito Comercial La Paz,GASOLINA ESPECIAL + EESS,Gasolina Especial +,GASOLINA_ESPECIAL_MAS,CLEMENTINA FANNY MAMANI MORALES - EST. SERV. LAHUACHACA Y DISTRIBUCION DE GLP,22000.0
2026-09-12,Distrito Comercial La Paz,GASOLINA ESPECIAL + (S/DSI),Gasolina Especial +,GASOLINA_ESPECIAL_MAS,MARIANA J. CAMACHO RAMIREZ - PUESTO DE VENTA MIMARBOZO,12000.0
2026-09-12,Distrito Comercial La Paz,GASOLINA ESPECIAL + (S/DSI),Gasolina Especial +,GASOLINA_ESPECIAL_MAS,EFRAIN LOPEZ LUCANA,12000.0
2026-09-12,Distrito Comercial La Paz,GASOLINA ESPECIAL + (S/DSI),Gasolina Especial +,GASOLINA_ESPECIAL_MAS,ZURSIL S.R.L. - E.S.T.,18000.0
2026-09-12,Distrito Comercial La Paz,GASOLINA ESPECIAL + (S/DSI),Gasolina Especial +,GASOLINA_ESPECIAL_MAS,MARIA PATZI-EST. SERV. VARELA,12000.0
2026-09-12,Distrito Comercial La Paz,GASOLINA ESPECIAL + (S/DSI),Gasolina Especial +,GASOLINA_ESPECIAL_MAS,GRUPO EMPRESARIAL VIRGEN DE LOS ALAMOS S.R.L.,24000.0
2026-09-12,Distrito Comercial La Paz,GASOLINA ESPECIAL + (S/DSI),Gasolina Especial +,GASOLINA_ESPECIAL_MAS,GREGORIO CUENTAS M. EST. SERV. DRAGON DE ORO,24000.0
2026-09-12,Distrito Comercial La Paz,GASOLINA ESPECIAL + (S/DSI),Gasolina Especial +,GASOLINA_ESPECIAL_MAS,GAS SAN FELIPE S.R.L.,24000.0
2026-09-12,Distrito Comercial La Paz,GASOLINA ESPECIAL + (S/DSI),Gasolina Especial +,GASOLINA_ESPECIAL_MAS,ESTACIÓN DE SERVICIO LAS ROSAS S.R.L.,20000.0
2026-09-12,Distrito Comercial La Paz,GASOLINA ESPECIAL + (S/DSI),Gasolina Especial +,GASOLINA_ESPECIAL_MAS,ESTACIÓN DE SERVICIO ALIMARC INTER GAS BOLIVIA S.R.L.,18000.0
2026-09-12,Distrito Comercial La Paz,GASOLINA ESPECIAL + (S/DSI),Gasolina Especial +,GASOLINA_ESPECIAL_MAS,ESTACION DE SERVICIOS NIMAGASBOL S.R.L.,12000.0
2026-09-12,Distrito Comercial La Paz,GASOLINA ESPECIAL + (S/DSI),Gasolina Especial +,GASOLINA_ESPECIAL_MAS,ESTACION DE SERVICIO ZOFRI S.R.L.,18000.0
2026-09-12,Distrito Comercial La Paz,GASOLINA ESPECIAL + (S/DSI),Gasolina Especial +,GASOLINA_ESPECIAL_MAS,ESTACION DE SERVICIO TERRAGAS LTDA,24000.0
2026-09-12,Distrito Comercial La Paz,GASOLINA ESPECIAL + (S/DSI),Gasolina Especial +,GASOLINA_ESPECIAL_MAS,ESTACION DE SERVICIO TEJADA TRIANGULAR,24000.0
2026-09-12,Distrito Comercial La Paz,GASOLINA ESPECIAL + (S/DSI),Gasolina Especial +,GASOLINA_ESPECIAL_MAS,ESTACION DE SERVICIO SEÑOR DE MAYO S.R.L.,24000.0
2026-09-12,Distrito Comercial La Paz,GASOLINA ESPECIAL + (S/DSI),Gasolina Especial +,GASOLINA_ESPECIAL_MAS,ESTACION DE SERVICIO SAN SEBASTIAN S.R.L.,18000.0
2026-09-12,Distrito Comercial La Paz,GASOLINA ESPECIAL + (S/DSI),Gasolina Especial +,GASOLINA_ESPECIAL_MAS,ESTACION DE SERVICIO LOZA - MARCELINA AGUIRRE VDA. DE LOZA,24000.0
2026-09-12,Distrito Comercial La Paz,GASOLINA ESPECIAL + (S/DSI),Gasolina Especial +,GASOLINA_ESPECIAL_MAS,ESTACION DE SERVICIO LOS ROSALES,24000.0
2026-09-12,Distrito Comercial La Paz,GASOLINA ESPECIAL + (S/DSI),Gasolina Especial +,GASOLINA_ESPECIAL_MAS,ESTACION DE SERVICIO KORY INTI S.R.L.,12000.0
2026-09-12,Distrito Comercial La Paz,GASOLINA ESPECIAL + (S/DSI),Gasolina Especial +,GASOLINA_ESPECIAL_MAS,ESTACION DE SERVICIO KANTUTA S.R.L.,24000.0
2026-09-12,Distrito Comercial La Paz,GASOLINA ESPECIAL + (S/DSI),Gasolina Especial +,GASOLINA_ESPECIAL_MAS,ESTACION DE SERVICIO JACHA INTI S.R.L.,24000.0
2026-09-12,Distrito Comercial La Paz,GASOLINA ESPECIAL + (S/DSI),Gasolina Especial +,GASOLINA_ESPECIAL_MAS,ESTACION DE SERVICIO FULL TANK S.R.L.,18000.0
2026-09-12,Distrito Comercial La Paz,GASOLINA ESPECIAL + (S/DSI),Gasolina Especial +,GASOLINA_ESPECIAL_MAS,ESTACION DE SERVICIO CALUYO S.R.L.,20000.0
2026-09-12,Distrito Comercial La Paz,GASOLINA ESPECIAL + (S/DSI),Gasolina Especial +,GASOLINA_ESPECIAL_MAS,ESTACION DE SERVICIO C. REDENTOR S.R.L.,18000.0
2026-09-12,Distrito Comercial La Paz,GASOLINA ESPECIAL + (S/DSI),Gasolina Especial +,GASOLINA_ESPECIAL_MAS,EST. SERV. YUPANQUI,20000.0
2026-09-12,Distrito Comercial La Paz,GASOLINA ESPECIAL + (S/DSI),Gasolina Especial +,GASOLINA_ESPECIAL_MAS,EST. SERV. VOLCAN S.R.L.,48000.0
2026-09-12,Distrito Comercial La Paz,GASOLINA ESPECIAL + (S/DSI),Gasolina Especial +,GASOLINA_ESPECIAL_MAS,EST. SERV. TEXAS S.R.L.,24000.0
2026-09-12,Distrito Comercial La Paz,GASOLINA ESPECIAL + (S/DSI),Gasolina Especial +,GASOLINA_ESPECIAL_MAS,EST. SERV. SURTIDORES UNITOURS LTDA.,12000.0
2026-09-12,Distrito Comercial La Paz,GASOLINA ESPECIAL + (S/DSI),Gasolina Especial +,GASOLINA_ESPECIAL_MAS,EST. SERV. SOC. IND. COM. G.L.P.H. LTDA,24000.0
2026-09-12,Distrito Comercial La Paz,GASOLINA ESPECIAL + (S/DSI),Gasolina Especial +,GASOLINA_ESPECIAL_MAS,EST. SERV. SIEMPRE A FULL MIRAFLORES S.R.L. (SAF),36000.0
2026-09-12,Distrito Comercial La Paz,GASOLINA ESPECIAL + (S/DSI),Gasolina Especial +,GASOLINA_ESPECIAL_MAS,EST. SERV. SAN PABLO VILLA BOLIVAR S.R.L.,24000.0
2026-09-12,Distrito Comercial La Paz,GASOLINA ESPECIAL + (S/DSI),Gasolina Especial +,GASOLINA_ESPECIAL_MAS,EST. SERV. SALIDA LTDA,20000.0
2026-09-12,Distrito Comercial La Paz,GASOLINA ESPECIAL + (S/DSI),Gasolina Especial +,GASOLINA_ESPECIAL_MAS,EST. SERV. RACING GAS S.R.L.,24000.0
2026-09-12,Distrito Comercial La Paz,GASOLINA ESPECIAL + (S/DSI),Gasolina Especial +,GASOLINA_ESPECIAL_MAS,EST. SERV. QHANTATI SRL.,24000.0
2026-09-12,Distrito Comercial La Paz,GASOLINA ESPECIAL + (S/DSI),Gasolina Especial +,GASOLINA_ESPECIAL_MAS,EST. SERV. PLAYA VERDE,24000.0
2026-09-12,Distrito Comercial La Paz,GASOLINA ESPECIAL + (S/DSI),Gasolina Especial +,GASOLINA_ESPECIAL_MAS,EST. SERV. PEREZ ROCHA SRL.,24000.0
2026-09-12,Distrito Comercial La Paz,GASOLINA ESPECIAL + (S/DSI),Gasolina Especial +,GASOLINA_ESPECIAL_MAS,EST. SERV. MOTORECO SRL.,36000.0
2026-09-12,Distrito Comercial La Paz,GASOLINA ESPECIAL + (S/DSI),Gasolina Especial +,GASOLINA_ESPECIAL_MAS,EST. SERV. MARANATHA,24000.0
2026-09-12,Distrito Comercial La Paz,GASOLINA ESPECIAL + (S/DSI),Gasolina Especial +,GASOLINA_ESPECIAL_MAS,EST. SERV. M&G CAMINO REAL,24000.0
2026-09-12,Distrito Comercial La Paz,GASOLINA ESPECIAL + (S/DSI),Gasolina Especial +,GASOLINA_ESPECIAL_MAS,EST. SERV. LUBRICAN SRL,24000.0
2026-09-12,Distrito Comercial La Paz,GASOLINA ESPECIAL + (S/DSI),Gasolina Especial +,GASOLINA_ESPECIAL_MAS,EST. SERV. LAREDO SRL,18000.0
2026-09-12,Distrito Comercial La Paz,GASOLINA ESPECIAL + (S/DSI),Gasolina Especial +,GASOLINA_ESPECIAL_MAS,EST. SERV. INTEROCEANICO,24000.0
2026-09-12,Distrito Comercial La Paz,GASOLINA ESPECIAL + (S/DSI),Gasolina Especial +,GASOLINA_ESPECIAL_MAS,EST. SERV. ILLIMANI S.R.L.,20000.0
2026-09-12,Distrito Comercial La Paz,GASOLINA ESPECIAL + (S/DSI),Gasolina Especial +,GASOLINA_ESPECIAL_MAS,EST. SERV. GAS-MAY S.R.L.,24000.0
2026-09-12,Distrito Comercial La Paz,GASOLINA ESPECIAL + (S/DSI),Gasolina Especial +,GASOLINA_ESPECIAL_MAS,EST. SERV. GAS CENTRO S.R.L.,20000.0
2026-09-12,Distrito Comercial La Paz,GASOLINA ESPECIAL + (S/DSI),Gasolina Especial +,GASOLINA_ESPECIAL_MAS,EST. SERV. GALAXIA S.R.L.,18000.0
2026-09-12,Distrito Comercial La Paz,GASOLINA ESPECIAL + (S/DSI),Gasolina Especial +,GASOLINA_ESPECIAL_MAS,EST. SERV. ESUR GHS LTDA.,36000.0
2026-09-12,Distrito Comercial La Paz,GASOLINA ESPECIAL + (S/DSI),Gasolina Especial +,GASOLINA_ESPECIAL_MAS,EST. SERV. EMP. COM. HID. TUPAC KATARI S.R.L.,36000.0
2026-09-12,Distrito Comercial La Paz,GASOLINA ESPECIAL + (S/DSI),Gasolina Especial +,GASOLINA_ESPECIAL_MAS,EST. SERV. EL PARAISO SRL.,24000.0
2026-09-12,Distrito Comercial La Paz,GASOLINA ESPECIAL + (S/DSI),Gasolina Especial +,GASOLINA_ESPECIAL_MAS,EST. SERV. CUENTAS SAN PABLO II S.R.L.,24000.0
2026-09-12,Distrito Comercial La Paz,GASOLINA ESPECIAL + (S/DSI),Gasolina Especial +,GASOLINA_ESPECIAL_MAS,EST. SERV. CRISTO AUTO GAS SRL.,24000.0
2026-09-12,Distrito Comercial La Paz,GASOLINA ESPECIAL + (S/DSI),Gasolina Especial +,GASOLINA_ESPECIAL_MAS,EST. SERV. COSTANERA SRL.,24000.0
2026-09-12,Distrito Comercial La Paz,GASOLINA ESPECIAL + (S/DSI),Gasolina Especial +,GASOLINA_ESPECIAL_MAS,EST. SERV. CHUSAMARCA,12000.0
2026-09-12,Distrito Comercial La Paz,GASOLINA ESPECIAL + (S/DSI),Gasolina Especial +,GASOLINA_ESPECIAL_MAS,EST. SERV. CHASQUIPAMPA S.R.L.,24000.0
2026-09-12,Distrito Comercial La Paz,GASOLINA ESPECIAL + (S/DSI),Gasolina Especial +,GASOLINA_ESPECIAL_MAS,EST. SERV. CHALY,12000.0
2026-09-12,Distrito Comercial La Paz,GASOLINA ESPECIAL + (S/DSI),Gasolina Especial +,GASOLINA_ESPECIAL_MAS,EST. SERV. CARSUR S.R.L.,36000.0
2026-09-12,Distrito Comercial La Paz,GASOLINA ESPECIAL + (S/DSI),Gasolina Especial +,GASOLINA_ESPECIAL_MAS,EST. SERV. CANDELARIA,18000.0
2026-09-12,Distrito Comercial La Paz,GASOLINA ESPECIAL + (S/DSI),Gasolina Especial +,GASOLINA_ESPECIAL_MAS,EST. SERV. BOLIVIA ZURSIL S.R.L.,12000.0
2026-09-12,Distrito Comercial La Paz,GASOLINA ESPECIAL + (S/DSI),Gasolina Especial +,GASOLINA_ESPECIAL_MAS,EST. SERV. BASSAM LTDA,24000.0
2026-09-12,Distrito Comercial La Paz,GASOLINA ESPECIAL + (S/DSI),Gasolina Especial +,GASOLINA_ESPECIAL_MAS,EST. SERV. APOSTOL SANTIAGO,20000.0
2026-09-12,Distrito Comercial La Paz,GASOLINA ESPECIAL + (S/DSI),Gasolina Especial +,GASOLINA_ESPECIAL_MAS,EST. SERV. ALTO LIMA S.R.L.,20000.0
2026-09-12,Distrito Comercial La Paz,GASOLINA ESPECIAL + (S/DSI),Gasolina Especial +,GASOLINA_ESPECIAL_MAS,EST. SERV. ACB SAN JORGE,24000.0
2026-09-12,Distrito Comercial La Paz,GASOLINA ESPECIAL + (S/DSI),Gasolina Especial +,GASOLINA_ESPECIAL_MAS,EST. SERV. ACB CALACOTO,24000.0
2026-09-12,Distrito Comercial La Paz,GASOLINA ESPECIAL + (S/DSI),Gasolina Especial +,GASOLINA_ESPECIAL_MAS,EST. SERV. 6 DE MARZO,12000.0
2026-09-12,Distrito Comercial La Paz,GASOLINA ESPECIAL + (S/DSI),Gasolina Especial +,GASOLINA_ESPECIAL_MAS,ELSA CHIPANA H. - EST. SERV. ECOPETROL,18000.0
2026-09-12,Distrito Comercial La Paz,GASOLINA ESPECIAL + (S/DSI),Gasolina Especial +,GASOLINA_ESPECIAL_MAS,ELDA S. AGUILAR V. - EST. SERV. JUAN PABLO II,24000.0
2026-09-12,Distrito Comercial La Paz,GASOLINA ESPECIAL + (S/DSI),Gasolina Especial +,GASOLINA_ESPECIAL_MAS,DISTRIBUIDORA DE GASOLINA Y LUBRICANTES SAN PABLO S.R.L.,24000.0
2026-09-12,Distrito Comercial La Paz,GLP DISTRIB. 10 KILOS NAL,GLP,GLP,DISTRIBUIDORA DE GLP SAN FRANCISCO -LUCIANO SILLO CONDORI S.R.L.,9000.0
2026-09-12,Distrito Comercial La Paz,GLP DISTRIB. 10 KILOS NAL,GLP,GLP,DIST. GLP. LA CALZADA-SUD YUNGAS,8750.0
2026-09-12,Distrito Comercial La Paz,GLP DISTRIB. 10 KILOS NAL,GLP,GLP,DIST. GLP. VIAGAS,31590.0
2026-09-12,Distrito Comercial La Paz,GLP DISTRIB. 45 KILOS NAL,GLP,GLP,SAN JUDAS TADEO SOCIEDAD DE RESPONSABILIDAD LIMITADA,2700.0
2026-09-12,Distrito Comercial La Paz,GLP DISTRIB. 45 KILOS NAL,GLP,GLP,DIST. GLP. SAMO S.A.,4500.0
2026-09-12,Distrito Comercial La Paz,GLP DISTRIB. 45 KILOS NAL,GLP,GLP,DIST. GLP. PROGAS S.R.L.,1800.0
2026-09-12,Distrito Comercial La Paz,GLP DISTRIB. 45 KILOS NAL,GLP,GLP,DIST. GLP. ESMERALDA GAS SRL.,2250.0
2026-09-12,Distrito Comercial La Paz,GLP DISTRIB. 45 KILOS NAL,GLP,GLP,A.A.V.V. GAS S.R.L.,1800.0
2026-09-12,Distrito Comercial La Paz,GLP DISTRIB. 10 KILOS NAL,GLP,GLP,SANDRA CALLIZAYA CH. - DIST. GLP APOLOBAMBA,6750.0
2026-09-12,Distrito Comercial La Paz,GLP DISTRIB. 10 KILOS NAL,GLP,GLP,SAN JUDAS TADEO SOCIEDAD DE RESPONSABILIDAD LIMITADA,27000.0
2026-09-12,Distrito Comercial La Paz,GLP DISTRIB. 10 KILOS NAL,GLP,GLP,ISABEL DURAN DE ITURRI - DIST. GLP DURA GAS,27000.0
2026-09-12,Distrito Comercial La Paz,GLP DISTRIB. 10 KILOS NAL,GLP,GLP,GMGRECO GAS SOCIEDAD DE RESPONSABILIDAD LIMITADA,27000.0
2026-09-12,Distrito Comercial La Paz,GLP DISTRIB. 10 KILOS NAL,GLP,GLP,DIST. GLP. TRIPETROL S.R.L.,27000.0
2026-09-12,Distrito Comercial La Paz,GLP DISTRIB. 10 KILOS NAL,GLP,GLP,DIST. GLP. SOCIEDAD PETROLERA SANTA ELENA S.R.L. (SOPESE S.R.L.),27000.0
2026-09-12,Distrito Comercial La Paz,GLP DISTRIB. 10 KILOS NAL,GLP,GLP,DIST. GLP. SAMO S.A.,27000.0
2026-09-12,Distrito Comercial La Paz,GLP DISTRIB. 10 KILOS NAL,GLP,GLP,DIST. GLP. PROGAS S.R.L.,27000.0
2026-09-12,Distrito Comercial La Paz,GLP DISTRIB. 10 KILOS NAL,GLP,GLP,DIST. GLP. ESMERALDA GAS SRL.,47000.0
2026-09-12,Distrito Comercial La Paz,GLP DISTRIB. 10 KILOS NAL,GLP,GLP,DIST. GLP HERMANAS DURAN AGUILAR - MARLENE F. DURAN AGUILAR,8000.0
2026-09-12,Distrito Comercial La Paz,GLP DISTRIB. 10 KILOS NAL,GLP,GLP,A.A.V.V. GAS S.R.L.,27000.0
2026-09-11,Distrito Comercial La Paz,GASOLINA ESPECIAL + (S/DSI),Gasolina Especial +,GASOLINA_ESPECIAL_MAS,EST. SERV. ESUR GHS LTDA.,20000.0
2026-09-11,Distrito Comercial La Paz,GLP DISTRIB. 10 KILOS NAL,GLP,GLP,DISTRIBUIDORA DE GLP SAN FRANCISCO -LUCIANO SILLO CONDORI S.R.L.,9000.0
2026-09-11,Distrito Comercial La Paz,GASOLINA ESPECIAL + EESS,Gasolina Especial +,GASOLINA_ESPECIAL_MAS,ESTACION DE SERVICIO HUANCANE Y TRANSPORTE S.R.L.,22000.0
2026-09-11,Distrito Comercial La Paz,GASOLINA ESPECIAL + (S/DSI),Gasolina Especial +,GASOLINA_ESPECIAL_MAS,ESTACION DE SERVICIO KANTUTA S.R.L.,48000.0
2026-09-11,Distrito Comercial La Paz,DIESEL OIL NACIONAL EESS,Diesel Oil Nacional,DIESEL_NACIONAL,SILVIA TORREZ.- EST. SERV. TORREZ,22000.0
2026-09-11,Distrito Comercial La Paz,DIESEL OIL IMPORTADO GRACO,Diesel Oil Importado,DIESEL_IMPORTADO,COOPERATIVA MINERA TIPUANI R.L.,24000.0
2026-09-11,Distrito Comercial La Paz,DIESEL OIL IMPORTADO GRACO,Diesel Oil Importado,DIESEL_IMPORTADO,COOPERATIVA MINERA SAIGUANI R.L.,24000.0
2026-09-11,Distrito Comercial La Paz,DIESEL OIL IMPORTADO GRACO,Diesel Oil Importado,DIESEL_IMPORTADO,COOPERATIVA MINERA AURIFERA 22 DE JUNIO MILILI II R.L.,24000.0
2026-09-11,Distrito Comercial La Paz,DIESEL OIL IMPORTADO GRACO,Diesel Oil Importado,DIESEL_IMPORTADO,COOP. MINERA AURIFERA YANAMAYU I R.L.,24000.0
2026-09-11,Distrito Comercial La Paz,DIESEL OIL IMPORTADO CF,Diesel Oil Importado,DIESEL_IMPORTADO,GEOVANNA ROSEL LOPEZ PEREZ - EMPRESA MINERA ADEFI,19900.0
2026-09-11,Distrito Comercial La Paz,DIESEL OIL IMPORTADO CF,Diesel Oil Importado,DIESEL_IMPORTADO,EMPRESA MINING JHOANLIZCORDOVA S.R.L.,19900.0
2026-09-11,Distrito Comercial La Paz,DIESEL OIL IMPORTADO CF,Diesel Oil Importado,DIESEL_IMPORTADO,DEMETRIO ALARCON CHAMBI – EXPRES WOOD KD,19900.0
2026-09-11,Distrito Comercial La Paz,DIESEL OIL IMPORTADO CF,Diesel Oil Importado,DIESEL_IMPORTADO,COOPERATIVA MINERA AURÍFERA LLUVIA DE ORO DE KEARA R.L.,19900.0
2026-09-11,Distrito Comercial La Paz,DIESEL OIL IMPORTADO CF,Diesel Oil Importado,DIESEL_IMPORTADO,COOPERATIVA MINERA AURÍFERA FLOR DE MAYO R.L.,19900.0
2026-09-11,Distrito Comercial La Paz,DIESEL OIL IMPORTADO CF,Diesel Oil Importado,DIESEL_IMPORTADO,COOPERATIVA MINERA AURIFERA TIPUANI PAMPA R.L.,19900.0
2026-09-11,Distrito Comercial La Paz,DIESEL OIL IMPORTADO CF,Diesel Oil Importado,DIESEL_IMPORTADO,COOPERATIVA MINERA AURIFERA ROSARIO DE ANANEA R.L.,19900.0
2026-09-11,Distrito Comercial La Paz,DIESEL OIL IMPORTADO CF,Diesel Oil Importado,DIESEL_IMPORTADO,COOPERATIVA MINERA AURIFERA PORVENIR NEVADO R.L.,19900.0
2026-09-11,Distrito Comercial La Paz,DIESEL OIL IMPORTADO CF,Diesel Oil Importado,DIESEL_IMPORTADO,COOPERATIVA MINERA AURIFERA CARMEN DE SOCOSA R.L.,19900.0
2026-09-11,Distrito Comercial La Paz,DIESEL OIL IMPORTADO CF,Diesel Oil Importado,DIESEL_IMPORTADO,COOPERATIVA MINERA AURIFERA 24 DE JUNIO R.L.,18000.0
2026-09-11,Distrito Comercial La Paz,GASOLINA ESPECIAL + EESS,Gasolina Especial +,GASOLINA_ESPECIAL_MAS,OFELIA PLATA P. - EST. SERV. UMAMARCA,24000.0
2026-09-11,Distrito Comercial La Paz,GASOLINA ESPECIAL + EESS,Gasolina Especial +,GASOLINA_ESPECIAL_MAS,GABY PACO CH. - EST. SERV. COLQUEPATA,22000.0
2026-09-11,Distrito Comercial La Paz,GASOLINA ESPECIAL + EESS,Gasolina Especial +,GASOLINA_ESPECIAL_MAS,ESTACION DE SERVICIO TOLAR S.R.L.,20000.0
2026-09-11,Distrito Comercial La Paz,GASOLINA ESPECIAL + EESS,Gasolina Especial +,GASOLINA_ESPECIAL_MAS,ESTACION DE SERVICIO PARAISO TROPICAL,24000.0
2026-09-11,Distrito Comercial La Paz,GASOLINA ESPECIAL + EESS,Gasolina Especial +,GASOLINA_ESPECIAL_MAS,ESTACION DE SERVICIO MADIDI SAN BUENAVENTURA S.R.L.,30000.0
2026-09-11,Distrito Comercial La Paz,GASOLINA ESPECIAL + EESS,Gasolina Especial +,GASOLINA_ESPECIAL_MAS,EST. SERV. SAN MIGUEL-IVAN L.,22000.0
2026-09-11,Distrito Comercial La Paz,GASOLINA ESPECIAL + EESS,Gasolina Especial +,GASOLINA_ESPECIAL_MAS,EST. SERV. GASOLCAMP S.R.L.,24000.0
2026-09-11,Distrito Comercial La Paz,GLP DISTRIB. 10 KILOS NAL,GLP,GLP,DIST. GLP. VIAGAS,44040.0
2026-09-11,Distrito Comercial La Paz,GASOLINA ESPECIAL + EESS,Gasolina Especial +,GASOLINA_ESPECIAL_MAS,EST. SERV. PALOS BLANCOS,60000.0
2026-09-11,Distrito Comercial La Paz,DIESEL OIL NACIONAL EESS,Diesel Oil Nacional,DIESEL_NACIONAL,SOCIEDAD PERLA ANDINA S.R.L.,12000.0
2026-09-11,Distrito Comercial La Paz,DIESEL OIL NACIONAL EESS,Diesel Oil Nacional,DIESEL_NACIONAL,RACING GAS S.R.L. (SUC-1),12000.0
2026-09-11,Distrito Comercial La Paz,DIESEL OIL NACIONAL EESS,Diesel Oil Nacional,DIESEL_NACIONAL,MARIO ALVAREZ M. EST. SERV. ALVAPETROL,20000.0
2026-09-11,Distrito Comercial La Paz,DIESEL OIL NACIONAL EESS,Diesel Oil Nacional,DIESEL_NACIONAL,ESTACION DE SERVICIO TOLAR S.R.L.,22000.0
2026-09-11,Distrito Comercial La Paz,DIESEL OIL NACIONAL EESS,Diesel Oil Nacional,DIESEL_NACIONAL,ESTACION DE SERVICIO SURTIDOR TUMUPASA S.R.L.,22000.0
2026-09-11,Distrito Comercial La Paz,DIESEL OIL NACIONAL EESS,Diesel Oil Nacional,DIESEL_NACIONAL,ESTACION DE SERVICIO PETROMAPIRI S.R.L.,22000.0
2026-09-11,Distrito Comercial La Paz,DIESEL OIL NACIONAL EESS,Diesel Oil Nacional,DIESEL_NACIONAL,ESTACION DE SERVICIO PARAISO TROPICAL,22000.0
2026-09-11,Distrito Comercial La Paz,DIESEL OIL NACIONAL EESS,Diesel Oil Nacional,DIESEL_NACIONAL,ESTACION DE SERVICIO MADAGASCAR S.R.L.,22000.0
2026-09-11,Distrito Comercial La Paz,DIESEL OIL NACIONAL EESS,Diesel Oil Nacional,DIESEL_NACIONAL,ESTACION DE SERVICIO ISSUCADELA S.R.L,22000.0
2026-09-11,Distrito Comercial La Paz,DIESEL OIL NACIONAL EESS,Diesel Oil Nacional,DIESEL_NACIONAL,ESTACION DE SERVICIO HUANCANE Y TRANSPORTE S.R.L.,22000.0
2026-09-11,Distrito Comercial La Paz,DIESEL OIL NACIONAL EESS,Diesel Oil Nacional,DIESEL_NACIONAL,EST. SERV. SAN MIGUEL-IVAN L.,22000.0
2026-09-11,Distrito Comercial La Paz,DIESEL OIL NACIONAL EESS,Diesel Oil Nacional,DIESEL_NACIONAL,EST. SERV. ITURRALDE S.R.L.,22000.0
2026-09-11,Distrito Comercial La Paz,DIESEL OIL NACIONAL EESS,Diesel Oil Nacional,DIESEL_NACIONAL,EST. SERV. GUANAY,22000.0
2026-09-11,Distrito Comercial La Paz,DIESEL OIL NACIONAL EESS,Diesel Oil Nacional,DIESEL_NACIONAL,EST. SERV. BATALLAS S.R.L. ESBA S.R.L.,12000.0
2026-09-11,Distrito Comercial La Paz,DIESEL OIL NACIONAL EESS,Diesel Oil Nacional,DIESEL_NACIONAL,EDEN CLEVER CARRILLO CONDORI-ESTACION DE SERVICIO EDENCCC,12000.0
2026-09-11,Distrito Comercial La Paz,DIESEL OIL NACIONAL EESS,Diesel Oil Nacional,DIESEL_NACIONAL,CANIAX S.R.L.,20000.0
2026-09-11,Distrito Comercial La Paz,DIESEL OIL IMPORTADO EESS,Diesel Oil Importado,DIESEL_IMPORTADO,PATRICIA QUIROZ SIRPA - PUESTO DE VENTA PATTY,22000.0
2026-09-11,Distrito Comercial La Paz,DIESEL OIL IMPORTADO EESS,Diesel Oil Importado,DIESEL_IMPORTADO,ZURSIL S.R.L. - E.S.T.,48000.0
2026-09-11,Distrito Comercial La Paz,DIESEL OIL IMPORTADO EESS,Diesel Oil Importado,DIESEL_IMPORTADO,MARIA PATZI-EST. SERV. VARELA,20000.0
2026-09-11,Distrito Comercial La Paz,DIESEL OIL IMPORTADO EESS,Diesel Oil Importado,DIESEL_IMPORTADO,GREGORIO CUENTAS M. EST. SERV. DRAGON DE ORO,12000.0
2026-09-11,Distrito Comercial La Paz,DIESEL OIL IMPORTADO EESS,Diesel Oil Importado,DIESEL_IMPORTADO,GAS SAN FELIPE S.R.L.,20000.0
2026-09-11,Distrito Comercial La Paz,DIESEL OIL IMPORTADO EESS,Diesel Oil Importado,DIESEL_IMPORTADO,ESTACIÓN DE SERVICIO LAS ROSAS S.R.L.,18000.0
2026-09-11,Distrito Comercial La Paz,DIESEL OIL IMPORTADO EESS,Diesel Oil Importado,DIESEL_IMPORTADO,ESTACIÓN DE SERVICIO ALIMARC INTER GAS BOLIVIA S.R.L.,48000.0
2026-09-11,Distrito Comercial La Paz,DIESEL OIL IMPORTADO EESS,Diesel Oil Importado,DIESEL_IMPORTADO,ESTACION DE SERVICIOS NIMAGASBOL S.R.L.,48000.0
2026-09-11,Distrito Comercial La Paz,DIESEL OIL IMPORTADO EESS,Diesel Oil Importado,DIESEL_IMPORTADO,ESTACION DE SERVICIO ZOFRI S.R.L.,48000.0
2026-09-11,Distrito Comercial La Paz,DIESEL OIL IMPORTADO EESS,Diesel Oil Importado,DIESEL_IMPORTADO,ESTACION DE SERVICIO TERRAGAS LTDA,24000.0
2026-09-11,Distrito Comercial La Paz,DIESEL OIL IMPORTADO EESS,Diesel Oil Importado,DIESEL_IMPORTADO,ESTACION DE SERVICIO TEJADA TRIANGULAR,12000.0
2026-09-11,Distrito Comercial La Paz,DIESEL OIL IMPORTADO EESS,Diesel Oil Importado,DIESEL_IMPORTADO,ESTACION DE SERVICIO SEÑOR DE MAYO S.R.L.,20000.0
2026-09-11,Distrito Comercial La Paz,DIESEL OIL IMPORTADO EESS,Diesel Oil Importado,DIESEL_IMPORTADO,ESTACION DE SERVICIO SAN SEBASTIAN S.R.L.,48000.0
2026-09-11,Distrito Comercial La Paz,DIESEL OIL IMPORTADO EESS,Diesel Oil Importado,DIESEL_IMPORTADO,ESTACION DE SERVICIO LOZA - MARCELINA AGUIRRE VDA. DE LOZA,20000.0
2026-09-11,Distrito Comercial La Paz,DIESEL OIL IMPORTADO EESS,Diesel Oil Importado,DIESEL_IMPORTADO,ESTACION DE SERVICIO LOS ROSALES,12000.0
2026-09-11,Distrito Comercial La Paz,DIESEL OIL IMPORTADO EESS,Diesel Oil Importado,DIESEL_IMPORTADO,ESTACION DE SERVICIO FULL TANK S.R.L.,24000.0
2026-09-11,Distrito Comercial La Paz,DIESEL OIL IMPORTADO EESS,Diesel Oil Importado,DIESEL_IMPORTADO,ESTACION DE SERVICIO CHALLAPAMPA S.R.L.,12000.0
2026-09-11,Distrito Comercial La Paz,DIESEL OIL IMPORTADO EESS,Diesel Oil Importado,DIESEL_IMPORTADO,ESTACION DE SERVICIO CALUYO S.R.L.,24000.0
2026-09-11,Distrito Comercial La Paz,DIESEL OIL IMPORTADO EESS,Diesel Oil Importado,DIESEL_IMPORTADO,ESTACION DE SERVICIO C. REDENTOR S.R.L.,48000.0
2026-09-11,Distrito Comercial La Paz,DIESEL OIL IMPORTADO EESS,Diesel Oil Importado,DIESEL_IMPORTADO,EST. SERV. VOLCAN S.R.L.,36000.0
2026-09-11,Distrito Comercial La Paz,DIESEL OIL IMPORTADO EESS,Diesel Oil Importado,DIESEL_IMPORTADO,EST. SERV. TEXAS S.R.L.,12000.0
2026-09-11,Distrito Comercial La Paz,DIESEL OIL IMPORTADO EESS,Diesel Oil Importado,DIESEL_IMPORTADO,EST. SERV. SURTIDORES UNITOURS LTDA.,12000.0
2026-09-11,Distrito Comercial La Paz,DIESEL OIL IMPORTADO EESS,Diesel Oil Importado,DIESEL_IMPORTADO,EST. SERV. SAN PABLO VILLA BOLIVAR S.R.L.,24000.0
2026-09-11,Distrito Comercial La Paz,DIESEL OIL IMPORTADO EESS,Diesel Oil Importado,DIESEL_IMPORTADO,EST. SERV. SALIDA LTDA,12000.0
2026-09-11,Distrito Comercial La Paz,DIESEL OIL IMPORTADO EESS,Diesel Oil Importado,DIESEL_IMPORTADO,EST. SERV. QHANTATI SRL.,48000.0
2026-09-11,Distrito Comercial La Paz,DIESEL OIL IMPORTADO EESS,Diesel Oil Importado,DIESEL_IMPORTADO,EST. SERV. PLAYA VERDE,24000.0
2026-09-11,Distrito Comercial La Paz,DIESEL OIL IMPORTADO EESS,Diesel Oil Importado,DIESEL_IMPORTADO,EST. SERV. PEREZ ROCHA SRL.,20000.0
2026-09-11,Distrito Comercial La Paz,DIESEL OIL IMPORTADO EESS,Diesel Oil Importado,DIESEL_IMPORTADO,EST. SERV. MARANATHA,24000.0
2026-09-11,Distrito Comercial La Paz,DIESEL OIL IMPORTADO EESS,Diesel Oil Importado,DIESEL_IMPORTADO,EST. SERV. M&G CAMINO REAL,20000.0
2026-09-11,Distrito Comercial La Paz,DIESEL OIL IMPORTADO EESS,Diesel Oil Importado,DIESEL_IMPORTADO,EST. SERV. LUBRICAN SRL,24000.0
2026-09-11,Distrito Comercial La Paz,DIESEL OIL IMPORTADO EESS,Diesel Oil Importado,DIESEL_IMPORTADO,EST. SERV. LOS ANDES SRL,20000.0
2026-09-11,Distrito Comercial La Paz,DIESEL OIL IMPORTADO EESS,Diesel Oil Importado,DIESEL_IMPORTADO,EST. SERV. LAREDO SRL,48000.0
2026-09-11,Distrito Comercial La Paz,DIESEL OIL IMPORTADO EESS,Diesel Oil Importado,DIESEL_IMPORTADO,EST. SERV. INTEROCEANICO,20000.0
2026-09-11,Distrito Comercial La Paz,DIESEL OIL IMPORTADO EESS,Diesel Oil Importado,DIESEL_IMPORTADO,EST. SERV. ILLIMANI S.R.L.,24000.0
2026-09-11,Distrito Comercial La Paz,DIESEL OIL IMPORTADO EESS,Diesel Oil Importado,DIESEL_IMPORTADO,EST. SERV. GAS-MAY S.R.L.,12000.0
2026-09-11,Distrito Comercial La Paz,DIESEL OIL IMPORTADO EESS,Diesel Oil Importado,DIESEL_IMPORTADO,EST. SERV. GALAXIA S.R.L.,18000.0
2026-09-11,Distrito Comercial La Paz,DIESEL OIL IMPORTADO EESS,Diesel Oil Importado,DIESEL_IMPORTADO,EST. SERV. EMP. COM. HID. TUPAC KATARI S.R.L.,20000.0
2026-09-11,Distrito Comercial La Paz,DIESEL OIL IMPORTADO EESS,Diesel Oil Importado,DIESEL_IMPORTADO,EST. SERV. EL PARAISO SRL.,20000.0
2026-09-11,Distrito Comercial La Paz,DIESEL OIL IMPORTADO EESS,Diesel Oil Importado,DIESEL_IMPORTADO,EST. SERV. CUENTAS SAN PABLO II S.R.L.,20000.0
2026-09-11,Distrito Comercial La Paz,DIESEL OIL IMPORTADO EESS,Diesel Oil Importado,DIESEL_IMPORTADO,EST. SERV. CRISTO AUTO GAS SRL.,18000.0
2026-09-11,Distrito Comercial La Paz,DIESEL OIL IMPORTADO EESS,Diesel Oil Importado,DIESEL_IMPORTADO,EST. SERV. CHUSAMARCA,20000.0
2026-09-11,Distrito Comercial La Paz,DIESEL OIL IMPORTADO EESS,Diesel Oil Importado,DIESEL_IMPORTADO,EST. SERV. CHALY,12000.0
2026-09-11,Distrito Comercial La Paz,DIESEL OIL IMPORTADO EESS,Diesel Oil Importado,DIESEL_IMPORTADO,EST. SERV. CANDELARIA,48000.0
2026-09-11,Distrito Comercial La Paz,DIESEL OIL IMPORTADO EESS,Diesel Oil Importado,DIESEL_IMPORTADO,EST. SERV. BOLIVIA ZURSIL S.R.L.,12000.0
2026-09-11,Distrito Comercial La Paz,DIESEL OIL IMPORTADO EESS,Diesel Oil Importado,DIESEL_IMPORTADO,EST. SERV. BASSAM LTDA,20000.0
2026-09-11,Distrito Comercial La Paz,DIESEL OIL IMPORTADO EESS,Diesel Oil Importado,DIESEL_IMPORTADO,EST. SERV. APOSTOL SANTIAGO,24000.0
2026-09-11,Distrito Comercial La Paz,DIESEL OIL IMPORTADO EESS,Diesel Oil Importado,DIESEL_IMPORTADO,EST. SERV. ALTO LIMA S.R.L.,12000.0
2026-09-11,Distrito Comercial La Paz,DIESEL OIL IMPORTADO EESS,Diesel Oil Importado,DIESEL_IMPORTADO,EST. SERV. 6 DE MARZO,48000.0
2026-09-11,Distrito Comercial La Paz,DIESEL OIL IMPORTADO EESS,Diesel Oil Importado,DIESEL_IMPORTADO,ELSA CHIPANA H. - EST. SERV. ECOPETROL,48000.0
2026-09-11,Distrito Comercial La Paz,DIESEL OIL IMPORTADO EESS,Diesel Oil Importado,DIESEL_IMPORTADO,ELDA S. AGUILAR V. - EST. SERV. JUAN PABLO II,36000.0
2026-09-11,Distrito Comercial La Paz,DIESEL OIL IMPORTADO EESS,Diesel Oil Importado,DIESEL_IMPORTADO,EDUARDO YUPANQUI Q.-EST. SERV. VENTILLA,24000.0
2026-09-11,Distrito Comercial La Paz,DIESEL OIL IMPORTADO EESS,Diesel Oil Importado,DIESEL_IMPORTADO,DISTRIBUIDORA DE GASOLINA Y LUBRICANTES SAN PABLO S.R.L.,12000.0
2026-09-11,Distrito Comercial La Paz,GASOLINA ESPECIAL + EESS,Gasolina Especial +,GASOLINA_ESPECIAL_MAS,MARIO ALVAREZ M. EST. SERV. ALVAPETROL,22000.0
2026-09-11,Distrito Comercial La Paz,GASOLINA ESPECIAL + EESS,Gasolina Especial +,GASOLINA_ESPECIAL_MAS,ESTACIÓN DE SERVICIO ESCOMA S.R.L.,22000.0
2026-09-11,Distrito Comercial La Paz,GASOLINA ESPECIAL + EESS,Gasolina Especial +,GASOLINA_ESPECIAL_MAS,ESTACION DE SERVICIOS YARA S.R.L.,22000.0
2026-09-11,Distrito Comercial La Paz,GASOLINA ESPECIAL + EESS,Gasolina Especial +,GASOLINA_ESPECIAL_MAS,ESTACION DE SERVICIO SAYHOGAS S.R.L.,22000.0
2026-09-11,Distrito Comercial La Paz,GASOLINA ESPECIAL + EESS,Gasolina Especial +,GASOLINA_ESPECIAL_MAS,ESTACION DE SERVICIO PETROMAPIRI S.R.L.,22000.0
2026-09-11,Distrito Comercial La Paz,GASOLINA ESPECIAL + EESS,Gasolina Especial +,GASOLINA_ESPECIAL_MAS,ESTACION DE SERVICIO MADAGASCAR S.R.L.,22000.0
2026-09-11,Distrito Comercial La Paz,GASOLINA ESPECIAL + EESS,Gasolina Especial +,GASOLINA_ESPECIAL_MAS,EST. SERV. ITURRALDE S.R.L.,22000.0
2026-09-11,Distrito Comercial La Paz,GASOLINA ESPECIAL + EESS,Gasolina Especial +,GASOLINA_ESPECIAL_MAS,EST. SERV. GUANAY,22000.0
2026-09-11,Distrito Comercial La Paz,GASOLINA ESPECIAL + EESS,Gasolina Especial +,GASOLINA_ESPECIAL_MAS,EST. SERV. FLOR DE CAÑA S.R.L.,22000.0
2026-09-11,Distrito Comercial La Paz,GASOLINA ESPECIAL + EESS,Gasolina Especial +,GASOLINA_ESPECIAL_MAS,EST. SERV. BALLIVIAN SANTA BARBARA,22000.0
2026-09-11,Distrito Comercial La Paz,GASOLINA ESPECIAL + EESS,Gasolina Especial +,GASOLINA_ESPECIAL_MAS,EST. SERV. ADALUZ PETROL,22000.0
2026-09-11,Distrito Comercial La Paz,GASOLINA ESPECIAL + EESS,Gasolina Especial +,GASOLINA_ESPECIAL_MAS,EST. SERV. ACHACACHI S.R.L.,20000.0
2026-09-11,Distrito Comercial La Paz,GASOLINA ESPECIAL + EESS,Gasolina Especial +,GASOLINA_ESPECIAL_MAS,EDEN CLEVER CARRILLO CONDORI-ESTACION DE SERVICIO EDENCCC,12000.0
2026-09-11,Distrito Comercial La Paz,GASOLINA ESPECIAL + EESS,Gasolina Especial +,GASOLINA_ESPECIAL_MAS,CANIAX S.R.L.,22000.0
2026-09-11,Distrito Comercial La Paz,GASOLINA ESPECIAL + (S/DSI),Gasolina Especial +,GASOLINA_ESPECIAL_MAS,EST. SERV. GAS CENTRO S.R.L.,20000.0
2026-09-11,Distrito Comercial La Paz,GASOLINA ESPECIAL + (S/DSI),Gasolina Especial +,GASOLINA_ESPECIAL_MAS,EST. SERV. ALTO LIMA S.R.L.,12000.0
2026-09-11,Distrito Comercial La Paz,GASOLINA ESPECIAL + (S/DSI),Gasolina Especial +,GASOLINA_ESPECIAL_MAS,EST. SERV. ACB CALACOTO,36000.0
2026-09-11,Distrito Comercial La Paz,GASOLINA ESPECIAL + EESS,Gasolina Especial +,GASOLINA_ESPECIAL_MAS,SOCIEDAD PERLA ANDINA S.R.L.,12000.0
2026-09-11,Distrito Comercial La Paz,GASOLINA ESPECIAL + EESS,Gasolina Especial +,GASOLINA_ESPECIAL_MAS,RACING GAS S.R.L. (SUC-1),12000.0
2026-09-11,Distrito Comercial La Paz,GASOLINA ESPECIAL + EESS,Gasolina Especial +,GASOLINA_ESPECIAL_MAS,ESTACIÓN DE SERVICIO KONANI S.R.L.,22000.0
2026-09-11,Distrito Comercial La Paz,GASOLINA ESPECIAL + EESS,Gasolina Especial +,GASOLINA_ESPECIAL_MAS,ESTACION DE SERVICIO ISSUCADELA S.R.L,22000.0
2026-09-11,Distrito Comercial La Paz,GASOLINA ESPECIAL + EESS,Gasolina Especial +,GASOLINA_ESPECIAL_MAS,EST. SERV. CRUCE LURIBAY S.R.L.,22000.0
2026-09-11,Distrito Comercial La Paz,GASOLINA ESPECIAL + EESS,Gasolina Especial +,GASOLINA_ESPECIAL_MAS,EST. SERV. BATALLAS S.R.L. ESBA S.R.L.,22000.0
2026-09-11,Distrito Comercial La Paz,GASOLINA ESPECIAL + (S/DSI),Gasolina Especial +,GASOLINA_ESPECIAL_MAS,ZURSIL S.R.L. - E.S.T.,18000.0
2026-09-11,Distrito Comercial La Paz,GASOLINA ESPECIAL + (S/DSI),Gasolina Especial +,GASOLINA_ESPECIAL_MAS,MARIA PATZI-EST. SERV. VARELA,20000.0
2026-09-11,Distrito Comercial La Paz,GASOLINA ESPECIAL + (S/DSI),Gasolina Especial +,GASOLINA_ESPECIAL_MAS,GRUPO EMPRESARIAL VIRGEN DE LOS ALAMOS S.R.L.,48000.0
2026-09-11,Distrito Comercial La Paz,GASOLINA ESPECIAL + (S/DSI),Gasolina Especial +,GASOLINA_ESPECIAL_MAS,GREGORIO CUENTAS M. EST. SERV. DRAGON DE ORO,24000.0
2026-09-11,Distrito Comercial La Paz,GASOLINA ESPECIAL + (S/DSI),Gasolina Especial +,GASOLINA_ESPECIAL_MAS,GAS SAN FELIPE S.R.L.,24000.0
2026-09-11,Distrito Comercial La Paz,GASOLINA ESPECIAL + (S/DSI),Gasolina Especial +,GASOLINA_ESPECIAL_MAS,ESTACIÓN DE SERVICIO LAS ROSAS S.R.L.,20000.0
2026-09-11,Distrito Comercial La Paz,GASOLINA ESPECIAL + (S/DSI),Gasolina Especial +,GASOLINA_ESPECIAL_MAS,ESTACIÓN DE SERVICIO ALIMARC INTER GAS BOLIVIA S.R.L.,12000.0
2026-09-11,Distrito Comercial La Paz,GASOLINA ESPECIAL + (S/DSI),Gasolina Especial +,GASOLINA_ESPECIAL_MAS,ESTACION DE SERVICIOS NIMAGASBOL S.R.L.,18000.0
2026-09-11,Distrito Comercial La Paz,GASOLINA ESPECIAL + (S/DSI),Gasolina Especial +,GASOLINA_ESPECIAL_MAS,ESTACION DE SERVICIO ZOFRI S.R.L.,12000.0
2026-09-11,Distrito Comercial La Paz,GASOLINA ESPECIAL + (S/DSI),Gasolina Especial +,GASOLINA_ESPECIAL_MAS,ESTACION DE SERVICIO TEJADA TRIANGULAR,20000.0
2026-09-11,Distrito Comercial La Paz,GASOLINA ESPECIAL + (S/DSI),Gasolina Especial +,GASOLINA_ESPECIAL_MAS,ESTACION DE SERVICIO SEÑOR DE MAYO S.R.L.,20000.0
2026-09-11,Distrito Comercial La Paz,GASOLINA ESPECIAL + (S/DSI),Gasolina Especial +,GASOLINA_ESPECIAL_MAS,ESTACION DE SERVICIO SAN SEBASTIAN S.R.L.,18000.0
2026-09-11,Distrito Comercial La Paz,GASOLINA ESPECIAL + (S/DSI),Gasolina Especial +,GASOLINA_ESPECIAL_MAS,ESTACION DE SERVICIO LOZA - MARCELINA AGUIRRE VDA. DE LOZA,24000.0
2026-09-11,Distrito Comercial La Paz,GASOLINA ESPECIAL + (S/DSI),Gasolina Especial +,GASOLINA_ESPECIAL_MAS,ESTACION DE SERVICIO LOS ROSALES,12000.0
2026-09-11,Distrito Comercial La Paz,GASOLINA ESPECIAL + (S/DSI),Gasolina Especial +,GASOLINA_ESPECIAL_MAS,ESTACION DE SERVICIO KORY INTI S.R.L.,24000.0
2026-09-11,Distrito Comercial La Paz,GASOLINA ESPECIAL + (S/DSI),Gasolina Especial +,GASOLINA_ESPECIAL_MAS,ESTACION DE SERVICIO JACHA INTI S.R.L.,24000.0
2026-09-11,Distrito Comercial La Paz,GASOLINA ESPECIAL + (S/DSI),Gasolina Especial +,GASOLINA_ESPECIAL_MAS,ESTACION DE SERVICIO FULL TANK S.R.L.,18000.0
2026-09-11,Distrito Comercial La Paz,GASOLINA ESPECIAL + (S/DSI),Gasolina Especial +,GASOLINA_ESPECIAL_MAS,ESTACION DE SERVICIO CHALLAPAMPA S.R.L.,12000.0
2026-09-11,Distrito Comercial La Paz,GASOLINA ESPECIAL + (S/DSI),Gasolina Especial +,GASOLINA_ESPECIAL_MAS,ESTACION DE SERVICIO CALUYO S.R.L.,20000.0
2026-09-11,Distrito Comercial La Paz,GASOLINA ESPECIAL + (S/DSI),Gasolina Especial +,GASOLINA_ESPECIAL_MAS,ESTACION DE SERVICIO C. REDENTOR S.R.L.,18000.0
2026-09-11,Distrito Comercial La Paz,GASOLINA ESPECIAL + (S/DSI),Gasolina Especial +,GASOLINA_ESPECIAL_MAS,EST. SERV. YUPANQUI,20000.0
2026-09-11,Distrito Comercial La Paz,GASOLINA ESPECIAL + (S/DSI),Gasolina Especial +,GASOLINA_ESPECIAL_MAS,EST. SERV. VOLCAN S.R.L.,48000.0
2026-09-11,Distrito Comercial La Paz,GASOLINA ESPECIAL + (S/DSI),Gasolina Especial +,GASOLINA_ESPECIAL_MAS,EST. SERV. TEXAS S.R.L.,20000.0
2026-09-11,Distrito Comercial La Paz,GASOLINA ESPECIAL + (S/DSI),Gasolina Especial +,GASOLINA_ESPECIAL_MAS,EST. SERV. SURTIDORES UNITOURS LTDA.,12000.0
2026-09-11,Distrito Comercial La Paz,GASOLINA ESPECIAL + (S/DSI),Gasolina Especial +,GASOLINA_ESPECIAL_MAS,EST. SERV. SOC. IND. COM. G.L.P.H. LTDA,24000.0
2026-09-11,Distrito Comercial La Paz,GASOLINA ESPECIAL + (S/DSI),Gasolina Especial +,GASOLINA_ESPECIAL_MAS,EST. SERV. SIEMPRE A FULL MIRAFLORES S.R.L. (SAF),36000.0
2026-09-11,Distrito Comercial La Paz,GASOLINA ESPECIAL + (S/DSI),Gasolina Especial +,GASOLINA_ESPECIAL_MAS,EST. SERV. SAN PABLO VILLA BOLIVAR S.R.L.,20000.0
2026-09-11,Distrito Comercial La Paz,GASOLINA ESPECIAL + (S/DSI),Gasolina Especial +,GASOLINA_ESPECIAL_MAS,EST. SERV. SALIDA LTDA,20000.0
2026-09-11,Distrito Comercial La Paz,GASOLINA ESPECIAL + (S/DSI),Gasolina Especial +,GASOLINA_ESPECIAL_MAS,EST. SERV. QHANTATI SRL.,24000.0
2026-09-11,Distrito Comercial La Paz,GASOLINA ESPECIAL + (S/DSI),Gasolina Especial +,GASOLINA_ESPECIAL_MAS,EST. SERV. PLAYA VERDE,24000.0
2026-09-11,Distrito Comercial La Paz,GASOLINA ESPECIAL + (S/DSI),Gasolina Especial +,GASOLINA_ESPECIAL_MAS,EST. SERV. PEREZ ROCHA SRL.,20000.0
2026-09-11,Distrito Comercial La Paz,GASOLINA ESPECIAL + (S/DSI),Gasolina Especial +,GASOLINA_ESPECIAL_MAS,EST. SERV. MOTORECO SRL.,36000.0
2026-09-11,Distrito Comercial La Paz,GASOLINA ESPECIAL + (S/DSI),Gasolina Especial +,GASOLINA_ESPECIAL_MAS,EST. SERV. M&G CAMINO REAL,24000.0
2026-09-11,Distrito Comercial La Paz,GASOLINA ESPECIAL + (S/DSI),Gasolina Especial +,GASOLINA_ESPECIAL_MAS,EST. SERV. LUBRICAN SRL,24000.0
2026-09-11,Distrito Comercial La Paz,GASOLINA ESPECIAL + (S/DSI),Gasolina Especial +,GASOLINA_ESPECIAL_MAS,EST. SERV. LOS ANDES SRL,20000.0
2026-09-11,Distrito Comercial La Paz,GASOLINA ESPECIAL + (S/DSI),Gasolina Especial +,GASOLINA_ESPECIAL_MAS,EST. SERV. LAREDO SRL,18000.0
2026-09-11,Distrito Comercial La Paz,GASOLINA ESPECIAL + (S/DSI),Gasolina Especial +,GASOLINA_ESPECIAL_MAS,EST. SERV. JAIMES FREYRE,36000.0
2026-09-11,Distrito Comercial La Paz,GASOLINA ESPECIAL + (S/DSI),Gasolina Especial +,GASOLINA_ESPECIAL_MAS,EST. SERV. INTEROCEANICO,20000.0
2026-09-11,Distrito Comercial La Paz,GASOLINA ESPECIAL + (S/DSI),Gasolina Especial +,GASOLINA_ESPECIAL_MAS,EST. SERV. ILLIMANI S.R.L.,20000.0
2026-09-11,Distrito Comercial La Paz,GASOLINA ESPECIAL + (S/DSI),Gasolina Especial +,GASOLINA_ESPECIAL_MAS,EST. SERV. GAS-MAY S.R.L.,12000.0
2026-09-11,Distrito Comercial La Paz,GASOLINA ESPECIAL + (S/DSI),Gasolina Especial +,GASOLINA_ESPECIAL_MAS,EST. SERV. GALAXIA S.R.L.,20000.0
2026-09-11,Distrito Comercial La Paz,GASOLINA ESPECIAL + (S/DSI),Gasolina Especial +,GASOLINA_ESPECIAL_MAS,EST. SERV. EMP. COM. HID. TUPAC KATARI S.R.L.,48000.0
2026-09-11,Distrito Comercial La Paz,GASOLINA ESPECIAL + (S/DSI),Gasolina Especial +,GASOLINA_ESPECIAL_MAS,EST. SERV. EL PARAISO SRL.,24000.0
2026-09-11,Distrito Comercial La Paz,GASOLINA ESPECIAL + (S/DSI),Gasolina Especial +,GASOLINA_ESPECIAL_MAS,EST. SERV. CUENTAS SAN PABLO II S.R.L.,24000.0
2026-09-11,Distrito Comercial La Paz,GASOLINA ESPECIAL + (S/DSI),Gasolina Especial +,GASOLINA_ESPECIAL_MAS,EST. SERV. CRISTO AUTO GAS SRL.,24000.0
2026-09-11,Distrito Comercial La Paz,GASOLINA ESPECIAL + (S/DSI),Gasolina Especial +,GASOLINA_ESPECIAL_MAS,EST. SERV. COSTANERA SRL.,24000.0
2026-09-11,Distrito Comercial La Paz,GASOLINA ESPECIAL + (S/DSI),Gasolina Especial +,GASOLINA_ESPECIAL_MAS,EST. SERV. CHUSAMARCA,12000.0
2026-09-11,Distrito Comercial La Paz,GASOLINA ESPECIAL + (S/DSI),Gasolina Especial +,GASOLINA_ESPECIAL_MAS,EST. SERV. CHASQUIPAMPA S.R.L.,24000.0
2026-09-11,Distrito Comercial La Paz,GASOLINA ESPECIAL + (S/DSI),Gasolina Especial +,GASOLINA_ESPECIAL_MAS,EST. SERV. CARSUR S.R.L.,48000.0
2026-09-11,Distrito Comercial La Paz,GASOLINA ESPECIAL + (S/DSI),Gasolina Especial +,GASOLINA_ESPECIAL_MAS,EST. SERV. CANDELARIA,18000.0
2026-09-11,Distrito Comercial La Paz,GASOLINA ESPECIAL + (S/DSI),Gasolina Especial +,GASOLINA_ESPECIAL_MAS,EST. SERV. BOLIVIA ZURSIL S.R.L.,12000.0
2026-09-11,Distrito Comercial La Paz,GASOLINA ESPECIAL + (S/DSI),Gasolina Especial +,GASOLINA_ESPECIAL_MAS,EST. SERV. BASSAM LTDA,24000.0
2026-09-11,Distrito Comercial La Paz,GASOLINA ESPECIAL + (S/DSI),Gasolina Especial +,GASOLINA_ESPECIAL_MAS,EST. SERV. APOSTOL SANTIAGO,20000.0
2026-09-11,Distrito Comercial La Paz,GASOLINA ESPECIAL + (S/DSI),Gasolina Especial +,GASOLINA_ESPECIAL_MAS,EST. SERV. ACB SAN JORGE,24000.0
2026-09-11,Distrito Comercial La Paz,GASOLINA ESPECIAL + (S/DSI),Gasolina Especial +,GASOLINA_ESPECIAL_MAS,EST. SERV. 6 DE MARZO,12000.0
2026-09-11,Distrito Comercial La Paz,GASOLINA ESPECIAL + (S/DSI),Gasolina Especial +,GASOLINA_ESPECIAL_MAS,ELSA CHIPANA H. - EST. SERV. ECOPETROL,18000.0
2026-09-11,Distrito Comercial La Paz,GASOLINA ESPECIAL + (S/DSI),Gasolina Especial +,GASOLINA_ESPECIAL_MAS,ELDA S. AGUILAR V. - EST. SERV. JUAN PABLO II,36000.0
2026-09-11,Distrito Comercial La Paz,GASOLINA ESPECIAL + (S/DSI),Gasolina Especial +,GASOLINA_ESPECIAL_MAS,DISTRIBUIDORA DE GASOLINA Y LUBRICANTES SAN PABLO S.R.L.,24000.0
2026-09-11,Distrito Comercial La Paz,GLP DISTRIB. 45 KILOS NAL,GLP,GLP,SAN JUDAS TADEO SOCIEDAD DE RESPONSABILIDAD LIMITADA,2700.0
2026-09-11,Distrito Comercial La Paz,GLP DISTRIB. 45 KILOS NAL,GLP,GLP,DIST. GLP. SAMO S.A.,4500.0
2026-09-11,Distrito Comercial La Paz,GLP DISTRIB. 45 KILOS NAL,GLP,GLP,DIST. GLP. PROGAS S.R.L.,1800.0
2026-09-11,Distrito Comercial La Paz,GLP DISTRIB. 45 KILOS NAL,GLP,GLP,DIST. GLP. ESMERALDA GAS SRL.,1800.0
2026-09-11,Distrito Comercial La Paz,GLP DISTRIB. 45 KILOS NAL,GLP,GLP,A.A.V.V. GAS S.R.L.,2250.0
2026-09-11,Distrito Comercial La Paz,GLP DISTRIB. 10 KILOS NAL,GLP,GLP,SAN JUDAS TADEO SOCIEDAD DE RESPONSABILIDAD LIMITADA,42000.0
2026-09-11,Distrito Comercial La Paz,GLP DISTRIB. 10 KILOS NAL,GLP,GLP,ISABEL DURAN DE ITURRI - DIST. GLP DURA GAS,42000.0
2026-09-11,Distrito Comercial La Paz,GLP DISTRIB. 10 KILOS NAL,GLP,GLP,GMGRECO GAS SOCIEDAD DE RESPONSABILIDAD LIMITADA,42000.0
2026-09-11,Distrito Comercial La Paz,GLP DISTRIB. 10 KILOS NAL,GLP,GLP,EMPRESA DISTRIBUIDORA DE GAS LICUADO GLP LOS NIETOS S.R.L,9000.0
2026-09-11,Distrito Comercial La Paz,GLP DISTRIB. 10 KILOS NAL,GLP,GLP,DISTRIBUIDORA DE GAS LICUADO ALEJANDRA S.R.L.,8840.0
2026-09-11,Distrito Comercial La Paz,GLP DISTRIB. 10 KILOS NAL,GLP,GLP,"DISTRIBUIDORA DE G.L.P. ""TIPUANI"" S.R.L.",8840.0
2026-09-11,Distrito Comercial La Paz,GLP DISTRIB. 10 KILOS NAL,GLP,GLP,DIST. GLP. TRIPETROL S.R.L.,55000.0
2026-09-11,Distrito Comercial La Paz,GLP DISTRIB. 10 KILOS NAL,GLP,GLP,DIST. GLP. SOCIEDAD PETROLERA SANTA ELENA S.R.L. (SOPESE S.R.L.),47000.0
2026-09-11,Distrito Comercial La Paz,GLP DISTRIB. 10 KILOS NAL,GLP,GLP,DIST. GLP. SAN MIGUEL,8840.0
2026-09-11,Distrito Comercial La Paz,GLP DISTRIB. 10 KILOS NAL,GLP,GLP,DIST. GLP. SAMO S.A.,42000.0
2026-09-11,Distrito Comercial La Paz,GLP DISTRIB. 10 KILOS NAL,GLP,GLP,DIST. GLP. PROGAS S.R.L.,42000.0
2026-09-11,Distrito Comercial La Paz,GLP DISTRIB. 10 KILOS NAL,GLP,GLP,DIST. GLP. PEREZ,9000.0
2026-09-11,Distrito Comercial La Paz,GLP DISTRIB. 10 KILOS NAL,GLP,GLP,DIST. GLP. LA CALZADA-SUD YUNGAS,19300.0
2026-09-11,Distrito Comercial La Paz,GLP DISTRIB. 10 KILOS NAL,GLP,GLP,DIST. GLP. ESMERALDA GAS SRL.,42000.0
2026-09-11,Distrito Comercial La Paz,GLP DISTRIB. 10 KILOS NAL,GLP,GLP,DIST. GLP. DISANDES S.R.L.,6000.0
2026-09-11,Distrito Comercial La Paz,GLP DISTRIB. 10 KILOS NAL,GLP,GLP,DIST. GLP SORATA PERLA ANDINA S.R.L.,7500.0
2026-09-11,Distrito Comercial La Paz,GLP DISTRIB. 10 KILOS NAL,GLP,GLP,DIST. GLP PALOS BLANCOS - SDENKA PEREZ LARICO,9000.0
2026-09-11,Distrito Comercial La Paz,GLP DISTRIB. 10 KILOS NAL,GLP,GLP,DIST. GLP HERMANAS DURAN AGUILAR - MARLENE F. DURAN AGUILAR,13750.0
2026-09-11,Distrito Comercial La Paz,GLP DISTRIB. 10 KILOS NAL,GLP,GLP,DIST. GLP FLOR DEL NORTE S.R.L.,9000.0
2026-09-11,Distrito Comercial La Paz,GLP DISTRIB. 10 KILOS NAL,GLP,GLP,DIST. GLP CALEMQ S.R.L.,6000.0
2026-09-11,Distrito Comercial La Paz,GLP DISTRIB. 10 KILOS NAL,GLP,GLP,DIST. GLP ANGELES,21000.0
2026-09-11,Distrito Comercial La Paz,GLP DISTRIB. 10 KILOS NAL,GLP,GLP,ALEXSUS GAS S.R.L.,9000.0
2026-09-11,Distrito Comercial La Paz,GLP DISTRIB. 10 KILOS NAL,GLP,GLP,A.A.V.V. GAS S.R.L.,42000.0
2026-09-10,Distrito Comercial La Paz,GASOLINA ESPECIAL EESS,Gasolina Especial,GASOLINA_ESPECIAL,OFELIA PLATA P. - EST. SERV. UMAMARCA,24000.0
2026-09-10,Distrito Comercial La Paz,DIESEL OIL NACIONAL EESS,Diesel Oil Nacional,DIESEL_NACIONAL,OFELIA PLATA P. - EST. SERV. UMAMARCA,24000.0
2026-09-10,Distrito Comercial La Paz,DIESEL OIL IMPORTADO GRACO,Diesel Oil Importado,DIESEL_IMPORTADO,COOPERATIVA MINERA SORATA R.L.,24000.0
2026-09-10,Distrito Comercial La Paz,DIESEL OIL IMPORTADO GRACO,Diesel Oil Importado,DIESEL_IMPORTADO,COMPLEJO INDUSTRIAL DE MADERA - COMINMA,24000.0
2026-09-10,Distrito Comercial La Paz,DIESEL OIL IMPORTADO CF,Diesel Oil Importado,DIESEL_IMPORTADO,THERRAFUENTE EMPRESA MINERA,19900.0
2026-09-10,Distrito Comercial La Paz,DIESEL OIL IMPORTADO CF,Diesel Oil Importado,DIESEL_IMPORTADO,EMPRESA MINERA GOLDEN PEARLS S.R.L.,18000.0
2026-09-10,Distrito Comercial La Paz,DIESEL OIL IMPORTADO CF,Diesel Oil Importado,DIESEL_IMPORTADO,COOPERATIVA MINERA FLOR DE LARECAJA R.L.,19900.0
2026-09-10,Distrito Comercial La Paz,DIESEL OIL IMPORTADO CF,Diesel Oil Importado,DIESEL_IMPORTADO,COOPERATIVA MINERA AURIFERA ÑECOS YANALOMA R.L.,19900.0
2026-09-10,Distrito Comercial La Paz,DIESEL OIL IMPORTADO CF,Diesel Oil Importado,DIESEL_IMPORTADO,COOPERATIVA MINERA AURIFERA UNION 29 DE NOVIEMBRE R.L.,19900.0
2026-09-10,Distrito Comercial La Paz,DIESEL OIL IMPORTADO CF,Diesel Oil Importado,DIESEL_IMPORTADO,COOPERATIVA MINERA AURIFERA TATA SANTIAGO R.L.,19000.0
2026-09-10,Distrito Comercial La Paz,DIESEL OIL IMPORTADO CF,Diesel Oil Importado,DIESEL_IMPORTADO,COOPERATIVA MINERA AURIFERA SANIVARA R.L.,19900.0
2026-09-10,Distrito Comercial La Paz,DIESEL OIL IMPORTADO CF,Diesel Oil Importado,DIESEL_IMPORTADO,COOPERATIVA MINERA AURIFERA RAYO ROJO R.L.,19900.0
2026-09-10,Distrito Comercial La Paz,DIESEL OIL IMPORTADO CF,Diesel Oil Importado,DIESEL_IMPORTADO,COOPERATIVA MINERA AURIFERA MACHACAMARCA R.L.,19900.0
2026-09-10,Distrito Comercial La Paz,DIESEL OIL IMPORTADO CF,Diesel Oil Importado,DIESEL_IMPORTADO,COOPERATIVA MINERA AURIFERA COPACABANA UNION LOS AMIGOS R.L.,19900.0
2026-09-10,Distrito Comercial La Paz,DIESEL OIL IMPORTADO CF,Diesel Oil Importado,DIESEL_IMPORTADO,COOPERATIVA MINERA AURIFERA CHULLUMPINI R.L.,19000.0
2026-09-10,Distrito Comercial La Paz,DIESEL OIL IMPORTADO CF,Diesel Oil Importado,DIESEL_IMPORTADO,COOPERATIVA MINERA AURIFERA 15 DE AGOSTO R.L.,19900.0
2026-09-10,Distrito Comercial La Paz,DIESEL OIL IMPORTADO CF,Diesel Oil Importado,DIESEL_IMPORTADO,"COOPERATIVA MINERA ""ANGEL DE MOCOPATA"" R.L.",19900.0
2026-09-10,Distrito Comercial La Paz,GLP DISTRIB. 45 KILOS NAL,GLP,GLP,SAN JUDAS TADEO SOCIEDAD DE RESPONSABILIDAD LIMITADA,2700.0
2026-09-10,Distrito Comercial La Paz,GLP DISTRIB. 45 KILOS NAL,GLP,GLP,DIST. GLP. SAMO S.A.,4500.0
2026-09-10,Distrito Comercial La Paz,GLP DISTRIB. 45 KILOS NAL,GLP,GLP,DIST. GLP. PROGAS S.R.L.,1800.0
2026-09-10,Distrito Comercial La Paz,GLP DISTRIB. 45 KILOS NAL,GLP,GLP,DIST. GLP. ESMERALDA GAS SRL.,2250.0
2026-09-10,Distrito Comercial La Paz,GLP DISTRIB. 45 KILOS NAL,GLP,GLP,A.A.V.V. GAS S.R.L.,1800.0
2026-09-10,Distrito Comercial La Paz,GLP DISTRIB. 10 KILOS NAL,GLP,GLP,SANDRA CALLIZAYA CH. - DIST. GLP OMASUYOS,9000.0
2026-09-10,Distrito Comercial La Paz,GLP DISTRIB. 10 KILOS NAL,GLP,GLP,SAN JUDAS TADEO SOCIEDAD DE RESPONSABILIDAD LIMITADA,45000.0
2026-09-10,Distrito Comercial La Paz,GLP DISTRIB. 10 KILOS NAL,GLP,GLP,ISABEL DURAN DE ITURRI - DIST. GLP DURA GAS,45000.0
2026-09-10,Distrito Comercial La Paz,GLP DISTRIB. 10 KILOS NAL,GLP,GLP,GMGRECO GAS SOCIEDAD DE RESPONSABILIDAD LIMITADA,45000.0
2026-09-10,Distrito Comercial La Paz,GLP DISTRIB. 10 KILOS NAL,GLP,GLP,GENARA CAPIA DE FERNANDEZ - DIST. GLP SEVERO FERNANDEZ CH.,14000.0
2026-09-10,Distrito Comercial La Paz,GLP DISTRIB. 10 KILOS NAL,GLP,GLP,DISTRIBUIDORA DE GLP SAN FRANCISCO -LUCIANO SILLO CONDORI S.R.L.,9000.0
2026-09-10,Distrito Comercial La Paz,GLP DISTRIB. 10 KILOS NAL,GLP,GLP,DISTRIBUIDORA DE GAS LICUADO ALEJANDRA S.R.L.,8840.0
2026-09-10,Distrito Comercial La Paz,GLP DISTRIB. 10 KILOS NAL,GLP,GLP,"DISTRIBUIDORA DE G.L.P. ""TIPUANI"" S.R.L.",8840.0
2026-09-10,Distrito Comercial La Paz,GLP DISTRIB. 10 KILOS NAL,GLP,GLP,DIST. GLP. VIAGAS,45000.0
2026-09-10,Distrito Comercial La Paz,GLP DISTRIB. 10 KILOS NAL,GLP,GLP,DIST. GLP. TRIPETROL S.R.L.,45000.0
2026-09-10,Distrito Comercial La Paz,GLP DISTRIB. 10 KILOS NAL,GLP,GLP,DIST. GLP. SOCIEDAD PETROLERA SANTA ELENA S.R.L. (SOPESE S.R.L.),45000.0
2026-09-10,Distrito Comercial La Paz,GLP DISTRIB. 10 KILOS NAL,GLP,GLP,DIST. GLP. SAMO S.A.,45000.0
2026-09-10,Distrito Comercial La Paz,GLP DISTRIB. 10 KILOS NAL,GLP,GLP,DIST. GLP. PROGAS S.R.L.,45000.0
2026-09-10,Distrito Comercial La Paz,GLP DISTRIB. 10 KILOS NAL,GLP,GLP,DIST. GLP. PEREZ,9000.0
2026-09-10,Distrito Comercial La Paz,GLP DISTRIB. 10 KILOS NAL,GLP,GLP,DIST. GLP. ESMERALDA GAS SRL.,45000.0
2026-09-10,Distrito Comercial La Paz,GLP DISTRIB. 10 KILOS NAL,GLP,GLP,DIST. GLP. DISANDES S.R.L.,11500.0
2026-09-10,Distrito Comercial La Paz,GLP DISTRIB. 10 KILOS NAL,GLP,GLP,DIST. GLP. COPACABANA GAS LTDA.,9200.0
2026-09-10,Distrito Comercial La Paz,GLP DISTRIB. 10 KILOS NAL,GLP,GLP,DIST. GLP FLOR DEL NORTE S.R.L.,9000.0
2026-09-10,Distrito Comercial La Paz,GLP DISTRIB. 10 KILOS NAL,GLP,GLP,DIST. GLP CALEMQ S.R.L.,6000.0
2026-09-10,Distrito Comercial La Paz,GLP DISTRIB. 10 KILOS NAL,GLP,GLP,DIST. GLP ANGELES,12000.0
2026-09-10,Distrito Comercial La Paz,GLP DISTRIB. 10 KILOS NAL,GLP,GLP,DELTAFOOD S.R.L.,9000.0
2026-09-10,Distrito Comercial La Paz,GLP DISTRIB. 10 KILOS NAL,GLP,GLP,ALEXSUS GAS S.R.L.,9000.0
2026-09-10,Distrito Comercial La Paz,GLP DISTRIB. 10 KILOS NAL,GLP,GLP,A.A.V.V. GAS S.R.L.,45000.0
2026-09-10,Distrito Comercial La Paz,GASOLINA ESPECIAL EESS,Gasolina Especial,GASOLINA_ESPECIAL,CHOROPAMPA S.R.L.,22000.0
2026-09-10,Distrito Comercial La Paz,GASOLINA ESPECIAL EESS,Gasolina Especial,GASOLINA_ESPECIAL,GASOLINERA HUATAJATA S.R.L.,22000.0
2026-09-10,Distrito Comercial La Paz,GASOLINA ESPECIAL EESS,Gasolina Especial,GASOLINA_ESPECIAL,FREDY LIMACHI CHALLCO - EST. SERV. DON LEO,22000.0
2026-09-10,Distrito Comercial La Paz,GASOLINA ESPECIAL EESS,Gasolina Especial,GASOLINA_ESPECIAL,ESTACION DE SERVICIO TOLAR S.R.L.,20000.0
2026-09-10,Distrito Comercial La Paz,GASOLINA ESPECIAL EESS,Gasolina Especial,GASOLINA_ESPECIAL,ESTACION DE SERVICIO TEOPONTE S.R.L.,22000.0
2026-09-10,Distrito Comercial La Paz,GASOLINA ESPECIAL EESS,Gasolina Especial,GASOLINA_ESPECIAL,ESTACION DE SERVICIO SURTIDOR TUMUPASA S.R.L.,22000.0
2026-09-10,Distrito Comercial La Paz,GASOLINA ESPECIAL EESS,Gasolina Especial,GASOLINA_ESPECIAL,ESTACION DE SERVICIO PARAISO TROPICAL,24000.0
2026-09-10,Distrito Comercial La Paz,GASOLINA ESPECIAL EESS,Gasolina Especial,GASOLINA_ESPECIAL,ESTACION DE SERVICIO MEJIA S.R.L.,22000.0
2026-09-10,Distrito Comercial La Paz,GASOLINA ESPECIAL EESS,Gasolina Especial,GASOLINA_ESPECIAL,ESTACION DE SERVICIO MADIDI SAN BUENAVENTURA S.R.L.,30000.0
2026-09-10,Distrito Comercial La Paz,GASOLINA ESPECIAL EESS,Gasolina Especial,GASOLINA_ESPECIAL,ESTACION DE SERVICIO HUANCANE Y TRANSPORTE S.R.L.,22000.0
2026-09-10,Distrito Comercial La Paz,GASOLINA ESPECIAL EESS,Gasolina Especial,GASOLINA_ESPECIAL,ESTACION DE SERVICIO GASOLINERA CRUCE DE ORO S.R.L.,22000.0
2026-09-10,Distrito Comercial La Paz,GASOLINA ESPECIAL EESS,Gasolina Especial,GASOLINA_ESPECIAL,ESTACION DE SERVICIO COTA PATA S.R.L.,22000.0
2026-09-10,Distrito Comercial La Paz,GASOLINA ESPECIAL EESS,Gasolina Especial,GASOLINA_ESPECIAL,EST. SERV. SAN MIGUEL-IVAN L.,22000.0
2026-09-10,Distrito Comercial La Paz,GASOLINA ESPECIAL EESS,Gasolina Especial,GASOLINA_ESPECIAL,EST. SERV. RIO MANIQUI - FATIMA FORERO B.,22000.0
2026-09-10,Distrito Comercial La Paz,GASOLINA ESPECIAL EESS,Gasolina Especial,GASOLINA_ESPECIAL,EST. SERV. PALOS BLANCOS,32000.0
2026-09-10,Distrito Comercial La Paz,GASOLINA ESPECIAL EESS,Gasolina Especial,GASOLINA_ESPECIAL,EST. SERV. NETANEL,22000.0
2026-09-10,Distrito Comercial La Paz,GASOLINA ESPECIAL EESS,Gasolina Especial,GASOLINA_ESPECIAL,EST. SERV. LOZA DE ORO,22000.0
2026-09-10,Distrito Comercial La Paz,GASOLINA ESPECIAL EESS,Gasolina Especial,GASOLINA_ESPECIAL,EST. SERV. CARRASCO S.R.L.,22000.0
2026-09-10,Distrito Comercial La Paz,GASOLINA ESPECIAL EESS,Gasolina Especial,GASOLINA_ESPECIAL,EST. SERV. CARBURANTES SAN MIGUEL,22000.0
2026-09-10,Distrito Comercial La Paz,GASOLINA ESPECIAL + EESS,Gasolina Especial +,GASOLINA_ESPECIAL_MAS,EST. SERV. GASOLCAMP S.R.L.,24000.0
2026-09-10,Distrito Comercial La Paz,GASOLINA ESPECIAL + (S/DSI),Gasolina Especial +,GASOLINA_ESPECIAL_MAS,ZURSIL S.R.L. - E.S.T.,18000.0
2026-09-10,Distrito Comercial La Paz,GASOLINA ESPECIAL + (S/DSI),Gasolina Especial +,GASOLINA_ESPECIAL_MAS,GRUPO EMPRESARIAL VIRGEN DE LOS ALAMOS S.R.L.,36000.0
2026-09-10,Distrito Comercial La Paz,GASOLINA ESPECIAL + (S/DSI),Gasolina Especial +,GASOLINA_ESPECIAL_MAS,GREGORIO CUENTAS M. EST. SERV. DRAGON DE ORO,24000.0
2026-09-10,Distrito Comercial La Paz,GASOLINA ESPECIAL + (S/DSI),Gasolina Especial +,GASOLINA_ESPECIAL_MAS,GAS SAN FELIPE S.R.L.,24000.0
2026-09-10,Distrito Comercial La Paz,GASOLINA ESPECIAL + (S/DSI),Gasolina Especial +,GASOLINA_ESPECIAL_MAS,ESTACIÓN DE SERVICIO LAS ROSAS S.R.L.,20000.0
2026-09-10,Distrito Comercial La Paz,GASOLINA ESPECIAL + (S/DSI),Gasolina Especial +,GASOLINA_ESPECIAL_MAS,ESTACIÓN DE SERVICIO ALIMARC INTER GAS BOLIVIA S.R.L.,18000.0
2026-09-10,Distrito Comercial La Paz,GASOLINA ESPECIAL + (S/DSI),Gasolina Especial +,GASOLINA_ESPECIAL_MAS,ESTACION DE SERVICIOS NIMAGASBOL S.R.L.,18000.0
2026-09-10,Distrito Comercial La Paz,GASOLINA ESPECIAL + (S/DSI),Gasolina Especial +,GASOLINA_ESPECIAL_MAS,ESTACION DE SERVICIO ZOFRI S.R.L.,18000.0
2026-09-10,Distrito Comercial La Paz,GASOLINA ESPECIAL + (S/DSI),Gasolina Especial +,GASOLINA_ESPECIAL_MAS,ESTACION DE SERVICIO TERRAGAS LTDA,24000.0
2026-09-10,Distrito Comercial La Paz,GASOLINA ESPECIAL + (S/DSI),Gasolina Especial +,GASOLINA_ESPECIAL_MAS,ESTACION DE SERVICIO TEJADA TRIANGULAR,20000.0
2026-09-10,Distrito Comercial La Paz,GASOLINA ESPECIAL + (S/DSI),Gasolina Especial +,GASOLINA_ESPECIAL_MAS,ESTACION DE SERVICIO SEÑOR DE MAYO S.R.L.,20000.0
2026-09-10,Distrito Comercial La Paz,GASOLINA ESPECIAL + (S/DSI),Gasolina Especial +,GASOLINA_ESPECIAL_MAS,ESTACION DE SERVICIO SAN SEBASTIAN S.R.L.,18000.0
2026-09-10,Distrito Comercial La Paz,GASOLINA ESPECIAL + (S/DSI),Gasolina Especial +,GASOLINA_ESPECIAL_MAS,ESTACION DE SERVICIO LOZA - MARCELINA AGUIRRE VDA. DE LOZA,24000.0
2026-09-10,Distrito Comercial La Paz,GASOLINA ESPECIAL + (S/DSI),Gasolina Especial +,GASOLINA_ESPECIAL_MAS,ESTACION DE SERVICIO KANTUTA S.R.L.,36000.0
2026-09-10,Distrito Comercial La Paz,GASOLINA ESPECIAL + (S/DSI),Gasolina Especial +,GASOLINA_ESPECIAL_MAS,ESTACION DE SERVICIO JACHA INTI S.R.L.,24000.0
2026-09-10,Distrito Comercial La Paz,GASOLINA ESPECIAL + (S/DSI),Gasolina Especial +,GASOLINA_ESPECIAL_MAS,ESTACION DE SERVICIO FULL TANK S.R.L.,18000.0
2026-09-10,Distrito Comercial La Paz,GASOLINA ESPECIAL + (S/DSI),Gasolina Especial +,GASOLINA_ESPECIAL_MAS,ESTACION DE SERVICIO CALUYO S.R.L.,20000.0
2026-09-10,Distrito Comercial La Paz,GASOLINA ESPECIAL + (S/DSI),Gasolina Especial +,GASOLINA_ESPECIAL_MAS,ESTACION DE SERVICIO C. REDENTOR S.R.L.,12000.0
2026-09-10,Distrito Comercial La Paz,GASOLINA ESPECIAL + (S/DSI),Gasolina Especial +,GASOLINA_ESPECIAL_MAS,EST. SERV. YUPANQUI,12000.0
2026-09-10,Distrito Comercial La Paz,GASOLINA ESPECIAL + (S/DSI),Gasolina Especial +,GASOLINA_ESPECIAL_MAS,EST. SERV. VOLCAN S.R.L.,48000.0
2026-09-10,Distrito Comercial La Paz,GASOLINA ESPECIAL + (S/DSI),Gasolina Especial +,GASOLINA_ESPECIAL_MAS,EST. SERV. TEXAS S.R.L.,20000.0
2026-09-10,Distrito Comercial La Paz,GASOLINA ESPECIAL + (S/DSI),Gasolina Especial +,GASOLINA_ESPECIAL_MAS,EST. SERV. SURTIDORES UNITOURS LTDA.,12000.0
2026-09-10,Distrito Comercial La Paz,GASOLINA ESPECIAL + (S/DSI),Gasolina Especial +,GASOLINA_ESPECIAL_MAS,EST. SERV. SOC. IND. COM. G.L.P.H. LTDA,24000.0
2026-09-10,Distrito Comercial La Paz,GASOLINA ESPECIAL + (S/DSI),Gasolina Especial +,GASOLINA_ESPECIAL_MAS,EST. SERV. SIEMPRE A FULL MIRAFLORES S.R.L. (SAF),36000.0
2026-09-10,Distrito Comercial La Paz,GASOLINA ESPECIAL + (S/DSI),Gasolina Especial +,GASOLINA_ESPECIAL_MAS,EST. SERV. SAN PABLO VILLA BOLIVAR S.R.L.,20000.0
2026-09-10,Distrito Comercial La Paz,GASOLINA ESPECIAL + (S/DSI),Gasolina Especial +,GASOLINA_ESPECIAL_MAS,EST. SERV. SALIDA LTDA,20000.0
2026-09-10,Distrito Comercial La Paz,GASOLINA ESPECIAL + (S/DSI),Gasolina Especial +,GASOLINA_ESPECIAL_MAS,EST. SERV. RACING GAS S.R.L.,12000.0
2026-09-10,Distrito Comercial La Paz,GASOLINA ESPECIAL + (S/DSI),Gasolina Especial +,GASOLINA_ESPECIAL_MAS,EST. SERV. QHANTATI SRL.,24000.0
2026-09-10,Distrito Comercial La Paz,GASOLINA ESPECIAL + (S/DSI),Gasolina Especial +,GASOLINA_ESPECIAL_MAS,EST. SERV. PLAYA VERDE,24000.0
2026-09-10,Distrito Comercial La Paz,GASOLINA ESPECIAL + (S/DSI),Gasolina Especial +,GASOLINA_ESPECIAL_MAS,EST. SERV. PEREZ ROCHA SRL.,20000.0
2026-09-10,Distrito Comercial La Paz,GASOLINA ESPECIAL + (S/DSI),Gasolina Especial +,GASOLINA_ESPECIAL_MAS,EST. SERV. MOTORECO SRL.,24000.0
2026-09-10,Distrito Comercial La Paz,GASOLINA ESPECIAL + (S/DSI),Gasolina Especial +,GASOLINA_ESPECIAL_MAS,EST. SERV. MARANATHA,24000.0
2026-09-10,Distrito Comercial La Paz,GASOLINA ESPECIAL + (S/DSI),Gasolina Especial +,GASOLINA_ESPECIAL_MAS,EST. SERV. M&G CAMINO REAL,24000.0
2026-09-10,Distrito Comercial La Paz,GASOLINA ESPECIAL + (S/DSI),Gasolina Especial +,GASOLINA_ESPECIAL_MAS,EST. SERV. LUBRICAN SRL,24000.0
2026-09-10,Distrito Comercial La Paz,GASOLINA ESPECIAL + (S/DSI),Gasolina Especial +,GASOLINA_ESPECIAL_MAS,EST. SERV. LAREDO SRL,18000.0
2026-09-10,Distrito Comercial La Paz,GASOLINA ESPECIAL + (S/DSI),Gasolina Especial +,GASOLINA_ESPECIAL_MAS,EST. SERV. JAIMES FREYRE,24000.0
2026-09-10,Distrito Comercial La Paz,GASOLINA ESPECIAL + (S/DSI),Gasolina Especial +,GASOLINA_ESPECIAL_MAS,EST. SERV. INTEROCEANICO,20000.0
2026-09-10,Distrito Comercial La Paz,GASOLINA ESPECIAL + (S/DSI),Gasolina Especial +,GASOLINA_ESPECIAL_MAS,EST. SERV. ILLIMANI S.R.L.,20000.0
2026-09-10,Distrito Comercial La Paz,GASOLINA ESPECIAL + (S/DSI),Gasolina Especial +,GASOLINA_ESPECIAL_MAS,EST. SERV. GAS-MAY S.R.L.,12000.0
2026-09-10,Distrito Comercial La Paz,GASOLINA ESPECIAL + (S/DSI),Gasolina Especial +,GASOLINA_ESPECIAL_MAS,EST. SERV. GAS CENTRO S.R.L.,20000.0
2026-09-10,Distrito Comercial La Paz,GASOLINA ESPECIAL + (S/DSI),Gasolina Especial +,GASOLINA_ESPECIAL_MAS,EST. SERV. EMP. COM. HID. TUPAC KATARI S.R.L.,24000.0
2026-09-10,Distrito Comercial La Paz,GASOLINA ESPECIAL + (S/DSI),Gasolina Especial +,GASOLINA_ESPECIAL_MAS,EST. SERV. EL PARAISO SRL.,24000.0
2026-09-10,Distrito Comercial La Paz,GASOLINA ESPECIAL + (S/DSI),Gasolina Especial +,GASOLINA_ESPECIAL_MAS,EST. SERV. CUENTAS SAN PABLO II S.R.L.,24000.0
2026-09-10,Distrito Comercial La Paz,GASOLINA ESPECIAL + (S/DSI),Gasolina Especial +,GASOLINA_ESPECIAL_MAS,EST. SERV. CRISTO AUTO GAS SRL.,20000.0
2026-09-10,Distrito Comercial La Paz,GASOLINA ESPECIAL + (S/DSI),Gasolina Especial +,GASOLINA_ESPECIAL_MAS,EST. SERV. COSTANERA SRL.,24000.0
2026-09-10,Distrito Comercial La Paz,GASOLINA ESPECIAL + (S/DSI),Gasolina Especial +,GASOLINA_ESPECIAL_MAS,EST. SERV. CHUSAMARCA,12000.0
2026-09-10,Distrito Comercial La Paz,GASOLINA ESPECIAL + (S/DSI),Gasolina Especial +,GASOLINA_ESPECIAL_MAS,EST. SERV. CHASQUIPAMPA S.R.L.,24000.0
2026-09-10,Distrito Comercial La Paz,GASOLINA ESPECIAL + (S/DSI),Gasolina Especial +,GASOLINA_ESPECIAL_MAS,EST. SERV. CHALY,24000.0
2026-09-10,Distrito Comercial La Paz,GASOLINA ESPECIAL + (S/DSI),Gasolina Especial +,GASOLINA_ESPECIAL_MAS,EST. SERV. CARSUR S.R.L.,24000.0
2026-09-10,Distrito Comercial La Paz,GASOLINA ESPECIAL + (S/DSI),Gasolina Especial +,GASOLINA_ESPECIAL_MAS,EST. SERV. CANDELARIA,18000.0
2026-09-10,Distrito Comercial La Paz,GASOLINA ESPECIAL + (S/DSI),Gasolina Especial +,GASOLINA_ESPECIAL_MAS,EST. SERV. BOLIVIA ZURSIL S.R.L.,12000.0
2026-09-10,Distrito Comercial La Paz,GASOLINA ESPECIAL + (S/DSI),Gasolina Especial +,GASOLINA_ESPECIAL_MAS,EST. SERV. BASSAM LTDA,24000.0
2026-09-10,Distrito Comercial La Paz,GASOLINA ESPECIAL + (S/DSI),Gasolina Especial +,GASOLINA_ESPECIAL_MAS,EST. SERV. APOSTOL SANTIAGO,20000.0
2026-09-10,Distrito Comercial La Paz,GASOLINA ESPECIAL + (S/DSI),Gasolina Especial +,GASOLINA_ESPECIAL_MAS,EST. SERV. ALTO LIMA S.R.L.,20000.0
2026-09-10,Distrito Comercial La Paz,GASOLINA ESPECIAL + (S/DSI),Gasolina Especial +,GASOLINA_ESPECIAL_MAS,EST. SERV. ACB SAN JORGE,24000.0
2026-09-10,Distrito Comercial La Paz,GASOLINA ESPECIAL + (S/DSI),Gasolina Especial +,GASOLINA_ESPECIAL_MAS,EST. SERV. ACB CALACOTO,24000.0
2026-09-10,Distrito Comercial La Paz,GASOLINA ESPECIAL + (S/DSI),Gasolina Especial +,GASOLINA_ESPECIAL_MAS,EST. SERV. 6 DE MARZO,12000.0
2026-09-10,Distrito Comercial La Paz,GASOLINA ESPECIAL + (S/DSI),Gasolina Especial +,GASOLINA_ESPECIAL_MAS,ELSA CHIPANA H. - EST. SERV. ECOPETROL,12000.0
2026-09-10,Distrito Comercial La Paz,GASOLINA ESPECIAL + (S/DSI),Gasolina Especial +,GASOLINA_ESPECIAL_MAS,ELDA S. AGUILAR V. - EST. SERV. JUAN PABLO II,24000.0
2026-09-10,Distrito Comercial La Paz,GASOLINA ESPECIAL + (S/DSI),Gasolina Especial +,GASOLINA_ESPECIAL_MAS,DISTRIBUIDORA DE GASOLINA Y LUBRICANTES SAN PABLO S.R.L.,24000.0
2026-09-10,Distrito Comercial La Paz,DIESEL OIL NACIONAL EESS,Diesel Oil Nacional,DIESEL_NACIONAL,SILVIA TORREZ.- EST. SERV. TORREZ,22000.0
2026-09-10,Distrito Comercial La Paz,DIESEL OIL NACIONAL EESS,Diesel Oil Nacional,DIESEL_NACIONAL,ESTACIÓN DE SERVICIO ESCOMA S.R.L.,22000.0
2026-09-10,Distrito Comercial La Paz,DIESEL OIL NACIONAL EESS,Diesel Oil Nacional,DIESEL_NACIONAL,ESTACION DE SERVICIO TIAHUANACU S.R.L.,22000.0
2026-09-10,Distrito Comercial La Paz,DIESEL OIL NACIONAL EESS,Diesel Oil Nacional,DIESEL_NACIONAL,ESTACION DE SERVICIO SAYHOGAS S.R.L.,22000.0
2026-09-10,Distrito Comercial La Paz,DIESEL OIL NACIONAL EESS,Diesel Oil Nacional,DIESEL_NACIONAL,ESTACION DE SERVICIO MADIDI SAN BUENAVENTURA S.R.L.,22000.0
2026-09-10,Distrito Comercial La Paz,DIESEL OIL NACIONAL EESS,Diesel Oil Nacional,DIESEL_NACIONAL,ESTACION DE SERVICIO GASOLINERA CRUCE DE ORO S.R.L.,22000.0
2026-09-10,Distrito Comercial La Paz,DIESEL OIL NACIONAL EESS,Diesel Oil Nacional,DIESEL_NACIONAL,EST. SERV. V. COPACABANA - PEDRO IRIARTE M.,22000.0
2026-09-10,Distrito Comercial La Paz,DIESEL OIL NACIONAL EESS,Diesel Oil Nacional,DIESEL_NACIONAL,EST. SERV. NETANEL,22000.0
2026-09-10,Distrito Comercial La Paz,DIESEL OIL NACIONAL EESS,Diesel Oil Nacional,DIESEL_NACIONAL,EST. SERV. LOZA DE ORO,22000.0
2026-09-10,Distrito Comercial La Paz,DIESEL OIL NACIONAL EESS,Diesel Oil Nacional,DIESEL_NACIONAL,EST. SERV. GASOLCAMP S.R.L.,24000.0
2026-09-10,Distrito Comercial La Paz,DIESEL OIL NACIONAL EESS,Diesel Oil Nacional,DIESEL_NACIONAL,EST. SERV. FLOR DE CAÑA S.R.L.,22000.0
2026-09-10,Distrito Comercial La Paz,DIESEL OIL NACIONAL EESS,Diesel Oil Nacional,DIESEL_NACIONAL,EST. SERV. CARRASCO S.R.L.,22000.0
2026-09-10,Distrito Comercial La Paz,DIESEL OIL NACIONAL EESS,Diesel Oil Nacional,DIESEL_NACIONAL,EST. SERV. BALLIVIAN SANTA BARBARA,22000.0
2026-09-10,Distrito Comercial La Paz,DIESEL OIL NACIONAL EESS,Diesel Oil Nacional,DIESEL_NACIONAL,EST. SERV. ADALUZ PETROL,22000.0
2026-09-10,Distrito Comercial La Paz,DIESEL OIL NACIONAL EESS,Diesel Oil Nacional,DIESEL_NACIONAL,EST. SERV. ACHACACHI S.R.L.,20000.0
2026-09-10,Distrito Comercial La Paz,DIESEL OIL NACIONAL EESS,Diesel Oil Nacional,DIESEL_NACIONAL,CLEMENTINA FANNY MAMANI MORALES - EST. SERV. LAHUACHACA Y DISTRIBUCION DE GLP,22000.0
2026-09-10,Distrito Comercial La Paz,DIESEL OIL IMPORTADO EESS,Diesel Oil Importado,DIESEL_IMPORTADO,"EMPRESA COMERCIALIZADORA, DISTRIBUIDORA DE SERVICIOS Y CARBURANTES ARUZCA MORALES S.R.L.",20000.0
2026-09-10,Distrito Comercial La Paz,DIESEL OIL IMPORTADO EESS,Diesel Oil Importado,DIESEL_IMPORTADO,EFRAIN LOPEZ LUCANA,22000.0
2026-09-10,Distrito Comercial La Paz,DIESEL OIL IMPORTADO EESS,Diesel Oil Importado,DIESEL_IMPORTADO,CHOROPAMPA S.R.L.,24000.0
2026-09-10,Distrito Comercial La Paz,DIESEL OIL IMPORTADO EESS,Diesel Oil Importado,DIESEL_IMPORTADO,ZURSIL S.R.L. - E.S.T.,48000.0
2026-09-10,Distrito Comercial La Paz,DIESEL OIL IMPORTADO EESS,Diesel Oil Importado,DIESEL_IMPORTADO,MARIA PATZI-EST. SERV. VARELA,24000.0
2026-09-10,Distrito Comercial La Paz,DIESEL OIL IMPORTADO EESS,Diesel Oil Importado,DIESEL_IMPORTADO,GREGORIO CUENTAS M. EST. SERV. DRAGON DE ORO,12000.0
2026-09-10,Distrito Comercial La Paz,DIESEL OIL IMPORTADO EESS,Diesel Oil Importado,DIESEL_IMPORTADO,GAS SAN FELIPE S.R.L.,24000.0
2026-09-10,Distrito Comercial La Paz,DIESEL OIL IMPORTADO EESS,Diesel Oil Importado,DIESEL_IMPORTADO,ESTACIÓN DE SERVICIO LAS ROSAS S.R.L.,18000.0
2026-09-10,Distrito Comercial La Paz,DIESEL OIL IMPORTADO EESS,Diesel Oil Importado,DIESEL_IMPORTADO,ESTACIÓN DE SERVICIO ALIMARC INTER GAS BOLIVIA S.R.L.,48000.0
2026-09-10,Distrito Comercial La Paz,DIESEL OIL IMPORTADO EESS,Diesel Oil Importado,DIESEL_IMPORTADO,ESTACION DE SERVICIOS NIMAGASBOL S.R.L.,48000.0
2026-09-10,Distrito Comercial La Paz,DIESEL OIL IMPORTADO EESS,Diesel Oil Importado,DIESEL_IMPORTADO,ESTACION DE SERVICIO ZOFRI S.R.L.,48000.0
2026-09-10,Distrito Comercial La Paz,DIESEL OIL IMPORTADO EESS,Diesel Oil Importado,DIESEL_IMPORTADO,ESTACION DE SERVICIO TERRAGAS LTDA,12000.0
2026-09-10,Distrito Comercial La Paz,DIESEL OIL IMPORTADO EESS,Diesel Oil Importado,DIESEL_IMPORTADO,ESTACION DE SERVICIO TEJADA TRIANGULAR,12000.0
2026-09-10,Distrito Comercial La Paz,DIESEL OIL IMPORTADO EESS,Diesel Oil Importado,DIESEL_IMPORTADO,ESTACION DE SERVICIO SEÑOR DE MAYO S.R.L.,20000.0
2026-09-10,Distrito Comercial La Paz,DIESEL OIL IMPORTADO EESS,Diesel Oil Importado,DIESEL_IMPORTADO,ESTACION DE SERVICIO SAN SEBASTIAN S.R.L.,48000.0
2026-09-10,Distrito Comercial La Paz,DIESEL OIL IMPORTADO EESS,Diesel Oil Importado,DIESEL_IMPORTADO,ESTACION DE SERVICIO LOS ROSALES,24000.0
2026-09-10,Distrito Comercial La Paz,DIESEL OIL IMPORTADO EESS,Diesel Oil Importado,DIESEL_IMPORTADO,ESTACION DE SERVICIO FULL TANK S.R.L.,24000.0
2026-09-10,Distrito Comercial La Paz,DIESEL OIL IMPORTADO EESS,Diesel Oil Importado,DIESEL_IMPORTADO,ESTACION DE SERVICIO CHALLAPAMPA S.R.L.,12000.0
2026-09-10,Distrito Comercial La Paz,DIESEL OIL IMPORTADO EESS,Diesel Oil Importado,DIESEL_IMPORTADO,ESTACION DE SERVICIO CALUYO S.R.L.,20000.0
2026-09-10,Distrito Comercial La Paz,DIESEL OIL IMPORTADO EESS,Diesel Oil Importado,DIESEL_IMPORTADO,ESTACION DE SERVICIO C. REDENTOR S.R.L.,48000.0
2026-09-10,Distrito Comercial La Paz,DIESEL OIL IMPORTADO EESS,Diesel Oil Importado,DIESEL_IMPORTADO,EST. SERV. VOLCAN S.R.L.,36000.0
2026-09-10,Distrito Comercial La Paz,DIESEL OIL IMPORTADO EESS,Diesel Oil Importado,DIESEL_IMPORTADO,EST. SERV. SURTIDORES UNITOURS LTDA.,12000.0
2026-09-10,Distrito Comercial La Paz,DIESEL OIL IMPORTADO EESS,Diesel Oil Importado,DIESEL_IMPORTADO,EST. SERV. SOC. IND. COM. G.L.P.H. LTDA,18000.0
2026-09-10,Distrito Comercial La Paz,DIESEL OIL IMPORTADO EESS,Diesel Oil Importado,DIESEL_IMPORTADO,EST. SERV. SIEMPRE A FULL MIRAFLORES S.R.L. (SAF),12000.0
2026-09-10,Distrito Comercial La Paz,DIESEL OIL IMPORTADO EESS,Diesel Oil Importado,DIESEL_IMPORTADO,EST. SERV. SAN PABLO VILLA BOLIVAR S.R.L.,20000.0
2026-09-10,Distrito Comercial La Paz,DIESEL OIL IMPORTADO EESS,Diesel Oil Importado,DIESEL_IMPORTADO,EST. SERV. SALIDA LTDA,12000.0
2026-09-10,Distrito Comercial La Paz,DIESEL OIL IMPORTADO EESS,Diesel Oil Importado,DIESEL_IMPORTADO,EST. SERV. QHANTATI SRL.,24000.0
2026-09-10,Distrito Comercial La Paz,DIESEL OIL IMPORTADO EESS,Diesel Oil Importado,DIESEL_IMPORTADO,EST. SERV. PLAYA VERDE,24000.0
2026-09-10,Distrito Comercial La Paz,DIESEL OIL IMPORTADO EESS,Diesel Oil Importado,DIESEL_IMPORTADO,EST. SERV. PEREZ ROCHA SRL.,20000.0
2026-09-10,Distrito Comercial La Paz,DIESEL OIL IMPORTADO EESS,Diesel Oil Importado,DIESEL_IMPORTADO,EST. SERV. M&G CAMINO REAL,20000.0
2026-09-10,Distrito Comercial La Paz,DIESEL OIL IMPORTADO EESS,Diesel Oil Importado,DIESEL_IMPORTADO,EST. SERV. LOS ANDES SRL,14000.0
2026-09-10,Distrito Comercial La Paz,DIESEL OIL IMPORTADO EESS,Diesel Oil Importado,DIESEL_IMPORTADO,EST. SERV. LAREDO SRL,48000.0
2026-09-10,Distrito Comercial La Paz,DIESEL OIL IMPORTADO EESS,Diesel Oil Importado,DIESEL_IMPORTADO,EST. SERV. JAIMES FREYRE,12000.0
2026-09-10,Distrito Comercial La Paz,DIESEL OIL IMPORTADO EESS,Diesel Oil Importado,DIESEL_IMPORTADO,EST. SERV. INTEROCEANICO,20000.0
2026-09-10,Distrito Comercial La Paz,DIESEL OIL IMPORTADO EESS,Diesel Oil Importado,DIESEL_IMPORTADO,EST. SERV. ILLIMANI S.R.L.,24000.0
2026-09-10,Distrito Comercial La Paz,DIESEL OIL IMPORTADO EESS,Diesel Oil Importado,DIESEL_IMPORTADO,EST. SERV. GAS-MAY S.R.L.,18000.0
2026-09-10,Distrito Comercial La Paz,DIESEL OIL IMPORTADO EESS,Diesel Oil Importado,DIESEL_IMPORTADO,EST. SERV. GALAXIA S.R.L.,18000.0
2026-09-10,Distrito Comercial La Paz,DIESEL OIL IMPORTADO EESS,Diesel Oil Importado,DIESEL_IMPORTADO,EST. SERV. EMP. COM. HID. TUPAC KATARI S.R.L.,20000.0
2026-09-10,Distrito Comercial La Paz,DIESEL OIL IMPORTADO EESS,Diesel Oil Importado,DIESEL_IMPORTADO,EST. SERV. EL PARAISO SRL.,20000.0
2026-09-10,Distrito Comercial La Paz,DIESEL OIL IMPORTADO EESS,Diesel Oil Importado,DIESEL_IMPORTADO,EST. SERV. EDUARDO YUPANQUI,18000.0
2026-09-10,Distrito Comercial La Paz,DIESEL OIL IMPORTADO EESS,Diesel Oil Importado,DIESEL_IMPORTADO,EST. SERV. CUENTAS SAN PABLO II S.R.L.,20000.0
2026-09-10,Distrito Comercial La Paz,DIESEL OIL IMPORTADO EESS,Diesel Oil Importado,DIESEL_IMPORTADO,EST. SERV. CHUSAMARCA,20000.0
2026-09-10,Distrito Comercial La Paz,DIESEL OIL IMPORTADO EESS,Diesel Oil Importado,DIESEL_IMPORTADO,EST. SERV. CANDELARIA,48000.0
2026-09-10,Distrito Comercial La Paz,DIESEL OIL IMPORTADO EESS,Diesel Oil Importado,DIESEL_IMPORTADO,EST. SERV. BOLIVIA ZURSIL S.R.L.,12000.0
2026-09-10,Distrito Comercial La Paz,DIESEL OIL IMPORTADO EESS,Diesel Oil Importado,DIESEL_IMPORTADO,EST. SERV. APOSTOL SANTIAGO,24000.0
2026-09-10,Distrito Comercial La Paz,DIESEL OIL IMPORTADO EESS,Diesel Oil Importado,DIESEL_IMPORTADO,EST. SERV. 6 DE MARZO,48000.0
2026-09-10,Distrito Comercial La Paz,DIESEL OIL IMPORTADO EESS,Diesel Oil Importado,DIESEL_IMPORTADO,ELSA CHIPANA H. - EST. SERV. ECOPETROL,48000.0
2026-09-10,Distrito Comercial La Paz,DIESEL OIL IMPORTADO EESS,Diesel Oil Importado,DIESEL_IMPORTADO,ELDA S. AGUILAR V. - EST. SERV. JUAN PABLO II,24000.0
2026-09-10,Distrito Comercial La Paz,DIESEL OIL IMPORTADO EESS,Diesel Oil Importado,DIESEL_IMPORTADO,EDUARDO YUPANQUI Q.-EST. SERV. VENTILLA,24000.0
2026-09-10,Distrito Comercial La Paz,DIESEL OIL IMPORTADO EESS,Diesel Oil Importado,DIESEL_IMPORTADO,DISTRIBUIDORA DE GASOLINA Y LUBRICANTES SAN PABLO S.R.L.,12000.0
2026-09-09,Distrito Comercial La Paz,GLP DISTRIB. 45 KILOS NAL,GLP,GLP,SAN JUDAS TADEO SOCIEDAD DE RESPONSABILIDAD LIMITADA,2700.0
2026-09-09,Distrito Comercial La Paz,GLP DISTRIB. 45 KILOS NAL,GLP,GLP,DIST. GLP. SAMO S.A.,4500.0
2026-09-09,Distrito Comercial La Paz,GLP DISTRIB. 45 KILOS NAL,GLP,GLP,DIST. GLP. PROGAS S.R.L.,1800.0
2026-09-09,Distrito Comercial La Paz,GLP DISTRIB. 45 KILOS NAL,GLP,GLP,DIST. GLP. ESMERALDA GAS SRL.,1800.0
2026-09-09,Distrito Comercial La Paz,GLP DISTRIB. 45 KILOS NAL,GLP,GLP,A.A.V.V. GAS S.R.L.,2250.0
2026-09-09,Distrito Comercial La Paz,GLP DISTRIB. 10 KILOS NAL,GLP,GLP,SANDRA CALLIZAYA CH. - DIST. GLP APOLOBAMBA,8000.0
2026-09-09,Distrito Comercial La Paz,GLP DISTRIB. 10 KILOS NAL,GLP,GLP,SAN JUDAS TADEO SOCIEDAD DE RESPONSABILIDAD LIMITADA,30000.0
2026-09-09,Distrito Comercial La Paz,GLP DISTRIB. 10 KILOS NAL,GLP,GLP,ISABEL DURAN DE ITURRI - DIST. GLP DURA GAS,30000.0
2026-09-09,Distrito Comercial La Paz,GLP DISTRIB. 10 KILOS NAL,GLP,GLP,GMGRECO GAS SOCIEDAD DE RESPONSABILIDAD LIMITADA,30000.0
2026-09-09,Distrito Comercial La Paz,GLP DISTRIB. 10 KILOS NAL,GLP,GLP,GENARA CAPIA DE FERNANDEZ - DIST. GLP SEVERO FERNANDEZ CH.,6000.0
2026-09-09,Distrito Comercial La Paz,GLP DISTRIB. 10 KILOS NAL,GLP,GLP,DISTRIBUIDORA DE GLP SAN FRANCISCO -LUCIANO SILLO CONDORI S.R.L.,9000.0
2026-09-09,Distrito Comercial La Paz,GLP DISTRIB. 10 KILOS NAL,GLP,GLP,DIST. GLP. VIAGAS,30000.0
2026-09-09,Distrito Comercial La Paz,GLP DISTRIB. 10 KILOS NAL,GLP,GLP,DIST. GLP. TRIPETROL S.R.L.,39000.0
2026-09-09,Distrito Comercial La Paz,GLP DISTRIB. 10 KILOS NAL,GLP,GLP,DIST. GLP. SOCIEDAD PETROLERA SANTA ELENA S.R.L. (SOPESE S.R.L.),30000.0
2026-09-09,Distrito Comercial La Paz,GLP DISTRIB. 10 KILOS NAL,GLP,GLP,DIST. GLP. SAN MIGUEL,8840.0
2026-09-09,Distrito Comercial La Paz,GLP DISTRIB. 10 KILOS NAL,GLP,GLP,DIST. GLP. SAMO S.A.,30000.0
2026-09-09,Distrito Comercial La Paz,GLP DISTRIB. 10 KILOS NAL,GLP,GLP,DIST. GLP. PROGAS S.R.L.,30000.0
2026-09-09,Distrito Comercial La Paz,GLP DISTRIB. 10 KILOS NAL,GLP,GLP,DIST. GLP. LA CALZADA-SUD YUNGAS,14370.0
2026-09-09,Distrito Comercial La Paz,GLP DISTRIB. 10 KILOS NAL,GLP,GLP,DIST. GLP. ESMERALDA GAS SRL.,30000.0
2026-09-09,Distrito Comercial La Paz,GLP DISTRIB. 10 KILOS NAL,GLP,GLP,DIST. GLP. DISANDES S.R.L.,12000.0
2026-09-09,Distrito Comercial La Paz,GLP DISTRIB. 10 KILOS NAL,GLP,GLP,DIST. GLP SORATA PERLA ANDINA S.R.L.,7500.0
2026-09-09,Distrito Comercial La Paz,GLP DISTRIB. 10 KILOS NAL,GLP,GLP,DIST. GLP PALOS BLANCOS - SDENKA PEREZ LARICO,9000.0
2026-09-09,Distrito Comercial La Paz,GLP DISTRIB. 10 KILOS NAL,GLP,GLP,DIST. GLP FLOR DEL NORTE S.R.L.,9000.0
2026-09-09,Distrito Comercial La Paz,GLP DISTRIB. 10 KILOS NAL,GLP,GLP,DIST. GLP ANGELES,15000.0
2026-09-09,Distrito Comercial La Paz,GLP DISTRIB. 10 KILOS NAL,GLP,GLP,A.A.V.V. GAS S.R.L.,30000.0
2026-09-09,Distrito Comercial La Paz,GASOLINA ESPECIAL EESS,Gasolina Especial,GASOLINA_ESPECIAL,PATRICIA QUIROZ SIRPA - PUESTO DE VENTA PATTY,22000.0
2026-09-09,Distrito Comercial La Paz,GASOLINA ESPECIAL EESS,Gasolina Especial,GASOLINA_ESPECIAL,NEW PETROL BOLIVIA SUCURSAL 2,24000.0
2026-09-09,Distrito Comercial La Paz,GASOLINA ESPECIAL EESS,Gasolina Especial,GASOLINA_ESPECIAL,"EMPRESA COMERCIALIZADORA, DISTRIBUIDORA DE SERVICIOS Y CARBURANTES ARUZCA MORALES S.R.L.",24000.0
2026-09-09,Distrito Comercial La Paz,GASOLINA ESPECIAL EESS,Gasolina Especial,GASOLINA_ESPECIAL,EFRAIN LOPEZ LUCANA,22000.0
2026-09-09,Distrito Comercial La Paz,GASOLINA ESPECIAL EESS,Gasolina Especial,GASOLINA_ESPECIAL,SILVIA TORREZ.- EST. SERV. TORREZ,22000.0
2026-09-09,Distrito Comercial La Paz,GASOLINA ESPECIAL EESS,Gasolina Especial,GASOLINA_ESPECIAL,PANAMERICANA INTERNACIONAL S.R.L. PAINTER S.R.L.,12000.0
2026-09-09,Distrito Comercial La Paz,GASOLINA ESPECIAL EESS,Gasolina Especial,GASOLINA_ESPECIAL,MARIO ALVAREZ M. EST. SERV. ALVAPETROL,22000.0
2026-09-09,Distrito Comercial La Paz,GASOLINA ESPECIAL EESS,Gasolina Especial,GASOLINA_ESPECIAL,IVAN MATIAS V. - EST. SERV. REYES MATIAS,22000.0
2026-09-09,Distrito Comercial La Paz,GASOLINA ESPECIAL EESS,Gasolina Especial,GASOLINA_ESPECIAL,GABY PACO CH. - EST. SERV. COLQUEPATA,22000.0
2026-09-09,Distrito Comercial La Paz,GASOLINA ESPECIAL EESS,Gasolina Especial,GASOLINA_ESPECIAL,ESTACION DE SERVICIOS YARA S.R.L.,22000.0
2026-09-09,Distrito Comercial La Paz,GASOLINA ESPECIAL EESS,Gasolina Especial,GASOLINA_ESPECIAL,ESTACION DE SERVICIO TIAHUANACU S.R.L.,30000.0
2026-09-09,Distrito Comercial La Paz,GASOLINA ESPECIAL EESS,Gasolina Especial,GASOLINA_ESPECIAL,ESTACION DE SERVICIO MADAGASCAR S.R.L.,22000.0
2026-09-09,Distrito Comercial La Paz,GASOLINA ESPECIAL EESS,Gasolina Especial,GASOLINA_ESPECIAL,ESTACION DE SERVICIO ISSUCADELA S.R.L,22000.0
2026-09-09,Distrito Comercial La Paz,GASOLINA ESPECIAL EESS,Gasolina Especial,GASOLINA_ESPECIAL,ESTACION DE SERVICIO ESPIGA DE ORO S.R.L.,22000.0
2026-09-09,Distrito Comercial La Paz,GASOLINA ESPECIAL EESS,Gasolina Especial,GASOLINA_ESPECIAL,EST. SERV. PLAYA VERDE,24000.0
2026-09-09,Distrito Comercial La Paz,GASOLINA ESPECIAL EESS,Gasolina Especial,GASOLINA_ESPECIAL,EST. SERV. PALOS BLANCOS,22000.0
2026-09-09,Distrito Comercial La Paz,GASOLINA ESPECIAL EESS,Gasolina Especial,GASOLINA_ESPECIAL,EST. SERV. GUANAY,22000.0
2026-09-09,Distrito Comercial La Paz,GASOLINA ESPECIAL EESS,Gasolina Especial,GASOLINA_ESPECIAL,EST. SERV. GASOLCAMP S.R.L.,22000.0
2026-09-09,Distrito Comercial La Paz,GASOLINA ESPECIAL EESS,Gasolina Especial,GASOLINA_ESPECIAL,EST. SERV. DESAGUADERO S.R.L.,22000.0
2026-09-09,Distrito Comercial La Paz,GASOLINA ESPECIAL EESS,Gasolina Especial,GASOLINA_ESPECIAL,EST. SERV. BALLIVIAN,22000.0
2026-09-09,Distrito Comercial La Paz,GASOLINA ESPECIAL EESS,Gasolina Especial,GASOLINA_ESPECIAL,EST. SERV. ADALUZ PETROL,22000.0
2026-09-09,Distrito Comercial La Paz,GASOLINA ESPECIAL EESS,Gasolina Especial,GASOLINA_ESPECIAL,EST. SERV. ACHACACHI S.R.L.,20000.0
2026-09-09,Distrito Comercial La Paz,GASOLINA ESPECIAL EESS,Gasolina Especial,GASOLINA_ESPECIAL,CANIAX S.R.L.,22000.0
2026-09-09,Distrito Comercial La Paz,GASOLINA ESPECIAL + EESS,Gasolina Especial +,GASOLINA_ESPECIAL_MAS,OFELIA PLATA P. - EST. SERV. DARTAÑAN,24000.0
2026-09-09,Distrito Comercial La Paz,GASOLINA ESPECIAL + CF,Gasolina Especial +,GASOLINA_ESPECIAL_MAS,SOCIEDAD INDUSTRIAL CONTINENTAL LIMITADA S.R.L.,12000.0
2026-09-09,Distrito Comercial La Paz,GASOLINA ESPECIAL + (S/DSI),Gasolina Especial +,GASOLINA_ESPECIAL_MAS,INTEGRACION Y PROGRESO COMUNITARIO S.R.L.,6000.0
2026-09-09,Distrito Comercial La Paz,GASOLINA ESPECIAL + (S/DSI),Gasolina Especial +,GASOLINA_ESPECIAL_MAS,ZURSIL S.R.L. - E.S.T.,18000.0
2026-09-09,Distrito Comercial La Paz,GASOLINA ESPECIAL + (S/DSI),Gasolina Especial +,GASOLINA_ESPECIAL_MAS,MARIA PATZI-EST. SERV. VARELA,24000.0
2026-09-09,Distrito Comercial La Paz,GASOLINA ESPECIAL + (S/DSI),Gasolina Especial +,GASOLINA_ESPECIAL_MAS,GRUPO EMPRESARIAL VIRGEN DE LOS ALAMOS S.R.L.,24000.0
2026-09-09,Distrito Comercial La Paz,GASOLINA ESPECIAL + (S/DSI),Gasolina Especial +,GASOLINA_ESPECIAL_MAS,GREGORIO CUENTAS M. EST. SERV. DRAGON DE ORO,24000.0
2026-09-09,Distrito Comercial La Paz,GASOLINA ESPECIAL + (S/DSI),Gasolina Especial +,GASOLINA_ESPECIAL_MAS,GAS SAN FELIPE S.R.L.,24000.0
2026-09-09,Distrito Comercial La Paz,GASOLINA ESPECIAL + (S/DSI),Gasolina Especial +,GASOLINA_ESPECIAL_MAS,ESTACIÓN DE SERVICIO LAS ROSAS S.R.L.,20000.0
2026-09-09,Distrito Comercial La Paz,GASOLINA ESPECIAL + (S/DSI),Gasolina Especial +,GASOLINA_ESPECIAL_MAS,ESTACIÓN DE SERVICIO ALIMARC INTER GAS BOLIVIA S.R.L.,12000.0
2026-09-09,Distrito Comercial La Paz,GASOLINA ESPECIAL + (S/DSI),Gasolina Especial +,GASOLINA_ESPECIAL_MAS,ESTACION DE SERVICIOS NIMAGASBOL S.R.L.,18000.0
2026-09-09,Distrito Comercial La Paz,GASOLINA ESPECIAL + (S/DSI),Gasolina Especial +,GASOLINA_ESPECIAL_MAS,ESTACION DE SERVICIO ZOFRI S.R.L.,12000.0
2026-09-09,Distrito Comercial La Paz,GASOLINA ESPECIAL + (S/DSI),Gasolina Especial +,GASOLINA_ESPECIAL_MAS,ESTACION DE SERVICIO TERRAGAS LTDA,24000.0
2026-09-09,Distrito Comercial La Paz,GASOLINA ESPECIAL + (S/DSI),Gasolina Especial +,GASOLINA_ESPECIAL_MAS,ESTACION DE SERVICIO TEJADA TRIANGULAR,20000.0
2026-09-09,Distrito Comercial La Paz,GASOLINA ESPECIAL + (S/DSI),Gasolina Especial +,GASOLINA_ESPECIAL_MAS,ESTACION DE SERVICIO SEÑOR DE MAYO S.R.L.,20000.0
2026-09-09,Distrito Comercial La Paz,GASOLINA ESPECIAL + (S/DSI),Gasolina Especial +,GASOLINA_ESPECIAL_MAS,ESTACION DE SERVICIO SAN SEBASTIAN S.R.L.,18000.0
2026-09-09,Distrito Comercial La Paz,GASOLINA ESPECIAL + (S/DSI),Gasolina Especial +,GASOLINA_ESPECIAL_MAS,ESTACION DE SERVICIO LOZA - MARCELINA AGUIRRE VDA. DE LOZA,24000.0
2026-09-09,Distrito Comercial La Paz,GASOLINA ESPECIAL + (S/DSI),Gasolina Especial +,GASOLINA_ESPECIAL_MAS,ESTACION DE SERVICIO LOS ROSALES,24000.0
2026-09-09,Distrito Comercial La Paz,GASOLINA ESPECIAL + (S/DSI),Gasolina Especial +,GASOLINA_ESPECIAL_MAS,ESTACION DE SERVICIO KORY INTI S.R.L.,24000.0
2026-09-09,Distrito Comercial La Paz,GASOLINA ESPECIAL + (S/DSI),Gasolina Especial +,GASOLINA_ESPECIAL_MAS,ESTACION DE SERVICIO KANTUTA S.R.L.,36000.0
2026-09-09,Distrito Comercial La Paz,GASOLINA ESPECIAL + (S/DSI),Gasolina Especial +,GASOLINA_ESPECIAL_MAS,ESTACION DE SERVICIO JACHA INTI S.R.L.,24000.0
2026-09-09,Distrito Comercial La Paz,GASOLINA ESPECIAL + (S/DSI),Gasolina Especial +,GASOLINA_ESPECIAL_MAS,ESTACION DE SERVICIO FULL TANK S.R.L.,18000.0
2026-09-09,Distrito Comercial La Paz,GASOLINA ESPECIAL + (S/DSI),Gasolina Especial +,GASOLINA_ESPECIAL_MAS,ESTACION DE SERVICIO CALUYO S.R.L.,20000.0
2026-09-09,Distrito Comercial La Paz,GASOLINA ESPECIAL + (S/DSI),Gasolina Especial +,GASOLINA_ESPECIAL_MAS,ESTACION DE SERVICIO C. REDENTOR S.R.L.,18000.0
2026-09-09,Distrito Comercial La Paz,GASOLINA ESPECIAL + (S/DSI),Gasolina Especial +,GASOLINA_ESPECIAL_MAS,EST. SERV. YUPANQUI,12000.0
2026-09-09,Distrito Comercial La Paz,GASOLINA ESPECIAL + (S/DSI),Gasolina Especial +,GASOLINA_ESPECIAL_MAS,EST. SERV. VOLCAN S.R.L.,48000.0
2026-09-09,Distrito Comercial La Paz,GASOLINA ESPECIAL + (S/DSI),Gasolina Especial +,GASOLINA_ESPECIAL_MAS,EST. SERV. TEXAS S.R.L.,20000.0
2026-09-09,Distrito Comercial La Paz,GASOLINA ESPECIAL + (S/DSI),Gasolina Especial +,GASOLINA_ESPECIAL_MAS,EST. SERV. SOC. IND. COM. G.L.P.H. LTDA,20000.0
2026-09-09,Distrito Comercial La Paz,GASOLINA ESPECIAL + (S/DSI),Gasolina Especial +,GASOLINA_ESPECIAL_MAS,EST. SERV. SIEMPRE A FULL MIRAFLORES S.R.L. (SAF),36000.0
2026-09-09,Distrito Comercial La Paz,GASOLINA ESPECIAL + (S/DSI),Gasolina Especial +,GASOLINA_ESPECIAL_MAS,EST. SERV. SAN PABLO VILLA BOLIVAR S.R.L.,20000.0
2026-09-09,Distrito Comercial La Paz,GASOLINA ESPECIAL + (S/DSI),Gasolina Especial +,GASOLINA_ESPECIAL_MAS,EST. SERV. SALIDA LTDA,18000.0
2026-09-09,Distrito Comercial La Paz,GASOLINA ESPECIAL + (S/DSI),Gasolina Especial +,GASOLINA_ESPECIAL_MAS,EST. SERV. QHANTATI SRL.,24000.0
2026-09-09,Distrito Comercial La Paz,GASOLINA ESPECIAL + (S/DSI),Gasolina Especial +,GASOLINA_ESPECIAL_MAS,EST. SERV. PEREZ ROCHA SRL.,20000.0
2026-09-09,Distrito Comercial La Paz,GASOLINA ESPECIAL + (S/DSI),Gasolina Especial +,GASOLINA_ESPECIAL_MAS,EST. SERV. MOTORECO SRL.,36000.0
2026-09-09,Distrito Comercial La Paz,GASOLINA ESPECIAL + (S/DSI),Gasolina Especial +,GASOLINA_ESPECIAL_MAS,EST. SERV. M&G CAMINO REAL,24000.0
2026-09-09,Distrito Comercial La Paz,GASOLINA ESPECIAL + (S/DSI),Gasolina Especial +,GASOLINA_ESPECIAL_MAS,EST. SERV. LUBRICAN SRL,24000.0
2026-09-09,Distrito Comercial La Paz,GASOLINA ESPECIAL + (S/DSI),Gasolina Especial +,GASOLINA_ESPECIAL_MAS,EST. SERV. LOS ANDES SRL,18000.0
2026-09-09,Distrito Comercial La Paz,GASOLINA ESPECIAL + (S/DSI),Gasolina Especial +,GASOLINA_ESPECIAL_MAS,EST. SERV. LAREDO SRL,18000.0
2026-09-09,Distrito Comercial La Paz,GASOLINA ESPECIAL + (S/DSI),Gasolina Especial +,GASOLINA_ESPECIAL_MAS,EST. SERV. JAIMES FREYRE,24000.0
2026-09-09,Distrito Comercial La Paz,GASOLINA ESPECIAL + (S/DSI),Gasolina Especial +,GASOLINA_ESPECIAL_MAS,EST. SERV. INTEROCEANICO,20000.0
2026-09-09,Distrito Comercial La Paz,GASOLINA ESPECIAL + (S/DSI),Gasolina Especial +,GASOLINA_ESPECIAL_MAS,EST. SERV. ILLIMANI S.R.L.,20000.0
2026-09-09,Distrito Comercial La Paz,GASOLINA ESPECIAL + (S/DSI),Gasolina Especial +,GASOLINA_ESPECIAL_MAS,EST. SERV. GAS-MAY S.R.L.,24000.0
2026-09-09,Distrito Comercial La Paz,GASOLINA ESPECIAL + (S/DSI),Gasolina Especial +,GASOLINA_ESPECIAL_MAS,EST. SERV. GAS CENTRO S.R.L.,18000.0
2026-09-09,Distrito Comercial La Paz,GASOLINA ESPECIAL + (S/DSI),Gasolina Especial +,GASOLINA_ESPECIAL_MAS,EST. SERV. GALAXIA S.R.L.,24000.0
2026-09-09,Distrito Comercial La Paz,GASOLINA ESPECIAL + (S/DSI),Gasolina Especial +,GASOLINA_ESPECIAL_MAS,EST. SERV. EMP. COM. HID. TUPAC KATARI S.R.L.,36000.0
2026-09-09,Distrito Comercial La Paz,GASOLINA ESPECIAL + (S/DSI),Gasolina Especial +,GASOLINA_ESPECIAL_MAS,EST. SERV. EL PARAISO SRL.,24000.0
2026-09-09,Distrito Comercial La Paz,GASOLINA ESPECIAL + (S/DSI),Gasolina Especial +,GASOLINA_ESPECIAL_MAS,EST. SERV. CUENTAS SAN PABLO II S.R.L.,24000.0
2026-09-09,Distrito Comercial La Paz,GASOLINA ESPECIAL + (S/DSI),Gasolina Especial +,GASOLINA_ESPECIAL_MAS,EST. SERV. CRISTO AUTO GAS SRL.,24000.0
2026-09-09,Distrito Comercial La Paz,GASOLINA ESPECIAL + (S/DSI),Gasolina Especial +,GASOLINA_ESPECIAL_MAS,EST. SERV. COSTANERA SRL.,24000.0
2026-09-09,Distrito Comercial La Paz,GASOLINA ESPECIAL + (S/DSI),Gasolina Especial +,GASOLINA_ESPECIAL_MAS,EST. SERV. CHASQUIPAMPA S.R.L.,24000.0
2026-09-09,Distrito Comercial La Paz,GASOLINA ESPECIAL + (S/DSI),Gasolina Especial +,GASOLINA_ESPECIAL_MAS,EST. SERV. CARSUR S.R.L.,48000.0
2026-09-09,Distrito Comercial La Paz,GASOLINA ESPECIAL + (S/DSI),Gasolina Especial +,GASOLINA_ESPECIAL_MAS,EST. SERV. CANDELARIA,18000.0
2026-09-09,Distrito Comercial La Paz,GASOLINA ESPECIAL + (S/DSI),Gasolina Especial +,GASOLINA_ESPECIAL_MAS,EST. SERV. BOLIVIA ZURSIL S.R.L.,12000.0
2026-09-09,Distrito Comercial La Paz,GASOLINA ESPECIAL + (S/DSI),Gasolina Especial +,GASOLINA_ESPECIAL_MAS,EST. SERV. BASSAM LTDA,24000.0
2026-09-09,Distrito Comercial La Paz,GASOLINA ESPECIAL + (S/DSI),Gasolina Especial +,GASOLINA_ESPECIAL_MAS,EST. SERV. APOSTOL SANTIAGO,20000.0
2026-09-09,Distrito Comercial La Paz,GASOLINA ESPECIAL + (S/DSI),Gasolina Especial +,GASOLINA_ESPECIAL_MAS,EST. SERV. ALTO LIMA S.R.L.,12000.0
2026-09-09,Distrito Comercial La Paz,GASOLINA ESPECIAL + (S/DSI),Gasolina Especial +,GASOLINA_ESPECIAL_MAS,EST. SERV. ACB SAN JORGE,24000.0
2026-09-09,Distrito Comercial La Paz,GASOLINA ESPECIAL + (S/DSI),Gasolina Especial +,GASOLINA_ESPECIAL_MAS,EST. SERV. ACB CALACOTO,36000.0
2026-09-09,Distrito Comercial La Paz,GASOLINA ESPECIAL + (S/DSI),Gasolina Especial +,GASOLINA_ESPECIAL_MAS,EST. SERV. 6 DE MARZO,12000.0
2026-09-09,Distrito Comercial La Paz,GASOLINA ESPECIAL + (S/DSI),Gasolina Especial +,GASOLINA_ESPECIAL_MAS,ELSA CHIPANA H. - EST. SERV. ECOPETROL,18000.0
2026-09-09,Distrito Comercial La Paz,GASOLINA ESPECIAL + (S/DSI),Gasolina Especial +,GASOLINA_ESPECIAL_MAS,ELDA S. AGUILAR V. - EST. SERV. JUAN PABLO II,24000.0
2026-09-09,Distrito Comercial La Paz,GASOLINA ESPECIAL + (S/DSI),Gasolina Especial +,GASOLINA_ESPECIAL_MAS,DISTRIBUIDORA DE GASOLINA Y LUBRICANTES SAN PABLO S.R.L.,24000.0
2026-09-09,Distrito Comercial La Paz,DIESEL OIL NACIONAL EESS,Diesel Oil Nacional,DIESEL_NACIONAL,SOCIEDAD PERLA ANDINA S.R.L.,22000.0
2026-09-09,Distrito Comercial La Paz,DIESEL OIL NACIONAL EESS,Diesel Oil Nacional,DIESEL_NACIONAL,SANTA ROSA PERLA DEL BENI S.R.L.,22000.0
2026-09-09,Distrito Comercial La Paz,DIESEL OIL NACIONAL EESS,Diesel Oil Nacional,DIESEL_NACIONAL,PANAMERICANA INTERNACIONAL S.R.L. PAINTER S.R.L.,22000.0
2026-09-09,Distrito Comercial La Paz,DIESEL OIL NACIONAL EESS,Diesel Oil Nacional,DIESEL_NACIONAL,MARIO ALVAREZ M. EST. SERV. ALVAPETROL,22000.0
2026-09-09,Distrito Comercial La Paz,DIESEL OIL NACIONAL EESS,Diesel Oil Nacional,DIESEL_NACIONAL,IVAN MATIAS V. - EST. SERV. REYES MATIAS,22000.0
2026-09-09,Distrito Comercial La Paz,DIESEL OIL NACIONAL EESS,Diesel Oil Nacional,DIESEL_NACIONAL,GABY PACO CH. - EST. SERV. COLQUEPATA,22000.0
2026-09-09,Distrito Comercial La Paz,DIESEL OIL NACIONAL EESS,Diesel Oil Nacional,DIESEL_NACIONAL,FREDY LIMACHI CHALLCO - EST. SERV. DON LEO,22000.0
2026-09-09,Distrito Comercial La Paz,DIESEL OIL NACIONAL EESS,Diesel Oil Nacional,DIESEL_NACIONAL,ESTACIÓN DE SERVICIO KONANI S.R.L.,22000.0
2026-09-09,Distrito Comercial La Paz,DIESEL OIL NACIONAL EESS,Diesel Oil Nacional,DIESEL_NACIONAL,ESTACION DE SERVICIOS YARA S.R.L.,22000.0
2026-09-09,Distrito Comercial La Paz,DIESEL OIL NACIONAL EESS,Diesel Oil Nacional,DIESEL_NACIONAL,ESTACION DE SERVICIO TEOPONTE S.R.L.,22000.0
2026-09-09,Distrito Comercial La Paz,DIESEL OIL NACIONAL EESS,Diesel Oil Nacional,DIESEL_NACIONAL,ESTACION DE SERVICIO PARAISO TROPICAL,22000.0
2026-09-09,Distrito Comercial La Paz,DIESEL OIL NACIONAL EESS,Diesel Oil Nacional,DIESEL_NACIONAL,ESTACION DE SERVICIO ISSUCADELA S.R.L,22000.0
2026-09-09,Distrito Comercial La Paz,DIESEL OIL NACIONAL EESS,Diesel Oil Nacional,DIESEL_NACIONAL,ESTACION DE SERVICIO GERENCIA AYMARA S.R.L.,22000.0
2026-09-09,Distrito Comercial La Paz,DIESEL OIL NACIONAL EESS,Diesel Oil Nacional,DIESEL_NACIONAL,ESTACION DE SERVICIO ESPIGA DE ORO S.R.L.,22000.0
2026-09-09,Distrito Comercial La Paz,DIESEL OIL NACIONAL EESS,Diesel Oil Nacional,DIESEL_NACIONAL,ESTACION DE SERVICIO COTA PATA S.R.L.,22000.0
2026-09-09,Distrito Comercial La Paz,DIESEL OIL NACIONAL EESS,Diesel Oil Nacional,DIESEL_NACIONAL,EST. SERV. IRIARTE SAN BORJA,22000.0
2026-09-09,Distrito Comercial La Paz,DIESEL OIL NACIONAL EESS,Diesel Oil Nacional,DIESEL_NACIONAL,EST. SERV. GUANAY,22000.0
2026-09-09,Distrito Comercial La Paz,DIESEL OIL NACIONAL EESS,Diesel Oil Nacional,DIESEL_NACIONAL,EST. SERV. DESAGUADERO S.R.L.,22000.0
2026-09-09,Distrito Comercial La Paz,DIESEL OIL NACIONAL EESS,Diesel Oil Nacional,DIESEL_NACIONAL,EST. SERV. CRUCE LURIBAY S.R.L.,22000.0
2026-09-09,Distrito Comercial La Paz,DIESEL OIL NACIONAL EESS,Diesel Oil Nacional,DIESEL_NACIONAL,EST. SERV. CARBURANTES SAN MIGUEL,22000.0
2026-09-09,Distrito Comercial La Paz,DIESEL OIL NACIONAL EESS,Diesel Oil Nacional,DIESEL_NACIONAL,CANIAX S.R.L.,22000.0
2026-09-09,Distrito Comercial La Paz,DIESEL OIL IMPORTADO GRACO,Diesel Oil Importado,DIESEL_IMPORTADO,COOPERATIVA MINERA MONTECARLO - SAN JUANITO R.L.,24000.0
2026-09-09,Distrito Comercial La Paz,DIESEL OIL IMPORTADO GRACO,Diesel Oil Importado,DIESEL_IMPORTADO,COOPERATIVA MINERA AURIFERA QUILLAPAMPA R.L.,24000.0
2026-09-09,Distrito Comercial La Paz,DIESEL OIL IMPORTADO GRACO,Diesel Oil Importado,DIESEL_IMPORTADO,COOPERATIVA MINERA AURIFERA LA FORTALEZA DE SAN VICENTE R.L.,24000.0
2026-09-09,Distrito Comercial La Paz,DIESEL OIL IMPORTADO GRACO,Diesel Oil Importado,DIESEL_IMPORTADO,COOP. MIN. AURIFERA NUEVA ESPERANZA DOS R.L.,24000.0
2026-09-09,Distrito Comercial La Paz,DIESEL OIL IMPORTADO GRACO,Diesel Oil Importado,DIESEL_IMPORTADO,CCB CONSTRUCCIONES LTDA,24000.0
2026-09-09,Distrito Comercial La Paz,DIESEL OIL IMPORTADO EESS,Diesel Oil Importado,DIESEL_IMPORTADO,NEW PETROL BOLIVIA SUCURSAL 2,24000.0
2026-09-09,Distrito Comercial La Paz,DIESEL OIL IMPORTADO EESS,Diesel Oil Importado,DIESEL_IMPORTADO,INTEGRACION Y PROGRESO COMUNITARIO S.R.L.,5000.0
2026-09-09,Distrito Comercial La Paz,DIESEL OIL IMPORTADO EESS,Diesel Oil Importado,DIESEL_IMPORTADO,ZURSIL S.R.L. - E.S.T.,48000.0
2026-09-09,Distrito Comercial La Paz,DIESEL OIL IMPORTADO EESS,Diesel Oil Importado,DIESEL_IMPORTADO,MARIA PATZI-EST. SERV. VARELA,20000.0
2026-09-09,Distrito Comercial La Paz,DIESEL OIL IMPORTADO EESS,Diesel Oil Importado,DIESEL_IMPORTADO,GREGORIO CUENTAS M. EST. SERV. DRAGON DE ORO,12000.0
2026-09-09,Distrito Comercial La Paz,DIESEL OIL IMPORTADO EESS,Diesel Oil Importado,DIESEL_IMPORTADO,GAS SAN FELIPE S.R.L.,24000.0
2026-09-09,Distrito Comercial La Paz,DIESEL OIL IMPORTADO EESS,Diesel Oil Importado,DIESEL_IMPORTADO,ESTACIÓN DE SERVICIO LAS ROSAS S.R.L.,18000.0
2026-09-09,Distrito Comercial La Paz,DIESEL OIL IMPORTADO EESS,Diesel Oil Importado,DIESEL_IMPORTADO,ESTACIÓN DE SERVICIO ALIMARC INTER GAS BOLIVIA S.R.L.,48000.0
2026-09-09,Distrito Comercial La Paz,DIESEL OIL IMPORTADO EESS,Diesel Oil Importado,DIESEL_IMPORTADO,ESTACION DE SERVICIOS NIMAGASBOL S.R.L.,48000.0
2026-09-09,Distrito Comercial La Paz,DIESEL OIL IMPORTADO EESS,Diesel Oil Importado,DIESEL_IMPORTADO,ESTACION DE SERVICIO ZOFRI S.R.L.,48000.0
2026-09-09,Distrito Comercial La Paz,DIESEL OIL IMPORTADO EESS,Diesel Oil Importado,DIESEL_IMPORTADO,ESTACION DE SERVICIO TEJADA TRIANGULAR,18000.0
2026-09-09,Distrito Comercial La Paz,DIESEL OIL IMPORTADO EESS,Diesel Oil Importado,DIESEL_IMPORTADO,ESTACION DE SERVICIO SEÑOR DE MAYO S.R.L.,20000.0
2026-09-09,Distrito Comercial La Paz,DIESEL OIL IMPORTADO EESS,Diesel Oil Importado,DIESEL_IMPORTADO,ESTACION DE SERVICIO SAN SEBASTIAN S.R.L.,48000.0
2026-09-09,Distrito Comercial La Paz,DIESEL OIL IMPORTADO EESS,Diesel Oil Importado,DIESEL_IMPORTADO,ESTACION DE SERVICIO LOS ROSALES,12000.0
2026-09-09,Distrito Comercial La Paz,DIESEL OIL IMPORTADO EESS,Diesel Oil Importado,DIESEL_IMPORTADO,ESTACION DE SERVICIO FULL TANK S.R.L.,24000.0
2026-09-09,Distrito Comercial La Paz,DIESEL OIL IMPORTADO EESS,Diesel Oil Importado,DIESEL_IMPORTADO,ESTACION DE SERVICIO CHALLAPAMPA S.R.L.,12000.0
2026-09-09,Distrito Comercial La Paz,DIESEL OIL IMPORTADO EESS,Diesel Oil Importado,DIESEL_IMPORTADO,ESTACION DE SERVICIO CALUYO S.R.L.,24000.0
2026-09-09,Distrito Comercial La Paz,DIESEL OIL IMPORTADO EESS,Diesel Oil Importado,DIESEL_IMPORTADO,ESTACION DE SERVICIO C. REDENTOR S.R.L.,48000.0
2026-09-09,Distrito Comercial La Paz,DIESEL OIL IMPORTADO EESS,Diesel Oil Importado,DIESEL_IMPORTADO,EST. SERV. VOLCAN S.R.L.,36000.0
2026-09-09,Distrito Comercial La Paz,DIESEL OIL IMPORTADO EESS,Diesel Oil Importado,DIESEL_IMPORTADO,EST. SERV. TEXAS S.R.L.,12000.0
2026-09-09,Distrito Comercial La Paz,DIESEL OIL IMPORTADO EESS,Diesel Oil Importado,DIESEL_IMPORTADO,EST. SERV. SURTIDORES UNITOURS LTDA.,18000.0
2026-09-09,Distrito Comercial La Paz,DIESEL OIL IMPORTADO EESS,Diesel Oil Importado,DIESEL_IMPORTADO,EST. SERV. SAN PABLO VILLA BOLIVAR S.R.L.,24000.0
2026-09-09,Distrito Comercial La Paz,DIESEL OIL IMPORTADO EESS,Diesel Oil Importado,DIESEL_IMPORTADO,EST. SERV. SALIDA LTDA,18000.0
2026-09-09,Distrito Comercial La Paz,DIESEL OIL IMPORTADO EESS,Diesel Oil Importado,DIESEL_IMPORTADO,EST. SERV. QHANTATI SRL.,48000.0
2026-09-09,Distrito Comercial La Paz,DIESEL OIL IMPORTADO EESS,Diesel Oil Importado,DIESEL_IMPORTADO,EST. SERV. PLAYA VERDE,24000.0
2026-09-09,Distrito Comercial La Paz,DIESEL OIL IMPORTADO EESS,Diesel Oil Importado,DIESEL_IMPORTADO,EST. SERV. PEREZ ROCHA SRL.,20000.0
2026-09-09,Distrito Comercial La Paz,DIESEL OIL IMPORTADO EESS,Diesel Oil Importado,DIESEL_IMPORTADO,EST. SERV. MARANATHA,24000.0
2026-09-09,Distrito Comercial La Paz,DIESEL OIL IMPORTADO EESS,Diesel Oil Importado,DIESEL_IMPORTADO,EST. SERV. M&G CAMINO REAL,20000.0
2026-09-09,Distrito Comercial La Paz,DIESEL OIL IMPORTADO EESS,Diesel Oil Importado,DIESEL_IMPORTADO,EST. SERV. LOS ANDES SRL,20000.0
2026-09-09,Distrito Comercial La Paz,DIESEL OIL IMPORTADO EESS,Diesel Oil Importado,DIESEL_IMPORTADO,EST. SERV. LAREDO SRL,48000.0
2026-09-09,Distrito Comercial La Paz,DIESEL OIL IMPORTADO EESS,Diesel Oil Importado,DIESEL_IMPORTADO,EST. SERV. INTEROCEANICO,20000.0
2026-09-09,Distrito Comercial La Paz,DIESEL OIL IMPORTADO EESS,Diesel Oil Importado,DIESEL_IMPORTADO,EST. SERV. ILLIMANI S.R.L.,20000.0
2026-09-09,Distrito Comercial La Paz,DIESEL OIL IMPORTADO EESS,Diesel Oil Importado,DIESEL_IMPORTADO,EST. SERV. GALAXIA S.R.L.,18000.0
2026-09-09,Distrito Comercial La Paz,DIESEL OIL IMPORTADO EESS,Diesel Oil Importado,DIESEL_IMPORTADO,EST. SERV. ESUR GHS LTDA.,12000.0
2026-09-09,Distrito Comercial La Paz,DIESEL OIL IMPORTADO EESS,Diesel Oil Importado,DIESEL_IMPORTADO,EST. SERV. EL PARAISO SRL.,20000.0
2026-09-09,Distrito Comercial La Paz,DIESEL OIL IMPORTADO EESS,Diesel Oil Importado,DIESEL_IMPORTADO,EST. SERV. CRISTO AUTO GAS SRL.,18000.0
2026-09-09,Distrito Comercial La Paz,DIESEL OIL IMPORTADO EESS,Diesel Oil Importado,DIESEL_IMPORTADO,EST. SERV. CHUSAMARCA,20000.0
2026-09-09,Distrito Comercial La Paz,DIESEL OIL IMPORTADO EESS,Diesel Oil Importado,DIESEL_IMPORTADO,EST. SERV. CHALY,24000.0
2026-09-09,Distrito Comercial La Paz,DIESEL OIL IMPORTADO EESS,Diesel Oil Importado,DIESEL_IMPORTADO,EST. SERV. CANDELARIA,48000.0
2026-09-09,Distrito Comercial La Paz,DIESEL OIL IMPORTADO EESS,Diesel Oil Importado,DIESEL_IMPORTADO,EST. SERV. BOLIVIA ZURSIL S.R.L.,12000.0
2026-09-09,Distrito Comercial La Paz,DIESEL OIL IMPORTADO EESS,Diesel Oil Importado,DIESEL_IMPORTADO,EST. SERV. BASSAM LTDA,20000.0
2026-09-09,Distrito Comercial La Paz,DIESEL OIL IMPORTADO EESS,Diesel Oil Importado,DIESEL_IMPORTADO,EST. SERV. APOSTOL SANTIAGO,24000.0
2026-09-09,Distrito Comercial La Paz,DIESEL OIL IMPORTADO EESS,Diesel Oil Importado,DIESEL_IMPORTADO,EST. SERV. ALTO LIMA S.R.L.,12000.0
2026-09-09,Distrito Comercial La Paz,DIESEL OIL IMPORTADO EESS,Diesel Oil Importado,DIESEL_IMPORTADO,EST. SERV. 6 DE MARZO,48000.0
2026-09-09,Distrito Comercial La Paz,DIESEL OIL IMPORTADO EESS,Diesel Oil Importado,DIESEL_IMPORTADO,ELSA CHIPANA H. - EST. SERV. ECOPETROL,48000.0
2026-09-09,Distrito Comercial La Paz,DIESEL OIL IMPORTADO EESS,Diesel Oil Importado,DIESEL_IMPORTADO,ELDA S. AGUILAR V. - EST. SERV. JUAN PABLO II,36000.0
2026-09-09,Distrito Comercial La Paz,DIESEL OIL IMPORTADO EESS,Diesel Oil Importado,DIESEL_IMPORTADO,EDUARDO YUPANQUI Q.-EST. SERV. VENTILLA,24000.0
2026-09-09,Distrito Comercial La Paz,DIESEL OIL IMPORTADO EESS,Diesel Oil Importado,DIESEL_IMPORTADO,DISTRIBUIDORA DE GASOLINA Y LUBRICANTES SAN PABLO S.R.L.,12000.0
2026-09-09,Distrito Comercial La Paz,DIESEL OIL IMPORTADO CF,Diesel Oil Importado,DIESEL_IMPORTADO,EMPRESA MINERA RIKCHAY S.R.L.,19900.0
2026-09-09,Distrito Comercial La Paz,DIESEL OIL IMPORTADO CF,Diesel Oil Importado,DIESEL_IMPORTADO,EMPRESA MINERA JOKOPAMPA S.R.L.,19900.0
2026-09-09,Distrito Comercial La Paz,DIESEL OIL IMPORTADO CF,Diesel Oil Importado,DIESEL_IMPORTADO,COOPERATIVA MINERA AURIFERA UNION MOKOTORO R.L.,19900.0
2026-09-09,Distrito Comercial La Paz,DIESEL OIL IMPORTADO CF,Diesel Oil Importado,DIESEL_IMPORTADO,COOPERATIVA MINERA AURIFERA FAMILIA R.L.,19900.0
2026-09-09,Distrito Comercial La Paz,DIESEL OIL IMPORTADO CF,Diesel Oil Importado,DIESEL_IMPORTADO,COOPERATIVA MINERA AURIFERA EL ENCUENTRO ATEN R.L.,19900.0
2026-09-09,Distrito Comercial La Paz,DIESEL OIL IMPORTADO CF,Diesel Oil Importado,DIESEL_IMPORTADO,COOPERATIVA MINERA AURIFERA COTANI CHULLPAMARCA R.L.,19900.0
2026-09-09,Distrito Comercial La Paz,DIESEL OIL IMPORTADO CF,Diesel Oil Importado,DIESEL_IMPORTADO,COOPERATIVA MINERA AURIFERA AXAUTA R.L.,19900.0
2026-09-09,Distrito Comercial La Paz,DIESEL OIL IMPORTADO CF,Diesel Oil Importado,DIESEL_IMPORTADO,BACIANA FLORES AJAHUANA,19900.0
2026-09-08,Distrito Comercial La Paz,GLP DISTRIB. 45 KILOS NAL,GLP,GLP,SAN JUDAS TADEO SOCIEDAD DE RESPONSABILIDAD LIMITADA,2700.0
2026-09-08,Distrito Comercial La Paz,GLP DISTRIB. 45 KILOS NAL,GLP,GLP,DIST. GLP. SOCIEDAD PETROLERA SANTA ELENA S.R.L. (SOPESE S.R.L.),2250.0
2026-09-08,Distrito Comercial La Paz,GLP DISTRIB. 45 KILOS NAL,GLP,GLP,DIST. GLP. SAMO S.A.,4500.0
2026-09-08,Distrito Comercial La Paz,GLP DISTRIB. 45 KILOS NAL,GLP,GLP,DIST. GLP. PROGAS S.R.L.,1800.0
2026-09-08,Distrito Comercial La Paz,GLP DISTRIB. 45 KILOS NAL,GLP,GLP,DIST. GLP. ESMERALDA GAS SRL.,2250.0
2026-09-08,Distrito Comercial La Paz,GLP DISTRIB. 45 KILOS NAL,GLP,GLP,A.A.V.V. GAS S.R.L.,1800.0
2026-09-08,Distrito Comercial La Paz,GLP DISTRIB. 10 KILOS NAL,GLP,GLP,SANDRA CALLIZAYA CH. - DIST. GLP OMASUYOS,9000.0
2026-09-08,Distrito Comercial La Paz,GLP DISTRIB. 10 KILOS NAL,GLP,GLP,SAN JUDAS TADEO SOCIEDAD DE RESPONSABILIDAD LIMITADA,24000.0
2026-09-08,Distrito Comercial La Paz,GLP DISTRIB. 10 KILOS NAL,GLP,GLP,ISABEL DURAN DE ITURRI - DIST. GLP DURA GAS,24000.0
2026-09-08,Distrito Comercial La Paz,GLP DISTRIB. 10 KILOS NAL,GLP,GLP,GMGRECO GAS SOCIEDAD DE RESPONSABILIDAD LIMITADA,24000.0
2026-09-08,Distrito Comercial La Paz,GLP DISTRIB. 10 KILOS NAL,GLP,GLP,GENARA CAPIA DE FERNANDEZ - DIST. GLP SEVERO FERNANDEZ CH.,9000.0
2026-09-08,Distrito Comercial La Paz,GLP DISTRIB. 10 KILOS NAL,GLP,GLP,EMPRESA DISTRIBUIDORA DE GAS LICUADO GLP LOS NIETOS S.R.L,9000.0
2026-09-08,Distrito Comercial La Paz,GLP DISTRIB. 10 KILOS NAL,GLP,GLP,DISTRIBUIDORA DE GLP SAN FRANCISCO -LUCIANO SILLO CONDORI S.R.L.,16500.0
2026-09-08,Distrito Comercial La Paz,GLP DISTRIB. 10 KILOS NAL,GLP,GLP,DISTRIBUIDORA DE GAS LICUADO ALEJANDRA S.R.L.,8840.0
2026-09-08,Distrito Comercial La Paz,GLP DISTRIB. 10 KILOS NAL,GLP,GLP,DIST. GLP. VIAGAS,35480.0
2026-09-08,Distrito Comercial La Paz,GLP DISTRIB. 10 KILOS NAL,GLP,GLP,DIST. GLP. TRIPETROL S.R.L.,25320.0
2026-09-08,Distrito Comercial La Paz,GLP DISTRIB. 10 KILOS NAL,GLP,GLP,DIST. GLP. SOCIEDAD PETROLERA SANTA ELENA S.R.L. (SOPESE S.R.L.),24000.0
2026-09-08,Distrito Comercial La Paz,GLP DISTRIB. 10 KILOS NAL,GLP,GLP,DIST. GLP. SAN MIGUEL,8840.0
2026-09-08,Distrito Comercial La Paz,GLP DISTRIB. 10 KILOS NAL,GLP,GLP,DIST. GLP. SAMO S.A.,24000.0
2026-09-08,Distrito Comercial La Paz,GLP DISTRIB. 10 KILOS NAL,GLP,GLP,DIST. GLP. PROGAS S.R.L.,24000.0
2026-09-08,Distrito Comercial La Paz,GLP DISTRIB. 10 KILOS NAL,GLP,GLP,DIST. GLP. LA CALZADA-SUD YUNGAS,14300.0
2026-09-08,Distrito Comercial La Paz,GLP DISTRIB. 10 KILOS NAL,GLP,GLP,DIST. GLP. ESMERALDA GAS SRL.,24000.0
2026-09-08,Distrito Comercial La Paz,GLP DISTRIB. 10 KILOS NAL,GLP,GLP,DIST. GLP. DISANDES S.R.L.,6500.0
2026-09-08,Distrito Comercial La Paz,GLP DISTRIB. 10 KILOS NAL,GLP,GLP,DIST. GLP HERMANAS DURAN AGUILAR - MARLENE F. DURAN AGUILAR,8500.0
2026-09-08,Distrito Comercial La Paz,GLP DISTRIB. 10 KILOS NAL,GLP,GLP,DIST. GLP FLOR DEL NORTE S.R.L.,9000.0
2026-09-08,Distrito Comercial La Paz,GLP DISTRIB. 10 KILOS NAL,GLP,GLP,DIST. GLP CALEMQ S.R.L.,6000.0
2026-09-08,Distrito Comercial La Paz,GLP DISTRIB. 10 KILOS NAL,GLP,GLP,DIST. GLP ANGELES,12000.0
2026-09-08,Distrito Comercial La Paz,GLP DISTRIB. 10 KILOS NAL,GLP,GLP,AXEL GAS S.R.L.,6750.0
2026-09-08,Distrito Comercial La Paz,GLP DISTRIB. 10 KILOS NAL,GLP,GLP,A.A.V.V. GAS S.R.L.,24000.0
2026-09-08,Distrito Comercial La Paz,GASOLINA ESPECIAL EESS,Gasolina Especial,GASOLINA_ESPECIAL,MARIANA J. CAMACHO RAMIREZ - PUESTO DE VENTA MIMARBOZO,22000.0
2026-09-08,Distrito Comercial La Paz,GASOLINA ESPECIAL EESS,Gasolina Especial,GASOLINA_ESPECIAL,SOCIEDAD PERLA ANDINA S.R.L.,22000.0
2026-09-08,Distrito Comercial La Paz,GASOLINA ESPECIAL EESS,Gasolina Especial,GASOLINA_ESPECIAL,SANTA ROSA PERLA DEL BENI S.R.L.,22000.0
2026-09-08,Distrito Comercial La Paz,GASOLINA ESPECIAL EESS,Gasolina Especial,GASOLINA_ESPECIAL,RACING GAS S.R.L. (SUC-1),22000.0
2026-09-08,Distrito Comercial La Paz,GASOLINA ESPECIAL EESS,Gasolina Especial,GASOLINA_ESPECIAL,OFELIA PLATA P. - EST. SERV. UMAMARCA,24000.0
2026-09-08,Distrito Comercial La Paz,GASOLINA ESPECIAL EESS,Gasolina Especial,GASOLINA_ESPECIAL,ESTACION DE SERVICIO TEOPONTE S.R.L.,22000.0
2026-09-08,Distrito Comercial La Paz,GASOLINA ESPECIAL EESS,Gasolina Especial,GASOLINA_ESPECIAL,ESTACION DE SERVICIO SAYHOGAS S.R.L.,22000.0
2026-09-08,Distrito Comercial La Paz,GASOLINA ESPECIAL EESS,Gasolina Especial,GASOLINA_ESPECIAL,ESTACION DE SERVICIO PETROMAPIRI S.R.L.,22000.0
2026-09-08,Distrito Comercial La Paz,GASOLINA ESPECIAL EESS,Gasolina Especial,GASOLINA_ESPECIAL,ESTACION DE SERVICIO PARAISO TROPICAL,22000.0
2026-09-08,Distrito Comercial La Paz,GASOLINA ESPECIAL EESS,Gasolina Especial,GASOLINA_ESPECIAL,ESTACION DE SERVICIO MEJIA S.R.L.,22000.0
2026-09-08,Distrito Comercial La Paz,GASOLINA ESPECIAL EESS,Gasolina Especial,GASOLINA_ESPECIAL,ESTACION DE SERVICIO GASOLINERA CRUCE DE ORO S.R.L.,22000.0
2026-09-08,Distrito Comercial La Paz,GASOLINA ESPECIAL EESS,Gasolina Especial,GASOLINA_ESPECIAL,EST. SERV. PLAYA VERDE,24000.0
2026-09-08,Distrito Comercial La Paz,GASOLINA ESPECIAL EESS,Gasolina Especial,GASOLINA_ESPECIAL,EST. SERV. M&G CAMINO REAL,24000.0
2026-09-08,Distrito Comercial La Paz,GASOLINA ESPECIAL EESS,Gasolina Especial,GASOLINA_ESPECIAL,EST. SERV. ITURRALDE S.R.L.,22000.0
2026-09-08,Distrito Comercial La Paz,GASOLINA ESPECIAL EESS,Gasolina Especial,GASOLINA_ESPECIAL,EST. SERV. IRIARTE SAN BORJA,22000.0
2026-09-08,Distrito Comercial La Paz,GASOLINA ESPECIAL EESS,Gasolina Especial,GASOLINA_ESPECIAL,EST. SERV. FLOR DE CAÑA S.R.L.,22000.0
2026-09-08,Distrito Comercial La Paz,GASOLINA ESPECIAL EESS,Gasolina Especial,GASOLINA_ESPECIAL,EST. SERV. CUENTAS SAN PABLO II S.R.L.,24000.0
2026-09-08,Distrito Comercial La Paz,GASOLINA ESPECIAL EESS,Gasolina Especial,GASOLINA_ESPECIAL,EST. SERV. CRUCE LURIBAY S.R.L.,22000.0
2026-09-08,Distrito Comercial La Paz,GASOLINA ESPECIAL EESS,Gasolina Especial,GASOLINA_ESPECIAL,EST. SERV. CARBURANTES SAN MIGUEL,22000.0
2026-09-08,Distrito Comercial La Paz,GASOLINA ESPECIAL EESS,Gasolina Especial,GASOLINA_ESPECIAL,EST. SERV. BATALLAS S.R.L. ESBA S.R.L.,22000.0
2026-09-08,Distrito Comercial La Paz,GASOLINA ESPECIAL EESS,Gasolina Especial,GASOLINA_ESPECIAL,EST. SERV. BALLIVIAN SANTA BARBARA,12000.0
2026-09-08,Distrito Comercial La Paz,GASOLINA ESPECIAL EESS,Gasolina Especial,GASOLINA_ESPECIAL,ELDA S. AGUILAR V. - EST. SERV. JUAN PABLO II,24000.0
2026-09-08,Distrito Comercial La Paz,GASOLINA ESPECIAL EESS,Gasolina Especial,GASOLINA_ESPECIAL,CLEMENTINA FANNY MAMANI MORALES - EST. SERV. LAHUACHACA Y DISTRIBUCION DE GLP,22000.0
2026-09-08,Distrito Comercial La Paz,GASOLINA ESPECIAL + EESS,Gasolina Especial +,GASOLINA_ESPECIAL_MAS,EDEN CLEVER CARRILLO CONDORI-ESTACION DE SERVICIO EDENCCC,22000.0
2026-09-08,Distrito Comercial La Paz,GASOLINA ESPECIAL + CF,Gasolina Especial +,GASOLINA_ESPECIAL_MAS,CORPORACION MINERA DE BOLIVIA - CORO CORO CD,4000.0
2026-09-08,Distrito Comercial La Paz,GASOLINA ESPECIAL + (S/DSI),Gasolina Especial +,GASOLINA_ESPECIAL_MAS,ZURSIL S.R.L. - E.S.T.,18000.0
2026-09-08,Distrito Comercial La Paz,GASOLINA ESPECIAL + (S/DSI),Gasolina Especial +,GASOLINA_ESPECIAL_MAS,GRUPO EMPRESARIAL VIRGEN DE LOS ALAMOS S.R.L.,36000.0
2026-09-08,Distrito Comercial La Paz,GASOLINA ESPECIAL + (S/DSI),Gasolina Especial +,GASOLINA_ESPECIAL_MAS,GREGORIO CUENTAS M. EST. SERV. DRAGON DE ORO,24000.0
2026-09-08,Distrito Comercial La Paz,GASOLINA ESPECIAL + (S/DSI),Gasolina Especial +,GASOLINA_ESPECIAL_MAS,GAS SAN FELIPE S.R.L.,24000.0
2026-09-08,Distrito Comercial La Paz,GASOLINA ESPECIAL + (S/DSI),Gasolina Especial +,GASOLINA_ESPECIAL_MAS,ESTACIÓN DE SERVICIO LAS ROSAS S.R.L.,20000.0
2026-09-08,Distrito Comercial La Paz,GASOLINA ESPECIAL + (S/DSI),Gasolina Especial +,GASOLINA_ESPECIAL_MAS,ESTACIÓN DE SERVICIO ALIMARC INTER GAS BOLIVIA S.R.L.,12000.0
2026-09-08,Distrito Comercial La Paz,GASOLINA ESPECIAL + (S/DSI),Gasolina Especial +,GASOLINA_ESPECIAL_MAS,ESTACION DE SERVICIOS NIMAGASBOL S.R.L.,18000.0
2026-09-08,Distrito Comercial La Paz,GASOLINA ESPECIAL + (S/DSI),Gasolina Especial +,GASOLINA_ESPECIAL_MAS,ESTACION DE SERVICIO ZOFRI S.R.L.,12000.0
2026-09-08,Distrito Comercial La Paz,GASOLINA ESPECIAL + (S/DSI),Gasolina Especial +,GASOLINA_ESPECIAL_MAS,ESTACION DE SERVICIO TEJADA TRIANGULAR,20000.0
2026-09-08,Distrito Comercial La Paz,GASOLINA ESPECIAL + (S/DSI),Gasolina Especial +,GASOLINA_ESPECIAL_MAS,ESTACION DE SERVICIO SEÑOR DE MAYO S.R.L.,20000.0
2026-09-08,Distrito Comercial La Paz,GASOLINA ESPECIAL + (S/DSI),Gasolina Especial +,GASOLINA_ESPECIAL_MAS,ESTACION DE SERVICIO SAN SEBASTIAN S.R.L.,18000.0
2026-09-08,Distrito Comercial La Paz,GASOLINA ESPECIAL + (S/DSI),Gasolina Especial +,GASOLINA_ESPECIAL_MAS,ESTACION DE SERVICIO LOZA - MARCELINA AGUIRRE VDA. DE LOZA,24000.0
2026-09-08,Distrito Comercial La Paz,GASOLINA ESPECIAL + (S/DSI),Gasolina Especial +,GASOLINA_ESPECIAL_MAS,ESTACION DE SERVICIO KANTUTA S.R.L.,24000.0
2026-09-08,Distrito Comercial La Paz,GASOLINA ESPECIAL + (S/DSI),Gasolina Especial +,GASOLINA_ESPECIAL_MAS,ESTACION DE SERVICIO JACHA INTI S.R.L.,24000.0
2026-09-08,Distrito Comercial La Paz,GASOLINA ESPECIAL + (S/DSI),Gasolina Especial +,GASOLINA_ESPECIAL_MAS,ESTACION DE SERVICIO FULL TANK S.R.L.,12000.0
2026-09-08,Distrito Comercial La Paz,GASOLINA ESPECIAL + (S/DSI),Gasolina Especial +,GASOLINA_ESPECIAL_MAS,ESTACION DE SERVICIO CHALLAPAMPA S.R.L.,24000.0
2026-09-08,Distrito Comercial La Paz,GASOLINA ESPECIAL + (S/DSI),Gasolina Especial +,GASOLINA_ESPECIAL_MAS,ESTACION DE SERVICIO CALUYO S.R.L.,20000.0
2026-09-08,Distrito Comercial La Paz,GASOLINA ESPECIAL + (S/DSI),Gasolina Especial +,GASOLINA_ESPECIAL_MAS,ESTACION DE SERVICIO C. REDENTOR S.R.L.,18000.0
2026-09-08,Distrito Comercial La Paz,GASOLINA ESPECIAL + (S/DSI),Gasolina Especial +,GASOLINA_ESPECIAL_MAS,EST. SERV. YUPANQUI,12000.0
2026-09-08,Distrito Comercial La Paz,GASOLINA ESPECIAL + (S/DSI),Gasolina Especial +,GASOLINA_ESPECIAL_MAS,EST. SERV. VOLCAN S.R.L.,48000.0
2026-09-08,Distrito Comercial La Paz,GASOLINA ESPECIAL + (S/DSI),Gasolina Especial +,GASOLINA_ESPECIAL_MAS,EST. SERV. TEXAS S.R.L.,20000.0
2026-09-08,Distrito Comercial La Paz,GASOLINA ESPECIAL + (S/DSI),Gasolina Especial +,GASOLINA_ESPECIAL_MAS,EST. SERV. SURTIDORES UNITOURS LTDA.,12000.0
2026-09-08,Distrito Comercial La Paz,GASOLINA ESPECIAL + (S/DSI),Gasolina Especial +,GASOLINA_ESPECIAL_MAS,EST. SERV. SOC. IND. COM. G.L.P.H. LTDA,24000.0
2026-09-08,Distrito Comercial La Paz,GASOLINA ESPECIAL + (S/DSI),Gasolina Especial +,GASOLINA_ESPECIAL_MAS,EST. SERV. SIEMPRE A FULL MIRAFLORES S.R.L. (SAF),36000.0
2026-09-08,Distrito Comercial La Paz,GASOLINA ESPECIAL + (S/DSI),Gasolina Especial +,GASOLINA_ESPECIAL_MAS,EST. SERV. SAN PABLO VILLA BOLIVAR S.R.L.,20000.0
2026-09-08,Distrito Comercial La Paz,GASOLINA ESPECIAL + (S/DSI),Gasolina Especial +,GASOLINA_ESPECIAL_MAS,EST. SERV. SALIDA LTDA,24000.0
2026-09-08,Distrito Comercial La Paz,GASOLINA ESPECIAL + (S/DSI),Gasolina Especial +,GASOLINA_ESPECIAL_MAS,EST. SERV. RACING GAS S.R.L.,24000.0
2026-09-08,Distrito Comercial La Paz,GASOLINA ESPECIAL + (S/DSI),Gasolina Especial +,GASOLINA_ESPECIAL_MAS,EST. SERV. QHANTATI SRL.,24000.0
2026-09-08,Distrito Comercial La Paz,GASOLINA ESPECIAL + (S/DSI),Gasolina Especial +,GASOLINA_ESPECIAL_MAS,EST. SERV. PEREZ ROCHA SRL.,20000.0
2026-09-08,Distrito Comercial La Paz,GASOLINA ESPECIAL + (S/DSI),Gasolina Especial +,GASOLINA_ESPECIAL_MAS,EST. SERV. MOTORECO SRL.,24000.0
2026-09-08,Distrito Comercial La Paz,GASOLINA ESPECIAL + (S/DSI),Gasolina Especial +,GASOLINA_ESPECIAL_MAS,EST. SERV. MARANATHA,24000.0
2026-09-08,Distrito Comercial La Paz,GASOLINA ESPECIAL + (S/DSI),Gasolina Especial +,GASOLINA_ESPECIAL_MAS,EST. SERV. LUBRICAN SRL,24000.0
2026-09-08,Distrito Comercial La Paz,GASOLINA ESPECIAL + (S/DSI),Gasolina Especial +,GASOLINA_ESPECIAL_MAS,EST. SERV. LAREDO SRL,18000.0
2026-09-08,Distrito Comercial La Paz,GASOLINA ESPECIAL + (S/DSI),Gasolina Especial +,GASOLINA_ESPECIAL_MAS,EST. SERV. JAIMES FREYRE,36000.0
2026-09-08,Distrito Comercial La Paz,GASOLINA ESPECIAL + (S/DSI),Gasolina Especial +,GASOLINA_ESPECIAL_MAS,EST. SERV. INTEROCEANICO,20000.0
2026-09-08,Distrito Comercial La Paz,GASOLINA ESPECIAL + (S/DSI),Gasolina Especial +,GASOLINA_ESPECIAL_MAS,EST. SERV. ILLIMANI S.R.L.,20000.0
2026-09-08,Distrito Comercial La Paz,GASOLINA ESPECIAL + (S/DSI),Gasolina Especial +,GASOLINA_ESPECIAL_MAS,EST. SERV. GAS-MAY S.R.L.,24000.0
2026-09-08,Distrito Comercial La Paz,GASOLINA ESPECIAL + (S/DSI),Gasolina Especial +,GASOLINA_ESPECIAL_MAS,EST. SERV. EMP. COM. HID. TUPAC KATARI S.R.L.,24000.0
2026-09-08,Distrito Comercial La Paz,GASOLINA ESPECIAL + (S/DSI),Gasolina Especial +,GASOLINA_ESPECIAL_MAS,EST. SERV. EL PARAISO SRL.,24000.0
2026-09-08,Distrito Comercial La Paz,GASOLINA ESPECIAL + (S/DSI),Gasolina Especial +,GASOLINA_ESPECIAL_MAS,EST. SERV. CRISTO AUTO GAS SRL.,24000.0
2026-09-08,Distrito Comercial La Paz,GASOLINA ESPECIAL + (S/DSI),Gasolina Especial +,GASOLINA_ESPECIAL_MAS,EST. SERV. COSTANERA SRL.,24000.0
2026-09-08,Distrito Comercial La Paz,GASOLINA ESPECIAL + (S/DSI),Gasolina Especial +,GASOLINA_ESPECIAL_MAS,EST. SERV. CHUSAMARCA,12000.0
2026-09-08,Distrito Comercial La Paz,GASOLINA ESPECIAL + (S/DSI),Gasolina Especial +,GASOLINA_ESPECIAL_MAS,EST. SERV. CHASQUIPAMPA S.R.L.,24000.0
2026-09-08,Distrito Comercial La Paz,GASOLINA ESPECIAL + (S/DSI),Gasolina Especial +,GASOLINA_ESPECIAL_MAS,EST. SERV. CHALY,24000.0
2026-09-08,Distrito Comercial La Paz,GASOLINA ESPECIAL + (S/DSI),Gasolina Especial +,GASOLINA_ESPECIAL_MAS,EST. SERV. CARSUR S.R.L.,24000.0
2026-09-08,Distrito Comercial La Paz,GASOLINA ESPECIAL + (S/DSI),Gasolina Especial +,GASOLINA_ESPECIAL_MAS,EST. SERV. CANDELARIA,18000.0
2026-09-08,Distrito Comercial La Paz,GASOLINA ESPECIAL + (S/DSI),Gasolina Especial +,GASOLINA_ESPECIAL_MAS,EST. SERV. BOLIVIA ZURSIL S.R.L.,12000.0
2026-09-08,Distrito Comercial La Paz,GASOLINA ESPECIAL + (S/DSI),Gasolina Especial +,GASOLINA_ESPECIAL_MAS,EST. SERV. BASSAM LTDA,24000.0
2026-09-08,Distrito Comercial La Paz,GASOLINA ESPECIAL + (S/DSI),Gasolina Especial +,GASOLINA_ESPECIAL_MAS,EST. SERV. APOSTOL SANTIAGO,20000.0
2026-09-08,Distrito Comercial La Paz,GASOLINA ESPECIAL + (S/DSI),Gasolina Especial +,GASOLINA_ESPECIAL_MAS,EST. SERV. ALTO LIMA S.R.L.,12000.0
2026-09-08,Distrito Comercial La Paz,GASOLINA ESPECIAL + (S/DSI),Gasolina Especial +,GASOLINA_ESPECIAL_MAS,EST. SERV. ACB SAN JORGE,24000.0
2026-09-08,Distrito Comercial La Paz,GASOLINA ESPECIAL + (S/DSI),Gasolina Especial +,GASOLINA_ESPECIAL_MAS,EST. SERV. ACB CALACOTO,24000.0
2026-09-08,Distrito Comercial La Paz,GASOLINA ESPECIAL + (S/DSI),Gasolina Especial +,GASOLINA_ESPECIAL_MAS,EST. SERV. 6 DE MARZO,12000.0
2026-09-08,Distrito Comercial La Paz,GASOLINA ESPECIAL + (S/DSI),Gasolina Especial +,GASOLINA_ESPECIAL_MAS,ELSA CHIPANA H. - EST. SERV. ECOPETROL,18000.0
2026-09-08,Distrito Comercial La Paz,GASOLINA ESPECIAL + (S/DSI),Gasolina Especial +,GASOLINA_ESPECIAL_MAS,DISTRIBUIDORA DE GASOLINA Y LUBRICANTES SAN PABLO S.R.L.,24000.0
2026-09-08,Distrito Comercial La Paz,DIESEL OIL NACIONAL EESS,Diesel Oil Nacional,DIESEL_NACIONAL,GASOLINERA HUATAJATA S.R.L.,20000.0
2026-09-08,Distrito Comercial La Paz,DIESEL OIL NACIONAL EESS,Diesel Oil Nacional,DIESEL_NACIONAL,ESTACION DE SERVICIO TOLAR S.R.L.,22000.0
2026-09-08,Distrito Comercial La Paz,DIESEL OIL NACIONAL EESS,Diesel Oil Nacional,DIESEL_NACIONAL,ESTACION DE SERVICIO SURTIDOR TUMUPASA S.R.L.,22000.0
2026-09-08,Distrito Comercial La Paz,DIESEL OIL NACIONAL EESS,Diesel Oil Nacional,DIESEL_NACIONAL,ESTACION DE SERVICIO PETROMAPIRI S.R.L.,22000.0
2026-09-08,Distrito Comercial La Paz,DIESEL OIL NACIONAL EESS,Diesel Oil Nacional,DIESEL_NACIONAL,ESTACION DE SERVICIO MADAGASCAR S.R.L.,22000.0
2026-09-08,Distrito Comercial La Paz,DIESEL OIL NACIONAL EESS,Diesel Oil Nacional,DIESEL_NACIONAL,ESTACION DE SERVICIO HUANCANE Y TRANSPORTE S.R.L.,22000.0
2026-09-08,Distrito Comercial La Paz,DIESEL OIL NACIONAL EESS,Diesel Oil Nacional,DIESEL_NACIONAL,EST. SERV. UCHUMACHI,22000.0
2026-09-08,Distrito Comercial La Paz,DIESEL OIL NACIONAL EESS,Diesel Oil Nacional,DIESEL_NACIONAL,EST. SERV. SAN MIGUEL-IVAN L.,22000.0
2026-09-08,Distrito Comercial La Paz,DIESEL OIL NACIONAL EESS,Diesel Oil Nacional,DIESEL_NACIONAL,EST. SERV. RIO MANIQUI - FATIMA FORERO B.,22000.0
2026-09-08,Distrito Comercial La Paz,DIESEL OIL NACIONAL EESS,Diesel Oil Nacional,DIESEL_NACIONAL,EST. SERV. PALOS BLANCOS,32000.0
2026-09-08,Distrito Comercial La Paz,DIESEL OIL NACIONAL EESS,Diesel Oil Nacional,DIESEL_NACIONAL,EST. SERV. NETANEL,22000.0
2026-09-08,Distrito Comercial La Paz,DIESEL OIL NACIONAL EESS,Diesel Oil Nacional,DIESEL_NACIONAL,EST. SERV. ITURRALDE S.R.L.,22000.0
2026-09-08,Distrito Comercial La Paz,DIESEL OIL NACIONAL EESS,Diesel Oil Nacional,DIESEL_NACIONAL,EST. SERV. GASOLCAMP S.R.L.,24000.0
2026-09-08,Distrito Comercial La Paz,DIESEL OIL NACIONAL EESS,Diesel Oil Nacional,DIESEL_NACIONAL,EST. SERV. CARRASCO S.R.L.,22000.0
2026-09-08,Distrito Comercial La Paz,DIESEL OIL NACIONAL EESS,Diesel Oil Nacional,DIESEL_NACIONAL,EST. SERV. BALLIVIAN SANTA BARBARA,12000.0
2026-09-08,Distrito Comercial La Paz,DIESEL OIL NACIONAL EESS,Diesel Oil Nacional,DIESEL_NACIONAL,EST. SERV. BALLIVIAN,22000.0
2026-09-08,Distrito Comercial La Paz,DIESEL OIL NACIONAL EESS,Diesel Oil Nacional,DIESEL_NACIONAL,EST. SERV. ACHACACHI S.R.L.,20000.0
2026-09-08,Distrito Comercial La Paz,DIESEL OIL IMPORTADO GRACO,Diesel Oil Importado,DIESEL_IMPORTADO,CORPORACION MINERA DE BOLIVIA - CORO CORO,20000.0
2026-09-08,Distrito Comercial La Paz,DIESEL OIL IMPORTADO GRACO,Diesel Oil Importado,DIESEL_IMPORTADO,COOPERATIVA MINERA AURÍFERA LITORAL R.L.,24000.0
2026-09-08,Distrito Comercial La Paz,DIESEL OIL IMPORTADO GRACO,Diesel Oil Importado,DIESEL_IMPORTADO,COOPERATIVA MINERA AURÍFERA INDEPENDENCIA R.L.,24000.0
2026-09-08,Distrito Comercial La Paz,DIESEL OIL IMPORTADO GRACO,Diesel Oil Importado,DIESEL_IMPORTADO,CENTRAL LOCAL DE COOPERATIVAS MINERAS CARACOLES R.L.,24000.0
2026-09-08,Distrito Comercial La Paz,DIESEL OIL IMPORTADO EESS,Diesel Oil Importado,DIESEL_IMPORTADO,MARIANA J. CAMACHO RAMIREZ - PUESTO DE VENTA MIMARBOZO,22000.0
2026-09-08,Distrito Comercial La Paz,DIESEL OIL IMPORTADO EESS,Diesel Oil Importado,DIESEL_IMPORTADO,"EMPRESA COMERCIALIZADORA, DISTRIBUIDORA DE SERVICIOS Y CARBURANTES ARUZCA MORALES S.R.L.",24000.0
2026-09-08,Distrito Comercial La Paz,DIESEL OIL IMPORTADO EESS,Diesel Oil Importado,DIESEL_IMPORTADO,CHOROPAMPA S.R.L.,24000.0
2026-09-08,Distrito Comercial La Paz,DIESEL OIL IMPORTADO EESS,Diesel Oil Importado,DIESEL_IMPORTADO,ZURSIL S.R.L. - E.S.T.,48000.0
2026-09-08,Distrito Comercial La Paz,DIESEL OIL IMPORTADO EESS,Diesel Oil Importado,DIESEL_IMPORTADO,MARIA PATZI-EST. SERV. VARELA,20000.0
2026-09-08,Distrito Comercial La Paz,DIESEL OIL IMPORTADO EESS,Diesel Oil Importado,DIESEL_IMPORTADO,GREGORIO CUENTAS M. EST. SERV. DRAGON DE ORO,12000.0
2026-09-08,Distrito Comercial La Paz,DIESEL OIL IMPORTADO EESS,Diesel Oil Importado,DIESEL_IMPORTADO,GAS SAN FELIPE S.R.L.,20000.0
2026-09-08,Distrito Comercial La Paz,DIESEL OIL IMPORTADO EESS,Diesel Oil Importado,DIESEL_IMPORTADO,ESTACIÓN DE SERVICIO LAS ROSAS S.R.L.,20000.0
2026-09-08,Distrito Comercial La Paz,DIESEL OIL IMPORTADO EESS,Diesel Oil Importado,DIESEL_IMPORTADO,ESTACIÓN DE SERVICIO ALIMARC INTER GAS BOLIVIA S.R.L.,48000.0
2026-09-08,Distrito Comercial La Paz,DIESEL OIL IMPORTADO EESS,Diesel Oil Importado,DIESEL_IMPORTADO,ESTACION DE SERVICIOS NIMAGASBOL S.R.L.,48000.0
2026-09-08,Distrito Comercial La Paz,DIESEL OIL IMPORTADO EESS,Diesel Oil Importado,DIESEL_IMPORTADO,ESTACION DE SERVICIO ZOFRI S.R.L.,48000.0
2026-09-08,Distrito Comercial La Paz,DIESEL OIL IMPORTADO EESS,Diesel Oil Importado,DIESEL_IMPORTADO,ESTACION DE SERVICIO TERRAGAS LTDA,24000.0
2026-09-08,Distrito Comercial La Paz,DIESEL OIL IMPORTADO EESS,Diesel Oil Importado,DIESEL_IMPORTADO,ESTACION DE SERVICIO TEJADA TRIANGULAR,12000.0
2026-09-08,Distrito Comercial La Paz,DIESEL OIL IMPORTADO EESS,Diesel Oil Importado,DIESEL_IMPORTADO,ESTACION DE SERVICIO SEÑOR DE MAYO S.R.L.,20000.0
2026-09-08,Distrito Comercial La Paz,DIESEL OIL IMPORTADO EESS,Diesel Oil Importado,DIESEL_IMPORTADO,ESTACION DE SERVICIO SAN SEBASTIAN S.R.L.,48000.0
2026-09-08,Distrito Comercial La Paz,DIESEL OIL IMPORTADO EESS,Diesel Oil Importado,DIESEL_IMPORTADO,ESTACION DE SERVICIO LOZA - MARCELINA AGUIRRE VDA. DE LOZA,20000.0
2026-09-08,Distrito Comercial La Paz,DIESEL OIL IMPORTADO EESS,Diesel Oil Importado,DIESEL_IMPORTADO,ESTACION DE SERVICIO LOS ROSALES,24000.0
2026-09-08,Distrito Comercial La Paz,DIESEL OIL IMPORTADO EESS,Diesel Oil Importado,DIESEL_IMPORTADO,ESTACION DE SERVICIO FULL TANK S.R.L.,24000.0
2026-09-08,Distrito Comercial La Paz,DIESEL OIL IMPORTADO EESS,Diesel Oil Importado,DIESEL_IMPORTADO,ESTACION DE SERVICIO CHALLAPAMPA S.R.L.,12000.0
2026-09-08,Distrito Comercial La Paz,DIESEL OIL IMPORTADO EESS,Diesel Oil Importado,DIESEL_IMPORTADO,ESTACION DE SERVICIO CALUYO S.R.L.,24000.0
2026-09-08,Distrito Comercial La Paz,DIESEL OIL IMPORTADO EESS,Diesel Oil Importado,DIESEL_IMPORTADO,ESTACION DE SERVICIO C. REDENTOR S.R.L.,48000.0
2026-09-08,Distrito Comercial La Paz,DIESEL OIL IMPORTADO EESS,Diesel Oil Importado,DIESEL_IMPORTADO,EST. SERV. VOLCAN S.R.L.,36000.0
2026-09-08,Distrito Comercial La Paz,DIESEL OIL IMPORTADO EESS,Diesel Oil Importado,DIESEL_IMPORTADO,EST. SERV. SAN PABLO VILLA BOLIVAR S.R.L.,24000.0
2026-09-08,Distrito Comercial La Paz,DIESEL OIL IMPORTADO EESS,Diesel Oil Importado,DIESEL_IMPORTADO,EST. SERV. SALIDA LTDA,18000.0
2026-09-08,Distrito Comercial La Paz,DIESEL OIL IMPORTADO EESS,Diesel Oil Importado,DIESEL_IMPORTADO,EST. SERV. QHANTATI SRL.,24000.0
2026-09-08,Distrito Comercial La Paz,DIESEL OIL IMPORTADO EESS,Diesel Oil Importado,DIESEL_IMPORTADO,EST. SERV. PLAYA VERDE,24000.0
2026-09-08,Distrito Comercial La Paz,DIESEL OIL IMPORTADO EESS,Diesel Oil Importado,DIESEL_IMPORTADO,EST. SERV. PEREZ ROCHA SRL.,20000.0
2026-09-08,Distrito Comercial La Paz,DIESEL OIL IMPORTADO EESS,Diesel Oil Importado,DIESEL_IMPORTADO,EST. SERV. M&G CAMINO REAL,20000.0
2026-09-08,Distrito Comercial La Paz,DIESEL OIL IMPORTADO EESS,Diesel Oil Importado,DIESEL_IMPORTADO,EST. SERV. LUBRICAN SRL,20000.0
2026-09-08,Distrito Comercial La Paz,DIESEL OIL IMPORTADO EESS,Diesel Oil Importado,DIESEL_IMPORTADO,EST. SERV. LAREDO SRL,48000.0
2026-09-08,Distrito Comercial La Paz,DIESEL OIL IMPORTADO EESS,Diesel Oil Importado,DIESEL_IMPORTADO,EST. SERV. INTEROCEANICO,20000.0
2026-09-08,Distrito Comercial La Paz,DIESEL OIL IMPORTADO EESS,Diesel Oil Importado,DIESEL_IMPORTADO,EST. SERV. ILLIMANI S.R.L.,24000.0
2026-09-08,Distrito Comercial La Paz,DIESEL OIL IMPORTADO EESS,Diesel Oil Importado,DIESEL_IMPORTADO,EST. SERV. GAS-MAY S.R.L.,12000.0
2026-09-08,Distrito Comercial La Paz,DIESEL OIL IMPORTADO EESS,Diesel Oil Importado,DIESEL_IMPORTADO,EST. SERV. GALAXIA S.R.L.,18000.0
2026-09-08,Distrito Comercial La Paz,DIESEL OIL IMPORTADO EESS,Diesel Oil Importado,DIESEL_IMPORTADO,EST. SERV. EMP. COM. HID. TUPAC KATARI S.R.L.,20000.0
2026-09-08,Distrito Comercial La Paz,DIESEL OIL IMPORTADO EESS,Diesel Oil Importado,DIESEL_IMPORTADO,EST. SERV. EL PARAISO SRL.,20000.0
2026-09-08,Distrito Comercial La Paz,DIESEL OIL IMPORTADO EESS,Diesel Oil Importado,DIESEL_IMPORTADO,EST. SERV. EDUARDO YUPANQUI,18000.0
2026-09-08,Distrito Comercial La Paz,DIESEL OIL IMPORTADO EESS,Diesel Oil Importado,DIESEL_IMPORTADO,EST. SERV. CUENTAS SAN PABLO II S.R.L.,20000.0
2026-09-08,Distrito Comercial La Paz,DIESEL OIL IMPORTADO EESS,Diesel Oil Importado,DIESEL_IMPORTADO,EST. SERV. CHUSAMARCA,20000.0
2026-09-08,Distrito Comercial La Paz,DIESEL OIL IMPORTADO EESS,Diesel Oil Importado,DIESEL_IMPORTADO,EST. SERV. CHASQUIPAMPA S.R.L.,18000.0
2026-09-08,Distrito Comercial La Paz,DIESEL OIL IMPORTADO EESS,Diesel Oil Importado,DIESEL_IMPORTADO,EST. SERV. CANDELARIA,48000.0
2026-09-08,Distrito Comercial La Paz,DIESEL OIL IMPORTADO EESS,Diesel Oil Importado,DIESEL_IMPORTADO,EST. SERV. BOLIVIA ZURSIL S.R.L.,12000.0
2026-09-08,Distrito Comercial La Paz,DIESEL OIL IMPORTADO EESS,Diesel Oil Importado,DIESEL_IMPORTADO,EST. SERV. APOSTOL SANTIAGO,24000.0
2026-09-08,Distrito Comercial La Paz,DIESEL OIL IMPORTADO EESS,Diesel Oil Importado,DIESEL_IMPORTADO,EST. SERV. 6 DE MARZO,48000.0
2026-09-08,Distrito Comercial La Paz,DIESEL OIL IMPORTADO EESS,Diesel Oil Importado,DIESEL_IMPORTADO,ELSA CHIPANA H. - EST. SERV. ECOPETROL,48000.0
2026-09-08,Distrito Comercial La Paz,DIESEL OIL IMPORTADO EESS,Diesel Oil Importado,DIESEL_IMPORTADO,ELDA S. AGUILAR V. - EST. SERV. JUAN PABLO II,24000.0
2026-09-08,Distrito Comercial La Paz,DIESEL OIL IMPORTADO EESS,Diesel Oil Importado,DIESEL_IMPORTADO,EDUARDO YUPANQUI Q.-EST. SERV. VENTILLA,24000.0
2026-09-08,Distrito Comercial La Paz,DIESEL OIL IMPORTADO EESS,Diesel Oil Importado,DIESEL_IMPORTADO,DISTRIBUIDORA DE GASOLINA Y LUBRICANTES SAN PABLO S.R.L.,12000.0
2026-09-08,Distrito Comercial La Paz,DIESEL OIL IMPORTADO CF,Diesel Oil Importado,DIESEL_IMPORTADO,EMPRESA MINERA WONDERSTONE S.R.L.,19900.0
2026-09-08,Distrito Comercial La Paz,DIESEL OIL IMPORTADO CF,Diesel Oil Importado,DIESEL_IMPORTADO,EMPRESA MINERA REYTITAN S.R.L.,19900.0
2026-09-08,Distrito Comercial La Paz,DIESEL OIL IMPORTADO CF,Diesel Oil Importado,DIESEL_IMPORTADO,EMPRESA MINERA JOKOPAMPA S.R.L.,19900.0
2026-09-08,Distrito Comercial La Paz,DIESEL OIL IMPORTADO CF,Diesel Oil Importado,DIESEL_IMPORTADO,COOPERATIVA MINERA AURÍFERA SANTA BARBARA DE COSÑIPATA R.L.,19900.0
2026-09-08,Distrito Comercial La Paz,DIESEL OIL IMPORTADO CF,Diesel Oil Importado,DIESEL_IMPORTADO,COOPERATIVA MINERA AURÍFERA PUCANHUAYA R.L.,19900.0
2026-09-08,Distrito Comercial La Paz,DIESEL OIL IMPORTADO CF,Diesel Oil Importado,DIESEL_IMPORTADO,COOPERATIVA MINERA AURIFERA PAN DE AZUCARANI RL.,19900.0
2026-09-08,Distrito Comercial La Paz,DIESEL OIL IMPORTADO CF,Diesel Oil Importado,DIESEL_IMPORTADO,COOPERATIVA MINERA AURIFERA 8 DE DICIEMBRE VILAQUE GRANDE R.L.,19900.0
2026-09-08,Distrito Comercial La Paz,DIESEL OIL IMPORTADO CF,Diesel Oil Importado,DIESEL_IMPORTADO,COOPERATIVA MINERA AURIFERA 15 DE MAYO R.L.,19900.0
2026-09-08,Distrito Comercial La Paz,DIESEL OIL IMPORTADO CF,Diesel Oil Importado,DIESEL_IMPORTADO,"COOPERATIVA MINERA AURIFERA ""HUACULLANI SEGUNDO"" R.L.",19900.0
2026-09-08,Distrito Comercial La Paz,DIESEL OIL IMPORTADO CF,Diesel Oil Importado,DIESEL_IMPORTADO,COOPERATIVA MINERA AURIFERA OLLA DE ORO R.L.,19900.0
2026-09-08,Distrito Comercial La Paz,DIESEL OIL IMPORTADO CF,Diesel Oil Importado,DIESEL_IMPORTADO,COOPERATIVA MINERA AUR. SAN LUCAS R.L.,19900.0
2026-09-08,Distrito Comercial La Paz,DIESEL OIL IMPORTADO CF,Diesel Oil Importado,DIESEL_IMPORTADO,COOP. MINERA AURIFERA 8 DE MARZO LA SALVADORA R.L.,19900.0
2026-09-07,Distrito Comercial La Paz,GLP DISTRIB. 45 KILOS NAL,GLP,GLP,SAN JUDAS TADEO SOCIEDAD DE RESPONSABILIDAD LIMITADA,2700.0
2026-09-07,Distrito Comercial La Paz,GLP DISTRIB. 45 KILOS NAL,GLP,GLP,DIST. GLP. SAMO S.A.,4500.0
2026-09-07,Distrito Comercial La Paz,GLP DISTRIB. 45 KILOS NAL,GLP,GLP,DIST. GLP. PROGAS S.R.L.,1800.0
2026-09-07,Distrito Comercial La Paz,GLP DISTRIB. 45 KILOS NAL,GLP,GLP,DIST. GLP. ESMERALDA GAS SRL.,1800.0
2026-09-07,Distrito Comercial La Paz,GLP DISTRIB. 45 KILOS NAL,GLP,GLP,A.A.V.V. GAS S.R.L.,2250.0
2026-09-07,Distrito Comercial La Paz,GLP DISTRIB. 10 KILOS NAL,GLP,GLP,SANDRA CALLIZAYA CH. - DIST. GLP OMASUYOS,9000.0
2026-09-07,Distrito Comercial La Paz,GLP DISTRIB. 10 KILOS NAL,GLP,GLP,SAN JUDAS TADEO SOCIEDAD DE RESPONSABILIDAD LIMITADA,27000.0
2026-09-07,Distrito Comercial La Paz,GLP DISTRIB. 10 KILOS NAL,GLP,GLP,ISABEL DURAN DE ITURRI - DIST. GLP DURA GAS,27000.0
2026-09-07,Distrito Comercial La Paz,GLP DISTRIB. 10 KILOS NAL,GLP,GLP,GMGRECO GAS SOCIEDAD DE RESPONSABILIDAD LIMITADA,27000.0
2026-09-07,Distrito Comercial La Paz,GLP DISTRIB. 10 KILOS NAL,GLP,GLP,GENARA CAPIA DE FERNANDEZ - DIST. GLP SEVERO FERNANDEZ CH.,13500.0
2026-09-07,Distrito Comercial La Paz,GLP DISTRIB. 10 KILOS NAL,GLP,GLP,EMPRESA DISTRIBUIDORA DE GAS LICUADO GLP LOS NIETOS S.R.L,9000.0
2026-09-07,Distrito Comercial La Paz,GLP DISTRIB. 10 KILOS NAL,GLP,GLP,DISTRIBUIDORA DE GLP SAN FRANCISCO -LUCIANO SILLO CONDORI S.R.L.,21520.0
2026-09-07,Distrito Comercial La Paz,GLP DISTRIB. 10 KILOS NAL,GLP,GLP,DISTRIBUIDORA DE GAS LICUADO ALEJANDRA S.R.L.,8840.0
2026-09-07,Distrito Comercial La Paz,GLP DISTRIB. 10 KILOS NAL,GLP,GLP,"DISTRIBUIDORA DE G.L.P. ""TIPUANI"" S.R.L.",17680.0
2026-09-07,Distrito Comercial La Paz,GLP DISTRIB. 10 KILOS NAL,GLP,GLP,DIST. GLP. VIAGAS,33000.0
2026-09-07,Distrito Comercial La Paz,GLP DISTRIB. 10 KILOS NAL,GLP,GLP,DIST. GLP. TRIPETROL S.R.L.,46330.0
2026-09-07,Distrito Comercial La Paz,GLP DISTRIB. 10 KILOS NAL,GLP,GLP,DIST. GLP. SOCIEDAD PETROLERA SANTA ELENA S.R.L. (SOPESE S.R.L.),27000.0
2026-09-07,Distrito Comercial La Paz,GLP DISTRIB. 10 KILOS NAL,GLP,GLP,DIST. GLP. SAMO S.A.,27000.0
2026-09-07,Distrito Comercial La Paz,GLP DISTRIB. 10 KILOS NAL,GLP,GLP,DIST. GLP. PROGAS S.R.L.,27000.0
2026-09-07,Distrito Comercial La Paz,GLP DISTRIB. 10 KILOS NAL,GLP,GLP,DIST. GLP. PEREZ,9000.0
2026-09-07,Distrito Comercial La Paz,GLP DISTRIB. 10 KILOS NAL,GLP,GLP,DIST. GLP. LA CALZADA-SUD YUNGAS,3000.0
2026-09-07,Distrito Comercial La Paz,GLP DISTRIB. 10 KILOS NAL,GLP,GLP,DIST. GLP. ESMERALDA GAS SRL.,27000.0
2026-09-07,Distrito Comercial La Paz,GLP DISTRIB. 10 KILOS NAL,GLP,GLP,DIST. GLP. DISANDES S.R.L.,12000.0
2026-09-07,Distrito Comercial La Paz,GLP DISTRIB. 10 KILOS NAL,GLP,GLP,DIST. GLP. COPACABANA GAS LTDA.,8500.0
2026-09-07,Distrito Comercial La Paz,GLP DISTRIB. 10 KILOS NAL,GLP,GLP,DIST. GLP SORATA PERLA ANDINA S.R.L.,7500.0
2026-09-07,Distrito Comercial La Paz,GLP DISTRIB. 10 KILOS NAL,GLP,GLP,DIST. GLP PALOS BLANCOS - SDENKA PEREZ LARICO,9000.0
2026-09-07,Distrito Comercial La Paz,GLP DISTRIB. 10 KILOS NAL,GLP,GLP,DIST. GLP HERMANAS DURAN AGUILAR - MARLENE F. DURAN AGUILAR,5250.0
2026-09-07,Distrito Comercial La Paz,GLP DISTRIB. 10 KILOS NAL,GLP,GLP,DIST. GLP FLOR DEL NORTE S.R.L.,18000.0
2026-09-07,Distrito Comercial La Paz,GLP DISTRIB. 10 KILOS NAL,GLP,GLP,DIST. GLP CALEMQ S.R.L.,6000.0
2026-09-07,Distrito Comercial La Paz,GLP DISTRIB. 10 KILOS NAL,GLP,GLP,DIST. GLP ANGELES,12000.0
2026-09-07,Distrito Comercial La Paz,GLP DISTRIB. 10 KILOS NAL,GLP,GLP,DELTAFOOD S.R.L.,9000.0
2026-09-07,Distrito Comercial La Paz,GLP DISTRIB. 10 KILOS NAL,GLP,GLP,AXEL GAS S.R.L.,6000.0
2026-09-07,Distrito Comercial La Paz,GLP DISTRIB. 10 KILOS NAL,GLP,GLP,ALEXSUS GAS S.R.L.,9000.0
2026-09-07,Distrito Comercial La Paz,GLP DISTRIB. 10 KILOS NAL,GLP,GLP,A.A.V.V. GAS S.R.L.,27000.0
2026-09-07,Distrito Comercial La Paz,GASOLINA ESPECIAL EESS,Gasolina Especial,GASOLINA_ESPECIAL,PANAMERICANA INTERNACIONAL S.R.L. PAINTER S.R.L.,12000.0
2026-09-07,Distrito Comercial La Paz,GASOLINA ESPECIAL EESS,Gasolina Especial,GASOLINA_ESPECIAL,MARIO ALVAREZ M. EST. SERV. ALVAPETROL,22000.0
2026-09-07,Distrito Comercial La Paz,GASOLINA ESPECIAL EESS,Gasolina Especial,GASOLINA_ESPECIAL,MARIA PATZI-EST. SERV. VARELA,24000.0
2026-09-07,Distrito Comercial La Paz,GASOLINA ESPECIAL EESS,Gasolina Especial,GASOLINA_ESPECIAL,FREDY LIMACHI CHALLCO - EST. SERV. DON LEO,22000.0
2026-09-07,Distrito Comercial La Paz,GASOLINA ESPECIAL EESS,Gasolina Especial,GASOLINA_ESPECIAL,ESTACION DE SERVICIOS YARA S.R.L.,22000.0
2026-09-07,Distrito Comercial La Paz,GASOLINA ESPECIAL EESS,Gasolina Especial,GASOLINA_ESPECIAL,ESTACION DE SERVICIO TOLAR S.R.L.,20000.0
2026-09-07,Distrito Comercial La Paz,GASOLINA ESPECIAL EESS,Gasolina Especial,GASOLINA_ESPECIAL,ESTACION DE SERVICIO SURTIDOR TUMUPASA S.R.L.,22000.0
2026-09-07,Distrito Comercial La Paz,GASOLINA ESPECIAL EESS,Gasolina Especial,GASOLINA_ESPECIAL,ESTACION DE SERVICIO SEÑOR DE MAYO S.R.L.,24000.0
2026-09-07,Distrito Comercial La Paz,GASOLINA ESPECIAL EESS,Gasolina Especial,GASOLINA_ESPECIAL,ESTACION DE SERVICIO ISSUCADELA S.R.L,22000.0
2026-09-07,Distrito Comercial La Paz,GASOLINA ESPECIAL EESS,Gasolina Especial,GASOLINA_ESPECIAL,ESTACION DE SERVICIO HUANCANE Y TRANSPORTE S.R.L.,22000.0
2026-09-07,Distrito Comercial La Paz,GASOLINA ESPECIAL EESS,Gasolina Especial,GASOLINA_ESPECIAL,EST. SERV. SAN MIGUEL-IVAN L.,22000.0
2026-09-07,Distrito Comercial La Paz,GASOLINA ESPECIAL EESS,Gasolina Especial,GASOLINA_ESPECIAL,EST. SERV. PLAYA VERDE,24000.0
2026-09-07,Distrito Comercial La Paz,GASOLINA ESPECIAL EESS,Gasolina Especial,GASOLINA_ESPECIAL,EST. SERV. PEREZ ROCHA SRL.,24000.0
2026-09-07,Distrito Comercial La Paz,GASOLINA ESPECIAL EESS,Gasolina Especial,GASOLINA_ESPECIAL,EST. SERV. PALOS BLANCOS,36000.0
2026-09-07,Distrito Comercial La Paz,GASOLINA ESPECIAL EESS,Gasolina Especial,GASOLINA_ESPECIAL,EST. SERV. NETANEL,22000.0
2026-09-07,Distrito Comercial La Paz,GASOLINA ESPECIAL EESS,Gasolina Especial,GASOLINA_ESPECIAL,EST. SERV. M&G CAMINO REAL,24000.0
2026-09-07,Distrito Comercial La Paz,GASOLINA ESPECIAL EESS,Gasolina Especial,GASOLINA_ESPECIAL,EST. SERV. INTEROCEANICO,24000.0
2026-09-07,Distrito Comercial La Paz,GASOLINA ESPECIAL EESS,Gasolina Especial,GASOLINA_ESPECIAL,EST. SERV. GUANAY,22000.0
2026-09-07,Distrito Comercial La Paz,GASOLINA ESPECIAL EESS,Gasolina Especial,GASOLINA_ESPECIAL,EST. SERV. GASOLCAMP S.R.L.,22000.0
2026-09-07,Distrito Comercial La Paz,GASOLINA ESPECIAL EESS,Gasolina Especial,GASOLINA_ESPECIAL,EST. SERV. GALAXIA S.R.L.,24000.0
2026-09-07,Distrito Comercial La Paz,GASOLINA ESPECIAL EESS,Gasolina Especial,GASOLINA_ESPECIAL,EST. SERV. CUENTAS SAN PABLO II S.R.L.,24000.0
2026-09-07,Distrito Comercial La Paz,GASOLINA ESPECIAL EESS,Gasolina Especial,GASOLINA_ESPECIAL,EST. SERV. ACHACACHI S.R.L.,20000.0
2026-09-07,Distrito Comercial La Paz,GASOLINA ESPECIAL EESS,Gasolina Especial,GASOLINA_ESPECIAL,ELDA S. AGUILAR V. - EST. SERV. JUAN PABLO II,24000.0
2026-09-07,Distrito Comercial La Paz,GASOLINA ESPECIAL EESS,Gasolina Especial,GASOLINA_ESPECIAL,CANIAX S.R.L.,22000.0
2026-09-07,Distrito Comercial La Paz,GASOLINA ESPECIAL + EESS,Gasolina Especial +,GASOLINA_ESPECIAL_MAS,OFELIA PLATA P. - EST. SERV. DARTAÑAN,24000.0
2026-09-07,Distrito Comercial La Paz,GASOLINA ESPECIAL + CF,Gasolina Especial +,GASOLINA_ESPECIAL_MAS,CORPORACION MINERA DE BOLIVIA - CORO CORO CD,4000.0
2026-09-07,Distrito Comercial La Paz,GASOLINA ESPECIAL + (S/DSI),Gasolina Especial +,GASOLINA_ESPECIAL_MAS,ZURSIL S.R.L. - E.S.T.,18000.0
2026-09-07,Distrito Comercial La Paz,GASOLINA ESPECIAL + (S/DSI),Gasolina Especial +,GASOLINA_ESPECIAL_MAS,GRUPO EMPRESARIAL VIRGEN DE LOS ALAMOS S.R.L.,36000.0
2026-09-07,Distrito Comercial La Paz,GASOLINA ESPECIAL + (S/DSI),Gasolina Especial +,GASOLINA_ESPECIAL_MAS,GREGORIO CUENTAS M. EST. SERV. DRAGON DE ORO,24000.0
2026-09-07,Distrito Comercial La Paz,GASOLINA ESPECIAL + (S/DSI),Gasolina Especial +,GASOLINA_ESPECIAL_MAS,GAS SAN FELIPE S.R.L.,24000.0
2026-09-07,Distrito Comercial La Paz,GASOLINA ESPECIAL + (S/DSI),Gasolina Especial +,GASOLINA_ESPECIAL_MAS,ESTACIÓN DE SERVICIO LAS ROSAS S.R.L.,24000.0
2026-09-07,Distrito Comercial La Paz,GASOLINA ESPECIAL + (S/DSI),Gasolina Especial +,GASOLINA_ESPECIAL_MAS,ESTACIÓN DE SERVICIO ALIMARC INTER GAS BOLIVIA S.R.L.,18000.0
2026-09-07,Distrito Comercial La Paz,GASOLINA ESPECIAL + (S/DSI),Gasolina Especial +,GASOLINA_ESPECIAL_MAS,ESTACION DE SERVICIOS NIMAGASBOL S.R.L.,18000.0
2026-09-07,Distrito Comercial La Paz,GASOLINA ESPECIAL + (S/DSI),Gasolina Especial +,GASOLINA_ESPECIAL_MAS,ESTACION DE SERVICIO ZOFRI S.R.L.,18000.0
2026-09-07,Distrito Comercial La Paz,GASOLINA ESPECIAL + (S/DSI),Gasolina Especial +,GASOLINA_ESPECIAL_MAS,ESTACION DE SERVICIO TERRAGAS LTDA,24000.0
2026-09-07,Distrito Comercial La Paz,GASOLINA ESPECIAL + (S/DSI),Gasolina Especial +,GASOLINA_ESPECIAL_MAS,ESTACION DE SERVICIO TEJADA TRIANGULAR,24000.0
2026-09-07,Distrito Comercial La Paz,GASOLINA ESPECIAL + (S/DSI),Gasolina Especial +,GASOLINA_ESPECIAL_MAS,ESTACION DE SERVICIO SAN SEBASTIAN S.R.L.,18000.0
2026-09-07,Distrito Comercial La Paz,GASOLINA ESPECIAL + (S/DSI),Gasolina Especial +,GASOLINA_ESPECIAL_MAS,ESTACION DE SERVICIO LOZA - MARCELINA AGUIRRE VDA. DE LOZA,24000.0
2026-09-07,Distrito Comercial La Paz,GASOLINA ESPECIAL + (S/DSI),Gasolina Especial +,GASOLINA_ESPECIAL_MAS,ESTACION DE SERVICIO LOS ROSALES,12000.0
2026-09-07,Distrito Comercial La Paz,GASOLINA ESPECIAL + (S/DSI),Gasolina Especial +,GASOLINA_ESPECIAL_MAS,ESTACION DE SERVICIO KORY INTI S.R.L.,24000.0
2026-09-07,Distrito Comercial La Paz,GASOLINA ESPECIAL + (S/DSI),Gasolina Especial +,GASOLINA_ESPECIAL_MAS,ESTACION DE SERVICIO KANTUTA S.R.L.,48000.0
2026-09-07,Distrito Comercial La Paz,GASOLINA ESPECIAL + (S/DSI),Gasolina Especial +,GASOLINA_ESPECIAL_MAS,ESTACION DE SERVICIO JACHA INTI S.R.L.,24000.0
2026-09-07,Distrito Comercial La Paz,GASOLINA ESPECIAL + (S/DSI),Gasolina Especial +,GASOLINA_ESPECIAL_MAS,ESTACION DE SERVICIO FULL TANK S.R.L.,18000.0
2026-09-07,Distrito Comercial La Paz,GASOLINA ESPECIAL + (S/DSI),Gasolina Especial +,GASOLINA_ESPECIAL_MAS,ESTACION DE SERVICIO CALUYO S.R.L.,24000.0
2026-09-07,Distrito Comercial La Paz,GASOLINA ESPECIAL + (S/DSI),Gasolina Especial +,GASOLINA_ESPECIAL_MAS,ESTACION DE SERVICIO C. REDENTOR S.R.L.,18000.0
2026-09-07,Distrito Comercial La Paz,GASOLINA ESPECIAL + (S/DSI),Gasolina Especial +,GASOLINA_ESPECIAL_MAS,EST. SERV. YUPANQUI,24000.0
2026-09-07,Distrito Comercial La Paz,GASOLINA ESPECIAL + (S/DSI),Gasolina Especial +,GASOLINA_ESPECIAL_MAS,EST. SERV. VOLCAN S.R.L.,48000.0
2026-09-07,Distrito Comercial La Paz,GASOLINA ESPECIAL + (S/DSI),Gasolina Especial +,GASOLINA_ESPECIAL_MAS,EST. SERV. TEXAS S.R.L.,24000.0
2026-09-07,Distrito Comercial La Paz,GASOLINA ESPECIAL + (S/DSI),Gasolina Especial +,GASOLINA_ESPECIAL_MAS,EST. SERV. SURTIDORES UNITOURS LTDA.,24000.0
2026-09-07,Distrito Comercial La Paz,GASOLINA ESPECIAL + (S/DSI),Gasolina Especial +,GASOLINA_ESPECIAL_MAS,EST. SERV. SOC. IND. COM. G.L.P.H. LTDA,24000.0
2026-09-07,Distrito Comercial La Paz,GASOLINA ESPECIAL + (S/DSI),Gasolina Especial +,GASOLINA_ESPECIAL_MAS,EST. SERV. SIEMPRE A FULL MIRAFLORES S.R.L. (SAF),36000.0
2026-09-07,Distrito Comercial La Paz,GASOLINA ESPECIAL + (S/DSI),Gasolina Especial +,GASOLINA_ESPECIAL_MAS,EST. SERV. SAN PABLO VILLA BOLIVAR S.R.L.,24000.0
2026-09-07,Distrito Comercial La Paz,GASOLINA ESPECIAL + (S/DSI),Gasolina Especial +,GASOLINA_ESPECIAL_MAS,EST. SERV. SALIDA LTDA,12000.0
2026-09-07,Distrito Comercial La Paz,GASOLINA ESPECIAL + (S/DSI),Gasolina Especial +,GASOLINA_ESPECIAL_MAS,EST. SERV. RACING GAS S.R.L.,24000.0
2026-09-07,Distrito Comercial La Paz,GASOLINA ESPECIAL + (S/DSI),Gasolina Especial +,GASOLINA_ESPECIAL_MAS,EST. SERV. QHANTATI SRL.,24000.0
2026-09-07,Distrito Comercial La Paz,GASOLINA ESPECIAL + (S/DSI),Gasolina Especial +,GASOLINA_ESPECIAL_MAS,EST. SERV. MOTORECO SRL.,36000.0
2026-09-07,Distrito Comercial La Paz,GASOLINA ESPECIAL + (S/DSI),Gasolina Especial +,GASOLINA_ESPECIAL_MAS,EST. SERV. LUBRICAN SRL,24000.0
2026-09-07,Distrito Comercial La Paz,GASOLINA ESPECIAL + (S/DSI),Gasolina Especial +,GASOLINA_ESPECIAL_MAS,EST. SERV. LAREDO SRL,18000.0
2026-09-07,Distrito Comercial La Paz,GASOLINA ESPECIAL + (S/DSI),Gasolina Especial +,GASOLINA_ESPECIAL_MAS,EST. SERV. JAIMES FREYRE,36000.0
2026-09-07,Distrito Comercial La Paz,GASOLINA ESPECIAL + (S/DSI),Gasolina Especial +,GASOLINA_ESPECIAL_MAS,EST. SERV. ILLIMANI S.R.L.,24000.0
2026-09-07,Distrito Comercial La Paz,GASOLINA ESPECIAL + (S/DSI),Gasolina Especial +,GASOLINA_ESPECIAL_MAS,EST. SERV. GAS-MAY S.R.L.,12000.0
2026-09-07,Distrito Comercial La Paz,GASOLINA ESPECIAL + (S/DSI),Gasolina Especial +,GASOLINA_ESPECIAL_MAS,EST. SERV. GAS CENTRO S.R.L.,24000.0
2026-09-07,Distrito Comercial La Paz,GASOLINA ESPECIAL + (S/DSI),Gasolina Especial +,GASOLINA_ESPECIAL_MAS,EST. SERV. EMP. COM. HID. TUPAC KATARI S.R.L.,36000.0
2026-09-07,Distrito Comercial La Paz,GASOLINA ESPECIAL + (S/DSI),Gasolina Especial +,GASOLINA_ESPECIAL_MAS,EST. SERV. EL PARAISO SRL.,24000.0
2026-09-07,Distrito Comercial La Paz,GASOLINA ESPECIAL + (S/DSI),Gasolina Especial +,GASOLINA_ESPECIAL_MAS,EST. SERV. CRISTO AUTO GAS SRL.,24000.0
2026-09-07,Distrito Comercial La Paz,GASOLINA ESPECIAL + (S/DSI),Gasolina Especial +,GASOLINA_ESPECIAL_MAS,EST. SERV. COSTANERA SRL.,24000.0
2026-09-07,Distrito Comercial La Paz,GASOLINA ESPECIAL + (S/DSI),Gasolina Especial +,GASOLINA_ESPECIAL_MAS,EST. SERV. CHASQUIPAMPA S.R.L.,24000.0
2026-09-07,Distrito Comercial La Paz,GASOLINA ESPECIAL + (S/DSI),Gasolina Especial +,GASOLINA_ESPECIAL_MAS,EST. SERV. CHALY,12000.0
2026-09-07,Distrito Comercial La Paz,GASOLINA ESPECIAL + (S/DSI),Gasolina Especial +,GASOLINA_ESPECIAL_MAS,EST. SERV. CARSUR S.R.L.,48000.0
2026-09-07,Distrito Comercial La Paz,GASOLINA ESPECIAL + (S/DSI),Gasolina Especial +,GASOLINA_ESPECIAL_MAS,EST. SERV. CANDELARIA,18000.0
2026-09-07,Distrito Comercial La Paz,GASOLINA ESPECIAL + (S/DSI),Gasolina Especial +,GASOLINA_ESPECIAL_MAS,EST. SERV. BOLIVIA ZURSIL S.R.L.,12000.0
2026-09-07,Distrito Comercial La Paz,GASOLINA ESPECIAL + (S/DSI),Gasolina Especial +,GASOLINA_ESPECIAL_MAS,EST. SERV. BASSAM LTDA,36000.0
2026-09-07,Distrito Comercial La Paz,GASOLINA ESPECIAL + (S/DSI),Gasolina Especial +,GASOLINA_ESPECIAL_MAS,EST. SERV. APOSTOL SANTIAGO,24000.0
2026-09-07,Distrito Comercial La Paz,GASOLINA ESPECIAL + (S/DSI),Gasolina Especial +,GASOLINA_ESPECIAL_MAS,EST. SERV. ALTO LIMA S.R.L.,20000.0
2026-09-07,Distrito Comercial La Paz,GASOLINA ESPECIAL + (S/DSI),Gasolina Especial +,GASOLINA_ESPECIAL_MAS,EST. SERV. ACB SAN JORGE,24000.0
2026-09-07,Distrito Comercial La Paz,GASOLINA ESPECIAL + (S/DSI),Gasolina Especial +,GASOLINA_ESPECIAL_MAS,EST. SERV. ACB CALACOTO,24000.0
2026-09-07,Distrito Comercial La Paz,GASOLINA ESPECIAL + (S/DSI),Gasolina Especial +,GASOLINA_ESPECIAL_MAS,EST. SERV. 6 DE MARZO,18000.0
2026-09-07,Distrito Comercial La Paz,GASOLINA ESPECIAL + (S/DSI),Gasolina Especial +,GASOLINA_ESPECIAL_MAS,ELSA CHIPANA H. - EST. SERV. ECOPETROL,18000.0
2026-09-07,Distrito Comercial La Paz,GASOLINA ESPECIAL + (S/DSI),Gasolina Especial +,GASOLINA_ESPECIAL_MAS,DISTRIBUIDORA DE GASOLINA Y LUBRICANTES SAN PABLO S.R.L.,24000.0
2026-09-07,Distrito Comercial La Paz,DIESEL OIL NACIONAL EESS,Diesel Oil Nacional,DIESEL_NACIONAL,SILVIA TORREZ.- EST. SERV. TORREZ,22000.0
2026-09-07,Distrito Comercial La Paz,DIESEL OIL NACIONAL EESS,Diesel Oil Nacional,DIESEL_NACIONAL,RACING GAS S.R.L. (SUC-1),22000.0
2026-09-07,Distrito Comercial La Paz,DIESEL OIL NACIONAL EESS,Diesel Oil Nacional,DIESEL_NACIONAL,PANAMERICANA INTERNACIONAL S.R.L. PAINTER S.R.L.,22000.0
2026-09-07,Distrito Comercial La Paz,DIESEL OIL NACIONAL EESS,Diesel Oil Nacional,DIESEL_NACIONAL,OFELIA PLATA P. - EST. SERV. UMAMARCA,24000.0
2026-09-07,Distrito Comercial La Paz,DIESEL OIL NACIONAL EESS,Diesel Oil Nacional,DIESEL_NACIONAL,MARIO ALVAREZ M. EST. SERV. ALVAPETROL,22000.0
2026-09-07,Distrito Comercial La Paz,DIESEL OIL NACIONAL EESS,Diesel Oil Nacional,DIESEL_NACIONAL,IVAN MATIAS V. - EST. SERV. REYES MATIAS,22000.0
2026-09-07,Distrito Comercial La Paz,DIESEL OIL NACIONAL EESS,Diesel Oil Nacional,DIESEL_NACIONAL,ESTACION DE SERVICIO PARAISO TROPICAL,22000.0
2026-09-07,Distrito Comercial La Paz,DIESEL OIL NACIONAL EESS,Diesel Oil Nacional,DIESEL_NACIONAL,ESTACION DE SERVICIO MEJIA S.R.L.,22000.0
2026-09-07,Distrito Comercial La Paz,DIESEL OIL NACIONAL EESS,Diesel Oil Nacional,DIESEL_NACIONAL,ESTACION DE SERVICIO ISSUCADELA S.R.L,22000.0
2026-09-07,Distrito Comercial La Paz,DIESEL OIL NACIONAL EESS,Diesel Oil Nacional,DIESEL_NACIONAL,ESTACION DE SERVICIO GASOLINERA CRUCE DE ORO S.R.L.,22000.0
2026-09-07,Distrito Comercial La Paz,DIESEL OIL NACIONAL EESS,Diesel Oil Nacional,DIESEL_NACIONAL,EST. SERV. GUANAY,22000.0
2026-09-07,Distrito Comercial La Paz,DIESEL OIL NACIONAL EESS,Diesel Oil Nacional,DIESEL_NACIONAL,EST. SERV. FLOR DE CAÑA S.R.L.,22000.0
2026-09-07,Distrito Comercial La Paz,DIESEL OIL NACIONAL EESS,Diesel Oil Nacional,DIESEL_NACIONAL,EST. SERV. BATALLAS S.R.L. ESBA S.R.L.,22000.0
2026-09-07,Distrito Comercial La Paz,DIESEL OIL NACIONAL EESS,Diesel Oil Nacional,DIESEL_NACIONAL,EST. SERV. ADALUZ PETROL,22000.0
2026-09-07,Distrito Comercial La Paz,DIESEL OIL NACIONAL EESS,Diesel Oil Nacional,DIESEL_NACIONAL,EDEN CLEVER CARRILLO CONDORI-ESTACION DE SERVICIO EDENCCC,22000.0
2026-09-07,Distrito Comercial La Paz,DIESEL OIL NACIONAL EESS,Diesel Oil Nacional,DIESEL_NACIONAL,CLEMENTINA FANNY MAMANI MORALES - EST. SERV. LAHUACHACA Y DISTRIBUCION DE GLP,22000.0
2026-09-07,Distrito Comercial La Paz,DIESEL OIL NACIONAL EESS,Diesel Oil Nacional,DIESEL_NACIONAL,CANIAX S.R.L.,22000.0
2026-09-07,Distrito Comercial La Paz,DIESEL OIL IMPORTADO GRACO,Diesel Oil Importado,DIESEL_IMPORTADO,EMPRESA CONSTRUCTORA NAVLA LTDA.,24000.0
2026-09-07,Distrito Comercial La Paz,DIESEL OIL IMPORTADO GRACO,Diesel Oil Importado,DIESEL_IMPORTADO,CORPORACION MINERA DE BOLIVIA - CORO CORO,20000.0
2026-09-07,Distrito Comercial La Paz,DIESEL OIL IMPORTADO GRACO,Diesel Oil Importado,DIESEL_IMPORTADO,COOPERATIVA MINERA AURIFERA CRUZ DEL SUR MINAS COLLO R.L.,24000.0
2026-09-07,Distrito Comercial La Paz,DIESEL OIL IMPORTADO EESS,Diesel Oil Importado,DIESEL_IMPORTADO,EFRAIN LOPEZ LUCANA,22000.0
2026-09-07,Distrito Comercial La Paz,DIESEL OIL IMPORTADO EESS,Diesel Oil Importado,DIESEL_IMPORTADO,ZURSIL S.R.L. - E.S.T.,48000.0
2026-09-07,Distrito Comercial La Paz,DIESEL OIL IMPORTADO EESS,Diesel Oil Importado,DIESEL_IMPORTADO,MARIA PATZI-EST. SERV. VARELA,24000.0
2026-09-07,Distrito Comercial La Paz,DIESEL OIL IMPORTADO EESS,Diesel Oil Importado,DIESEL_IMPORTADO,GREGORIO CUENTAS M. EST. SERV. DRAGON DE ORO,12000.0
2026-09-07,Distrito Comercial La Paz,DIESEL OIL IMPORTADO EESS,Diesel Oil Importado,DIESEL_IMPORTADO,GAS SAN FELIPE S.R.L.,20000.0
2026-09-07,Distrito Comercial La Paz,DIESEL OIL IMPORTADO EESS,Diesel Oil Importado,DIESEL_IMPORTADO,ESTACIÓN DE SERVICIO LAS ROSAS S.R.L.,20000.0
2026-09-07,Distrito Comercial La Paz,DIESEL OIL IMPORTADO EESS,Diesel Oil Importado,DIESEL_IMPORTADO,ESTACIÓN DE SERVICIO ALIMARC INTER GAS BOLIVIA S.R.L.,48000.0
2026-09-07,Distrito Comercial La Paz,DIESEL OIL IMPORTADO EESS,Diesel Oil Importado,DIESEL_IMPORTADO,ESTACION DE SERVICIOS NIMAGASBOL S.R.L.,48000.0
2026-09-07,Distrito Comercial La Paz,DIESEL OIL IMPORTADO EESS,Diesel Oil Importado,DIESEL_IMPORTADO,ESTACION DE SERVICIO ZOFRI S.R.L.,48000.0
2026-09-07,Distrito Comercial La Paz,DIESEL OIL IMPORTADO EESS,Diesel Oil Importado,DIESEL_IMPORTADO,ESTACION DE SERVICIO TEJADA TRIANGULAR,12000.0
2026-09-07,Distrito Comercial La Paz,DIESEL OIL IMPORTADO EESS,Diesel Oil Importado,DIESEL_IMPORTADO,ESTACION DE SERVICIO SEÑOR DE MAYO S.R.L.,24000.0
2026-09-07,Distrito Comercial La Paz,DIESEL OIL IMPORTADO EESS,Diesel Oil Importado,DIESEL_IMPORTADO,ESTACION DE SERVICIO SAN SEBASTIAN S.R.L.,48000.0
2026-09-07,Distrito Comercial La Paz,DIESEL OIL IMPORTADO EESS,Diesel Oil Importado,DIESEL_IMPORTADO,ESTACION DE SERVICIO LOS ROSALES,18000.0
2026-09-07,Distrito Comercial La Paz,DIESEL OIL IMPORTADO EESS,Diesel Oil Importado,DIESEL_IMPORTADO,ESTACION DE SERVICIO FULL TANK S.R.L.,24000.0
2026-09-07,Distrito Comercial La Paz,DIESEL OIL IMPORTADO EESS,Diesel Oil Importado,DIESEL_IMPORTADO,ESTACION DE SERVICIO CHALLAPAMPA S.R.L.,12000.0
2026-09-07,Distrito Comercial La Paz,DIESEL OIL IMPORTADO EESS,Diesel Oil Importado,DIESEL_IMPORTADO,ESTACION DE SERVICIO CALUYO S.R.L.,24000.0
2026-09-07,Distrito Comercial La Paz,DIESEL OIL IMPORTADO EESS,Diesel Oil Importado,DIESEL_IMPORTADO,ESTACION DE SERVICIO C. REDENTOR S.R.L.,48000.0
2026-09-07,Distrito Comercial La Paz,DIESEL OIL IMPORTADO EESS,Diesel Oil Importado,DIESEL_IMPORTADO,EST. SERV. VOLCAN S.R.L.,36000.0
2026-09-07,Distrito Comercial La Paz,DIESEL OIL IMPORTADO EESS,Diesel Oil Importado,DIESEL_IMPORTADO,EST. SERV. TEXAS S.R.L.,12000.0
2026-09-07,Distrito Comercial La Paz,DIESEL OIL IMPORTADO EESS,Diesel Oil Importado,DIESEL_IMPORTADO,EST. SERV. SURTIDORES UNITOURS LTDA.,12000.0
2026-09-07,Distrito Comercial La Paz,DIESEL OIL IMPORTADO EESS,Diesel Oil Importado,DIESEL_IMPORTADO,EST. SERV. SOC. IND. COM. G.L.P.H. LTDA,12000.0
2026-09-07,Distrito Comercial La Paz,DIESEL OIL IMPORTADO EESS,Diesel Oil Importado,DIESEL_IMPORTADO,EST. SERV. SIEMPRE A FULL MIRAFLORES S.R.L. (SAF),12000.0
2026-09-07,Distrito Comercial La Paz,DIESEL OIL IMPORTADO EESS,Diesel Oil Importado,DIESEL_IMPORTADO,EST. SERV. SAN PABLO VILLA BOLIVAR S.R.L.,24000.0
2026-09-07,Distrito Comercial La Paz,DIESEL OIL IMPORTADO EESS,Diesel Oil Importado,DIESEL_IMPORTADO,EST. SERV. QHANTATI SRL.,48000.0
2026-09-07,Distrito Comercial La Paz,DIESEL OIL IMPORTADO EESS,Diesel Oil Importado,DIESEL_IMPORTADO,EST. SERV. PLAYA VERDE,24000.0
2026-09-07,Distrito Comercial La Paz,DIESEL OIL IMPORTADO EESS,Diesel Oil Importado,DIESEL_IMPORTADO,EST. SERV. PEREZ ROCHA SRL.,24000.0
2026-09-07,Distrito Comercial La Paz,DIESEL OIL IMPORTADO EESS,Diesel Oil Importado,DIESEL_IMPORTADO,EST. SERV. MARANATHA,24000.0
2026-09-07,Distrito Comercial La Paz,DIESEL OIL IMPORTADO EESS,Diesel Oil Importado,DIESEL_IMPORTADO,EST. SERV. M&G CAMINO REAL,20000.0
2026-09-07,Distrito Comercial La Paz,DIESEL OIL IMPORTADO EESS,Diesel Oil Importado,DIESEL_IMPORTADO,EST. SERV. LOS ANDES SRL,20000.0
2026-09-07,Distrito Comercial La Paz,DIESEL OIL IMPORTADO EESS,Diesel Oil Importado,DIESEL_IMPORTADO,EST. SERV. LAREDO SRL,48000.0
2026-09-07,Distrito Comercial La Paz,DIESEL OIL IMPORTADO EESS,Diesel Oil Importado,DIESEL_IMPORTADO,EST. SERV. INTEROCEANICO,24000.0
2026-09-07,Distrito Comercial La Paz,DIESEL OIL IMPORTADO EESS,Diesel Oil Importado,DIESEL_IMPORTADO,EST. SERV. ILLIMANI S.R.L.,24000.0
2026-09-07,Distrito Comercial La Paz,DIESEL OIL IMPORTADO EESS,Diesel Oil Importado,DIESEL_IMPORTADO,EST. SERV. GAS-MAY S.R.L.,12000.0
2026-09-07,Distrito Comercial La Paz,DIESEL OIL IMPORTADO EESS,Diesel Oil Importado,DIESEL_IMPORTADO,EST. SERV. GALAXIA S.R.L.,18000.0
2026-09-07,Distrito Comercial La Paz,DIESEL OIL IMPORTADO EESS,Diesel Oil Importado,DIESEL_IMPORTADO,EST. SERV. ESUR GHS LTDA.,12000.0
2026-09-07,Distrito Comercial La Paz,DIESEL OIL IMPORTADO EESS,Diesel Oil Importado,DIESEL_IMPORTADO,EST. SERV. EL PARAISO SRL.,20000.0
2026-09-07,Distrito Comercial La Paz,DIESEL OIL IMPORTADO EESS,Diesel Oil Importado,DIESEL_IMPORTADO,EST. SERV. CUENTAS SAN PABLO II S.R.L.,20000.0
2026-09-07,Distrito Comercial La Paz,DIESEL OIL IMPORTADO EESS,Diesel Oil Importado,DIESEL_IMPORTADO,EST. SERV. CHUSAMARCA,24000.0
2026-09-07,Distrito Comercial La Paz,DIESEL OIL IMPORTADO EESS,Diesel Oil Importado,DIESEL_IMPORTADO,EST. SERV. CHALY,12000.0
2026-09-07,Distrito Comercial La Paz,DIESEL OIL IMPORTADO EESS,Diesel Oil Importado,DIESEL_IMPORTADO,EST. SERV. CANDELARIA,48000.0
2026-09-07,Distrito Comercial La Paz,DIESEL OIL IMPORTADO EESS,Diesel Oil Importado,DIESEL_IMPORTADO,EST. SERV. BOLIVIA ZURSIL S.R.L.,12000.0
2026-09-07,Distrito Comercial La Paz,DIESEL OIL IMPORTADO EESS,Diesel Oil Importado,DIESEL_IMPORTADO,EST. SERV. BASSAM LTDA,20000.0
2026-09-07,Distrito Comercial La Paz,DIESEL OIL IMPORTADO EESS,Diesel Oil Importado,DIESEL_IMPORTADO,EST. SERV. APOSTOL SANTIAGO,24000.0
2026-09-07,Distrito Comercial La Paz,DIESEL OIL IMPORTADO EESS,Diesel Oil Importado,DIESEL_IMPORTADO,EST. SERV. ALTO LIMA S.R.L.,12000.0
2026-09-07,Distrito Comercial La Paz,DIESEL OIL IMPORTADO EESS,Diesel Oil Importado,DIESEL_IMPORTADO,EST. SERV. 6 DE MARZO,48000.0
2026-09-07,Distrito Comercial La Paz,DIESEL OIL IMPORTADO EESS,Diesel Oil Importado,DIESEL_IMPORTADO,ELSA CHIPANA H. - EST. SERV. ECOPETROL,48000.0
2026-09-07,Distrito Comercial La Paz,DIESEL OIL IMPORTADO EESS,Diesel Oil Importado,DIESEL_IMPORTADO,ELDA S. AGUILAR V. - EST. SERV. JUAN PABLO II,24000.0
2026-09-07,Distrito Comercial La Paz,DIESEL OIL IMPORTADO EESS,Diesel Oil Importado,DIESEL_IMPORTADO,EDUARDO YUPANQUI Q.-EST. SERV. VENTILLA,24000.0
2026-09-07,Distrito Comercial La Paz,DIESEL OIL IMPORTADO EESS,Diesel Oil Importado,DIESEL_IMPORTADO,DISTRIBUIDORA DE GASOLINA Y LUBRICANTES SAN PABLO S.R.L.,12000.0
2026-09-07,Distrito Comercial La Paz,DIESEL OIL IMPORTADO CF,Diesel Oil Importado,DIESEL_IMPORTADO,EMPRESA MINERA SIEMPRETITAN S.R.L.,19900.0
2026-09-07,Distrito Comercial La Paz,DIESEL OIL IMPORTADO CF,Diesel Oil Importado,DIESEL_IMPORTADO,EMPRESA MINERA NARDED S.R.L.,19900.0
2026-09-07,Distrito Comercial La Paz,DIESEL OIL IMPORTADO CF,Diesel Oil Importado,DIESEL_IMPORTADO,EMPRESA MINERA MINENZHA,19900.0
2026-09-07,Distrito Comercial La Paz,DIESEL OIL IMPORTADO CF,Diesel Oil Importado,DIESEL_IMPORTADO,COOPERATIVA MINERA AURIFERA SANTIAGO DE CAMATA R.L.,19900.0
2026-09-07,Distrito Comercial La Paz,DIESEL OIL IMPORTADO CF,Diesel Oil Importado,DIESEL_IMPORTADO,COOPERATIVA MINERA AURIFERA PAN DE AZUCARANI RL.,19900.0
2026-09-07,Distrito Comercial La Paz,DIESEL OIL IMPORTADO CF,Diesel Oil Importado,DIESEL_IMPORTADO,COOPERATIVA MINERA AURIFERA ENTRE RIOS DE TACACHACA R.L.,19900.0
2026-09-07,Distrito Comercial La Paz,DIESEL OIL IMPORTADO CF,Diesel Oil Importado,DIESEL_IMPORTADO,COOPERATIVA MINERA AURIFERA CICOTORO R.L.,19900.0
2026-09-07,Distrito Comercial La Paz,DIESEL OIL IMPORTADO CF,Diesel Oil Importado,DIESEL_IMPORTADO,COOPERATIVA MINERA AURIFERA AGUILAS DE ORO R.L.,19900.0
2026-09-07,Distrito Comercial La Paz,DIESEL OIL IMPORTADO CF,Diesel Oil Importado,DIESEL_IMPORTADO,"COOPERATIVA MINERA AURIFERA ""LURIACANI II EL ENCUENTRO"" R.L.",19900.0
2026-09-07,Distrito Comercial La Paz,DIESEL OIL IMPORTADO CF,Diesel Oil Importado,DIESEL_IMPORTADO,COOP. MINERA AURIFERA UNION BOTOSHUARA R.L.,19900.0
2026-09-07,Distrito Comercial La Paz,DIESEL OIL IMPORTADO CF,Diesel Oil Importado,DIESEL_IMPORTADO,COOP. MINERA AURIFERA SAN PABLO I R.L.,19900.0
2026-09-07,Distrito Comercial La Paz,DIESEL OIL IMPORTADO CF,Diesel Oil Importado,DIESEL_IMPORTADO,"COOP. MINERA AURIFERA ""19 DE MAYO CHILIZA"" R.L.",19900.0
2026-09-05,Distrito Comercial La Paz,GLP DISTRIB. 45 KILOS NAL,GLP,GLP,SAN JUDAS TADEO SOCIEDAD DE RESPONSABILIDAD LIMITADA,2700.0
2026-09-05,Distrito Comercial La Paz,GLP DISTRIB. 45 KILOS NAL,GLP,GLP,DIST. GLP. SAMO S.A.,4500.0
2026-09-05,Distrito Comercial La Paz,GLP DISTRIB. 45 KILOS NAL,GLP,GLP,DIST. GLP. PROGAS S.R.L.,1800.0
2026-09-05,Distrito Comercial La Paz,GLP DISTRIB. 45 KILOS NAL,GLP,GLP,DIST. GLP. ESMERALDA GAS SRL.,2250.0
2026-09-05,Distrito Comercial La Paz,GLP DISTRIB. 45 KILOS NAL,GLP,GLP,A.A.V.V. GAS S.R.L.,1800.0
2026-09-05,Distrito Comercial La Paz,GLP DISTRIB. 10 KILOS NAL,GLP,GLP,SANDRA CALLIZAYA CH. - DIST. GLP OMASUYOS,9000.0
2026-09-05,Distrito Comercial La Paz,GLP DISTRIB. 10 KILOS NAL,GLP,GLP,SANDRA CALLIZAYA CH. - DIST. GLP APOLOBAMBA,8000.0
2026-09-05,Distrito Comercial La Paz,GLP DISTRIB. 10 KILOS NAL,GLP,GLP,SAN JUDAS TADEO SOCIEDAD DE RESPONSABILIDAD LIMITADA,15000.0
2026-09-05,Distrito Comercial La Paz,GLP DISTRIB. 10 KILOS NAL,GLP,GLP,ISABEL DURAN DE ITURRI - DIST. GLP DURA GAS,15000.0
2026-09-05,Distrito Comercial La Paz,GLP DISTRIB. 10 KILOS NAL,GLP,GLP,GMGRECO GAS SOCIEDAD DE RESPONSABILIDAD LIMITADA,15000.0
2026-09-05,Distrito Comercial La Paz,GLP DISTRIB. 10 KILOS NAL,GLP,GLP,DIST. GLP. VIAGAS,21600.0
2026-09-05,Distrito Comercial La Paz,GLP DISTRIB. 10 KILOS NAL,GLP,GLP,DIST. GLP. TRIPETROL S.R.L.,15000.0
2026-09-05,Distrito Comercial La Paz,GLP DISTRIB. 10 KILOS NAL,GLP,GLP,DIST. GLP. SOCIEDAD PETROLERA SANTA ELENA S.R.L. (SOPESE S.R.L.),15000.0
2026-09-05,Distrito Comercial La Paz,GLP DISTRIB. 10 KILOS NAL,GLP,GLP,DIST. GLP. SAMO S.A.,27000.0
2026-09-05,Distrito Comercial La Paz,GLP DISTRIB. 10 KILOS NAL,GLP,GLP,DIST. GLP. PROGAS S.R.L.,15000.0
2026-09-05,Distrito Comercial La Paz,GLP DISTRIB. 10 KILOS NAL,GLP,GLP,DIST. GLP. ESMERALDA GAS SRL.,15000.0
2026-09-05,Distrito Comercial La Paz,GLP DISTRIB. 10 KILOS NAL,GLP,GLP,DIST. GLP HERMANAS DURAN AGUILAR - MARLENE F. DURAN AGUILAR,8000.0
2026-09-05,Distrito Comercial La Paz,GLP DISTRIB. 10 KILOS NAL,GLP,GLP,A.A.V.V. GAS S.R.L.,15000.0
2026-09-05,Distrito Comercial La Paz,GASOLINA ESPECIAL + EESS,Gasolina Especial +,GASOLINA_ESPECIAL_MAS,SILVIA TORREZ.- EST. SERV. TORREZ,22000.0
2026-09-05,Distrito Comercial La Paz,GASOLINA ESPECIAL + EESS,Gasolina Especial +,GASOLINA_ESPECIAL_MAS,SANTA ROSA PERLA DEL BENI S.R.L.,12000.0
2026-09-05,Distrito Comercial La Paz,GASOLINA ESPECIAL + EESS,Gasolina Especial +,GASOLINA_ESPECIAL_MAS,OFELIA PLATA P. - EST. SERV. DARTAÑAN,24000.0
2026-09-05,Distrito Comercial La Paz,GASOLINA ESPECIAL + EESS,Gasolina Especial +,GASOLINA_ESPECIAL_MAS,MARIO ALVAREZ M. EST. SERV. ALVAPETROL,18000.0
2026-09-05,Distrito Comercial La Paz,GASOLINA ESPECIAL + EESS,Gasolina Especial +,GASOLINA_ESPECIAL_MAS,IVAN MATIAS V. - EST. SERV. REYES MATIAS,12000.0
2026-09-05,Distrito Comercial La Paz,GASOLINA ESPECIAL + EESS,Gasolina Especial +,GASOLINA_ESPECIAL_MAS,ESTACION DE SERVICIO MEJIA S.R.L.,22000.0
2026-09-05,Distrito Comercial La Paz,GASOLINA ESPECIAL + EESS,Gasolina Especial +,GASOLINA_ESPECIAL_MAS,ESTACION DE SERVICIO HUANCANE Y TRANSPORTE S.R.L.,20000.0
2026-09-05,Distrito Comercial La Paz,GASOLINA ESPECIAL + EESS,Gasolina Especial +,GASOLINA_ESPECIAL_MAS,ESTACION DE SERVICIO ESPIGA DE ORO S.R.L.,12000.0
2026-09-05,Distrito Comercial La Paz,GASOLINA ESPECIAL + EESS,Gasolina Especial +,GASOLINA_ESPECIAL_MAS,EST. SERV. RIO MANIQUI - FATIMA FORERO B.,22000.0
2026-09-05,Distrito Comercial La Paz,GASOLINA ESPECIAL + EESS,Gasolina Especial +,GASOLINA_ESPECIAL_MAS,EST. SERV. NETANEL,12000.0
2026-09-05,Distrito Comercial La Paz,GASOLINA ESPECIAL + EESS,Gasolina Especial +,GASOLINA_ESPECIAL_MAS,EST. SERV. IRIARTE SAN BORJA,12000.0
2026-09-05,Distrito Comercial La Paz,GASOLINA ESPECIAL + EESS,Gasolina Especial +,GASOLINA_ESPECIAL_MAS,EST. SERV. GASOLCAMP S.R.L.,22000.0
2026-09-05,Distrito Comercial La Paz,GASOLINA ESPECIAL + EESS,Gasolina Especial +,GASOLINA_ESPECIAL_MAS,EST. SERV. FLOR DE CAÑA S.R.L.,22000.0
2026-09-05,Distrito Comercial La Paz,GASOLINA ESPECIAL + EESS,Gasolina Especial +,GASOLINA_ESPECIAL_MAS,EST. SERV. BALLIVIAN,12000.0
2026-09-05,Distrito Comercial La Paz,GASOLINA ESPECIAL + EESS,Gasolina Especial +,GASOLINA_ESPECIAL_MAS,CLEMENTINA FANNY MAMANI MORALES - EST. SERV. LAHUACHACA Y DISTRIBUCION DE GLP,20000.0
2026-09-05,Distrito Comercial La Paz,GASOLINA ESPECIAL + (S/DSI),Gasolina Especial +,GASOLINA_ESPECIAL_MAS,PATRICIA QUIROZ SIRPA - PUESTO DE VENTA PATTY,22000.0
2026-09-05,Distrito Comercial La Paz,GASOLINA ESPECIAL + (S/DSI),Gasolina Especial +,GASOLINA_ESPECIAL_MAS,NEW PETROL BOLIVIA SUCURSAL 2,24000.0
2026-09-05,Distrito Comercial La Paz,GASOLINA ESPECIAL + (S/DSI),Gasolina Especial +,GASOLINA_ESPECIAL_MAS,MARIANA J. CAMACHO RAMIREZ - PUESTO DE VENTA MIMARBOZO,12000.0
2026-09-05,Distrito Comercial La Paz,GASOLINA ESPECIAL + (S/DSI),Gasolina Especial +,GASOLINA_ESPECIAL_MAS,"EMPRESA COMERCIALIZADORA, DISTRIBUIDORA DE SERVICIOS Y CARBURANTES ARUZCA MORALES S.R.L.",20000.0
2026-09-05,Distrito Comercial La Paz,GASOLINA ESPECIAL + (S/DSI),Gasolina Especial +,GASOLINA_ESPECIAL_MAS,EFRAIN LOPEZ LUCANA,20000.0
2026-09-05,Distrito Comercial La Paz,GASOLINA ESPECIAL + (S/DSI),Gasolina Especial +,GASOLINA_ESPECIAL_MAS,ZURSIL S.R.L. - E.S.T.,18000.0
2026-09-05,Distrito Comercial La Paz,GASOLINA ESPECIAL + (S/DSI),Gasolina Especial +,GASOLINA_ESPECIAL_MAS,MARIA PATZI-EST. SERV. VARELA,20000.0
2026-09-05,Distrito Comercial La Paz,GASOLINA ESPECIAL + (S/DSI),Gasolina Especial +,GASOLINA_ESPECIAL_MAS,GRUPO EMPRESARIAL VIRGEN DE LOS ALAMOS S.R.L.,24000.0
2026-09-05,Distrito Comercial La Paz,GASOLINA ESPECIAL + (S/DSI),Gasolina Especial +,GASOLINA_ESPECIAL_MAS,GREGORIO CUENTAS M. EST. SERV. DRAGON DE ORO,24000.0
2026-09-05,Distrito Comercial La Paz,GASOLINA ESPECIAL + (S/DSI),Gasolina Especial +,GASOLINA_ESPECIAL_MAS,GAS SAN FELIPE S.R.L.,24000.0
2026-09-05,Distrito Comercial La Paz,GASOLINA ESPECIAL + (S/DSI),Gasolina Especial +,GASOLINA_ESPECIAL_MAS,ESTACIÓN DE SERVICIO LAS ROSAS S.R.L.,20000.0
2026-09-05,Distrito Comercial La Paz,GASOLINA ESPECIAL + (S/DSI),Gasolina Especial +,GASOLINA_ESPECIAL_MAS,ESTACIÓN DE SERVICIO ALIMARC INTER GAS BOLIVIA S.R.L.,18000.0
2026-09-05,Distrito Comercial La Paz,GASOLINA ESPECIAL + (S/DSI),Gasolina Especial +,GASOLINA_ESPECIAL_MAS,ESTACION DE SERVICIOS NIMAGASBOL S.R.L.,12000.0
2026-09-05,Distrito Comercial La Paz,GASOLINA ESPECIAL + (S/DSI),Gasolina Especial +,GASOLINA_ESPECIAL_MAS,ESTACION DE SERVICIO ZOFRI S.R.L.,18000.0
2026-09-05,Distrito Comercial La Paz,GASOLINA ESPECIAL + (S/DSI),Gasolina Especial +,GASOLINA_ESPECIAL_MAS,ESTACION DE SERVICIO TERRAGAS LTDA,24000.0
2026-09-05,Distrito Comercial La Paz,GASOLINA ESPECIAL + (S/DSI),Gasolina Especial +,GASOLINA_ESPECIAL_MAS,ESTACION DE SERVICIO TEJADA TRIANGULAR,24000.0
2026-09-05,Distrito Comercial La Paz,GASOLINA ESPECIAL + (S/DSI),Gasolina Especial +,GASOLINA_ESPECIAL_MAS,ESTACION DE SERVICIO SEÑOR DE MAYO S.R.L.,24000.0
2026-09-05,Distrito Comercial La Paz,GASOLINA ESPECIAL + (S/DSI),Gasolina Especial +,GASOLINA_ESPECIAL_MAS,ESTACION DE SERVICIO SAN SEBASTIAN S.R.L.,18000.0
2026-09-05,Distrito Comercial La Paz,GASOLINA ESPECIAL + (S/DSI),Gasolina Especial +,GASOLINA_ESPECIAL_MAS,ESTACION DE SERVICIO LOZA - MARCELINA AGUIRRE VDA. DE LOZA,24000.0
2026-09-05,Distrito Comercial La Paz,GASOLINA ESPECIAL + (S/DSI),Gasolina Especial +,GASOLINA_ESPECIAL_MAS,ESTACION DE SERVICIO LOS ROSALES,24000.0
2026-09-05,Distrito Comercial La Paz,GASOLINA ESPECIAL + (S/DSI),Gasolina Especial +,GASOLINA_ESPECIAL_MAS,ESTACION DE SERVICIO KORY INTI S.R.L.,12000.0
2026-09-05,Distrito Comercial La Paz,GASOLINA ESPECIAL + (S/DSI),Gasolina Especial +,GASOLINA_ESPECIAL_MAS,ESTACION DE SERVICIO KANTUTA S.R.L.,36000.0
2026-09-05,Distrito Comercial La Paz,GASOLINA ESPECIAL + (S/DSI),Gasolina Especial +,GASOLINA_ESPECIAL_MAS,ESTACION DE SERVICIO JACHA INTI S.R.L.,24000.0
2026-09-05,Distrito Comercial La Paz,GASOLINA ESPECIAL + (S/DSI),Gasolina Especial +,GASOLINA_ESPECIAL_MAS,ESTACION DE SERVICIO FULL TANK S.R.L.,18000.0
2026-09-05,Distrito Comercial La Paz,GASOLINA ESPECIAL + (S/DSI),Gasolina Especial +,GASOLINA_ESPECIAL_MAS,ESTACION DE SERVICIO CALUYO S.R.L.,20000.0
2026-09-05,Distrito Comercial La Paz,GASOLINA ESPECIAL + (S/DSI),Gasolina Especial +,GASOLINA_ESPECIAL_MAS,ESTACION DE SERVICIO C. REDENTOR S.R.L.,18000.0
2026-09-05,Distrito Comercial La Paz,GASOLINA ESPECIAL + (S/DSI),Gasolina Especial +,GASOLINA_ESPECIAL_MAS,EST. SERV. YUPANQUI,20000.0
2026-09-05,Distrito Comercial La Paz,GASOLINA ESPECIAL + (S/DSI),Gasolina Especial +,GASOLINA_ESPECIAL_MAS,EST. SERV. VOLCAN S.R.L.,48000.0
2026-09-05,Distrito Comercial La Paz,GASOLINA ESPECIAL + (S/DSI),Gasolina Especial +,GASOLINA_ESPECIAL_MAS,EST. SERV. TEXAS S.R.L.,24000.0
2026-09-05,Distrito Comercial La Paz,GASOLINA ESPECIAL + (S/DSI),Gasolina Especial +,GASOLINA_ESPECIAL_MAS,EST. SERV. SURTIDORES UNITOURS LTDA.,12000.0
2026-09-05,Distrito Comercial La Paz,GASOLINA ESPECIAL + (S/DSI),Gasolina Especial +,GASOLINA_ESPECIAL_MAS,EST. SERV. SOC. IND. COM. G.L.P.H. LTDA,24000.0
2026-09-05,Distrito Comercial La Paz,GASOLINA ESPECIAL + (S/DSI),Gasolina Especial +,GASOLINA_ESPECIAL_MAS,EST. SERV. SIEMPRE A FULL MIRAFLORES S.R.L. (SAF),36000.0
2026-09-05,Distrito Comercial La Paz,GASOLINA ESPECIAL + (S/DSI),Gasolina Especial +,GASOLINA_ESPECIAL_MAS,EST. SERV. SAN PABLO VILLA BOLIVAR S.R.L.,24000.0
2026-09-05,Distrito Comercial La Paz,GASOLINA ESPECIAL + (S/DSI),Gasolina Especial +,GASOLINA_ESPECIAL_MAS,EST. SERV. SALIDA LTDA,20000.0
2026-09-05,Distrito Comercial La Paz,GASOLINA ESPECIAL + (S/DSI),Gasolina Especial +,GASOLINA_ESPECIAL_MAS,EST. SERV. RACING GAS S.R.L.,24000.0
2026-09-05,Distrito Comercial La Paz,GASOLINA ESPECIAL + (S/DSI),Gasolina Especial +,GASOLINA_ESPECIAL_MAS,EST. SERV. QHANTATI SRL.,24000.0
2026-09-05,Distrito Comercial La Paz,GASOLINA ESPECIAL + (S/DSI),Gasolina Especial +,GASOLINA_ESPECIAL_MAS,EST. SERV. PLAYA VERDE,24000.0
2026-09-05,Distrito Comercial La Paz,GASOLINA ESPECIAL + (S/DSI),Gasolina Especial +,GASOLINA_ESPECIAL_MAS,EST. SERV. PEREZ ROCHA SRL.,24000.0
2026-09-05,Distrito Comercial La Paz,GASOLINA ESPECIAL + (S/DSI),Gasolina Especial +,GASOLINA_ESPECIAL_MAS,EST. SERV. MOTORECO SRL.,36000.0
2026-09-05,Distrito Comercial La Paz,GASOLINA ESPECIAL + (S/DSI),Gasolina Especial +,GASOLINA_ESPECIAL_MAS,EST. SERV. MARANATHA,24000.0
2026-09-05,Distrito Comercial La Paz,GASOLINA ESPECIAL + (S/DSI),Gasolina Especial +,GASOLINA_ESPECIAL_MAS,EST. SERV. M&G CAMINO REAL,24000.0
2026-09-05,Distrito Comercial La Paz,GASOLINA ESPECIAL + (S/DSI),Gasolina Especial +,GASOLINA_ESPECIAL_MAS,EST. SERV. LUBRICAN SRL,24000.0
2026-09-05,Distrito Comercial La Paz,GASOLINA ESPECIAL + (S/DSI),Gasolina Especial +,GASOLINA_ESPECIAL_MAS,EST. SERV. LAREDO SRL,18000.0
2026-09-05,Distrito Comercial La Paz,GASOLINA ESPECIAL + (S/DSI),Gasolina Especial +,GASOLINA_ESPECIAL_MAS,EST. SERV. JAIMES FREYRE,24000.0
2026-09-05,Distrito Comercial La Paz,GASOLINA ESPECIAL + (S/DSI),Gasolina Especial +,GASOLINA_ESPECIAL_MAS,EST. SERV. INTEROCEANICO,24000.0
2026-09-05,Distrito Comercial La Paz,GASOLINA ESPECIAL + (S/DSI),Gasolina Especial +,GASOLINA_ESPECIAL_MAS,EST. SERV. ILLIMANI S.R.L.,20000.0
2026-09-05,Distrito Comercial La Paz,GASOLINA ESPECIAL + (S/DSI),Gasolina Especial +,GASOLINA_ESPECIAL_MAS,EST. SERV. GAS-MAY S.R.L.,24000.0
2026-09-05,Distrito Comercial La Paz,GASOLINA ESPECIAL + (S/DSI),Gasolina Especial +,GASOLINA_ESPECIAL_MAS,EST. SERV. GAS CENTRO S.R.L.,20000.0
2026-09-05,Distrito Comercial La Paz,GASOLINA ESPECIAL + (S/DSI),Gasolina Especial +,GASOLINA_ESPECIAL_MAS,EST. SERV. GALAXIA S.R.L.,18000.0
2026-09-05,Distrito Comercial La Paz,GASOLINA ESPECIAL + (S/DSI),Gasolina Especial +,GASOLINA_ESPECIAL_MAS,EST. SERV. EMP. COM. HID. TUPAC KATARI S.R.L.,48000.0
2026-09-05,Distrito Comercial La Paz,GASOLINA ESPECIAL + (S/DSI),Gasolina Especial +,GASOLINA_ESPECIAL_MAS,EST. SERV. EL PARAISO SRL.,24000.0
2026-09-05,Distrito Comercial La Paz,GASOLINA ESPECIAL + (S/DSI),Gasolina Especial +,GASOLINA_ESPECIAL_MAS,EST. SERV. CUENTAS SAN PABLO II S.R.L.,24000.0
2026-09-05,Distrito Comercial La Paz,GASOLINA ESPECIAL + (S/DSI),Gasolina Especial +,GASOLINA_ESPECIAL_MAS,EST. SERV. CRISTO AUTO GAS SRL.,24000.0
2026-09-05,Distrito Comercial La Paz,GASOLINA ESPECIAL + (S/DSI),Gasolina Especial +,GASOLINA_ESPECIAL_MAS,EST. SERV. COSTANERA SRL.,24000.0
2026-09-05,Distrito Comercial La Paz,GASOLINA ESPECIAL + (S/DSI),Gasolina Especial +,GASOLINA_ESPECIAL_MAS,EST. SERV. CHUSAMARCA,12000.0
2026-09-05,Distrito Comercial La Paz,GASOLINA ESPECIAL + (S/DSI),Gasolina Especial +,GASOLINA_ESPECIAL_MAS,EST. SERV. CHASQUIPAMPA S.R.L.,24000.0
2026-09-05,Distrito Comercial La Paz,GASOLINA ESPECIAL + (S/DSI),Gasolina Especial +,GASOLINA_ESPECIAL_MAS,EST. SERV. CHALY,12000.0
2026-09-05,Distrito Comercial La Paz,GASOLINA ESPECIAL + (S/DSI),Gasolina Especial +,GASOLINA_ESPECIAL_MAS,EST. SERV. CARSUR S.R.L.,36000.0
2026-09-05,Distrito Comercial La Paz,GASOLINA ESPECIAL + (S/DSI),Gasolina Especial +,GASOLINA_ESPECIAL_MAS,EST. SERV. CANDELARIA,18000.0
2026-09-05,Distrito Comercial La Paz,GASOLINA ESPECIAL + (S/DSI),Gasolina Especial +,GASOLINA_ESPECIAL_MAS,EST. SERV. BOLIVIA ZURSIL S.R.L.,12000.0
2026-09-05,Distrito Comercial La Paz,GASOLINA ESPECIAL + (S/DSI),Gasolina Especial +,GASOLINA_ESPECIAL_MAS,EST. SERV. BASSAM LTDA,24000.0
2026-09-05,Distrito Comercial La Paz,GASOLINA ESPECIAL + (S/DSI),Gasolina Especial +,GASOLINA_ESPECIAL_MAS,EST. SERV. APOSTOL SANTIAGO,20000.0
2026-09-05,Distrito Comercial La Paz,GASOLINA ESPECIAL + (S/DSI),Gasolina Especial +,GASOLINA_ESPECIAL_MAS,EST. SERV. ALTO LIMA S.R.L.,20000.0
2026-09-05,Distrito Comercial La Paz,GASOLINA ESPECIAL + (S/DSI),Gasolina Especial +,GASOLINA_ESPECIAL_MAS,EST. SERV. ACB SAN JORGE,24000.0
2026-09-05,Distrito Comercial La Paz,GASOLINA ESPECIAL + (S/DSI),Gasolina Especial +,GASOLINA_ESPECIAL_MAS,EST. SERV. ACB CALACOTO,24000.0
2026-09-05,Distrito Comercial La Paz,GASOLINA ESPECIAL + (S/DSI),Gasolina Especial +,GASOLINA_ESPECIAL_MAS,EST. SERV. 6 DE MARZO,12000.0
2026-09-05,Distrito Comercial La Paz,GASOLINA ESPECIAL + (S/DSI),Gasolina Especial +,GASOLINA_ESPECIAL_MAS,ELSA CHIPANA H. - EST. SERV. ECOPETROL,18000.0
2026-09-05,Distrito Comercial La Paz,GASOLINA ESPECIAL + (S/DSI),Gasolina Especial +,GASOLINA_ESPECIAL_MAS,ELDA S. AGUILAR V. - EST. SERV. JUAN PABLO II,24000.0
2026-09-05,Distrito Comercial La Paz,GASOLINA ESPECIAL + (S/DSI),Gasolina Especial +,GASOLINA_ESPECIAL_MAS,DISTRIBUIDORA DE GASOLINA Y LUBRICANTES SAN PABLO S.R.L.,24000.0
2026-09-05,Distrito Comercial La Paz,DIESEL OIL NACIONAL EESS,Diesel Oil Nacional,DIESEL_NACIONAL,SILVIA TORREZ.- EST. SERV. TORREZ,20000.0
2026-09-05,Distrito Comercial La Paz,DIESEL OIL NACIONAL EESS,Diesel Oil Nacional,DIESEL_NACIONAL,SANTA ROSA PERLA DEL BENI S.R.L.,12000.0
2026-09-05,Distrito Comercial La Paz,DIESEL OIL NACIONAL EESS,Diesel Oil Nacional,DIESEL_NACIONAL,PANAMERICANA INTERNACIONAL S.R.L. PAINTER S.R.L.,20000.0
2026-09-05,Distrito Comercial La Paz,DIESEL OIL NACIONAL EESS,Diesel Oil Nacional,DIESEL_NACIONAL,IVAN MATIAS V. - EST. SERV. REYES MATIAS,12000.0
2026-09-05,Distrito Comercial La Paz,DIESEL OIL NACIONAL EESS,Diesel Oil Nacional,DIESEL_NACIONAL,FREDY LIMACHI CHALLCO - EST. SERV. DON LEO,12000.0
2026-09-05,Distrito Comercial La Paz,DIESEL OIL NACIONAL EESS,Diesel Oil Nacional,DIESEL_NACIONAL,ESTACION DE SERVICIOS YARA S.R.L.,20000.0
2026-09-05,Distrito Comercial La Paz,DIESEL OIL NACIONAL EESS,Diesel Oil Nacional,DIESEL_NACIONAL,ESTACION DE SERVICIO TEOPONTE S.R.L.,20000.0
2026-09-05,Distrito Comercial La Paz,DIESEL OIL NACIONAL EESS,Diesel Oil Nacional,DIESEL_NACIONAL,ESTACION DE SERVICIO GERENCIA AYMARA S.R.L.,20000.0
2026-09-05,Distrito Comercial La Paz,DIESEL OIL NACIONAL EESS,Diesel Oil Nacional,DIESEL_NACIONAL,ESTACION DE SERVICIO GASOLINERA CRUCE DE ORO S.R.L.,20000.0
2026-09-05,Distrito Comercial La Paz,DIESEL OIL NACIONAL EESS,Diesel Oil Nacional,DIESEL_NACIONAL,ESTACION DE SERVICIO ESPIGA DE ORO S.R.L.,12000.0
2026-09-05,Distrito Comercial La Paz,DIESEL OIL NACIONAL EESS,Diesel Oil Nacional,DIESEL_NACIONAL,EST. SERV. RIO MANIQUI - FATIMA FORERO B.,12000.0
2026-09-05,Distrito Comercial La Paz,DIESEL OIL NACIONAL EESS,Diesel Oil Nacional,DIESEL_NACIONAL,EST. SERV. NETANEL,12000.0
2026-09-05,Distrito Comercial La Paz,DIESEL OIL NACIONAL EESS,Diesel Oil Nacional,DIESEL_NACIONAL,EST. SERV. IRIARTE SAN BORJA,12000.0
2026-09-05,Distrito Comercial La Paz,DIESEL OIL NACIONAL EESS,Diesel Oil Nacional,DIESEL_NACIONAL,EST. SERV. GASOLCAMP S.R.L.,24000.0
2026-09-05,Distrito Comercial La Paz,DIESEL OIL NACIONAL EESS,Diesel Oil Nacional,DIESEL_NACIONAL,EST. SERV. CARBURANTES SAN MIGUEL,20000.0
2026-09-05,Distrito Comercial La Paz,DIESEL OIL NACIONAL EESS,Diesel Oil Nacional,DIESEL_NACIONAL,EST. SERV. BALLIVIAN,12000.0
2026-09-05,Distrito Comercial La Paz,DIESEL OIL NACIONAL EESS,Diesel Oil Nacional,DIESEL_NACIONAL,EST. SERV. ACHACACHI S.R.L.,20000.0
2026-09-05,Distrito Comercial La Paz,DIESEL OIL IMPORTADO EESS,Diesel Oil Importado,DIESEL_IMPORTADO,NEW PETROL BOLIVIA SUCURSAL 2,24000.0
2026-09-05,Distrito Comercial La Paz,DIESEL OIL IMPORTADO EESS,Diesel Oil Importado,DIESEL_IMPORTADO,MARIANA J. CAMACHO RAMIREZ - PUESTO DE VENTA MIMARBOZO,12000.0
2026-09-05,Distrito Comercial La Paz,DIESEL OIL IMPORTADO EESS,Diesel Oil Importado,DIESEL_IMPORTADO,"EMPRESA COMERCIALIZADORA, DISTRIBUIDORA DE SERVICIOS Y CARBURANTES ARUZCA MORALES S.R.L.",20000.0
2026-09-05,Distrito Comercial La Paz,DIESEL OIL IMPORTADO EESS,Diesel Oil Importado,DIESEL_IMPORTADO,CHOROPAMPA S.R.L.,24000.0
2026-09-05,Distrito Comercial La Paz,DIESEL OIL IMPORTADO EESS,Diesel Oil Importado,DIESEL_IMPORTADO,ZURSIL S.R.L. - E.S.T.,36000.0
2026-09-05,Distrito Comercial La Paz,DIESEL OIL IMPORTADO EESS,Diesel Oil Importado,DIESEL_IMPORTADO,MARIA PATZI-EST. SERV. VARELA,20000.0
2026-09-05,Distrito Comercial La Paz,DIESEL OIL IMPORTADO EESS,Diesel Oil Importado,DIESEL_IMPORTADO,GREGORIO CUENTAS M. EST. SERV. DRAGON DE ORO,12000.0
2026-09-05,Distrito Comercial La Paz,DIESEL OIL IMPORTADO EESS,Diesel Oil Importado,DIESEL_IMPORTADO,GAS SAN FELIPE S.R.L.,20000.0
2026-09-05,Distrito Comercial La Paz,DIESEL OIL IMPORTADO EESS,Diesel Oil Importado,DIESEL_IMPORTADO,ESTACIÓN DE SERVICIO LAS ROSAS S.R.L.,18000.0
2026-09-05,Distrito Comercial La Paz,DIESEL OIL IMPORTADO EESS,Diesel Oil Importado,DIESEL_IMPORTADO,ESTACIÓN DE SERVICIO ALIMARC INTER GAS BOLIVIA S.R.L.,36000.0
2026-09-05,Distrito Comercial La Paz,DIESEL OIL IMPORTADO EESS,Diesel Oil Importado,DIESEL_IMPORTADO,ESTACION DE SERVICIOS NIMAGASBOL S.R.L.,36000.0
2026-09-05,Distrito Comercial La Paz,DIESEL OIL IMPORTADO EESS,Diesel Oil Importado,DIESEL_IMPORTADO,ESTACION DE SERVICIO ZOFRI S.R.L.,36000.0
2026-09-05,Distrito Comercial La Paz,DIESEL OIL IMPORTADO EESS,Diesel Oil Importado,DIESEL_IMPORTADO,ESTACION DE SERVICIO TEJADA TRIANGULAR,18000.0
2026-09-05,Distrito Comercial La Paz,DIESEL OIL IMPORTADO EESS,Diesel Oil Importado,DIESEL_IMPORTADO,ESTACION DE SERVICIO SEÑOR DE MAYO S.R.L.,20000.0
2026-09-05,Distrito Comercial La Paz,DIESEL OIL IMPORTADO EESS,Diesel Oil Importado,DIESEL_IMPORTADO,ESTACION DE SERVICIO SAN SEBASTIAN S.R.L.,36000.0
2026-09-05,Distrito Comercial La Paz,DIESEL OIL IMPORTADO EESS,Diesel Oil Importado,DIESEL_IMPORTADO,ESTACION DE SERVICIO LOS ROSALES,24000.0
2026-09-05,Distrito Comercial La Paz,DIESEL OIL IMPORTADO EESS,Diesel Oil Importado,DIESEL_IMPORTADO,ESTACION DE SERVICIO FULL TANK S.R.L.,20000.0
2026-09-05,Distrito Comercial La Paz,DIESEL OIL IMPORTADO EESS,Diesel Oil Importado,DIESEL_IMPORTADO,ESTACION DE SERVICIO CHALLAPAMPA S.R.L.,12000.0
2026-09-05,Distrito Comercial La Paz,DIESEL OIL IMPORTADO EESS,Diesel Oil Importado,DIESEL_IMPORTADO,ESTACION DE SERVICIO CALUYO S.R.L.,24000.0
2026-09-05,Distrito Comercial La Paz,DIESEL OIL IMPORTADO EESS,Diesel Oil Importado,DIESEL_IMPORTADO,ESTACION DE SERVICIO C. REDENTOR S.R.L.,36000.0
2026-09-05,Distrito Comercial La Paz,DIESEL OIL IMPORTADO EESS,Diesel Oil Importado,DIESEL_IMPORTADO,EST. SERV. VOLCAN S.R.L.,24000.0
2026-09-05,Distrito Comercial La Paz,DIESEL OIL IMPORTADO EESS,Diesel Oil Importado,DIESEL_IMPORTADO,EST. SERV. TEXAS S.R.L.,12000.0
2026-09-05,Distrito Comercial La Paz,DIESEL OIL IMPORTADO EESS,Diesel Oil Importado,DIESEL_IMPORTADO,EST. SERV. SAN PABLO VILLA BOLIVAR S.R.L.,24000.0
2026-09-05,Distrito Comercial La Paz,DIESEL OIL IMPORTADO EESS,Diesel Oil Importado,DIESEL_IMPORTADO,EST. SERV. QHANTATI SRL.,24000.0
2026-09-05,Distrito Comercial La Paz,DIESEL OIL IMPORTADO EESS,Diesel Oil Importado,DIESEL_IMPORTADO,EST. SERV. PLAYA VERDE,24000.0
2026-09-05,Distrito Comercial La Paz,DIESEL OIL IMPORTADO EESS,Diesel Oil Importado,DIESEL_IMPORTADO,EST. SERV. PEREZ ROCHA SRL.,20000.0
2026-09-05,Distrito Comercial La Paz,DIESEL OIL IMPORTADO EESS,Diesel Oil Importado,DIESEL_IMPORTADO,EST. SERV. M&G CAMINO REAL,20000.0
2026-09-05,Distrito Comercial La Paz,DIESEL OIL IMPORTADO EESS,Diesel Oil Importado,DIESEL_IMPORTADO,EST. SERV. LOS ANDES SRL,14000.0
2026-09-05,Distrito Comercial La Paz,DIESEL OIL IMPORTADO EESS,Diesel Oil Importado,DIESEL_IMPORTADO,EST. SERV. LAREDO SRL,36000.0
2026-09-05,Distrito Comercial La Paz,DIESEL OIL IMPORTADO EESS,Diesel Oil Importado,DIESEL_IMPORTADO,EST. SERV. INTEROCEANICO,20000.0
2026-09-05,Distrito Comercial La Paz,DIESEL OIL IMPORTADO EESS,Diesel Oil Importado,DIESEL_IMPORTADO,EST. SERV. ILLIMANI S.R.L.,24000.0
2026-09-05,Distrito Comercial La Paz,DIESEL OIL IMPORTADO EESS,Diesel Oil Importado,DIESEL_IMPORTADO,EST. SERV. GAS-MAY S.R.L.,20000.0
2026-09-05,Distrito Comercial La Paz,DIESEL OIL IMPORTADO EESS,Diesel Oil Importado,DIESEL_IMPORTADO,EST. SERV. GALAXIA S.R.L.,20000.0
2026-09-05,Distrito Comercial La Paz,DIESEL OIL IMPORTADO EESS,Diesel Oil Importado,DIESEL_IMPORTADO,EST. SERV. ESUR GHS LTDA.,12000.0
2026-09-05,Distrito Comercial La Paz,DIESEL OIL IMPORTADO EESS,Diesel Oil Importado,DIESEL_IMPORTADO,EST. SERV. EL PARAISO SRL.,20000.0
2026-09-05,Distrito Comercial La Paz,DIESEL OIL IMPORTADO EESS,Diesel Oil Importado,DIESEL_IMPORTADO,EST. SERV. EDUARDO YUPANQUI,18000.0
2026-09-05,Distrito Comercial La Paz,DIESEL OIL IMPORTADO EESS,Diesel Oil Importado,DIESEL_IMPORTADO,EST. SERV. CUENTAS SAN PABLO II S.R.L.,20000.0
2026-09-05,Distrito Comercial La Paz,DIESEL OIL IMPORTADO EESS,Diesel Oil Importado,DIESEL_IMPORTADO,EST. SERV. CHUSAMARCA,20000.0
2026-09-05,Distrito Comercial La Paz,DIESEL OIL IMPORTADO EESS,Diesel Oil Importado,DIESEL_IMPORTADO,EST. SERV. CHASQUIPAMPA S.R.L.,18000.0
2026-09-05,Distrito Comercial La Paz,DIESEL OIL IMPORTADO EESS,Diesel Oil Importado,DIESEL_IMPORTADO,EST. SERV. CANDELARIA,36000.0
2026-09-05,Distrito Comercial La Paz,DIESEL OIL IMPORTADO EESS,Diesel Oil Importado,DIESEL_IMPORTADO,EST. SERV. BOLIVIA ZURSIL S.R.L.,12000.0
2026-09-05,Distrito Comercial La Paz,DIESEL OIL IMPORTADO EESS,Diesel Oil Importado,DIESEL_IMPORTADO,EST. SERV. BASSAM LTDA,20000.0
2026-09-05,Distrito Comercial La Paz,DIESEL OIL IMPORTADO EESS,Diesel Oil Importado,DIESEL_IMPORTADO,EST. SERV. APOSTOL SANTIAGO,24000.0
2026-09-05,Distrito Comercial La Paz,DIESEL OIL IMPORTADO EESS,Diesel Oil Importado,DIESEL_IMPORTADO,EST. SERV. ALTO LIMA S.R.L.,12000.0
2026-09-05,Distrito Comercial La Paz,DIESEL OIL IMPORTADO EESS,Diesel Oil Importado,DIESEL_IMPORTADO,EST. SERV. 6 DE MARZO,36000.0
2026-09-05,Distrito Comercial La Paz,DIESEL OIL IMPORTADO EESS,Diesel Oil Importado,DIESEL_IMPORTADO,ELSA CHIPANA H. - EST. SERV. ECOPETROL,36000.0
2026-09-05,Distrito Comercial La Paz,DIESEL OIL IMPORTADO EESS,Diesel Oil Importado,DIESEL_IMPORTADO,ELDA S. AGUILAR V. - EST. SERV. JUAN PABLO II,24000.0
2026-09-05,Distrito Comercial La Paz,DIESEL OIL IMPORTADO EESS,Diesel Oil Importado,DIESEL_IMPORTADO,EDUARDO YUPANQUI Q.-EST. SERV. VENTILLA,20000.0
2026-09-05,Distrito Comercial La Paz,DIESEL OIL IMPORTADO EESS,Diesel Oil Importado,DIESEL_IMPORTADO,DISTRIBUIDORA DE GASOLINA Y LUBRICANTES SAN PABLO S.R.L.,12000.0
2026-09-04,Distrito Comercial La Paz,GLP DISTRIB. 45 KILOS NAL,GLP,GLP,SAN JUDAS TADEO SOCIEDAD DE RESPONSABILIDAD LIMITADA,2700.0
2026-09-04,Distrito Comercial La Paz,GLP DISTRIB. 45 KILOS NAL,GLP,GLP,DIST. GLP. SAMO S.A.,4500.0
2026-09-04,Distrito Comercial La Paz,GLP DISTRIB. 45 KILOS NAL,GLP,GLP,DIST. GLP. PROGAS S.R.L.,1800.0
2026-09-04,Distrito Comercial La Paz,GLP DISTRIB. 45 KILOS NAL,GLP,GLP,DIST. GLP. ESMERALDA GAS SRL.,1800.0
2026-09-04,Distrito Comercial La Paz,GLP DISTRIB. 45 KILOS NAL,GLP,GLP,A.A.V.V. GAS S.R.L.,2250.0
2026-09-04,Distrito Comercial La Paz,GLP DISTRIB. 10 KILOS NAL,GLP,GLP,SAN JUDAS TADEO SOCIEDAD DE RESPONSABILIDAD LIMITADA,25000.0
2026-09-04,Distrito Comercial La Paz,GLP DISTRIB. 10 KILOS NAL,GLP,GLP,ISABEL DURAN DE ITURRI - DIST. GLP DURA GAS,25000.0
2026-09-04,Distrito Comercial La Paz,GLP DISTRIB. 10 KILOS NAL,GLP,GLP,GMGRECO GAS SOCIEDAD DE RESPONSABILIDAD LIMITADA,25000.0
2026-09-04,Distrito Comercial La Paz,GLP DISTRIB. 10 KILOS NAL,GLP,GLP,GENARA CAPIA DE FERNANDEZ - DIST. GLP SEVERO FERNANDEZ CH.,12000.0
2026-09-04,Distrito Comercial La Paz,GLP DISTRIB. 10 KILOS NAL,GLP,GLP,EMPRESA DISTRIBUIDORA DE GAS LICUADO GLP LOS NIETOS S.R.L,9000.0
2026-09-04,Distrito Comercial La Paz,GLP DISTRIB. 10 KILOS NAL,GLP,GLP,DISTRIBUIDORA DE GLP SAN FRANCISCO -LUCIANO SILLO CONDORI S.R.L.,9000.0
2026-09-04,Distrito Comercial La Paz,GLP DISTRIB. 10 KILOS NAL,GLP,GLP,DISTRIBUIDORA DE GAS LICUADO ALEJANDRA S.R.L.,8840.0
2026-09-04,Distrito Comercial La Paz,GLP DISTRIB. 10 KILOS NAL,GLP,GLP,"DISTRIBUIDORA DE G.L.P. ""TIPUANI"" S.R.L.",8840.0
2026-09-04,Distrito Comercial La Paz,GLP DISTRIB. 10 KILOS NAL,GLP,GLP,DIST. GLP. VIAGAS,25000.0
2026-09-04,Distrito Comercial La Paz,GLP DISTRIB. 10 KILOS NAL,GLP,GLP,DIST. GLP. TRIPETROL S.R.L.,42200.0
2026-09-04,Distrito Comercial La Paz,GLP DISTRIB. 10 KILOS NAL,GLP,GLP,DIST. GLP. SOCIEDAD PETROLERA SANTA ELENA S.R.L. (SOPESE S.R.L.),30000.0
2026-09-04,Distrito Comercial La Paz,GLP DISTRIB. 10 KILOS NAL,GLP,GLP,DIST. GLP. SAN MIGUEL,8840.0
2026-09-04,Distrito Comercial La Paz,GLP DISTRIB. 10 KILOS NAL,GLP,GLP,DIST. GLP. SAMO S.A.,25000.0
2026-09-04,Distrito Comercial La Paz,GLP DISTRIB. 10 KILOS NAL,GLP,GLP,DIST. GLP. PROGAS S.R.L.,25000.0
2026-09-04,Distrito Comercial La Paz,GLP DISTRIB. 10 KILOS NAL,GLP,GLP,DIST. GLP. PEREZ,9000.0
2026-09-04,Distrito Comercial La Paz,GLP DISTRIB. 10 KILOS NAL,GLP,GLP,DIST. GLP. LA CALZADA-SUD YUNGAS,28050.0
2026-09-04,Distrito Comercial La Paz,GLP DISTRIB. 10 KILOS NAL,GLP,GLP,DIST. GLP. ESMERALDA GAS SRL.,25000.0
2026-09-04,Distrito Comercial La Paz,GLP DISTRIB. 10 KILOS NAL,GLP,GLP,DIST. GLP. DISANDES S.R.L.,6000.0
2026-09-04,Distrito Comercial La Paz,GLP DISTRIB. 10 KILOS NAL,GLP,GLP,DIST. GLP SORATA PERLA ANDINA S.R.L.,7500.0
2026-09-04,Distrito Comercial La Paz,GLP DISTRIB. 10 KILOS NAL,GLP,GLP,DIST. GLP PALOS BLANCOS - SDENKA PEREZ LARICO,9000.0
2026-09-04,Distrito Comercial La Paz,GLP DISTRIB. 10 KILOS NAL,GLP,GLP,DIST. GLP HERMANAS DURAN AGUILAR - MARLENE F. DURAN AGUILAR,13500.0
2026-09-04,Distrito Comercial La Paz,GLP DISTRIB. 10 KILOS NAL,GLP,GLP,DIST. GLP FLOR DEL NORTE S.R.L.,9000.0
2026-09-04,Distrito Comercial La Paz,GLP DISTRIB. 10 KILOS NAL,GLP,GLP,DIST. GLP CALEMQ S.R.L.,6000.0
2026-09-04,Distrito Comercial La Paz,GLP DISTRIB. 10 KILOS NAL,GLP,GLP,DIST. GLP ANGELES,18000.0
2026-09-04,Distrito Comercial La Paz,GLP DISTRIB. 10 KILOS NAL,GLP,GLP,AXEL GAS S.R.L.,6750.0
2026-09-04,Distrito Comercial La Paz,GLP DISTRIB. 10 KILOS NAL,GLP,GLP,ALEXSUS GAS S.R.L.,9000.0
2026-09-04,Distrito Comercial La Paz,GLP DISTRIB. 10 KILOS NAL,GLP,GLP,A.A.V.V. GAS S.R.L.,25000.0
2026-09-04,Distrito Comercial La Paz,GASOLINA ESPECIAL EESS,Gasolina Especial,GASOLINA_ESPECIAL,SOCIEDAD PERLA ANDINA S.R.L.,12000.0
2026-09-04,Distrito Comercial La Paz,GASOLINA ESPECIAL EESS,Gasolina Especial,GASOLINA_ESPECIAL,RACING GAS S.R.L. (SUC-1),12000.0
2026-09-04,Distrito Comercial La Paz,GASOLINA ESPECIAL EESS,Gasolina Especial,GASOLINA_ESPECIAL,MARIO ALVAREZ M. EST. SERV. ALVAPETROL,22000.0
2026-09-04,Distrito Comercial La Paz,GASOLINA ESPECIAL EESS,Gasolina Especial,GASOLINA_ESPECIAL,MARIA PATZI-EST. SERV. VARELA,20000.0
2026-09-04,Distrito Comercial La Paz,GASOLINA ESPECIAL EESS,Gasolina Especial,GASOLINA_ESPECIAL,ESTACIÓN DE SERVICIO KONANI S.R.L.,22000.0
2026-09-04,Distrito Comercial La Paz,GASOLINA ESPECIAL EESS,Gasolina Especial,GASOLINA_ESPECIAL,ESTACION DE SERVICIOS YARA S.R.L.,22000.0
2026-09-04,Distrito Comercial La Paz,GASOLINA ESPECIAL EESS,Gasolina Especial,GASOLINA_ESPECIAL,ESTACION DE SERVICIO SAYHOGAS S.R.L.,22000.0
2026-09-04,Distrito Comercial La Paz,GASOLINA ESPECIAL EESS,Gasolina Especial,GASOLINA_ESPECIAL,ESTACION DE SERVICIO PETROMAPIRI S.R.L.,22000.0
2026-09-04,Distrito Comercial La Paz,GASOLINA ESPECIAL EESS,Gasolina Especial,GASOLINA_ESPECIAL,ESTACION DE SERVICIO MADAGASCAR S.R.L.,22000.0
2026-09-04,Distrito Comercial La Paz,GASOLINA ESPECIAL EESS,Gasolina Especial,GASOLINA_ESPECIAL,ESTACION DE SERVICIO ISSUCADELA S.R.L,22000.0
2026-09-04,Distrito Comercial La Paz,GASOLINA ESPECIAL EESS,Gasolina Especial,GASOLINA_ESPECIAL,EST. SERV. PLAYA VERDE,24000.0
2026-09-04,Distrito Comercial La Paz,GASOLINA ESPECIAL EESS,Gasolina Especial,GASOLINA_ESPECIAL,EST. SERV. PALOS BLANCOS,32000.0
2026-09-04,Distrito Comercial La Paz,GASOLINA ESPECIAL EESS,Gasolina Especial,GASOLINA_ESPECIAL,EST. SERV. M&G CAMINO REAL,24000.0
2026-09-04,Distrito Comercial La Paz,GASOLINA ESPECIAL EESS,Gasolina Especial,GASOLINA_ESPECIAL,EST. SERV. ITURRALDE S.R.L.,22000.0
2026-09-04,Distrito Comercial La Paz,GASOLINA ESPECIAL EESS,Gasolina Especial,GASOLINA_ESPECIAL,EST. SERV. FLOR DE CAÑA S.R.L.,22000.0
2026-09-04,Distrito Comercial La Paz,GASOLINA ESPECIAL EESS,Gasolina Especial,GASOLINA_ESPECIAL,EST. SERV. CUENTAS SAN PABLO II S.R.L.,24000.0
2026-09-04,Distrito Comercial La Paz,GASOLINA ESPECIAL EESS,Gasolina Especial,GASOLINA_ESPECIAL,EST. SERV. CRUCE LURIBAY S.R.L.,22000.0
2026-09-04,Distrito Comercial La Paz,GASOLINA ESPECIAL EESS,Gasolina Especial,GASOLINA_ESPECIAL,EST. SERV. BATALLAS S.R.L. ESBA S.R.L.,22000.0
2026-09-04,Distrito Comercial La Paz,GASOLINA ESPECIAL EESS,Gasolina Especial,GASOLINA_ESPECIAL,EST. SERV. BALLIVIAN SANTA BARBARA,22000.0
2026-09-04,Distrito Comercial La Paz,GASOLINA ESPECIAL EESS,Gasolina Especial,GASOLINA_ESPECIAL,EST. SERV. ADALUZ PETROL,22000.0
2026-09-04,Distrito Comercial La Paz,GASOLINA ESPECIAL EESS,Gasolina Especial,GASOLINA_ESPECIAL,EST. SERV. ACHACACHI S.R.L.,20000.0
2026-09-04,Distrito Comercial La Paz,GASOLINA ESPECIAL EESS,Gasolina Especial,GASOLINA_ESPECIAL,ELDA S. AGUILAR V. - EST. SERV. JUAN PABLO II,36000.0
2026-09-04,Distrito Comercial La Paz,GASOLINA ESPECIAL EESS,Gasolina Especial,GASOLINA_ESPECIAL,CANIAX S.R.L.,22000.0
2026-09-04,Distrito Comercial La Paz,GASOLINA ESPECIAL + EESS,Gasolina Especial +,GASOLINA_ESPECIAL_MAS,EDEN CLEVER CARRILLO CONDORI-ESTACION DE SERVICIO EDENCCC,12000.0
2026-09-04,Distrito Comercial La Paz,GASOLINA ESPECIAL + (S/DSI),Gasolina Especial +,GASOLINA_ESPECIAL_MAS,ZURSIL S.R.L. - E.S.T.,18000.0
2026-09-04,Distrito Comercial La Paz,GASOLINA ESPECIAL + (S/DSI),Gasolina Especial +,GASOLINA_ESPECIAL_MAS,GRUPO EMPRESARIAL VIRGEN DE LOS ALAMOS S.R.L.,48000.0
2026-09-04,Distrito Comercial La Paz,GASOLINA ESPECIAL + (S/DSI),Gasolina Especial +,GASOLINA_ESPECIAL_MAS,GREGORIO CUENTAS M. EST. SERV. DRAGON DE ORO,24000.0
2026-09-04,Distrito Comercial La Paz,GASOLINA ESPECIAL + (S/DSI),Gasolina Especial +,GASOLINA_ESPECIAL_MAS,GAS SAN FELIPE S.R.L.,24000.0
2026-09-04,Distrito Comercial La Paz,GASOLINA ESPECIAL + (S/DSI),Gasolina Especial +,GASOLINA_ESPECIAL_MAS,ESTACIÓN DE SERVICIO LAS ROSAS S.R.L.,20000.0
2026-09-04,Distrito Comercial La Paz,GASOLINA ESPECIAL + (S/DSI),Gasolina Especial +,GASOLINA_ESPECIAL_MAS,ESTACIÓN DE SERVICIO ALIMARC INTER GAS BOLIVIA S.R.L.,12000.0
2026-09-04,Distrito Comercial La Paz,GASOLINA ESPECIAL + (S/DSI),Gasolina Especial +,GASOLINA_ESPECIAL_MAS,ESTACION DE SERVICIOS NIMAGASBOL S.R.L.,18000.0
2026-09-04,Distrito Comercial La Paz,GASOLINA ESPECIAL + (S/DSI),Gasolina Especial +,GASOLINA_ESPECIAL_MAS,ESTACION DE SERVICIO ZOFRI S.R.L.,12000.0
2026-09-04,Distrito Comercial La Paz,GASOLINA ESPECIAL + (S/DSI),Gasolina Especial +,GASOLINA_ESPECIAL_MAS,ESTACION DE SERVICIO TEJADA TRIANGULAR,20000.0
2026-09-04,Distrito Comercial La Paz,GASOLINA ESPECIAL + (S/DSI),Gasolina Especial +,GASOLINA_ESPECIAL_MAS,ESTACION DE SERVICIO SEÑOR DE MAYO S.R.L.,20000.0
2026-09-04,Distrito Comercial La Paz,GASOLINA ESPECIAL + (S/DSI),Gasolina Especial +,GASOLINA_ESPECIAL_MAS,ESTACION DE SERVICIO SAN SEBASTIAN S.R.L.,18000.0
2026-09-04,Distrito Comercial La Paz,GASOLINA ESPECIAL + (S/DSI),Gasolina Especial +,GASOLINA_ESPECIAL_MAS,ESTACION DE SERVICIO LOZA - MARCELINA AGUIRRE VDA. DE LOZA,24000.0
2026-09-04,Distrito Comercial La Paz,GASOLINA ESPECIAL + (S/DSI),Gasolina Especial +,GASOLINA_ESPECIAL_MAS,ESTACION DE SERVICIO LOS ROSALES,24000.0
2026-09-04,Distrito Comercial La Paz,GASOLINA ESPECIAL + (S/DSI),Gasolina Especial +,GASOLINA_ESPECIAL_MAS,ESTACION DE SERVICIO KORY INTI S.R.L.,24000.0
2026-09-04,Distrito Comercial La Paz,GASOLINA ESPECIAL + (S/DSI),Gasolina Especial +,GASOLINA_ESPECIAL_MAS,ESTACION DE SERVICIO KANTUTA S.R.L.,36000.0
2026-09-04,Distrito Comercial La Paz,GASOLINA ESPECIAL + (S/DSI),Gasolina Especial +,GASOLINA_ESPECIAL_MAS,ESTACION DE SERVICIO JACHA INTI S.R.L.,24000.0
2026-09-04,Distrito Comercial La Paz,GASOLINA ESPECIAL + (S/DSI),Gasolina Especial +,GASOLINA_ESPECIAL_MAS,ESTACION DE SERVICIO FULL TANK S.R.L.,18000.0
2026-09-04,Distrito Comercial La Paz,GASOLINA ESPECIAL + (S/DSI),Gasolina Especial +,GASOLINA_ESPECIAL_MAS,ESTACION DE SERVICIO CHALLAPAMPA S.R.L.,12000.0
2026-09-04,Distrito Comercial La Paz,GASOLINA ESPECIAL + (S/DSI),Gasolina Especial +,GASOLINA_ESPECIAL_MAS,ESTACION DE SERVICIO CALUYO S.R.L.,20000.0
2026-09-04,Distrito Comercial La Paz,GASOLINA ESPECIAL + (S/DSI),Gasolina Especial +,GASOLINA_ESPECIAL_MAS,ESTACION DE SERVICIO C. REDENTOR S.R.L.,18000.0
2026-09-04,Distrito Comercial La Paz,GASOLINA ESPECIAL + (S/DSI),Gasolina Especial +,GASOLINA_ESPECIAL_MAS,EST. SERV. YUPANQUI,20000.0
2026-09-04,Distrito Comercial La Paz,GASOLINA ESPECIAL + (S/DSI),Gasolina Especial +,GASOLINA_ESPECIAL_MAS,EST. SERV. VOLCAN S.R.L.,48000.0
2026-09-04,Distrito Comercial La Paz,GASOLINA ESPECIAL + (S/DSI),Gasolina Especial +,GASOLINA_ESPECIAL_MAS,EST. SERV. TEXAS S.R.L.,20000.0
2026-09-04,Distrito Comercial La Paz,GASOLINA ESPECIAL + (S/DSI),Gasolina Especial +,GASOLINA_ESPECIAL_MAS,EST. SERV. SURTIDORES UNITOURS LTDA.,12000.0
2026-09-04,Distrito Comercial La Paz,GASOLINA ESPECIAL + (S/DSI),Gasolina Especial +,GASOLINA_ESPECIAL_MAS,EST. SERV. SOC. IND. COM. G.L.P.H. LTDA,24000.0
2026-09-04,Distrito Comercial La Paz,GASOLINA ESPECIAL + (S/DSI),Gasolina Especial +,GASOLINA_ESPECIAL_MAS,EST. SERV. SIEMPRE A FULL MIRAFLORES S.R.L. (SAF),36000.0
2026-09-04,Distrito Comercial La Paz,GASOLINA ESPECIAL + (S/DSI),Gasolina Especial +,GASOLINA_ESPECIAL_MAS,EST. SERV. SAN PABLO VILLA BOLIVAR S.R.L.,20000.0
2026-09-04,Distrito Comercial La Paz,GASOLINA ESPECIAL + (S/DSI),Gasolina Especial +,GASOLINA_ESPECIAL_MAS,EST. SERV. SALIDA LTDA,20000.0
2026-09-04,Distrito Comercial La Paz,GASOLINA ESPECIAL + (S/DSI),Gasolina Especial +,GASOLINA_ESPECIAL_MAS,EST. SERV. QHANTATI SRL.,24000.0
2026-09-04,Distrito Comercial La Paz,GASOLINA ESPECIAL + (S/DSI),Gasolina Especial +,GASOLINA_ESPECIAL_MAS,EST. SERV. PEREZ ROCHA SRL.,20000.0
2026-09-04,Distrito Comercial La Paz,GASOLINA ESPECIAL + (S/DSI),Gasolina Especial +,GASOLINA_ESPECIAL_MAS,EST. SERV. MOTORECO SRL.,36000.0
2026-09-04,Distrito Comercial La Paz,GASOLINA ESPECIAL + (S/DSI),Gasolina Especial +,GASOLINA_ESPECIAL_MAS,EST. SERV. LUBRICAN SRL,24000.0
2026-09-04,Distrito Comercial La Paz,GASOLINA ESPECIAL + (S/DSI),Gasolina Especial +,GASOLINA_ESPECIAL_MAS,EST. SERV. LOS ANDES SRL,20000.0
2026-09-04,Distrito Comercial La Paz,GASOLINA ESPECIAL + (S/DSI),Gasolina Especial +,GASOLINA_ESPECIAL_MAS,EST. SERV. LAREDO SRL,18000.0
2026-09-04,Distrito Comercial La Paz,GASOLINA ESPECIAL + (S/DSI),Gasolina Especial +,GASOLINA_ESPECIAL_MAS,EST. SERV. JAIMES FREYRE,48000.0
2026-09-04,Distrito Comercial La Paz,GASOLINA ESPECIAL + (S/DSI),Gasolina Especial +,GASOLINA_ESPECIAL_MAS,EST. SERV. INTEROCEANICO,20000.0
2026-09-04,Distrito Comercial La Paz,GASOLINA ESPECIAL + (S/DSI),Gasolina Especial +,GASOLINA_ESPECIAL_MAS,EST. SERV. ILLIMANI S.R.L.,20000.0
2026-09-04,Distrito Comercial La Paz,GASOLINA ESPECIAL + (S/DSI),Gasolina Especial +,GASOLINA_ESPECIAL_MAS,EST. SERV. GAS-MAY S.R.L.,12000.0
2026-09-04,Distrito Comercial La Paz,GASOLINA ESPECIAL + (S/DSI),Gasolina Especial +,GASOLINA_ESPECIAL_MAS,EST. SERV. GAS CENTRO S.R.L.,20000.0
2026-09-04,Distrito Comercial La Paz,GASOLINA ESPECIAL + (S/DSI),Gasolina Especial +,GASOLINA_ESPECIAL_MAS,EST. SERV. GALAXIA S.R.L.,20000.0
2026-09-04,Distrito Comercial La Paz,GASOLINA ESPECIAL + (S/DSI),Gasolina Especial +,GASOLINA_ESPECIAL_MAS,EST. SERV. EMP. COM. HID. TUPAC KATARI S.R.L.,48000.0
2026-09-04,Distrito Comercial La Paz,GASOLINA ESPECIAL + (S/DSI),Gasolina Especial +,GASOLINA_ESPECIAL_MAS,EST. SERV. EL PARAISO SRL.,24000.0
2026-09-04,Distrito Comercial La Paz,GASOLINA ESPECIAL + (S/DSI),Gasolina Especial +,GASOLINA_ESPECIAL_MAS,EST. SERV. CRISTO AUTO GAS SRL.,24000.0
2026-09-04,Distrito Comercial La Paz,GASOLINA ESPECIAL + (S/DSI),Gasolina Especial +,GASOLINA_ESPECIAL_MAS,EST. SERV. COSTANERA SRL.,24000.0
2026-09-04,Distrito Comercial La Paz,GASOLINA ESPECIAL + (S/DSI),Gasolina Especial +,GASOLINA_ESPECIAL_MAS,EST. SERV. CHUSAMARCA,12000.0
2026-09-04,Distrito Comercial La Paz,GASOLINA ESPECIAL + (S/DSI),Gasolina Especial +,GASOLINA_ESPECIAL_MAS,EST. SERV. CHASQUIPAMPA S.R.L.,24000.0
2026-09-04,Distrito Comercial La Paz,GASOLINA ESPECIAL + (S/DSI),Gasolina Especial +,GASOLINA_ESPECIAL_MAS,EST. SERV. CARSUR S.R.L.,48000.0
2026-09-04,Distrito Comercial La Paz,GASOLINA ESPECIAL + (S/DSI),Gasolina Especial +,GASOLINA_ESPECIAL_MAS,EST. SERV. CANDELARIA,18000.0
2026-09-04,Distrito Comercial La Paz,GASOLINA ESPECIAL + (S/DSI),Gasolina Especial +,GASOLINA_ESPECIAL_MAS,EST. SERV. BOLIVIA ZURSIL S.R.L.,12000.0
2026-09-04,Distrito Comercial La Paz,GASOLINA ESPECIAL + (S/DSI),Gasolina Especial +,GASOLINA_ESPECIAL_MAS,EST. SERV. BASSAM LTDA,24000.0
2026-09-04,Distrito Comercial La Paz,GASOLINA ESPECIAL + (S/DSI),Gasolina Especial +,GASOLINA_ESPECIAL_MAS,EST. SERV. APOSTOL SANTIAGO,20000.0
2026-09-04,Distrito Comercial La Paz,GASOLINA ESPECIAL + (S/DSI),Gasolina Especial +,GASOLINA_ESPECIAL_MAS,EST. SERV. ALTO LIMA S.R.L.,12000.0
2026-09-04,Distrito Comercial La Paz,GASOLINA ESPECIAL + (S/DSI),Gasolina Especial +,GASOLINA_ESPECIAL_MAS,EST. SERV. ACB SAN JORGE,24000.0
2026-09-04,Distrito Comercial La Paz,GASOLINA ESPECIAL + (S/DSI),Gasolina Especial +,GASOLINA_ESPECIAL_MAS,EST. SERV. ACB CALACOTO,36000.0
2026-09-04,Distrito Comercial La Paz,GASOLINA ESPECIAL + (S/DSI),Gasolina Especial +,GASOLINA_ESPECIAL_MAS,EST. SERV. 6 DE MARZO,12000.0
2026-09-04,Distrito Comercial La Paz,GASOLINA ESPECIAL + (S/DSI),Gasolina Especial +,GASOLINA_ESPECIAL_MAS,ELSA CHIPANA H. - EST. SERV. ECOPETROL,18000.0
2026-09-04,Distrito Comercial La Paz,GASOLINA ESPECIAL + (S/DSI),Gasolina Especial +,GASOLINA_ESPECIAL_MAS,DISTRIBUIDORA DE GASOLINA Y LUBRICANTES SAN PABLO S.R.L.,24000.0
2026-09-04,Distrito Comercial La Paz,DIESEL OIL NACIONAL EESS,Diesel Oil Nacional,DIESEL_NACIONAL,SOCIEDAD PERLA ANDINA S.R.L.,12000.0
2026-09-04,Distrito Comercial La Paz,DIESEL OIL NACIONAL EESS,Diesel Oil Nacional,DIESEL_NACIONAL,RACING GAS S.R.L. (SUC-1),12000.0
2026-09-04,Distrito Comercial La Paz,DIESEL OIL NACIONAL EESS,Diesel Oil Nacional,DIESEL_NACIONAL,MARIO ALVAREZ M. EST. SERV. ALVAPETROL,20000.0
2026-09-04,Distrito Comercial La Paz,DIESEL OIL NACIONAL EESS,Diesel Oil Nacional,DIESEL_NACIONAL,ESTACION DE SERVICIO TOLAR S.R.L.,20000.0
2026-09-04,Distrito Comercial La Paz,DIESEL OIL NACIONAL EESS,Diesel Oil Nacional,DIESEL_NACIONAL,ESTACION DE SERVICIO SURTIDOR TUMUPASA S.R.L.,20000.0
2026-09-04,Distrito Comercial La Paz,DIESEL OIL NACIONAL EESS,Diesel Oil Nacional,DIESEL_NACIONAL,ESTACION DE SERVICIO PETROMAPIRI S.R.L.,20000.0
2026-09-04,Distrito Comercial La Paz,DIESEL OIL NACIONAL EESS,Diesel Oil Nacional,DIESEL_NACIONAL,ESTACION DE SERVICIO PARAISO TROPICAL,22000.0
2026-09-04,Distrito Comercial La Paz,DIESEL OIL NACIONAL EESS,Diesel Oil Nacional,DIESEL_NACIONAL,ESTACION DE SERVICIO MADAGASCAR S.R.L.,22000.0
2026-09-04,Distrito Comercial La Paz,DIESEL OIL NACIONAL EESS,Diesel Oil Nacional,DIESEL_NACIONAL,ESTACION DE SERVICIO ISSUCADELA S.R.L,20000.0
2026-09-04,Distrito Comercial La Paz,DIESEL OIL NACIONAL EESS,Diesel Oil Nacional,DIESEL_NACIONAL,ESTACION DE SERVICIO HUANCANE Y TRANSPORTE S.R.L.,20000.0
2026-09-04,Distrito Comercial La Paz,DIESEL OIL NACIONAL EESS,Diesel Oil Nacional,DIESEL_NACIONAL,EST. SERV. SAN MIGUEL-IVAN L.,20000.0
2026-09-04,Distrito Comercial La Paz,DIESEL OIL NACIONAL EESS,Diesel Oil Nacional,DIESEL_NACIONAL,EST. SERV. ITURRALDE S.R.L.,20000.0
2026-09-04,Distrito Comercial La Paz,DIESEL OIL NACIONAL EESS,Diesel Oil Nacional,DIESEL_NACIONAL,EST. SERV. BATALLAS S.R.L. ESBA S.R.L.,12000.0
2026-09-04,Distrito Comercial La Paz,DIESEL OIL NACIONAL EESS,Diesel Oil Nacional,DIESEL_NACIONAL,EDEN CLEVER CARRILLO CONDORI-ESTACION DE SERVICIO EDENCCC,12000.0
2026-09-04,Distrito Comercial La Paz,DIESEL OIL NACIONAL EESS,Diesel Oil Nacional,DIESEL_NACIONAL,CANIAX S.R.L.,20000.0
2026-09-04,Distrito Comercial La Paz,DIESEL OIL IMPORTADO EESS,Diesel Oil Importado,DIESEL_IMPORTADO,PATRICIA QUIROZ SIRPA - PUESTO DE VENTA PATTY,20000.0
2026-09-04,Distrito Comercial La Paz,DIESEL OIL IMPORTADO EESS,Diesel Oil Importado,DIESEL_IMPORTADO,ZURSIL S.R.L. - E.S.T.,36000.0
2026-09-04,Distrito Comercial La Paz,DIESEL OIL IMPORTADO EESS,Diesel Oil Importado,DIESEL_IMPORTADO,MARIA PATZI-EST. SERV. VARELA,20000.0
2026-09-04,Distrito Comercial La Paz,DIESEL OIL IMPORTADO EESS,Diesel Oil Importado,DIESEL_IMPORTADO,GREGORIO CUENTAS M. EST. SERV. DRAGON DE ORO,12000.0
2026-09-04,Distrito Comercial La Paz,DIESEL OIL IMPORTADO EESS,Diesel Oil Importado,DIESEL_IMPORTADO,GAS SAN FELIPE S.R.L.,20000.0
2026-09-04,Distrito Comercial La Paz,DIESEL OIL IMPORTADO EESS,Diesel Oil Importado,DIESEL_IMPORTADO,ESTACIÓN DE SERVICIO LAS ROSAS S.R.L.,18000.0
2026-09-04,Distrito Comercial La Paz,DIESEL OIL IMPORTADO EESS,Diesel Oil Importado,DIESEL_IMPORTADO,ESTACIÓN DE SERVICIO ALIMARC INTER GAS BOLIVIA S.R.L.,36000.0
2026-09-04,Distrito Comercial La Paz,DIESEL OIL IMPORTADO EESS,Diesel Oil Importado,DIESEL_IMPORTADO,ESTACION DE SERVICIOS NIMAGASBOL S.R.L.,36000.0
2026-09-04,Distrito Comercial La Paz,DIESEL OIL IMPORTADO EESS,Diesel Oil Importado,DIESEL_IMPORTADO,ESTACION DE SERVICIO ZOFRI S.R.L.,36000.0
2026-09-04,Distrito Comercial La Paz,DIESEL OIL IMPORTADO EESS,Diesel Oil Importado,DIESEL_IMPORTADO,ESTACION DE SERVICIO TERRAGAS LTDA,24000.0
2026-09-04,Distrito Comercial La Paz,DIESEL OIL IMPORTADO EESS,Diesel Oil Importado,DIESEL_IMPORTADO,ESTACION DE SERVICIO TEJADA TRIANGULAR,12000.0
2026-09-04,Distrito Comercial La Paz,DIESEL OIL IMPORTADO EESS,Diesel Oil Importado,DIESEL_IMPORTADO,ESTACION DE SERVICIO SEÑOR DE MAYO S.R.L.,20000.0
2026-09-04,Distrito Comercial La Paz,DIESEL OIL IMPORTADO EESS,Diesel Oil Importado,DIESEL_IMPORTADO,ESTACION DE SERVICIO SAN SEBASTIAN S.R.L.,36000.0
2026-09-04,Distrito Comercial La Paz,DIESEL OIL IMPORTADO EESS,Diesel Oil Importado,DIESEL_IMPORTADO,ESTACION DE SERVICIO LOZA - MARCELINA AGUIRRE VDA. DE LOZA,20000.0
2026-09-04,Distrito Comercial La Paz,DIESEL OIL IMPORTADO EESS,Diesel Oil Importado,DIESEL_IMPORTADO,ESTACION DE SERVICIO LOS ROSALES,18000.0
2026-09-04,Distrito Comercial La Paz,DIESEL OIL IMPORTADO EESS,Diesel Oil Importado,DIESEL_IMPORTADO,ESTACION DE SERVICIO FULL TANK S.R.L.,20000.0
2026-09-04,Distrito Comercial La Paz,DIESEL OIL IMPORTADO EESS,Diesel Oil Importado,DIESEL_IMPORTADO,ESTACION DE SERVICIO CHALLAPAMPA S.R.L.,12000.0
2026-09-04,Distrito Comercial La Paz,DIESEL OIL IMPORTADO EESS,Diesel Oil Importado,DIESEL_IMPORTADO,ESTACION DE SERVICIO CALUYO S.R.L.,24000.0
2026-09-04,Distrito Comercial La Paz,DIESEL OIL IMPORTADO EESS,Diesel Oil Importado,DIESEL_IMPORTADO,ESTACION DE SERVICIO C. REDENTOR S.R.L.,36000.0
2026-09-04,Distrito Comercial La Paz,DIESEL OIL IMPORTADO EESS,Diesel Oil Importado,DIESEL_IMPORTADO,EST. SERV. VOLCAN S.R.L.,24000.0
2026-09-04,Distrito Comercial La Paz,DIESEL OIL IMPORTADO EESS,Diesel Oil Importado,DIESEL_IMPORTADO,EST. SERV. TEXAS S.R.L.,12000.0
2026-09-04,Distrito Comercial La Paz,DIESEL OIL IMPORTADO EESS,Diesel Oil Importado,DIESEL_IMPORTADO,EST. SERV. SURTIDORES UNITOURS LTDA.,12000.0
2026-09-04,Distrito Comercial La Paz,DIESEL OIL IMPORTADO EESS,Diesel Oil Importado,DIESEL_IMPORTADO,EST. SERV. SAN PABLO VILLA BOLIVAR S.R.L.,24000.0
2026-09-04,Distrito Comercial La Paz,DIESEL OIL IMPORTADO EESS,Diesel Oil Importado,DIESEL_IMPORTADO,EST. SERV. SALIDA LTDA,12000.0
2026-09-04,Distrito Comercial La Paz,DIESEL OIL IMPORTADO EESS,Diesel Oil Importado,DIESEL_IMPORTADO,EST. SERV. QHANTATI SRL.,36000.0
2026-09-04,Distrito Comercial La Paz,DIESEL OIL IMPORTADO EESS,Diesel Oil Importado,DIESEL_IMPORTADO,EST. SERV. PLAYA VERDE,24000.0
2026-09-04,Distrito Comercial La Paz,DIESEL OIL IMPORTADO EESS,Diesel Oil Importado,DIESEL_IMPORTADO,EST. SERV. PEREZ ROCHA SRL.,20000.0
2026-09-04,Distrito Comercial La Paz,DIESEL OIL IMPORTADO EESS,Diesel Oil Importado,DIESEL_IMPORTADO,EST. SERV. MARANATHA,24000.0
2026-09-04,Distrito Comercial La Paz,DIESEL OIL IMPORTADO EESS,Diesel Oil Importado,DIESEL_IMPORTADO,EST. SERV. M&G CAMINO REAL,20000.0
2026-09-04,Distrito Comercial La Paz,DIESEL OIL IMPORTADO EESS,Diesel Oil Importado,DIESEL_IMPORTADO,EST. SERV. LUBRICAN SRL,24000.0
2026-09-04,Distrito Comercial La Paz,DIESEL OIL IMPORTADO EESS,Diesel Oil Importado,DIESEL_IMPORTADO,EST. SERV. LOS ANDES SRL,22000.0
2026-09-04,Distrito Comercial La Paz,DIESEL OIL IMPORTADO EESS,Diesel Oil Importado,DIESEL_IMPORTADO,EST. SERV. LAREDO SRL,36000.0
2026-09-04,Distrito Comercial La Paz,DIESEL OIL IMPORTADO EESS,Diesel Oil Importado,DIESEL_IMPORTADO,EST. SERV. INTEROCEANICO,20000.0
2026-09-04,Distrito Comercial La Paz,DIESEL OIL IMPORTADO EESS,Diesel Oil Importado,DIESEL_IMPORTADO,EST. SERV. ILLIMANI S.R.L.,24000.0
2026-09-04,Distrito Comercial La Paz,DIESEL OIL IMPORTADO EESS,Diesel Oil Importado,DIESEL_IMPORTADO,EST. SERV. GAS-MAY S.R.L.,12000.0
2026-09-04,Distrito Comercial La Paz,DIESEL OIL IMPORTADO EESS,Diesel Oil Importado,DIESEL_IMPORTADO,EST. SERV. GALAXIA S.R.L.,18000.0
2026-09-04,Distrito Comercial La Paz,DIESEL OIL IMPORTADO EESS,Diesel Oil Importado,DIESEL_IMPORTADO,EST. SERV. EMP. COM. HID. TUPAC KATARI S.R.L.,20000.0
2026-09-04,Distrito Comercial La Paz,DIESEL OIL IMPORTADO EESS,Diesel Oil Importado,DIESEL_IMPORTADO,EST. SERV. EL PARAISO SRL.,20000.0
2026-09-04,Distrito Comercial La Paz,DIESEL OIL IMPORTADO EESS,Diesel Oil Importado,DIESEL_IMPORTADO,EST. SERV. CUENTAS SAN PABLO II S.R.L.,20000.0
2026-09-04,Distrito Comercial La Paz,DIESEL OIL IMPORTADO EESS,Diesel Oil Importado,DIESEL_IMPORTADO,EST. SERV. CRISTO AUTO GAS SRL.,18000.0
2026-09-04,Distrito Comercial La Paz,DIESEL OIL IMPORTADO EESS,Diesel Oil Importado,DIESEL_IMPORTADO,EST. SERV. CHUSAMARCA,20000.0
2026-09-04,Distrito Comercial La Paz,DIESEL OIL IMPORTADO EESS,Diesel Oil Importado,DIESEL_IMPORTADO,EST. SERV. CHALY,12000.0
2026-09-04,Distrito Comercial La Paz,DIESEL OIL IMPORTADO EESS,Diesel Oil Importado,DIESEL_IMPORTADO,EST. SERV. CANDELARIA,36000.0
2026-09-04,Distrito Comercial La Paz,DIESEL OIL IMPORTADO EESS,Diesel Oil Importado,DIESEL_IMPORTADO,EST. SERV. BOLIVIA ZURSIL S.R.L.,12000.0
2026-09-04,Distrito Comercial La Paz,DIESEL OIL IMPORTADO EESS,Diesel Oil Importado,DIESEL_IMPORTADO,EST. SERV. BASSAM LTDA,20000.0
2026-09-04,Distrito Comercial La Paz,DIESEL OIL IMPORTADO EESS,Diesel Oil Importado,DIESEL_IMPORTADO,EST. SERV. APOSTOL SANTIAGO,24000.0
2026-09-04,Distrito Comercial La Paz,DIESEL OIL IMPORTADO EESS,Diesel Oil Importado,DIESEL_IMPORTADO,EST. SERV. ALTO LIMA S.R.L.,12000.0
2026-09-04,Distrito Comercial La Paz,DIESEL OIL IMPORTADO EESS,Diesel Oil Importado,DIESEL_IMPORTADO,EST. SERV. 6 DE MARZO,36000.0
2026-09-04,Distrito Comercial La Paz,DIESEL OIL IMPORTADO EESS,Diesel Oil Importado,DIESEL_IMPORTADO,ELSA CHIPANA H. - EST. SERV. ECOPETROL,38000.0
2026-09-04,Distrito Comercial La Paz,DIESEL OIL IMPORTADO EESS,Diesel Oil Importado,DIESEL_IMPORTADO,ELDA S. AGUILAR V. - EST. SERV. JUAN PABLO II,24000.0
2026-09-04,Distrito Comercial La Paz,DIESEL OIL IMPORTADO EESS,Diesel Oil Importado,DIESEL_IMPORTADO,EDUARDO YUPANQUI Q.-EST. SERV. VENTILLA,20000.0
2026-09-04,Distrito Comercial La Paz,DIESEL OIL IMPORTADO EESS,Diesel Oil Importado,DIESEL_IMPORTADO,DISTRIBUIDORA DE GASOLINA Y LUBRICANTES SAN PABLO S.R.L.,12000.0
2026-09-03,Distrito Comercial La Paz,GLP DISTRIB. 45 KILOS NAL,GLP,GLP,SAN JUDAS TADEO SOCIEDAD DE RESPONSABILIDAD LIMITADA,2700.0
2026-09-03,Distrito Comercial La Paz,GLP DISTRIB. 45 KILOS NAL,GLP,GLP,DIST. GLP. SAMO S.A.,4500.0
2026-09-03,Distrito Comercial La Paz,GLP DISTRIB. 45 KILOS NAL,GLP,GLP,DIST. GLP. PROGAS S.R.L.,1800.0
2026-09-03,Distrito Comercial La Paz,GLP DISTRIB. 45 KILOS NAL,GLP,GLP,DIST. GLP. ESMERALDA GAS SRL.,2250.0
2026-09-03,Distrito Comercial La Paz,GLP DISTRIB. 45 KILOS NAL,GLP,GLP,A.A.V.V. GAS S.R.L.,1800.0
2026-09-03,Distrito Comercial La Paz,GLP DISTRIB. 10 KILOS NAL,GLP,GLP,SANDRA CALLIZAYA CH. - DIST. GLP OMASUYOS,9000.0
2026-09-03,Distrito Comercial La Paz,GLP DISTRIB. 10 KILOS NAL,GLP,GLP,SAN JUDAS TADEO SOCIEDAD DE RESPONSABILIDAD LIMITADA,27000.0
2026-09-03,Distrito Comercial La Paz,GLP DISTRIB. 10 KILOS NAL,GLP,GLP,ISABEL DURAN DE ITURRI - DIST. GLP DURA GAS,27000.0
2026-09-03,Distrito Comercial La Paz,GLP DISTRIB. 10 KILOS NAL,GLP,GLP,GMGRECO GAS SOCIEDAD DE RESPONSABILIDAD LIMITADA,27000.0
2026-09-03,Distrito Comercial La Paz,GLP DISTRIB. 10 KILOS NAL,GLP,GLP,GENARA CAPIA DE FERNANDEZ - DIST. GLP SEVERO FERNANDEZ CH.,19000.0
2026-09-03,Distrito Comercial La Paz,GLP DISTRIB. 10 KILOS NAL,GLP,GLP,DISTRIBUIDORA DE GLP SAN FRANCISCO -LUCIANO SILLO CONDORI S.R.L.,18000.0
2026-09-03,Distrito Comercial La Paz,GLP DISTRIB. 10 KILOS NAL,GLP,GLP,DISTRIBUIDORA DE GAS LICUADO ALEJANDRA S.R.L.,8840.0
2026-09-03,Distrito Comercial La Paz,GLP DISTRIB. 10 KILOS NAL,GLP,GLP,DIST. GLP. VIAGAS,27000.0
2026-09-03,Distrito Comercial La Paz,GLP DISTRIB. 10 KILOS NAL,GLP,GLP,DIST. GLP. TRIPETROL S.R.L.,27000.0
2026-09-03,Distrito Comercial La Paz,GLP DISTRIB. 10 KILOS NAL,GLP,GLP,DIST. GLP. SOCIEDAD PETROLERA SANTA ELENA S.R.L. (SOPESE S.R.L.),27000.0
2026-09-03,Distrito Comercial La Paz,GLP DISTRIB. 10 KILOS NAL,GLP,GLP,DIST. GLP. SAMO S.A.,27000.0
2026-09-03,Distrito Comercial La Paz,GLP DISTRIB. 10 KILOS NAL,GLP,GLP,DIST. GLP. PROGAS S.R.L.,27000.0
2026-09-03,Distrito Comercial La Paz,GLP DISTRIB. 10 KILOS NAL,GLP,GLP,DIST. GLP. PEREZ,9000.0
2026-09-03,Distrito Comercial La Paz,GLP DISTRIB. 10 KILOS NAL,GLP,GLP,DIST. GLP. ESMERALDA GAS SRL.,27000.0
2026-09-03,Distrito Comercial La Paz,GLP DISTRIB. 10 KILOS NAL,GLP,GLP,DIST. GLP. DISANDES S.R.L.,11500.0
2026-09-03,Distrito Comercial La Paz,GLP DISTRIB. 10 KILOS NAL,GLP,GLP,DIST. GLP. COPACABANA GAS LTDA.,8500.0
2026-09-03,Distrito Comercial La Paz,GLP DISTRIB. 10 KILOS NAL,GLP,GLP,DIST. GLP FLOR DEL NORTE S.R.L.,9000.0
2026-09-03,Distrito Comercial La Paz,GLP DISTRIB. 10 KILOS NAL,GLP,GLP,DIST. GLP CALEMQ S.R.L.,6000.0
2026-09-03,Distrito Comercial La Paz,GLP DISTRIB. 10 KILOS NAL,GLP,GLP,DIST. GLP ANGELES,6000.0
2026-09-03,Distrito Comercial La Paz,GLP DISTRIB. 10 KILOS NAL,GLP,GLP,DELTAFOOD S.R.L.,9000.0
2026-09-03,Distrito Comercial La Paz,GLP DISTRIB. 10 KILOS NAL,GLP,GLP,ALEXSUS GAS S.R.L.,9000.0
2026-09-03,Distrito Comercial La Paz,GLP DISTRIB. 10 KILOS NAL,GLP,GLP,A.A.V.V. GAS S.R.L.,27000.0
2026-09-03,Distrito Comercial La Paz,GASOLINA ESPECIAL + EESS,Gasolina Especial +,GASOLINA_ESPECIAL_MAS,SILVIA TORREZ.- EST. SERV. TORREZ,22000.0
2026-09-03,Distrito Comercial La Paz,GASOLINA ESPECIAL + EESS,Gasolina Especial +,GASOLINA_ESPECIAL_MAS,OFELIA PLATA P. - EST. SERV. UMAMARCA,24000.0
2026-09-03,Distrito Comercial La Paz,GASOLINA ESPECIAL + EESS,Gasolina Especial +,GASOLINA_ESPECIAL_MAS,GASOLINERA HUATAJATA S.R.L.,22000.0
2026-09-03,Distrito Comercial La Paz,GASOLINA ESPECIAL + EESS,Gasolina Especial +,GASOLINA_ESPECIAL_MAS,FREDY LIMACHI CHALLCO - EST. SERV. DON LEO,22000.0
2026-09-03,Distrito Comercial La Paz,GASOLINA ESPECIAL + EESS,Gasolina Especial +,GASOLINA_ESPECIAL_MAS,ESTACIÓN DE SERVICIO ESCOMA S.R.L.,20000.0
2026-09-03,Distrito Comercial La Paz,GASOLINA ESPECIAL + EESS,Gasolina Especial +,GASOLINA_ESPECIAL_MAS,ESTACION DE SERVICIO TOLAR S.R.L.,20000.0
2026-09-03,Distrito Comercial La Paz,GASOLINA ESPECIAL + EESS,Gasolina Especial +,GASOLINA_ESPECIAL_MAS,ESTACION DE SERVICIO TEOPONTE S.R.L.,22000.0
2026-09-03,Distrito Comercial La Paz,GASOLINA ESPECIAL + EESS,Gasolina Especial +,GASOLINA_ESPECIAL_MAS,ESTACION DE SERVICIO SURTIDOR TUMUPASA S.R.L.,22000.0
2026-09-03,Distrito Comercial La Paz,GASOLINA ESPECIAL + EESS,Gasolina Especial +,GASOLINA_ESPECIAL_MAS,ESTACION DE SERVICIO PARAISO TROPICAL,24000.0
2026-09-03,Distrito Comercial La Paz,GASOLINA ESPECIAL + EESS,Gasolina Especial +,GASOLINA_ESPECIAL_MAS,ESTACION DE SERVICIO MEJIA S.R.L.,22000.0
2026-09-03,Distrito Comercial La Paz,GASOLINA ESPECIAL + EESS,Gasolina Especial +,GASOLINA_ESPECIAL_MAS,ESTACION DE SERVICIO MADIDI SAN BUENAVENTURA S.R.L.,30000.0
2026-09-03,Distrito Comercial La Paz,GASOLINA ESPECIAL + EESS,Gasolina Especial +,GASOLINA_ESPECIAL_MAS,ESTACION DE SERVICIO HUANCANE Y TRANSPORTE S.R.L.,22000.0
2026-09-03,Distrito Comercial La Paz,GASOLINA ESPECIAL + EESS,Gasolina Especial +,GASOLINA_ESPECIAL_MAS,ESTACION DE SERVICIO GASOLINERA CRUCE DE ORO S.R.L.,22000.0
2026-09-03,Distrito Comercial La Paz,GASOLINA ESPECIAL + EESS,Gasolina Especial +,GASOLINA_ESPECIAL_MAS,ESTACION DE SERVICIO ESPIGA DE ORO S.R.L.,22000.0
2026-09-03,Distrito Comercial La Paz,GASOLINA ESPECIAL + EESS,Gasolina Especial +,GASOLINA_ESPECIAL_MAS,ESTACION DE SERVICIO COTA PATA S.R.L.,22000.0
2026-09-03,Distrito Comercial La Paz,GASOLINA ESPECIAL + EESS,Gasolina Especial +,GASOLINA_ESPECIAL_MAS,EST. SERV. SAN MIGUEL-IVAN L.,22000.0
2026-09-03,Distrito Comercial La Paz,GASOLINA ESPECIAL + EESS,Gasolina Especial +,GASOLINA_ESPECIAL_MAS,EST. SERV. RIO MANIQUI - FATIMA FORERO B.,22000.0
2026-09-03,Distrito Comercial La Paz,GASOLINA ESPECIAL + EESS,Gasolina Especial +,GASOLINA_ESPECIAL_MAS,EST. SERV. PALOS BLANCOS,32000.0
2026-09-03,Distrito Comercial La Paz,GASOLINA ESPECIAL + EESS,Gasolina Especial +,GASOLINA_ESPECIAL_MAS,EST. SERV. NETANEL,22000.0
2026-09-03,Distrito Comercial La Paz,GASOLINA ESPECIAL + EESS,Gasolina Especial +,GASOLINA_ESPECIAL_MAS,EST. SERV. M&G CAMINO REAL,24000.0
2026-09-03,Distrito Comercial La Paz,GASOLINA ESPECIAL + EESS,Gasolina Especial +,GASOLINA_ESPECIAL_MAS,EST. SERV. LOZA DE ORO,22000.0
2026-09-03,Distrito Comercial La Paz,GASOLINA ESPECIAL + EESS,Gasolina Especial +,GASOLINA_ESPECIAL_MAS,EST. SERV. GUANAY,22000.0
2026-09-03,Distrito Comercial La Paz,GASOLINA ESPECIAL + EESS,Gasolina Especial +,GASOLINA_ESPECIAL_MAS,EST. SERV. CARRASCO S.R.L.,22000.0
2026-09-03,Distrito Comercial La Paz,GASOLINA ESPECIAL + EESS,Gasolina Especial +,GASOLINA_ESPECIAL_MAS,EST. SERV. CARBURANTES SAN MIGUEL,22000.0
2026-09-03,Distrito Comercial La Paz,GASOLINA ESPECIAL + (S/DSI),Gasolina Especial +,GASOLINA_ESPECIAL_MAS,CHOROPAMPA S.R.L.,22000.0
2026-09-03,Distrito Comercial La Paz,GASOLINA ESPECIAL + (S/DSI),Gasolina Especial +,GASOLINA_ESPECIAL_MAS,ZURSIL S.R.L. - E.S.T.,18000.0
2026-09-03,Distrito Comercial La Paz,GASOLINA ESPECIAL + (S/DSI),Gasolina Especial +,GASOLINA_ESPECIAL_MAS,GRUPO EMPRESARIAL VIRGEN DE LOS ALAMOS S.R.L.,36000.0
2026-09-03,Distrito Comercial La Paz,GASOLINA ESPECIAL + (S/DSI),Gasolina Especial +,GASOLINA_ESPECIAL_MAS,GREGORIO CUENTAS M. EST. SERV. DRAGON DE ORO,24000.0
2026-09-03,Distrito Comercial La Paz,GASOLINA ESPECIAL + (S/DSI),Gasolina Especial +,GASOLINA_ESPECIAL_MAS,GAS SAN FELIPE S.R.L.,24000.0
2026-09-03,Distrito Comercial La Paz,GASOLINA ESPECIAL + (S/DSI),Gasolina Especial +,GASOLINA_ESPECIAL_MAS,ESTACIÓN DE SERVICIO LAS ROSAS S.R.L.,20000.0
2026-09-03,Distrito Comercial La Paz,GASOLINA ESPECIAL + (S/DSI),Gasolina Especial +,GASOLINA_ESPECIAL_MAS,ESTACIÓN DE SERVICIO ALIMARC INTER GAS BOLIVIA S.R.L.,18000.0
2026-09-03,Distrito Comercial La Paz,GASOLINA ESPECIAL + (S/DSI),Gasolina Especial +,GASOLINA_ESPECIAL_MAS,ESTACION DE SERVICIOS NIMAGASBOL S.R.L.,18000.0
2026-09-03,Distrito Comercial La Paz,GASOLINA ESPECIAL + (S/DSI),Gasolina Especial +,GASOLINA_ESPECIAL_MAS,ESTACION DE SERVICIO ZOFRI S.R.L.,18000.0
2026-09-03,Distrito Comercial La Paz,GASOLINA ESPECIAL + (S/DSI),Gasolina Especial +,GASOLINA_ESPECIAL_MAS,ESTACION DE SERVICIO TERRAGAS LTDA,24000.0
2026-09-03,Distrito Comercial La Paz,GASOLINA ESPECIAL + (S/DSI),Gasolina Especial +,GASOLINA_ESPECIAL_MAS,ESTACION DE SERVICIO TEJADA TRIANGULAR,20000.0
2026-09-03,Distrito Comercial La Paz,GASOLINA ESPECIAL + (S/DSI),Gasolina Especial +,GASOLINA_ESPECIAL_MAS,ESTACION DE SERVICIO SEÑOR DE MAYO S.R.L.,20000.0
2026-09-03,Distrito Comercial La Paz,GASOLINA ESPECIAL + (S/DSI),Gasolina Especial +,GASOLINA_ESPECIAL_MAS,ESTACION DE SERVICIO SAN SEBASTIAN S.R.L.,18000.0
2026-09-03,Distrito Comercial La Paz,GASOLINA ESPECIAL + (S/DSI),Gasolina Especial +,GASOLINA_ESPECIAL_MAS,ESTACION DE SERVICIO LOZA - MARCELINA AGUIRRE VDA. DE LOZA,24000.0
2026-09-03,Distrito Comercial La Paz,GASOLINA ESPECIAL + (S/DSI),Gasolina Especial +,GASOLINA_ESPECIAL_MAS,ESTACION DE SERVICIO KANTUTA S.R.L.,36000.0
2026-09-03,Distrito Comercial La Paz,GASOLINA ESPECIAL + (S/DSI),Gasolina Especial +,GASOLINA_ESPECIAL_MAS,ESTACION DE SERVICIO JACHA INTI S.R.L.,24000.0
2026-09-03,Distrito Comercial La Paz,GASOLINA ESPECIAL + (S/DSI),Gasolina Especial +,GASOLINA_ESPECIAL_MAS,ESTACION DE SERVICIO FULL TANK S.R.L.,18000.0
2026-09-03,Distrito Comercial La Paz,GASOLINA ESPECIAL + (S/DSI),Gasolina Especial +,GASOLINA_ESPECIAL_MAS,ESTACION DE SERVICIO CALUYO S.R.L.,20000.0
2026-09-03,Distrito Comercial La Paz,GASOLINA ESPECIAL + (S/DSI),Gasolina Especial +,GASOLINA_ESPECIAL_MAS,ESTACION DE SERVICIO C. REDENTOR S.R.L.,12000.0
2026-09-03,Distrito Comercial La Paz,GASOLINA ESPECIAL + (S/DSI),Gasolina Especial +,GASOLINA_ESPECIAL_MAS,EST. SERV. YUPANQUI,12000.0
2026-09-03,Distrito Comercial La Paz,GASOLINA ESPECIAL + (S/DSI),Gasolina Especial +,GASOLINA_ESPECIAL_MAS,EST. SERV. VOLCAN S.R.L.,48000.0
2026-09-03,Distrito Comercial La Paz,GASOLINA ESPECIAL + (S/DSI),Gasolina Especial +,GASOLINA_ESPECIAL_MAS,EST. SERV. TEXAS S.R.L.,20000.0
2026-09-03,Distrito Comercial La Paz,GASOLINA ESPECIAL + (S/DSI),Gasolina Especial +,GASOLINA_ESPECIAL_MAS,EST. SERV. SURTIDORES UNITOURS LTDA.,12000.0
2026-09-03,Distrito Comercial La Paz,GASOLINA ESPECIAL + (S/DSI),Gasolina Especial +,GASOLINA_ESPECIAL_MAS,EST. SERV. SOC. IND. COM. G.L.P.H. LTDA,24000.0
2026-09-03,Distrito Comercial La Paz,GASOLINA ESPECIAL + (S/DSI),Gasolina Especial +,GASOLINA_ESPECIAL_MAS,EST. SERV. SIEMPRE A FULL MIRAFLORES S.R.L. (SAF),36000.0
2026-09-03,Distrito Comercial La Paz,GASOLINA ESPECIAL + (S/DSI),Gasolina Especial +,GASOLINA_ESPECIAL_MAS,EST. SERV. SAN PABLO VILLA BOLIVAR S.R.L.,20000.0
2026-09-03,Distrito Comercial La Paz,GASOLINA ESPECIAL + (S/DSI),Gasolina Especial +,GASOLINA_ESPECIAL_MAS,EST. SERV. SALIDA LTDA,20000.0
2026-09-03,Distrito Comercial La Paz,GASOLINA ESPECIAL + (S/DSI),Gasolina Especial +,GASOLINA_ESPECIAL_MAS,EST. SERV. RACING GAS S.R.L.,12000.0
2026-09-03,Distrito Comercial La Paz,GASOLINA ESPECIAL + (S/DSI),Gasolina Especial +,GASOLINA_ESPECIAL_MAS,EST. SERV. QHANTATI SRL.,24000.0
2026-09-03,Distrito Comercial La Paz,GASOLINA ESPECIAL + (S/DSI),Gasolina Especial +,GASOLINA_ESPECIAL_MAS,EST. SERV. PLAYA VERDE,24000.0
2026-09-03,Distrito Comercial La Paz,GASOLINA ESPECIAL + (S/DSI),Gasolina Especial +,GASOLINA_ESPECIAL_MAS,EST. SERV. PEREZ ROCHA SRL.,20000.0
2026-09-03,Distrito Comercial La Paz,GASOLINA ESPECIAL + (S/DSI),Gasolina Especial +,GASOLINA_ESPECIAL_MAS,EST. SERV. MOTORECO SRL.,24000.0
2026-09-03,Distrito Comercial La Paz,GASOLINA ESPECIAL + (S/DSI),Gasolina Especial +,GASOLINA_ESPECIAL_MAS,EST. SERV. MARANATHA,24000.0
2026-09-03,Distrito Comercial La Paz,GASOLINA ESPECIAL + (S/DSI),Gasolina Especial +,GASOLINA_ESPECIAL_MAS,EST. SERV. LUBRICAN SRL,24000.0
2026-09-03,Distrito Comercial La Paz,GASOLINA ESPECIAL + (S/DSI),Gasolina Especial +,GASOLINA_ESPECIAL_MAS,EST. SERV. LAREDO SRL,18000.0
2026-09-03,Distrito Comercial La Paz,GASOLINA ESPECIAL + (S/DSI),Gasolina Especial +,GASOLINA_ESPECIAL_MAS,EST. SERV. JAIMES FREYRE,24000.0
2026-09-03,Distrito Comercial La Paz,GASOLINA ESPECIAL + (S/DSI),Gasolina Especial +,GASOLINA_ESPECIAL_MAS,EST. SERV. INTEROCEANICO,20000.0
2026-09-03,Distrito Comercial La Paz,GASOLINA ESPECIAL + (S/DSI),Gasolina Especial +,GASOLINA_ESPECIAL_MAS,EST. SERV. ILLIMANI S.R.L.,20000.0
2026-09-03,Distrito Comercial La Paz,GASOLINA ESPECIAL + (S/DSI),Gasolina Especial +,GASOLINA_ESPECIAL_MAS,EST. SERV. GAS-MAY S.R.L.,12000.0
2026-09-03,Distrito Comercial La Paz,GASOLINA ESPECIAL + (S/DSI),Gasolina Especial +,GASOLINA_ESPECIAL_MAS,EST. SERV. GAS CENTRO S.R.L.,20000.0
2026-09-03,Distrito Comercial La Paz,GASOLINA ESPECIAL + (S/DSI),Gasolina Especial +,GASOLINA_ESPECIAL_MAS,EST. SERV. EMP. COM. HID. TUPAC KATARI S.R.L.,24000.0
2026-09-03,Distrito Comercial La Paz,GASOLINA ESPECIAL + (S/DSI),Gasolina Especial +,GASOLINA_ESPECIAL_MAS,EST. SERV. EL PARAISO SRL.,24000.0
2026-09-03,Distrito Comercial La Paz,GASOLINA ESPECIAL + (S/DSI),Gasolina Especial +,GASOLINA_ESPECIAL_MAS,EST. SERV. CUENTAS SAN PABLO II S.R.L.,24000.0
2026-09-03,Distrito Comercial La Paz,GASOLINA ESPECIAL + (S/DSI),Gasolina Especial +,GASOLINA_ESPECIAL_MAS,EST. SERV. CRISTO AUTO GAS SRL.,20000.0
2026-09-03,Distrito Comercial La Paz,GASOLINA ESPECIAL + (S/DSI),Gasolina Especial +,GASOLINA_ESPECIAL_MAS,EST. SERV. COSTANERA SRL.,24000.0
2026-09-03,Distrito Comercial La Paz,GASOLINA ESPECIAL + (S/DSI),Gasolina Especial +,GASOLINA_ESPECIAL_MAS,EST. SERV. CHUSAMARCA,12000.0
2026-09-03,Distrito Comercial La Paz,GASOLINA ESPECIAL + (S/DSI),Gasolina Especial +,GASOLINA_ESPECIAL_MAS,EST. SERV. CHASQUIPAMPA S.R.L.,24000.0
2026-09-03,Distrito Comercial La Paz,GASOLINA ESPECIAL + (S/DSI),Gasolina Especial +,GASOLINA_ESPECIAL_MAS,EST. SERV. CHALY,24000.0
2026-09-03,Distrito Comercial La Paz,GASOLINA ESPECIAL + (S/DSI),Gasolina Especial +,GASOLINA_ESPECIAL_MAS,EST. SERV. CARSUR S.R.L.,24000.0
2026-09-03,Distrito Comercial La Paz,GASOLINA ESPECIAL + (S/DSI),Gasolina Especial +,GASOLINA_ESPECIAL_MAS,EST. SERV. CANDELARIA,18000.0
2026-09-03,Distrito Comercial La Paz,GASOLINA ESPECIAL + (S/DSI),Gasolina Especial +,GASOLINA_ESPECIAL_MAS,EST. SERV. BOLIVIA ZURSIL S.R.L.,12000.0
2026-09-03,Distrito Comercial La Paz,GASOLINA ESPECIAL + (S/DSI),Gasolina Especial +,GASOLINA_ESPECIAL_MAS,EST. SERV. BASSAM LTDA,24000.0
2026-09-03,Distrito Comercial La Paz,GASOLINA ESPECIAL + (S/DSI),Gasolina Especial +,GASOLINA_ESPECIAL_MAS,EST. SERV. APOSTOL SANTIAGO,20000.0
2026-09-03,Distrito Comercial La Paz,GASOLINA ESPECIAL + (S/DSI),Gasolina Especial +,GASOLINA_ESPECIAL_MAS,EST. SERV. ALTO LIMA S.R.L.,20000.0
2026-09-03,Distrito Comercial La Paz,GASOLINA ESPECIAL + (S/DSI),Gasolina Especial +,GASOLINA_ESPECIAL_MAS,EST. SERV. ACB SAN JORGE,24000.0
2026-09-03,Distrito Comercial La Paz,GASOLINA ESPECIAL + (S/DSI),Gasolina Especial +,GASOLINA_ESPECIAL_MAS,EST. SERV. ACB CALACOTO,24000.0
2026-09-03,Distrito Comercial La Paz,GASOLINA ESPECIAL + (S/DSI),Gasolina Especial +,GASOLINA_ESPECIAL_MAS,EST. SERV. 6 DE MARZO,12000.0
2026-09-03,Distrito Comercial La Paz,GASOLINA ESPECIAL + (S/DSI),Gasolina Especial +,GASOLINA_ESPECIAL_MAS,ELSA CHIPANA H. - EST. SERV. ECOPETROL,12000.0
2026-09-03,Distrito Comercial La Paz,GASOLINA ESPECIAL + (S/DSI),Gasolina Especial +,GASOLINA_ESPECIAL_MAS,ELDA S. AGUILAR V. - EST. SERV. JUAN PABLO II,24000.0
2026-09-03,Distrito Comercial La Paz,GASOLINA ESPECIAL + (S/DSI),Gasolina Especial +,GASOLINA_ESPECIAL_MAS,DISTRIBUIDORA DE GASOLINA Y LUBRICANTES SAN PABLO S.R.L.,24000.0
2026-09-03,Distrito Comercial La Paz,DIESEL OIL NACIONAL EESS,Diesel Oil Nacional,DIESEL_NACIONAL,SILVIA TORREZ.- EST. SERV. TORREZ,22000.0
2026-09-03,Distrito Comercial La Paz,DIESEL OIL NACIONAL EESS,Diesel Oil Nacional,DIESEL_NACIONAL,OFELIA PLATA P. - EST. SERV. UMAMARCA,24000.0
2026-09-03,Distrito Comercial La Paz,DIESEL OIL NACIONAL EESS,Diesel Oil Nacional,DIESEL_NACIONAL,ESTACIÓN DE SERVICIO ESCOMA S.R.L.,22000.0
2026-09-03,Distrito Comercial La Paz,DIESEL OIL NACIONAL EESS,Diesel Oil Nacional,DIESEL_NACIONAL,ESTACION DE SERVICIO TIAHUANACU S.R.L.,22000.0
2026-09-03,Distrito Comercial La Paz,DIESEL OIL NACIONAL EESS,Diesel Oil Nacional,DIESEL_NACIONAL,ESTACION DE SERVICIO SAYHOGAS S.R.L.,22000.0
2026-09-03,Distrito Comercial La Paz,DIESEL OIL NACIONAL EESS,Diesel Oil Nacional,DIESEL_NACIONAL,ESTACION DE SERVICIO MADIDI SAN BUENAVENTURA S.R.L.,22000.0
2026-09-03,Distrito Comercial La Paz,DIESEL OIL NACIONAL EESS,Diesel Oil Nacional,DIESEL_NACIONAL,ESTACION DE SERVICIO GASOLINERA CRUCE DE ORO S.R.L.,22000.0
2026-09-03,Distrito Comercial La Paz,DIESEL OIL NACIONAL EESS,Diesel Oil Nacional,DIESEL_NACIONAL,EST. SERV. V. COPACABANA - PEDRO IRIARTE M.,22000.0
2026-09-03,Distrito Comercial La Paz,DIESEL OIL NACIONAL EESS,Diesel Oil Nacional,DIESEL_NACIONAL,EST. SERV. NETANEL,22000.0
2026-09-03,Distrito Comercial La Paz,DIESEL OIL NACIONAL EESS,Diesel Oil Nacional,DIESEL_NACIONAL,EST. SERV. LOZA DE ORO,22000.0
2026-09-03,Distrito Comercial La Paz,DIESEL OIL NACIONAL EESS,Diesel Oil Nacional,DIESEL_NACIONAL,EST. SERV. GUANAY,22000.0
2026-09-03,Distrito Comercial La Paz,DIESEL OIL NACIONAL EESS,Diesel Oil Nacional,DIESEL_NACIONAL,EST. SERV. GASOLCAMP S.R.L.,24000.0
2026-09-03,Distrito Comercial La Paz,DIESEL OIL NACIONAL EESS,Diesel Oil Nacional,DIESEL_NACIONAL,EST. SERV. FLOR DE CAÑA S.R.L.,22000.0
2026-09-03,Distrito Comercial La Paz,DIESEL OIL NACIONAL EESS,Diesel Oil Nacional,DIESEL_NACIONAL,EST. SERV. CARRASCO S.R.L.,22000.0
2026-09-03,Distrito Comercial La Paz,DIESEL OIL NACIONAL EESS,Diesel Oil Nacional,DIESEL_NACIONAL,EST. SERV. BALLIVIAN SANTA BARBARA,22000.0
2026-09-03,Distrito Comercial La Paz,DIESEL OIL NACIONAL EESS,Diesel Oil Nacional,DIESEL_NACIONAL,EST. SERV. ADALUZ PETROL,22000.0
2026-09-03,Distrito Comercial La Paz,DIESEL OIL NACIONAL EESS,Diesel Oil Nacional,DIESEL_NACIONAL,EST. SERV. ACHACACHI S.R.L.,20000.0
2026-09-03,Distrito Comercial La Paz,DIESEL OIL NACIONAL EESS,Diesel Oil Nacional,DIESEL_NACIONAL,CLEMENTINA FANNY MAMANI MORALES - EST. SERV. LAHUACHACA Y DISTRIBUCION DE GLP,22000.0
2026-09-03,Distrito Comercial La Paz,DIESEL OIL IMPORTADO GRACO,Diesel Oil Importado,DIESEL_IMPORTADO,LT S.A. SUCURSAL BOLIVIA,24000.0
2026-09-03,Distrito Comercial La Paz,DIESEL OIL IMPORTADO GRACO,Diesel Oil Importado,DIESEL_IMPORTADO,COOPERATIVA MINERA SAIGUANI R.L.,24000.0
2026-09-03,Distrito Comercial La Paz,DIESEL OIL IMPORTADO GRACO,Diesel Oil Importado,DIESEL_IMPORTADO,COOPERATIVA MINERA AURIFERA SAN JOSE DE CHALLANA R.L.,24000.0
2026-09-03,Distrito Comercial La Paz,DIESEL OIL IMPORTADO EESS,Diesel Oil Importado,DIESEL_IMPORTADO,MARIANA J. CAMACHO RAMIREZ - PUESTO DE VENTA MIMARBOZO,20000.0
2026-09-03,Distrito Comercial La Paz,DIESEL OIL IMPORTADO EESS,Diesel Oil Importado,DIESEL_IMPORTADO,"EMPRESA COMERCIALIZADORA, DISTRIBUIDORA DE SERVICIOS Y CARBURANTES ARUZCA MORALES S.R.L.",20000.0
2026-09-03,Distrito Comercial La Paz,DIESEL OIL IMPORTADO EESS,Diesel Oil Importado,DIESEL_IMPORTADO,EFRAIN LOPEZ LUCANA,20000.0
2026-09-03,Distrito Comercial La Paz,DIESEL OIL IMPORTADO EESS,Diesel Oil Importado,DIESEL_IMPORTADO,CHOROPAMPA S.R.L.,24000.0
2026-09-03,Distrito Comercial La Paz,DIESEL OIL IMPORTADO EESS,Diesel Oil Importado,DIESEL_IMPORTADO,ZURSIL S.R.L. - E.S.T.,48000.0
2026-09-03,Distrito Comercial La Paz,DIESEL OIL IMPORTADO EESS,Diesel Oil Importado,DIESEL_IMPORTADO,MARIA PATZI-EST. SERV. VARELA,20000.0
2026-09-03,Distrito Comercial La Paz,DIESEL OIL IMPORTADO EESS,Diesel Oil Importado,DIESEL_IMPORTADO,GREGORIO CUENTAS M. EST. SERV. DRAGON DE ORO,12000.0
2026-09-03,Distrito Comercial La Paz,DIESEL OIL IMPORTADO EESS,Diesel Oil Importado,DIESEL_IMPORTADO,GAS SAN FELIPE S.R.L.,20000.0
2026-09-03,Distrito Comercial La Paz,DIESEL OIL IMPORTADO EESS,Diesel Oil Importado,DIESEL_IMPORTADO,ESTACIÓN DE SERVICIO LAS ROSAS S.R.L.,18000.0
2026-09-03,Distrito Comercial La Paz,DIESEL OIL IMPORTADO EESS,Diesel Oil Importado,DIESEL_IMPORTADO,ESTACIÓN DE SERVICIO ALIMARC INTER GAS BOLIVIA S.R.L.,48000.0
2026-09-03,Distrito Comercial La Paz,DIESEL OIL IMPORTADO EESS,Diesel Oil Importado,DIESEL_IMPORTADO,ESTACION DE SERVICIOS NIMAGASBOL S.R.L.,48000.0
2026-09-03,Distrito Comercial La Paz,DIESEL OIL IMPORTADO EESS,Diesel Oil Importado,DIESEL_IMPORTADO,ESTACION DE SERVICIO ZOFRI S.R.L.,48000.0
2026-09-03,Distrito Comercial La Paz,DIESEL OIL IMPORTADO EESS,Diesel Oil Importado,DIESEL_IMPORTADO,ESTACION DE SERVICIO TERRAGAS LTDA,12000.0
2026-09-03,Distrito Comercial La Paz,DIESEL OIL IMPORTADO EESS,Diesel Oil Importado,DIESEL_IMPORTADO,ESTACION DE SERVICIO TEJADA TRIANGULAR,12000.0
2026-09-03,Distrito Comercial La Paz,DIESEL OIL IMPORTADO EESS,Diesel Oil Importado,DIESEL_IMPORTADO,ESTACION DE SERVICIO SEÑOR DE MAYO S.R.L.,20000.0
2026-09-03,Distrito Comercial La Paz,DIESEL OIL IMPORTADO EESS,Diesel Oil Importado,DIESEL_IMPORTADO,ESTACION DE SERVICIO SAN SEBASTIAN S.R.L.,48000.0
2026-09-03,Distrito Comercial La Paz,DIESEL OIL IMPORTADO EESS,Diesel Oil Importado,DIESEL_IMPORTADO,ESTACION DE SERVICIO LOS ROSALES,24000.0
2026-09-03,Distrito Comercial La Paz,DIESEL OIL IMPORTADO EESS,Diesel Oil Importado,DIESEL_IMPORTADO,ESTACION DE SERVICIO FULL TANK S.R.L.,24000.0
2026-09-03,Distrito Comercial La Paz,DIESEL OIL IMPORTADO EESS,Diesel Oil Importado,DIESEL_IMPORTADO,ESTACION DE SERVICIO CHALLAPAMPA S.R.L.,12000.0
2026-09-03,Distrito Comercial La Paz,DIESEL OIL IMPORTADO EESS,Diesel Oil Importado,DIESEL_IMPORTADO,ESTACION DE SERVICIO CALUYO S.R.L.,20000.0
2026-09-03,Distrito Comercial La Paz,DIESEL OIL IMPORTADO EESS,Diesel Oil Importado,DIESEL_IMPORTADO,ESTACION DE SERVICIO C. REDENTOR S.R.L.,48000.0
2026-09-03,Distrito Comercial La Paz,DIESEL OIL IMPORTADO EESS,Diesel Oil Importado,DIESEL_IMPORTADO,EST. SERV. VOLCAN S.R.L.,36000.0
2026-09-03,Distrito Comercial La Paz,DIESEL OIL IMPORTADO EESS,Diesel Oil Importado,DIESEL_IMPORTADO,EST. SERV. SURTIDORES UNITOURS LTDA.,12000.0
2026-09-03,Distrito Comercial La Paz,DIESEL OIL IMPORTADO EESS,Diesel Oil Importado,DIESEL_IMPORTADO,EST. SERV. SOC. IND. COM. G.L.P.H. LTDA,18000.0
2026-09-03,Distrito Comercial La Paz,DIESEL OIL IMPORTADO EESS,Diesel Oil Importado,DIESEL_IMPORTADO,EST. SERV. SIEMPRE A FULL MIRAFLORES S.R.L. (SAF),12000.0
2026-09-03,Distrito Comercial La Paz,DIESEL OIL IMPORTADO EESS,Diesel Oil Importado,DIESEL_IMPORTADO,EST. SERV. SAN PABLO VILLA BOLIVAR S.R.L.,20000.0
2026-09-03,Distrito Comercial La Paz,DIESEL OIL IMPORTADO EESS,Diesel Oil Importado,DIESEL_IMPORTADO,EST. SERV. SALIDA LTDA,12000.0
2026-09-03,Distrito Comercial La Paz,DIESEL OIL IMPORTADO EESS,Diesel Oil Importado,DIESEL_IMPORTADO,EST. SERV. QHANTATI SRL.,24000.0
2026-09-03,Distrito Comercial La Paz,DIESEL OIL IMPORTADO EESS,Diesel Oil Importado,DIESEL_IMPORTADO,EST. SERV. PLAYA VERDE,24000.0
2026-09-03,Distrito Comercial La Paz,DIESEL OIL IMPORTADO EESS,Diesel Oil Importado,DIESEL_IMPORTADO,EST. SERV. PEREZ ROCHA SRL.,20000.0
2026-09-03,Distrito Comercial La Paz,DIESEL OIL IMPORTADO EESS,Diesel Oil Importado,DIESEL_IMPORTADO,EST. SERV. M&G CAMINO REAL,20000.0
2026-09-03,Distrito Comercial La Paz,DIESEL OIL IMPORTADO EESS,Diesel Oil Importado,DIESEL_IMPORTADO,EST. SERV. LAREDO SRL,48000.0
2026-09-03,Distrito Comercial La Paz,DIESEL OIL IMPORTADO EESS,Diesel Oil Importado,DIESEL_IMPORTADO,EST. SERV. JAIMES FREYRE,12000.0
2026-09-03,Distrito Comercial La Paz,DIESEL OIL IMPORTADO EESS,Diesel Oil Importado,DIESEL_IMPORTADO,EST. SERV. INTEROCEANICO,20000.0
2026-09-03,Distrito Comercial La Paz,DIESEL OIL IMPORTADO EESS,Diesel Oil Importado,DIESEL_IMPORTADO,EST. SERV. ILLIMANI S.R.L.,24000.0
2026-09-03,Distrito Comercial La Paz,DIESEL OIL IMPORTADO EESS,Diesel Oil Importado,DIESEL_IMPORTADO,EST. SERV. GAS-MAY S.R.L.,18000.0
2026-09-03,Distrito Comercial La Paz,DIESEL OIL IMPORTADO EESS,Diesel Oil Importado,DIESEL_IMPORTADO,EST. SERV. GALAXIA S.R.L.,18000.0
2026-09-03,Distrito Comercial La Paz,DIESEL OIL IMPORTADO EESS,Diesel Oil Importado,DIESEL_IMPORTADO,EST. SERV. EMP. COM. HID. TUPAC KATARI S.R.L.,20000.0
2026-09-03,Distrito Comercial La Paz,DIESEL OIL IMPORTADO EESS,Diesel Oil Importado,DIESEL_IMPORTADO,EST. SERV. EL PARAISO SRL.,20000.0
2026-09-03,Distrito Comercial La Paz,DIESEL OIL IMPORTADO EESS,Diesel Oil Importado,DIESEL_IMPORTADO,EST. SERV. EDUARDO YUPANQUI,18000.0
2026-09-03,Distrito Comercial La Paz,DIESEL OIL IMPORTADO EESS,Diesel Oil Importado,DIESEL_IMPORTADO,EST. SERV. CUENTAS SAN PABLO II S.R.L.,20000.0
2026-09-03,Distrito Comercial La Paz,DIESEL OIL IMPORTADO EESS,Diesel Oil Importado,DIESEL_IMPORTADO,EST. SERV. CHUSAMARCA,20000.0
2026-09-03,Distrito Comercial La Paz,DIESEL OIL IMPORTADO EESS,Diesel Oil Importado,DIESEL_IMPORTADO,EST. SERV. CANDELARIA,48000.0
2026-09-03,Distrito Comercial La Paz,DIESEL OIL IMPORTADO EESS,Diesel Oil Importado,DIESEL_IMPORTADO,EST. SERV. BOLIVIA ZURSIL S.R.L.,12000.0
2026-09-03,Distrito Comercial La Paz,DIESEL OIL IMPORTADO EESS,Diesel Oil Importado,DIESEL_IMPORTADO,EST. SERV. APOSTOL SANTIAGO,24000.0
2026-09-03,Distrito Comercial La Paz,DIESEL OIL IMPORTADO EESS,Diesel Oil Importado,DIESEL_IMPORTADO,EST. SERV. 6 DE MARZO,48000.0
2026-09-03,Distrito Comercial La Paz,DIESEL OIL IMPORTADO EESS,Diesel Oil Importado,DIESEL_IMPORTADO,ELSA CHIPANA H. - EST. SERV. ECOPETROL,48000.0
2026-09-03,Distrito Comercial La Paz,DIESEL OIL IMPORTADO EESS,Diesel Oil Importado,DIESEL_IMPORTADO,ELDA S. AGUILAR V. - EST. SERV. JUAN PABLO II,24000.0
2026-09-03,Distrito Comercial La Paz,DIESEL OIL IMPORTADO EESS,Diesel Oil Importado,DIESEL_IMPORTADO,EDUARDO YUPANQUI Q.-EST. SERV. VENTILLA,24000.0
2026-09-03,Distrito Comercial La Paz,DIESEL OIL IMPORTADO EESS,Diesel Oil Importado,DIESEL_IMPORTADO,DISTRIBUIDORA DE GASOLINA Y LUBRICANTES SAN PABLO S.R.L.,12000.0
2026-09-03,Distrito Comercial La Paz,DIESEL OIL IMPORTADO CF,Diesel Oil Importado,DIESEL_IMPORTADO,SILVIA MARINA CUTIPA CONDEMAYTA - EMPRESA CONSTRUCTORA Y CONSULTORA RUANA,19900.0
2026-09-03,Distrito Comercial La Paz,DIESEL OIL IMPORTADO CF,Diesel Oil Importado,DIESEL_IMPORTADO,NUR S.R.L.,10000.0
2026-09-03,Distrito Comercial La Paz,DIESEL OIL IMPORTADO CF,Diesel Oil Importado,DIESEL_IMPORTADO,JUSTO QUISBERT VILLCA - TRES DE FEBRERO,19900.0
2026-09-03,Distrito Comercial La Paz,DIESEL OIL IMPORTADO CF,Diesel Oil Importado,DIESEL_IMPORTADO,EMPRESA MINERA ZURICH S.R.L.,19900.0
2026-09-03,Distrito Comercial La Paz,DIESEL OIL IMPORTADO CF,Diesel Oil Importado,DIESEL_IMPORTADO,EMPRESA MINERA NICORANI S.R.L.,19900.0
2026-09-03,Distrito Comercial La Paz,DIESEL OIL IMPORTADO CF,Diesel Oil Importado,DIESEL_IMPORTADO,EMPRESA MINERA METAL ROD S.R.L.,19900.0
2026-09-03,Distrito Comercial La Paz,DIESEL OIL IMPORTADO CF,Diesel Oil Importado,DIESEL_IMPORTADO,EMPRESA MINERA MARRUECOS S.R.L.,19900.0
2026-09-03,Distrito Comercial La Paz,DIESEL OIL IMPORTADO CF,Diesel Oil Importado,DIESEL_IMPORTADO,EMPRESA MINERA KALAPAYA S.R.L.,19900.0
2026-09-03,Distrito Comercial La Paz,DIESEL OIL IMPORTADO CF,Diesel Oil Importado,DIESEL_IMPORTADO,EMPRESA MINERA KALAMSTA S.R.L.,19900.0
2026-09-03,Distrito Comercial La Paz,DIESEL OIL IMPORTADO CF,Diesel Oil Importado,DIESEL_IMPORTADO,EMPRESA MINERA GOLDREAL S.R.L.,19900.0
2026-09-03,Distrito Comercial La Paz,DIESEL OIL IMPORTADO CF,Diesel Oil Importado,DIESEL_IMPORTADO,EMPRESA MINERA EXPLORINGOLD S.R.L.,19900.0
2026-09-03,Distrito Comercial La Paz,DIESEL OIL IMPORTADO CF,Diesel Oil Importado,DIESEL_IMPORTADO,EMPRESA MINERA DUARBEN S.R.L.,19900.0
2026-09-03,Distrito Comercial La Paz,DIESEL OIL IMPORTADO CF,Diesel Oil Importado,DIESEL_IMPORTADO,EMPRESA MINERA COTAPAMPA S.R.L.,19900.0
2026-09-02,Distrito Comercial La Paz,GLP DISTRIB. 45 KILOS NAL,GLP,GLP,SAN JUDAS TADEO SOCIEDAD DE RESPONSABILIDAD LIMITADA,2700.0
2026-09-02,Distrito Comercial La Paz,GLP DISTRIB. 45 KILOS NAL,GLP,GLP,DIST. GLP. SAMO S.A.,4500.0
2026-09-02,Distrito Comercial La Paz,GLP DISTRIB. 45 KILOS NAL,GLP,GLP,DIST. GLP. PROGAS S.R.L.,1800.0
2026-09-02,Distrito Comercial La Paz,GLP DISTRIB. 45 KILOS NAL,GLP,GLP,DIST. GLP. ESMERALDA GAS SRL.,1800.0
2026-09-02,Distrito Comercial La Paz,GLP DISTRIB. 45 KILOS NAL,GLP,GLP,A.A.V.V. GAS S.R.L.,2250.0
2026-09-02,Distrito Comercial La Paz,GLP DISTRIB. 10 KILOS NAL,GLP,GLP,SANDRA CALLIZAYA CH. - DIST. GLP APOLOBAMBA,6750.0
2026-09-02,Distrito Comercial La Paz,GLP DISTRIB. 10 KILOS NAL,GLP,GLP,SAN JUDAS TADEO SOCIEDAD DE RESPONSABILIDAD LIMITADA,29000.0
2026-09-02,Distrito Comercial La Paz,GLP DISTRIB. 10 KILOS NAL,GLP,GLP,ISABEL DURAN DE ITURRI - DIST. GLP DURA GAS,29000.0
2026-09-02,Distrito Comercial La Paz,GLP DISTRIB. 10 KILOS NAL,GLP,GLP,GMGRECO GAS SOCIEDAD DE RESPONSABILIDAD LIMITADA,29000.0
2026-09-02,Distrito Comercial La Paz,GLP DISTRIB. 10 KILOS NAL,GLP,GLP,DISTRIBUIDORA DE GLP SAN FRANCISCO -LUCIANO SILLO CONDORI S.R.L.,18000.0
2026-09-02,Distrito Comercial La Paz,GLP DISTRIB. 10 KILOS NAL,GLP,GLP,DIST. GLP. VIAGAS,29000.0
2026-09-02,Distrito Comercial La Paz,GLP DISTRIB. 10 KILOS NAL,GLP,GLP,DIST. GLP. TRIPETROL S.R.L.,38000.0
2026-09-02,Distrito Comercial La Paz,GLP DISTRIB. 10 KILOS NAL,GLP,GLP,DIST. GLP. SOCIEDAD PETROLERA SANTA ELENA S.R.L. (SOPESE S.R.L.),29000.0
2026-09-02,Distrito Comercial La Paz,GLP DISTRIB. 10 KILOS NAL,GLP,GLP,DIST. GLP. SAN MIGUEL,8840.0
2026-09-02,Distrito Comercial La Paz,GLP DISTRIB. 10 KILOS NAL,GLP,GLP,DIST. GLP. SAMO S.A.,29000.0
2026-09-02,Distrito Comercial La Paz,GLP DISTRIB. 10 KILOS NAL,GLP,GLP,DIST. GLP. PROGAS S.R.L.,29000.0
2026-09-02,Distrito Comercial La Paz,GLP DISTRIB. 10 KILOS NAL,GLP,GLP,DIST. GLP. LA CALZADA-SUD YUNGAS,14370.0
2026-09-02,Distrito Comercial La Paz,GLP DISTRIB. 10 KILOS NAL,GLP,GLP,DIST. GLP. ESMERALDA GAS SRL.,29000.0
2026-09-02,Distrito Comercial La Paz,GLP DISTRIB. 10 KILOS NAL,GLP,GLP,DIST. GLP. DISANDES S.R.L.,12000.0
2026-09-02,Distrito Comercial La Paz,GLP DISTRIB. 10 KILOS NAL,GLP,GLP,DIST. GLP SORATA PERLA ANDINA S.R.L.,7500.0
2026-09-02,Distrito Comercial La Paz,GLP DISTRIB. 10 KILOS NAL,GLP,GLP,DIST. GLP PALOS BLANCOS - SDENKA PEREZ LARICO,9000.0
2026-09-02,Distrito Comercial La Paz,GLP DISTRIB. 10 KILOS NAL,GLP,GLP,DIST. GLP FLOR DEL NORTE S.R.L.,9000.0
2026-09-02,Distrito Comercial La Paz,GLP DISTRIB. 10 KILOS NAL,GLP,GLP,DIST. GLP ANGELES,12000.0
2026-09-02,Distrito Comercial La Paz,GLP DISTRIB. 10 KILOS NAL,GLP,GLP,A.A.V.V. GAS S.R.L.,29000.0
2026-09-02,Distrito Comercial La Paz,GASOLINA ESPECIAL EESS,Gasolina Especial,GASOLINA_ESPECIAL,PATRICIA QUIROZ SIRPA - PUESTO DE VENTA PATTY,22000.0
2026-09-02,Distrito Comercial La Paz,GASOLINA ESPECIAL EESS,Gasolina Especial,GASOLINA_ESPECIAL,NEW PETROL BOLIVIA SUCURSAL 2,24000.0
2026-09-02,Distrito Comercial La Paz,GASOLINA ESPECIAL EESS,Gasolina Especial,GASOLINA_ESPECIAL,"EMPRESA COMERCIALIZADORA, DISTRIBUIDORA DE SERVICIOS Y CARBURANTES ARUZCA MORALES S.R.L.",22000.0
2026-09-02,Distrito Comercial La Paz,GASOLINA ESPECIAL EESS,Gasolina Especial,GASOLINA_ESPECIAL,EFRAIN LOPEZ LUCANA,22000.0
2026-09-02,Distrito Comercial La Paz,GASOLINA ESPECIAL EESS,Gasolina Especial,GASOLINA_ESPECIAL,SILVIA TORREZ.- EST. SERV. TORREZ,22000.0
2026-09-02,Distrito Comercial La Paz,GASOLINA ESPECIAL EESS,Gasolina Especial,GASOLINA_ESPECIAL,PANAMERICANA INTERNACIONAL S.R.L. PAINTER S.R.L.,12000.0
2026-09-02,Distrito Comercial La Paz,GASOLINA ESPECIAL EESS,Gasolina Especial,GASOLINA_ESPECIAL,OFELIA PLATA P. - EST. SERV. UMAMARCA,24000.0
2026-09-02,Distrito Comercial La Paz,GASOLINA ESPECIAL EESS,Gasolina Especial,GASOLINA_ESPECIAL,MARIO ALVAREZ M. EST. SERV. ALVAPETROL,22000.0
2026-09-02,Distrito Comercial La Paz,GASOLINA ESPECIAL EESS,Gasolina Especial,GASOLINA_ESPECIAL,IVAN MATIAS V. - EST. SERV. REYES MATIAS,22000.0
2026-09-02,Distrito Comercial La Paz,GASOLINA ESPECIAL EESS,Gasolina Especial,GASOLINA_ESPECIAL,GABY PACO CH. - EST. SERV. COLQUEPATA,22000.0
2026-09-02,Distrito Comercial La Paz,GASOLINA ESPECIAL EESS,Gasolina Especial,GASOLINA_ESPECIAL,ESTACION DE SERVICIOS YARA S.R.L.,22000.0
2026-09-02,Distrito Comercial La Paz,GASOLINA ESPECIAL EESS,Gasolina Especial,GASOLINA_ESPECIAL,ESTACION DE SERVICIO TIAHUANACU S.R.L.,30000.0
2026-09-02,Distrito Comercial La Paz,GASOLINA ESPECIAL EESS,Gasolina Especial,GASOLINA_ESPECIAL,ESTACION DE SERVICIO MADAGASCAR S.R.L.,22000.0
2026-09-02,Distrito Comercial La Paz,GASOLINA ESPECIAL EESS,Gasolina Especial,GASOLINA_ESPECIAL,ESTACION DE SERVICIO ISSUCADELA S.R.L,22000.0
2026-09-02,Distrito Comercial La Paz,GASOLINA ESPECIAL EESS,Gasolina Especial,GASOLINA_ESPECIAL,ESTACION DE SERVICIO GERENCIA AYMARA S.R.L.,22000.0
2026-09-02,Distrito Comercial La Paz,GASOLINA ESPECIAL EESS,Gasolina Especial,GASOLINA_ESPECIAL,ESTACION DE SERVICIO ESPIGA DE ORO S.R.L.,22000.0
2026-09-02,Distrito Comercial La Paz,GASOLINA ESPECIAL EESS,Gasolina Especial,GASOLINA_ESPECIAL,EST. SERV. PLAYA VERDE,24000.0
2026-09-02,Distrito Comercial La Paz,GASOLINA ESPECIAL EESS,Gasolina Especial,GASOLINA_ESPECIAL,EST. SERV. PALOS BLANCOS,22000.0
2026-09-02,Distrito Comercial La Paz,GASOLINA ESPECIAL EESS,Gasolina Especial,GASOLINA_ESPECIAL,EST. SERV. M&G CAMINO REAL,24000.0
2026-09-02,Distrito Comercial La Paz,GASOLINA ESPECIAL EESS,Gasolina Especial,GASOLINA_ESPECIAL,EST. SERV. GASOLCAMP S.R.L.,22000.0
2026-09-02,Distrito Comercial La Paz,GASOLINA ESPECIAL EESS,Gasolina Especial,GASOLINA_ESPECIAL,EST. SERV. DESAGUADERO S.R.L.,22000.0
2026-09-02,Distrito Comercial La Paz,GASOLINA ESPECIAL EESS,Gasolina Especial,GASOLINA_ESPECIAL,EST. SERV. CUENTAS SAN PABLO II S.R.L.,24000.0
2026-09-02,Distrito Comercial La Paz,GASOLINA ESPECIAL EESS,Gasolina Especial,GASOLINA_ESPECIAL,EST. SERV. BALLIVIAN,22000.0
2026-09-02,Distrito Comercial La Paz,GASOLINA ESPECIAL EESS,Gasolina Especial,GASOLINA_ESPECIAL,EST. SERV. ADALUZ PETROL,22000.0
2026-09-02,Distrito Comercial La Paz,GASOLINA ESPECIAL EESS,Gasolina Especial,GASOLINA_ESPECIAL,EST. SERV. ACHACACHI S.R.L.,20000.0
2026-09-02,Distrito Comercial La Paz,GASOLINA ESPECIAL EESS,Gasolina Especial,GASOLINA_ESPECIAL,CANIAX S.R.L.,22000.0
2026-09-02,Distrito Comercial La Paz,GASOLINA ESPECIAL + EESS,Gasolina Especial +,GASOLINA_ESPECIAL_MAS,OFELIA PLATA P. - EST. SERV. DARTAÑAN,24000.0
2026-09-02,Distrito Comercial La Paz,GASOLINA ESPECIAL + CF,Gasolina Especial +,GASOLINA_ESPECIAL_MAS,ASOCIACION DE TRANSPORTE LACUSTRE 21 DE SEPTIEMBRE DE SAN PEDRO DE TIQUINA,10000.0
2026-09-02,Distrito Comercial La Paz,GASOLINA ESPECIAL + (S/DSI),Gasolina Especial +,GASOLINA_ESPECIAL_MAS,INTEGRACION Y PROGRESO COMUNITARIO S.R.L.,6000.0
2026-09-02,Distrito Comercial La Paz,GASOLINA ESPECIAL + (S/DSI),Gasolina Especial +,GASOLINA_ESPECIAL_MAS,ZURSIL S.R.L. - E.S.T.,18000.0
2026-09-02,Distrito Comercial La Paz,GASOLINA ESPECIAL + (S/DSI),Gasolina Especial +,GASOLINA_ESPECIAL_MAS,MARIA PATZI-EST. SERV. VARELA,24000.0
2026-09-02,Distrito Comercial La Paz,GASOLINA ESPECIAL + (S/DSI),Gasolina Especial +,GASOLINA_ESPECIAL_MAS,GRUPO EMPRESARIAL VIRGEN DE LOS ALAMOS S.R.L.,24000.0
2026-09-02,Distrito Comercial La Paz,GASOLINA ESPECIAL + (S/DSI),Gasolina Especial +,GASOLINA_ESPECIAL_MAS,GREGORIO CUENTAS M. EST. SERV. DRAGON DE ORO,24000.0
2026-09-02,Distrito Comercial La Paz,GASOLINA ESPECIAL + (S/DSI),Gasolina Especial +,GASOLINA_ESPECIAL_MAS,GAS SAN FELIPE S.R.L.,24000.0
2026-09-02,Distrito Comercial La Paz,GASOLINA ESPECIAL + (S/DSI),Gasolina Especial +,GASOLINA_ESPECIAL_MAS,ESTACIÓN DE SERVICIO LAS ROSAS S.R.L.,20000.0
2026-09-02,Distrito Comercial La Paz,GASOLINA ESPECIAL + (S/DSI),Gasolina Especial +,GASOLINA_ESPECIAL_MAS,ESTACIÓN DE SERVICIO ALIMARC INTER GAS BOLIVIA S.R.L.,12000.0
2026-09-02,Distrito Comercial La Paz,GASOLINA ESPECIAL + (S/DSI),Gasolina Especial +,GASOLINA_ESPECIAL_MAS,ESTACION DE SERVICIOS NIMAGASBOL S.R.L.,18000.0
2026-09-02,Distrito Comercial La Paz,GASOLINA ESPECIAL + (S/DSI),Gasolina Especial +,GASOLINA_ESPECIAL_MAS,ESTACION DE SERVICIO ZOFRI S.R.L.,12000.0
2026-09-02,Distrito Comercial La Paz,GASOLINA ESPECIAL + (S/DSI),Gasolina Especial +,GASOLINA_ESPECIAL_MAS,ESTACION DE SERVICIO TERRAGAS LTDA,24000.0
2026-09-02,Distrito Comercial La Paz,GASOLINA ESPECIAL + (S/DSI),Gasolina Especial +,GASOLINA_ESPECIAL_MAS,ESTACION DE SERVICIO TEJADA TRIANGULAR,20000.0
2026-09-02,Distrito Comercial La Paz,GASOLINA ESPECIAL + (S/DSI),Gasolina Especial +,GASOLINA_ESPECIAL_MAS,ESTACION DE SERVICIO SEÑOR DE MAYO S.R.L.,20000.0
2026-09-02,Distrito Comercial La Paz,GASOLINA ESPECIAL + (S/DSI),Gasolina Especial +,GASOLINA_ESPECIAL_MAS,ESTACION DE SERVICIO SAN SEBASTIAN S.R.L.,18000.0
2026-09-02,Distrito Comercial La Paz,GASOLINA ESPECIAL + (S/DSI),Gasolina Especial +,GASOLINA_ESPECIAL_MAS,ESTACION DE SERVICIO LOZA - MARCELINA AGUIRRE VDA. DE LOZA,24000.0
2026-09-02,Distrito Comercial La Paz,GASOLINA ESPECIAL + (S/DSI),Gasolina Especial +,GASOLINA_ESPECIAL_MAS,ESTACION DE SERVICIO LOS ROSALES,24000.0
2026-09-02,Distrito Comercial La Paz,GASOLINA ESPECIAL + (S/DSI),Gasolina Especial +,GASOLINA_ESPECIAL_MAS,ESTACION DE SERVICIO KORY INTI S.R.L.,24000.0
2026-09-02,Distrito Comercial La Paz,GASOLINA ESPECIAL + (S/DSI),Gasolina Especial +,GASOLINA_ESPECIAL_MAS,ESTACION DE SERVICIO KANTUTA S.R.L.,36000.0
2026-09-02,Distrito Comercial La Paz,GASOLINA ESPECIAL + (S/DSI),Gasolina Especial +,GASOLINA_ESPECIAL_MAS,ESTACION DE SERVICIO JACHA INTI S.R.L.,24000.0
2026-09-02,Distrito Comercial La Paz,GASOLINA ESPECIAL + (S/DSI),Gasolina Especial +,GASOLINA_ESPECIAL_MAS,ESTACION DE SERVICIO FULL TANK S.R.L.,18000.0
2026-09-02,Distrito Comercial La Paz,GASOLINA ESPECIAL + (S/DSI),Gasolina Especial +,GASOLINA_ESPECIAL_MAS,ESTACION DE SERVICIO CALUYO S.R.L.,20000.0
2026-09-02,Distrito Comercial La Paz,GASOLINA ESPECIAL + (S/DSI),Gasolina Especial +,GASOLINA_ESPECIAL_MAS,ESTACION DE SERVICIO C. REDENTOR S.R.L.,18000.0
2026-09-02,Distrito Comercial La Paz,GASOLINA ESPECIAL + (S/DSI),Gasolina Especial +,GASOLINA_ESPECIAL_MAS,EST. SERV. YUPANQUI,12000.0
2026-09-02,Distrito Comercial La Paz,GASOLINA ESPECIAL + (S/DSI),Gasolina Especial +,GASOLINA_ESPECIAL_MAS,EST. SERV. VOLCAN S.R.L.,48000.0
2026-09-02,Distrito Comercial La Paz,GASOLINA ESPECIAL + (S/DSI),Gasolina Especial +,GASOLINA_ESPECIAL_MAS,EST. SERV. TEXAS S.R.L.,20000.0
2026-09-02,Distrito Comercial La Paz,GASOLINA ESPECIAL + (S/DSI),Gasolina Especial +,GASOLINA_ESPECIAL_MAS,EST. SERV. SOC. IND. COM. G.L.P.H. LTDA,20000.0
2026-09-02,Distrito Comercial La Paz,GASOLINA ESPECIAL + (S/DSI),Gasolina Especial +,GASOLINA_ESPECIAL_MAS,EST. SERV. SIEMPRE A FULL MIRAFLORES S.R.L. (SAF),36000.0
2026-09-02,Distrito Comercial La Paz,GASOLINA ESPECIAL + (S/DSI),Gasolina Especial +,GASOLINA_ESPECIAL_MAS,EST. SERV. SAN PABLO VILLA BOLIVAR S.R.L.,20000.0
2026-09-02,Distrito Comercial La Paz,GASOLINA ESPECIAL + (S/DSI),Gasolina Especial +,GASOLINA_ESPECIAL_MAS,EST. SERV. SALIDA LTDA,18000.0
2026-09-02,Distrito Comercial La Paz,GASOLINA ESPECIAL + (S/DSI),Gasolina Especial +,GASOLINA_ESPECIAL_MAS,EST. SERV. QHANTATI SRL.,24000.0
2026-09-02,Distrito Comercial La Paz,GASOLINA ESPECIAL + (S/DSI),Gasolina Especial +,GASOLINA_ESPECIAL_MAS,EST. SERV. PEREZ ROCHA SRL.,20000.0
2026-09-02,Distrito Comercial La Paz,GASOLINA ESPECIAL + (S/DSI),Gasolina Especial +,GASOLINA_ESPECIAL_MAS,EST. SERV. MOTORECO SRL.,36000.0
2026-09-02,Distrito Comercial La Paz,GASOLINA ESPECIAL + (S/DSI),Gasolina Especial +,GASOLINA_ESPECIAL_MAS,EST. SERV. LUBRICAN SRL,24000.0
2026-09-02,Distrito Comercial La Paz,GASOLINA ESPECIAL + (S/DSI),Gasolina Especial +,GASOLINA_ESPECIAL_MAS,EST. SERV. LOS ANDES SRL,18000.0
2026-09-02,Distrito Comercial La Paz,GASOLINA ESPECIAL + (S/DSI),Gasolina Especial +,GASOLINA_ESPECIAL_MAS,EST. SERV. LAREDO SRL,18000.0
2026-09-02,Distrito Comercial La Paz,GASOLINA ESPECIAL + (S/DSI),Gasolina Especial +,GASOLINA_ESPECIAL_MAS,EST. SERV. JAIMES FREYRE,24000.0
2026-09-02,Distrito Comercial La Paz,GASOLINA ESPECIAL + (S/DSI),Gasolina Especial +,GASOLINA_ESPECIAL_MAS,EST. SERV. INTEROCEANICO,20000.0
2026-09-02,Distrito Comercial La Paz,GASOLINA ESPECIAL + (S/DSI),Gasolina Especial +,GASOLINA_ESPECIAL_MAS,EST. SERV. ILLIMANI S.R.L.,20000.0
2026-09-02,Distrito Comercial La Paz,GASOLINA ESPECIAL + (S/DSI),Gasolina Especial +,GASOLINA_ESPECIAL_MAS,EST. SERV. GAS-MAY S.R.L.,24000.0
2026-09-02,Distrito Comercial La Paz,GASOLINA ESPECIAL + (S/DSI),Gasolina Especial +,GASOLINA_ESPECIAL_MAS,EST. SERV. GAS CENTRO S.R.L.,18000.0
2026-09-02,Distrito Comercial La Paz,GASOLINA ESPECIAL + (S/DSI),Gasolina Especial +,GASOLINA_ESPECIAL_MAS,EST. SERV. GALAXIA S.R.L.,24000.0
2026-09-02,Distrito Comercial La Paz,GASOLINA ESPECIAL + (S/DSI),Gasolina Especial +,GASOLINA_ESPECIAL_MAS,EST. SERV. EMP. COM. HID. TUPAC KATARI S.R.L.,36000.0
2026-09-02,Distrito Comercial La Paz,GASOLINA ESPECIAL + (S/DSI),Gasolina Especial +,GASOLINA_ESPECIAL_MAS,EST. SERV. EL PARAISO SRL.,24000.0
2026-09-02,Distrito Comercial La Paz,GASOLINA ESPECIAL + (S/DSI),Gasolina Especial +,GASOLINA_ESPECIAL_MAS,EST. SERV. CRISTO AUTO GAS SRL.,24000.0
2026-09-02,Distrito Comercial La Paz,GASOLINA ESPECIAL + (S/DSI),Gasolina Especial +,GASOLINA_ESPECIAL_MAS,EST. SERV. COSTANERA SRL.,24000.0
2026-09-02,Distrito Comercial La Paz,GASOLINA ESPECIAL + (S/DSI),Gasolina Especial +,GASOLINA_ESPECIAL_MAS,EST. SERV. CHASQUIPAMPA S.R.L.,24000.0
2026-09-02,Distrito Comercial La Paz,GASOLINA ESPECIAL + (S/DSI),Gasolina Especial +,GASOLINA_ESPECIAL_MAS,EST. SERV. CARSUR S.R.L.,48000.0
2026-09-02,Distrito Comercial La Paz,GASOLINA ESPECIAL + (S/DSI),Gasolina Especial +,GASOLINA_ESPECIAL_MAS,EST. SERV. CANDELARIA,18000.0
2026-09-02,Distrito Comercial La Paz,GASOLINA ESPECIAL + (S/DSI),Gasolina Especial +,GASOLINA_ESPECIAL_MAS,EST. SERV. BOLIVIA ZURSIL S.R.L.,12000.0
2026-09-02,Distrito Comercial La Paz,GASOLINA ESPECIAL + (S/DSI),Gasolina Especial +,GASOLINA_ESPECIAL_MAS,EST. SERV. BASSAM LTDA,24000.0
2026-09-02,Distrito Comercial La Paz,GASOLINA ESPECIAL + (S/DSI),Gasolina Especial +,GASOLINA_ESPECIAL_MAS,EST. SERV. APOSTOL SANTIAGO,20000.0
2026-09-02,Distrito Comercial La Paz,GASOLINA ESPECIAL + (S/DSI),Gasolina Especial +,GASOLINA_ESPECIAL_MAS,EST. SERV. ALTO LIMA S.R.L.,12000.0
2026-09-02,Distrito Comercial La Paz,GASOLINA ESPECIAL + (S/DSI),Gasolina Especial +,GASOLINA_ESPECIAL_MAS,EST. SERV. ACB SAN JORGE,24000.0
2026-09-02,Distrito Comercial La Paz,GASOLINA ESPECIAL + (S/DSI),Gasolina Especial +,GASOLINA_ESPECIAL_MAS,EST. SERV. ACB CALACOTO,36000.0
2026-09-02,Distrito Comercial La Paz,GASOLINA ESPECIAL + (S/DSI),Gasolina Especial +,GASOLINA_ESPECIAL_MAS,EST. SERV. 6 DE MARZO,12000.0
2026-09-02,Distrito Comercial La Paz,GASOLINA ESPECIAL + (S/DSI),Gasolina Especial +,GASOLINA_ESPECIAL_MAS,ELSA CHIPANA H. - EST. SERV. ECOPETROL,18000.0
2026-09-02,Distrito Comercial La Paz,GASOLINA ESPECIAL + (S/DSI),Gasolina Especial +,GASOLINA_ESPECIAL_MAS,ELDA S. AGUILAR V. - EST. SERV. JUAN PABLO II,24000.0
2026-09-02,Distrito Comercial La Paz,GASOLINA ESPECIAL + (S/DSI),Gasolina Especial +,GASOLINA_ESPECIAL_MAS,DISTRIBUIDORA DE GASOLINA Y LUBRICANTES SAN PABLO S.R.L.,24000.0
2026-09-02,Distrito Comercial La Paz,DIESEL OIL NACIONAL EESS,Diesel Oil Nacional,DIESEL_NACIONAL,SOCIEDAD PERLA ANDINA S.R.L.,24000.0
2026-09-02,Distrito Comercial La Paz,DIESEL OIL NACIONAL EESS,Diesel Oil Nacional,DIESEL_NACIONAL,SANTA ROSA PERLA DEL BENI S.R.L.,24000.0
2026-09-02,Distrito Comercial La Paz,DIESEL OIL NACIONAL EESS,Diesel Oil Nacional,DIESEL_NACIONAL,PANAMERICANA INTERNACIONAL S.R.L. PAINTER S.R.L.,24000.0
2026-09-02,Distrito Comercial La Paz,DIESEL OIL NACIONAL EESS,Diesel Oil Nacional,DIESEL_NACIONAL,MARIO ALVAREZ M. EST. SERV. ALVAPETROL,24000.0
2026-09-02,Distrito Comercial La Paz,DIESEL OIL NACIONAL EESS,Diesel Oil Nacional,DIESEL_NACIONAL,IVAN MATIAS V. - EST. SERV. REYES MATIAS,24000.0
2026-09-02,Distrito Comercial La Paz,DIESEL OIL NACIONAL EESS,Diesel Oil Nacional,DIESEL_NACIONAL,GABY PACO CH. - EST. SERV. COLQUEPATA,24000.0
2026-09-02,Distrito Comercial La Paz,DIESEL OIL NACIONAL EESS,Diesel Oil Nacional,DIESEL_NACIONAL,FREDY LIMACHI CHALLCO - EST. SERV. DON LEO,24000.0
2026-09-02,Distrito Comercial La Paz,DIESEL OIL NACIONAL EESS,Diesel Oil Nacional,DIESEL_NACIONAL,ESTACIÓN DE SERVICIO KONANI S.R.L.,24000.0
2026-09-02,Distrito Comercial La Paz,DIESEL OIL NACIONAL EESS,Diesel Oil Nacional,DIESEL_NACIONAL,ESTACION DE SERVICIOS YARA S.R.L.,24000.0
2026-09-02,Distrito Comercial La Paz,DIESEL OIL NACIONAL EESS,Diesel Oil Nacional,DIESEL_NACIONAL,ESTACION DE SERVICIO TEOPONTE S.R.L.,24000.0
2026-09-02,Distrito Comercial La Paz,DIESEL OIL NACIONAL EESS,Diesel Oil Nacional,DIESEL_NACIONAL,ESTACION DE SERVICIO PARAISO TROPICAL,24000.0
2026-09-02,Distrito Comercial La Paz,DIESEL OIL NACIONAL EESS,Diesel Oil Nacional,DIESEL_NACIONAL,ESTACION DE SERVICIO ISSUCADELA S.R.L,24000.0
2026-09-02,Distrito Comercial La Paz,DIESEL OIL NACIONAL EESS,Diesel Oil Nacional,DIESEL_NACIONAL,ESTACION DE SERVICIO GERENCIA AYMARA S.R.L.,24000.0
2026-09-02,Distrito Comercial La Paz,DIESEL OIL NACIONAL EESS,Diesel Oil Nacional,DIESEL_NACIONAL,ESTACION DE SERVICIO ESPIGA DE ORO S.R.L.,24000.0
2026-09-02,Distrito Comercial La Paz,DIESEL OIL NACIONAL EESS,Diesel Oil Nacional,DIESEL_NACIONAL,ESTACION DE SERVICIO COTA PATA S.R.L.,24000.0
2026-09-02,Distrito Comercial La Paz,DIESEL OIL NACIONAL EESS,Diesel Oil Nacional,DIESEL_NACIONAL,EST. SERV. IRIARTE SAN BORJA,24000.0
2026-09-02,Distrito Comercial La Paz,DIESEL OIL NACIONAL EESS,Diesel Oil Nacional,DIESEL_NACIONAL,EST. SERV. DESAGUADERO S.R.L.,24000.0
2026-09-02,Distrito Comercial La Paz,DIESEL OIL NACIONAL EESS,Diesel Oil Nacional,DIESEL_NACIONAL,EST. SERV. CRUCE LURIBAY S.R.L.,24000.0
2026-09-02,Distrito Comercial La Paz,DIESEL OIL NACIONAL EESS,Diesel Oil Nacional,DIESEL_NACIONAL,EST. SERV. CARBURANTES SAN MIGUEL,24000.0
2026-09-02,Distrito Comercial La Paz,DIESEL OIL NACIONAL EESS,Diesel Oil Nacional,DIESEL_NACIONAL,CANIAX S.R.L.,22000.0
2026-09-02,Distrito Comercial La Paz,DIESEL OIL IMPORTADO GRACO,Diesel Oil Importado,DIESEL_IMPORTADO,ENTIDAD DESCENTRALIZADA MUNICIPAL DE MAQUINARIA Y EQUIPO,22000.0
2026-09-02,Distrito Comercial La Paz,DIESEL OIL IMPORTADO EESS,Diesel Oil Importado,DIESEL_IMPORTADO,NEW PETROL BOLIVIA SUCURSAL 2,24000.0
2026-09-02,Distrito Comercial La Paz,DIESEL OIL IMPORTADO EESS,Diesel Oil Importado,DIESEL_IMPORTADO,INTEGRACION Y PROGRESO COMUNITARIO S.R.L.,5000.0
2026-09-02,Distrito Comercial La Paz,DIESEL OIL IMPORTADO EESS,Diesel Oil Importado,DIESEL_IMPORTADO,ZURSIL S.R.L. - E.S.T.,48000.0
2026-09-02,Distrito Comercial La Paz,DIESEL OIL IMPORTADO EESS,Diesel Oil Importado,DIESEL_IMPORTADO,MARIA PATZI-EST. SERV. VARELA,24000.0
2026-09-02,Distrito Comercial La Paz,DIESEL OIL IMPORTADO EESS,Diesel Oil Importado,DIESEL_IMPORTADO,GREGORIO CUENTAS M. EST. SERV. DRAGON DE ORO,12000.0
2026-09-02,Distrito Comercial La Paz,DIESEL OIL IMPORTADO EESS,Diesel Oil Importado,DIESEL_IMPORTADO,GAS SAN FELIPE S.R.L.,20000.0
2026-09-02,Distrito Comercial La Paz,DIESEL OIL IMPORTADO EESS,Diesel Oil Importado,DIESEL_IMPORTADO,ESTACIÓN DE SERVICIO LAS ROSAS S.R.L.,18000.0
2026-09-02,Distrito Comercial La Paz,DIESEL OIL IMPORTADO EESS,Diesel Oil Importado,DIESEL_IMPORTADO,ESTACIÓN DE SERVICIO ALIMARC INTER GAS BOLIVIA S.R.L.,48000.0
2026-09-02,Distrito Comercial La Paz,DIESEL OIL IMPORTADO EESS,Diesel Oil Importado,DIESEL_IMPORTADO,ESTACION DE SERVICIOS NIMAGASBOL S.R.L.,48000.0
2026-09-02,Distrito Comercial La Paz,DIESEL OIL IMPORTADO EESS,Diesel Oil Importado,DIESEL_IMPORTADO,ESTACION DE SERVICIO ZOFRI S.R.L.,48000.0
2026-09-02,Distrito Comercial La Paz,DIESEL OIL IMPORTADO EESS,Diesel Oil Importado,DIESEL_IMPORTADO,ESTACION DE SERVICIO TEJADA TRIANGULAR,18000.0
2026-09-02,Distrito Comercial La Paz,DIESEL OIL IMPORTADO EESS,Diesel Oil Importado,DIESEL_IMPORTADO,ESTACION DE SERVICIO SEÑOR DE MAYO S.R.L.,20000.0
2026-09-02,Distrito Comercial La Paz,DIESEL OIL IMPORTADO EESS,Diesel Oil Importado,DIESEL_IMPORTADO,ESTACION DE SERVICIO SAN SEBASTIAN S.R.L.,48000.0
2026-09-02,Distrito Comercial La Paz,DIESEL OIL IMPORTADO EESS,Diesel Oil Importado,DIESEL_IMPORTADO,ESTACION DE SERVICIO LOS ROSALES,18000.0
2026-09-02,Distrito Comercial La Paz,DIESEL OIL IMPORTADO EESS,Diesel Oil Importado,DIESEL_IMPORTADO,ESTACION DE SERVICIO FULL TANK S.R.L.,24000.0
2026-09-02,Distrito Comercial La Paz,DIESEL OIL IMPORTADO EESS,Diesel Oil Importado,DIESEL_IMPORTADO,ESTACION DE SERVICIO CHALLAPAMPA S.R.L.,12000.0
2026-09-02,Distrito Comercial La Paz,DIESEL OIL IMPORTADO EESS,Diesel Oil Importado,DIESEL_IMPORTADO,ESTACION DE SERVICIO CALUYO S.R.L.,24000.0
2026-09-02,Distrito Comercial La Paz,DIESEL OIL IMPORTADO EESS,Diesel Oil Importado,DIESEL_IMPORTADO,ESTACION DE SERVICIO C. REDENTOR S.R.L.,48000.0
2026-09-02,Distrito Comercial La Paz,DIESEL OIL IMPORTADO EESS,Diesel Oil Importado,DIESEL_IMPORTADO,EST. SERV. VOLCAN S.R.L.,36000.0
2026-09-02,Distrito Comercial La Paz,DIESEL OIL IMPORTADO EESS,Diesel Oil Importado,DIESEL_IMPORTADO,EST. SERV. TEXAS S.R.L.,12000.0
2026-09-02,Distrito Comercial La Paz,DIESEL OIL IMPORTADO EESS,Diesel Oil Importado,DIESEL_IMPORTADO,EST. SERV. SURTIDORES UNITOURS LTDA.,18000.0
2026-09-02,Distrito Comercial La Paz,DIESEL OIL IMPORTADO EESS,Diesel Oil Importado,DIESEL_IMPORTADO,EST. SERV. SAN PABLO VILLA BOLIVAR S.R.L.,24000.0
2026-09-02,Distrito Comercial La Paz,DIESEL OIL IMPORTADO EESS,Diesel Oil Importado,DIESEL_IMPORTADO,EST. SERV. SALIDA LTDA,18000.0
2026-09-02,Distrito Comercial La Paz,DIESEL OIL IMPORTADO EESS,Diesel Oil Importado,DIESEL_IMPORTADO,EST. SERV. QHANTATI SRL.,48000.0
2026-09-02,Distrito Comercial La Paz,DIESEL OIL IMPORTADO EESS,Diesel Oil Importado,DIESEL_IMPORTADO,EST. SERV. PLAYA VERDE,24000.0
2026-09-02,Distrito Comercial La Paz,DIESEL OIL IMPORTADO EESS,Diesel Oil Importado,DIESEL_IMPORTADO,EST. SERV. PEREZ ROCHA SRL.,20000.0
2026-09-02,Distrito Comercial La Paz,DIESEL OIL IMPORTADO EESS,Diesel Oil Importado,DIESEL_IMPORTADO,EST. SERV. MARANATHA,24000.0
2026-09-02,Distrito Comercial La Paz,DIESEL OIL IMPORTADO EESS,Diesel Oil Importado,DIESEL_IMPORTADO,EST. SERV. M&G CAMINO REAL,20000.0
2026-09-02,Distrito Comercial La Paz,DIESEL OIL IMPORTADO EESS,Diesel Oil Importado,DIESEL_IMPORTADO,EST. SERV. LOS ANDES SRL,20000.0
2026-09-02,Distrito Comercial La Paz,DIESEL OIL IMPORTADO EESS,Diesel Oil Importado,DIESEL_IMPORTADO,EST. SERV. LAREDO SRL,48000.0
2026-09-02,Distrito Comercial La Paz,DIESEL OIL IMPORTADO EESS,Diesel Oil Importado,DIESEL_IMPORTADO,EST. SERV. INTEROCEANICO,20000.0
2026-09-02,Distrito Comercial La Paz,DIESEL OIL IMPORTADO EESS,Diesel Oil Importado,DIESEL_IMPORTADO,EST. SERV. ILLIMANI S.R.L.,20000.0
2026-09-02,Distrito Comercial La Paz,DIESEL OIL IMPORTADO EESS,Diesel Oil Importado,DIESEL_IMPORTADO,EST. SERV. GALAXIA S.R.L.,18000.0
2026-09-02,Distrito Comercial La Paz,DIESEL OIL IMPORTADO EESS,Diesel Oil Importado,DIESEL_IMPORTADO,EST. SERV. ESUR GHS LTDA.,12000.0
2026-09-02,Distrito Comercial La Paz,DIESEL OIL IMPORTADO EESS,Diesel Oil Importado,DIESEL_IMPORTADO,EST. SERV. EMP. COM. HID. TUPAC KATARI S.R.L.,20000.0
2026-09-02,Distrito Comercial La Paz,DIESEL OIL IMPORTADO EESS,Diesel Oil Importado,DIESEL_IMPORTADO,EST. SERV. EL PARAISO SRL.,20000.0
2026-09-02,Distrito Comercial La Paz,DIESEL OIL IMPORTADO EESS,Diesel Oil Importado,DIESEL_IMPORTADO,EST. SERV. CUENTAS SAN PABLO II S.R.L.,12000.0
2026-09-02,Distrito Comercial La Paz,DIESEL OIL IMPORTADO EESS,Diesel Oil Importado,DIESEL_IMPORTADO,EST. SERV. CRISTO AUTO GAS SRL.,18000.0
2026-09-02,Distrito Comercial La Paz,DIESEL OIL IMPORTADO EESS,Diesel Oil Importado,DIESEL_IMPORTADO,EST. SERV. CHUSAMARCA,20000.0
2026-09-02,Distrito Comercial La Paz,DIESEL OIL IMPORTADO EESS,Diesel Oil Importado,DIESEL_IMPORTADO,EST. SERV. CHALY,24000.0
2026-09-02,Distrito Comercial La Paz,DIESEL OIL IMPORTADO EESS,Diesel Oil Importado,DIESEL_IMPORTADO,EST. SERV. CANDELARIA,48000.0
2026-09-02,Distrito Comercial La Paz,DIESEL OIL IMPORTADO EESS,Diesel Oil Importado,DIESEL_IMPORTADO,EST. SERV. BOLIVIA ZURSIL S.R.L.,12000.0
2026-09-02,Distrito Comercial La Paz,DIESEL OIL IMPORTADO EESS,Diesel Oil Importado,DIESEL_IMPORTADO,EST. SERV. BASSAM LTDA,20000.0
2026-09-02,Distrito Comercial La Paz,DIESEL OIL IMPORTADO EESS,Diesel Oil Importado,DIESEL_IMPORTADO,EST. SERV. APOSTOL SANTIAGO,24000.0
2026-09-02,Distrito Comercial La Paz,DIESEL OIL IMPORTADO EESS,Diesel Oil Importado,DIESEL_IMPORTADO,EST. SERV. ALTO LIMA S.R.L.,12000.0
2026-09-02,Distrito Comercial La Paz,DIESEL OIL IMPORTADO EESS,Diesel Oil Importado,DIESEL_IMPORTADO,EST. SERV. 6 DE MARZO,48000.0
2026-09-02,Distrito Comercial La Paz,DIESEL OIL IMPORTADO EESS,Diesel Oil Importado,DIESEL_IMPORTADO,ELSA CHIPANA H. - EST. SERV. ECOPETROL,48000.0
2026-09-02,Distrito Comercial La Paz,DIESEL OIL IMPORTADO EESS,Diesel Oil Importado,DIESEL_IMPORTADO,ELDA S. AGUILAR V. - EST. SERV. JUAN PABLO II,36000.0
2026-09-02,Distrito Comercial La Paz,DIESEL OIL IMPORTADO EESS,Diesel Oil Importado,DIESEL_IMPORTADO,EDUARDO YUPANQUI Q.-EST. SERV. VENTILLA,24000.0
2026-09-02,Distrito Comercial La Paz,DIESEL OIL IMPORTADO EESS,Diesel Oil Importado,DIESEL_IMPORTADO,DISTRIBUIDORA DE GASOLINA Y LUBRICANTES SAN PABLO S.R.L.,12000.0
2026-09-02,Distrito Comercial La Paz,DIESEL OIL IMPORTADO CF,Diesel Oil Importado,DIESEL_IMPORTADO,SERVICIOS INTEGRADOS DE INGENIERIA CONSTRUCCION Y MAQUINARIA SIDICMAQ LTDA,19900.0
2026-09-02,Distrito Comercial La Paz,DIESEL OIL IMPORTADO CF,Diesel Oil Importado,DIESEL_IMPORTADO,NUR S.R.L.,10000.0
2026-09-02,Distrito Comercial La Paz,DIESEL OIL IMPORTADO CF,Diesel Oil Importado,DIESEL_IMPORTADO,MARIA LUISA HUANCA COAQUIRA - CONSTRUCTORA Y CONSULTORA COPRINCI,19900.0
2026-09-02,Distrito Comercial La Paz,DIESEL OIL IMPORTADO CF,Diesel Oil Importado,DIESEL_IMPORTADO,JUAN P. RUIZ MORALES - EMP. MADERERA ALTO MADIDI,19900.0
2026-09-02,Distrito Comercial La Paz,DIESEL OIL IMPORTADO CF,Diesel Oil Importado,DIESEL_IMPORTADO,EMPRESA MINERA REEDGOLD S.R.L.,19900.0
2026-09-02,Distrito Comercial La Paz,DIESEL OIL IMPORTADO CF,Diesel Oil Importado,DIESEL_IMPORTADO,EMPRESA MINERA KALAPAYA S.R.L.,19900.0
2026-09-02,Distrito Comercial La Paz,DIESEL OIL IMPORTADO CF,Diesel Oil Importado,DIESEL_IMPORTADO,EMPRESA MINERA EXPLORINGOLD S.R.L.,19900.0
2026-09-02,Distrito Comercial La Paz,DIESEL OIL IMPORTADO CF,Diesel Oil Importado,DIESEL_IMPORTADO,EMPRESA MINERA ARGATZ-GOLD S.R.L.,19900.0
2026-09-02,Distrito Comercial La Paz,DIESEL OIL IMPORTADO CF,Diesel Oil Importado,DIESEL_IMPORTADO,"EMPRESA MINERA ""EXTRACTORES DE SUEÑO"" S.R.L.",19900.0
2026-09-01,Distrito Comercial La Paz,GLP DISTRIB. 45 KILOS NAL,GLP,GLP,SAN JUDAS TADEO SOCIEDAD DE RESPONSABILIDAD LIMITADA,2700.0
2026-09-01,Distrito Comercial La Paz,GLP DISTRIB. 45 KILOS NAL,GLP,GLP,DIST. GLP. SAMO S.A.,4500.0
2026-09-01,Distrito Comercial La Paz,GLP DISTRIB. 45 KILOS NAL,GLP,GLP,DIST. GLP. PROGAS S.R.L.,1800.0
2026-09-01,Distrito Comercial La Paz,GLP DISTRIB. 45 KILOS NAL,GLP,GLP,DIST. GLP. ESMERALDA GAS SRL.,2250.0
2026-09-01,Distrito Comercial La Paz,GLP DISTRIB. 45 KILOS NAL,GLP,GLP,A.A.V.V. GAS S.R.L.,1800.0
2026-09-01,Distrito Comercial La Paz,GLP DISTRIB. 10 KILOS NAL,GLP,GLP,SANDRA CALLIZAYA CH. - DIST. GLP OMASUYOS,9000.0
2026-09-01,Distrito Comercial La Paz,GLP DISTRIB. 10 KILOS NAL,GLP,GLP,SAN JUDAS TADEO SOCIEDAD DE RESPONSABILIDAD LIMITADA,48500.0
2026-09-01,Distrito Comercial La Paz,GLP DISTRIB. 10 KILOS NAL,GLP,GLP,ISABEL DURAN DE ITURRI - DIST. GLP DURA GAS,48500.0
2026-09-01,Distrito Comercial La Paz,GLP DISTRIB. 10 KILOS NAL,GLP,GLP,GMGRECO GAS SOCIEDAD DE RESPONSABILIDAD LIMITADA,48500.0
2026-09-01,Distrito Comercial La Paz,GLP DISTRIB. 10 KILOS NAL,GLP,GLP,GENARA CAPIA DE FERNANDEZ - DIST. GLP SEVERO FERNANDEZ CH.,9000.0
2026-09-01,Distrito Comercial La Paz,GLP DISTRIB. 10 KILOS NAL,GLP,GLP,EMPRESA DISTRIBUIDORA DE GAS LICUADO GLP LOS NIETOS S.R.L,9000.0
2026-09-01,Distrito Comercial La Paz,GLP DISTRIB. 10 KILOS NAL,GLP,GLP,DISTRIBUIDORA DE GLP SAN FRANCISCO -LUCIANO SILLO CONDORI S.R.L.,9000.0
2026-09-01,Distrito Comercial La Paz,GLP DISTRIB. 10 KILOS NAL,GLP,GLP,DISTRIBUIDORA DE GAS LICUADO ALEJANDRA S.R.L.,8840.0
2026-09-01,Distrito Comercial La Paz,GLP DISTRIB. 10 KILOS NAL,GLP,GLP,DIST. GLP. VIAGAS,48500.0
2026-09-01,Distrito Comercial La Paz,GLP DISTRIB. 10 KILOS NAL,GLP,GLP,DIST. GLP. TRIPETROL S.R.L.,48500.0
2026-09-01,Distrito Comercial La Paz,GLP DISTRIB. 10 KILOS NAL,GLP,GLP,DIST. GLP. SOCIEDAD PETROLERA SANTA ELENA S.R.L. (SOPESE S.R.L.),48500.0
2026-09-01,Distrito Comercial La Paz,GLP DISTRIB. 10 KILOS NAL,GLP,GLP,DIST. GLP. SAN MIGUEL,8840.0
2026-09-01,Distrito Comercial La Paz,GLP DISTRIB. 10 KILOS NAL,GLP,GLP,DIST. GLP. SAMO S.A.,48500.0
2026-09-01,Distrito Comercial La Paz,GLP DISTRIB. 10 KILOS NAL,GLP,GLP,DIST. GLP. PROGAS S.R.L.,48500.0
2026-09-01,Distrito Comercial La Paz,GLP DISTRIB. 10 KILOS NAL,GLP,GLP,DIST. GLP. LA CALZADA-SUD YUNGAS,14300.0
2026-09-01,Distrito Comercial La Paz,GLP DISTRIB. 10 KILOS NAL,GLP,GLP,DIST. GLP. ESMERALDA GAS SRL.,48500.0
2026-09-01,Distrito Comercial La Paz,GLP DISTRIB. 10 KILOS NAL,GLP,GLP,DIST. GLP. DISANDES S.R.L.,6500.0
2026-09-01,Distrito Comercial La Paz,GLP DISTRIB. 10 KILOS NAL,GLP,GLP,DIST. GLP. COPACABANA GAS LTDA.,9200.0
2026-09-01,Distrito Comercial La Paz,GLP DISTRIB. 10 KILOS NAL,GLP,GLP,DIST. GLP SOLEDAD - SOLEDAD ESPINOZA,9000.0
2026-09-01,Distrito Comercial La Paz,GLP DISTRIB. 10 KILOS NAL,GLP,GLP,DIST. GLP HERMANAS DURAN AGUILAR - MARLENE F. DURAN AGUILAR,8500.0
2026-09-01,Distrito Comercial La Paz,GLP DISTRIB. 10 KILOS NAL,GLP,GLP,DIST. GLP FLOR DEL NORTE S.R.L.,9000.0
2026-09-01,Distrito Comercial La Paz,GLP DISTRIB. 10 KILOS NAL,GLP,GLP,DIST. GLP CALEMQ S.R.L.,6000.0
2026-09-01,Distrito Comercial La Paz,GLP DISTRIB. 10 KILOS NAL,GLP,GLP,DIST. GLP ANGELES,12000.0
2026-09-01,Distrito Comercial La Paz,GLP DISTRIB. 10 KILOS NAL,GLP,GLP,AXEL GAS S.R.L.,6750.0
2026-09-01,Distrito Comercial La Paz,GLP DISTRIB. 10 KILOS NAL,GLP,GLP,A.A.V.V. GAS S.R.L.,48500.0
2026-09-01,Distrito Comercial La Paz,GASOLINA ESPECIAL EESS,Gasolina Especial,GASOLINA_ESPECIAL,MARIANA J. CAMACHO RAMIREZ - PUESTO DE VENTA MIMARBOZO,22000.0
2026-09-01,Distrito Comercial La Paz,GASOLINA ESPECIAL EESS,Gasolina Especial,GASOLINA_ESPECIAL,SOCIEDAD PERLA ANDINA S.R.L.,22000.0
2026-09-01,Distrito Comercial La Paz,GASOLINA ESPECIAL EESS,Gasolina Especial,GASOLINA_ESPECIAL,SANTA ROSA PERLA DEL BENI S.R.L.,22000.0
2026-09-01,Distrito Comercial La Paz,GASOLINA ESPECIAL EESS,Gasolina Especial,GASOLINA_ESPECIAL,RACING GAS S.R.L. (SUC-1),22000.0
2026-09-01,Distrito Comercial La Paz,GASOLINA ESPECIAL EESS,Gasolina Especial,GASOLINA_ESPECIAL,OFELIA PLATA P. - EST. SERV. UMAMARCA,22000.0
2026-09-01,Distrito Comercial La Paz,GASOLINA ESPECIAL EESS,Gasolina Especial,GASOLINA_ESPECIAL,ESTACION DE SERVICIO TEOPONTE S.R.L.,22000.0
2026-09-01,Distrito Comercial La Paz,GASOLINA ESPECIAL EESS,Gasolina Especial,GASOLINA_ESPECIAL,ESTACION DE SERVICIO SAYHOGAS S.R.L.,22000.0
2026-09-01,Distrito Comercial La Paz,GASOLINA ESPECIAL EESS,Gasolina Especial,GASOLINA_ESPECIAL,ESTACION DE SERVICIO PETROMAPIRI S.R.L.,22000.0
2026-09-01,Distrito Comercial La Paz,GASOLINA ESPECIAL EESS,Gasolina Especial,GASOLINA_ESPECIAL,ESTACION DE SERVICIO PARAISO TROPICAL,24000.0
2026-09-01,Distrito Comercial La Paz,GASOLINA ESPECIAL EESS,Gasolina Especial,GASOLINA_ESPECIAL,ESTACION DE SERVICIO MEJIA S.R.L.,22000.0
2026-09-01,Distrito Comercial La Paz,GASOLINA ESPECIAL EESS,Gasolina Especial,GASOLINA_ESPECIAL,ESTACION DE SERVICIO GASOLINERA CRUCE DE ORO S.R.L.,22000.0
2026-09-01,Distrito Comercial La Paz,GASOLINA ESPECIAL EESS,Gasolina Especial,GASOLINA_ESPECIAL,EST. SERV. UCHUMACHI,22000.0
2026-09-01,Distrito Comercial La Paz,GASOLINA ESPECIAL EESS,Gasolina Especial,GASOLINA_ESPECIAL,EST. SERV. PLAYA VERDE,24000.0
2026-09-01,Distrito Comercial La Paz,GASOLINA ESPECIAL EESS,Gasolina Especial,GASOLINA_ESPECIAL,EST. SERV. M&G CAMINO REAL,24000.0
2026-09-01,Distrito Comercial La Paz,GASOLINA ESPECIAL EESS,Gasolina Especial,GASOLINA_ESPECIAL,EST. SERV. ITURRALDE S.R.L.,22000.0
2026-09-01,Distrito Comercial La Paz,GASOLINA ESPECIAL EESS,Gasolina Especial,GASOLINA_ESPECIAL,EST. SERV. IRIARTE SAN BORJA,22000.0
2026-09-01,Distrito Comercial La Paz,GASOLINA ESPECIAL EESS,Gasolina Especial,GASOLINA_ESPECIAL,EST. SERV. FLOR DE CAÑA S.R.L.,22000.0
2026-09-01,Distrito Comercial La Paz,GASOLINA ESPECIAL EESS,Gasolina Especial,GASOLINA_ESPECIAL,EST. SERV. CUENTAS SAN PABLO II S.R.L.,24000.0
2026-09-01,Distrito Comercial La Paz,GASOLINA ESPECIAL EESS,Gasolina Especial,GASOLINA_ESPECIAL,EST. SERV. CRUCE LURIBAY S.R.L.,22000.0
2026-09-01,Distrito Comercial La Paz,GASOLINA ESPECIAL EESS,Gasolina Especial,GASOLINA_ESPECIAL,EST. SERV. CARBURANTES SAN MIGUEL,22000.0
2026-09-01,Distrito Comercial La Paz,GASOLINA ESPECIAL EESS,Gasolina Especial,GASOLINA_ESPECIAL,EST. SERV. BATALLAS S.R.L. ESBA S.R.L.,22000.0
2026-09-01,Distrito Comercial La Paz,GASOLINA ESPECIAL EESS,Gasolina Especial,GASOLINA_ESPECIAL,EST. SERV. BALLIVIAN SANTA BARBARA,20000.0
2026-09-01,Distrito Comercial La Paz,GASOLINA ESPECIAL EESS,Gasolina Especial,GASOLINA_ESPECIAL,CLEMENTINA FANNY MAMANI MORALES - EST. SERV. LAHUACHACA Y DISTRIBUCION DE GLP,22000.0
2026-09-01,Distrito Comercial La Paz,GASOLINA ESPECIAL + EESS,Gasolina Especial +,GASOLINA_ESPECIAL_MAS,EDEN CLEVER CARRILLO CONDORI-ESTACION DE SERVICIO EDENCCC,22000.0
2026-09-01,Distrito Comercial La Paz,GASOLINA ESPECIAL + (S/DSI),Gasolina Especial +,GASOLINA_ESPECIAL_MAS,ZURSIL S.R.L. - E.S.T.,18000.0
2026-09-01,Distrito Comercial La Paz,GASOLINA ESPECIAL + (S/DSI),Gasolina Especial +,GASOLINA_ESPECIAL_MAS,GRUPO EMPRESARIAL VIRGEN DE LOS ALAMOS S.R.L.,36000.0
2026-09-01,Distrito Comercial La Paz,GASOLINA ESPECIAL + (S/DSI),Gasolina Especial +,GASOLINA_ESPECIAL_MAS,GREGORIO CUENTAS M. EST. SERV. DRAGON DE ORO,24000.0
2026-09-01,Distrito Comercial La Paz,GASOLINA ESPECIAL + (S/DSI),Gasolina Especial +,GASOLINA_ESPECIAL_MAS,GAS SAN FELIPE S.R.L.,24000.0
2026-09-01,Distrito Comercial La Paz,GASOLINA ESPECIAL + (S/DSI),Gasolina Especial +,GASOLINA_ESPECIAL_MAS,ESTACIÓN DE SERVICIO LAS ROSAS S.R.L.,20000.0
2026-09-01,Distrito Comercial La Paz,GASOLINA ESPECIAL + (S/DSI),Gasolina Especial +,GASOLINA_ESPECIAL_MAS,ESTACIÓN DE SERVICIO ALIMARC INTER GAS BOLIVIA S.R.L.,12000.0
2026-09-01,Distrito Comercial La Paz,GASOLINA ESPECIAL + (S/DSI),Gasolina Especial +,GASOLINA_ESPECIAL_MAS,ESTACION DE SERVICIOS NIMAGASBOL S.R.L.,18000.0
2026-09-01,Distrito Comercial La Paz,GASOLINA ESPECIAL + (S/DSI),Gasolina Especial +,GASOLINA_ESPECIAL_MAS,ESTACION DE SERVICIO ZOFRI S.R.L.,12000.0
2026-09-01,Distrito Comercial La Paz,GASOLINA ESPECIAL + (S/DSI),Gasolina Especial +,GASOLINA_ESPECIAL_MAS,ESTACION DE SERVICIO TEJADA TRIANGULAR,20000.0
2026-09-01,Distrito Comercial La Paz,GASOLINA ESPECIAL + (S/DSI),Gasolina Especial +,GASOLINA_ESPECIAL_MAS,ESTACION DE SERVICIO SEÑOR DE MAYO S.R.L.,20000.0
2026-09-01,Distrito Comercial La Paz,GASOLINA ESPECIAL + (S/DSI),Gasolina Especial +,GASOLINA_ESPECIAL_MAS,ESTACION DE SERVICIO SAN SEBASTIAN S.R.L.,18000.0
2026-09-01,Distrito Comercial La Paz,GASOLINA ESPECIAL + (S/DSI),Gasolina Especial +,GASOLINA_ESPECIAL_MAS,ESTACION DE SERVICIO LOS ROSALES,12000.0
2026-09-01,Distrito Comercial La Paz,GASOLINA ESPECIAL + (S/DSI),Gasolina Especial +,GASOLINA_ESPECIAL_MAS,ESTACION DE SERVICIO KANTUTA S.R.L.,36000.0
2026-09-01,Distrito Comercial La Paz,GASOLINA ESPECIAL + (S/DSI),Gasolina Especial +,GASOLINA_ESPECIAL_MAS,ESTACION DE SERVICIO JACHA INTI S.R.L.,24000.0
2026-09-01,Distrito Comercial La Paz,GASOLINA ESPECIAL + (S/DSI),Gasolina Especial +,GASOLINA_ESPECIAL_MAS,ESTACION DE SERVICIO FULL TANK S.R.L.,18000.0
2026-09-01,Distrito Comercial La Paz,GASOLINA ESPECIAL + (S/DSI),Gasolina Especial +,GASOLINA_ESPECIAL_MAS,ESTACION DE SERVICIO CHALLAPAMPA S.R.L.,24000.0
2026-09-01,Distrito Comercial La Paz,GASOLINA ESPECIAL + (S/DSI),Gasolina Especial +,GASOLINA_ESPECIAL_MAS,ESTACION DE SERVICIO CALUYO S.R.L.,20000.0
2026-09-01,Distrito Comercial La Paz,GASOLINA ESPECIAL + (S/DSI),Gasolina Especial +,GASOLINA_ESPECIAL_MAS,ESTACION DE SERVICIO C. REDENTOR S.R.L.,18000.0
2026-09-01,Distrito Comercial La Paz,GASOLINA ESPECIAL + (S/DSI),Gasolina Especial +,GASOLINA_ESPECIAL_MAS,EST. SERV. YUPANQUI,12000.0
2026-09-01,Distrito Comercial La Paz,GASOLINA ESPECIAL + (S/DSI),Gasolina Especial +,GASOLINA_ESPECIAL_MAS,EST. SERV. VOLCAN S.R.L.,48000.0
2026-09-01,Distrito Comercial La Paz,GASOLINA ESPECIAL + (S/DSI),Gasolina Especial +,GASOLINA_ESPECIAL_MAS,EST. SERV. TEXAS S.R.L.,20000.0
2026-09-01,Distrito Comercial La Paz,GASOLINA ESPECIAL + (S/DSI),Gasolina Especial +,GASOLINA_ESPECIAL_MAS,EST. SERV. SURTIDORES UNITOURS LTDA.,12000.0
2026-09-01,Distrito Comercial La Paz,GASOLINA ESPECIAL + (S/DSI),Gasolina Especial +,GASOLINA_ESPECIAL_MAS,EST. SERV. SOC. IND. COM. G.L.P.H. LTDA,24000.0
2026-09-01,Distrito Comercial La Paz,GASOLINA ESPECIAL + (S/DSI),Gasolina Especial +,GASOLINA_ESPECIAL_MAS,EST. SERV. SIEMPRE A FULL MIRAFLORES S.R.L. (SAF),36000.0
2026-09-01,Distrito Comercial La Paz,GASOLINA ESPECIAL + (S/DSI),Gasolina Especial +,GASOLINA_ESPECIAL_MAS,EST. SERV. SAN PABLO VILLA BOLIVAR S.R.L.,20000.0
2026-09-01,Distrito Comercial La Paz,GASOLINA ESPECIAL + (S/DSI),Gasolina Especial +,GASOLINA_ESPECIAL_MAS,EST. SERV. SALIDA LTDA,24000.0
2026-09-01,Distrito Comercial La Paz,GASOLINA ESPECIAL + (S/DSI),Gasolina Especial +,GASOLINA_ESPECIAL_MAS,EST. SERV. RACING GAS S.R.L.,22000.0
2026-09-01,Distrito Comercial La Paz,GASOLINA ESPECIAL + (S/DSI),Gasolina Especial +,GASOLINA_ESPECIAL_MAS,EST. SERV. QHANTATI SRL.,24000.0
2026-09-01,Distrito Comercial La Paz,GASOLINA ESPECIAL + (S/DSI),Gasolina Especial +,GASOLINA_ESPECIAL_MAS,EST. SERV. PEREZ ROCHA SRL.,20000.0
2026-09-01,Distrito Comercial La Paz,GASOLINA ESPECIAL + (S/DSI),Gasolina Especial +,GASOLINA_ESPECIAL_MAS,EST. SERV. MOTORECO SRL.,24000.0
2026-09-01,Distrito Comercial La Paz,GASOLINA ESPECIAL + (S/DSI),Gasolina Especial +,GASOLINA_ESPECIAL_MAS,EST. SERV. MARANATHA,24000.0
2026-09-01,Distrito Comercial La Paz,GASOLINA ESPECIAL + (S/DSI),Gasolina Especial +,GASOLINA_ESPECIAL_MAS,EST. SERV. LUBRICAN SRL,24000.0
2026-09-01,Distrito Comercial La Paz,GASOLINA ESPECIAL + (S/DSI),Gasolina Especial +,GASOLINA_ESPECIAL_MAS,EST. SERV. LAREDO SRL,18000.0
2026-09-01,Distrito Comercial La Paz,GASOLINA ESPECIAL + (S/DSI),Gasolina Especial +,GASOLINA_ESPECIAL_MAS,EST. SERV. JAIMES FREYRE,36000.0
2026-09-01,Distrito Comercial La Paz,GASOLINA ESPECIAL + (S/DSI),Gasolina Especial +,GASOLINA_ESPECIAL_MAS,EST. SERV. INTEROCEANICO,20000.0
2026-09-01,Distrito Comercial La Paz,GASOLINA ESPECIAL + (S/DSI),Gasolina Especial +,GASOLINA_ESPECIAL_MAS,EST. SERV. ILLIMANI S.R.L.,20000.0
2026-09-01,Distrito Comercial La Paz,GASOLINA ESPECIAL + (S/DSI),Gasolina Especial +,GASOLINA_ESPECIAL_MAS,EST. SERV. GAS-MAY S.R.L.,24000.0
2026-09-01,Distrito Comercial La Paz,GASOLINA ESPECIAL + (S/DSI),Gasolina Especial +,GASOLINA_ESPECIAL_MAS,EST. SERV. EMP. COM. HID. TUPAC KATARI S.R.L.,24000.0
2026-09-01,Distrito Comercial La Paz,GASOLINA ESPECIAL + (S/DSI),Gasolina Especial +,GASOLINA_ESPECIAL_MAS,EST. SERV. EL PARAISO SRL.,24000.0
2026-09-01,Distrito Comercial La Paz,GASOLINA ESPECIAL + (S/DSI),Gasolina Especial +,GASOLINA_ESPECIAL_MAS,EST. SERV. CRISTO AUTO GAS SRL.,24000.0
2026-09-01,Distrito Comercial La Paz,GASOLINA ESPECIAL + (S/DSI),Gasolina Especial +,GASOLINA_ESPECIAL_MAS,EST. SERV. COSTANERA SRL.,24000.0
2026-09-01,Distrito Comercial La Paz,GASOLINA ESPECIAL + (S/DSI),Gasolina Especial +,GASOLINA_ESPECIAL_MAS,EST. SERV. CHUSAMARCA,12000.0
2026-09-01,Distrito Comercial La Paz,GASOLINA ESPECIAL + (S/DSI),Gasolina Especial +,GASOLINA_ESPECIAL_MAS,EST. SERV. CHASQUIPAMPA S.R.L.,24000.0
2026-09-01,Distrito Comercial La Paz,GASOLINA ESPECIAL + (S/DSI),Gasolina Especial +,GASOLINA_ESPECIAL_MAS,EST. SERV. CHALY,24000.0
2026-09-01,Distrito Comercial La Paz,GASOLINA ESPECIAL + (S/DSI),Gasolina Especial +,GASOLINA_ESPECIAL_MAS,EST. SERV. CARSUR S.R.L.,24000.0
2026-09-01,Distrito Comercial La Paz,GASOLINA ESPECIAL + (S/DSI),Gasolina Especial +,GASOLINA_ESPECIAL_MAS,EST. SERV. CANDELARIA,18000.0
2026-09-01,Distrito Comercial La Paz,GASOLINA ESPECIAL + (S/DSI),Gasolina Especial +,GASOLINA_ESPECIAL_MAS,EST. SERV. BOLIVIA ZURSIL S.R.L.,12000.0
2026-09-01,Distrito Comercial La Paz,GASOLINA ESPECIAL + (S/DSI),Gasolina Especial +,GASOLINA_ESPECIAL_MAS,EST. SERV. BASSAM LTDA,24000.0
2026-09-01,Distrito Comercial La Paz,GASOLINA ESPECIAL + (S/DSI),Gasolina Especial +,GASOLINA_ESPECIAL_MAS,EST. SERV. APOSTOL SANTIAGO,20000.0
2026-09-01,Distrito Comercial La Paz,GASOLINA ESPECIAL + (S/DSI),Gasolina Especial +,GASOLINA_ESPECIAL_MAS,EST. SERV. ALTO LIMA S.R.L.,12000.0
2026-09-01,Distrito Comercial La Paz,GASOLINA ESPECIAL + (S/DSI),Gasolina Especial +,GASOLINA_ESPECIAL_MAS,EST. SERV. ACB SAN JORGE,24000.0
2026-09-01,Distrito Comercial La Paz,GASOLINA ESPECIAL + (S/DSI),Gasolina Especial +,GASOLINA_ESPECIAL_MAS,EST. SERV. ACB CALACOTO,24000.0
2026-09-01,Distrito Comercial La Paz,GASOLINA ESPECIAL + (S/DSI),Gasolina Especial +,GASOLINA_ESPECIAL_MAS,EST. SERV. 6 DE MARZO,12000.0
2026-09-01,Distrito Comercial La Paz,GASOLINA ESPECIAL + (S/DSI),Gasolina Especial +,GASOLINA_ESPECIAL_MAS,ELSA CHIPANA H. - EST. SERV. ECOPETROL,18000.0
2026-09-01,Distrito Comercial La Paz,GASOLINA ESPECIAL + (S/DSI),Gasolina Especial +,GASOLINA_ESPECIAL_MAS,ELDA S. AGUILAR V. - EST. SERV. JUAN PABLO II,24000.0
2026-09-01,Distrito Comercial La Paz,GASOLINA ESPECIAL + (S/DSI),Gasolina Especial +,GASOLINA_ESPECIAL_MAS,DISTRIBUIDORA DE GASOLINA Y LUBRICANTES SAN PABLO S.R.L.,24000.0
2026-09-01,Distrito Comercial La Paz,DIESEL OIL NACIONAL EESS,Diesel Oil Nacional,DIESEL_NACIONAL,GASOLINERA HUATAJATA S.R.L.,20000.0
2026-09-01,Distrito Comercial La Paz,DIESEL OIL NACIONAL EESS,Diesel Oil Nacional,DIESEL_NACIONAL,ESTACION DE SERVICIO TOLAR S.R.L.,22000.0
2026-09-01,Distrito Comercial La Paz,DIESEL OIL NACIONAL EESS,Diesel Oil Nacional,DIESEL_NACIONAL,ESTACION DE SERVICIO SURTIDOR TUMUPASA S.R.L.,22000.0
2026-09-01,Distrito Comercial La Paz,DIESEL OIL NACIONAL EESS,Diesel Oil Nacional,DIESEL_NACIONAL,ESTACION DE SERVICIO PETROMAPIRI S.R.L.,22000.0
2026-09-01,Distrito Comercial La Paz,DIESEL OIL NACIONAL EESS,Diesel Oil Nacional,DIESEL_NACIONAL,ESTACION DE SERVICIO MADAGASCAR S.R.L.,22000.0
2026-09-01,Distrito Comercial La Paz,DIESEL OIL NACIONAL EESS,Diesel Oil Nacional,DIESEL_NACIONAL,ESTACION DE SERVICIO HUANCANE Y TRANSPORTE S.R.L.,22000.0
2026-09-01,Distrito Comercial La Paz,DIESEL OIL NACIONAL EESS,Diesel Oil Nacional,DIESEL_NACIONAL,EST. SERV. UCHUMACHI,22000.0
2026-09-01,Distrito Comercial La Paz,DIESEL OIL NACIONAL EESS,Diesel Oil Nacional,DIESEL_NACIONAL,EST. SERV. SAN MIGUEL-IVAN L.,22000.0
2026-09-01,Distrito Comercial La Paz,DIESEL OIL NACIONAL EESS,Diesel Oil Nacional,DIESEL_NACIONAL,EST. SERV. RIO MANIQUI - FATIMA FORERO B.,22000.0
2026-09-01,Distrito Comercial La Paz,DIESEL OIL NACIONAL EESS,Diesel Oil Nacional,DIESEL_NACIONAL,EST. SERV. PALOS BLANCOS,32000.0
2026-09-01,Distrito Comercial La Paz,DIESEL OIL NACIONAL EESS,Diesel Oil Nacional,DIESEL_NACIONAL,EST. SERV. NETANEL,22000.0
2026-09-01,Distrito Comercial La Paz,DIESEL OIL NACIONAL EESS,Diesel Oil Nacional,DIESEL_NACIONAL,EST. SERV. ITURRALDE S.R.L.,22000.0
2026-09-01,Distrito Comercial La Paz,DIESEL OIL NACIONAL EESS,Diesel Oil Nacional,DIESEL_NACIONAL,EST. SERV. GASOLCAMP S.R.L.,24000.0
2026-09-01,Distrito Comercial La Paz,DIESEL OIL NACIONAL EESS,Diesel Oil Nacional,DIESEL_NACIONAL,EST. SERV. CARRASCO S.R.L.,22000.0
2026-09-01,Distrito Comercial La Paz,DIESEL OIL NACIONAL EESS,Diesel Oil Nacional,DIESEL_NACIONAL,EST. SERV. BALLIVIAN SANTA BARBARA,20000.0
2026-09-01,Distrito Comercial La Paz,DIESEL OIL NACIONAL EESS,Diesel Oil Nacional,DIESEL_NACIONAL,EST. SERV. BALLIVIAN,22000.0
2026-09-01,Distrito Comercial La Paz,DIESEL OIL NACIONAL EESS,Diesel Oil Nacional,DIESEL_NACIONAL,EST. SERV. ACHACACHI S.R.L.,20000.0
2026-09-01,Distrito Comercial La Paz,DIESEL OIL IMPORTADO EESS,Diesel Oil Importado,DIESEL_IMPORTADO,MARIANA J. CAMACHO RAMIREZ - PUESTO DE VENTA MIMARBOZO,22000.0
2026-09-01,Distrito Comercial La Paz,DIESEL OIL IMPORTADO EESS,Diesel Oil Importado,DIESEL_IMPORTADO,"EMPRESA COMERCIALIZADORA, DISTRIBUIDORA DE SERVICIOS Y CARBURANTES ARUZCA MORALES S.R.L.",24000.0
2026-09-01,Distrito Comercial La Paz,DIESEL OIL IMPORTADO EESS,Diesel Oil Importado,DIESEL_IMPORTADO,CHOROPAMPA S.R.L.,24000.0
2026-09-01,Distrito Comercial La Paz,DIESEL OIL IMPORTADO EESS,Diesel Oil Importado,DIESEL_IMPORTADO,ZURSIL S.R.L. - E.S.T.,48000.0
2026-09-01,Distrito Comercial La Paz,DIESEL OIL IMPORTADO EESS,Diesel Oil Importado,DIESEL_IMPORTADO,MARIA PATZI-EST. SERV. VARELA,24000.0
2026-09-01,Distrito Comercial La Paz,DIESEL OIL IMPORTADO EESS,Diesel Oil Importado,DIESEL_IMPORTADO,GREGORIO CUENTAS M. EST. SERV. DRAGON DE ORO,12000.0
2026-09-01,Distrito Comercial La Paz,DIESEL OIL IMPORTADO EESS,Diesel Oil Importado,DIESEL_IMPORTADO,GAS SAN FELIPE S.R.L.,20000.0
2026-09-01,Distrito Comercial La Paz,DIESEL OIL IMPORTADO EESS,Diesel Oil Importado,DIESEL_IMPORTADO,ESTACIÓN DE SERVICIO LAS ROSAS S.R.L.,20000.0
2026-09-01,Distrito Comercial La Paz,DIESEL OIL IMPORTADO EESS,Diesel Oil Importado,DIESEL_IMPORTADO,ESTACIÓN DE SERVICIO ALIMARC INTER GAS BOLIVIA S.R.L.,48000.0
2026-09-01,Distrito Comercial La Paz,DIESEL OIL IMPORTADO EESS,Diesel Oil Importado,DIESEL_IMPORTADO,ESTACION DE SERVICIOS NIMAGASBOL S.R.L.,48000.0
2026-09-01,Distrito Comercial La Paz,DIESEL OIL IMPORTADO EESS,Diesel Oil Importado,DIESEL_IMPORTADO,ESTACION DE SERVICIO ZOFRI S.R.L.,48000.0
2026-09-01,Distrito Comercial La Paz,DIESEL OIL IMPORTADO EESS,Diesel Oil Importado,DIESEL_IMPORTADO,ESTACION DE SERVICIO TERRAGAS LTDA,24000.0
2026-09-01,Distrito Comercial La Paz,DIESEL OIL IMPORTADO EESS,Diesel Oil Importado,DIESEL_IMPORTADO,ESTACION DE SERVICIO TEJADA TRIANGULAR,12000.0
2026-09-01,Distrito Comercial La Paz,DIESEL OIL IMPORTADO EESS,Diesel Oil Importado,DIESEL_IMPORTADO,ESTACION DE SERVICIO SEÑOR DE MAYO S.R.L.,20000.0
2026-09-01,Distrito Comercial La Paz,DIESEL OIL IMPORTADO EESS,Diesel Oil Importado,DIESEL_IMPORTADO,ESTACION DE SERVICIO SAN SEBASTIAN S.R.L.,48000.0
2026-09-01,Distrito Comercial La Paz,DIESEL OIL IMPORTADO EESS,Diesel Oil Importado,DIESEL_IMPORTADO,ESTACION DE SERVICIO LOZA - MARCELINA AGUIRRE VDA. DE LOZA,20000.0
2026-09-01,Distrito Comercial La Paz,DIESEL OIL IMPORTADO EESS,Diesel Oil Importado,DIESEL_IMPORTADO,ESTACION DE SERVICIO LOS ROSALES,24000.0
2026-09-01,Distrito Comercial La Paz,DIESEL OIL IMPORTADO EESS,Diesel Oil Importado,DIESEL_IMPORTADO,ESTACION DE SERVICIO FULL TANK S.R.L.,24000.0
2026-09-01,Distrito Comercial La Paz,DIESEL OIL IMPORTADO EESS,Diesel Oil Importado,DIESEL_IMPORTADO,ESTACION DE SERVICIO CHALLAPAMPA S.R.L.,12000.0
2026-09-01,Distrito Comercial La Paz,DIESEL OIL IMPORTADO EESS,Diesel Oil Importado,DIESEL_IMPORTADO,ESTACION DE SERVICIO CALUYO S.R.L.,24000.0
2026-09-01,Distrito Comercial La Paz,DIESEL OIL IMPORTADO EESS,Diesel Oil Importado,DIESEL_IMPORTADO,ESTACION DE SERVICIO C. REDENTOR S.R.L.,48000.0
2026-09-01,Distrito Comercial La Paz,DIESEL OIL IMPORTADO EESS,Diesel Oil Importado,DIESEL_IMPORTADO,EST. SERV. VOLCAN S.R.L.,36000.0
2026-09-01,Distrito Comercial La Paz,DIESEL OIL IMPORTADO EESS,Diesel Oil Importado,DIESEL_IMPORTADO,EST. SERV. SAN PABLO VILLA BOLIVAR S.R.L.,24000.0
2026-09-01,Distrito Comercial La Paz,DIESEL OIL IMPORTADO EESS,Diesel Oil Importado,DIESEL_IMPORTADO,EST. SERV. SALIDA LTDA,12000.0
2026-09-01,Distrito Comercial La Paz,DIESEL OIL IMPORTADO EESS,Diesel Oil Importado,DIESEL_IMPORTADO,EST. SERV. QHANTATI SRL.,24000.0
2026-09-01,Distrito Comercial La Paz,DIESEL OIL IMPORTADO EESS,Diesel Oil Importado,DIESEL_IMPORTADO,EST. SERV. PLAYA VERDE,24000.0
2026-09-01,Distrito Comercial La Paz,DIESEL OIL IMPORTADO EESS,Diesel Oil Importado,DIESEL_IMPORTADO,EST. SERV. PEREZ ROCHA SRL.,20000.0
2026-09-01,Distrito Comercial La Paz,DIESEL OIL IMPORTADO EESS,Diesel Oil Importado,DIESEL_IMPORTADO,EST. SERV. M&G CAMINO REAL,20000.0
2026-09-01,Distrito Comercial La Paz,DIESEL OIL IMPORTADO EESS,Diesel Oil Importado,DIESEL_IMPORTADO,EST. SERV. LUBRICAN SRL,20000.0
2026-09-01,Distrito Comercial La Paz,DIESEL OIL IMPORTADO EESS,Diesel Oil Importado,DIESEL_IMPORTADO,EST. SERV. LOS ANDES SRL,12000.0
2026-09-01,Distrito Comercial La Paz,DIESEL OIL IMPORTADO EESS,Diesel Oil Importado,DIESEL_IMPORTADO,EST. SERV. LAREDO SRL,48000.0
2026-09-01,Distrito Comercial La Paz,DIESEL OIL IMPORTADO EESS,Diesel Oil Importado,DIESEL_IMPORTADO,EST. SERV. INTEROCEANICO,20000.0
2026-09-01,Distrito Comercial La Paz,DIESEL OIL IMPORTADO EESS,Diesel Oil Importado,DIESEL_IMPORTADO,EST. SERV. ILLIMANI S.R.L.,24000.0
2026-09-01,Distrito Comercial La Paz,DIESEL OIL IMPORTADO EESS,Diesel Oil Importado,DIESEL_IMPORTADO,EST. SERV. GAS-MAY S.R.L.,12000.0
2026-09-01,Distrito Comercial La Paz,DIESEL OIL IMPORTADO EESS,Diesel Oil Importado,DIESEL_IMPORTADO,EST. SERV. GALAXIA S.R.L.,18000.0
2026-09-01,Distrito Comercial La Paz,DIESEL OIL IMPORTADO EESS,Diesel Oil Importado,DIESEL_IMPORTADO,EST. SERV. EMP. COM. HID. TUPAC KATARI S.R.L.,20000.0
2026-09-01,Distrito Comercial La Paz,DIESEL OIL IMPORTADO EESS,Diesel Oil Importado,DIESEL_IMPORTADO,EST. SERV. EL PARAISO SRL.,20000.0
2026-09-01,Distrito Comercial La Paz,DIESEL OIL IMPORTADO EESS,Diesel Oil Importado,DIESEL_IMPORTADO,EST. SERV. EDUARDO YUPANQUI,18000.0
2026-09-01,Distrito Comercial La Paz,DIESEL OIL IMPORTADO EESS,Diesel Oil Importado,DIESEL_IMPORTADO,EST. SERV. CUENTAS SAN PABLO II S.R.L.,20000.0
2026-09-01,Distrito Comercial La Paz,DIESEL OIL IMPORTADO EESS,Diesel Oil Importado,DIESEL_IMPORTADO,EST. SERV. CHUSAMARCA,20000.0
2026-09-01,Distrito Comercial La Paz,DIESEL OIL IMPORTADO EESS,Diesel Oil Importado,DIESEL_IMPORTADO,EST. SERV. CHASQUIPAMPA S.R.L.,18000.0
2026-09-01,Distrito Comercial La Paz,DIESEL OIL IMPORTADO EESS,Diesel Oil Importado,DIESEL_IMPORTADO,EST. SERV. CANDELARIA,48000.0
2026-09-01,Distrito Comercial La Paz,DIESEL OIL IMPORTADO EESS,Diesel Oil Importado,DIESEL_IMPORTADO,EST. SERV. BOLIVIA ZURSIL S.R.L.,12000.0
2026-09-01,Distrito Comercial La Paz,DIESEL OIL IMPORTADO EESS,Diesel Oil Importado,DIESEL_IMPORTADO,EST. SERV. APOSTOL SANTIAGO,24000.0
2026-09-01,Distrito Comercial La Paz,DIESEL OIL IMPORTADO EESS,Diesel Oil Importado,DIESEL_IMPORTADO,EST. SERV. 6 DE MARZO,48000.0
2026-09-01,Distrito Comercial La Paz,DIESEL OIL IMPORTADO EESS,Diesel Oil Importado,DIESEL_IMPORTADO,ELSA CHIPANA H. - EST. SERV. ECOPETROL,48000.0
2026-09-01,Distrito Comercial La Paz,DIESEL OIL IMPORTADO EESS,Diesel Oil Importado,DIESEL_IMPORTADO,ELDA S. AGUILAR V. - EST. SERV. JUAN PABLO II,24000.0
2026-09-01,Distrito Comercial La Paz,DIESEL OIL IMPORTADO EESS,Diesel Oil Importado,DIESEL_IMPORTADO,EDUARDO YUPANQUI Q.-EST. SERV. VENTILLA,24000.0
2026-09-01,Distrito Comercial La Paz,DIESEL OIL IMPORTADO EESS,Diesel Oil Importado,DIESEL_IMPORTADO,DISTRIBUIDORA DE GASOLINA Y LUBRICANTES SAN PABLO S.R.L.,12000.0
2026-09-01,Distrito Comercial La Paz,DIESEL OIL IMPORTADO CF,Diesel Oil Importado,DIESEL_IMPORTADO,SERVICIOS INTEGRADOS DE INGENIERIA CONSTRUCCION Y MAQUINARIA SIDICMAQ LTDA,19900.0
2026-09-01,Distrito Comercial La Paz,DIESEL OIL IMPORTADO CF,Diesel Oil Importado,DIESEL_IMPORTADO,MARIA LUISA HUANCA COAQUIRA - CONSTRUCTORA Y CONSULTORA COPRINCI,19900.0
2026-09-01,Distrito Comercial La Paz,DIESEL OIL IMPORTADO CF,Diesel Oil Importado,DIESEL_IMPORTADO,JUAN P. RUIZ MORALES - EMP. MADERERA ALTO MADIDI,19900.0
2026-09-01,Distrito Comercial La Paz,DIESEL OIL IMPORTADO CF,Diesel Oil Importado,DIESEL_IMPORTADO,EMPRESA MINERA SARGOLDBOL S.R.L.,19900.0
2026-09-01,Distrito Comercial La Paz,DIESEL OIL IMPORTADO CF,Diesel Oil Importado,DIESEL_IMPORTADO,EMPRESA MINERA KALAPAYA S.R.L.,19900.0
2026-09-15,Distrito Comercial La Paz,DIESEL OIL IMPORTADO EESS,Diesel Oil Importado,DIESEL_IMPORTADO,"EMPRESA COMERCIALIZADORA, DISTRIBUIDORA DE SERVICIOS Y CARBURANTES ARUZCA MORALES S.R.L.",24000.0
2026-09-15,Distrito Comercial La Paz,GASOLINA ESPECIAL EESS,Gasolina Especial,GASOLINA_ESPECIAL,MARIANA J. CAMACHO RAMIREZ - PUESTO DE VENTA MIMARBOZO,22000.0
2026-09-15,Distrito Comercial La Paz,GASOLINA ESPECIAL EESS,Gasolina Especial,GASOLINA_ESPECIAL,SOCIEDAD PERLA ANDINA S.R.L.,22000.0
2026-09-15,Distrito Comercial La Paz,GASOLINA ESPECIAL EESS,Gasolina Especial,GASOLINA_ESPECIAL,SANTA ROSA PERLA DEL BENI S.R.L.,22000.0
2026-09-15,Distrito Comercial La Paz,GASOLINA ESPECIAL EESS,Gasolina Especial,GASOLINA_ESPECIAL,RACING GAS S.R.L. (SUC-1),22000.0
2026-09-15,Distrito Comercial La Paz,GASOLINA ESPECIAL EESS,Gasolina Especial,GASOLINA_ESPECIAL,OFELIA PLATA P. - EST. SERV. UMAMARCA,22000.0
2026-09-15,Distrito Comercial La Paz,GASOLINA ESPECIAL EESS,Gasolina Especial,GASOLINA_ESPECIAL,ESTACION DE SERVICIO TEOPONTE S.R.L.,22000.0
2026-09-15,Distrito Comercial La Paz,GASOLINA ESPECIAL EESS,Gasolina Especial,GASOLINA_ESPECIAL,ESTACION DE SERVICIO SAYHOGAS S.R.L.,22000.0
2026-09-15,Distrito Comercial La Paz,GASOLINA ESPECIAL EESS,Gasolina Especial,GASOLINA_ESPECIAL,ESTACION DE SERVICIO PETROMAPIRI S.R.L.,22000.0
2026-09-15,Distrito Comercial La Paz,GASOLINA ESPECIAL EESS,Gasolina Especial,GASOLINA_ESPECIAL,ESTACION DE SERVICIO PARAISO TROPICAL,22000.0
2026-09-15,Distrito Comercial La Paz,GASOLINA ESPECIAL EESS,Gasolina Especial,GASOLINA_ESPECIAL,ESTACION DE SERVICIO MEJIA S.R.L.,22000.0
2026-09-15,Distrito Comercial La Paz,GASOLINA ESPECIAL EESS,Gasolina Especial,GASOLINA_ESPECIAL,ESTACION DE SERVICIO GASOLINERA CRUCE DE ORO S.R.L.,22000.0
2026-09-15,Distrito Comercial La Paz,GASOLINA ESPECIAL EESS,Gasolina Especial,GASOLINA_ESPECIAL,EST. SERV. UCHUMACHI,22000.0
2026-09-15,Distrito Comercial La Paz,GASOLINA ESPECIAL EESS,Gasolina Especial,GASOLINA_ESPECIAL,EST. SERV. PLAYA VERDE,24000.0
2026-09-15,Distrito Comercial La Paz,GASOLINA ESPECIAL EESS,Gasolina Especial,GASOLINA_ESPECIAL,EST. SERV. M&G CAMINO REAL,24000.0
2026-09-15,Distrito Comercial La Paz,GASOLINA ESPECIAL EESS,Gasolina Especial,GASOLINA_ESPECIAL,EST. SERV. ITURRALDE S.R.L.,22000.0
2026-09-15,Distrito Comercial La Paz,GASOLINA ESPECIAL EESS,Gasolina Especial,GASOLINA_ESPECIAL,EST. SERV. IRIARTE SAN BORJA,22000.0
2026-09-15,Distrito Comercial La Paz,GASOLINA ESPECIAL EESS,Gasolina Especial,GASOLINA_ESPECIAL,EST. SERV. FLOR DE CAÑA S.R.L.,22000.0
2026-09-15,Distrito Comercial La Paz,GASOLINA ESPECIAL EESS,Gasolina Especial,GASOLINA_ESPECIAL,EST. SERV. CUENTAS SAN PABLO II S.R.L.,24000.0
2026-09-15,Distrito Comercial La Paz,GASOLINA ESPECIAL EESS,Gasolina Especial,GASOLINA_ESPECIAL,EST. SERV. CRUCE LURIBAY S.R.L.,22000.0
2026-09-15,Distrito Comercial La Paz,GASOLINA ESPECIAL EESS,Gasolina Especial,GASOLINA_ESPECIAL,EST. SERV. CARBURANTES SAN MIGUEL,22000.0
2026-09-15,Distrito Comercial La Paz,GASOLINA ESPECIAL EESS,Gasolina Especial,GASOLINA_ESPECIAL,EST. SERV. BATALLAS S.R.L. ESBA S.R.L.,22000.0
2026-09-15,Distrito Comercial La Paz,GASOLINA ESPECIAL EESS,Gasolina Especial,GASOLINA_ESPECIAL,EST. SERV. BALLIVIAN SANTA BARBARA,12000.0
2026-09-15,Distrito Comercial La Paz,GASOLINA ESPECIAL EESS,Gasolina Especial,GASOLINA_ESPECIAL,ELDA S. AGUILAR V. - EST. SERV. JUAN PABLO II,24000.0
2026-09-15,Distrito Comercial La Paz,GASOLINA ESPECIAL + EESS,Gasolina Especial +,GASOLINA_ESPECIAL_MAS,EDEN CLEVER CARRILLO CONDORI-ESTACION DE SERVICIO EDENCCC,22000.0
2026-09-15,Distrito Comercial La Paz,GASOLINA ESPECIAL + (S/DSI),Gasolina Especial +,GASOLINA_ESPECIAL_MAS,ZURSIL S.R.L. - E.S.T.,18000.0
2026-09-15,Distrito Comercial La Paz,GASOLINA ESPECIAL + (S/DSI),Gasolina Especial +,GASOLINA_ESPECIAL_MAS,GRUPO EMPRESARIAL VIRGEN DE LOS ALAMOS S.R.L.,36000.0
2026-09-15,Distrito Comercial La Paz,GASOLINA ESPECIAL + (S/DSI),Gasolina Especial +,GASOLINA_ESPECIAL_MAS,GREGORIO CUENTAS M. EST. SERV. DRAGON DE ORO,24000.0
2026-09-15,Distrito Comercial La Paz,GASOLINA ESPECIAL + (S/DSI),Gasolina Especial +,GASOLINA_ESPECIAL_MAS,GAS SAN FELIPE S.R.L.,24000.0
2026-09-15,Distrito Comercial La Paz,GASOLINA ESPECIAL + (S/DSI),Gasolina Especial +,GASOLINA_ESPECIAL_MAS,ESTACIÓN DE SERVICIO LAS ROSAS S.R.L.,20000.0
2026-09-15,Distrito Comercial La Paz,GASOLINA ESPECIAL + (S/DSI),Gasolina Especial +,GASOLINA_ESPECIAL_MAS,ESTACIÓN DE SERVICIO ALIMARC INTER GAS BOLIVIA S.R.L.,12000.0
2026-09-15,Distrito Comercial La Paz,GASOLINA ESPECIAL + (S/DSI),Gasolina Especial +,GASOLINA_ESPECIAL_MAS,ESTACION DE SERVICIOS NIMAGASBOL S.R.L.,18000.0
2026-09-15,Distrito Comercial La Paz,GASOLINA ESPECIAL + (S/DSI),Gasolina Especial +,GASOLINA_ESPECIAL_MAS,ESTACION DE SERVICIO ZOFRI S.R.L.,12000.0
2026-09-15,Distrito Comercial La Paz,GASOLINA ESPECIAL + (S/DSI),Gasolina Especial +,GASOLINA_ESPECIAL_MAS,ESTACION DE SERVICIO TEJADA TRIANGULAR,20000.0
2026-09-15,Distrito Comercial La Paz,GASOLINA ESPECIAL + (S/DSI),Gasolina Especial +,GASOLINA_ESPECIAL_MAS,ESTACION DE SERVICIO SEÑOR DE MAYO S.R.L.,20000.0
2026-09-15,Distrito Comercial La Paz,GASOLINA ESPECIAL + (S/DSI),Gasolina Especial +,GASOLINA_ESPECIAL_MAS,ESTACION DE SERVICIO SAN SEBASTIAN S.R.L.,18000.0
2026-09-15,Distrito Comercial La Paz,GASOLINA ESPECIAL + (S/DSI),Gasolina Especial +,GASOLINA_ESPECIAL_MAS,ESTACION DE SERVICIO LOZA - MARCELINA AGUIRRE VDA. DE LOZA,24000.0
2026-09-15,Distrito Comercial La Paz,GASOLINA ESPECIAL + (S/DSI),Gasolina Especial +,GASOLINA_ESPECIAL_MAS,ESTACION DE SERVICIO KANTUTA S.R.L.,24000.0
2026-09-15,Distrito Comercial La Paz,GASOLINA ESPECIAL + (S/DSI),Gasolina Especial +,GASOLINA_ESPECIAL_MAS,ESTACION DE SERVICIO JACHA INTI S.R.L.,24000.0
2026-09-15,Distrito Comercial La Paz,GASOLINA ESPECIAL + (S/DSI),Gasolina Especial +,GASOLINA_ESPECIAL_MAS,ESTACION DE SERVICIO FULL TANK S.R.L.,12000.0
2026-09-15,Distrito Comercial La Paz,GASOLINA ESPECIAL + (S/DSI),Gasolina Especial +,GASOLINA_ESPECIAL_MAS,ESTACION DE SERVICIO CHALLAPAMPA S.R.L.,24000.0
2026-09-15,Distrito Comercial La Paz,GASOLINA ESPECIAL + (S/DSI),Gasolina Especial +,GASOLINA_ESPECIAL_MAS,ESTACION DE SERVICIO CALUYO S.R.L.,20000.0
2026-09-15,Distrito Comercial La Paz,GASOLINA ESPECIAL + (S/DSI),Gasolina Especial +,GASOLINA_ESPECIAL_MAS,ESTACION DE SERVICIO C. REDENTOR S.R.L.,18000.0
2026-09-15,Distrito Comercial La Paz,GASOLINA ESPECIAL + (S/DSI),Gasolina Especial +,GASOLINA_ESPECIAL_MAS,EST. SERV. YUPANQUI,12000.0
2026-09-15,Distrito Comercial La Paz,GASOLINA ESPECIAL + (S/DSI),Gasolina Especial +,GASOLINA_ESPECIAL_MAS,EST. SERV. VOLCAN S.R.L.,48000.0
2026-09-15,Distrito Comercial La Paz,GASOLINA ESPECIAL + (S/DSI),Gasolina Especial +,GASOLINA_ESPECIAL_MAS,EST. SERV. TEXAS S.R.L.,20000.0
2026-09-15,Distrito Comercial La Paz,GASOLINA ESPECIAL + (S/DSI),Gasolina Especial +,GASOLINA_ESPECIAL_MAS,EST. SERV. SURTIDORES UNITOURS LTDA.,12000.0
2026-09-15,Distrito Comercial La Paz,GASOLINA ESPECIAL + (S/DSI),Gasolina Especial +,GASOLINA_ESPECIAL_MAS,EST. SERV. SOC. IND. COM. G.L.P.H. LTDA,24000.0
2026-09-15,Distrito Comercial La Paz,GASOLINA ESPECIAL + (S/DSI),Gasolina Especial +,GASOLINA_ESPECIAL_MAS,EST. SERV. SIEMPRE A FULL MIRAFLORES S.R.L. (SAF),36000.0
2026-09-15,Distrito Comercial La Paz,GASOLINA ESPECIAL + (S/DSI),Gasolina Especial +,GASOLINA_ESPECIAL_MAS,EST. SERV. SAN PABLO VILLA BOLIVAR S.R.L.,20000.0
2026-09-15,Distrito Comercial La Paz,GASOLINA ESPECIAL + (S/DSI),Gasolina Especial +,GASOLINA_ESPECIAL_MAS,EST. SERV. SALIDA LTDA,24000.0
2026-09-15,Distrito Comercial La Paz,GASOLINA ESPECIAL + (S/DSI),Gasolina Especial +,GASOLINA_ESPECIAL_MAS,EST. SERV. RACING GAS S.R.L.,24000.0
2026-09-15,Distrito Comercial La Paz,GASOLINA ESPECIAL + (S/DSI),Gasolina Especial +,GASOLINA_ESPECIAL_MAS,EST. SERV. QHANTATI SRL.,24000.0
2026-09-15,Distrito Comercial La Paz,GASOLINA ESPECIAL + (S/DSI),Gasolina Especial +,GASOLINA_ESPECIAL_MAS,EST. SERV. PEREZ ROCHA SRL.,20000.0
2026-09-15,Distrito Comercial La Paz,GASOLINA ESPECIAL + (S/DSI),Gasolina Especial +,GASOLINA_ESPECIAL_MAS,EST. SERV. MOTORECO SRL.,24000.0
2026-09-15,Distrito Comercial La Paz,GASOLINA ESPECIAL + (S/DSI),Gasolina Especial +,GASOLINA_ESPECIAL_MAS,EST. SERV. MARANATHA,24000.0
2026-09-15,Distrito Comercial La Paz,GASOLINA ESPECIAL + (S/DSI),Gasolina Especial +,GASOLINA_ESPECIAL_MAS,EST. SERV. LUBRICAN SRL,24000.0
2026-09-15,Distrito Comercial La Paz,GASOLINA ESPECIAL + (S/DSI),Gasolina Especial +,GASOLINA_ESPECIAL_MAS,EST. SERV. LAREDO SRL,18000.0
2026-09-15,Distrito Comercial La Paz,GASOLINA ESPECIAL + (S/DSI),Gasolina Especial +,GASOLINA_ESPECIAL_MAS,EST. SERV. JAIMES FREYRE,24000.0
2026-09-15,Distrito Comercial La Paz,GASOLINA ESPECIAL + (S/DSI),Gasolina Especial +,GASOLINA_ESPECIAL_MAS,EST. SERV. INTEROCEANICO,20000.0
2026-09-15,Distrito Comercial La Paz,GASOLINA ESPECIAL + (S/DSI),Gasolina Especial +,GASOLINA_ESPECIAL_MAS,EST. SERV. ILLIMANI S.R.L.,20000.0
2026-09-15,Distrito Comercial La Paz,GASOLINA ESPECIAL + (S/DSI),Gasolina Especial +,GASOLINA_ESPECIAL_MAS,EST. SERV. GAS-MAY S.R.L.,24000.0
2026-09-15,Distrito Comercial La Paz,GASOLINA ESPECIAL + (S/DSI),Gasolina Especial +,GASOLINA_ESPECIAL_MAS,EST. SERV. ESUR GHS LTDA.,36000.0
2026-09-15,Distrito Comercial La Paz,GASOLINA ESPECIAL + (S/DSI),Gasolina Especial +,GASOLINA_ESPECIAL_MAS,EST. SERV. EMP. COM. HID. TUPAC KATARI S.R.L.,24000.0
2026-09-15,Distrito Comercial La Paz,GASOLINA ESPECIAL + (S/DSI),Gasolina Especial +,GASOLINA_ESPECIAL_MAS,EST. SERV. EL PARAISO SRL.,24000.0
2026-09-15,Distrito Comercial La Paz,GASOLINA ESPECIAL + (S/DSI),Gasolina Especial +,GASOLINA_ESPECIAL_MAS,EST. SERV. CRISTO AUTO GAS SRL.,24000.0
2026-09-15,Distrito Comercial La Paz,GASOLINA ESPECIAL + (S/DSI),Gasolina Especial +,GASOLINA_ESPECIAL_MAS,EST. SERV. COSTANERA SRL.,24000.0
2026-09-15,Distrito Comercial La Paz,GASOLINA ESPECIAL + (S/DSI),Gasolina Especial +,GASOLINA_ESPECIAL_MAS,EST. SERV. CHUSAMARCA,12000.0
2026-09-15,Distrito Comercial La Paz,GASOLINA ESPECIAL + (S/DSI),Gasolina Especial +,GASOLINA_ESPECIAL_MAS,EST. SERV. CHASQUIPAMPA S.R.L.,24000.0
2026-09-15,Distrito Comercial La Paz,GASOLINA ESPECIAL + (S/DSI),Gasolina Especial +,GASOLINA_ESPECIAL_MAS,EST. SERV. CHALY,24000.0
2026-09-15,Distrito Comercial La Paz,GASOLINA ESPECIAL + (S/DSI),Gasolina Especial +,GASOLINA_ESPECIAL_MAS,EST. SERV. CARSUR S.R.L.,24000.0
2026-09-15,Distrito Comercial La Paz,GASOLINA ESPECIAL + (S/DSI),Gasolina Especial +,GASOLINA_ESPECIAL_MAS,EST. SERV. CANDELARIA,18000.0
2026-09-15,Distrito Comercial La Paz,GASOLINA ESPECIAL + (S/DSI),Gasolina Especial +,GASOLINA_ESPECIAL_MAS,EST. SERV. BOLIVIA ZURSIL S.R.L.,12000.0
2026-09-15,Distrito Comercial La Paz,GASOLINA ESPECIAL + (S/DSI),Gasolina Especial +,GASOLINA_ESPECIAL_MAS,EST. SERV. BASSAM LTDA,12000.0
2026-09-15,Distrito Comercial La Paz,GASOLINA ESPECIAL + (S/DSI),Gasolina Especial +,GASOLINA_ESPECIAL_MAS,EST. SERV. APOSTOL SANTIAGO,20000.0
2026-09-15,Distrito Comercial La Paz,GASOLINA ESPECIAL + (S/DSI),Gasolina Especial +,GASOLINA_ESPECIAL_MAS,EST. SERV. ALTO LIMA S.R.L.,12000.0
2026-09-15,Distrito Comercial La Paz,GASOLINA ESPECIAL + (S/DSI),Gasolina Especial +,GASOLINA_ESPECIAL_MAS,EST. SERV. ACB SAN JORGE,24000.0
2026-09-15,Distrito Comercial La Paz,GASOLINA ESPECIAL + (S/DSI),Gasolina Especial +,GASOLINA_ESPECIAL_MAS,EST. SERV. ACB CALACOTO,24000.0
2026-09-15,Distrito Comercial La Paz,GASOLINA ESPECIAL + (S/DSI),Gasolina Especial +,GASOLINA_ESPECIAL_MAS,EST. SERV. 6 DE MARZO,12000.0
2026-09-15,Distrito Comercial La Paz,GASOLINA ESPECIAL + (S/DSI),Gasolina Especial +,GASOLINA_ESPECIAL_MAS,ELSA CHIPANA H. - EST. SERV. ECOPETROL,18000.0
2026-09-15,Distrito Comercial La Paz,GASOLINA ESPECIAL + (S/DSI),Gasolina Especial +,GASOLINA_ESPECIAL_MAS,DISTRIBUIDORA DE GASOLINA Y LUBRICANTES SAN PABLO S.R.L.,24000.0
2026-09-15,Distrito Comercial La Paz,DIESEL OIL NACIONAL EESS,Diesel Oil Nacional,DIESEL_NACIONAL,GASOLINERA HUATAJATA S.R.L.,20000.0
2026-09-15,Distrito Comercial La Paz,DIESEL OIL NACIONAL EESS,Diesel Oil Nacional,DIESEL_NACIONAL,ESTACION DE SERVICIO TOLAR S.R.L.,22000.0
2026-09-15,Distrito Comercial La Paz,DIESEL OIL NACIONAL EESS,Diesel Oil Nacional,DIESEL_NACIONAL,ESTACION DE SERVICIO SURTIDOR TUMUPASA S.R.L.,22000.0
2026-09-15,Distrito Comercial La Paz,DIESEL OIL NACIONAL EESS,Diesel Oil Nacional,DIESEL_NACIONAL,ESTACION DE SERVICIO MADAGASCAR S.R.L.,22000.0
2026-09-15,Distrito Comercial La Paz,DIESEL OIL NACIONAL EESS,Diesel Oil Nacional,DIESEL_NACIONAL,ESTACION DE SERVICIO HUANCANE Y TRANSPORTE S.R.L.,22000.0
2026-09-15,Distrito Comercial La Paz,DIESEL OIL NACIONAL EESS,Diesel Oil Nacional,DIESEL_NACIONAL,EST. SERV. UCHUMACHI,22000.0
2026-09-15,Distrito Comercial La Paz,DIESEL OIL NACIONAL EESS,Diesel Oil Nacional,DIESEL_NACIONAL,EST. SERV. SAN MIGUEL-IVAN L.,22000.0
2026-09-15,Distrito Comercial La Paz,DIESEL OIL NACIONAL EESS,Diesel Oil Nacional,DIESEL_NACIONAL,EST. SERV. RIO MANIQUI - FATIMA FORERO B.,22000.0
2026-09-15,Distrito Comercial La Paz,DIESEL OIL NACIONAL EESS,Diesel Oil Nacional,DIESEL_NACIONAL,EST. SERV. PALOS BLANCOS,32000.0
2026-09-15,Distrito Comercial La Paz,DIESEL OIL NACIONAL EESS,Diesel Oil Nacional,DIESEL_NACIONAL,EST. SERV. NETANEL,22000.0
2026-09-15,Distrito Comercial La Paz,DIESEL OIL NACIONAL EESS,Diesel Oil Nacional,DIESEL_NACIONAL,EST. SERV. ITURRALDE S.R.L.,22000.0
2026-09-15,Distrito Comercial La Paz,DIESEL OIL NACIONAL EESS,Diesel Oil Nacional,DIESEL_NACIONAL,EST. SERV. GASOLCAMP S.R.L.,22000.0
2026-09-15,Distrito Comercial La Paz,DIESEL OIL NACIONAL EESS,Diesel Oil Nacional,DIESEL_NACIONAL,EST. SERV. CARRASCO S.R.L.,22000.0
2026-09-15,Distrito Comercial La Paz,DIESEL OIL NACIONAL EESS,Diesel Oil Nacional,DIESEL_NACIONAL,EST. SERV. BALLIVIAN SANTA BARBARA,12000.0
2026-09-15,Distrito Comercial La Paz,DIESEL OIL NACIONAL EESS,Diesel Oil Nacional,DIESEL_NACIONAL,EST. SERV. BALLIVIAN,22000.0
2026-09-15,Distrito Comercial La Paz,DIESEL OIL NACIONAL EESS,Diesel Oil Nacional,DIESEL_NACIONAL,EST. SERV. ACHACACHI S.R.L.,20000.0
2026-09-15,Distrito Comercial La Paz,DIESEL OIL NACIONAL EESS,Diesel Oil Nacional,DIESEL_NACIONAL,ELDA S. AGUILAR V. - EST. SERV. JUAN PABLO II,24000.0
2026-09-15,Distrito Comercial La Paz,DIESEL OIL IMPORTADO EESS,Diesel Oil Importado,DIESEL_IMPORTADO,MARIANA J. CAMACHO RAMIREZ - PUESTO DE VENTA MIMARBOZO,22000.0
2026-09-15,Distrito Comercial La Paz,DIESEL OIL IMPORTADO EESS,Diesel Oil Importado,DIESEL_IMPORTADO,CHOROPAMPA S.R.L.,22000.0
2026-09-15,Distrito Comercial La Paz,DIESEL OIL IMPORTADO EESS,Diesel Oil Importado,DIESEL_IMPORTADO,ZURSIL S.R.L. - E.S.T.,48000.0
2026-09-15,Distrito Comercial La Paz,DIESEL OIL IMPORTADO EESS,Diesel Oil Importado,DIESEL_IMPORTADO,MARIA PATZI-EST. SERV. VARELA,20000.0
2026-09-15,Distrito Comercial La Paz,DIESEL OIL IMPORTADO EESS,Diesel Oil Importado,DIESEL_IMPORTADO,GREGORIO CUENTAS M. EST. SERV. DRAGON DE ORO,12000.0
2026-09-15,Distrito Comercial La Paz,DIESEL OIL IMPORTADO EESS,Diesel Oil Importado,DIESEL_IMPORTADO,GAS SAN FELIPE S.R.L.,20000.0
2026-09-15,Distrito Comercial La Paz,DIESEL OIL IMPORTADO EESS,Diesel Oil Importado,DIESEL_IMPORTADO,ESTACIÓN DE SERVICIO LAS ROSAS S.R.L.,20000.0
2026-09-15,Distrito Comercial La Paz,DIESEL OIL IMPORTADO EESS,Diesel Oil Importado,DIESEL_IMPORTADO,ESTACIÓN DE SERVICIO ALIMARC INTER GAS BOLIVIA S.R.L.,48000.0
2026-09-15,Distrito Comercial La Paz,DIESEL OIL IMPORTADO EESS,Diesel Oil Importado,DIESEL_IMPORTADO,ESTACION DE SERVICIOS NIMAGASBOL S.R.L.,48000.0
2026-09-15,Distrito Comercial La Paz,DIESEL OIL IMPORTADO EESS,Diesel Oil Importado,DIESEL_IMPORTADO,ESTACION DE SERVICIO ZOFRI S.R.L.,48000.0
2026-09-15,Distrito Comercial La Paz,DIESEL OIL IMPORTADO EESS,Diesel Oil Importado,DIESEL_IMPORTADO,ESTACION DE SERVICIO TERRAGAS LTDA,24000.0
2026-09-15,Distrito Comercial La Paz,DIESEL OIL IMPORTADO EESS,Diesel Oil Importado,DIESEL_IMPORTADO,ESTACION DE SERVICIO TEJADA TRIANGULAR,12000.0
2026-09-15,Distrito Comercial La Paz,DIESEL OIL IMPORTADO EESS,Diesel Oil Importado,DIESEL_IMPORTADO,ESTACION DE SERVICIO SEÑOR DE MAYO S.R.L.,20000.0
2026-09-15,Distrito Comercial La Paz,DIESEL OIL IMPORTADO EESS,Diesel Oil Importado,DIESEL_IMPORTADO,ESTACION DE SERVICIO SAN SEBASTIAN S.R.L.,48000.0
2026-09-15,Distrito Comercial La Paz,DIESEL OIL IMPORTADO EESS,Diesel Oil Importado,DIESEL_IMPORTADO,ESTACION DE SERVICIO LOZA - MARCELINA AGUIRRE VDA. DE LOZA,20000.0
2026-09-15,Distrito Comercial La Paz,DIESEL OIL IMPORTADO EESS,Diesel Oil Importado,DIESEL_IMPORTADO,ESTACION DE SERVICIO LOS ROSALES,24000.0
2026-09-15,Distrito Comercial La Paz,DIESEL OIL IMPORTADO EESS,Diesel Oil Importado,DIESEL_IMPORTADO,ESTACION DE SERVICIO FULL TANK S.R.L.,24000.0
2026-09-15,Distrito Comercial La Paz,DIESEL OIL IMPORTADO EESS,Diesel Oil Importado,DIESEL_IMPORTADO,ESTACION DE SERVICIO CHALLAPAMPA S.R.L.,12000.0
2026-09-15,Distrito Comercial La Paz,DIESEL OIL IMPORTADO EESS,Diesel Oil Importado,DIESEL_IMPORTADO,ESTACION DE SERVICIO CALUYO S.R.L.,24000.0
2026-09-15,Distrito Comercial La Paz,DIESEL OIL IMPORTADO EESS,Diesel Oil Importado,DIESEL_IMPORTADO,ESTACION DE SERVICIO C. REDENTOR S.R.L.,48000.0
2026-09-15,Distrito Comercial La Paz,DIESEL OIL IMPORTADO EESS,Diesel Oil Importado,DIESEL_IMPORTADO,EST. SERV. VOLCAN S.R.L.,36000.0
2026-09-15,Distrito Comercial La Paz,DIESEL OIL IMPORTADO EESS,Diesel Oil Importado,DIESEL_IMPORTADO,EST. SERV. SAN PABLO VILLA BOLIVAR S.R.L.,24000.0
2026-09-15,Distrito Comercial La Paz,DIESEL OIL IMPORTADO EESS,Diesel Oil Importado,DIESEL_IMPORTADO,EST. SERV. SALIDA LTDA,12000.0
2026-09-15,Distrito Comercial La Paz,DIESEL OIL IMPORTADO EESS,Diesel Oil Importado,DIESEL_IMPORTADO,EST. SERV. QHANTATI SRL.,24000.0
2026-09-15,Distrito Comercial La Paz,DIESEL OIL IMPORTADO EESS,Diesel Oil Importado,DIESEL_IMPORTADO,EST. SERV. PLAYA VERDE,24000.0
2026-09-15,Distrito Comercial La Paz,DIESEL OIL IMPORTADO EESS,Diesel Oil Importado,DIESEL_IMPORTADO,EST. SERV. PEREZ ROCHA SRL.,20000.0
2026-09-15,Distrito Comercial La Paz,DIESEL OIL IMPORTADO EESS,Diesel Oil Importado,DIESEL_IMPORTADO,EST. SERV. M&G CAMINO REAL,20000.0
2026-09-15,Distrito Comercial La Paz,DIESEL OIL IMPORTADO EESS,Diesel Oil Importado,DIESEL_IMPORTADO,EST. SERV. LUBRICAN SRL,20000.0
2026-09-15,Distrito Comercial La Paz,DIESEL OIL IMPORTADO EESS,Diesel Oil Importado,DIESEL_IMPORTADO,EST. SERV. LAREDO SRL,48000.0
2026-09-15,Distrito Comercial La Paz,DIESEL OIL IMPORTADO EESS,Diesel Oil Importado,DIESEL_IMPORTADO,EST. SERV. INTEROCEANICO,20000.0
2026-09-15,Distrito Comercial La Paz,DIESEL OIL IMPORTADO EESS,Diesel Oil Importado,DIESEL_IMPORTADO,EST. SERV. ILLIMANI S.R.L.,24000.0
2026-09-15,Distrito Comercial La Paz,DIESEL OIL IMPORTADO EESS,Diesel Oil Importado,DIESEL_IMPORTADO,EST. SERV. GAS-MAY S.R.L.,12000.0
2026-09-15,Distrito Comercial La Paz,DIESEL OIL IMPORTADO EESS,Diesel Oil Importado,DIESEL_IMPORTADO,EST. SERV. GALAXIA S.R.L.,18000.0
2026-09-15,Distrito Comercial La Paz,DIESEL OIL IMPORTADO EESS,Diesel Oil Importado,DIESEL_IMPORTADO,EST. SERV. EMP. COM. HID. TUPAC KATARI S.R.L.,20000.0
2026-09-15,Distrito Comercial La Paz,DIESEL OIL IMPORTADO EESS,Diesel Oil Importado,DIESEL_IMPORTADO,EST. SERV. EL PARAISO SRL.,20000.0
2026-09-15,Distrito Comercial La Paz,DIESEL OIL IMPORTADO EESS,Diesel Oil Importado,DIESEL_IMPORTADO,EST. SERV. EDUARDO YUPANQUI,18000.0
2026-09-15,Distrito Comercial La Paz,DIESEL OIL IMPORTADO EESS,Diesel Oil Importado,DIESEL_IMPORTADO,EST. SERV. CUENTAS SAN PABLO II S.R.L.,20000.0
2026-09-15,Distrito Comercial La Paz,DIESEL OIL IMPORTADO EESS,Diesel Oil Importado,DIESEL_IMPORTADO,EST. SERV. CHUSAMARCA,20000.0
2026-09-15,Distrito Comercial La Paz,DIESEL OIL IMPORTADO EESS,Diesel Oil Importado,DIESEL_IMPORTADO,EST. SERV. CHASQUIPAMPA S.R.L.,18000.0
2026-09-15,Distrito Comercial La Paz,DIESEL OIL IMPORTADO EESS,Diesel Oil Importado,DIESEL_IMPORTADO,EST. SERV. CANDELARIA,48000.0
2026-09-15,Distrito Comercial La Paz,DIESEL OIL IMPORTADO EESS,Diesel Oil Importado,DIESEL_IMPORTADO,EST. SERV. BOLIVIA ZURSIL S.R.L.,12000.0
2026-09-15,Distrito Comercial La Paz,DIESEL OIL IMPORTADO EESS,Diesel Oil Importado,DIESEL_IMPORTADO,EST. SERV. APOSTOL SANTIAGO,24000.0
2026-09-15,Distrito Comercial La Paz,DIESEL OIL IMPORTADO EESS,Diesel Oil Importado,DIESEL_IMPORTADO,EST. SERV. 6 DE MARZO,48000.0
2026-09-15,Distrito Comercial La Paz,DIESEL OIL IMPORTADO EESS,Diesel Oil Importado,DIESEL_IMPORTADO,ELSA CHIPANA H. - EST. SERV. ECOPETROL,48000.0
2026-09-15,Distrito Comercial La Paz,DIESEL OIL IMPORTADO EESS,Diesel Oil Importado,DIESEL_IMPORTADO,EDUARDO YUPANQUI Q.-EST. SERV. VENTILLA,24000.0
2026-09-15,Distrito Comercial La Paz,DIESEL OIL IMPORTADO EESS,Diesel Oil Importado,DIESEL_IMPORTADO,DISTRIBUIDORA DE GASOLINA Y LUBRICANTES SAN PABLO S.R.L.,12000.0
2026-09-15,Distrito Comercial La Paz,GLP DISTRIB. 45 KILOS NAL,GLP,GLP,SAN JUDAS TADEO SOCIEDAD DE RESPONSABILIDAD LIMITADA,2700.0
2026-09-15,Distrito Comercial La Paz,GLP DISTRIB. 45 KILOS NAL,GLP,GLP,DIST. GLP. SOCIEDAD PETROLERA SANTA ELENA S.R.L. (SOPESE S.R.L.),2250.0
2026-09-15,Distrito Comercial La Paz,GLP DISTRIB. 45 KILOS NAL,GLP,GLP,DIST. GLP. SAMO S.A.,4500.0
2026-09-15,Distrito Comercial La Paz,GLP DISTRIB. 45 KILOS NAL,GLP,GLP,DIST. GLP. PROGAS S.R.L.,1800.0
2026-09-15,Distrito Comercial La Paz,GLP DISTRIB. 45 KILOS NAL,GLP,GLP,DIST. GLP. ESMERALDA GAS SRL.,2250.0
2026-09-15,Distrito Comercial La Paz,GLP DISTRIB. 45 KILOS NAL,GLP,GLP,A.A.V.V. GAS S.R.L.,1800.0
2026-09-15,Distrito Comercial La Paz,GLP DISTRIB. 10 KILOS NAL,GLP,GLP,SANDRA CALLIZAYA CH. - DIST. GLP OMASUYOS,9000.0
2026-09-15,Distrito Comercial La Paz,GLP DISTRIB. 10 KILOS NAL,GLP,GLP,SANDRA CALLIZAYA CH. - DIST. GLP APOLOBAMBA,8000.0
2026-09-15,Distrito Comercial La Paz,GLP DISTRIB. 10 KILOS NAL,GLP,GLP,SAN JUDAS TADEO SOCIEDAD DE RESPONSABILIDAD LIMITADA,44000.0
2026-09-15,Distrito Comercial La Paz,GLP DISTRIB. 10 KILOS NAL,GLP,GLP,ISABEL DURAN DE ITURRI - DIST. GLP DURA GAS,44000.0
2026-09-15,Distrito Comercial La Paz,GLP DISTRIB. 10 KILOS NAL,GLP,GLP,GMGRECO GAS SOCIEDAD DE RESPONSABILIDAD LIMITADA,44000.0
2026-09-15,Distrito Comercial La Paz,GLP DISTRIB. 10 KILOS NAL,GLP,GLP,GENARA CAPIA DE FERNANDEZ - DIST. GLP SEVERO FERNANDEZ CH.,9000.0
2026-09-15,Distrito Comercial La Paz,GLP DISTRIB. 10 KILOS NAL,GLP,GLP,EMPRESA DISTRIBUIDORA DE GAS LICUADO GLP LOS NIETOS S.R.L,9000.0
2026-09-15,Distrito Comercial La Paz,GLP DISTRIB. 10 KILOS NAL,GLP,GLP,DISTRIBUIDORA DE GLP SAN FRANCISCO -LUCIANO SILLO CONDORI S.R.L.,9000.0
2026-09-15,Distrito Comercial La Paz,GLP DISTRIB. 10 KILOS NAL,GLP,GLP,DISTRIBUIDORA DE GAS LICUADO ALEJANDRA S.R.L.,8840.0
2026-09-15,Distrito Comercial La Paz,GLP DISTRIB. 10 KILOS NAL,GLP,GLP,DIST. GLP. VIAGAS,44000.0
2026-09-15,Distrito Comercial La Paz,GLP DISTRIB. 10 KILOS NAL,GLP,GLP,DIST. GLP. TRIPETROL S.R.L.,44000.0
2026-09-15,Distrito Comercial La Paz,GLP DISTRIB. 10 KILOS NAL,GLP,GLP,DIST. GLP. SOCIEDAD PETROLERA SANTA ELENA S.R.L. (SOPESE S.R.L.),44000.0
2026-09-15,Distrito Comercial La Paz,GLP DISTRIB. 10 KILOS NAL,GLP,GLP,DIST. GLP. SAN MIGUEL,8840.0
2026-09-15,Distrito Comercial La Paz,GLP DISTRIB. 10 KILOS NAL,GLP,GLP,DIST. GLP. SAMO S.A.,44000.0
2026-09-15,Distrito Comercial La Paz,GLP DISTRIB. 10 KILOS NAL,GLP,GLP,DIST. GLP. PROGAS S.R.L.,44000.0
2026-09-15,Distrito Comercial La Paz,GLP DISTRIB. 10 KILOS NAL,GLP,GLP,DIST. GLP. LA CALZADA-SUD YUNGAS,14300.0
2026-09-15,Distrito Comercial La Paz,GLP DISTRIB. 10 KILOS NAL,GLP,GLP,DIST. GLP. ESMERALDA GAS SRL.,44000.0
2026-09-15,Distrito Comercial La Paz,GLP DISTRIB. 10 KILOS NAL,GLP,GLP,DIST. GLP. DISANDES S.R.L.,6500.0
2026-09-15,Distrito Comercial La Paz,GLP DISTRIB. 10 KILOS NAL,GLP,GLP,DIST. GLP. COPACABANA GAS LTDA.,9200.0
2026-09-15,Distrito Comercial La Paz,GLP DISTRIB. 10 KILOS NAL,GLP,GLP,DIST. GLP HERMANAS DURAN AGUILAR - MARLENE F. DURAN AGUILAR,8500.0
2026-09-15,Distrito Comercial La Paz,GLP DISTRIB. 10 KILOS NAL,GLP,GLP,DIST. GLP FLOR DEL NORTE S.R.L.,9000.0
2026-09-15,Distrito Comercial La Paz,GLP DISTRIB. 10 KILOS NAL,GLP,GLP,DIST. GLP CALEMQ S.R.L.,6000.0
2026-09-15,Distrito Comercial La Paz,GLP DISTRIB. 10 KILOS NAL,GLP,GLP,DIST. GLP ANGELES,12000.0
2026-09-15,Distrito Comercial La Paz,GLP DISTRIB. 10 KILOS NAL,GLP,GLP,AXEL GAS S.R.L.,6750.0
2026-09-15,Distrito Comercial La Paz,GLP DISTRIB. 10 KILOS NAL,GLP,GLP,A.A.V.V. GAS S.R.L.,44000.0
2026-09-15,Distrito Comercial La Paz,GASOLINA ESPECIAL + (S/DSI),Gasolina Especial +,GASOLINA_ESPECIAL_MAS,EST. SERV. BASSAM LTDA,24000.0
2026-09-15,Distrito Comercial La Paz,GASOLINA ESPECIAL + CF,Gasolina Especial +,GASOLINA_ESPECIAL_MAS,ASOCIACION DE TRANSPORTE LACUSTRE 21 DE SEPTIEMBRE DE SAN PEDRO DE TIQUINA,9900.0
2026-09-15,Distrito Comercial La Paz,GASOLINA ESPECIAL + (S/DSI),Gasolina Especial +,GASOLINA_ESPECIAL_MAS,CHOROPAMPA S.R.L.,24000.0
2026-09-15,Distrito Comercial La Paz,DIESEL OIL NACIONAL EESS,Diesel Oil Nacional,DIESEL_NACIONAL,EST. SERV. GASOLCAMP S.R.L.,24000.0
2026-09-15,Distrito Comercial La Paz,DIESEL OIL IMPORTADO EESS,Diesel Oil Importado,DIESEL_IMPORTADO,CHOROPAMPA S.R.L.,24000.0
2026-09-15,Distrito Comercial La Paz,GASOLINA ESPECIAL EESS,Gasolina Especial,GASOLINA_ESPECIAL,OFELIA PLATA P. - EST. SERV. UMAMARCA,24000.0
2026-09-16,Distrito Comercial La Paz,DIESEL OIL NACIONAL EESS,Diesel Oil Nacional,DIESEL_NACIONAL,IVAN MATIAS V. - EST. SERV. REYES MATIAS,22000.0
2026-09-16,Distrito Comercial La Paz,DIESEL OIL NACIONAL EESS,Diesel Oil Nacional,DIESEL_NACIONAL,ESTACION DE SERVICIO ESPIGA DE ORO S.R.L.,22000.0
2026-09-16,Distrito Comercial La Paz,GASOLINA ESPECIAL + (S/DSI),Gasolina Especial +,GASOLINA_ESPECIAL_MAS,EST. SERV. CANDELARIA,18000.0
2026-09-16,Distrito Comercial La Paz,GASOLINA ESPECIAL + EESS,Gasolina Especial +,GASOLINA_ESPECIAL_MAS,SILVIA TORREZ.- EST. SERV. TORREZ,22000.0
2026-09-16,Distrito Comercial La Paz,GASOLINA ESPECIAL + EESS,Gasolina Especial +,GASOLINA_ESPECIAL_MAS,PANAMERICANA INTERNACIONAL S.R.L. PAINTER S.R.L.,12000.0
2026-09-16,Distrito Comercial La Paz,GASOLINA ESPECIAL + EESS,Gasolina Especial +,GASOLINA_ESPECIAL_MAS,OFELIA PLATA P. - EST. SERV. DARTAÑAN,22000.0
2026-09-16,Distrito Comercial La Paz,GASOLINA ESPECIAL + EESS,Gasolina Especial +,GASOLINA_ESPECIAL_MAS,MARIO ALVAREZ M. EST. SERV. ALVAPETROL,22000.0
2026-09-16,Distrito Comercial La Paz,GASOLINA ESPECIAL + EESS,Gasolina Especial +,GASOLINA_ESPECIAL_MAS,IVAN MATIAS V. - EST. SERV. REYES MATIAS,22000.0
2026-09-16,Distrito Comercial La Paz,GASOLINA ESPECIAL + EESS,Gasolina Especial +,GASOLINA_ESPECIAL_MAS,GABY PACO CH. - EST. SERV. COLQUEPATA,22000.0
2026-09-16,Distrito Comercial La Paz,GASOLINA ESPECIAL + EESS,Gasolina Especial +,GASOLINA_ESPECIAL_MAS,ESTACION DE SERVICIOS YARA S.R.L.,22000.0
2026-09-16,Distrito Comercial La Paz,GASOLINA ESPECIAL + EESS,Gasolina Especial +,GASOLINA_ESPECIAL_MAS,ESTACION DE SERVICIO TIAHUANACU S.R.L.,30000.0
2026-09-16,Distrito Comercial La Paz,GASOLINA ESPECIAL + EESS,Gasolina Especial +,GASOLINA_ESPECIAL_MAS,ESTACION DE SERVICIO MADAGASCAR S.R.L.,22000.0
2026-09-16,Distrito Comercial La Paz,GASOLINA ESPECIAL + EESS,Gasolina Especial +,GASOLINA_ESPECIAL_MAS,ESTACION DE SERVICIO ISSUCADELA S.R.L,22000.0
2026-09-16,Distrito Comercial La Paz,GASOLINA ESPECIAL + EESS,Gasolina Especial +,GASOLINA_ESPECIAL_MAS,ESTACION DE SERVICIO ESPIGA DE ORO S.R.L.,22000.0
2026-09-16,Distrito Comercial La Paz,GASOLINA ESPECIAL + EESS,Gasolina Especial +,GASOLINA_ESPECIAL_MAS,EST. SERV. PALOS BLANCOS,22000.0
2026-09-16,Distrito Comercial La Paz,GASOLINA ESPECIAL + EESS,Gasolina Especial +,GASOLINA_ESPECIAL_MAS,EST. SERV. GASOLCAMP S.R.L.,22000.0
2026-09-16,Distrito Comercial La Paz,GASOLINA ESPECIAL + EESS,Gasolina Especial +,GASOLINA_ESPECIAL_MAS,EST. SERV. DESAGUADERO S.R.L.,22000.0
2026-09-16,Distrito Comercial La Paz,GASOLINA ESPECIAL + EESS,Gasolina Especial +,GASOLINA_ESPECIAL_MAS,EST. SERV. BALLIVIAN,22000.0
2026-09-16,Distrito Comercial La Paz,GASOLINA ESPECIAL + EESS,Gasolina Especial +,GASOLINA_ESPECIAL_MAS,EST. SERV. ADALUZ PETROL,22000.0
2026-09-16,Distrito Comercial La Paz,GASOLINA ESPECIAL + EESS,Gasolina Especial +,GASOLINA_ESPECIAL_MAS,EST. SERV. ACHACACHI S.R.L.,20000.0
2026-09-16,Distrito Comercial La Paz,GASOLINA ESPECIAL + EESS,Gasolina Especial +,GASOLINA_ESPECIAL_MAS,CANIAX S.R.L.,22000.0
2026-09-16,Distrito Comercial La Paz,GASOLINA ESPECIAL + (S/DSI),Gasolina Especial +,GASOLINA_ESPECIAL_MAS,PATRICIA QUIROZ SIRPA - PUESTO DE VENTA PATTY,22000.0
2026-09-16,Distrito Comercial La Paz,GASOLINA ESPECIAL + (S/DSI),Gasolina Especial +,GASOLINA_ESPECIAL_MAS,NEW PETROL BOLIVIA SUCURSAL 2,22000.0
2026-09-16,Distrito Comercial La Paz,GASOLINA ESPECIAL + (S/DSI),Gasolina Especial +,GASOLINA_ESPECIAL_MAS,INTEGRACION Y PROGRESO COMUNITARIO S.R.L.,6000.0
2026-09-16,Distrito Comercial La Paz,GASOLINA ESPECIAL + (S/DSI),Gasolina Especial +,GASOLINA_ESPECIAL_MAS,"EMPRESA COMERCIALIZADORA, DISTRIBUIDORA DE SERVICIOS Y CARBURANTES ARUZCA MORALES S.R.L.",22000.0
2026-09-16,Distrito Comercial La Paz,GASOLINA ESPECIAL + (S/DSI),Gasolina Especial +,GASOLINA_ESPECIAL_MAS,EFRAIN LOPEZ LUCANA,22000.0
2026-09-16,Distrito Comercial La Paz,GASOLINA ESPECIAL + (S/DSI),Gasolina Especial +,GASOLINA_ESPECIAL_MAS,ZURSIL S.R.L. - E.S.T.,18000.0
2026-09-16,Distrito Comercial La Paz,GASOLINA ESPECIAL + (S/DSI),Gasolina Especial +,GASOLINA_ESPECIAL_MAS,MARIA PATZI-EST. SERV. VARELA,24000.0
2026-09-16,Distrito Comercial La Paz,GASOLINA ESPECIAL + (S/DSI),Gasolina Especial +,GASOLINA_ESPECIAL_MAS,GRUPO EMPRESARIAL VIRGEN DE LOS ALAMOS S.R.L.,24000.0
2026-09-16,Distrito Comercial La Paz,GASOLINA ESPECIAL + (S/DSI),Gasolina Especial +,GASOLINA_ESPECIAL_MAS,GREGORIO CUENTAS M. EST. SERV. DRAGON DE ORO,24000.0
2026-09-16,Distrito Comercial La Paz,GASOLINA ESPECIAL + (S/DSI),Gasolina Especial +,GASOLINA_ESPECIAL_MAS,GAS SAN FELIPE S.R.L.,24000.0
2026-09-16,Distrito Comercial La Paz,GASOLINA ESPECIAL + (S/DSI),Gasolina Especial +,GASOLINA_ESPECIAL_MAS,ESTACIÓN DE SERVICIO LAS ROSAS S.R.L.,20000.0
2026-09-16,Distrito Comercial La Paz,GASOLINA ESPECIAL + (S/DSI),Gasolina Especial +,GASOLINA_ESPECIAL_MAS,ESTACIÓN DE SERVICIO ALIMARC INTER GAS BOLIVIA S.R.L.,12000.0
2026-09-16,Distrito Comercial La Paz,GASOLINA ESPECIAL + (S/DSI),Gasolina Especial +,GASOLINA_ESPECIAL_MAS,ESTACION DE SERVICIOS NIMAGASBOL S.R.L.,18000.0
2026-09-16,Distrito Comercial La Paz,GASOLINA ESPECIAL + (S/DSI),Gasolina Especial +,GASOLINA_ESPECIAL_MAS,ESTACION DE SERVICIO ZOFRI S.R.L.,12000.0
2026-09-16,Distrito Comercial La Paz,GASOLINA ESPECIAL + (S/DSI),Gasolina Especial +,GASOLINA_ESPECIAL_MAS,ESTACION DE SERVICIO TERRAGAS LTDA,24000.0
2026-09-16,Distrito Comercial La Paz,GASOLINA ESPECIAL + (S/DSI),Gasolina Especial +,GASOLINA_ESPECIAL_MAS,ESTACION DE SERVICIO TEJADA TRIANGULAR,20000.0
2026-09-16,Distrito Comercial La Paz,GASOLINA ESPECIAL + (S/DSI),Gasolina Especial +,GASOLINA_ESPECIAL_MAS,ESTACION DE SERVICIO SEÑOR DE MAYO S.R.L.,20000.0
2026-09-16,Distrito Comercial La Paz,GASOLINA ESPECIAL + (S/DSI),Gasolina Especial +,GASOLINA_ESPECIAL_MAS,ESTACION DE SERVICIO SAN SEBASTIAN S.R.L.,18000.0
2026-09-16,Distrito Comercial La Paz,GASOLINA ESPECIAL + (S/DSI),Gasolina Especial +,GASOLINA_ESPECIAL_MAS,ESTACION DE SERVICIO LOZA - MARCELINA AGUIRRE VDA. DE LOZA,24000.0
2026-09-16,Distrito Comercial La Paz,GASOLINA ESPECIAL + (S/DSI),Gasolina Especial +,GASOLINA_ESPECIAL_MAS,ESTACION DE SERVICIO LOS ROSALES,24000.0
2026-09-16,Distrito Comercial La Paz,GASOLINA ESPECIAL + (S/DSI),Gasolina Especial +,GASOLINA_ESPECIAL_MAS,ESTACION DE SERVICIO KORY INTI S.R.L.,24000.0
2026-09-16,Distrito Comercial La Paz,GASOLINA ESPECIAL + (S/DSI),Gasolina Especial +,GASOLINA_ESPECIAL_MAS,ESTACION DE SERVICIO KANTUTA S.R.L.,48000.0
2026-09-16,Distrito Comercial La Paz,GASOLINA ESPECIAL + (S/DSI),Gasolina Especial +,GASOLINA_ESPECIAL_MAS,ESTACION DE SERVICIO JACHA INTI S.R.L.,24000.0
2026-09-16,Distrito Comercial La Paz,GASOLINA ESPECIAL + (S/DSI),Gasolina Especial +,GASOLINA_ESPECIAL_MAS,ESTACION DE SERVICIO FULL TANK S.R.L.,18000.0
2026-09-16,Distrito Comercial La Paz,GASOLINA ESPECIAL + (S/DSI),Gasolina Especial +,GASOLINA_ESPECIAL_MAS,ESTACION DE SERVICIO CALUYO S.R.L.,20000.0
2026-09-16,Distrito Comercial La Paz,GASOLINA ESPECIAL + (S/DSI),Gasolina Especial +,GASOLINA_ESPECIAL_MAS,ESTACION DE SERVICIO C. REDENTOR S.R.L.,18000.0
2026-09-16,Distrito Comercial La Paz,GASOLINA ESPECIAL + (S/DSI),Gasolina Especial +,GASOLINA_ESPECIAL_MAS,EST. SERV. YUPANQUI,12000.0
2026-09-16,Distrito Comercial La Paz,GASOLINA ESPECIAL + (S/DSI),Gasolina Especial +,GASOLINA_ESPECIAL_MAS,EST. SERV. VOLCAN S.R.L.,48000.0
2026-09-16,Distrito Comercial La Paz,GASOLINA ESPECIAL + (S/DSI),Gasolina Especial +,GASOLINA_ESPECIAL_MAS,EST. SERV. TEXAS S.R.L.,20000.0
2026-09-16,Distrito Comercial La Paz,GASOLINA ESPECIAL + (S/DSI),Gasolina Especial +,GASOLINA_ESPECIAL_MAS,EST. SERV. SOC. IND. COM. G.L.P.H. LTDA,20000.0
2026-09-16,Distrito Comercial La Paz,GASOLINA ESPECIAL + (S/DSI),Gasolina Especial +,GASOLINA_ESPECIAL_MAS,EST. SERV. SIEMPRE A FULL MIRAFLORES S.R.L. (SAF),36000.0
2026-09-16,Distrito Comercial La Paz,GASOLINA ESPECIAL + (S/DSI),Gasolina Especial +,GASOLINA_ESPECIAL_MAS,EST. SERV. SAN PABLO VILLA BOLIVAR S.R.L.,20000.0
2026-09-16,Distrito Comercial La Paz,GASOLINA ESPECIAL + (S/DSI),Gasolina Especial +,GASOLINA_ESPECIAL_MAS,EST. SERV. SALIDA LTDA,18000.0
2026-09-16,Distrito Comercial La Paz,GASOLINA ESPECIAL + (S/DSI),Gasolina Especial +,GASOLINA_ESPECIAL_MAS,EST. SERV. QHANTATI SRL.,24000.0
2026-09-16,Distrito Comercial La Paz,GASOLINA ESPECIAL + (S/DSI),Gasolina Especial +,GASOLINA_ESPECIAL_MAS,EST. SERV. PLAYA VERDE,24000.0
2026-09-16,Distrito Comercial La Paz,GASOLINA ESPECIAL + (S/DSI),Gasolina Especial +,GASOLINA_ESPECIAL_MAS,EST. SERV. PEREZ ROCHA SRL.,20000.0
2026-09-16,Distrito Comercial La Paz,GASOLINA ESPECIAL + (S/DSI),Gasolina Especial +,GASOLINA_ESPECIAL_MAS,EST. SERV. MOTORECO SRL.,36000.0
2026-09-16,Distrito Comercial La Paz,GASOLINA ESPECIAL + (S/DSI),Gasolina Especial +,GASOLINA_ESPECIAL_MAS,EST. SERV. M&G CAMINO REAL,24000.0
2026-09-16,Distrito Comercial La Paz,GASOLINA ESPECIAL + (S/DSI),Gasolina Especial +,GASOLINA_ESPECIAL_MAS,EST. SERV. LUBRICAN SRL,24000.0
2026-09-16,Distrito Comercial La Paz,GASOLINA ESPECIAL + (S/DSI),Gasolina Especial +,GASOLINA_ESPECIAL_MAS,EST. SERV. LOS ANDES SRL,18000.0
2026-09-16,Distrito Comercial La Paz,GASOLINA ESPECIAL + (S/DSI),Gasolina Especial +,GASOLINA_ESPECIAL_MAS,EST. SERV. LAREDO SRL,18000.0
2026-09-16,Distrito Comercial La Paz,GASOLINA ESPECIAL + (S/DSI),Gasolina Especial +,GASOLINA_ESPECIAL_MAS,EST. SERV. JAIMES FREYRE,36000.0
2026-09-16,Distrito Comercial La Paz,GASOLINA ESPECIAL + (S/DSI),Gasolina Especial +,GASOLINA_ESPECIAL_MAS,EST. SERV. INTEROCEANICO,20000.0
2026-09-16,Distrito Comercial La Paz,GASOLINA ESPECIAL + (S/DSI),Gasolina Especial +,GASOLINA_ESPECIAL_MAS,EST. SERV. ILLIMANI S.R.L.,20000.0
2026-09-16,Distrito Comercial La Paz,GASOLINA ESPECIAL + (S/DSI),Gasolina Especial +,GASOLINA_ESPECIAL_MAS,EST. SERV. GAS-MAY S.R.L.,24000.0
2026-09-16,Distrito Comercial La Paz,GASOLINA ESPECIAL + (S/DSI),Gasolina Especial +,GASOLINA_ESPECIAL_MAS,EST. SERV. GAS CENTRO S.R.L.,18000.0
2026-09-16,Distrito Comercial La Paz,GASOLINA ESPECIAL + (S/DSI),Gasolina Especial +,GASOLINA_ESPECIAL_MAS,EST. SERV. GALAXIA S.R.L.,24000.0
2026-09-16,Distrito Comercial La Paz,GASOLINA ESPECIAL + (S/DSI),Gasolina Especial +,GASOLINA_ESPECIAL_MAS,EST. SERV. ESUR GHS LTDA.,24000.0
2026-09-16,Distrito Comercial La Paz,GASOLINA ESPECIAL + (S/DSI),Gasolina Especial +,GASOLINA_ESPECIAL_MAS,EST. SERV. EMP. COM. HID. TUPAC KATARI S.R.L.,36000.0
2026-09-16,Distrito Comercial La Paz,GASOLINA ESPECIAL + (S/DSI),Gasolina Especial +,GASOLINA_ESPECIAL_MAS,EST. SERV. EL PARAISO SRL.,24000.0
2026-09-16,Distrito Comercial La Paz,GASOLINA ESPECIAL + (S/DSI),Gasolina Especial +,GASOLINA_ESPECIAL_MAS,EST. SERV. CUENTAS SAN PABLO II S.R.L.,24000.0
2026-09-16,Distrito Comercial La Paz,GASOLINA ESPECIAL + (S/DSI),Gasolina Especial +,GASOLINA_ESPECIAL_MAS,EST. SERV. CRISTO AUTO GAS SRL.,24000.0
2026-09-16,Distrito Comercial La Paz,GASOLINA ESPECIAL + (S/DSI),Gasolina Especial +,GASOLINA_ESPECIAL_MAS,EST. SERV. COSTANERA SRL.,24000.0
2026-09-16,Distrito Comercial La Paz,GASOLINA ESPECIAL + (S/DSI),Gasolina Especial +,GASOLINA_ESPECIAL_MAS,EST. SERV. CHASQUIPAMPA S.R.L.,24000.0
2026-09-16,Distrito Comercial La Paz,GASOLINA ESPECIAL + (S/DSI),Gasolina Especial +,GASOLINA_ESPECIAL_MAS,EST. SERV. CARSUR S.R.L.,48000.0
2026-09-16,Distrito Comercial La Paz,GASOLINA ESPECIAL + (S/DSI),Gasolina Especial +,GASOLINA_ESPECIAL_MAS,EST. SERV. BOLIVIA ZURSIL S.R.L.,12000.0
2026-09-16,Distrito Comercial La Paz,GASOLINA ESPECIAL + (S/DSI),Gasolina Especial +,GASOLINA_ESPECIAL_MAS,EST. SERV. BASSAM LTDA,24000.0
2026-09-16,Distrito Comercial La Paz,GASOLINA ESPECIAL + (S/DSI),Gasolina Especial +,GASOLINA_ESPECIAL_MAS,EST. SERV. APOSTOL SANTIAGO,20000.0
2026-09-16,Distrito Comercial La Paz,GASOLINA ESPECIAL + (S/DSI),Gasolina Especial +,GASOLINA_ESPECIAL_MAS,EST. SERV. ALTO LIMA S.R.L.,12000.0
2026-09-16,Distrito Comercial La Paz,GASOLINA ESPECIAL + (S/DSI),Gasolina Especial +,GASOLINA_ESPECIAL_MAS,EST. SERV. ACB SAN JORGE,24000.0
2026-09-16,Distrito Comercial La Paz,GASOLINA ESPECIAL + (S/DSI),Gasolina Especial +,GASOLINA_ESPECIAL_MAS,EST. SERV. ACB CALACOTO,36000.0
2026-09-16,Distrito Comercial La Paz,GASOLINA ESPECIAL + (S/DSI),Gasolina Especial +,GASOLINA_ESPECIAL_MAS,EST. SERV. 6 DE MARZO,12000.0
2026-09-16,Distrito Comercial La Paz,GASOLINA ESPECIAL + (S/DSI),Gasolina Especial +,GASOLINA_ESPECIAL_MAS,ELSA CHIPANA H. - EST. SERV. ECOPETROL,18000.0
2026-09-16,Distrito Comercial La Paz,GASOLINA ESPECIAL + (S/DSI),Gasolina Especial +,GASOLINA_ESPECIAL_MAS,ELDA S. AGUILAR V. - EST. SERV. JUAN PABLO II,24000.0
2026-09-16,Distrito Comercial La Paz,GASOLINA ESPECIAL + (S/DSI),Gasolina Especial +,GASOLINA_ESPECIAL_MAS,DISTRIBUIDORA DE GASOLINA Y LUBRICANTES SAN PABLO S.R.L.,24000.0
2026-09-16,Distrito Comercial La Paz,GLP DISTRIB. 45 KILOS NAL,GLP,GLP,SAN JUDAS TADEO SOCIEDAD DE RESPONSABILIDAD LIMITADA,2700.0
2026-09-16,Distrito Comercial La Paz,GLP DISTRIB. 45 KILOS NAL,GLP,GLP,DIST. GLP. SAMO S.A.,4500.0
2026-09-16,Distrito Comercial La Paz,GLP DISTRIB. 45 KILOS NAL,GLP,GLP,DIST. GLP. PROGAS S.R.L.,1800.0
2026-09-16,Distrito Comercial La Paz,GLP DISTRIB. 45 KILOS NAL,GLP,GLP,DIST. GLP. ESMERALDA GAS SRL.,1800.0
2026-09-16,Distrito Comercial La Paz,GLP DISTRIB. 45 KILOS NAL,GLP,GLP,A.A.V.V. GAS S.R.L.,2250.0
2026-09-16,Distrito Comercial La Paz,GLP DISTRIB. 10 KILOS NAL,GLP,GLP,SANDRA CALLIZAYA CH. - DIST. GLP APOLOBAMBA,8000.0
2026-09-16,Distrito Comercial La Paz,GLP DISTRIB. 10 KILOS NAL,GLP,GLP,DISTRIBUIDORA DE GLP SAN FRANCISCO -LUCIANO SILLO CONDORI S.R.L.,18000.0
2026-09-16,Distrito Comercial La Paz,GLP DISTRIB. 10 KILOS NAL,GLP,GLP,DIST. GLP. SAN MIGUEL,8840.0
2026-09-16,Distrito Comercial La Paz,GLP DISTRIB. 10 KILOS NAL,GLP,GLP,DIST. GLP. LA CALZADA-SUD YUNGAS,14370.0
2026-09-16,Distrito Comercial La Paz,GLP DISTRIB. 10 KILOS NAL,GLP,GLP,DIST. GLP. DISANDES S.R.L.,12000.0
2026-09-16,Distrito Comercial La Paz,GLP DISTRIB. 10 KILOS NAL,GLP,GLP,DIST. GLP SORATA PERLA ANDINA S.R.L.,7500.0
2026-09-16,Distrito Comercial La Paz,GLP DISTRIB. 10 KILOS NAL,GLP,GLP,DIST. GLP PALOS BLANCOS - SDENKA PEREZ LARICO,9000.0
2026-09-16,Distrito Comercial La Paz,GLP DISTRIB. 10 KILOS NAL,GLP,GLP,DIST. GLP FLOR DEL NORTE S.R.L.,9000.0
2026-09-16,Distrito Comercial La Paz,GLP DISTRIB. 10 KILOS NAL,GLP,GLP,DIST. GLP ANGELES,12000.0
2026-09-16,Distrito Comercial La Paz,GLP DISTRIB. 10 KILOS NAL,GLP,GLP,SAN JUDAS TADEO SOCIEDAD DE RESPONSABILIDAD LIMITADA,28000.0
2026-09-16,Distrito Comercial La Paz,GLP DISTRIB. 10 KILOS NAL,GLP,GLP,ISABEL DURAN DE ITURRI - DIST. GLP DURA GAS,28000.0
2026-09-16,Distrito Comercial La Paz,GLP DISTRIB. 10 KILOS NAL,GLP,GLP,GMGRECO GAS SOCIEDAD DE RESPONSABILIDAD LIMITADA,28000.0
2026-09-16,Distrito Comercial La Paz,GLP DISTRIB. 10 KILOS NAL,GLP,GLP,DIST. GLP. VIAGAS,37150.0
2026-09-16,Distrito Comercial La Paz,GLP DISTRIB. 10 KILOS NAL,GLP,GLP,DIST. GLP. TRIPETROL S.R.L.,40000.0
2026-09-16,Distrito Comercial La Paz,GLP DISTRIB. 10 KILOS NAL,GLP,GLP,DIST. GLP. SOCIEDAD PETROLERA SANTA ELENA S.R.L. (SOPESE S.R.L.),28000.0
2026-09-16,Distrito Comercial La Paz,GLP DISTRIB. 10 KILOS NAL,GLP,GLP,DIST. GLP. SAMO S.A.,28000.0
2026-09-16,Distrito Comercial La Paz,GLP DISTRIB. 10 KILOS NAL,GLP,GLP,DIST. GLP. PROGAS S.R.L.,28000.0
2026-09-16,Distrito Comercial La Paz,GLP DISTRIB. 10 KILOS NAL,GLP,GLP,DIST. GLP. ESMERALDA GAS SRL.,28000.0
2026-09-16,Distrito Comercial La Paz,GLP DISTRIB. 10 KILOS NAL,GLP,GLP,A.A.V.V. GAS S.R.L.,28000.0
2026-09-15,Distrito Comercial La Paz,DIESEL OIL IMPORTADO EESS,Diesel Oil Importado,DIESEL_IMPORTADO,EST. SERV. VOLCAN S.R.L.,56000.0
2026-09-15,Distrito Comercial La Paz,DIESEL OIL IMPORTADO GRACO,Diesel Oil Importado,DIESEL_IMPORTADO,COOPERATIVA MINERA YUYO R.L.,24000.0
2026-09-15,Distrito Comercial La Paz,DIESEL OIL IMPORTADO GRACO,Diesel Oil Importado,DIESEL_IMPORTADO,COOPERATIVA MINERA AURIFERA UNIFICADA ANDINA R.L.,24000.0
2026-09-15,Distrito Comercial La Paz,DIESEL OIL IMPORTADO GRACO,Diesel Oil Importado,DIESEL_IMPORTADO,COOPERATIVA MINERA AURIFERA CANDELARIA II R.L.,24000.0
2026-09-15,Distrito Comercial La Paz,DIESEL OIL IMPORTADO GRACO,Diesel Oil Importado,DIESEL_IMPORTADO,COOP. MINERA CAÑAPAMPA R.L.,24000.0
2026-09-15,Distrito Comercial La Paz,DIESEL OIL IMPORTADO CF,Diesel Oil Importado,DIESEL_IMPORTADO,EMPRESA MINERA MAPIRI VIRGEN DEL CARMEN S.R.L.,19900.0
2026-09-15,Distrito Comercial La Paz,DIESEL OIL IMPORTADO CF,Diesel Oil Importado,DIESEL_IMPORTADO,EMPRESA MINERA COMERCIAL FABRISH S.R.L.,19900.0
2026-09-15,Distrito Comercial La Paz,DIESEL OIL IMPORTADO CF,Diesel Oil Importado,DIESEL_IMPORTADO,COOPERATIVA MINERA PALLINA LAJA R.L.,12000.0
2026-09-15,Distrito Comercial La Paz,DIESEL OIL IMPORTADO CF,Diesel Oil Importado,DIESEL_IMPORTADO,"COOPERATIVA MINERA AURÍFERA ""HERMANDAD PUTINA"" R.L.",16500.0
2026-09-15,Distrito Comercial La Paz,DIESEL OIL IMPORTADO CF,Diesel Oil Importado,DIESEL_IMPORTADO,COOPERATIVA MINERA AURIFERA YANI R.L.,19900.0
2026-09-15,Distrito Comercial La Paz,DIESEL OIL IMPORTADO CF,Diesel Oil Importado,DIESEL_IMPORTADO,COOPERATIVA MINERA AURIFERA UNION CHALLANA R.L.,19900.0
2026-09-15,Distrito Comercial La Paz,DIESEL OIL IMPORTADO CF,Diesel Oil Importado,DIESEL_IMPORTADO,COOPERATIVA MINERA AURIFERA SANTO DOMINGO DE MERQUIYANI R.L.,19900.0
2026-09-15,Distrito Comercial La Paz,DIESEL OIL IMPORTADO CF,Diesel Oil Importado,DIESEL_IMPORTADO,"COOPERATIVA MINERA AURIFERA ""EL PORVENIR DE CONZATA"" R.L.",19900.0
2026-09-15,Distrito Comercial La Paz,DIESEL OIL IMPORTADO CF,Diesel Oil Importado,DIESEL_IMPORTADO,COOP. MIN. AURIFERA UNION AUCAPATA R.L.,19900.0
2026-09-15,Distrito Comercial La Paz,DIESEL OIL IMPORTADO CF,Diesel Oil Importado,DIESEL_IMPORTADO,COOP. MIN. AURIFERA CALISMAR R.L.,19900.0
2026-09-15,Distrito Comercial La Paz,DIESEL OIL NACIONAL EESS,Diesel Oil Nacional,DIESEL_NACIONAL,ELDA S. AGUILAR V. - EST. SERV. JUAN PABLO II,36000.0
2026-09-16,Distrito Comercial La Paz,DIESEL OIL IMPORTADO CF,Diesel Oil Importado,DIESEL_IMPORTADO,EMPRESA MINERA MAPIRI VIRGEN DEL CARMEN S.R.L.,19900.0
2026-09-16,Distrito Comercial La Paz,DIESEL OIL IMPORTADO CF,Diesel Oil Importado,DIESEL_IMPORTADO,EMPRESA MINERA COMERCIAL FABRISH S.R.L.,19900.0
2026-09-16,Distrito Comercial La Paz,DIESEL OIL IMPORTADO CF,Diesel Oil Importado,DIESEL_IMPORTADO,COOP. MIN. AURIFERA CALISMAR R.L.,19900.0
2026-09-16,Distrito Comercial La Paz,DIESEL OIL NACIONAL EESS,Diesel Oil Nacional,DIESEL_NACIONAL,ESTACION DE SERVICIO PARAISO TROPICAL,24000.0
2026-09-16,Distrito Comercial La Paz,DIESEL OIL IMPORTADO EESS,Diesel Oil Importado,DIESEL_IMPORTADO,NEW PETROL BOLIVIA SUCURSAL 2,24000.0
2026-09-16,Distrito Comercial La Paz,GASOLINA ESPECIAL + EESS,Gasolina Especial +,GASOLINA_ESPECIAL_MAS,OFELIA PLATA P. - EST. SERV. DARTAÑAN,24000.0
2026-09-16,Distrito Comercial La Paz,DIESEL OIL NACIONAL EESS,Diesel Oil Nacional,DIESEL_NACIONAL,SOCIEDAD PERLA ANDINA S.R.L.,22000.0
2026-09-16,Distrito Comercial La Paz,DIESEL OIL NACIONAL EESS,Diesel Oil Nacional,DIESEL_NACIONAL,SANTA ROSA PERLA DEL BENI S.R.L.,22000.0
2026-09-16,Distrito Comercial La Paz,DIESEL OIL NACIONAL EESS,Diesel Oil Nacional,DIESEL_NACIONAL,PANAMERICANA INTERNACIONAL S.R.L. PAINTER S.R.L.,22000.0
2026-09-16,Distrito Comercial La Paz,DIESEL OIL NACIONAL EESS,Diesel Oil Nacional,DIESEL_NACIONAL,MARIO ALVAREZ M. EST. SERV. ALVAPETROL,22000.0
2026-09-16,Distrito Comercial La Paz,DIESEL OIL NACIONAL EESS,Diesel Oil Nacional,DIESEL_NACIONAL,GABY PACO CH. - EST. SERV. COLQUEPATA,22000.0
2026-09-16,Distrito Comercial La Paz,DIESEL OIL NACIONAL EESS,Diesel Oil Nacional,DIESEL_NACIONAL,FREDY LIMACHI CHALLCO - EST. SERV. DON LEO,22000.0
2026-09-16,Distrito Comercial La Paz,DIESEL OIL NACIONAL EESS,Diesel Oil Nacional,DIESEL_NACIONAL,ESTACIÓN DE SERVICIO KONANI S.R.L.,22000.0
2026-09-16,Distrito Comercial La Paz,DIESEL OIL NACIONAL EESS,Diesel Oil Nacional,DIESEL_NACIONAL,ESTACION DE SERVICIOS YARA S.R.L.,22000.0
2026-09-16,Distrito Comercial La Paz,DIESEL OIL NACIONAL EESS,Diesel Oil Nacional,DIESEL_NACIONAL,ESTACION DE SERVICIO TEOPONTE S.R.L.,22000.0
2026-09-16,Distrito Comercial La Paz,DIESEL OIL NACIONAL EESS,Diesel Oil Nacional,DIESEL_NACIONAL,ESTACION DE SERVICIO ISSUCADELA S.R.L,22000.0
2026-09-16,Distrito Comercial La Paz,DIESEL OIL NACIONAL EESS,Diesel Oil Nacional,DIESEL_NACIONAL,ESTACION DE SERVICIO GERENCIA AYMARA S.R.L.,22000.0
2026-09-16,Distrito Comercial La Paz,DIESEL OIL NACIONAL EESS,Diesel Oil Nacional,DIESEL_NACIONAL,ESTACION DE SERVICIO COTA PATA S.R.L.,22000.0
2026-09-16,Distrito Comercial La Paz,DIESEL OIL NACIONAL EESS,Diesel Oil Nacional,DIESEL_NACIONAL,EST. SERV. IRIARTE SAN BORJA,22000.0
2026-09-16,Distrito Comercial La Paz,DIESEL OIL NACIONAL EESS,Diesel Oil Nacional,DIESEL_NACIONAL,EST. SERV. DESAGUADERO S.R.L.,22000.0
2026-09-16,Distrito Comercial La Paz,DIESEL OIL NACIONAL EESS,Diesel Oil Nacional,DIESEL_NACIONAL,EST. SERV. CRUCE LURIBAY S.R.L.,22000.0
2026-09-16,Distrito Comercial La Paz,DIESEL OIL NACIONAL EESS,Diesel Oil Nacional,DIESEL_NACIONAL,EST. SERV. CARBURANTES SAN MIGUEL,22000.0
2026-09-16,Distrito Comercial La Paz,DIESEL OIL NACIONAL EESS,Diesel Oil Nacional,DIESEL_NACIONAL,CANIAX S.R.L.,22000.0
2026-09-16,Distrito Comercial La Paz,DIESEL OIL IMPORTADO EESS,Diesel Oil Importado,DIESEL_IMPORTADO,INTEGRACION Y PROGRESO COMUNITARIO S.R.L.,5000.0
2026-09-16,Distrito Comercial La Paz,DIESEL OIL IMPORTADO EESS,Diesel Oil Importado,DIESEL_IMPORTADO,ZURSIL S.R.L. - E.S.T.,48000.0
2026-09-16,Distrito Comercial La Paz,DIESEL OIL IMPORTADO EESS,Diesel Oil Importado,DIESEL_IMPORTADO,MARIA PATZI-EST. SERV. VARELA,20000.0
2026-09-16,Distrito Comercial La Paz,DIESEL OIL IMPORTADO EESS,Diesel Oil Importado,DIESEL_IMPORTADO,GREGORIO CUENTAS M. EST. SERV. DRAGON DE ORO,12000.0
2026-09-16,Distrito Comercial La Paz,DIESEL OIL IMPORTADO EESS,Diesel Oil Importado,DIESEL_IMPORTADO,GAS SAN FELIPE S.R.L.,20000.0
2026-09-16,Distrito Comercial La Paz,DIESEL OIL IMPORTADO EESS,Diesel Oil Importado,DIESEL_IMPORTADO,ESTACIÓN DE SERVICIO LAS ROSAS S.R.L.,18000.0
2026-09-16,Distrito Comercial La Paz,DIESEL OIL IMPORTADO EESS,Diesel Oil Importado,DIESEL_IMPORTADO,ESTACIÓN DE SERVICIO ALIMARC INTER GAS BOLIVIA S.R.L.,48000.0
2026-09-16,Distrito Comercial La Paz,DIESEL OIL IMPORTADO EESS,Diesel Oil Importado,DIESEL_IMPORTADO,ESTACION DE SERVICIOS NIMAGASBOL S.R.L.,48000.0
2026-09-16,Distrito Comercial La Paz,DIESEL OIL IMPORTADO EESS,Diesel Oil Importado,DIESEL_IMPORTADO,ESTACION DE SERVICIO ZOFRI S.R.L.,48000.0
2026-09-16,Distrito Comercial La Paz,DIESEL OIL IMPORTADO EESS,Diesel Oil Importado,DIESEL_IMPORTADO,ESTACION DE SERVICIO TEJADA TRIANGULAR,18000.0
2026-09-16,Distrito Comercial La Paz,DIESEL OIL IMPORTADO EESS,Diesel Oil Importado,DIESEL_IMPORTADO,ESTACION DE SERVICIO SEÑOR DE MAYO S.R.L.,20000.0
2026-09-16,Distrito Comercial La Paz,DIESEL OIL IMPORTADO EESS,Diesel Oil Importado,DIESEL_IMPORTADO,ESTACION DE SERVICIO SAN SEBASTIAN S.R.L.,48000.0
2026-09-16,Distrito Comercial La Paz,DIESEL OIL IMPORTADO EESS,Diesel Oil Importado,DIESEL_IMPORTADO,ESTACION DE SERVICIO LOS ROSALES,18000.0
2026-09-16,Distrito Comercial La Paz,DIESEL OIL IMPORTADO EESS,Diesel Oil Importado,DIESEL_IMPORTADO,ESTACION DE SERVICIO CHALLAPAMPA S.R.L.,12000.0
2026-09-16,Distrito Comercial La Paz,DIESEL OIL IMPORTADO EESS,Diesel Oil Importado,DIESEL_IMPORTADO,ESTACION DE SERVICIO CALUYO S.R.L.,24000.0
2026-09-16,Distrito Comercial La Paz,DIESEL OIL IMPORTADO EESS,Diesel Oil Importado,DIESEL_IMPORTADO,ESTACION DE SERVICIO C. REDENTOR S.R.L.,48000.0
2026-09-16,Distrito Comercial La Paz,DIESEL OIL IMPORTADO EESS,Diesel Oil Importado,DIESEL_IMPORTADO,EST. SERV. VOLCAN S.R.L.,36000.0
2026-09-16,Distrito Comercial La Paz,DIESEL OIL IMPORTADO EESS,Diesel Oil Importado,DIESEL_IMPORTADO,EST. SERV. TEXAS S.R.L.,12000.0
2026-09-16,Distrito Comercial La Paz,DIESEL OIL IMPORTADO EESS,Diesel Oil Importado,DIESEL_IMPORTADO,EST. SERV. SURTIDORES UNITOURS LTDA.,18000.0
2026-09-16,Distrito Comercial La Paz,DIESEL OIL IMPORTADO EESS,Diesel Oil Importado,DIESEL_IMPORTADO,EST. SERV. SIEMPRE A FULL MIRAFLORES S.R.L. (SAF),24000.0
2026-09-16,Distrito Comercial La Paz,DIESEL OIL IMPORTADO EESS,Diesel Oil Importado,DIESEL_IMPORTADO,EST. SERV. SAN PABLO VILLA BOLIVAR S.R.L.,24000.0
2026-09-16,Distrito Comercial La Paz,DIESEL OIL IMPORTADO EESS,Diesel Oil Importado,DIESEL_IMPORTADO,EST. SERV. SALIDA LTDA,18000.0
2026-09-16,Distrito Comercial La Paz,DIESEL OIL IMPORTADO EESS,Diesel Oil Importado,DIESEL_IMPORTADO,EST. SERV. QHANTATI SRL.,48000.0
2026-09-16,Distrito Comercial La Paz,DIESEL OIL IMPORTADO EESS,Diesel Oil Importado,DIESEL_IMPORTADO,EST. SERV. PLAYA VERDE,24000.0
2026-09-16,Distrito Comercial La Paz,DIESEL OIL IMPORTADO EESS,Diesel Oil Importado,DIESEL_IMPORTADO,EST. SERV. PEREZ ROCHA SRL.,20000.0
2026-09-16,Distrito Comercial La Paz,DIESEL OIL IMPORTADO EESS,Diesel Oil Importado,DIESEL_IMPORTADO,EST. SERV. MARANATHA,24000.0
2026-09-16,Distrito Comercial La Paz,DIESEL OIL IMPORTADO EESS,Diesel Oil Importado,DIESEL_IMPORTADO,EST. SERV. M&G CAMINO REAL,20000.0
2026-09-16,Distrito Comercial La Paz,DIESEL OIL IMPORTADO EESS,Diesel Oil Importado,DIESEL_IMPORTADO,EST. SERV. LOS ANDES SRL,20000.0
2026-09-16,Distrito Comercial La Paz,DIESEL OIL IMPORTADO EESS,Diesel Oil Importado,DIESEL_IMPORTADO,EST. SERV. LAREDO SRL,48000.0
2026-09-16,Distrito Comercial La Paz,DIESEL OIL IMPORTADO EESS,Diesel Oil Importado,DIESEL_IMPORTADO,EST. SERV. INTEROCEANICO,20000.0
2026-09-16,Distrito Comercial La Paz,DIESEL OIL IMPORTADO EESS,Diesel Oil Importado,DIESEL_IMPORTADO,EST. SERV. ILLIMANI S.R.L.,20000.0
2026-09-16,Distrito Comercial La Paz,DIESEL OIL IMPORTADO EESS,Diesel Oil Importado,DIESEL_IMPORTADO,EST. SERV. GALAXIA S.R.L.,18000.0
2026-09-16,Distrito Comercial La Paz,DIESEL OIL IMPORTADO EESS,Diesel Oil Importado,DIESEL_IMPORTADO,EST. SERV. ESUR GHS LTDA.,12000.0
2026-09-16,Distrito Comercial La Paz,DIESEL OIL IMPORTADO EESS,Diesel Oil Importado,DIESEL_IMPORTADO,EST. SERV. EL PARAISO SRL.,20000.0
2026-09-16,Distrito Comercial La Paz,DIESEL OIL IMPORTADO EESS,Diesel Oil Importado,DIESEL_IMPORTADO,EST. SERV. CRISTO AUTO GAS SRL.,18000.0
2026-09-16,Distrito Comercial La Paz,DIESEL OIL IMPORTADO EESS,Diesel Oil Importado,DIESEL_IMPORTADO,EST. SERV. CHUSAMARCA,20000.0
2026-09-16,Distrito Comercial La Paz,DIESEL OIL IMPORTADO EESS,Diesel Oil Importado,DIESEL_IMPORTADO,EST. SERV. CHALY,24000.0
2026-09-16,Distrito Comercial La Paz,DIESEL OIL IMPORTADO EESS,Diesel Oil Importado,DIESEL_IMPORTADO,EST. SERV. CANDELARIA,48000.0
2026-09-16,Distrito Comercial La Paz,DIESEL OIL IMPORTADO EESS,Diesel Oil Importado,DIESEL_IMPORTADO,EST. SERV. BOLIVIA ZURSIL S.R.L.,12000.0
2026-09-16,Distrito Comercial La Paz,DIESEL OIL IMPORTADO EESS,Diesel Oil Importado,DIESEL_IMPORTADO,EST. SERV. BASSAM LTDA,20000.0
2026-09-16,Distrito Comercial La Paz,DIESEL OIL IMPORTADO EESS,Diesel Oil Importado,DIESEL_IMPORTADO,EST. SERV. APOSTOL SANTIAGO,24000.0
2026-09-16,Distrito Comercial La Paz,DIESEL OIL IMPORTADO EESS,Diesel Oil Importado,DIESEL_IMPORTADO,EST. SERV. ALTO LIMA S.R.L.,12000.0
2026-09-16,Distrito Comercial La Paz,DIESEL OIL IMPORTADO EESS,Diesel Oil Importado,DIESEL_IMPORTADO,EST. SERV. 6 DE MARZO,48000.0
2026-09-16,Distrito Comercial La Paz,DIESEL OIL IMPORTADO EESS,Diesel Oil Importado,DIESEL_IMPORTADO,ELSA CHIPANA H. - EST. SERV. ECOPETROL,48000.0
2026-09-16,Distrito Comercial La Paz,DIESEL OIL IMPORTADO EESS,Diesel Oil Importado,DIESEL_IMPORTADO,ELDA S. AGUILAR V. - EST. SERV. JUAN PABLO II,36000.0
2026-09-16,Distrito Comercial La Paz,DIESEL OIL IMPORTADO EESS,Diesel Oil Importado,DIESEL_IMPORTADO,EDUARDO YUPANQUI Q.-EST. SERV. VENTILLA,24000.0
2026-09-16,Distrito Comercial La Paz,DIESEL OIL IMPORTADO EESS,Diesel Oil Importado,DIESEL_IMPORTADO,DISTRIBUIDORA DE GASOLINA Y LUBRICANTES SAN PABLO S.R.L.,12000.0
2026-09-17,Distrito Comercial La Paz,DIESEL OIL IMPORTADO EESS,Diesel Oil Importado,DIESEL_IMPORTADO,GAS SAN FELIPE S.R.L.,20000.0
2026-09-17,Distrito Comercial La Paz,DIESEL OIL IMPORTADO EESS,Diesel Oil Importado,DIESEL_IMPORTADO,ESTACIÓN DE SERVICIO LAS ROSAS S.R.L.,18000.0
2026-09-17,Distrito Comercial La Paz,DIESEL OIL IMPORTADO EESS,Diesel Oil Importado,DIESEL_IMPORTADO,ESTACION DE SERVICIO SEÑOR DE MAYO S.R.L.,20000.0
2026-09-17,Distrito Comercial La Paz,DIESEL OIL IMPORTADO EESS,Diesel Oil Importado,DIESEL_IMPORTADO,ESTACION DE SERVICIO CALUYO S.R.L.,20000.0
2026-09-17,Distrito Comercial La Paz,DIESEL OIL IMPORTADO EESS,Diesel Oil Importado,DIESEL_IMPORTADO,EST. SERV. QHANTATI SRL.,24000.0
2026-09-17,Distrito Comercial La Paz,DIESEL OIL IMPORTADO EESS,Diesel Oil Importado,DIESEL_IMPORTADO,EST. SERV. PEREZ ROCHA SRL.,20000.0
2026-09-17,Distrito Comercial La Paz,DIESEL OIL IMPORTADO EESS,Diesel Oil Importado,DIESEL_IMPORTADO,EST. SERV. INTEROCEANICO,20000.0
2026-09-17,Distrito Comercial La Paz,DIESEL OIL IMPORTADO EESS,Diesel Oil Importado,DIESEL_IMPORTADO,EST. SERV. ILLIMANI S.R.L.,24000.0
2026-09-17,Distrito Comercial La Paz,DIESEL OIL IMPORTADO EESS,Diesel Oil Importado,DIESEL_IMPORTADO,EST. SERV. GALAXIA S.R.L.,18000.0
2026-09-17,Distrito Comercial La Paz,DIESEL OIL IMPORTADO EESS,Diesel Oil Importado,DIESEL_IMPORTADO,EST. SERV. EL PARAISO SRL.,20000.0
2026-09-17,Distrito Comercial La Paz,DIESEL OIL IMPORTADO EESS,Diesel Oil Importado,DIESEL_IMPORTADO,EST. SERV. CHUSAMARCA,20000.0
2026-09-17,Distrito Comercial La Paz,DIESEL OIL IMPORTADO EESS,Diesel Oil Importado,DIESEL_IMPORTADO,EST. SERV. APOSTOL SANTIAGO,24000.0
2026-09-17,Distrito Comercial La Paz,DIESEL OIL IMPORTADO EESS,Diesel Oil Importado,DIESEL_IMPORTADO,DISTRIBUIDORA DE GASOLINA Y LUBRICANTES SAN PABLO S.R.L.,12000.0
2026-09-17,Distrito Comercial La Paz,DIESEL OIL IMPORTADO EESS,Diesel Oil Importado,DIESEL_IMPORTADO,MARIA PATZI-EST. SERV. VARELA,20000.0
2026-09-17,Distrito Comercial La Paz,DIESEL OIL IMPORTADO EESS,Diesel Oil Importado,DIESEL_IMPORTADO,GREGORIO CUENTAS M. EST. SERV. DRAGON DE ORO,12000.0
2026-09-17,Distrito Comercial La Paz,DIESEL OIL IMPORTADO EESS,Diesel Oil Importado,DIESEL_IMPORTADO,ESTACION DE SERVICIOS NIMAGASBOL S.R.L.,48000.0
2026-09-17,Distrito Comercial La Paz,DIESEL OIL IMPORTADO EESS,Diesel Oil Importado,DIESEL_IMPORTADO,ESTACION DE SERVICIO TEJADA TRIANGULAR,12000.0
2026-09-17,Distrito Comercial La Paz,DIESEL OIL IMPORTADO EESS,Diesel Oil Importado,DIESEL_IMPORTADO,ESTACION DE SERVICIO SAN SEBASTIAN S.R.L.,48000.0
2026-09-17,Distrito Comercial La Paz,DIESEL OIL IMPORTADO EESS,Diesel Oil Importado,DIESEL_IMPORTADO,ESTACION DE SERVICIO FULL TANK S.R.L.,24000.0
2026-09-17,Distrito Comercial La Paz,DIESEL OIL IMPORTADO EESS,Diesel Oil Importado,DIESEL_IMPORTADO,ESTACION DE SERVICIO CHALLAPAMPA S.R.L.,12000.0
2026-09-17,Distrito Comercial La Paz,DIESEL OIL IMPORTADO EESS,Diesel Oil Importado,DIESEL_IMPORTADO,EST. SERV. SAN PABLO VILLA BOLIVAR S.R.L.,20000.0
2026-09-17,Distrito Comercial La Paz,DIESEL OIL IMPORTADO EESS,Diesel Oil Importado,DIESEL_IMPORTADO,EST. SERV. LOS ANDES SRL,14000.0
2026-09-17,Distrito Comercial La Paz,DIESEL OIL IMPORTADO EESS,Diesel Oil Importado,DIESEL_IMPORTADO,EST. SERV. EDUARDO YUPANQUI,18000.0
2026-09-17,Distrito Comercial La Paz,DIESEL OIL IMPORTADO EESS,Diesel Oil Importado,DIESEL_IMPORTADO,EST. SERV. CUENTAS SAN PABLO II S.R.L.,20000.0
2026-09-17,Distrito Comercial La Paz,DIESEL OIL IMPORTADO EESS,Diesel Oil Importado,DIESEL_IMPORTADO,ELSA CHIPANA H. - EST. SERV. ECOPETROL,48000.0
2026-09-17,Distrito Comercial La Paz,DIESEL OIL IMPORTADO EESS,Diesel Oil Importado,DIESEL_IMPORTADO,ELDA S. AGUILAR V. - EST. SERV. JUAN PABLO II,24000.0
2026-09-17,Distrito Comercial La Paz,DIESEL OIL IMPORTADO EESS,Diesel Oil Importado,DIESEL_IMPORTADO,EDUARDO YUPANQUI Q.-EST. SERV. VENTILLA,24000.0
2026-09-17,Distrito Comercial La Paz,DIESEL OIL NACIONAL EESS,Diesel Oil Nacional,DIESEL_NACIONAL,SILVIA TORREZ.- EST. SERV. TORREZ,22000.0
2026-09-17,Distrito Comercial La Paz,DIESEL OIL NACIONAL EESS,Diesel Oil Nacional,DIESEL_NACIONAL,OFELIA PLATA P. - EST. SERV. UMAMARCA,22000.0
2026-09-17,Distrito Comercial La Paz,DIESEL OIL NACIONAL EESS,Diesel Oil Nacional,DIESEL_NACIONAL,ESTACIÓN DE SERVICIO ESCOMA S.R.L.,22000.0
2026-09-17,Distrito Comercial La Paz,DIESEL OIL NACIONAL EESS,Diesel Oil Nacional,DIESEL_NACIONAL,ESTACION DE SERVICIO TIAHUANACU S.R.L.,22000.0
2026-09-17,Distrito Comercial La Paz,DIESEL OIL NACIONAL EESS,Diesel Oil Nacional,DIESEL_NACIONAL,ESTACION DE SERVICIO SAYHOGAS S.R.L.,22000.0
2026-09-17,Distrito Comercial La Paz,DIESEL OIL NACIONAL EESS,Diesel Oil Nacional,DIESEL_NACIONAL,ESTACION DE SERVICIO MADIDI SAN BUENAVENTURA S.R.L.,22000.0
2026-09-17,Distrito Comercial La Paz,DIESEL OIL NACIONAL EESS,Diesel Oil Nacional,DIESEL_NACIONAL,ESTACION DE SERVICIO GASOLINERA CRUCE DE ORO S.R.L.,22000.0
2026-09-17,Distrito Comercial La Paz,DIESEL OIL NACIONAL EESS,Diesel Oil Nacional,DIESEL_NACIONAL,EST. SERV. V. COPACABANA - PEDRO IRIARTE M.,22000.0
2026-09-17,Distrito Comercial La Paz,DIESEL OIL NACIONAL EESS,Diesel Oil Nacional,DIESEL_NACIONAL,EST. SERV. NETANEL,22000.0
2026-09-17,Distrito Comercial La Paz,DIESEL OIL NACIONAL EESS,Diesel Oil Nacional,DIESEL_NACIONAL,EST. SERV. LOZA DE ORO,22000.0
2026-09-17,Distrito Comercial La Paz,DIESEL OIL NACIONAL EESS,Diesel Oil Nacional,DIESEL_NACIONAL,EST. SERV. GASOLCAMP S.R.L.,22000.0
2026-09-17,Distrito Comercial La Paz,DIESEL OIL NACIONAL EESS,Diesel Oil Nacional,DIESEL_NACIONAL,EST. SERV. FLOR DE CAÑA S.R.L.,22000.0
2026-09-17,Distrito Comercial La Paz,DIESEL OIL NACIONAL EESS,Diesel Oil Nacional,DIESEL_NACIONAL,EST. SERV. CARRASCO S.R.L.,22000.0
2026-09-17,Distrito Comercial La Paz,DIESEL OIL NACIONAL EESS,Diesel Oil Nacional,DIESEL_NACIONAL,EST. SERV. BALLIVIAN SANTA BARBARA,22000.0
2026-09-17,Distrito Comercial La Paz,DIESEL OIL NACIONAL EESS,Diesel Oil Nacional,DIESEL_NACIONAL,EST. SERV. ADALUZ PETROL,22000.0
2026-09-17,Distrito Comercial La Paz,DIESEL OIL NACIONAL EESS,Diesel Oil Nacional,DIESEL_NACIONAL,EST. SERV. ACHACACHI S.R.L.,20000.0
2026-09-17,Distrito Comercial La Paz,DIESEL OIL NACIONAL EESS,Diesel Oil Nacional,DIESEL_NACIONAL,CLEMENTINA FANNY MAMANI MORALES - EST. SERV. LAHUACHACA Y DISTRIBUCION DE GLP,22000.0
2026-09-17,Distrito Comercial La Paz,DIESEL OIL IMPORTADO EESS,Diesel Oil Importado,DIESEL_IMPORTADO,ZURSIL S.R.L. - E.S.T.,48000.0
2026-09-17,Distrito Comercial La Paz,DIESEL OIL IMPORTADO EESS,Diesel Oil Importado,DIESEL_IMPORTADO,ESTACIÓN DE SERVICIO ALIMARC INTER GAS BOLIVIA S.R.L.,48000.0
2026-09-17,Distrito Comercial La Paz,DIESEL OIL IMPORTADO EESS,Diesel Oil Importado,DIESEL_IMPORTADO,ESTACION DE SERVICIO ZOFRI S.R.L.,48000.0
2026-09-17,Distrito Comercial La Paz,DIESEL OIL IMPORTADO EESS,Diesel Oil Importado,DIESEL_IMPORTADO,ESTACION DE SERVICIO TERRAGAS LTDA,12000.0
2026-09-17,Distrito Comercial La Paz,DIESEL OIL IMPORTADO EESS,Diesel Oil Importado,DIESEL_IMPORTADO,ESTACION DE SERVICIO LOS ROSALES,24000.0
2026-09-17,Distrito Comercial La Paz,DIESEL OIL IMPORTADO EESS,Diesel Oil Importado,DIESEL_IMPORTADO,ESTACION DE SERVICIO C. REDENTOR S.R.L.,48000.0
2026-09-17,Distrito Comercial La Paz,DIESEL OIL IMPORTADO EESS,Diesel Oil Importado,DIESEL_IMPORTADO,EST. SERV. VOLCAN S.R.L.,36000.0
2026-09-17,Distrito Comercial La Paz,DIESEL OIL IMPORTADO EESS,Diesel Oil Importado,DIESEL_IMPORTADO,EST. SERV. SURTIDORES UNITOURS LTDA.,12000.0
2026-09-17,Distrito Comercial La Paz,DIESEL OIL IMPORTADO EESS,Diesel Oil Importado,DIESEL_IMPORTADO,EST. SERV. SOC. IND. COM. G.L.P.H. LTDA,18000.0
2026-09-17,Distrito Comercial La Paz,DIESEL OIL IMPORTADO EESS,Diesel Oil Importado,DIESEL_IMPORTADO,EST. SERV. SIEMPRE A FULL MIRAFLORES S.R.L. (SAF),12000.0
2026-09-17,Distrito Comercial La Paz,DIESEL OIL IMPORTADO EESS,Diesel Oil Importado,DIESEL_IMPORTADO,EST. SERV. SALIDA LTDA,12000.0
2026-09-17,Distrito Comercial La Paz,DIESEL OIL IMPORTADO EESS,Diesel Oil Importado,DIESEL_IMPORTADO,EST. SERV. PLAYA VERDE,24000.0
2026-09-17,Distrito Comercial La Paz,DIESEL OIL IMPORTADO EESS,Diesel Oil Importado,DIESEL_IMPORTADO,EST. SERV. M&G CAMINO REAL,20000.0
2026-09-17,Distrito Comercial La Paz,DIESEL OIL IMPORTADO EESS,Diesel Oil Importado,DIESEL_IMPORTADO,EST. SERV. LAREDO SRL,48000.0
2026-09-17,Distrito Comercial La Paz,DIESEL OIL IMPORTADO EESS,Diesel Oil Importado,DIESEL_IMPORTADO,EST. SERV. JAIMES FREYRE,12000.0
2026-09-17,Distrito Comercial La Paz,DIESEL OIL IMPORTADO EESS,Diesel Oil Importado,DIESEL_IMPORTADO,EST. SERV. GAS-MAY S.R.L.,18000.0
2026-09-17,Distrito Comercial La Paz,DIESEL OIL IMPORTADO EESS,Diesel Oil Importado,DIESEL_IMPORTADO,EST. SERV. EMP. COM. HID. TUPAC KATARI S.R.L.,20000.0
2026-09-17,Distrito Comercial La Paz,DIESEL OIL IMPORTADO EESS,Diesel Oil Importado,DIESEL_IMPORTADO,EST. SERV. CANDELARIA,48000.0
2026-09-17,Distrito Comercial La Paz,DIESEL OIL IMPORTADO EESS,Diesel Oil Importado,DIESEL_IMPORTADO,EST. SERV. BOLIVIA ZURSIL S.R.L.,12000.0
2026-09-17,Distrito Comercial La Paz,DIESEL OIL IMPORTADO EESS,Diesel Oil Importado,DIESEL_IMPORTADO,EST. SERV. 6 DE MARZO,48000.0
2026-09-17,Distrito Comercial La Paz,GASOLINA ESPECIAL + (S/DSI),Gasolina Especial +,GASOLINA_ESPECIAL_MAS,ZURSIL S.R.L. - E.S.T.,18000.0
2026-09-17,Distrito Comercial La Paz,GASOLINA ESPECIAL + (S/DSI),Gasolina Especial +,GASOLINA_ESPECIAL_MAS,ESTACION DE SERVICIO KANTUTA S.R.L.,24000.0
2026-09-17,Distrito Comercial La Paz,GASOLINA ESPECIAL + (S/DSI),Gasolina Especial +,GASOLINA_ESPECIAL_MAS,ESTACION DE SERVICIO JACHA INTI S.R.L.,24000.0
2026-09-17,Distrito Comercial La Paz,GASOLINA ESPECIAL + (S/DSI),Gasolina Especial +,GASOLINA_ESPECIAL_MAS,EST. SERV. VOLCAN S.R.L.,48000.0
2026-09-17,Distrito Comercial La Paz,GASOLINA ESPECIAL + (S/DSI),Gasolina Especial +,GASOLINA_ESPECIAL_MAS,EST. SERV. SOC. IND. COM. G.L.P.H. LTDA,24000.0
2026-09-17,Distrito Comercial La Paz,GASOLINA ESPECIAL + (S/DSI),Gasolina Especial +,GASOLINA_ESPECIAL_MAS,EST. SERV. SIEMPRE A FULL MIRAFLORES S.R.L. (SAF),36000.0
2026-09-17,Distrito Comercial La Paz,GASOLINA ESPECIAL + (S/DSI),Gasolina Especial +,GASOLINA_ESPECIAL_MAS,EST. SERV. RACING GAS S.R.L.,12000.0
2026-09-17,Distrito Comercial La Paz,GASOLINA ESPECIAL + (S/DSI),Gasolina Especial +,GASOLINA_ESPECIAL_MAS,EST. SERV. MOTORECO SRL.,24000.0
2026-09-17,Distrito Comercial La Paz,GASOLINA ESPECIAL + (S/DSI),Gasolina Especial +,GASOLINA_ESPECIAL_MAS,EST. SERV. MARANATHA,24000.0
2026-09-17,Distrito Comercial La Paz,GASOLINA ESPECIAL + (S/DSI),Gasolina Especial +,GASOLINA_ESPECIAL_MAS,EST. SERV. LUBRICAN SRL,24000.0
2026-09-17,Distrito Comercial La Paz,GASOLINA ESPECIAL + (S/DSI),Gasolina Especial +,GASOLINA_ESPECIAL_MAS,EST. SERV. GAS-MAY S.R.L.,12000.0
2026-09-17,Distrito Comercial La Paz,GASOLINA ESPECIAL + (S/DSI),Gasolina Especial +,GASOLINA_ESPECIAL_MAS,EST. SERV. GAS CENTRO S.R.L.,20000.0
2026-09-17,Distrito Comercial La Paz,GASOLINA ESPECIAL + (S/DSI),Gasolina Especial +,GASOLINA_ESPECIAL_MAS,EST. SERV. CRISTO AUTO GAS SRL.,20000.0
2026-09-17,Distrito Comercial La Paz,GASOLINA ESPECIAL + (S/DSI),Gasolina Especial +,GASOLINA_ESPECIAL_MAS,EST. SERV. CHALY,24000.0
2026-09-17,Distrito Comercial La Paz,GASOLINA ESPECIAL + EESS,Gasolina Especial +,GASOLINA_ESPECIAL_MAS,OFELIA PLATA P. - EST. SERV. UMAMARCA,22000.0
2026-09-17,Distrito Comercial La Paz,GASOLINA ESPECIAL + EESS,Gasolina Especial +,GASOLINA_ESPECIAL_MAS,GASOLINERA HUATAJATA S.R.L.,22000.0
2026-09-17,Distrito Comercial La Paz,GASOLINA ESPECIAL + EESS,Gasolina Especial +,GASOLINA_ESPECIAL_MAS,ESTACIÓN DE SERVICIO ESCOMA S.R.L.,22000.0
2026-09-17,Distrito Comercial La Paz,GASOLINA ESPECIAL + EESS,Gasolina Especial +,GASOLINA_ESPECIAL_MAS,ESTACION DE SERVICIO TOLAR S.R.L.,20000.0
2026-09-17,Distrito Comercial La Paz,GASOLINA ESPECIAL + EESS,Gasolina Especial +,GASOLINA_ESPECIAL_MAS,ESTACION DE SERVICIO TEOPONTE S.R.L.,22000.0
2026-09-17,Distrito Comercial La Paz,GASOLINA ESPECIAL + EESS,Gasolina Especial +,GASOLINA_ESPECIAL_MAS,ESTACION DE SERVICIO SURTIDOR TUMUPASA S.R.L.,22000.0
2026-09-17,Distrito Comercial La Paz,GASOLINA ESPECIAL + EESS,Gasolina Especial +,GASOLINA_ESPECIAL_MAS,ESTACION DE SERVICIO PARAISO TROPICAL,22000.0
2026-09-17,Distrito Comercial La Paz,GASOLINA ESPECIAL + EESS,Gasolina Especial +,GASOLINA_ESPECIAL_MAS,ESTACION DE SERVICIO MEJIA S.R.L.,22000.0
2026-09-17,Distrito Comercial La Paz,GASOLINA ESPECIAL + EESS,Gasolina Especial +,GASOLINA_ESPECIAL_MAS,ESTACION DE SERVICIO MADIDI SAN BUENAVENTURA S.R.L.,30000.0
2026-09-17,Distrito Comercial La Paz,GASOLINA ESPECIAL + EESS,Gasolina Especial +,GASOLINA_ESPECIAL_MAS,ESTACION DE SERVICIO HUANCANE Y TRANSPORTE S.R.L.,22000.0
2026-09-17,Distrito Comercial La Paz,GASOLINA ESPECIAL + EESS,Gasolina Especial +,GASOLINA_ESPECIAL_MAS,ESTACION DE SERVICIO COTA PATA S.R.L.,22000.0
2026-09-17,Distrito Comercial La Paz,GASOLINA ESPECIAL + EESS,Gasolina Especial +,GASOLINA_ESPECIAL_MAS,EST. SERV. PALOS BLANCOS,32000.0
2026-09-17,Distrito Comercial La Paz,GASOLINA ESPECIAL + EESS,Gasolina Especial +,GASOLINA_ESPECIAL_MAS,EST. SERV. NETANEL,22000.0
2026-09-17,Distrito Comercial La Paz,GASOLINA ESPECIAL + EESS,Gasolina Especial +,GASOLINA_ESPECIAL_MAS,EST. SERV. LOZA DE ORO,22000.0
2026-09-17,Distrito Comercial La Paz,GASOLINA ESPECIAL + EESS,Gasolina Especial +,GASOLINA_ESPECIAL_MAS,EST. SERV. CARRASCO S.R.L.,22000.0
2026-09-17,Distrito Comercial La Paz,GASOLINA ESPECIAL + EESS,Gasolina Especial +,GASOLINA_ESPECIAL_MAS,EST. SERV. CARBURANTES SAN MIGUEL,22000.0
2026-09-17,Distrito Comercial La Paz,GASOLINA ESPECIAL + (S/DSI),Gasolina Especial +,GASOLINA_ESPECIAL_MAS,GRUPO EMPRESARIAL VIRGEN DE LOS ALAMOS S.R.L.,36000.0
2026-09-17,Distrito Comercial La Paz,GASOLINA ESPECIAL + (S/DSI),Gasolina Especial +,GASOLINA_ESPECIAL_MAS,GREGORIO CUENTAS M. EST. SERV. DRAGON DE ORO,24000.0
2026-09-17,Distrito Comercial La Paz,GASOLINA ESPECIAL + (S/DSI),Gasolina Especial +,GASOLINA_ESPECIAL_MAS,GAS SAN FELIPE S.R.L.,24000.0
2026-09-17,Distrito Comercial La Paz,GASOLINA ESPECIAL + (S/DSI),Gasolina Especial +,GASOLINA_ESPECIAL_MAS,ESTACIÓN DE SERVICIO LAS ROSAS S.R.L.,20000.0
2026-09-17,Distrito Comercial La Paz,GASOLINA ESPECIAL + (S/DSI),Gasolina Especial +,GASOLINA_ESPECIAL_MAS,ESTACIÓN DE SERVICIO ALIMARC INTER GAS BOLIVIA S.R.L.,18000.0
2026-09-17,Distrito Comercial La Paz,GASOLINA ESPECIAL + (S/DSI),Gasolina Especial +,GASOLINA_ESPECIAL_MAS,ESTACION DE SERVICIOS NIMAGASBOL S.R.L.,18000.0
2026-09-17,Distrito Comercial La Paz,GASOLINA ESPECIAL + (S/DSI),Gasolina Especial +,GASOLINA_ESPECIAL_MAS,ESTACION DE SERVICIO ZOFRI S.R.L.,18000.0
2026-09-17,Distrito Comercial La Paz,GASOLINA ESPECIAL + (S/DSI),Gasolina Especial +,GASOLINA_ESPECIAL_MAS,ESTACION DE SERVICIO TERRAGAS LTDA,24000.0
2026-09-17,Distrito Comercial La Paz,GASOLINA ESPECIAL + (S/DSI),Gasolina Especial +,GASOLINA_ESPECIAL_MAS,ESTACION DE SERVICIO TEJADA TRIANGULAR,20000.0
2026-09-17,Distrito Comercial La Paz,GASOLINA ESPECIAL + (S/DSI),Gasolina Especial +,GASOLINA_ESPECIAL_MAS,ESTACION DE SERVICIO SEÑOR DE MAYO S.R.L.,20000.0
2026-09-17,Distrito Comercial La Paz,GASOLINA ESPECIAL + (S/DSI),Gasolina Especial +,GASOLINA_ESPECIAL_MAS,ESTACION DE SERVICIO SAN SEBASTIAN S.R.L.,18000.0
2026-09-17,Distrito Comercial La Paz,GASOLINA ESPECIAL + (S/DSI),Gasolina Especial +,GASOLINA_ESPECIAL_MAS,ESTACION DE SERVICIO LOZA - MARCELINA AGUIRRE VDA. DE LOZA,24000.0
2026-09-17,Distrito Comercial La Paz,GASOLINA ESPECIAL + (S/DSI),Gasolina Especial +,GASOLINA_ESPECIAL_MAS,ESTACION DE SERVICIO FULL TANK S.R.L.,18000.0
2026-09-17,Distrito Comercial La Paz,GASOLINA ESPECIAL + (S/DSI),Gasolina Especial +,GASOLINA_ESPECIAL_MAS,ESTACION DE SERVICIO CALUYO S.R.L.,20000.0
2026-09-17,Distrito Comercial La Paz,GASOLINA ESPECIAL + (S/DSI),Gasolina Especial +,GASOLINA_ESPECIAL_MAS,ESTACION DE SERVICIO C. REDENTOR S.R.L.,12000.0
2026-09-17,Distrito Comercial La Paz,GASOLINA ESPECIAL + (S/DSI),Gasolina Especial +,GASOLINA_ESPECIAL_MAS,EST. SERV. YUPANQUI,12000.0
2026-09-17,Distrito Comercial La Paz,GASOLINA ESPECIAL + (S/DSI),Gasolina Especial +,GASOLINA_ESPECIAL_MAS,EST. SERV. TEXAS S.R.L.,20000.0
2026-09-17,Distrito Comercial La Paz,GASOLINA ESPECIAL + (S/DSI),Gasolina Especial +,GASOLINA_ESPECIAL_MAS,EST. SERV. SURTIDORES UNITOURS LTDA.,12000.0
2026-09-17,Distrito Comercial La Paz,GASOLINA ESPECIAL + (S/DSI),Gasolina Especial +,GASOLINA_ESPECIAL_MAS,EST. SERV. SAN PABLO VILLA BOLIVAR S.R.L.,20000.0
2026-09-17,Distrito Comercial La Paz,GASOLINA ESPECIAL + (S/DSI),Gasolina Especial +,GASOLINA_ESPECIAL_MAS,EST. SERV. SALIDA LTDA,20000.0
2026-09-17,Distrito Comercial La Paz,GASOLINA ESPECIAL + (S/DSI),Gasolina Especial +,GASOLINA_ESPECIAL_MAS,EST. SERV. QHANTATI SRL.,24000.0
2026-09-17,Distrito Comercial La Paz,GASOLINA ESPECIAL + (S/DSI),Gasolina Especial +,GASOLINA_ESPECIAL_MAS,EST. SERV. PLAYA VERDE,24000.0
2026-09-17,Distrito Comercial La Paz,GASOLINA ESPECIAL + (S/DSI),Gasolina Especial +,GASOLINA_ESPECIAL_MAS,EST. SERV. PEREZ ROCHA SRL.,20000.0
2026-09-17,Distrito Comercial La Paz,GASOLINA ESPECIAL + (S/DSI),Gasolina Especial +,GASOLINA_ESPECIAL_MAS,EST. SERV. M&G CAMINO REAL,24000.0
2026-09-17,Distrito Comercial La Paz,GASOLINA ESPECIAL + (S/DSI),Gasolina Especial +,GASOLINA_ESPECIAL_MAS,EST. SERV. LAREDO SRL,18000.0
2026-09-17,Distrito Comercial La Paz,GASOLINA ESPECIAL + (S/DSI),Gasolina Especial +,GASOLINA_ESPECIAL_MAS,EST. SERV. JAIMES FREYRE,24000.0
2026-09-17,Distrito Comercial La Paz,GASOLINA ESPECIAL + (S/DSI),Gasolina Especial +,GASOLINA_ESPECIAL_MAS,EST. SERV. INTEROCEANICO,20000.0
2026-09-17,Distrito Comercial La Paz,GASOLINA ESPECIAL + (S/DSI),Gasolina Especial +,GASOLINA_ESPECIAL_MAS,EST. SERV. ILLIMANI S.R.L.,20000.0
2026-09-17,Distrito Comercial La Paz,GASOLINA ESPECIAL + (S/DSI),Gasolina Especial +,GASOLINA_ESPECIAL_MAS,EST. SERV. ESUR GHS LTDA.,36000.0
2026-09-17,Distrito Comercial La Paz,GASOLINA ESPECIAL + (S/DSI),Gasolina Especial +,GASOLINA_ESPECIAL_MAS,EST. SERV. EMP. COM. HID. TUPAC KATARI S.R.L.,24000.0
2026-09-17,Distrito Comercial La Paz,GASOLINA ESPECIAL + (S/DSI),Gasolina Especial +,GASOLINA_ESPECIAL_MAS,EST. SERV. EL PARAISO SRL.,24000.0
2026-09-17,Distrito Comercial La Paz,GASOLINA ESPECIAL + (S/DSI),Gasolina Especial +,GASOLINA_ESPECIAL_MAS,EST. SERV. CUENTAS SAN PABLO II S.R.L.,24000.0
2026-09-17,Distrito Comercial La Paz,GASOLINA ESPECIAL + (S/DSI),Gasolina Especial +,GASOLINA_ESPECIAL_MAS,EST. SERV. COSTANERA SRL.,24000.0
2026-09-17,Distrito Comercial La Paz,GASOLINA ESPECIAL + (S/DSI),Gasolina Especial +,GASOLINA_ESPECIAL_MAS,EST. SERV. CHUSAMARCA,12000.0
2026-09-17,Distrito Comercial La Paz,GASOLINA ESPECIAL + (S/DSI),Gasolina Especial +,GASOLINA_ESPECIAL_MAS,EST. SERV. CHASQUIPAMPA S.R.L.,24000.0
2026-09-17,Distrito Comercial La Paz,GASOLINA ESPECIAL + (S/DSI),Gasolina Especial +,GASOLINA_ESPECIAL_MAS,EST. SERV. CARSUR S.R.L.,24000.0
2026-09-17,Distrito Comercial La Paz,GASOLINA ESPECIAL + (S/DSI),Gasolina Especial +,GASOLINA_ESPECIAL_MAS,EST. SERV. CANDELARIA,18000.0
2026-09-17,Distrito Comercial La Paz,GASOLINA ESPECIAL + (S/DSI),Gasolina Especial +,GASOLINA_ESPECIAL_MAS,EST. SERV. BOLIVIA ZURSIL S.R.L.,12000.0
2026-09-17,Distrito Comercial La Paz,GASOLINA ESPECIAL + (S/DSI),Gasolina Especial +,GASOLINA_ESPECIAL_MAS,EST. SERV. BASSAM LTDA,24000.0
2026-09-17,Distrito Comercial La Paz,GASOLINA ESPECIAL + (S/DSI),Gasolina Especial +,GASOLINA_ESPECIAL_MAS,EST. SERV. APOSTOL SANTIAGO,20000.0
2026-09-17,Distrito Comercial La Paz,GASOLINA ESPECIAL + (S/DSI),Gasolina Especial +,GASOLINA_ESPECIAL_MAS,EST. SERV. ALTO LIMA S.R.L.,20000.0
2026-09-17,Distrito Comercial La Paz,GASOLINA ESPECIAL + (S/DSI),Gasolina Especial +,GASOLINA_ESPECIAL_MAS,EST. SERV. ACB SAN JORGE,24000.0
2026-09-17,Distrito Comercial La Paz,GASOLINA ESPECIAL + (S/DSI),Gasolina Especial +,GASOLINA_ESPECIAL_MAS,EST. SERV. ACB CALACOTO,24000.0
2026-09-17,Distrito Comercial La Paz,GASOLINA ESPECIAL + (S/DSI),Gasolina Especial +,GASOLINA_ESPECIAL_MAS,EST. SERV. 6 DE MARZO,12000.0
2026-09-17,Distrito Comercial La Paz,GASOLINA ESPECIAL + (S/DSI),Gasolina Especial +,GASOLINA_ESPECIAL_MAS,ELSA CHIPANA H. - EST. SERV. ECOPETROL,12000.0
2026-09-17,Distrito Comercial La Paz,GASOLINA ESPECIAL + (S/DSI),Gasolina Especial +,GASOLINA_ESPECIAL_MAS,ELDA S. AGUILAR V. - EST. SERV. JUAN PABLO II,36000.0
2026-09-17,Distrito Comercial La Paz,GASOLINA ESPECIAL + (S/DSI),Gasolina Especial +,GASOLINA_ESPECIAL_MAS,DISTRIBUIDORA DE GASOLINA Y LUBRICANTES SAN PABLO S.R.L.,24000.0
2026-09-17,Distrito Comercial La Paz,GASOLINA ESPECIAL + EESS,Gasolina Especial +,GASOLINA_ESPECIAL_MAS,FREDY LIMACHI CHALLCO - EST. SERV. DON LEO,22000.0
2026-09-17,Distrito Comercial La Paz,GASOLINA ESPECIAL + EESS,Gasolina Especial +,GASOLINA_ESPECIAL_MAS,ESTACION DE SERVICIO GASOLINERA CRUCE DE ORO S.R.L.,22000.0
2026-09-17,Distrito Comercial La Paz,GASOLINA ESPECIAL + EESS,Gasolina Especial +,GASOLINA_ESPECIAL_MAS,EST. SERV. SAN MIGUEL-IVAN L.,22000.0
2026-09-17,Distrito Comercial La Paz,GASOLINA ESPECIAL + EESS,Gasolina Especial +,GASOLINA_ESPECIAL_MAS,EST. SERV. RIO MANIQUI - FATIMA FORERO B.,22000.0
2026-09-16,Distrito Comercial La Paz,GASOLINA ESPECIAL + EESS,Gasolina Especial +,GASOLINA_ESPECIAL_MAS,EST. SERV. GASOLCAMP S.R.L.,24000.0
